provider_id,station_id,site_id,charger_id,evse_id,evse_name,port_id,connector_id,session_id,session_start,session_end,session_error,energy_kwh,peak_power_kw,payment_method,payment_other,eMI3 Port id
ChargePoint Network,,,5466441,5466441,7SPC / NASA USSRC R,9079371,3,3229205831,2024-07-13T17:19:33Z,2024-07-13T19:14:23Z,,11.770703,6.2639,membership,Payment by membership account and/or membership card,USCPIE5466441*2
ChargePoint Network,,,13664401,13664401,BTES / STATION 1 (LL),23060421,100011,3245866111,2024-07-21T00:17:08Z,2024-07-21T00:55:49Z,,28.209900,50.784,membership,Payment by membership account and/or membership card,USCPIE13664401*1
ChargePoint Network,,,15684301,15684301,MLEC / STATION 1 (L) W,25280151,247,3210755981,2024-07-04T23:28:56Z,2024-07-04T23:29:43Z,,0.000000,0.0,membership,Payment by membership account and/or membership card,USCPIE15684301*1
ChargePoint Network,,,13664401,13664401,BTES / STATION 1 (LL),23060421,247,3217816611,2024-07-08T21:08:57Z,2024-07-08T22:04:00Z,,0.000000,0.0,membership,Payment by membership account and/or membership card,USCPIE13664401*1
ChargePoint Network,,,13880891,13880891,MU / MUC MAIN OFFICE,23319021,3,3224959051,2024-07-11T18:53:06Z,2024-07-11T19:12:27Z,,2.154688,7.2062,membership,Payment by membership account and/or membership card,USCPIE13880891*2
ChargePoint Network,,,15694081,15694081,BRIGHTRIDGE EV / STATION 2 (R),25291921,247,3233021541,2024-07-15T17:45:44Z,2024-07-15T18:38:06Z,,56.360901,122.43,membership,Payment by membership account and/or membership card,USCPIE15694081*1
ChargePoint Network,,,13861891,13861891,BRMEMC / STATION 2,,,3238539881,2024-07-17T20:49:22Z,2024-07-17T20:51:08Z,,0.000000,,membership,Payment by membership account and/or membership card,USCPIE13861891*0
ChargePoint Network,,,13966811,13966811,BEA / STATION 2 (LM),23420881,247,3254346391,2024-07-24T19:38:08Z,2024-07-24T19:59:06Z,,35.466400,112.783,membership,Payment by membership account and/or membership card,USCPIE13966811*1
ChargePoint Network,,,5122191,5122191,CULLMANELECTRIC / STATION1-L,8482151,247,3203507241,2024-07-01T18:15:02Z,2024-07-01T18:46:18Z,,42.493000,87.958,membership,Payment by membership account and/or membership card,USCPIE5122191*1
ChargePoint Network,,,5565251,5565251,7SPC / SCES LECONTE 3,9205131,3,3210919361,2024-07-05T01:45:45Z,2024-07-05T02:15:32Z,,3.391899,6.9401,membership,Payment by membership account and/or membership card,USCPIE5565251*2
ChargePoint Network,,,5122191,5122191,CULLMANELECTRIC / STATION1-L,8482151,247,3246825941,2024-07-21T17:00:18Z,2024-07-21T17:10:15Z,,12.226900,0.0,credit_card_terminal,Payment via credit card or debit card terminal,USCPIE5122191*1
ChargePoint Network,,,15836871,15836871,TOMBIGBEE / TEPA CHARGER 1,25462501,247,3261605621,2024-07-27T21:50:18Z,2024-07-27T22:15:08Z,,28.618500,74.283,membership,Payment by membership account and/or membership card,USCPIE15836871*1
ChargePoint Network,,,14047321,14047321,JEFFERSON AVE. / OXFORD STA2(R),23514081,247,3260242921,2024-07-27T02:11:23Z,2024-07-27T02:26:23Z,,16.721701,67.964,membership,Payment by membership account and/or membership card,USCPIE14047321*1
ChargePoint Network,,,9677521,9677521,UT PARKING / S7 STATION 1,17169341,3,3230769611,2024-07-14T16:17:02Z,2024-07-14T16:19:01Z,,0.000000,0.0,membership,Payment by membership account and/or membership card,USCPIE9677521*2
ChargePoint Network,,,1988061,1988061,7SPC / SCES DOLLYWOOD,25499841,3,3266911701,2024-07-30T14:15:45Z,2024-07-30T18:32:18Z,,23.812458,7.0462,membership,Payment by membership account and/or membership card,USCPIE1988061*2
ChargePoint Network,,,13606141,13606141,I24 EXIT11 / STATION 1 (LL),22992611,247,3214905641,2024-07-07T11:22:14Z,2024-07-07T11:57:28Z,,31.208300,73.481,membership,Payment by membership account and/or membership card,USCPIE13606141*1
ChargePoint Network,,,15623231,15623231,CLW / 5TH ST 1 (L),,,3212272901,2024-07-05T20:46:11Z,2024-07-05T20:48:12Z,,0.000000,0.0,other,Any other payment method not specified above. Additional description should be provided in Payment Method Description.,USCPIE15623231*0
ChargePoint Network,,,14337501,14337501,HOLSTONELECTRIC / CHURCH HILL-2,23845091,100011,3206352361,2024-07-02T21:48:03Z,2024-07-02T22:36:31Z,,35.875599,52.541,credit_card_terminal,Payment via credit card or debit card terminal,USCPIE14337501*1
ChargePoint Network,,,12720861,12720861,WRECC / STATION 2,21977121,247,3248951531,2024-07-22T16:49:42Z,2024-07-22T17:16:27Z,,39.602501,124.019,membership,Payment by membership account and/or membership card,USCPIE12720861*1
ChargePoint Network,,,5466441,5466441,7SPC / NASA USSRC R,9079371,3,3225267981,2024-07-11T21:01:53Z,2024-07-11T22:36:20Z,,9.613673,6.1815,membership,Payment by membership account and/or membership card,USCPIE5466441*2
ChargePoint Network,,,13026471,13026471,WCMES / CITYHALL2-R,22328331,247,3232602361,2024-07-15T15:01:20Z,2024-07-15T15:54:28Z,,38.082001,73.5,membership,Payment by membership account and/or membership card,USCPIE13026471*1
ChargePoint Network,,,15694081,15694081,BRIGHTRIDGE EV / STATION 2 (R),25291921,247,3229742961,2024-07-13T22:39:48Z,2024-07-13T23:22:48Z,,58.074699,87.599,membership,Payment by membership account and/or membership card,USCPIE15694081*1
ChargePoint Network,,,14355251,14355251,HARTSELLE 1 / STATION 2 (R),23865691,247,3267368871,2024-07-30T16:57:22Z,2024-07-30T17:47:52Z,,28.839199,74.087,credit_card_terminal,Payment via credit card or debit card terminal,USCPIE14355251*1
ChargePoint Network,,,5346231,5346231,CULLMANELECTRIC / STATION2-R,8926271,247,3258813951,2024-07-26T15:20:48Z,2024-07-26T16:19:34Z,,58.330799,65.463,membership,Payment by membership account and/or membership card,USCPIE5346231*1
ChargePoint Network,,,15623231,15623231,CLW / 5TH ST 1 (L),25208301,247,3204460471,2024-07-02T01:51:58Z,2024-07-02T02:38:56Z,,54.761902,73.709,membership,Payment by membership account and/or membership card,USCPIE15623231*1
ChargePoint Network,,,15548181,15548181,DECATURDOWNTWN / STATION 2 (L),25119551,247,3233226101,2024-07-15T19:22:21Z,2024-07-15T20:29:27Z,,95.878601,92.259,membership,Payment by membership account and/or membership card,USCPIE15548181*1
ChargePoint Network,,,13664471,13664471,BTES / STATION 3 (RM),,,3245314511,2024-07-20T19:00:43Z,2024-07-20T19:02:45Z,,0.000000,,membership,Payment by membership account and/or membership card,USCPIE13664471*0
ChargePoint Network,,,5363211,5363211,HARTSELLE 1 / HARTSELLE 1,23427581,3,3254511311,2024-07-24T20:46:01Z,2024-07-24T21:24:23Z,,4.593006,7.356,membership,Payment by membership account and/or membership card,USCPIE5363211*2
ChargePoint Network,,,13861861,13861861,BRMEMC / STATION 1,23296281,247,3263255311,2024-07-28T21:37:25Z,2024-07-28T21:58:58Z,,21.309700,87.271,membership,Payment by membership account and/or membership card,USCPIE13861861*1
ChargePoint Network,,,14025691,14025691,PARIS BPU / STATION 1(L),23489541,100011,3262994871,2024-07-28T19:02:21Z,2024-07-28T19:45:16Z,,4.432800,24.632,credit_card_terminal,Payment via credit card or debit card terminal,USCPIE14025691*1
ChargePoint Network,,,12406491,12406491,FPIA / LEFT STATION,21527781,247,3263156041,2024-07-28T20:40:35Z,2024-07-28T21:03:11Z,,35.234699,123.69,membership,Payment by membership account and/or membership card,USCPIE12406491*1
ChargePoint Network,,,1988141,1988141,7SPC / SCES DREAM MORE,2355571,3,3253209411,2024-07-24T11:15:46Z,2024-07-24T11:16:37Z,,0.000000,0.0,membership,Payment by membership account and/or membership card,USCPIE1988141*2
ChargePoint Network,,,15694081,15694081,BRIGHTRIDGE EV / STATION 2 (R),25291921,247,3230608521,2024-07-14T13:54:03Z,2024-07-14T14:03:50Z,,8.820900,63.282,membership,Payment by membership account and/or membership card,USCPIE15694081*1
ChargePoint Network,,,15250771,15250771,SES-TN / STATION 1,24772691,247,3233588971,2024-07-15T22:00:11Z,2024-07-15T22:19:11Z,,20.439400,75.648,membership,Payment by membership account and/or membership card,USCPIE15250771*1
ChargePoint Network,,,13861861,13861861,BRMEMC / STATION 1,23296281,247,3243153191,2024-07-19T17:49:18Z,2024-07-19T18:40:00Z,,55.246201,75.459,membership,Payment by membership account and/or membership card,USCPIE13861861*1
ChargePoint Network,,,15694081,15694081,BRIGHTRIDGE EV / STATION 2 (R),25291921,247,3216761701,2024-07-08T13:26:16Z,2024-07-08T13:27:21Z,,0.007900,0.0,membership,Payment by membership account and/or membership card,USCPIE15694081*1
ChargePoint Network,,,13423691,13423691,AEC / STATION #1 (L),22787121,247,3230697561,2024-07-14T15:23:03Z,2024-07-14T15:42:33Z,,22.087299,73.108,membership,Payment by membership account and/or membership card,USCPIE13423691*1
ChargePoint Network,,,15836871,15836871,TOMBIGBEE / TEPA CHARGER 1,25462501,247,3210391561,2024-07-04T18:34:24Z,2024-07-04T19:02:08Z,,45.032299,122.706,membership,Payment by membership account and/or membership card,USCPIE15836871*1
ChargePoint Network,,,15694171,15694171,BRIGHTRIDGE EV / STATION 1 (L),25292041,247,3249788841,2024-07-22T23:07:04Z,2024-07-22T23:29:38Z,,24.148100,55.38,membership,Payment by membership account and/or membership card,USCPIE15694171*1
ChargePoint Network,,,13606141,13606141,I24 EXIT11 / STATION 1 (LL),22992611,247,3263358871,2024-07-28T22:35:49Z,2024-07-28T22:36:00Z,,0.000000,0.0,membership,Payment by membership account and/or membership card,USCPIE13606141*1
ChargePoint Network,,,5346231,5346231,CULLMANELECTRIC / STATION2-R,8926271,247,3210395011,2024-07-04T18:37:08Z,2024-07-04T18:52:03Z,,19.461399,82.149,membership,Payment by membership account and/or membership card,USCPIE5346231*1
ChargePoint Network,,,14359531,14359531,EBOFG / STATION 2 (R),23870331,247,3228843201,2024-07-13T12:31:33Z,2024-07-13T13:29:36Z,,51.007198,76.199,membership,Payment by membership account and/or membership card,USCPIE14359531*1
ChargePoint Network,,,13606091,13606091,I24 EXIT11 / STATION 3 (RM),22992551,247,3245346161,2024-07-20T19:20:44Z,2024-07-20T19:21:26Z,,0.000000,0.0,membership,Payment by membership account and/or membership card,USCPIE13606091*1
ChargePoint Network,,,12406491,12406491,FPIA / LEFT STATION,21527781,247,3213235511,2024-07-06T09:49:58Z,2024-07-06T09:52:11Z,,0.000000,0.0,membership,Payment by membership account and/or membership card,USCPIE12406491*1
ChargePoint Network,,,13664401,13664401,BTES / STATION 1 (LL),23060421,247,3257013511,2024-07-25T20:10:32Z,2024-07-25T20:32:52Z,,19.638500,54.515,membership,Payment by membership account and/or membership card,USCPIE13664401*1
ChargePoint Network,,,14047321,14047321,JEFFERSON AVE. / OXFORD STA2(R),,,3251509001,2024-07-23T17:26:29Z,2024-07-23T17:28:29Z,,0.000000,,membership,Payment by membership account and/or membership card,USCPIE14047321*0
ChargePoint Network,,,15729991,15729991,AEC / AEC03,25334171,3,3239851421,2024-07-18T12:08:40Z,2024-07-18T12:49:26Z,,4.911719,7.3862,credit_card_terminal,Payment via credit card or debit card terminal,USCPIE15729991*1
ChargePoint Network,,,12406401,12406401,FPIA / RIGHT STATION,21527671,247,3262581881,2024-07-28T14:04:47Z,2024-07-28T14:05:06Z,,0.000000,0.0,membership,Payment by membership account and/or membership card,USCPIE12406401*1
ChargePoint Network,,,13861891,13861891,BRMEMC / STATION 2,,,3246627741,2024-07-21T14:27:56Z,2024-07-21T14:29:57Z,,0.000000,,membership,Payment by membership account and/or membership card,USCPIE13861891*0
ChargePoint Network,,,14047321,14047321,JEFFERSON AVE. / OXFORD STA2(R),,,3229773711,2024-07-13T22:59:20Z,2024-07-13T22:59:29Z,,0.000000,,membership,Payment by membership account and/or membership card,USCPIE14047321*0
ChargePoint Network,,,5346231,5346231,CULLMANELECTRIC / STATION2-R,8926271,247,3229065781,2024-07-13T15:51:57Z,2024-07-13T15:52:56Z,,0.000000,0.0,membership,Payment by membership account and/or membership card,USCPIE5346231*1
ChargePoint Network,,,13664471,13664471,BTES / STATION 3 (RM),23060511,100011,3206687981,2024-07-03T00:15:17Z,2024-07-03T01:59:05Z,,32.778702,20.242,membership,Payment by membership account and/or membership card,USCPIE13664471*1
ChargePoint Network,,,13861891,13861891,BRMEMC / STATION 2,23296321,247,3245480391,2024-07-20T20:38:14Z,2024-07-20T20:40:19Z,,0.000000,0.0,membership,Payment by membership account and/or membership card,USCPIE13861891*1
ChargePoint Network,,,8851921,8851921,7SPC / SEVIERVILLE DC1,15571271,207,3267249401,2024-07-30T16:12:25Z,2024-07-30T17:15:56Z,,50.945900,59.669,membership,Payment by membership account and/or membership card,USCPIE8851921*1
ChargePoint Network,,,15836871,15836871,TOMBIGBEE / TEPA CHARGER 1,25462501,247,3224372841,2024-07-11T14:59:56Z,2024-07-11T15:26:05Z,,35.104599,85.847,membership,Payment by membership account and/or membership card,USCPIE15836871*1
ChargePoint Network,,,5346231,5346231,CULLMANELECTRIC / STATION2-R,8926271,247,3261526051,2024-07-27T21:03:41Z,2024-07-27T21:04:26Z,,0.000000,0.0,membership,Payment by membership account and/or membership card,USCPIE5346231*1
ChargePoint Network,,,12460751,12460751,PES / LEFT STATION,22360171,215,3267828631,2024-07-30T20:22:55Z,2024-07-31T12:40:11Z,,27.681499,7.6938,membership,Payment by membership account and/or membership card,USCPIE12460751*1
ChargePoint Network,,,15885151,15885151,TWICKENHAM SQ / HU - STATION 2,25520801,247,3228036151,2024-07-12T23:46:56Z,2024-07-13T00:07:06Z,,16.092600,74.684,membership,Payment by membership account and/or membership card,USCPIE15885151*1
ChargePoint Network,,,15332351,15332351,TUA NW ATLANTIC / STATION 2 (R),24867891,247,3249620071,2024-07-22T21:53:29Z,2024-07-22T22:54:31Z,,51.584000,69.93,membership,Payment by membership account and/or membership card,USCPIE15332351*1
ChargePoint Network,,,5346231,5346231,CULLMANELECTRIC / STATION2-R,8926271,247,3210391531,2024-07-04T18:34:09Z,2024-07-04T18:35:56Z,,0.000000,0.0,membership,Payment by membership account and/or membership card,USCPIE5346231*1
ChargePoint Network,,,15280441,15280441,SPRFLD ELECTRIC / STATION 2 (R),24807641,247,3209763731,2024-07-04T05:50:03Z,2024-07-04T08:28:03Z,,56.814800,54.611,membership,Payment by membership account and/or membership card,USCPIE15280441*1
ChargePoint Network,,,15694171,15694171,BRIGHTRIDGE EV / STATION 1 (L),25292041,247,3245362791,2024-07-20T19:30:48Z,2024-07-20T20:09:33Z,,32.765202,76.832,membership,Payment by membership account and/or membership card,USCPIE15694171*1
ChargePoint Network,,,5122191,5122191,CULLMANELECTRIC / STATION1-L,8482151,247,3265233031,2024-07-29T19:35:18Z,2024-07-29T19:44:35Z,,7.887700,0.0,membership,Payment by membership account and/or membership card,USCPIE5122191*1
ChargePoint Network,,,1964521,1964521,EBOFG / GUNTERSVILLE PD,8374211,3,3218174191,2024-07-08T23:56:12Z,2024-07-08T23:57:01Z,,0.005336,2.7117,membership,Payment by membership account and/or membership card,USCPIE1964521*2
ChargePoint Network,,,15885771,15885771,TWICKENHAM SQ / HU - STATION 4,25521581,247,3246544891,2024-07-21T12:49:19Z,2024-07-21T13:04:46Z,,9.012600,58.872,membership,Payment by membership account and/or membership card,USCPIE15885771*1
ChargePoint Network,,,15885151,15885151,TWICKENHAM SQ / HU - STATION 2,25520801,247,3256615291,2024-07-25T17:16:28Z,2024-07-25T17:59:58Z,,51.859600,87.665,membership,Payment by membership account and/or membership card,USCPIE15885151*1
ChargePoint Network,,,13606061,13606061,I24 EXIT11 / STATION 4 (RR),22992511,247,3245341681,2024-07-20T19:18:26Z,2024-07-20T19:18:54Z,,0.000000,0.0,membership,Payment by membership account and/or membership card,USCPIE13606061*1
ChargePoint Network,,,15332321,15332321,TUA NW ATLANTIC / STATION 1 (L),24867861,247,3227329541,2024-07-12T18:16:26Z,2024-07-12T18:17:57Z,,0.000000,0.0,other,Any other payment method not specified above. Additional description should be provided in Payment Method Description.,USCPIE15332321*1
ChargePoint Network,,,14355251,14355251,HARTSELLE 1 / STATION 2 (R),23865691,247,3234574441,2024-07-16T10:37:59Z,2024-07-16T10:52:19Z,,15.064300,67.767,membership,Payment by membership account and/or membership card,USCPIE14355251*1
ChargePoint Network,,,15332321,15332321,TUA NW ATLANTIC / STATION 1 (L),24867861,247,3209791951,2024-07-04T06:19:59Z,2024-07-04T08:05:32Z,,85.276497,74.294,membership,Payment by membership account and/or membership card,USCPIE15332321*1
ChargePoint Network,,,1921351,1921351,STARKVILLE UTIL / STARKVILLE DWTN,23682581,3,3231803501,2024-07-15T02:47:55Z,2024-07-15T17:04:38Z,,52.614433,7.2392,credit_card_terminal,Payment via credit card or debit card terminal,USCPIE1921351*2
ChargePoint Network,,,15260251,15260251,STEMC / STATION 2 (R) A,24784081,247,3215320791,2024-07-07T18:09:12Z,2024-07-07T18:53:47Z,,54.395000,123.845,membership,Payment by membership account and/or membership card,USCPIE15260251*1
ChargePoint Network,,,5346231,5346231,CULLMANELECTRIC / STATION2-R,8926271,247,3238557351,2024-07-17T20:57:40Z,2024-07-17T20:59:22Z,,0.000000,0.0,membership,Payment by membership account and/or membership card,USCPIE5346231*1
ChargePoint Network,,,14047321,14047321,JEFFERSON AVE. / OXFORD STA2(R),23514081,247,3256278041,2024-07-25T15:16:49Z,2024-07-25T15:44:42Z,,9.705800,29.718,membership,Payment by membership account and/or membership card,USCPIE14047321*1
ChargePoint Network,,,5346231,5346231,CULLMANELECTRIC / STATION2-R,8926271,247,3262821671,2024-07-28T17:16:32Z,2024-07-28T17:42:27Z,,45.062599,115.961,membership,Payment by membership account and/or membership card,USCPIE5346231*1
ChargePoint Network,,,15250771,15250771,SES-TN / STATION 1,,,3233439521,2024-07-15T20:53:11Z,2024-07-15T20:55:12Z,,0.000000,,membership,Payment by membership account and/or membership card,USCPIE15250771*0
ChargePoint Network,,,15694171,15694171,BRIGHTRIDGE EV / STATION 1 (L),25292041,247,3245358951,2024-07-20T19:27:56Z,2024-07-20T19:30:16Z,,0.000000,0.0,membership,Payment by membership account and/or membership card,USCPIE15694171*1
ChargePoint Network,,,13606061,13606061,I24 EXIT11 / STATION 4 (RR),22992511,247,3261392761,2024-07-27T19:44:55Z,2024-07-27T19:52:10Z,,7.204800,0.0,membership,Payment by membership account and/or membership card,USCPIE13606061*1
ChargePoint Network,,,15640171,15640171,NECDC / STATION 2 (R),25228711,247,3203491111,2024-07-01T18:06:45Z,2024-07-01T18:19:28Z,,11.169300,56.784,membership,Payment by membership account and/or membership card,USCPIE15640171*1
ChargePoint Network,,,1988141,1988141,7SPC / SCES DREAM MORE,2355561,3,3222800141,2024-07-10T21:34:18Z,2024-07-11T01:53:32Z,,22.187937,7.2201,membership,Payment by membership account and/or membership card,USCPIE1988141*1
ChargePoint Network,,,15623231,15623231,CLW / 5TH ST 1 (L),25208301,247,3250680801,2024-07-23T11:37:47Z,2024-07-23T12:19:40Z,,42.297798,75.464,membership,Payment by membership account and/or membership card,USCPIE15623231*1
ChargePoint Network,,,5354011,5354011,7SPC / GREENEVILLE TA,8936791,207,3246925461,2024-07-21T18:02:59Z,2024-07-21T19:08:30Z,,57.831001,58.904,membership,Payment by membership account and/or membership card,USCPIE5354011*1
ChargePoint Network,,,12754021,12754021,WCMES / CITYHALL1-L,22015241,247,3217132451,2024-07-08T16:00:11Z,2024-07-08T16:00:53Z,,0.001700,0.0,credit_card_terminal,Payment via credit card or debit card terminal,USCPIE12754021*1
ChargePoint Network,,,15694081,15694081,BRIGHTRIDGE EV / STATION 2 (R),25291921,247,3261191081,2024-07-27T17:46:59Z,2024-07-27T18:28:51Z,,44.154999,74.646,membership,Payment by membership account and/or membership card,USCPIE15694081*1
ChargePoint Network,,,13606061,13606061,I24 EXIT11 / STATION 4 (RR),22992511,247,3226521541,2024-07-12T11:40:30Z,2024-07-12T12:19:45Z,,41.073502,75.041,membership,Payment by membership account and/or membership card,USCPIE13606061*1
ChargePoint Network,,,12406491,12406491,FPIA / LEFT STATION,21527781,247,3211810031,2024-07-05T16:36:07Z,2024-07-05T16:37:51Z,,0.006800,0.0,membership,Payment by membership account and/or membership card,USCPIE12406491*1
ChargePoint Network,,,5122191,5122191,CULLMANELECTRIC / STATION1-L,8482151,247,3259294051,2024-07-26T18:42:36Z,2024-07-26T19:06:57Z,,20.188299,54.682,membership,Payment by membership account and/or membership card,USCPIE5122191*1
ChargePoint Network,,,5346231,5346231,CULLMANELECTRIC / STATION2-R,8926271,247,3243811891,2024-07-19T22:46:23Z,2024-07-19T23:42:04Z,,58.165798,75.056,membership,Payment by membership account and/or membership card,USCPIE5346231*1
ChargePoint Network,,,15694081,15694081,BRIGHTRIDGE EV / STATION 2 (R),25291921,100011,3203296471,2024-07-01T16:34:07Z,2024-07-01T16:36:25Z,,0.000000,0.0,membership,Payment by membership account and/or membership card,USCPIE15694081*1
ChargePoint Network,,,15260251,15260251,STEMC / STATION 2 (R) A,24784081,247,3212945871,2024-07-06T03:15:31Z,2024-07-06T03:20:10Z,,0.000000,0.0,membership,Payment by membership account and/or membership card,USCPIE15260251*1
ChargePoint Network,,,12406491,12406491,FPIA / LEFT STATION,21527781,247,3266007301,2024-07-30T01:23:21Z,2024-07-30T01:24:47Z,,0.000000,0.0,membership,Payment by membership account and/or membership card,USCPIE12406491*1
ChargePoint Network,,,5466441,5466441,7SPC / NASA USSRC R,9079371,3,3242688811,2024-07-19T14:40:22Z,2024-07-19T17:06:58Z,,15.062447,6.2802,membership,Payment by membership account and/or membership card,USCPIE5466441*2
ChargePoint Network,,,13606121,13606121,I24 EXIT11 / STATION 2 (LM),22992591,247,3213777071,2024-07-06T18:43:08Z,2024-07-06T19:08:22Z,,32.167000,82.208,membership,Payment by membership account and/or membership card,USCPIE13606121*1
ChargePoint Network,,,15332351,15332351,TUA NW ATLANTIC / STATION 2 (R),24867891,247,3223716041,2024-07-11T05:20:50Z,2024-07-11T06:18:58Z,,65.587097,73.526,membership,Payment by membership account and/or membership card,USCPIE15332351*1
ChargePoint Network,,,5346231,5346231,CULLMANELECTRIC / STATION2-R,8926271,247,3212133771,2024-07-05T19:32:53Z,2024-07-05T20:10:41Z,,51.481400,85.891,membership,Payment by membership account and/or membership card,USCPIE5346231*1
ChargePoint Network,,,1932851,1932851,BRIGHTRIDGE EV / BR-JC LIBRARY,23319811,3,3243588981,2024-07-19T21:04:53Z,2024-07-20T01:13:07Z,,30.827019,7.5085,membership,Payment by membership account and/or membership card,USCPIE1932851*1
ChargePoint Network,,,1988061,1988061,7SPC / SCES DOLLYWOOD,25499831,3,3260950911,2024-07-27T15:12:00Z,2024-07-28T02:18:53Z,,13.233305,6.6268,credit_card_terminal,Payment via credit card or debit card terminal,USCPIE1988061*1
ChargePoint Network,,,13966811,13966811,BEA / STATION 2 (LM),23420881,247,3208479771,2024-07-03T19:04:46Z,2024-07-03T19:25:01Z,,21.699600,86.763,membership,Payment by membership account and/or membership card,USCPIE13966811*1
ChargePoint Network,,,8851921,8851921,7SPC / SEVIERVILLE DC1,15571271,207,3242148281,2024-07-19T05:45:57Z,2024-07-19T06:05:09Z,,10.888100,53.361,membership,Payment by membership account and/or membership card,USCPIE8851921*1
ChargePoint Network,,,15548151,15548151,DECATURDOWNTWN / STATION 1 (R),25119511,247,3245975661,2024-07-21T01:21:15Z,2024-07-21T02:44:13Z,,61.045799,65.129,credit_card_terminal,Payment via credit card or debit card terminal,USCPIE15548151*1
ChargePoint Network,,,5619801,5619801,7SPC / WARREN RECC BG,25687261,3,3247463851,2024-07-21T23:12:51Z,2024-07-22T00:25:14Z,,7.509852,6.2948,membership,Payment by membership account and/or membership card,USCPIE5619801*2
ChargePoint Network,,,5525971,5525971,7SPC / SPARTA TN,9154681,3,3265854341,2024-07-30T00:12:24Z,2024-07-30T00:46:41Z,,3.869553,6.9294,membership,Payment by membership account and/or membership card,USCPIE5525971*1
ChargePoint Network,,,5346231,5346231,CULLMANELECTRIC / STATION2-R,8926271,247,3245695501,2024-07-20T22:41:26Z,2024-07-20T22:42:43Z,,0.000000,0.0,membership,Payment by membership account and/or membership card,USCPIE5346231*1
ChargePoint Network,,,14337221,14337221,HOLSTONELECTRIC / CHURCH HILL-1,23844801,100011,3256556911,2024-07-25T16:51:11Z,2024-07-25T17:15:29Z,,19.531799,53.2,credit_card_terminal,Payment via credit card or debit card terminal,USCPIE14337221*1
ChargePoint Network,,,13606091,13606091,I24 EXIT11 / STATION 3 (RM),22992551,247,3264874141,2024-07-29T16:45:58Z,2024-07-29T17:17:07Z,,10.013300,49.013,membership,Payment by membership account and/or membership card,USCPIE13606091*1
ChargePoint Network,,,14047321,14047321,JEFFERSON AVE. / OXFORD STA2(R),23514081,247,3238645631,2024-07-17T21:36:25Z,2024-07-17T23:05:36Z,,82.166000,66.3,membership,Payment by membership account and/or membership card,USCPIE14047321*1
ChargePoint Network,,,15815141,15815141,GEA-1 / STATION 1 (L),,,3257261721,2024-07-25T21:53:23Z,2024-07-25T21:55:40Z,,0.000000,,credit_card_terminal,Payment via credit card or debit card terminal,USCPIE15815141*0
ChargePoint Network,,,13966031,13966031,BEA / STATION 4 (RR),23419961,100011,3267926961,2024-07-30T21:04:55Z,2024-07-30T21:32:04Z,,17.206499,53.405,membership,Payment by membership account and/or membership card,USCPIE13966031*1
ChargePoint Network,,,15548181,15548181,DECATURDOWNTWN / STATION 2 (L),25119551,247,3263657131,2024-07-29T01:21:45Z,2024-07-29T01:52:01Z,,29.141300,66.665,membership,Payment by membership account and/or membership card,USCPIE15548181*1
ChargePoint Network,,,13606141,13606141,I24 EXIT11 / STATION 1 (LL),22992611,247,3222948451,2024-07-10T22:38:46Z,2024-07-10T22:39:27Z,,0.000000,0.0,membership,Payment by membership account and/or membership card,USCPIE13606141*1
ChargePoint Network,,,13861861,13861861,BRMEMC / STATION 1,23296281,247,3224099911,2024-07-11T13:02:05Z,2024-07-11T13:18:42Z,,20.801600,81.732,credit_card_terminal,Payment via credit card or debit card terminal,USCPIE13861861*1
ChargePoint Network,,,14047321,14047321,JEFFERSON AVE. / OXFORD STA2(R),23514081,247,3244808871,2024-07-20T13:16:14Z,2024-07-20T13:45:07Z,,31.556499,76.83,membership,Payment by membership account and/or membership card,USCPIE14047321*1
ChargePoint Network,,,5122191,5122191,CULLMANELECTRIC / STATION1-L,8482151,247,3245650081,2024-07-20T22:15:08Z,2024-07-20T22:17:08Z,,0.000000,0.0,membership,Payment by membership account and/or membership card,USCPIE5122191*1
ChargePoint Network,,,8851921,8851921,7SPC / SEVIERVILLE DC1,15571271,207,3204996061,2024-07-02T11:43:39Z,2024-07-02T12:15:11Z,,21.936001,57.986,membership,Payment by membership account and/or membership card,USCPIE8851921*1
ChargePoint Network,,,15623231,15623231,CLW / 5TH ST 1 (L),25208301,247,3214052691,2024-07-06T21:32:52Z,2024-07-06T21:45:37Z,,6.614500,75.388,membership,Payment by membership account and/or membership card,USCPIE15623231*1
ChargePoint Network,,,15815141,15815141,GEA-1 / STATION 1 (L),25435121,247,3215836951,2024-07-07T23:13:08Z,2024-07-07T23:46:55Z,,33.542500,61.388,membership,Payment by membership account and/or membership card,USCPIE15815141*1
ChargePoint Network,,,5363211,5363211,HARTSELLE 1 / HARTSELLE 1,23427581,3,3213459271,2024-07-06T15:11:57Z,2024-07-06T18:48:10Z,,25.425970,7.1075,membership,Payment by membership account and/or membership card,USCPIE5363211*2
ChargePoint Network,,,12754021,12754021,WCMES / CITYHALL1-L,22015241,247,3210179741,2024-07-04T15:51:33Z,2024-07-04T15:52:05Z,,0.000000,0.0,credit_card_terminal,Payment via credit card or debit card terminal,USCPIE12754021*1
ChargePoint Network,,,13606091,13606091,I24 EXIT11 / STATION 3 (RM),22992551,247,3250117891,2024-07-23T01:45:13Z,2024-07-23T02:05:14Z,,30.742201,124.815,membership,Payment by membership account and/or membership card,USCPIE13606091*1
ChargePoint Network,,,9677521,9677521,UT PARKING / S7 STATION 1,17169331,3,3230890551,2024-07-14T17:40:42Z,2024-07-14T21:14:31Z,,13.769673,3.9324,membership,Payment by membership account and/or membership card,USCPIE9677521*1
ChargePoint Network,,,13606061,13606061,I24 EXIT11 / STATION 4 (RR),22992511,247,3220819961,2024-07-10T01:16:13Z,2024-07-10T01:17:15Z,,0.000000,0.0,membership,Payment by membership account and/or membership card,USCPIE13606061*1
ChargePoint Network,,,12989161,12989161,BTES / CITY HALL,22285821,3,3259746511,2024-07-26T22:04:11Z,2024-07-27T00:36:56Z,,17.631861,7.0306,membership,Payment by membership account and/or membership card,USCPIE12989161*2
ChargePoint Network,,,12989161,12989161,BTES / CITY HALL,22285821,3,3215267841,2024-07-07T17:35:45Z,2024-07-07T19:05:49Z,,10.090967,6.7686,membership,Payment by membership account and/or membership card,USCPIE12989161*2
ChargePoint Network,,,15836981,15836981,TOMBIGBEE / TEPA CHARGER 2,25462651,247,3249780281,2024-07-22T23:03:09Z,2024-07-22T23:06:43Z,,0.000000,0.0,membership,Payment by membership account and/or membership card,USCPIE15836981*1
ChargePoint Network,,,1844191,1844191,CLW / MAIN ST,23050431,3,3222915171,2024-07-10T22:24:07Z,2024-07-11T00:56:35Z,,17.521166,7.0038,membership,Payment by membership account and/or membership card,USCPIE1844191*1
ChargePoint Network,,,7505851,7505851,JEFFERSON AVE. / OXFORD STA1(L),12955471,100011,3202389461,2024-07-01T04:01:06Z,2024-07-01T04:28:47Z,,10.067700,49.375,membership,Payment by membership account and/or membership card,USCPIE7505851*1
ChargePoint Network,,,5346231,5346231,CULLMANELECTRIC / STATION2-R,8926271,247,3256795631,2024-07-25T18:40:42Z,2024-07-25T19:24:05Z,,47.804798,75.056,membership,Payment by membership account and/or membership card,USCPIE5346231*1
ChargePoint Network,,,15332351,15332351,TUA NW ATLANTIC / STATION 2 (R),24867891,247,3246834711,2024-07-21T17:05:52Z,2024-07-21T17:10:17Z,,2.492600,0.0,membership,Payment by membership account and/or membership card,USCPIE15332351*1
ChargePoint Network,,,13643801,13643801,PEPA / STATION 2,23036481,247,3258477811,2024-07-26T12:39:39Z,2024-07-26T12:53:43Z,,25.739500,113.805,membership,Payment by membership account and/or membership card,USCPIE13643801*1
ChargePoint Network,,,15640171,15640171,NECDC / STATION 2 (R),25228711,247,3205146471,2024-07-02T13:12:08Z,2024-07-02T13:31:47Z,,22.834000,74.466,membership,Payment by membership account and/or membership card,USCPIE15640171*1
ChargePoint Network,,,1844191,1844191,CLW / MAIN ST,23050431,3,3203908341,2024-07-01T21:26:05Z,2024-07-02T03:08:54Z,,35.899406,7.2372,credit_card_terminal,Payment via credit card or debit card terminal,USCPIE1844191*1
ChargePoint Network,,,15742641,15742641,GEA-1 / STATION 2 (R),25349301,247,3205875651,2024-07-02T18:19:08Z,2024-07-02T18:43:06Z,,19.820299,51.743,credit_card_terminal,Payment via credit card or debit card terminal,USCPIE15742641*1
ChargePoint Network,,,13659831,13659831,LAWRENCEBURG / STATION 1 (L),23054881,247,3211871251,2024-07-05T17:09:18Z,2024-07-05T17:45:17Z,,39.568298,76.635,membership,Payment by membership account and/or membership card,USCPIE13659831*1
ChargePoint Network,,,15332321,15332321,TUA NW ATLANTIC / STATION 1 (L),24867861,247,3229200141,2024-07-13T17:15:49Z,2024-07-13T18:58:17Z,,41.222401,54.096,membership,Payment by membership account and/or membership card,USCPIE15332321*1
ChargePoint Network,,,5354011,5354011,7SPC / GREENEVILLE TA,8936791,207,3225698871,2024-07-12T00:08:24Z,2024-07-12T00:44:25Z,,15.886600,27.027,credit_card_terminal,Payment via credit card or debit card terminal,USCPIE5354011*1
ChargePoint Network,,,1988141,1988141,7SPC / SCES DREAM MORE,2355561,3,3223940031,2024-07-11T11:23:03Z,2024-07-11T13:53:22Z,,17.325918,7.0838,membership,Payment by membership account and/or membership card,USCPIE1988141*1
ChargePoint Network,,,5619801,5619801,7SPC / WARREN RECC BG,25687261,3,3241963271,2024-07-19T03:27:32Z,2024-07-19T07:47:49Z,,25.739664,6.2851,membership,Payment by membership account and/or membership card,USCPIE5619801*2
ChargePoint Network,,,15332321,15332321,TUA NW ATLANTIC / STATION 1 (L),24867861,247,3244875731,2024-07-20T14:17:47Z,2024-07-20T14:59:16Z,,24.067400,46.481,membership,Payment by membership account and/or membership card,USCPIE15332321*1
ChargePoint Network,,,5354011,5354011,7SPC / GREENEVILLE TA,8936791,207,3224257321,2024-07-11T14:16:16Z,2024-07-11T14:31:59Z,,6.644100,30.722,membership,Payment by membership account and/or membership card,USCPIE5354011*1
ChargePoint Network,,,15836871,15836871,TOMBIGBEE / TEPA CHARGER 1,25462501,247,3210204091,2024-07-04T16:11:29Z,2024-07-04T16:33:50Z,,25.559200,72.863,other,Any other payment method not specified above. Additional description should be provided in Payment Method Description.,USCPIE15836871*1
ChargePoint Network,,,5625391,5625391,7SPC / VEC JAMESTOWN,9280961,3,3249071761,2024-07-22T17:44:58Z,2024-07-22T20:18:39Z,,17.988142,7.0861,membership,Payment by membership account and/or membership card,USCPIE5625391*1
ChargePoint Network,,,13659831,13659831,LAWRENCEBURG / STATION 1 (L),23054881,247,3221457041,2024-07-10T11:45:04Z,2024-07-10T12:00:30Z,,28.231800,122.737,membership,Payment by membership account and/or membership card,USCPIE13659831*1
ChargePoint Network,,,15640031,15640031,NECDC / STATION 1 (L),25228511,247,3251748741,2024-07-23T19:18:13Z,2024-07-23T20:15:28Z,,86.116997,101.232,membership,Payment by membership account and/or membership card,USCPIE15640031*1
ChargePoint Network,,,7173851,7173851,SCOTTSBORO EPB / MAIN OFFICE,12310871,3,3213026361,2024-07-06T04:07:03Z,2024-07-06T04:12:16Z,,0.418877,,credit_card_terminal,Payment via credit card or debit card terminal,USCPIE7173851*2
ChargePoint Network,,,12720861,12720861,WRECC / STATION 2,21977121,100011,3267875511,2024-07-30T20:43:12Z,2024-07-30T21:22:13Z,,22.794500,54.348,membership,Payment by membership account and/or membership card,USCPIE12720861*1
ChargePoint Network,,,12406401,12406401,FPIA / RIGHT STATION,21527671,247,3256008151,2024-07-25T13:29:28Z,2024-07-25T13:43:40Z,,16.073500,74.099,membership,Payment by membership account and/or membership card,USCPIE12406401*1
ChargePoint Network,,,5122191,5122191,CULLMANELECTRIC / STATION1-L,8482151,247,3227400301,2024-07-12T18:50:42Z,2024-07-12T18:53:11Z,,2.640000,0.0,membership,Payment by membership account and/or membership card,USCPIE5122191*1
ChargePoint Network,,,13423691,13423691,AEC / STATION #1 (L),22787121,247,3221808841,2024-07-10T14:45:27Z,2024-07-10T15:17:19Z,,22.741501,54.911,membership,Payment by membership account and/or membership card,USCPIE13423691*1
ChargePoint Network,,,15684341,15684341,MLEC / STATION 2 (R) W,25280201,247,3210785151,2024-07-04T23:55:10Z,2024-07-04T23:57:19Z,,0.000000,0.0,membership,Payment by membership account and/or membership card,USCPIE15684341*1
ChargePoint Network,,,12754021,12754021,WCMES / CITYHALL1-L,22015241,247,3210180941,2024-07-04T15:52:38Z,2024-07-04T16:47:43Z,,42.485600,76.635,credit_card_terminal,Payment via credit card or debit card terminal,USCPIE12754021*1
ChargePoint Network,,,5565241,5565241,7SPC / SCES LECONTE 4,9205101,3,3230104651,2024-07-14T02:15:50Z,2024-07-14T02:44:24Z,,3.079726,6.5389,membership,Payment by membership account and/or membership card,USCPIE5565241*1
ChargePoint Network,,,5466441,5466441,7SPC / NASA USSRC R,9079361,3,3215136541,2024-07-07T16:07:02Z,2024-07-07T16:07:11Z,,0.000000,,membership,Payment by membership account and/or membership card,USCPIE5466441*1
ChargePoint Network,,,15250771,15250771,SES-TN / STATION 1,24772691,247,3233678401,2024-07-15T22:37:58Z,2024-07-15T22:53:11Z,,17.969200,73.304,membership,Payment by membership account and/or membership card,USCPIE15250771*1
ChargePoint Network,,,15623211,15623211,CLW / 5TH ST 2 (R),25208281,247,3212209731,2024-07-05T20:12:44Z,2024-07-05T20:14:18Z,,0.000000,0.0,credit_card_terminal,Payment via credit card or debit card terminal,USCPIE15623211*1
ChargePoint Network,,,13861861,13861861,BRMEMC / STATION 1,23296281,247,3215094651,2024-07-07T15:35:51Z,2024-07-07T15:37:08Z,,0.000000,0.0,credit_card_terminal,Payment via credit card or debit card terminal,USCPIE13861861*1
ChargePoint Network,,,15694081,15694081,BRIGHTRIDGE EV / STATION 2 (R),25291921,247,3203984261,2024-07-01T22:01:16Z,2024-07-01T22:21:04Z,,31.339800,121.367,membership,Payment by membership account and/or membership card,USCPIE15694081*1
ChargePoint Network,,,14097801,14097801,SCOTTSBORO EPB / SEPB DCFC (L),23570921,247,3221929891,2024-07-10T15:28:58Z,2024-07-10T16:03:34Z,,37.725101,72.15,membership,Payment by membership account and/or membership card,USCPIE14097801*1
ChargePoint Network,,,13643831,13643831,PEPA / STATION 1,23036511,247,3248984381,2024-07-22T17:03:20Z,2024-07-22T18:02:15Z,,79.440804,97.79,membership,Payment by membership account and/or membership card,USCPIE13643831*1
ChargePoint Network,,,5346231,5346231,CULLMANELECTRIC / STATION2-R,8926271,247,3245617901,2024-07-20T21:57:28Z,2024-07-20T22:37:31Z,,44.493500,75.0,membership,Payment by membership account and/or membership card,USCPIE5346231*1
ChargePoint Network,,,15694081,15694081,BRIGHTRIDGE EV / STATION 2 (R),25291921,247,3259554771,2024-07-26T20:37:37Z,2024-07-26T21:24:51Z,,19.698400,70.839,membership,Payment by membership account and/or membership card,USCPIE15694081*1
ChargePoint Network,,,15640171,15640171,NECDC / STATION 2 (R),25228711,247,3202430131,2024-07-01T04:42:50Z,2024-07-01T05:12:50Z,,35.062500,72.269,membership,Payment by membership account and/or membership card,USCPIE15640171*1
ChargePoint Network,,,14097801,14097801,SCOTTSBORO EPB / SEPB DCFC (L),23570921,247,3203088381,2024-07-01T15:15:59Z,2024-07-01T16:26:29Z,,86.253601,104.727,membership,Payment by membership account and/or membership card,USCPIE14097801*1
ChargePoint Network,,,15694081,15694081,BRIGHTRIDGE EV / STATION 2 (R),25291921,247,3211187251,2024-07-05T05:00:26Z,2024-07-05T05:38:38Z,,42.191898,74.027,membership,Payment by membership account and/or membership card,USCPIE15694081*1
ChargePoint Network,,,1988061,1988061,7SPC / SCES DOLLYWOOD,25499831,3,3262905071,2024-07-28T18:08:47Z,2024-07-28T20:40:02Z,,17.958595,7.2366,membership,Payment by membership account and/or membership card,USCPIE1988061*1
ChargePoint Network,,,13643801,13643801,PEPA / STATION 2,23036481,247,3226108811,2024-07-12T03:17:18Z,2024-07-12T03:49:41Z,,36.392502,74.466,membership,Payment by membership account and/or membership card,USCPIE13643801*1
ChargePoint Network,,,7505851,7505851,JEFFERSON AVE. / OXFORD STA1(L),12955471,247,3254658471,2024-07-24T21:47:42Z,2024-07-24T22:01:15Z,,10.420000,52.687,membership,Payment by membership account and/or membership card,USCPIE7505851*1
ChargePoint Network,,,12460751,12460751,PES / LEFT STATION,22360171,215,3208704321,2024-07-03T20:37:31Z,2024-07-05T14:09:10Z,,34.739799,7.7165,membership,Payment by membership account and/or membership card,USCPIE12460751*1
ChargePoint Network,,,15885771,15885771,TWICKENHAM SQ / HU - STATION 4,25521581,247,3208388001,2024-07-03T18:24:59Z,2024-07-03T18:25:20Z,,0.000000,0.0,membership,Payment by membership account and/or membership card,USCPIE15885771*1
ChargePoint Network,,,1988061,1988061,7SPC / SCES DOLLYWOOD,25499841,3,3242828191,2024-07-19T15:37:30Z,2024-07-19T20:28:18Z,,34.860058,7.3279,membership,Payment by membership account and/or membership card,USCPIE1988061*2
ChargePoint Network,,,5346231,5346231,CULLMANELECTRIC / STATION2-R,8926271,247,3259285031,2024-07-26T18:38:25Z,2024-07-26T19:23:23Z,,30.320499,73.678,phone_online,"Payment through mobile app, website, automated phone number or messaging system",USCPIE5346231*1
ChargePoint Network,,,5445161,5445161,7SPC / UC - LIVINGSTON,9052351,3,3214327561,2024-07-07T00:24:10Z,2024-07-07T15:48:25Z,,64.140411,7.1205,membership,Payment by membership account and/or membership card,USCPIE5445161*2
ChargePoint Network,,,5565241,5565241,7SPC / SCES LECONTE 4,9205111,3,3213583871,2024-07-06T16:40:27Z,2024-07-06T18:13:15Z,,4.998856,3.7621,membership,Payment by membership account and/or membership card,USCPIE5565241*2
ChargePoint Network,,,12460751,12460751,PES / LEFT STATION,22360171,215,3225255201,2024-07-11T20:56:25Z,2024-07-12T12:06:38Z,,37.890400,7.7536,membership,Payment by membership account and/or membership card,USCPIE12460751*1
ChargePoint Network,,,13664471,13664471,BTES / STATION 3 (RM),23060511,247,3213518841,2024-07-06T15:57:27Z,2024-07-06T16:07:38Z,,11.717900,74.226,credit_card_terminal,Payment via credit card or debit card terminal,USCPIE13664471*1
ChargePoint Network,,,15332321,15332321,TUA NW ATLANTIC / STATION 1 (L),24867861,247,3253608591,2024-07-24T14:45:09Z,2024-07-24T15:32:15Z,,54.820999,77.027,credit_card_terminal,Payment via credit card or debit card terminal,USCPIE15332321*1
ChargePoint Network,,,5384781,5384781,7SPC / TRI-COUNTY EMC,9273701,3,3208903821,2024-07-03T22:03:43Z,2024-07-04T00:00:38Z,,14.217445,7.3567,membership,Payment by membership account and/or membership card,USCPIE5384781*2
ChargePoint Network,,,13966031,13966031,BEA / STATION 4 (RR),23419961,247,3220672221,2024-07-10T00:13:01Z,2024-07-10T00:46:04Z,,29.525400,73.481,membership,Payment by membership account and/or membership card,USCPIE13966031*1
ChargePoint Network,,,8851921,8851921,7SPC / SEVIERVILLE DC1,15571271,207,3251871851,2024-07-23T20:09:09Z,2024-07-23T20:47:07Z,,33.868599,57.833,membership,Payment by membership account and/or membership card,USCPIE8851921*1
ChargePoint Network,,,15742641,15742641,GEA-1 / STATION 2 (R),25349301,247,3240411871,2024-07-18T16:05:29Z,2024-07-18T16:38:41Z,,24.613501,45.599,membership,Payment by membership account and/or membership card,USCPIE15742641*1
ChargePoint Network,,,13966031,13966031,BEA / STATION 4 (RR),23419961,247,3268213371,2024-07-30T23:04:56Z,2024-07-30T23:11:15Z,,6.632000,0.0,membership,Payment by membership account and/or membership card,USCPIE13966031*1
ChargePoint Network,,,15885251,15885251,TWICKENHAM SQ / HU - STATION 1,25520941,100011,3222253331,2024-07-10T17:30:51Z,2024-07-10T17:47:13Z,,7.602400,48.462,credit_card_terminal,Payment via credit card or debit card terminal,USCPIE15885251*1
ChargePoint Network,,,8851921,8851921,7SPC / SEVIERVILLE DC1,,,3248444411,2024-07-22T13:29:00Z,2024-07-22T13:31:01Z,,0.000000,0.0,other,Any other payment method not specified above. Additional description should be provided in Payment Method Description.,USCPIE8851921*0
ChargePoint Network,,,15885771,15885771,TWICKENHAM SQ / HU - STATION 4,25521581,247,3223202311,2024-07-11T00:32:08Z,2024-07-11T00:54:15Z,,26.090200,76.44,credit_card_terminal,Payment via credit card or debit card terminal,USCPIE15885771*1
ChargePoint Network,,,13659871,13659871,LAWRENCEBURG / STATION 2 (R),23054921,247,3213632071,2024-07-06T17:11:06Z,2024-07-06T17:12:03Z,,0.000000,0.0,credit_card_terminal,Payment via credit card or debit card terminal,USCPIE13659871*1
ChargePoint Network,,,13966811,13966811,BEA / STATION 2 (LM),23420881,247,3208477551,2024-07-03T19:03:56Z,2024-07-03T19:04:18Z,,0.000000,0.0,membership,Payment by membership account and/or membership card,USCPIE13966811*1
ChargePoint Network,,,15885791,15885791,TWICKENHAM SQ / HU - STATION 3,25521611,100011,3233225831,2024-07-15T19:21:59Z,2024-07-15T19:55:53Z,,15.895700,34.294,membership,Payment by membership account and/or membership card,USCPIE15885791*1
ChargePoint Network,,,5122191,5122191,CULLMANELECTRIC / STATION1-L,8482151,247,3236445951,2024-07-17T00:20:03Z,2024-07-17T00:21:32Z,,0.000000,0.0,membership,Payment by membership account and/or membership card,USCPIE5122191*1
ChargePoint Network,,,14047321,14047321,JEFFERSON AVE. / OXFORD STA2(R),23514081,247,3242425411,2024-07-19T12:20:12Z,2024-07-19T13:11:49Z,,55.024799,72.101,credit_card_terminal,Payment via credit card or debit card terminal,USCPIE14047321*1
ChargePoint Network,,,15332351,15332351,TUA NW ATLANTIC / STATION 2 (R),24867891,247,3228207851,2024-07-13T01:10:41Z,2024-07-13T01:32:31Z,,27.333200,81.315,membership,Payment by membership account and/or membership card,USCPIE15332351*1
ChargePoint Network,,,13659831,13659831,LAWRENCEBURG / STATION 1 (L),23054881,247,3225603691,2024-07-11T23:25:50Z,2024-07-11T23:41:37Z,,10.505400,50.54,membership,Payment by membership account and/or membership card,USCPIE13659831*1
ChargePoint Network,,,15332351,15332351,TUA NW ATLANTIC / STATION 2 (R),24867891,247,3219064041,2024-07-09T12:54:28Z,2024-07-09T13:09:56Z,,16.467699,68.0,membership,Payment by membership account and/or membership card,USCPIE15332351*1
ChargePoint Network,,,12406491,12406491,FPIA / LEFT STATION,21527781,247,3238549461,2024-07-17T20:54:46Z,2024-07-17T21:06:23Z,,12.512500,70.526,membership,Payment by membership account and/or membership card,USCPIE12406491*1
ChargePoint Network,,,1988141,1988141,7SPC / SCES DREAM MORE,2355561,3,3206464861,2024-07-02T22:34:35Z,2024-07-03T14:01:25Z,,39.841484,7.1878,membership,Payment by membership account and/or membership card,USCPIE1988141*1
ChargePoint Network,,,8851921,8851921,7SPC / SEVIERVILLE DC1,15571271,207,3257291961,2024-07-25T22:07:52Z,2024-07-25T23:12:46Z,,57.352100,56.518,membership,Payment by membership account and/or membership card,USCPIE8851921*1
ChargePoint Network,,,5380331,5380331,CULLMAN PB / STATION 1,8970961,3,3220145941,2024-07-09T20:22:21Z,2024-07-09T21:54:26Z,,10.864928,7.1926,membership,Payment by membership account and/or membership card,USCPIE5380331*2
ChargePoint Network,,,5122191,5122191,CULLMANELECTRIC / STATION1-L,,,3229068401,2024-07-13T15:51:40Z,2024-07-13T15:53:40Z,,0.000000,,membership,Payment by membership account and/or membership card,USCPIE5122191*0
ChargePoint Network,,,13606061,13606061,I24 EXIT11 / STATION 4 (RR),,,3258596331,2024-07-26T13:46:02Z,2024-07-26T13:46:13Z,,0.000000,,membership,Payment by membership account and/or membership card,USCPIE13606061*0
ChargePoint Network,,,15640171,15640171,NECDC / STATION 2 (R),25228711,247,3250701041,2024-07-23T11:52:00Z,2024-07-23T12:23:11Z,,33.763401,67.716,membership,Payment by membership account and/or membership card,USCPIE15640171*1
ChargePoint Network,,,1964521,1964521,EBOFG / GUNTERSVILLE PD,8374211,3,3207100941,2024-07-03T03:49:12Z,2024-07-03T17:00:08Z,,94.112358,7.3849,membership,Payment by membership account and/or membership card,USCPIE1964521*2
ChargePoint Network,,,15885251,15885251,TWICKENHAM SQ / HU - STATION 1,25520941,247,3242507341,2024-07-19T13:08:13Z,2024-07-19T13:19:00Z,,12.032400,73.108,other,Any other payment method not specified above. Additional description should be provided in Payment Method Description.,USCPIE15885251*1
ChargePoint Network,,,13292801,13292801,LODGE CAST IRON / STORE & MUSEUM,22637551,3,3227162261,2024-07-12T16:56:00Z,2024-07-12T16:56:22Z,,0.000000,,credit_card_terminal,Payment via credit card or debit card terminal,USCPIE13292801*1
ChargePoint Network,,,15548181,15548181,DECATURDOWNTWN / STATION 2 (L),25119551,247,3232475461,2024-07-15T14:07:08Z,2024-07-15T14:25:10Z,,25.352200,88.739,membership,Payment by membership account and/or membership card,USCPIE15548181*1
ChargePoint Network,,,15885771,15885771,TWICKENHAM SQ / HU - STATION 4,25521581,247,3231046971,2024-07-14T19:18:15Z,2024-07-14T19:19:33Z,,0.209000,0.0,credit_card_terminal,Payment via credit card or debit card terminal,USCPIE15885771*1
ChargePoint Network,,,7505851,7505851,JEFFERSON AVE. / OXFORD STA1(L),12955471,247,3224856801,2024-07-11T18:05:06Z,2024-07-11T18:15:35Z,,11.741000,78.606,membership,Payment by membership account and/or membership card,USCPIE7505851*1
ChargePoint Network,,,15885151,15885151,TWICKENHAM SQ / HU - STATION 2,,,3218950871,2024-07-09T11:46:50Z,2024-07-09T11:47:29Z,,0.000000,,membership,Payment by membership account and/or membership card,USCPIE15885151*0
ChargePoint Network,,,15885771,15885771,TWICKENHAM SQ / HU - STATION 4,25521581,247,3211848561,2024-07-05T16:57:02Z,2024-07-05T16:58:33Z,,0.000000,0.0,membership,Payment by membership account and/or membership card,USCPIE15885771*1
ChargePoint Network,,,12720861,12720861,WRECC / STATION 2,21977121,247,3228690071,2024-07-13T06:34:35Z,2024-07-13T07:44:06Z,,66.141602,65.538,membership,Payment by membership account and/or membership card,USCPIE12720861*1
ChargePoint Network,,,1988141,1988141,7SPC / SCES DREAM MORE,2355571,3,3210055401,2024-07-04T13:59:35Z,2024-07-04T22:27:57Z,,56.482117,6.8599,roaming,Payment via roaming partners,USCPIE1988141*2
ChargePoint Network,,,5346231,5346231,CULLMANELECTRIC / STATION2-R,8926271,247,3229056351,2024-07-13T15:44:32Z,2024-07-13T15:46:18Z,,0.000000,0.0,credit_card_terminal,Payment via credit card or debit card terminal,USCPIE5346231*1
ChargePoint Network,,,5122191,5122191,CULLMANELECTRIC / STATION1-L,8482151,247,3240881131,2024-07-18T19:26:18Z,2024-07-18T20:20:30Z,,46.640598,65.6,roaming,Payment via roaming partners,USCPIE5122191*1
ChargePoint Network,,,13292801,13292801,LODGE CAST IRON / STORE & MUSEUM,22637561,3,3261136611,2024-07-27T17:14:00Z,2024-07-27T17:40:17Z,,2.499921,5.8849,membership,Payment by membership account and/or membership card,USCPIE13292801*2
ChargePoint Network,,,1964521,1964521,EBOFG / GUNTERSVILLE PD,8374201,3,3207574731,2024-07-03T12:49:23Z,2024-07-03T13:25:37Z,,4.249357,7.1803,membership,Payment by membership account and/or membership card,USCPIE1964521*1
ChargePoint Network,,,5424051,5424051,EEDEV / ELIZ DOWNTOWN,9026991,3,3235058531,2024-07-16T14:53:49Z,2024-07-16T16:37:35Z,,12.514004,7.3574,membership,Payment by membership account and/or membership card,USCPIE5424051*1
ChargePoint Network,,,15885151,15885151,TWICKENHAM SQ / HU - STATION 2,25520801,247,3238695801,2024-07-17T21:58:03Z,2024-07-17T22:33:23Z,,27.403799,50.119,membership,Payment by membership account and/or membership card,USCPIE15885151*1
ChargePoint Network,,,12406491,12406491,FPIA / LEFT STATION,21527781,247,3227485161,2024-07-12T19:27:42Z,2024-07-12T19:51:34Z,,14.789500,42.24,membership,Payment by membership account and/or membership card,USCPIE12406491*1
ChargePoint Network,,,5565291,5565291,7SPC / SCES LECONTE 1,9205191,3,3204541671,2024-07-02T02:40:55Z,2024-07-02T03:44:52Z,,3.936431,3.7354,membership,Payment by membership account and/or membership card,USCPIE5565291*1
ChargePoint Network,,,1844191,1844191,CLW / MAIN ST,23050431,3,3208061911,2024-07-03T16:09:14Z,2024-07-03T20:37:16Z,,30.586241,6.9365,membership,Payment by membership account and/or membership card,USCPIE1844191*1
ChargePoint Network,,,15280441,15280441,SPRFLD ELECTRIC / STATION 2 (R),24807641,247,3266679761,2024-07-30T12:26:21Z,2024-07-30T12:27:27Z,,0.000000,0.0,membership,Payment by membership account and/or membership card,USCPIE15280441*1
ChargePoint Network,,,13606061,13606061,I24 EXIT11 / STATION 4 (RR),22992511,100011,3216903141,2024-07-08T14:36:53Z,2024-07-08T15:54:50Z,,32.492901,37.959,membership,Payment by membership account and/or membership card,USCPIE13606061*1
ChargePoint Network,,,12720861,12720861,WRECC / STATION 2,21977121,247,3207752701,2024-07-03T14:17:09Z,2024-07-03T15:07:10Z,,48.684200,76.0,membership,Payment by membership account and/or membership card,USCPIE12720861*1
ChargePoint Network,,,13606091,13606091,I24 EXIT11 / STATION 3 (RM),22992551,247,3224873061,2024-07-11T18:13:17Z,2024-07-11T19:01:50Z,,35.555199,53.639,membership,Payment by membership account and/or membership card,USCPIE13606091*1
ChargePoint Network,,,8851921,8851921,7SPC / SEVIERVILLE DC1,15571271,207,3261493581,2024-07-27T20:44:32Z,2024-07-27T21:40:21Z,,42.456100,59.669,membership,Payment by membership account and/or membership card,USCPIE8851921*1
ChargePoint Network,,,15623211,15623211,CLW / 5TH ST 2 (R),25208281,247,3252729131,2024-07-24T02:32:21Z,2024-07-24T03:32:03Z,,69.528099,74.48,membership,Payment by membership account and/or membership card,USCPIE15623211*1
ChargePoint Network,,,1921351,1921351,STARKVILLE UTIL / STARKVILLE DWTN,23682571,3,3212798501,2024-07-06T01:49:51Z,2024-07-06T03:12:22Z,,9.830947,7.2687,membership,Payment by membership account and/or membership card,USCPIE1921351*1
ChargePoint Network,,,5363211,5363211,HARTSELLE 1 / HARTSELLE 1,23427571,3,3206818791,2024-07-03T01:13:53Z,2024-07-03T02:08:32Z,,6.528923,7.3244,membership,Payment by membership account and/or membership card,USCPIE5363211*1
ChargePoint Network,,,15260251,15260251,STEMC / STATION 2 (R) A,24784081,247,3216490421,2024-07-08T09:45:14Z,2024-07-08T09:48:49Z,,1.017100,0.0,credit_card_terminal,Payment via credit card or debit card terminal,USCPIE15260251*1
ChargePoint Network,,,1988141,1988141,7SPC / SCES DREAM MORE,2355561,3,3203006621,2024-07-01T14:44:35Z,2024-07-01T16:36:57Z,,13.071678,7.0436,membership,Payment by membership account and/or membership card,USCPIE1988141*1
ChargePoint Network,,,8851921,8851921,7SPC / SEVIERVILLE DC1,15571271,207,3215514611,2024-07-07T20:06:18Z,2024-07-07T22:49:36Z,,76.902603,57.903,credit_card_terminal,Payment via credit card or debit card terminal,USCPIE8851921*1
ChargePoint Network,,,15548181,15548181,DECATURDOWNTWN / STATION 2 (L),25119551,247,3217301791,2024-07-08T17:06:09Z,2024-07-08T17:16:54Z,,0.000000,0.0,membership,Payment by membership account and/or membership card,USCPIE15548181*1
ChargePoint Network,,,15728901,15728901,AEC / AEC04,25332891,3,3219740231,2024-07-09T17:19:16Z,2024-07-09T18:54:02Z,,10.876127,7.196,membership,Payment by membership account and/or membership card,USCPIE15728901*2
ChargePoint Network,,,15885251,15885251,TWICKENHAM SQ / HU - STATION 1,25520941,247,3241834731,2024-07-19T02:21:37Z,2024-07-19T02:42:25Z,,23.142500,72.496,membership,Payment by membership account and/or membership card,USCPIE15885251*1
ChargePoint Network,,,14097801,14097801,SCOTTSBORO EPB / SEPB DCFC (L),23570921,247,3225129991,2024-07-11T20:05:55Z,2024-07-11T20:29:34Z,,30.016500,112.48,membership,Payment by membership account and/or membership card,USCPIE14097801*1
ChargePoint Network,,,15332351,15332351,TUA NW ATLANTIC / STATION 2 (R),24867891,247,3230369891,2024-07-14T05:36:19Z,2024-07-14T06:01:22Z,,20.610600,53.949,membership,Payment by membership account and/or membership card,USCPIE15332351*1
ChargePoint Network,,,13803581,13803581,FPU / STATION 1 (L),23227201,247,3247456881,2024-07-21T23:08:24Z,2024-07-21T23:10:00Z,,0.000000,0.0,membership,Payment by membership account and/or membership card,USCPIE13803581*1
ChargePoint Network,,,13606061,13606061,I24 EXIT11 / STATION 4 (RR),22992511,247,3225262691,2024-07-11T20:59:41Z,2024-07-11T21:16:11Z,,19.511600,75.845,membership,Payment by membership account and/or membership card,USCPIE13606061*1
ChargePoint Network,,,14083171,14083171,STEMC / STATION 1 (L) H,23554721,247,3217790681,2024-07-08T20:57:28Z,2024-07-08T21:00:42Z,,0.000000,0.0,membership,Payment by membership account and/or membership card,USCPIE14083171*1
ChargePoint Network,,,5363211,5363211,HARTSELLE 1 / HARTSELLE 1,23427571,3,3256453021,2024-07-25T16:13:45Z,2024-07-25T19:11:32Z,,21.341816,7.2743,membership,Payment by membership account and/or membership card,USCPIE5363211*1
ChargePoint Network,,,14359531,14359531,EBOFG / STATION 2 (R),,,3236557201,2024-07-17T01:00:53Z,2024-07-17T01:03:21Z,,0.000000,,credit_card_terminal,Payment via credit card or debit card terminal,USCPIE14359531*0
ChargePoint Network,,,12406491,12406491,FPIA / LEFT STATION,21527781,247,3246560341,2024-07-21T13:10:25Z,2024-07-21T13:11:15Z,,0.000000,0.0,membership,Payment by membership account and/or membership card,USCPIE12406491*1
ChargePoint Network,,,8851921,8851921,7SPC / SEVIERVILLE DC1,15571271,207,3246551441,2024-07-21T12:59:00Z,2024-07-21T14:06:49Z,,40.315201,59.751,membership,Payment by membership account and/or membership card,USCPIE8851921*1
ChargePoint Network,,,14097801,14097801,SCOTTSBORO EPB / SEPB DCFC (L),23570921,247,3245087621,2024-07-20T16:47:12Z,2024-07-20T16:49:03Z,,0.000000,0.0,membership,Payment by membership account and/or membership card,USCPIE14097801*1
ChargePoint Network,,,13026471,13026471,WCMES / CITYHALL2-R,22328331,247,3247311401,2024-07-21T21:50:32Z,2024-07-21T21:53:11Z,,0.000000,0.0,membership,Payment by membership account and/or membership card,USCPIE13026471*1
ChargePoint Network,,,15694171,15694171,BRIGHTRIDGE EV / STATION 1 (L),25292041,247,3243005101,2024-07-19T16:43:17Z,2024-07-19T17:56:22Z,,30.423201,92.0,membership,Payment by membership account and/or membership card,USCPIE15694171*1
ChargePoint Network,,,13606061,13606061,I24 EXIT11 / STATION 4 (RR),22992511,247,3244857031,2024-07-20T14:02:02Z,2024-07-20T14:32:13Z,,22.756599,55.835,membership,Payment by membership account and/or membership card,USCPIE13606061*1
ChargePoint Network,,,13664471,13664471,BTES / STATION 3 (RM),23060511,247,3211678311,2024-07-05T15:27:15Z,2024-07-05T16:10:35Z,,52.338299,123.845,membership,Payment by membership account and/or membership card,USCPIE13664471*1
ChargePoint Network,,,14097801,14097801,SCOTTSBORO EPB / SEPB DCFC (L),23570921,247,3210101821,2024-07-04T14:45:22Z,2024-07-04T15:08:06Z,,16.136200,45.979,membership,Payment by membership account and/or membership card,USCPIE14097801*1
ChargePoint Network,,,15332351,15332351,TUA NW ATLANTIC / STATION 2 (R),24867891,247,3261581851,2024-07-27T21:35:54Z,2024-07-27T23:08:48Z,,59.397202,100.05,membership,Payment by membership account and/or membership card,USCPIE15332351*1
ChargePoint Network,,,15694171,15694171,BRIGHTRIDGE EV / STATION 1 (L),25292041,247,3256903001,2024-07-25T19:26:00Z,2024-07-25T19:26:54Z,,0.114800,0.0,membership,Payment by membership account and/or membership card,USCPIE15694171*1
ChargePoint Network,,,15684341,15684341,MLEC / STATION 2 (R) W,25280201,247,3213397421,2024-07-06T14:19:29Z,2024-07-06T14:46:10Z,,26.963600,75.253,membership,Payment by membership account and/or membership card,USCPIE15684341*1
ChargePoint Network,,,12406491,12406491,FPIA / LEFT STATION,21527781,247,3251049171,2024-07-23T14:42:46Z,2024-07-23T15:35:22Z,,30.527300,53.937,membership,Payment by membership account and/or membership card,USCPIE12406491*1
ChargePoint Network,,,12720881,12720881,WRECC / STATION 1,21977141,247,3263096301,2024-07-28T20:04:59Z,2024-07-28T20:40:32Z,,24.683001,75.239,membership,Payment by membership account and/or membership card,USCPIE12720881*1
ChargePoint Network,,,5466441,5466441,7SPC / NASA USSRC R,9079361,3,3243428251,2024-07-19T19:54:58Z,2024-07-19T20:00:55Z,,0.310323,3.2836,membership,Payment by membership account and/or membership card,USCPIE5466441*1
ChargePoint Network,,,15885151,15885151,TWICKENHAM SQ / HU - STATION 2,25520801,100011,3230648571,2024-07-14T14:36:24Z,2024-07-14T15:23:29Z,,26.164301,52.577,membership,Payment by membership account and/or membership card,USCPIE15885151*1
ChargePoint Network,,,5346231,5346231,CULLMANELECTRIC / STATION2-R,8926271,247,3229625181,2024-07-13T21:29:54Z,2024-07-13T21:42:23Z,,15.378100,0.0,membership,Payment by membership account and/or membership card,USCPIE5346231*1
ChargePoint Network,,,682921,682921,7SPC / TVPPA OFFICE,9117251,3,3263646541,2024-07-29T01:15:50Z,2024-07-29T06:05:10Z,,14.285348,3.3534,membership,Payment by membership account and/or membership card,USCPIE682921*1
ChargePoint Network,,,13664471,13664471,BTES / STATION 3 (RM),23060511,247,3260843121,2024-07-27T13:42:41Z,2024-07-27T14:17:40Z,,39.114399,77.808,membership,Payment by membership account and/or membership card,USCPIE13664471*1
ChargePoint Network,,,5354011,5354011,7SPC / GREENEVILLE TA,8936791,207,3209294951,2024-07-04T01:02:43Z,2024-07-04T01:03:43Z,,0.000000,0.0,membership,Payment by membership account and/or membership card,USCPIE5354011*1
ChargePoint Network,,,1964521,1964521,EBOFG / GUNTERSVILLE PD,8374211,3,3247653341,2024-07-22T00:58:02Z,2024-07-22T02:59:15Z,,6.068671,3.6454,credit_card_terminal,Payment via credit card or debit card terminal,USCPIE1964521*2
ChargePoint Network,,,7505851,7505851,JEFFERSON AVE. / OXFORD STA1(L),12955471,100011,3249036731,2024-07-22T17:27:25Z,2024-07-22T18:01:29Z,,16.809299,40.431,membership,Payment by membership account and/or membership card,USCPIE7505851*1
ChargePoint Network,,,15548181,15548181,DECATURDOWNTWN / STATION 2 (L),25119551,247,3215642421,2024-07-07T21:23:13Z,2024-07-08T00:13:19Z,,124.798599,97.307,membership,Payment by membership account and/or membership card,USCPIE15548181*1
ChargePoint Network,,,15332351,15332351,TUA NW ATLANTIC / STATION 2 (R),24867891,247,3230526241,2024-07-14T11:50:10Z,2024-07-14T13:19:12Z,,82.581703,93.771,membership,Payment by membership account and/or membership card,USCPIE15332351*1
ChargePoint Network,,,15280471,15280471,SPRFLD ELECTRIC / STATION 1 (L),,,3209291261,2024-07-04T00:58:59Z,2024-07-04T01:01:00Z,,0.000000,,membership,Payment by membership account and/or membership card,USCPIE15280471*0
ChargePoint Network,,,5346231,5346231,CULLMANELECTRIC / STATION2-R,8926271,247,3212722351,2024-07-06T01:02:02Z,2024-07-06T01:04:19Z,,0.000000,0.0,other,Any other payment method not specified above. Additional description should be provided in Payment Method Description.,USCPIE5346231*1
ChargePoint Network,,,14047321,14047321,JEFFERSON AVE. / OXFORD STA2(R),23514081,247,3232914711,2024-07-15T16:54:56Z,2024-07-15T18:04:58Z,,72.676903,77.211,membership,Payment by membership account and/or membership card,USCPIE14047321*1
ChargePoint Network,,,13880891,13880891,MU / MUC MAIN OFFICE,23319011,3,3207549441,2024-07-03T12:34:46Z,2024-07-03T12:41:08Z,,0.703639,7.2307,credit_card_terminal,Payment via credit card or debit card terminal,USCPIE13880891*1
ChargePoint Network,,,13880891,13880891,MU / MUC MAIN OFFICE,23319021,3,3204029221,2024-07-01T22:21:45Z,2024-07-02T01:06:43Z,,19.308578,7.3945,credit_card_terminal,Payment via credit card or debit card terminal,USCPIE13880891*2
ChargePoint Network,,,13606061,13606061,I24 EXIT11 / STATION 4 (RR),22992511,247,3241496061,2024-07-18T23:48:24Z,2024-07-19T00:20:52Z,,37.767899,78.012,membership,Payment by membership account and/or membership card,USCPIE13606061*1
ChargePoint Network,,,1988061,1988061,7SPC / SCES DOLLYWOOD,25499841,3,3246617131,2024-07-21T14:18:34Z,2024-07-21T17:53:59Z,,25.731386,7.4181,membership,Payment by membership account and/or membership card,USCPIE1988061*2
ChargePoint Network,,,5363211,5363211,HARTSELLE 1 / HARTSELLE 1,23427571,3,3260925651,2024-07-27T14:53:01Z,2024-07-27T15:43:09Z,,2.922366,3.7651,membership,Payment by membership account and/or membership card,USCPIE5363211*1
ChargePoint Network,,,15250701,15250701,SES-TN / STATION 2,24772611,247,3217489661,2024-07-08T18:40:48Z,2024-07-08T18:56:37Z,,25.834801,116.714,membership,Payment by membership account and/or membership card,USCPIE15250701*1
ChargePoint Network,,,15836981,15836981,TOMBIGBEE / TEPA CHARGER 2,25462651,247,3254948671,2024-07-24T23:53:43Z,2024-07-24T23:54:46Z,,0.000000,0.0,membership,Payment by membership account and/or membership card,USCPIE15836981*1
ChargePoint Network,,,15885771,15885771,TWICKENHAM SQ / HU - STATION 4,25521581,100011,3234473101,2024-07-16T06:50:48Z,2024-07-16T06:52:12Z,,0.000000,0.0,credit_card_terminal,Payment via credit card or debit card terminal,USCPIE15885771*1
ChargePoint Network,,,15885251,15885251,TWICKENHAM SQ / HU - STATION 1,25520941,247,3238283721,2024-07-17T19:02:45Z,2024-07-17T19:24:05Z,,24.580900,72.833,other,Any other payment method not specified above. Additional description should be provided in Payment Method Description.,USCPIE15885251*1
ChargePoint Network,,,14337501,14337501,HOLSTONELECTRIC / CHURCH HILL-2,23845091,100011,3213849551,2024-07-06T19:28:00Z,2024-07-06T19:55:57Z,,22.188200,52.125,credit_card_terminal,Payment via credit card or debit card terminal,USCPIE14337501*1
ChargePoint Network,,,14047321,14047321,JEFFERSON AVE. / OXFORD STA2(R),23514081,247,3251671381,2024-07-23T18:44:29Z,2024-07-23T18:45:16Z,,0.000000,0.0,credit_card_terminal,Payment via credit card or debit card terminal,USCPIE14047321*1
ChargePoint Network,,,5122191,5122191,CULLMANELECTRIC / STATION1-L,8482151,247,3226777191,2024-07-12T14:16:24Z,2024-07-12T14:39:09Z,,8.593400,33.659,membership,Payment by membership account and/or membership card,USCPIE5122191*1
ChargePoint Network,,,13803581,13803581,FPU / STATION 1 (L),23227201,247,3237779081,2024-07-17T15:33:30Z,2024-07-17T16:30:44Z,,31.178699,61.291,membership,Payment by membership account and/or membership card,USCPIE13803581*1
ChargePoint Network,,,12676071,12676071,NEMEPA / NEMEPA EMPLOYEE,21923351,3,3239877601,2024-07-18T12:24:28Z,2024-07-18T15:36:35Z,,19.638193,6.2125,membership,Payment by membership account and/or membership card,USCPIE12676071*1
ChargePoint Network,,,1988141,1988141,7SPC / SCES DREAM MORE,2355571,3,3204061141,2024-07-01T22:36:48Z,2024-07-02T01:30:00Z,,15.853882,7.0707,membership,Payment by membership account and/or membership card,USCPIE1988141*2
ChargePoint Network,,,5122191,5122191,CULLMANELECTRIC / STATION1-L,8482151,247,3236451181,2024-07-17T00:22:01Z,2024-07-17T01:02:24Z,,24.581200,54.832,membership,Payment by membership account and/or membership card,USCPIE5122191*1
ChargePoint Network,,,15885151,15885151,TWICKENHAM SQ / HU - STATION 2,25520801,247,3245532111,2024-07-20T21:07:52Z,2024-07-20T21:43:40Z,,36.672100,87.073,membership,Payment by membership account and/or membership card,USCPIE15885151*1
ChargePoint Network,,,5346231,5346231,CULLMANELECTRIC / STATION2-R,8926271,247,3211934551,2024-07-05T17:45:10Z,2024-07-05T18:37:02Z,,51.777000,84.709,credit_card_terminal,Payment via credit card or debit card terminal,USCPIE5346231*1
ChargePoint Network,,,13664401,13664401,BTES / STATION 1 (LL),23060421,247,3213658421,2024-07-06T17:27:24Z,2024-07-06T17:50:09Z,,8.429400,45.884,membership,Payment by membership account and/or membership card,USCPIE13664401*1
ChargePoint Network,,,15836981,15836981,TOMBIGBEE / TEPA CHARGER 2,25462651,247,3239202991,2024-07-18T01:43:15Z,2024-07-18T02:20:46Z,,27.664600,75.648,membership,Payment by membership account and/or membership card,USCPIE15836981*1
ChargePoint Network,,,14359531,14359531,EBOFG / STATION 2 (R),,,3224304511,2024-07-11T14:33:47Z,2024-07-11T14:35:50Z,,0.000000,,membership,Payment by membership account and/or membership card,USCPIE14359531*0
ChargePoint Network,,,15694081,15694081,BRIGHTRIDGE EV / STATION 2 (R),25291921,247,3220893751,2024-07-10T01:57:42Z,2024-07-10T02:47:42Z,,44.918301,74.226,membership,Payment by membership account and/or membership card,USCPIE15694081*1
ChargePoint Network,,,13664401,13664401,BTES / STATION 1 (LL),,,3240859361,2024-07-18T19:16:41Z,2024-07-18T19:17:11Z,,0.000000,,membership,Payment by membership account and/or membership card,USCPIE13664401*0
ChargePoint Network,,,12989161,12989161,BTES / CITY HALL,22285811,3,3244765351,2024-07-20T12:24:28Z,2024-07-20T14:43:17Z,,13.764906,7.0231,membership,Payment by membership account and/or membership card,USCPIE12989161*1
ChargePoint Network,,,14047321,14047321,JEFFERSON AVE. / OXFORD STA2(R),23514081,247,3219299631,2024-07-09T14:41:03Z,2024-07-09T14:41:43Z,,0.000000,0.0,credit_card_terminal,Payment via credit card or debit card terminal,USCPIE14047321*1
ChargePoint Network,,,15885771,15885771,TWICKENHAM SQ / HU - STATION 4,25521581,247,3212033891,2024-07-05T18:40:17Z,2024-07-05T19:14:00Z,,23.987600,64.288,membership,Payment by membership account and/or membership card,USCPIE15885771*1
ChargePoint Network,,,682921,682921,7SPC / TVPPA OFFICE,9117261,3,3245739931,2024-07-20T23:03:50Z,2024-07-21T10:44:54Z,,70.572968,6.1163,credit_card_terminal,Payment via credit card or debit card terminal,USCPIE682921*2
ChargePoint Network,,,15280471,15280471,SPRFLD ELECTRIC / STATION 1 (L),24807681,247,3210748421,2024-07-04T23:21:27Z,2024-07-05T00:10:20Z,,49.336800,63.027,credit_card_terminal,Payment via credit card or debit card terminal,USCPIE15280471*1
ChargePoint Network,,,5346231,5346231,CULLMANELECTRIC / STATION2-R,8926271,247,3240509981,2024-07-18T16:39:54Z,2024-07-18T17:17:15Z,,21.067200,59.21,membership,Payment by membership account and/or membership card,USCPIE5346231*1
ChargePoint Network,,,15885771,15885771,TWICKENHAM SQ / HU - STATION 4,25521581,247,3249526181,2024-07-22T21:10:18Z,2024-07-22T22:24:52Z,,41.847099,76.041,membership,Payment by membership account and/or membership card,USCPIE15885771*1
ChargePoint Network,,,13664501,13664501,BTES / STATION 4 (RR),23060561,100011,3224636441,2024-07-11T16:29:07Z,2024-07-11T17:13:12Z,,8.633100,49.228,membership,Payment by membership account and/or membership card,USCPIE13664501*1
ChargePoint Network,,,8851921,8851921,7SPC / SEVIERVILLE DC1,15571271,207,3249104261,2024-07-22T18:01:09Z,2024-07-22T18:03:14Z,,0.000000,0.0,membership,Payment by membership account and/or membership card,USCPIE8851921*1
ChargePoint Network,,,13659871,13659871,LAWRENCEBURG / STATION 2 (R),23054921,247,3233635831,2024-07-15T22:20:20Z,2024-07-15T22:33:30Z,,23.522301,114.0,membership,Payment by membership account and/or membership card,USCPIE13659871*1
ChargePoint Network,,,1988141,1988141,7SPC / SCES DREAM MORE,2355571,3,3260230841,2024-07-27T02:04:30Z,2024-07-27T14:36:09Z,,28.392927,7.159,membership,Payment by membership account and/or membership card,USCPIE1988141*2
ChargePoint Network,,,12720881,12720881,WRECC / STATION 1,21977141,247,3262812561,2024-07-28T17:10:05Z,2024-07-28T17:10:18Z,,0.000000,0.0,membership,Payment by membership account and/or membership card,USCPIE12720881*1
ChargePoint Network,,,5363211,5363211,HARTSELLE 1 / HARTSELLE 1,23427581,3,3208657601,2024-07-03T20:17:51Z,2024-07-03T21:11:54Z,,6.274254,7.0465,credit_card_terminal,Payment via credit card or debit card terminal,USCPIE5363211*2
ChargePoint Network,,,13290491,13290491,7SPC / NASA USSRC L,25742671,3,3243099101,2024-07-19T17:24:00Z,2024-07-19T18:01:55Z,,3.741467,6.0094,membership,Payment by membership account and/or membership card,USCPIE13290491*1
ChargePoint Network,,,7505851,7505851,JEFFERSON AVE. / OXFORD STA1(L),12955471,247,3256378641,2024-07-25T15:49:53Z,2024-07-25T16:35:33Z,,53.070202,75.263,credit_card_terminal,Payment via credit card or debit card terminal,USCPIE7505851*1
ChargePoint Network,,,13606061,13606061,I24 EXIT11 / STATION 4 (RR),22992511,247,3225302521,2024-07-11T21:17:12Z,2024-07-11T21:31:03Z,,16.326900,78.012,membership,Payment by membership account and/or membership card,USCPIE13606061*1
ChargePoint Network,,,8851921,8851921,7SPC / SEVIERVILLE DC1,15571271,207,3221518301,2024-07-10T12:24:50Z,2024-07-10T14:00:48Z,,83.658096,60.129,membership,Payment by membership account and/or membership card,USCPIE8851921*1
ChargePoint Network,,,13606061,13606061,I24 EXIT11 / STATION 4 (RR),,,3216907701,2024-07-08T14:36:54Z,2024-07-08T14:38:55Z,,0.000000,0.0,membership,Payment by membership account and/or membership card,USCPIE13606061*0
ChargePoint Network,,,14337501,14337501,HOLSTONELECTRIC / CHURCH HILL-2,23845091,100011,3231089741,2024-07-14T19:45:28Z,2024-07-14T20:17:16Z,,24.590200,51.569,credit_card_terminal,Payment via credit card or debit card terminal,USCPIE14337501*1
ChargePoint Network,,,1921351,1921351,STARKVILLE UTIL / STARKVILLE DWTN,23682581,3,3218376321,2024-07-09T01:31:39Z,2024-07-09T14:12:51Z,,18.173141,7.2699,credit_card_terminal,Payment via credit card or debit card terminal,USCPIE1921351*2
ChargePoint Network,,,15885791,15885791,TWICKENHAM SQ / HU - STATION 3,25521611,247,3243430941,2024-07-19T19:56:03Z,2024-07-19T20:18:22Z,,23.754400,122.737,membership,Payment by membership account and/or membership card,USCPIE15885791*1
ChargePoint Network,,,1988141,1988141,7SPC / SCES DREAM MORE,2355561,3,3266061851,2024-07-30T01:54:06Z,2024-07-30T09:20:09Z,,50.134010,7.3389,membership,Payment by membership account and/or membership card,USCPIE1988141*1
ChargePoint Network,,,8851921,8851921,7SPC / SEVIERVILLE DC1,15571271,207,3213935031,2024-07-06T20:20:41Z,2024-07-06T20:21:28Z,,0.003100,0.0,membership,Payment by membership account and/or membership card,USCPIE8851921*1
ChargePoint Network,,,13606061,13606061,I24 EXIT11 / STATION 4 (RR),22992511,247,3211135931,2024-07-05T04:19:28Z,2024-07-05T04:48:46Z,,29.174900,76.041,membership,Payment by membership account and/or membership card,USCPIE13606061*1
ChargePoint Network,,,8851921,8851921,7SPC / SEVIERVILLE DC1,15571271,207,3263738061,2024-07-29T02:11:12Z,2024-07-29T03:11:47Z,,44.773201,54.316,membership,Payment by membership account and/or membership card,USCPIE8851921*1
ChargePoint Network,,,16022131,16022131,ACEPA / ACE STATION 1,25683791,247,3229142121,2024-07-13T16:40:25Z,2024-07-13T16:40:58Z,,0.130000,0.0,membership,Payment by membership account and/or membership card,USCPIE16022131*1
ChargePoint Network,,,15885771,15885771,TWICKENHAM SQ / HU - STATION 4,25521581,247,3244805481,2024-07-20T13:12:21Z,2024-07-20T13:43:41Z,,41.130699,83.331,membership,Payment by membership account and/or membership card,USCPIE15885771*1
ChargePoint Network,,,5346231,5346231,CULLMANELECTRIC / STATION2-R,8926271,247,3247003031,2024-07-21T18:50:09Z,2024-07-21T18:51:16Z,,0.000000,0.0,membership,Payment by membership account and/or membership card,USCPIE5346231*1
ChargePoint Network,,,8851921,8851921,7SPC / SEVIERVILLE DC1,15571271,207,3211572471,2024-07-05T14:23:31Z,2024-07-05T15:27:21Z,,52.094299,60.723,membership,Payment by membership account and/or membership card,USCPIE8851921*1
ChargePoint Network,,,14097711,14097711,SCOTTSBORO EPB / SEPB DCFC (R),23570811,247,3234429891,2024-07-16T05:34:02Z,2024-07-16T05:55:43Z,,30.518999,109.547,membership,Payment by membership account and/or membership card,USCPIE14097711*1
ChargePoint Network,,,13664471,13664471,BTES / STATION 3 (RM),23060511,247,3229195141,2024-07-13T17:12:38Z,2024-07-13T18:00:09Z,,53.822899,74.466,membership,Payment by membership account and/or membership card,USCPIE13664471*1
ChargePoint Network,,,1785631,1785631,HOLSTONELECTRIC / STATION 1,22462991,3,3210254731,2024-07-04T16:50:17Z,2024-07-04T17:04:26Z,,1.645865,7.4844,other,Any other payment method not specified above. Additional description should be provided in Payment Method Description.,USCPIE1785631*2
ChargePoint Network,,,15548181,15548181,DECATURDOWNTWN / STATION 2 (L),25119551,247,3222522451,2024-07-10T19:34:33Z,2024-07-10T19:51:14Z,,18.987600,71.082,membership,Payment by membership account and/or membership card,USCPIE15548181*1
ChargePoint Network,,,5424051,5424051,EEDEV / ELIZ DOWNTOWN,9027001,3,3225214211,2024-07-11T20:39:36Z,2024-07-11T21:46:08Z,,7.933190,7.2244,membership,Payment by membership account and/or membership card,USCPIE5424051*2
ChargePoint Network,,,5354011,5354011,7SPC / GREENEVILLE TA,8936791,100011,3246734631,2024-07-21T15:58:47Z,2024-07-21T17:00:07Z,,36.205002,52.301,membership,Payment by membership account and/or membership card,USCPIE5354011*1
ChargePoint Network,,,5122191,5122191,CULLMANELECTRIC / STATION1-L,8482151,247,3229097821,2024-07-13T16:11:35Z,2024-07-13T16:17:02Z,,0.000000,0.0,membership,Payment by membership account and/or membership card,USCPIE5122191*1
ChargePoint Network,,,9677521,9677521,UT PARKING / S7 STATION 1,17169341,3,3253474661,2024-07-24T13:46:50Z,2024-07-24T17:40:03Z,,23.986713,7.0433,membership,Payment by membership account and/or membership card,USCPIE9677521*2
ChargePoint Network,,,14097801,14097801,SCOTTSBORO EPB / SEPB DCFC (L),23570921,247,3213924841,2024-07-06T20:14:21Z,2024-07-06T20:33:03Z,,15.592400,71.424,membership,Payment by membership account and/or membership card,USCPIE14097801*1
ChargePoint Network,,,1844191,1844191,CLW / MAIN ST,23050441,3,3204472411,2024-07-02T01:57:35Z,2024-07-02T01:59:34Z,,0.000000,0.0,membership,Payment by membership account and/or membership card,USCPIE1844191*2
ChargePoint Network,,,12720861,12720861,WRECC / STATION 2,21977121,247,3213451041,2024-07-06T15:05:42Z,2024-07-06T15:46:13Z,,32.545101,74.0,membership,Payment by membership account and/or membership card,USCPIE12720861*1
ChargePoint Network,,,13606061,13606061,I24 EXIT11 / STATION 4 (RR),22992511,247,3231314281,2024-07-14T22:01:21Z,2024-07-14T22:01:55Z,,0.000000,0.0,credit_card_terminal,Payment via credit card or debit card terminal,USCPIE13606061*1
ChargePoint Network,,,5122191,5122191,CULLMANELECTRIC / STATION1-L,8482151,247,3247027671,2024-07-21T19:04:45Z,2024-07-21T19:18:41Z,,11.195700,54.287,membership,Payment by membership account and/or membership card,USCPIE5122191*1
ChargePoint Network,,,13606091,13606091,I24 EXIT11 / STATION 3 (RM),22992551,247,3247481131,2024-07-21T23:23:00Z,2024-07-21T23:39:15Z,,13.166000,51.554,membership,Payment by membership account and/or membership card,USCPIE13606091*1
ChargePoint Network,,,15885151,15885151,TWICKENHAM SQ / HU - STATION 2,25520801,247,3212269501,2024-07-05T20:45:47Z,2024-07-05T21:59:10Z,,64.789902,77.793,credit_card_terminal,Payment via credit card or debit card terminal,USCPIE15885151*1
ChargePoint Network,,,9677521,9677521,UT PARKING / S7 STATION 1,17169341,3,3256540681,2024-07-25T16:45:23Z,2024-07-25T16:59:25Z,,1.591866,7.0228,membership,Payment by membership account and/or membership card,USCPIE9677521*2
ChargePoint Network,,,9777021,9777021,CRMC / CRMC-2- L2RIGHT,17361741,3,3243348071,2024-07-19T19:20:49Z,2024-07-19T20:48:06Z,,10.484235,7.2784,membership,Payment by membership account and/or membership card,USCPIE9777021*1
ChargePoint Network,,,5397731,5397731,EEDEV / MILLIGAN UNIV,9010251,3,3256668571,2024-07-25T17:41:38Z,2024-07-25T20:54:58Z,,19.398199,7.5421,membership,Payment by membership account and/or membership card,USCPIE5397731*1
ChargePoint Network,,,13606061,13606061,I24 EXIT11 / STATION 4 (RR),22992511,247,3220517771,2024-07-09T23:03:58Z,2024-07-09T23:51:20Z,,55.936798,74.646,membership,Payment by membership account and/or membership card,USCPIE13606061*1
ChargePoint Network,,,16022131,16022131,ACEPA / ACE STATION 1,25683791,247,3231186551,2024-07-14T20:46:44Z,2024-07-14T20:47:19Z,,0.089900,0.0,membership,Payment by membership account and/or membership card,USCPIE16022131*1
ChargePoint Network,,,15885251,15885251,TWICKENHAM SQ / HU - STATION 1,25520941,247,3253904061,2024-07-24T16:25:47Z,2024-07-24T18:40:45Z,,52.539200,83.331,membership,Payment by membership account and/or membership card,USCPIE15885251*1
ChargePoint Network,,,5424051,5424051,EEDEV / ELIZ DOWNTOWN,9027001,3,3210336171,2024-07-04T17:52:33Z,2024-07-04T22:24:20Z,,32.654598,7.2684,membership,Payment by membership account and/or membership card,USCPIE5424051*2
ChargePoint Network,,,15885791,15885791,TWICKENHAM SQ / HU - STATION 3,25521611,247,3240026691,2024-07-18T13:40:27Z,2024-07-18T14:07:19Z,,26.476900,67.66,membership,Payment by membership account and/or membership card,USCPIE15885791*1
ChargePoint Network,,,9777021,9777021,CRMC / CRMC-2- L2RIGHT,17361751,3,3215189661,2024-07-07T16:46:43Z,2024-07-07T20:58:06Z,,30.141668,7.2894,membership,Payment by membership account and/or membership card,USCPIE9777021*2
ChargePoint Network,,,13606121,13606121,I24 EXIT11 / STATION 2 (LM),22992591,247,3245061861,2024-07-20T16:31:02Z,2024-07-20T17:02:39Z,,28.000700,75.8,membership,Payment by membership account and/or membership card,USCPIE13606121*1
ChargePoint Network,,,15640031,15640031,NECDC / STATION 1 (L),25228511,247,3220474051,2024-07-09T22:45:44Z,2024-07-09T23:02:25Z,,23.776800,91.321,membership,Payment by membership account and/or membership card,USCPIE15640031*1
ChargePoint Network,,,14083171,14083171,STEMC / STATION 1 (L) H,23554721,247,3246674751,2024-07-21T15:11:38Z,2024-07-21T18:37:58Z,,78.529800,122.891,credit_card_terminal,Payment via credit card or debit card terminal,USCPIE14083171*1
ChargePoint Network,,,15885791,15885791,TWICKENHAM SQ / HU - STATION 3,25521611,247,3207179211,2024-07-03T04:39:06Z,2024-07-03T04:58:18Z,,21.574400,72.666,membership,Payment by membership account and/or membership card,USCPIE15885791*1
ChargePoint Network,,,14047321,14047321,JEFFERSON AVE. / OXFORD STA2(R),23514081,247,3227212371,2024-07-12T17:18:10Z,2024-07-12T18:33:01Z,,60.320900,91.769,membership,Payment by membership account and/or membership card,USCPIE14047321*1
ChargePoint Network,,,5384781,5384781,7SPC / TRI-COUNTY EMC,9273701,3,3203963501,2024-07-01T21:52:06Z,2024-07-02T00:13:04Z,,17.119219,7.3396,membership,Payment by membership account and/or membership card,USCPIE5384781*2
ChargePoint Network,,,13861861,13861861,BRMEMC / STATION 1,23296281,247,3262807581,2024-07-28T17:06:45Z,2024-07-28T17:22:43Z,,17.489799,74.879,membership,Payment by membership account and/or membership card,USCPIE13861861*1
ChargePoint Network,,,13606141,13606141,I24 EXIT11 / STATION 1 (LL),22992611,247,3259327361,2024-07-26T18:58:13Z,2024-07-26T19:40:13Z,,14.089900,30.559,membership,Payment by membership account and/or membership card,USCPIE13606141*1
ChargePoint Network,,,15280471,15280471,SPRFLD ELECTRIC / STATION 1 (L),24807681,247,3227353921,2024-07-12T18:27:45Z,2024-07-12T19:10:48Z,,39.516499,58.032,membership,Payment by membership account and/or membership card,USCPIE15280471*1
ChargePoint Network,,,15885791,15885791,TWICKENHAM SQ / HU - STATION 3,25521611,247,3261063791,2024-07-27T16:27:50Z,2024-07-27T16:28:46Z,,0.000000,0.0,membership,Payment by membership account and/or membership card,USCPIE15885791*1
ChargePoint Network,,,15885771,15885771,TWICKENHAM SQ / HU - STATION 4,25521581,247,3211844861,2024-07-05T16:54:52Z,2024-07-05T16:56:06Z,,0.000000,0.0,credit_card_terminal,Payment via credit card or debit card terminal,USCPIE15885771*1
ChargePoint Network,,,5122191,5122191,CULLMANELECTRIC / STATION1-L,8482151,247,3245282361,2024-07-20T18:43:58Z,2024-07-20T19:17:07Z,,32.618801,81.199,membership,Payment by membership account and/or membership card,USCPIE5122191*1
ChargePoint Network,,,16022131,16022131,ACEPA / ACE STATION 1,25683791,247,3241556101,2024-07-19T00:13:37Z,2024-07-19T00:15:33Z,,0.363000,69.345,membership,Payment by membership account and/or membership card,USCPIE16022131*1
ChargePoint Network,,,8851921,8851921,7SPC / SEVIERVILLE DC1,15571271,100011,3231394451,2024-07-14T22:49:21Z,2024-07-14T23:05:16Z,,10.049400,39.79,membership,Payment by membership account and/or membership card,USCPIE8851921*1
ChargePoint Network,,,13606121,13606121,I24 EXIT11 / STATION 2 (LM),22992591,247,3233434441,2024-07-15T20:52:43Z,2024-07-15T21:14:11Z,,25.241400,72.071,credit_card_terminal,Payment via credit card or debit card terminal,USCPIE13606121*1
ChargePoint Network,,,12406491,12406491,FPIA / LEFT STATION,21527781,247,3240969411,2024-07-18T20:02:37Z,2024-07-18T20:15:43Z,,16.591801,82.542,membership,Payment by membership account and/or membership card,USCPIE12406491*1
ChargePoint Network,,,15885771,15885771,TWICKENHAM SQ / HU - STATION 4,25521581,247,3214163761,2024-07-06T22:42:54Z,2024-07-06T22:43:34Z,,0.000000,0.0,credit_card_terminal,Payment via credit card or debit card terminal,USCPIE15885771*1
ChargePoint Network,,,13861891,13861891,BRMEMC / STATION 2,23296321,247,3213581871,2024-07-06T16:39:41Z,2024-07-06T16:41:39Z,,0.000000,0.0,membership,Payment by membership account and/or membership card,USCPIE13861891*1
ChargePoint Network,,,15548181,15548181,DECATURDOWNTWN / STATION 2 (L),25119551,247,3247079701,2024-07-21T19:37:03Z,2024-07-21T21:01:19Z,,121.082001,100.674,membership,Payment by membership account and/or membership card,USCPIE15548181*1
ChargePoint Network,,,1964521,1964521,EBOFG / GUNTERSVILLE PD,8374201,3,3239702711,2024-07-18T09:50:13Z,2024-07-18T09:52:13Z,,0.000000,0.0,membership,Payment by membership account and/or membership card,USCPIE1964521*1
ChargePoint Network,,,15623211,15623211,CLW / 5TH ST 2 (R),25208281,247,3215481801,2024-07-07T19:47:07Z,2024-07-07T19:47:59Z,,0.000000,0.0,membership,Payment by membership account and/or membership card,USCPIE15623211*1
ChargePoint Network,,,15836981,15836981,TOMBIGBEE / TEPA CHARGER 2,25462651,247,3215299731,2024-07-07T17:56:20Z,2024-07-07T18:35:35Z,,37.567501,84.177,membership,Payment by membership account and/or membership card,USCPIE15836981*1
ChargePoint Network,,,1964521,1964521,EBOFG / GUNTERSVILLE PD,8374211,3,3253985061,2024-07-24T16:57:39Z,2024-07-24T21:40:06Z,,6.977582,3.6827,membership,Payment by membership account and/or membership card,USCPIE1964521*2
ChargePoint Network,,,1964521,1964521,EBOFG / GUNTERSVILLE PD,8374211,3,3222196591,2024-07-10T17:05:02Z,2024-07-10T21:45:15Z,,8.827989,3.688,membership,Payment by membership account and/or membership card,USCPIE1964521*2
ChargePoint Network,,,13861891,13861891,BRMEMC / STATION 2,23296321,100011,3260032931,2024-07-27T00:27:36Z,2024-07-27T00:46:47Z,,10.791900,45.75,membership,Payment by membership account and/or membership card,USCPIE13861891*1
ChargePoint Network,,,14337501,14337501,HOLSTONELECTRIC / CHURCH HILL-2,23845091,100011,3233679151,2024-07-15T22:38:11Z,2024-07-15T22:39:40Z,,0.000000,0.0,credit_card_terminal,Payment via credit card or debit card terminal,USCPIE14337501*1
ChargePoint Network,,,12720881,12720881,WRECC / STATION 1,21977141,247,3221275341,2024-07-10T06:46:44Z,2024-07-10T07:26:00Z,,39.128799,88.356,membership,Payment by membership account and/or membership card,USCPIE12720881*1
ChargePoint Network,,,15332351,15332351,TUA NW ATLANTIC / STATION 2 (R),24867891,100011,3229056161,2024-07-13T15:44:44Z,2024-07-13T16:33:28Z,,23.051300,30.271,credit_card_terminal,Payment via credit card or debit card terminal,USCPIE15332351*1
ChargePoint Network,,,13026471,13026471,WCMES / CITYHALL2-R,22328331,247,3244365531,2024-07-20T03:25:42Z,2024-07-20T03:59:53Z,,24.137400,72.519,membership,Payment by membership account and/or membership card,USCPIE13026471*1
ChargePoint Network,,,13606061,13606061,I24 EXIT11 / STATION 4 (RR),22992511,247,3229832841,2024-07-13T23:32:28Z,2024-07-13T23:33:37Z,,0.000000,0.0,membership,Payment by membership account and/or membership card,USCPIE13606061*1
ChargePoint Network,,,1844191,1844191,CLW / MAIN ST,23050441,3,3205754941,2024-07-02T17:20:51Z,2024-07-02T20:29:07Z,,22.214823,7.1528,credit_card_terminal,Payment via credit card or debit card terminal,USCPIE1844191*2
ChargePoint Network,,,12720881,12720881,WRECC / STATION 1,21977141,247,3241036081,2024-07-18T20:30:17Z,2024-07-18T21:32:37Z,,40.380001,54.299,membership,Payment by membership account and/or membership card,USCPIE12720881*1
ChargePoint Network,,,13659871,13659871,LAWRENCEBURG / STATION 2 (R),23054921,247,3212729091,2024-07-06T01:05:27Z,2024-07-06T01:39:55Z,,40.100399,74.108,membership,Payment by membership account and/or membership card,USCPIE13659871*1
ChargePoint Network,,,15836871,15836871,TOMBIGBEE / TEPA CHARGER 1,25462501,247,3265091931,2024-07-29T18:31:54Z,2024-07-29T19:21:39Z,,49.359001,63.764,membership,Payment by membership account and/or membership card,USCPIE15836871*1
ChargePoint Network,,,15332321,15332321,TUA NW ATLANTIC / STATION 1 (L),24867861,247,3242614591,2024-07-19T14:05:16Z,2024-07-19T14:18:12Z,,7.452400,52.847,other,Any other payment method not specified above. Additional description should be provided in Payment Method Description.,USCPIE15332321*1
ChargePoint Network,,,15332321,15332321,TUA NW ATLANTIC / STATION 1 (L),24867861,247,3266083241,2024-07-30T02:01:59Z,2024-07-30T02:29:51Z,,31.718000,70.167,membership,Payment by membership account and/or membership card,USCPIE15332321*1
ChargePoint Network,,,14047321,14047321,JEFFERSON AVE. / OXFORD STA2(R),23514081,247,3229171681,2024-07-13T16:58:38Z,2024-07-13T18:03:29Z,,61.644600,87.271,membership,Payment by membership account and/or membership card,USCPIE14047321*1
ChargePoint Network,,,14355251,14355251,HARTSELLE 1 / STATION 2 (R),23865691,247,3208191781,2024-07-03T16:57:53Z,2024-07-03T17:51:23Z,,45.816502,74.305,credit_card_terminal,Payment via credit card or debit card terminal,USCPIE14355251*1
ChargePoint Network,,,15694081,15694081,BRIGHTRIDGE EV / STATION 2 (R),25291921,247,3232787811,2024-07-15T16:06:56Z,2024-07-15T17:20:05Z,,49.440399,122.583,membership,Payment by membership account and/or membership card,USCPIE15694081*1
ChargePoint Network,,,15885151,15885151,TWICKENHAM SQ / HU - STATION 2,25520801,247,3258159811,2024-07-26T05:02:59Z,2024-07-26T05:48:40Z,,59.529099,123.508,membership,Payment by membership account and/or membership card,USCPIE15885151*1
ChargePoint Network,,,1988141,1988141,7SPC / SCES DREAM MORE,2355571,3,3228582511,2024-07-13T04:44:49Z,2024-07-13T13:43:27Z,,61.550671,7.1823,membership,Payment by membership account and/or membership card,USCPIE1988141*2
ChargePoint Network,,,16022131,16022131,ACEPA / ACE STATION 1,,,3241431991,2024-07-18T23:17:21Z,2024-07-18T23:19:23Z,,0.000000,,membership,Payment by membership account and/or membership card,USCPIE16022131*0
ChargePoint Network,,,14047321,14047321,JEFFERSON AVE. / OXFORD STA2(R),,,3254653851,2024-07-24T21:45:26Z,2024-07-24T21:45:53Z,,0.000000,,membership,Payment by membership account and/or membership card,USCPIE14047321*0
ChargePoint Network,,,14047321,14047321,JEFFERSON AVE. / OXFORD STA2(R),,,3265142491,2024-07-29T18:55:35Z,2024-07-29T18:55:44Z,,0.000000,,credit_card_terminal,Payment via credit card or debit card terminal,USCPIE14047321*0
ChargePoint Network,,,13966051,13966051,BEA / STATION 3 (RM),23419981,247,3209429881,2024-07-04T02:10:43Z,2024-07-04T02:33:43Z,,24.856400,68.949,roaming,Payment via roaming partners,USCPIE13966051*1
ChargePoint Network,,,1964521,1964521,EBOFG / GUNTERSVILLE PD,8374211,3,3267173591,2024-07-30T15:48:08Z,2024-07-30T16:12:32Z,,2.908295,7.4118,membership,Payment by membership account and/or membership card,USCPIE1964521*2
ChargePoint Network,,,8851921,8851921,7SPC / SEVIERVILLE DC1,15571271,207,3233863151,2024-07-16T00:03:02Z,2024-07-16T01:05:07Z,,55.043098,57.133,other,Any other payment method not specified above. Additional description should be provided in Payment Method Description.,USCPIE8851921*1
ChargePoint Network,,,15548151,15548151,DECATURDOWNTWN / STATION 1 (R),25119511,247,3230098881,2024-07-14T02:12:08Z,2024-07-14T02:37:53Z,,20.659700,54.45,membership,Payment by membership account and/or membership card,USCPIE15548151*1
ChargePoint Network,,,15885251,15885251,TWICKENHAM SQ / HU - STATION 1,25520941,247,3205749841,2024-07-02T17:18:42Z,2024-07-02T17:51:21Z,,37.391499,74.663,membership,Payment by membership account and/or membership card,USCPIE15885251*1
ChargePoint Network,,,15694081,15694081,BRIGHTRIDGE EV / STATION 2 (R),,,3266957141,2024-07-30T14:32:39Z,2024-07-30T14:34:48Z,,0.000000,,credit_card_terminal,Payment via credit card or debit card terminal,USCPIE15694081*0
ChargePoint Network,,,15280441,15280441,SPRFLD ELECTRIC / STATION 2 (R),,,3210876171,2024-07-05T01:04:02Z,2024-07-05T01:06:04Z,,0.000000,,membership,Payment by membership account and/or membership card,USCPIE15280441*0
ChargePoint Network,,,15623231,15623231,CLW / 5TH ST 1 (L),25208301,247,3258535951,2024-07-26T13:12:15Z,2024-07-26T13:44:03Z,,57.961899,113.832,membership,Payment by membership account and/or membership card,USCPIE15623231*1
ChargePoint Network,,,15332321,15332321,TUA NW ATLANTIC / STATION 1 (L),24867861,247,3231087681,2024-07-14T19:43:00Z,2024-07-14T20:02:11Z,,22.631599,80.339,credit_card_terminal,Payment via credit card or debit card terminal,USCPIE15332321*1
ChargePoint Network,,,13026471,13026471,WCMES / CITYHALL2-R,22328331,247,3217161701,2024-07-08T16:10:16Z,2024-07-08T16:15:54Z,,0.000000,0.0,credit_card_terminal,Payment via credit card or debit card terminal,USCPIE13026471*1
ChargePoint Network,,,5122191,5122191,CULLMANELECTRIC / STATION1-L,8482151,247,3212194251,2024-07-05T20:04:40Z,2024-07-05T20:05:12Z,,0.000000,0.0,credit_card_terminal,Payment via credit card or debit card terminal,USCPIE5122191*1
ChargePoint Network,,,8851921,8851921,7SPC / SEVIERVILLE DC1,15571271,207,3242592951,2024-07-19T13:54:48Z,2024-07-19T14:20:28Z,,14.595400,53.214,membership,Payment by membership account and/or membership card,USCPIE8851921*1
ChargePoint Network,,,1988141,1988141,7SPC / SCES DREAM MORE,2355571,3,3252080381,2024-07-23T21:37:46Z,2024-07-23T21:38:45Z,,0.000000,0.0,other,Any other payment method not specified above. Additional description should be provided in Payment Method Description.,USCPIE1988141*2
ChargePoint Network,,,13861891,13861891,BRMEMC / STATION 2,23296321,247,3214989971,2024-07-07T13:52:43Z,2024-07-07T14:07:22Z,,15.580200,73.678,membership,Payment by membership account and/or membership card,USCPIE13861891*1
ChargePoint Network,,,5445161,5445161,7SPC / UC - LIVINGSTON,9052341,3,3211768391,2024-07-05T16:13:58Z,2024-07-05T18:25:04Z,,15.784607,7.3954,membership,Payment by membership account and/or membership card,USCPIE5445161*1
ChargePoint Network,,,14047321,14047321,JEFFERSON AVE. / OXFORD STA2(R),23514081,247,3244806511,2024-07-20T13:14:07Z,2024-07-20T13:14:47Z,,0.000000,0.0,membership,Payment by membership account and/or membership card,USCPIE14047321*1
ChargePoint Network,,,15332351,15332351,TUA NW ATLANTIC / STATION 2 (R),24867891,100011,3247165411,2024-07-21T20:28:05Z,2024-07-21T21:09:24Z,,15.019000,23.851,membership,Payment by membership account and/or membership card,USCPIE15332351*1
ChargePoint Network,,,15260251,15260251,STEMC / STATION 2 (R) A,24784081,247,3247057291,2024-07-21T19:23:47Z,2024-07-21T19:25:11Z,,0.004500,0.0,membership,Payment by membership account and/or membership card,USCPIE15260251*1
ChargePoint Network,,,15332351,15332351,TUA NW ATLANTIC / STATION 2 (R),24867891,247,3245129691,2024-07-20T17:12:27Z,2024-07-20T18:04:21Z,,37.722401,53.801,membership,Payment by membership account and/or membership card,USCPIE15332351*1
ChargePoint Network,,,5565191,5565191,7SPC / DOLLYWOOD EMPL,9205031,3,3258788661,2024-07-26T15:10:53Z,2024-07-26T16:32:06Z,,8.934367,6.8077,membership,Payment by membership account and/or membership card,USCPIE5565191*1
ChargePoint Network,,,14025691,14025691,PARIS BPU / STATION 1(L),23489541,100011,3231521981,2024-07-14T23:59:38Z,2024-07-15T00:25:22Z,,20.121500,52.301,membership,Payment by membership account and/or membership card,USCPIE14025691*1
ChargePoint Network,,,5565191,5565191,7SPC / DOLLYWOOD EMPL,9205031,3,3256376751,2024-07-25T15:49:24Z,2024-07-25T17:18:07Z,,8.950661,6.8733,membership,Payment by membership account and/or membership card,USCPIE5565191*1
ChargePoint Network,,,15684341,15684341,MLEC / STATION 2 (R) W,25280201,247,3261994431,2024-07-28T01:37:45Z,2024-07-28T02:02:21Z,,31.470501,87.271,membership,Payment by membership account and/or membership card,USCPIE15684341*1
ChargePoint Network,,,15694081,15694081,BRIGHTRIDGE EV / STATION 2 (R),25291921,100011,3246842771,2024-07-21T17:10:38Z,2024-07-21T17:18:29Z,,5.660800,50.694,membership,Payment by membership account and/or membership card,USCPIE15694081*1
ChargePoint Network,,,13861861,13861861,BRMEMC / STATION 1,23296281,247,3240954831,2024-07-18T19:56:48Z,2024-07-18T20:23:44Z,,19.621099,46.251,membership,Payment by membership account and/or membership card,USCPIE13861861*1
ChargePoint Network,,,5363211,5363211,HARTSELLE 1 / HARTSELLE 1,23427571,3,3267068751,2024-07-30T15:13:30Z,2024-07-30T15:30:44Z,,2.019012,7.2649,membership,Payment by membership account and/or membership card,USCPIE5363211*1
ChargePoint Network,,,5346231,5346231,CULLMANELECTRIC / STATION2-R,8926271,247,3214324351,2024-07-07T00:21:16Z,2024-07-07T00:51:40Z,,26.956800,70.167,credit_card_terminal,Payment via credit card or debit card terminal,USCPIE5346231*1
ChargePoint Network,,,13292801,13292801,LODGE CAST IRON / STORE & MUSEUM,22637551,3,3229152421,2024-07-13T16:46:59Z,2024-07-13T17:06:50Z,,2.296492,7.1146,membership,Payment by membership account and/or membership card,USCPIE13292801*1
ChargePoint Network,,,15332321,15332321,TUA NW ATLANTIC / STATION 1 (L),24867861,247,3212513271,2024-07-05T23:02:11Z,2024-07-05T23:02:30Z,,0.000000,0.0,membership,Payment by membership account and/or membership card,USCPIE15332321*1
ChargePoint Network,,,14083151,14083151,STEMC / STATION 2 (R) H,23554701,247,3265248061,2024-07-29T19:41:02Z,2024-07-29T21:07:40Z,,53.007198,70.919,credit_card_terminal,Payment via credit card or debit card terminal,USCPIE14083151*1
ChargePoint Network,,,12720881,12720881,WRECC / STATION 1,21977141,247,3205327191,2024-07-02T14:39:02Z,2024-07-02T14:46:35Z,,5.151400,55.872,membership,Payment by membership account and/or membership card,USCPIE12720881*1
ChargePoint Network,,,15548151,15548151,DECATURDOWNTWN / STATION 1 (R),25119511,247,3227223041,2024-07-12T17:23:23Z,2024-07-12T18:34:32Z,,79.483101,87.713,credit_card_terminal,Payment via credit card or debit card terminal,USCPIE15548151*1
ChargePoint Network,,,15623211,15623211,CLW / 5TH ST 2 (R),25208281,247,3246074681,2024-07-21T02:22:38Z,2024-07-21T02:55:27Z,,34.004501,74.294,membership,Payment by membership account and/or membership card,USCPIE15623211*1
ChargePoint Network,,,5354011,5354011,7SPC / GREENEVILLE TA,8936791,207,3263927351,2024-07-29T04:25:59Z,2024-07-29T05:49:53Z,,34.548901,53.279,other,Any other payment method not specified above. Additional description should be provided in Payment Method Description.,USCPIE5354011*1
ChargePoint Network,,,5122191,5122191,CULLMANELECTRIC / STATION1-L,8482151,247,3214258671,2024-07-06T23:41:12Z,2024-07-06T23:58:05Z,,21.063601,77.417,membership,Payment by membership account and/or membership card,USCPIE5122191*1
ChargePoint Network,,,15332321,15332321,TUA NW ATLANTIC / STATION 1 (L),24867861,247,3246526621,2024-07-21T12:17:46Z,2024-07-21T12:20:11Z,,0.000000,0.0,membership,Payment by membership account and/or membership card,USCPIE15332321*1
ChargePoint Network,,,13606091,13606091,I24 EXIT11 / STATION 3 (RM),22992551,247,3263246711,2024-07-28T21:31:59Z,2024-07-28T21:43:04Z,,10.225900,0.0,membership,Payment by membership account and/or membership card,USCPIE13606091*1
ChargePoint Network,,,1988141,1988141,7SPC / SCES DREAM MORE,2355571,3,3218891911,2024-07-09T11:01:05Z,2024-07-09T11:54:56Z,,6.139143,7.0646,membership,Payment by membership account and/or membership card,USCPIE1988141*2
ChargePoint Network,,,15260251,15260251,STEMC / STATION 2 (R) A,24784081,247,3212952951,2024-07-06T03:21:44Z,2024-07-06T04:19:37Z,,57.721802,75.4,membership,Payment by membership account and/or membership card,USCPIE15260251*1
ChargePoint Network,,,12448521,12448521,7SPC / WARREN RECC LF,21576911,3,3260778651,2024-07-27T12:29:36Z,2024-07-27T12:29:49Z,,0.000000,,credit_card_terminal,Payment via credit card or debit card terminal,USCPIE12448521*1
ChargePoint Network,,,13659871,13659871,LAWRENCEBURG / STATION 2 (R),23054921,247,3235385791,2024-07-16T16:46:29Z,2024-07-16T17:08:36Z,,40.062801,115.514,credit_card_terminal,Payment via credit card or debit card terminal,USCPIE13659871*1
ChargePoint Network,,,15332351,15332351,TUA NW ATLANTIC / STATION 2 (R),24867891,247,3236237781,2024-07-16T22:50:58Z,2024-07-16T22:59:15Z,,13.304800,0.0,membership,Payment by membership account and/or membership card,USCPIE15332351*1
ChargePoint Network,,,13643801,13643801,PEPA / STATION 2,23036481,247,3254984311,2024-07-25T00:09:43Z,2024-07-25T00:24:52Z,,17.933800,72.599,membership,Payment by membership account and/or membership card,USCPIE13643801*1
ChargePoint Network,,,14355251,14355251,HARTSELLE 1 / STATION 2 (R),23865691,247,3208729721,2024-07-03T20:47:41Z,2024-07-03T21:16:51Z,,39.652699,94.5,membership,Payment by membership account and/or membership card,USCPIE14355251*1
ChargePoint Network,,,5354011,5354011,7SPC / GREENEVILLE TA,8936791,207,3254194881,2024-07-24T18:31:05Z,2024-07-24T18:56:08Z,,21.165100,58.673,membership,Payment by membership account and/or membership card,USCPIE5354011*1
ChargePoint Network,,,1933211,1933211,BRIGHTRIDGE EV / BR-JONESBOROUGH,2283631,3,3210042081,2024-07-04T13:47:04Z,2024-07-04T16:02:43Z,,13.644116,6.1649,membership,Payment by membership account and/or membership card,USCPIE1933211*1
ChargePoint Network,,,13664401,13664401,BTES / STATION 1 (LL),23060421,247,3247216031,2024-07-21T20:57:48Z,2024-07-21T21:12:47Z,,8.729300,40.501,membership,Payment by membership account and/or membership card,USCPIE13664401*1
ChargePoint Network,,,15694081,15694081,BRIGHTRIDGE EV / STATION 2 (R),25291921,247,3233159711,2024-07-15T18:52:41Z,2024-07-15T19:04:41Z,,12.079000,66.75,membership,Payment by membership account and/or membership card,USCPIE15694081*1
ChargePoint Network,,,1988061,1988061,7SPC / SCES DOLLYWOOD,25499831,3,3242736451,2024-07-19T15:00:12Z,2024-07-20T01:08:48Z,,58.368755,7.3883,credit_card_terminal,Payment via credit card or debit card terminal,USCPIE1988061*1
ChargePoint Network,,,5565241,5565241,7SPC / SCES LECONTE 4,9205101,3,3210888661,2024-07-05T01:16:49Z,2024-07-05T02:50:00Z,,5.288967,3.7602,membership,Payment by membership account and/or membership card,USCPIE5565241*1
ChargePoint Network,,,15623231,15623231,CLW / 5TH ST 1 (L),25208301,247,3229403351,2024-07-13T19:18:23Z,2024-07-13T20:10:36Z,,32.407200,55.115,credit_card_terminal,Payment via credit card or debit card terminal,USCPIE15623231*1
ChargePoint Network,,,15332351,15332351,TUA NW ATLANTIC / STATION 2 (R),24867891,247,3220272321,2024-07-09T21:18:33Z,2024-07-09T22:03:25Z,,41.531200,68.403,membership,Payment by membership account and/or membership card,USCPIE15332351*1
ChargePoint Network,,,15640171,15640171,NECDC / STATION 2 (R),25228711,247,3204190841,2024-07-01T23:39:20Z,2024-07-01T23:49:10Z,,11.256200,78.405,credit_card_terminal,Payment via credit card or debit card terminal,USCPIE15640171*1
ChargePoint Network,,,15885771,15885771,TWICKENHAM SQ / HU - STATION 4,25521581,100011,3259710421,2024-07-26T21:47:32Z,2024-07-26T22:28:25Z,,23.481800,46.75,membership,Payment by membership account and/or membership card,USCPIE15885771*1
ChargePoint Network,,,13861891,13861891,BRMEMC / STATION 2,23296321,247,3230657141,2024-07-14T14:45:58Z,2024-07-14T15:36:19Z,,46.764900,121.788,membership,Payment by membership account and/or membership card,USCPIE13861891*1
ChargePoint Network,,,14337501,14337501,HOLSTONELECTRIC / CHURCH HILL-2,23845091,100011,3227765031,2024-07-12T21:32:13Z,2024-07-12T21:52:23Z,,15.879300,52.779,credit_card_terminal,Payment via credit card or debit card terminal,USCPIE14337501*1
ChargePoint Network,,,5625391,5625391,7SPC / VEC JAMESTOWN,9280961,3,3240884711,2024-07-18T19:27:34Z,2024-07-18T21:16:08Z,,13.418526,7.5617,membership,Payment by membership account and/or membership card,USCPIE5625391*1
ChargePoint Network,,,14359491,14359491,EBOFG / STATION 1 (L),,,3254274361,2024-07-24T19:05:38Z,2024-07-24T19:07:19Z,,0.000000,,credit_card_terminal,Payment via credit card or debit card terminal,USCPIE14359491*0
ChargePoint Network,,,15332351,15332351,TUA NW ATLANTIC / STATION 2 (R),24867891,247,3226220281,2024-07-12T04:25:15Z,2024-07-12T05:42:53Z,,77.491699,71.175,membership,Payment by membership account and/or membership card,USCPIE15332351*1
ChargePoint Network,,,5619801,5619801,7SPC / WARREN RECC BG,25687261,3,3215195391,2024-07-07T16:50:54Z,2024-07-07T20:00:49Z,,17.360035,6.1884,other,Any other payment method not specified above. Additional description should be provided in Payment Method Description.,USCPIE5619801*2
ChargePoint Network,,,8851921,8851921,7SPC / SEVIERVILLE DC1,15571271,207,3217709471,2024-07-08T20:20:00Z,2024-07-08T20:28:48Z,,5.759800,0.0,membership,Payment by membership account and/or membership card,USCPIE8851921*1
ChargePoint Network,,,5346231,5346231,CULLMANELECTRIC / STATION2-R,8926271,247,3247004741,2024-07-21T18:51:21Z,2024-07-21T20:02:28Z,,52.801498,72.299,membership,Payment by membership account and/or membership card,USCPIE5346231*1
ChargePoint Network,,,15694081,15694081,BRIGHTRIDGE EV / STATION 2 (R),25291921,247,3242761221,2024-07-19T15:10:16Z,2024-07-19T15:26:16Z,,20.062799,83.778,membership,Payment by membership account and/or membership card,USCPIE15694081*1
ChargePoint Network,,,15885251,15885251,TWICKENHAM SQ / HU - STATION 1,25520941,247,3257141311,2024-07-25T21:03:52Z,2024-07-25T21:05:51Z,,0.000000,0.0,membership,Payment by membership account and/or membership card,USCPIE15885251*1
ChargePoint Network,,,14359531,14359531,EBOFG / STATION 2 (R),,,3217921861,2024-07-08T21:54:16Z,2024-07-08T21:56:37Z,,0.000000,,credit_card_terminal,Payment via credit card or debit card terminal,USCPIE14359531*0
ChargePoint Network,,,12720861,12720861,WRECC / STATION 2,21977121,247,3228879411,2024-07-13T13:16:05Z,2024-07-13T13:24:28Z,,8.355600,0.0,membership,Payment by membership account and/or membership card,USCPIE12720861*1
ChargePoint Network,,,12406491,12406491,FPIA / LEFT STATION,21527781,247,3233892681,2024-07-16T00:17:00Z,2024-07-16T00:19:39Z,,0.000000,0.0,membership,Payment by membership account and/or membership card,USCPIE12406491*1
ChargePoint Network,,,13423581,13423581,AEC / STATION #2 (R),22787011,247,3231192691,2024-07-14T20:50:20Z,2024-07-14T21:08:51Z,,20.943001,70.952,membership,Payment by membership account and/or membership card,USCPIE13423581*1
ChargePoint Network,,,15885771,15885771,TWICKENHAM SQ / HU - STATION 4,25521581,247,3261112211,2024-07-27T16:58:33Z,2024-07-27T17:00:26Z,,0.154000,66.347,membership,Payment by membership account and/or membership card,USCPIE15885771*1
ChargePoint Network,,,14047321,14047321,JEFFERSON AVE. / OXFORD STA2(R),23514081,247,3235390201,2024-07-16T16:48:36Z,2024-07-16T16:49:13Z,,0.000000,0.0,membership,Payment by membership account and/or membership card,USCPIE14047321*1
ChargePoint Network,,,13861891,13861891,BRMEMC / STATION 2,23296321,247,3253457311,2024-07-24T13:38:51Z,2024-07-24T14:25:52Z,,42.346500,74.676,membership,Payment by membership account and/or membership card,USCPIE13861891*1
ChargePoint Network,,,5466441,5466441,7SPC / NASA USSRC R,9079361,3,3258760081,2024-07-26T14:59:27Z,2024-07-26T17:25:24Z,,11.792131,6.2568,membership,Payment by membership account and/or membership card,USCPIE5466441*1
ChargePoint Network,,,12989161,12989161,BTES / CITY HALL,22285811,3,3227955361,2024-07-12T23:04:00Z,2024-07-13T03:28:25Z,,31.487846,7.2606,membership,Payment by membership account and/or membership card,USCPIE12989161*1
ChargePoint Network,,,13606121,13606121,I24 EXIT11 / STATION 2 (LM),22992591,247,3245357831,2024-07-20T19:27:30Z,2024-07-20T19:41:01Z,,10.978300,75.174,membership,Payment by membership account and/or membership card,USCPIE13606121*1
ChargePoint Network,,,5466441,5466441,7SPC / NASA USSRC R,9079361,3,3236191601,2024-07-16T22:31:45Z,2024-07-17T00:52:02Z,,13.747518,6.0966,membership,Payment by membership account and/or membership card,USCPIE5466441*1
ChargePoint Network,,,15260251,15260251,STEMC / STATION 2 (R) A,24784081,247,3247061971,2024-07-21T19:26:24Z,2024-07-21T19:55:23Z,,33.777802,72.496,membership,Payment by membership account and/or membership card,USCPIE15260251*1
ChargePoint Network,,,8851921,8851921,7SPC / SEVIERVILLE DC1,15571271,207,3247629181,2024-07-22T00:44:07Z,2024-07-22T01:33:53Z,,40.875801,60.06,membership,Payment by membership account and/or membership card,USCPIE8851921*1
ChargePoint Network,,,8851921,8851921,7SPC / SEVIERVILLE DC1,15571271,207,3248440441,2024-07-22T13:28:59Z,2024-07-22T14:51:30Z,,63.093399,48.9,other,Any other payment method not specified above. Additional description should be provided in Payment Method Description.,USCPIE8851921*1
ChargePoint Network,,,13643801,13643801,PEPA / STATION 2,23036481,247,3264101471,2024-07-29T09:51:58Z,2024-07-29T10:13:48Z,,24.851101,70.722,membership,Payment by membership account and/or membership card,USCPIE13643801*1
ChargePoint Network,,,5354011,5354011,7SPC / GREENEVILLE TA,8936791,207,3252418101,2024-07-24T00:03:36Z,2024-07-24T00:25:20Z,,18.944000,53.13,phone_online,"Payment through mobile app, website, automated phone number or messaging system",USCPIE5354011*1
ChargePoint Network,,,15548151,15548151,DECATURDOWNTWN / STATION 1 (R),,,3210007421,2024-07-04T13:02:43Z,2024-07-04T13:04:45Z,,0.000000,,membership,Payment by membership account and/or membership card,USCPIE15548151*0
ChargePoint Network,,,13026471,13026471,WCMES / CITYHALL2-R,22328331,247,3264816131,2024-07-29T16:23:28Z,2024-07-29T16:53:39Z,,14.819600,49.352,membership,Payment by membership account and/or membership card,USCPIE13026471*1
ChargePoint Network,,,14359531,14359531,EBOFG / STATION 2 (R),,,3250798101,2024-07-23T12:46:16Z,2024-07-23T12:48:18Z,,0.000000,,membership,Payment by membership account and/or membership card,USCPIE14359531*0
ChargePoint Network,,,13606091,13606091,I24 EXIT11 / STATION 3 (RM),22992551,247,3213974501,2024-07-06T20:45:40Z,2024-07-06T21:17:14Z,,35.291302,71.477,credit_card_terminal,Payment via credit card or debit card terminal,USCPIE13606091*1
ChargePoint Network,,,14355251,14355251,HARTSELLE 1 / STATION 2 (R),23865691,247,3263253431,2024-07-28T21:33:14Z,2024-07-28T22:51:55Z,,46.329102,51.683,membership,Payment by membership account and/or membership card,USCPIE14355251*1
ChargePoint Network,,,14047321,14047321,JEFFERSON AVE. / OXFORD STA2(R),23514081,247,3235392201,2024-07-16T16:49:30Z,2024-07-16T16:50:04Z,,0.000000,0.0,membership,Payment by membership account and/or membership card,USCPIE14047321*1
ChargePoint Network,,,13423691,13423691,AEC / STATION #1 (L),22787121,247,3234069301,2024-07-16T01:39:05Z,2024-07-16T01:40:26Z,,0.000000,0.0,membership,Payment by membership account and/or membership card,USCPIE13423691*1
ChargePoint Network,,,8851921,8851921,7SPC / SEVIERVILLE DC1,15571271,207,3215904991,2024-07-07T23:54:10Z,2024-07-08T00:44:38Z,,45.442101,58.057,membership,Payment by membership account and/or membership card,USCPIE8851921*1
ChargePoint Network,,,15280441,15280441,SPRFLD ELECTRIC / STATION 2 (R),24807641,247,3212820361,2024-07-06T02:00:08Z,2024-07-06T03:23:21Z,,32.292198,54.611,membership,Payment by membership account and/or membership card,USCPIE15280441*1
ChargePoint Network,,,5619801,5619801,7SPC / WARREN RECC BG,25687261,3,3219679291,2024-07-09T16:52:46Z,2024-07-09T16:59:48Z,,0.664964,6.1667,membership,Payment by membership account and/or membership card,USCPIE5619801*2
ChargePoint Network,,,13880891,13880891,MU / MUC MAIN OFFICE,23319021,3,3211290151,2024-07-05T07:00:23Z,2024-07-05T08:39:41Z,,11.667620,7.2421,membership,Payment by membership account and/or membership card,USCPIE13880891*2
ChargePoint Network,,,15640171,15640171,NECDC / STATION 2 (R),25228711,247,3230290971,2024-07-14T04:22:11Z,2024-07-14T04:59:23Z,,21.030001,73.891,membership,Payment by membership account and/or membership card,USCPIE15640171*1
ChargePoint Network,,,14047321,14047321,JEFFERSON AVE. / OXFORD STA2(R),23514081,247,3248923371,2024-07-22T16:38:23Z,2024-07-22T17:02:28Z,,24.591999,71.904,membership,Payment by membership account and/or membership card,USCPIE14047321*1
ChargePoint Network,,,15332321,15332321,TUA NW ATLANTIC / STATION 1 (L),24867861,247,3259408551,2024-07-26T19:33:50Z,2024-07-26T20:33:36Z,,63.476299,73.891,membership,Payment by membership account and/or membership card,USCPIE15332321*1
ChargePoint Network,,,5346231,5346231,CULLMANELECTRIC / STATION2-R,8926271,247,3243590531,2024-07-19T21:05:46Z,2024-07-19T21:12:48Z,,7.664000,0.0,membership,Payment by membership account and/or membership card,USCPIE5346231*1
ChargePoint Network,,,13664401,13664401,BTES / STATION 1 (LL),23060421,247,3261464771,2024-07-27T20:27:10Z,2024-07-27T20:47:28Z,,14.197100,57.986,membership,Payment by membership account and/or membership card,USCPIE13664401*1
ChargePoint Network,,,15885771,15885771,TWICKENHAM SQ / HU - STATION 4,25521581,247,3229025031,2024-07-13T15:22:29Z,2024-07-13T15:44:34Z,,18.617500,52.745,membership,Payment by membership account and/or membership card,USCPIE15885771*1
ChargePoint Network,,,1988061,1988061,7SPC / SCES DOLLYWOOD,25499841,3,3202827721,2024-07-01T13:19:18Z,2024-07-01T21:35:14Z,,45.712822,7.2644,membership,Payment by membership account and/or membership card,USCPIE1988061*2
ChargePoint Network,,,1844191,1844191,CLW / MAIN ST,23050431,3,3219138411,2024-07-09T13:29:38Z,2024-07-09T18:14:55Z,,32.453831,6.9228,membership,Payment by membership account and/or membership card,USCPIE1844191*1
ChargePoint Network,,,1964521,1964521,EBOFG / GUNTERSVILLE PD,8374211,3,3240588971,2024-07-18T17:12:21Z,2024-07-18T21:33:49Z,,9.576861,3.701,membership,Payment by membership account and/or membership card,USCPIE1964521*2
ChargePoint Network,,,5424051,5424051,EEDEV / ELIZ DOWNTOWN,9026991,3,3228986051,2024-07-13T14:54:29Z,2024-07-13T15:43:12Z,,5.869500,7.3708,membership,Payment by membership account and/or membership card,USCPIE5424051*1
ChargePoint Network,,,13966851,13966851,BEA / STATION 1 (LL),23420911,247,3222847151,2024-07-10T21:54:59Z,2024-07-10T21:55:05Z,,0.000000,0.0,membership,Payment by membership account and/or membership card,USCPIE13966851*1
ChargePoint Network,,,13966811,13966811,BEA / STATION 2 (LM),23420881,247,3213716161,2024-07-06T18:03:45Z,2024-07-06T18:19:44Z,,27.804001,118.103,credit_card_terminal,Payment via credit card or debit card terminal,USCPIE13966811*1
ChargePoint Network,,,15885151,15885151,TWICKENHAM SQ / HU - STATION 2,25520801,247,3240642291,2024-07-18T17:36:25Z,2024-07-18T18:22:56Z,,35.052101,54.316,membership,Payment by membership account and/or membership card,USCPIE15885151*1
ChargePoint Network,,,12406401,12406401,FPIA / RIGHT STATION,21527671,247,3266152841,2024-07-30T02:45:52Z,2024-07-30T02:49:39Z,,0.000000,0.0,membership,Payment by membership account and/or membership card,USCPIE12406401*1
ChargePoint Network,,,9777021,9777021,CRMC / CRMC-2- L2RIGHT,17361741,3,3266811871,2024-07-30T13:30:52Z,2024-07-30T14:22:52Z,,6.189153,7.2311,membership,Payment by membership account and/or membership card,USCPIE9777021*1
ChargePoint Network,,,15332321,15332321,TUA NW ATLANTIC / STATION 1 (L),24867861,247,3266146471,2024-07-30T02:41:43Z,2024-07-30T03:16:04Z,,53.553699,121.447,membership,Payment by membership account and/or membership card,USCPIE15332321*1
ChargePoint Network,,,5354011,5354011,7SPC / GREENEVILLE TA,,,3247865431,2024-07-22T03:03:58Z,2024-07-22T03:05:59Z,,0.000000,,membership,Payment by membership account and/or membership card,USCPIE5354011*0
ChargePoint Network,,,13651611,13651611,MLEC / STATION 1 (L) H,23045791,247,3211065281,2024-07-05T03:25:09Z,2024-07-05T03:49:29Z,,29.170401,75.45,credit_card_terminal,Payment via credit card or debit card terminal,USCPIE13651611*1
ChargePoint Network,,,13606091,13606091,I24 EXIT11 / STATION 3 (RM),22992551,247,3218976091,2024-07-09T12:02:32Z,2024-07-09T12:48:51Z,,35.517601,54.9,membership,Payment by membership account and/or membership card,USCPIE13606091*1
ChargePoint Network,,,1988141,1988141,7SPC / SCES DREAM MORE,2355571,3,3252043051,2024-07-23T21:22:05Z,2024-07-23T21:22:45Z,,0.000000,0.0,membership,Payment by membership account and/or membership card,USCPIE1988141*2
ChargePoint Network,,,1988141,1988141,7SPC / SCES DREAM MORE,2355561,3,3263432451,2024-07-28T23:14:03Z,2024-07-29T00:59:06Z,,12.375645,7.2716,credit_card_terminal,Payment via credit card or debit card terminal,USCPIE1988141*1
ChargePoint Network,,,8851921,8851921,7SPC / SEVIERVILLE DC1,15571271,207,3261598931,2024-07-27T21:46:17Z,2024-07-27T22:23:17Z,,34.261200,58.52,roaming,Payment via roaming partners,USCPIE8851921*1
ChargePoint Network,,,15885771,15885771,TWICKENHAM SQ / HU - STATION 4,25521581,247,3220065341,2024-07-09T19:50:13Z,2024-07-09T20:25:37Z,,41.143799,73.086,membership,Payment by membership account and/or membership card,USCPIE15885771*1
ChargePoint Network,,,12406491,12406491,FPIA / LEFT STATION,21527781,247,3243380461,2024-07-19T19:35:11Z,2024-07-19T19:59:16Z,,42.186600,115.629,membership,Payment by membership account and/or membership card,USCPIE12406491*1
ChargePoint Network,,,5122191,5122191,CULLMANELECTRIC / STATION1-L,8482151,247,3218133241,2024-07-08T23:35:23Z,2024-07-08T23:36:44Z,,0.000000,0.0,credit_card_terminal,Payment via credit card or debit card terminal,USCPIE5122191*1
ChargePoint Network,,,15623211,15623211,CLW / 5TH ST 2 (R),25208281,247,3247087811,2024-07-21T19:42:24Z,2024-07-21T19:42:44Z,,0.000000,0.0,phone_online,"Payment through mobile app, website, automated phone number or messaging system",USCPIE15623211*1
ChargePoint Network,,,13606061,13606061,I24 EXIT11 / STATION 4 (RR),22992511,247,3231567521,2024-07-15T00:23:14Z,2024-07-15T01:17:27Z,,46.664501,72.912,membership,Payment by membership account and/or membership card,USCPIE13606061*1
ChargePoint Network,,,13606061,13606061,I24 EXIT11 / STATION 4 (RR),22992511,247,3234701461,2024-07-16T12:05:38Z,2024-07-16T12:38:12Z,,26.684700,54.316,other,Any other payment method not specified above. Additional description should be provided in Payment Method Description.,USCPIE13606061*1
ChargePoint Network,,,1932851,1932851,BRIGHTRIDGE EV / BR-JC LIBRARY,23319811,3,3254075101,2024-07-24T17:35:38Z,2024-07-24T18:00:20Z,,2.915237,7.273,membership,Payment by membership account and/or membership card,USCPIE1932851*1
ChargePoint Network,,,13606121,13606121,I24 EXIT11 / STATION 2 (LM),22992591,247,3242590421,2024-07-19T13:52:04Z,2024-07-19T14:52:42Z,,72.384300,122.891,credit_card_terminal,Payment via credit card or debit card terminal,USCPIE13606121*1
ChargePoint Network,,,5466441,5466441,7SPC / NASA USSRC R,9079371,3,3265274541,2024-07-29T19:52:47Z,2024-07-29T22:37:25Z,,16.969667,6.2691,membership,Payment by membership account and/or membership card,USCPIE5466441*2
ChargePoint Network,,,14355251,14355251,HARTSELLE 1 / STATION 2 (R),23865691,247,3207646521,2024-07-03T13:24:47Z,2024-07-03T14:32:53Z,,98.964600,92.678,membership,Payment by membership account and/or membership card,USCPIE14355251*1
ChargePoint Network,,,15885251,15885251,TWICKENHAM SQ / HU - STATION 1,25520941,247,3231115671,2024-07-14T20:01:36Z,2024-07-14T20:30:42Z,,28.518299,71.4,membership,Payment by membership account and/or membership card,USCPIE15885251*1
ChargePoint Network,,,15694171,15694171,BRIGHTRIDGE EV / STATION 1 (L),25292041,100011,3218203211,2024-07-09T00:09:55Z,2024-07-09T00:40:41Z,,23.060301,52.819,other,Any other payment method not specified above. Additional description should be provided in Payment Method Description.,USCPIE15694171*1
ChargePoint Network,,,15332321,15332321,TUA NW ATLANTIC / STATION 1 (L),24867861,100011,3244294891,2024-07-20T02:56:52Z,2024-07-20T03:25:25Z,,22.501301,51.375,membership,Payment by membership account and/or membership card,USCPIE15332321*1
ChargePoint Network,,,15885251,15885251,TWICKENHAM SQ / HU - STATION 1,25520941,247,3254384131,2024-07-24T19:53:51Z,2024-07-24T20:03:38Z,,9.071200,63.895,membership,Payment by membership account and/or membership card,USCPIE15885251*1
ChargePoint Network,,,5498461,5498461,7SPC / CFEC SPENCER,9119451,3,3209444921,2024-07-04T02:20:20Z,2024-07-04T03:14:53Z,,5.911853,6.5582,membership,Payment by membership account and/or membership card,USCPIE5498461*2
ChargePoint Network,,,13290491,13290491,7SPC / NASA USSRC L,25742681,3,3221924691,2024-07-10T15:27:18Z,2024-07-10T22:19:22Z,,41.729420,6.1798,membership,Payment by membership account and/or membership card,USCPIE13290491*2
ChargePoint Network,,,15332351,15332351,TUA NW ATLANTIC / STATION 2 (R),24867891,247,3267539711,2024-07-30T18:18:39Z,2024-07-30T19:13:39Z,,40.208698,51.743,membership,Payment by membership account and/or membership card,USCPIE15332351*1
ChargePoint Network,,,15836871,15836871,TOMBIGBEE / TEPA CHARGER 1,25462501,247,3245157771,2024-07-20T17:30:03Z,2024-07-20T18:17:30Z,,47.589401,62.465,credit_card_terminal,Payment via credit card or debit card terminal,USCPIE15836871*1
ChargePoint Network,,,15332321,15332321,TUA NW ATLANTIC / STATION 1 (L),24867861,247,3245354301,2024-07-20T19:25:00Z,2024-07-20T20:13:52Z,,49.286400,72.716,membership,Payment by membership account and/or membership card,USCPIE15332321*1
ChargePoint Network,,,5466441,5466441,7SPC / NASA USSRC R,9079361,3,3256840161,2024-07-25T18:59:32Z,2024-07-25T22:12:09Z,,19.158092,6.038,credit_card_terminal,Payment via credit card or debit card terminal,USCPIE5466441*1
ChargePoint Network,,,13861861,13861861,BRMEMC / STATION 1,23296281,247,3215636061,2024-07-07T21:19:32Z,2024-07-07T21:55:58Z,,35.600899,75.655,membership,Payment by membership account and/or membership card,USCPIE13861861*1
ChargePoint Network,,,12989161,12989161,BTES / CITY HALL,22285811,3,3248561651,2024-07-22T14:25:59Z,2024-07-22T15:00:34Z,,3.898955,6.8742,membership,Payment by membership account and/or membership card,USCPIE12989161*1
ChargePoint Network,,,15885791,15885791,TWICKENHAM SQ / HU - STATION 3,25521611,247,3242641091,2024-07-19T14:19:00Z,2024-07-19T14:53:50Z,,38.275002,69.3,membership,Payment by membership account and/or membership card,USCPIE15885791*1
ChargePoint Network,,,13659871,13659871,LAWRENCEBURG / STATION 2 (R),23054921,247,3213668241,2024-07-06T17:33:55Z,2024-07-06T17:34:35Z,,0.000000,0.0,membership,Payment by membership account and/or membership card,USCPIE13659871*1
ChargePoint Network,,,13643801,13643801,PEPA / STATION 2,23036481,247,3213545621,2024-07-06T16:15:51Z,2024-07-06T16:54:18Z,,17.400200,52.113,membership,Payment by membership account and/or membership card,USCPIE13643801*1
ChargePoint Network,,,14359531,14359531,EBOFG / STATION 2 (R),23870331,247,3215452341,2024-07-07T19:29:11Z,2024-07-07T19:38:48Z,,16.858200,110.11,other,Any other payment method not specified above. Additional description should be provided in Payment Method Description.,USCPIE14359531*1
ChargePoint Network,,,15332351,15332351,TUA NW ATLANTIC / STATION 2 (R),,,3239065191,2024-07-18T00:38:13Z,2024-07-18T00:40:15Z,,0.000000,,membership,Payment by membership account and/or membership card,USCPIE15332351*0
ChargePoint Network,,,13664401,13664401,BTES / STATION 1 (LL),23060421,247,3217638681,2024-07-08T19:49:10Z,2024-07-08T20:21:06Z,,31.814301,61.757,membership,Payment by membership account and/or membership card,USCPIE13664401*1
ChargePoint Network,,,15548151,15548151,DECATURDOWNTWN / STATION 1 (R),25119511,247,3248612621,2024-07-22T14:46:57Z,2024-07-22T14:57:43Z,,8.565800,0.0,credit_card_terminal,Payment via credit card or debit card terminal,USCPIE15548151*1
ChargePoint Network,,,15694081,15694081,BRIGHTRIDGE EV / STATION 2 (R),25291921,100011,3217878581,2024-07-08T21:36:22Z,2024-07-08T21:50:29Z,,6.244100,49.476,membership,Payment by membership account and/or membership card,USCPIE15694081*1
ChargePoint Network,,,15332321,15332321,TUA NW ATLANTIC / STATION 1 (L),24867861,247,3246452371,2024-07-21T08:42:40Z,2024-07-21T09:38:18Z,,61.956001,70.785,membership,Payment by membership account and/or membership card,USCPIE15332321*1
ChargePoint Network,,,8851921,8851921,7SPC / SEVIERVILLE DC1,15571271,100011,3222019231,2024-07-10T15:59:21Z,2024-07-10T16:57:58Z,,5.087900,27.299,membership,Payment by membership account and/or membership card,USCPIE8851921*1
ChargePoint Network,,,13861861,13861861,BRMEMC / STATION 1,23296281,247,3211914061,2024-07-05T17:33:22Z,2024-07-05T18:15:20Z,,43.969700,75.655,membership,Payment by membership account and/or membership card,USCPIE13861861*1
ChargePoint Network,,,15640171,15640171,NECDC / STATION 2 (R),25228711,247,3254751191,2024-07-24T22:26:49Z,2024-07-24T23:04:55Z,,40.311100,66.924,membership,Payment by membership account and/or membership card,USCPIE15640171*1
ChargePoint Network,,,5363211,5363211,HARTSELLE 1 / HARTSELLE 1,23427571,3,3267389361,2024-07-30T17:06:08Z,2024-07-30T19:18:40Z,,15.901677,7.2668,membership,Payment by membership account and/or membership card,USCPIE5363211*1
ChargePoint Network,,,1988141,1988141,7SPC / SCES DREAM MORE,2355561,3,3252158921,2024-07-23T22:10:59Z,2024-07-23T22:12:41Z,,0.000000,0.0,membership,Payment by membership account and/or membership card,USCPIE1988141*1
ChargePoint Network,,,15640031,15640031,NECDC / STATION 1 (L),25228511,247,3236608061,2024-07-17T01:26:19Z,2024-07-17T02:01:22Z,,21.174801,60.04,membership,Payment by membership account and/or membership card,USCPIE15640031*1
ChargePoint Network,,,5525971,5525971,7SPC / SPARTA TN,9154681,3,3205834471,2024-07-02T18:00:09Z,2024-07-02T18:32:09Z,,3.568289,6.8556,membership,Payment by membership account and/or membership card,USCPIE5525971*1
ChargePoint Network,,,15885791,15885791,TWICKENHAM SQ / HU - STATION 3,25521611,247,3228283131,2024-07-13T01:49:07Z,2024-07-13T02:49:40Z,,43.019402,75.438,credit_card_terminal,Payment via credit card or debit card terminal,USCPIE15885791*1
ChargePoint Network,,,12720881,12720881,WRECC / STATION 1,21977141,247,3217974531,2024-07-08T22:20:08Z,2024-07-08T22:48:52Z,,53.578999,119.811,membership,Payment by membership account and/or membership card,USCPIE12720881*1
ChargePoint Network,,,13880891,13880891,MU / MUC MAIN OFFICE,23319011,3,3207562531,2024-07-03T12:42:12Z,2024-07-03T19:50:01Z,,50.875889,7.2919,membership,Payment by membership account and/or membership card,USCPIE13880891*1
ChargePoint Network,,,13606091,13606091,I24 EXIT11 / STATION 3 (RM),22992551,247,3261487321,2024-07-27T20:40:15Z,2024-07-27T21:06:31Z,,10.756700,31.652,other,Any other payment method not specified above. Additional description should be provided in Payment Method Description.,USCPIE13606091*1
ChargePoint Network,,,5625391,5625391,7SPC / VEC JAMESTOWN,9280961,3,3240508681,2024-07-18T16:39:18Z,2024-07-18T16:57:40Z,,2.205551,7.4922,membership,Payment by membership account and/or membership card,USCPIE5625391*1
ChargePoint Network,,,13664401,13664401,BTES / STATION 1 (LL),23060421,247,3227182971,2024-07-12T17:05:07Z,2024-07-12T17:25:12Z,,19.720200,62.0,membership,Payment by membership account and/or membership card,USCPIE13664401*1
ChargePoint Network,,,14047321,14047321,JEFFERSON AVE. / OXFORD STA2(R),23514081,247,3213103611,2024-07-06T05:12:30Z,2024-07-06T05:13:35Z,,0.274900,0.0,membership,Payment by membership account and/or membership card,USCPIE14047321*1
ChargePoint Network,,,15885791,15885791,TWICKENHAM SQ / HU - STATION 3,25521611,247,3247039711,2024-07-21T19:12:54Z,2024-07-21T19:38:00Z,,18.686399,59.29,membership,Payment by membership account and/or membership card,USCPIE15885791*1
ChargePoint Network,,,13861861,13861861,BRMEMC / STATION 1,23296281,247,3206693091,2024-07-03T00:17:43Z,2024-07-03T00:43:19Z,,24.018700,75.459,membership,Payment by membership account and/or membership card,USCPIE13861861*1
ChargePoint Network,,,15548181,15548181,DECATURDOWNTWN / STATION 2 (L),25119551,247,3212542621,2024-07-05T23:19:40Z,2024-07-05T23:21:27Z,,0.000000,0.0,membership,Payment by membership account and/or membership card,USCPIE15548181*1
ChargePoint Network,,,5354011,5354011,7SPC / GREENEVILLE TA,8936791,207,3209440441,2024-07-04T02:17:28Z,2024-07-04T02:31:40Z,,6.314400,27.874,membership,Payment by membership account and/or membership card,USCPIE5354011*1
ChargePoint Network,,,5354011,5354011,7SPC / GREENEVILLE TA,8936791,207,3262281651,2024-07-28T04:53:59Z,2024-07-28T05:29:13Z,,31.695299,58.212,membership,Payment by membership account and/or membership card,USCPIE5354011*1
ChargePoint Network,,,15694081,15694081,BRIGHTRIDGE EV / STATION 2 (R),25291921,247,3254857361,2024-07-24T23:11:50Z,2024-07-24T23:46:51Z,,40.048199,78.405,membership,Payment by membership account and/or membership card,USCPIE15694081*1
ChargePoint Network,,,5466441,5466441,7SPC / NASA USSRC R,9079371,3,3238397161,2024-07-17T19:52:08Z,2024-07-17T21:49:39Z,,12.094297,6.2705,membership,Payment by membership account and/or membership card,USCPIE5466441*2
ChargePoint Network,,,1932851,1932851,BRIGHTRIDGE EV / BR-JC LIBRARY,23319821,3,3217196671,2024-07-08T16:22:36Z,2024-07-08T19:35:45Z,,23.660185,7.434,membership,Payment by membership account and/or membership card,USCPIE1932851*2
ChargePoint Network,,,16022131,16022131,ACEPA / ACE STATION 1,25683791,247,3231690641,2024-07-15T01:32:19Z,2024-07-15T01:37:03Z,,0.228500,0.0,credit_card_terminal,Payment via credit card or debit card terminal,USCPIE16022131*1
ChargePoint Network,,,1988141,1988141,7SPC / SCES DREAM MORE,2355561,3,3243651231,2024-07-19T21:32:38Z,2024-07-19T23:00:43Z,,10.392396,7.2204,membership,Payment by membership account and/or membership card,USCPIE1988141*1
ChargePoint Network,,,7505851,7505851,JEFFERSON AVE. / OXFORD STA1(L),12955471,100011,3263088431,2024-07-28T20:00:22Z,2024-07-28T20:31:56Z,,8.314900,49.375,membership,Payment by membership account and/or membership card,USCPIE7505851*1
ChargePoint Network,,,15548151,15548151,DECATURDOWNTWN / STATION 1 (R),25119511,247,3236571251,2024-07-17T01:09:04Z,2024-07-17T01:45:04Z,,16.179600,66.599,credit_card_terminal,Payment via credit card or debit card terminal,USCPIE15548151*1
ChargePoint Network,,,13664471,13664471,BTES / STATION 3 (RM),23060511,247,3235812421,2024-07-16T19:56:54Z,2024-07-16T21:31:11Z,,103.912399,87.468,membership,Payment by membership account and/or membership card,USCPIE13664471*1
ChargePoint Network,,,14097711,14097711,SCOTTSBORO EPB / SEPB DCFC (R),23570811,247,3220505821,2024-07-09T22:59:38Z,2024-07-09T23:26:53Z,,30.738501,71.955,membership,Payment by membership account and/or membership card,USCPIE14097711*1
ChargePoint Network,,,15640031,15640031,NECDC / STATION 1 (L),25228511,247,3252650351,2024-07-24T01:49:00Z,2024-07-24T01:49:55Z,,0.000000,0.0,membership,Payment by membership account and/or membership card,USCPIE15640031*1
ChargePoint Network,,,5363211,5363211,HARTSELLE 1 / HARTSELLE 1,23427571,3,3226723151,2024-07-12T13:47:46Z,2024-07-12T13:49:33Z,,0.071478,3.8489,membership,Payment by membership account and/or membership card,USCPIE5363211*1
ChargePoint Network,,,12406401,12406401,FPIA / RIGHT STATION,21527671,247,3258031811,2024-07-26T03:48:22Z,2024-07-26T04:21:27Z,,20.326000,66.199,membership,Payment by membership account and/or membership card,USCPIE12406401*1
ChargePoint Network,,,1988141,1988141,7SPC / SCES DREAM MORE,2355571,3,3252003431,2024-07-23T21:05:13Z,2024-07-23T21:05:53Z,,0.000000,0.0,membership,Payment by membership account and/or membership card,USCPIE1988141*2
ChargePoint Network,,,13966851,13966851,BEA / STATION 1 (LL),23420911,247,3215482771,2024-07-07T19:47:42Z,2024-07-07T20:38:42Z,,27.875099,54.243,membership,Payment by membership account and/or membership card,USCPIE13966851*1
ChargePoint Network,,,15280471,15280471,SPRFLD ELECTRIC / STATION 1 (L),24807681,247,3256430571,2024-07-25T16:06:33Z,2024-07-25T17:39:30Z,,30.287701,62.963,membership,Payment by membership account and/or membership card,USCPIE15280471*1
ChargePoint Network,,,12460751,12460751,PES / LEFT STATION,22360171,215,3238499841,2024-07-17T20:33:46Z,2024-07-18T16:31:41Z,,16.680700,7.6805,membership,Payment by membership account and/or membership card,USCPIE12460751*1
ChargePoint Network,,,13664501,13664501,BTES / STATION 4 (RR),23060561,247,3244886711,2024-07-20T14:27:17Z,2024-07-20T14:50:54Z,,22.471100,63.307,roaming,Payment via roaming partners,USCPIE13664501*1
ChargePoint Network,,,5625391,5625391,7SPC / VEC JAMESTOWN,9280971,3,3232341271,2024-07-15T12:59:01Z,2024-07-15T17:31:53Z,,33.578663,7.4999,membership,Payment by membership account and/or membership card,USCPIE5625391*2
ChargePoint Network,,,15885251,15885251,TWICKENHAM SQ / HU - STATION 1,25520941,247,3255961061,2024-07-25T13:05:16Z,2024-07-25T13:33:33Z,,32.117802,73.458,credit_card_terminal,Payment via credit card or debit card terminal,USCPIE15885251*1
ChargePoint Network,,,14047321,14047321,JEFFERSON AVE. / OXFORD STA2(R),23514081,247,3228055381,2024-07-12T23:57:26Z,2024-07-13T00:08:56Z,,11.648400,66.98,membership,Payment by membership account and/or membership card,USCPIE14047321*1
ChargePoint Network,,,5346231,5346231,CULLMANELECTRIC / STATION2-R,8926271,247,3261530051,2024-07-27T21:05:50Z,2024-07-27T21:23:04Z,,15.845200,54.62,membership,Payment by membership account and/or membership card,USCPIE5346231*1
ChargePoint Network,,,9677521,9677521,UT PARKING / S7 STATION 1,17169331,3,3227025091,2024-07-12T16:01:00Z,2024-07-12T20:04:28Z,,25.528530,7.0717,membership,Payment by membership account and/or membership card,USCPIE9677521*1
ChargePoint Network,,,8851921,8851921,7SPC / SEVIERVILLE DC1,15571271,207,3222218381,2024-07-10T17:14:09Z,2024-07-10T17:21:26Z,,5.191800,0.0,membership,Payment by membership account and/or membership card,USCPIE8851921*1
ChargePoint Network,,,14359531,14359531,EBOFG / STATION 2 (R),23870331,247,3244860661,2024-07-20T14:05:18Z,2024-07-20T14:06:54Z,,0.000000,0.0,membership,Payment by membership account and/or membership card,USCPIE14359531*1
ChargePoint Network,,,8851921,8851921,7SPC / SEVIERVILLE DC1,15571271,207,3218181071,2024-07-08T23:59:58Z,2024-07-09T01:00:15Z,,55.321098,59.964,membership,Payment by membership account and/or membership card,USCPIE8851921*1
ChargePoint Network,,,13659871,13659871,LAWRENCEBURG / STATION 2 (R),23054921,247,3260855481,2024-07-27T13:53:33Z,2024-07-27T14:13:29Z,,35.567799,115.038,membership,Payment by membership account and/or membership card,USCPIE13659871*1
ChargePoint Network,,,8851921,8851921,7SPC / SEVIERVILLE DC1,15571271,207,3236106441,2024-07-16T21:57:46Z,2024-07-16T22:31:01Z,,27.576401,54.316,membership,Payment by membership account and/or membership card,USCPIE8851921*1
ChargePoint Network,,,8851921,8851921,7SPC / SEVIERVILLE DC1,15571271,207,3232350961,2024-07-15T13:03:05Z,2024-07-15T13:55:22Z,,41.505901,54.02,membership,Payment by membership account and/or membership card,USCPIE8851921*1
ChargePoint Network,,,12406491,12406491,FPIA / LEFT STATION,,,3255296031,2024-07-25T02:37:32Z,2024-07-25T02:39:45Z,,0.000000,,credit_card_terminal,Payment via credit card or debit card terminal,USCPIE12406491*0
ChargePoint Network,,,13606061,13606061,I24 EXIT11 / STATION 4 (RR),22992511,247,3265171781,2024-07-29T19:09:08Z,2024-07-29T19:15:50Z,,11.182800,110.824,membership,Payment by membership account and/or membership card,USCPIE13606061*1
ChargePoint Network,,,12406401,12406401,FPIA / RIGHT STATION,21527671,247,3225838571,2024-07-12T01:06:30Z,2024-07-12T01:06:54Z,,0.000000,0.0,membership,Payment by membership account and/or membership card,USCPIE12406401*1
ChargePoint Network,,,13664471,13664471,BTES / STATION 3 (RM),23060511,247,3261640471,2024-07-27T22:10:22Z,2024-07-27T22:22:07Z,,13.293500,75.62,membership,Payment by membership account and/or membership card,USCPIE13664471*1
ChargePoint Network,,,13861891,13861891,BRMEMC / STATION 2,23296321,247,3245484981,2024-07-20T20:40:58Z,2024-07-20T21:33:42Z,,49.087799,74.099,membership,Payment by membership account and/or membership card,USCPIE13861891*1
ChargePoint Network,,,13606061,13606061,I24 EXIT11 / STATION 4 (RR),22992511,247,3233006991,2024-07-15T17:38:26Z,2024-07-15T17:48:22Z,,8.535600,78.008,membership,Payment by membership account and/or membership card,USCPIE13606061*1
ChargePoint Network,,,13966051,13966051,BEA / STATION 3 (RM),23419981,247,3227207171,2024-07-12T17:15:43Z,2024-07-12T18:25:58Z,,73.003601,74.071,membership,Payment by membership account and/or membership card,USCPIE13966051*1
ChargePoint Network,,,1964521,1964521,EBOFG / GUNTERSVILLE PD,8374211,3,3217270701,2024-07-08T16:52:05Z,2024-07-08T21:36:21Z,,5.652133,3.6959,membership,Payment by membership account and/or membership card,USCPIE1964521*2
ChargePoint Network,,,13664471,13664471,BTES / STATION 3 (RM),23060511,247,3242972771,2024-07-19T16:29:50Z,2024-07-19T17:46:43Z,,46.191700,54.464,membership,Payment by membership account and/or membership card,USCPIE13664471*1
ChargePoint Network,,,13651631,13651631,MLEC / STATION 2 (R) H,23045821,247,3207458901,2024-07-03T11:34:11Z,2024-07-03T13:06:22Z,,30.368700,51.984,membership,Payment by membership account and/or membership card,USCPIE13651631*1
ChargePoint Network,,,5466441,5466441,7SPC / NASA USSRC R,9079361,3,3224879481,2024-07-11T18:16:15Z,2024-07-11T20:38:27Z,,14.784188,6.3199,membership,Payment by membership account and/or membership card,USCPIE5466441*1
ChargePoint Network,,,15332321,15332321,TUA NW ATLANTIC / STATION 1 (L),24867861,247,3254818311,2024-07-24T22:56:00Z,2024-07-25T00:26:15Z,,44.311501,53.728,membership,Payment by membership account and/or membership card,USCPIE15332321*1
ChargePoint Network,,,13659871,13659871,LAWRENCEBURG / STATION 2 (R),23054921,247,3233631481,2024-07-15T22:18:25Z,2024-07-15T22:20:08Z,,0.000000,0.0,membership,Payment by membership account and/or membership card,USCPIE13659871*1
ChargePoint Network,,,14047321,14047321,JEFFERSON AVE. / OXFORD STA2(R),23514081,247,3231815781,2024-07-15T02:58:06Z,2024-07-15T03:11:25Z,,14.803800,66.782,membership,Payment by membership account and/or membership card,USCPIE14047321*1
ChargePoint Network,,,5619801,5619801,7SPC / WARREN RECC BG,25687261,3,3246103081,2024-07-21T02:42:52Z,2024-07-21T03:26:12Z,,4.466145,6.2867,membership,Payment by membership account and/or membership card,USCPIE5619801*2
ChargePoint Network,,,12676411,12676411,NEMEPA / NEMEPA CUSTOMER,21923891,3,3209806031,2024-07-04T06:48:46Z,2024-07-04T07:12:51Z,,2.261503,5.9264,membership,Payment by membership account and/or membership card,USCPIE12676411*1
ChargePoint Network,,,1964521,1964521,EBOFG / GUNTERSVILLE PD,8374211,3,3223856311,2024-07-11T10:08:21Z,2024-07-11T14:09:20Z,,29.528490,7.4094,membership,Payment by membership account and/or membership card,USCPIE1964521*2
ChargePoint Network,,,15332321,15332321,TUA NW ATLANTIC / STATION 1 (L),24867861,247,3211894381,2024-07-05T17:22:30Z,2024-07-05T18:17:22Z,,38.688400,53.949,membership,Payment by membership account and/or membership card,USCPIE15332321*1
ChargePoint Network,,,15694171,15694171,BRIGHTRIDGE EV / STATION 1 (L),,,3263333831,2024-07-28T22:20:34Z,2024-07-28T22:21:03Z,,0.000000,,membership,Payment by membership account and/or membership card,USCPIE15694171*0
ChargePoint Network,,,13664401,13664401,BTES / STATION 1 (LL),23060421,247,3226775641,2024-07-12T14:15:53Z,2024-07-12T14:22:23Z,,0.000000,0.0,membership,Payment by membership account and/or membership card,USCPIE13664401*1
ChargePoint Network,,,15623231,15623231,CLW / 5TH ST 1 (L),25208301,247,3261245851,2024-07-27T18:20:27Z,2024-07-27T18:52:31Z,,36.303398,76.241,membership,Payment by membership account and/or membership card,USCPIE15623231*1
ChargePoint Network,,,15836871,15836871,TOMBIGBEE / TEPA CHARGER 1,25462501,247,3222124671,2024-07-10T16:36:44Z,2024-07-10T16:37:48Z,,0.000000,0.0,membership,Payment by membership account and/or membership card,USCPIE15836871*1
ChargePoint Network,,,13606061,13606061,I24 EXIT11 / STATION 4 (RR),22992511,247,3234189581,2024-07-16T02:48:28Z,2024-07-16T03:13:04Z,,28.773001,71.148,credit_card_terminal,Payment via credit card or debit card terminal,USCPIE13606061*1
ChargePoint Network,,,5346231,5346231,CULLMANELECTRIC / STATION2-R,8926271,247,3245810081,2024-07-20T23:44:01Z,2024-07-20T23:45:59Z,,0.000000,0.0,membership,Payment by membership account and/or membership card,USCPIE5346231*1
ChargePoint Network,,,13606141,13606141,I24 EXIT11 / STATION 1 (LL),22992611,247,3265680781,2024-07-29T22:53:47Z,2024-07-29T23:08:41Z,,17.287701,73.232,membership,Payment by membership account and/or membership card,USCPIE13606141*1
ChargePoint Network,,,5122191,5122191,CULLMANELECTRIC / STATION1-L,8482151,247,3216681611,2024-07-08T12:44:57Z,2024-07-08T13:03:33Z,,7.997700,0.0,membership,Payment by membership account and/or membership card,USCPIE5122191*1
ChargePoint Network,,,15684301,15684301,MLEC / STATION 1 (L) W,25280151,247,3210752721,2024-07-04T23:26:13Z,2024-07-04T23:26:55Z,,0.000000,0.0,membership,Payment by membership account and/or membership card,USCPIE15684301*1
ChargePoint Network,,,15332321,15332321,TUA NW ATLANTIC / STATION 1 (L),24867861,247,3239198871,2024-07-18T01:40:51Z,2024-07-18T02:05:33Z,,31.082500,79.949,credit_card_terminal,Payment via credit card or debit card terminal,USCPIE15332321*1
ChargePoint Network,,,5380331,5380331,CULLMAN PB / STATION 1,8970961,3,3246778801,2024-07-21T16:28:28Z,2024-07-21T16:51:54Z,,0.548460,1.4479,credit_card_terminal,Payment via credit card or debit card terminal,USCPIE5380331*2
ChargePoint Network,,,14083171,14083171,STEMC / STATION 1 (L) H,23554721,247,3220948461,2024-07-10T02:25:05Z,2024-07-10T02:41:30Z,,16.773899,74.879,membership,Payment by membership account and/or membership card,USCPIE14083171*1
ChargePoint Network,,,5565241,5565241,7SPC / SCES LECONTE 4,9205101,3,3254750321,2024-07-24T22:26:15Z,2024-07-24T22:31:06Z,,0.523367,7.0345,membership,Payment by membership account and/or membership card,USCPIE5565241*1
ChargePoint Network,,,13651611,13651611,MLEC / STATION 1 (L) H,23045791,247,3241388251,2024-07-18T22:59:45Z,2024-07-18T23:09:06Z,,4.366300,0.0,membership,Payment by membership account and/or membership card,USCPIE13651611*1
ChargePoint Network,,,16022101,16022101,ACEPA / ACE STATION 2,,,3233888611,2024-07-16T00:13:09Z,2024-07-16T00:15:10Z,,0.000000,0.0,membership,Payment by membership account and/or membership card,USCPIE16022101*0
ChargePoint Network,,,15623211,15623211,CLW / 5TH ST 2 (R),25208281,247,3229595521,2024-07-13T21:12:47Z,2024-07-13T22:21:55Z,,55.806198,76.241,membership,Payment by membership account and/or membership card,USCPIE15623211*1
ChargePoint Network,,,5346231,5346231,CULLMANELECTRIC / STATION2-R,8926271,247,3222414141,2024-07-10T18:45:46Z,2024-07-10T19:38:44Z,,49.218201,92.861,membership,Payment by membership account and/or membership card,USCPIE5346231*1
ChargePoint Network,,,1933211,1933211,BRIGHTRIDGE EV / BR-JONESBOROUGH,2283631,3,3203092951,2024-07-01T15:17:23Z,2024-07-01T17:19:37Z,,6.682158,3.3591,credit_card_terminal,Payment via credit card or debit card terminal,USCPIE1933211*1
ChargePoint Network,,,13861861,13861861,BRMEMC / STATION 1,23296281,247,3246636111,2024-07-21T14:37:49Z,2024-07-21T15:03:43Z,,30.686199,76.047,membership,Payment by membership account and/or membership card,USCPIE13861861*1
ChargePoint Network,,,12989161,12989161,BTES / CITY HALL,22285821,3,3224519501,2024-07-11T15:49:39Z,2024-07-11T15:56:55Z,,0.783128,6.9982,membership,Payment by membership account and/or membership card,USCPIE12989161*2
ChargePoint Network,,,8851921,8851921,7SPC / SEVIERVILLE DC1,15571271,207,3249245531,2024-07-22T19:09:20Z,2024-07-22T20:02:17Z,,39.086300,59.905,membership,Payment by membership account and/or membership card,USCPIE8851921*1
ChargePoint Network,,,14025691,14025691,PARIS BPU / STATION 1(L),23489541,247,3205912551,2024-07-02T18:37:26Z,2024-07-02T20:04:15Z,,40.845901,54.832,membership,Payment by membership account and/or membership card,USCPIE14025691*1
ChargePoint Network,,,5346231,5346231,CULLMANELECTRIC / STATION2-R,8926271,247,3261226141,2024-07-27T18:08:26Z,2024-07-27T18:56:14Z,,56.445801,122.891,membership,Payment by membership account and/or membership card,USCPIE5346231*1
ChargePoint Network,,,1964521,1964521,EBOFG / GUNTERSVILLE PD,8374201,3,3241028981,2024-07-18T20:27:11Z,2024-07-18T21:47:08Z,,9.704787,7.3714,membership,Payment by membership account and/or membership card,USCPIE1964521*1
ChargePoint Network,,,1988141,1988141,7SPC / SCES DREAM MORE,2355571,3,3248239161,2024-07-22T11:26:08Z,2024-07-22T22:28:43Z,,47.369892,7.1274,membership,Payment by membership account and/or membership card,USCPIE1988141*2
ChargePoint Network,,,15885251,15885251,TWICKENHAM SQ / HU - STATION 1,25520941,247,3226880401,2024-07-12T15:04:52Z,2024-07-12T16:22:49Z,,34.391899,122.247,membership,Payment by membership account and/or membership card,USCPIE15885251*1
ChargePoint Network,,,8851921,8851921,7SPC / SEVIERVILLE DC1,15571271,207,3219822711,2024-07-09T17:58:25Z,2024-07-09T18:44:53Z,,43.292500,61.757,credit_card_terminal,Payment via credit card or debit card terminal,USCPIE8851921*1
ChargePoint Network,,,13290491,13290491,7SPC / NASA USSRC L,25742681,3,3220751491,2024-07-10T00:49:40Z,2024-07-10T12:21:20Z,,11.020224,6.0143,membership,Payment by membership account and/or membership card,USCPIE13290491*2
ChargePoint Network,,,13423691,13423691,AEC / STATION #1 (L),22787121,247,3261671651,2024-07-27T22:28:46Z,2024-07-27T22:57:04Z,,26.072901,81.972,membership,Payment by membership account and/or membership card,USCPIE13423691*1
ChargePoint Network,,,8851921,8851921,7SPC / SEVIERVILLE DC1,15571271,207,3255890981,2024-07-25T12:31:12Z,2024-07-25T12:46:43Z,,13.660600,56.518,membership,Payment by membership account and/or membership card,USCPIE8851921*1
ChargePoint Network,,,1933211,1933211,BRIGHTRIDGE EV / BR-JONESBOROUGH,2283641,3,3214350711,2024-07-07T00:39:43Z,2024-07-07T02:29:42Z,,10.841366,6.1122,membership,Payment by membership account and/or membership card,USCPIE1933211*2
ChargePoint Network,,,14359531,14359531,EBOFG / STATION 2 (R),23870331,247,3220248651,2024-07-09T21:08:07Z,2024-07-09T21:39:37Z,,31.982201,76.832,credit_card_terminal,Payment via credit card or debit card terminal,USCPIE14359531*1
ChargePoint Network,,,8851921,8851921,7SPC / SEVIERVILLE DC1,15571271,207,3226746631,2024-07-12T14:00:22Z,2024-07-12T14:10:20Z,,0.000000,0.0,membership,Payment by membership account and/or membership card,USCPIE8851921*1
ChargePoint Network,,,14337221,14337221,HOLSTONELECTRIC / CHURCH HILL-1,23844801,247,3216295921,2024-07-08T04:02:06Z,2024-07-08T05:04:22Z,,38.035400,74.4,credit_card_terminal,Payment via credit card or debit card terminal,USCPIE14337221*1
ChargePoint Network,,,15885791,15885791,TWICKENHAM SQ / HU - STATION 3,25521611,247,3246851861,2024-07-21T17:16:21Z,2024-07-21T18:33:47Z,,25.024200,76.23,membership,Payment by membership account and/or membership card,USCPIE15885791*1
ChargePoint Network,,,15623231,15623231,CLW / 5TH ST 1 (L),,,3202998971,2024-07-01T14:39:06Z,2024-07-01T14:41:07Z,,0.000000,0.0,membership,Payment by membership account and/or membership card,USCPIE15623231*0
ChargePoint Network,,,13606061,13606061,I24 EXIT11 / STATION 4 (RR),22992511,247,3229836091,2024-07-13T23:34:07Z,2024-07-13T23:44:38Z,,8.301100,0.0,membership,Payment by membership account and/or membership card,USCPIE13606061*1
ChargePoint Network,,,13606061,13606061,I24 EXIT11 / STATION 4 (RR),22992511,247,3213781741,2024-07-06T18:44:33Z,2024-07-06T18:46:19Z,,0.000000,0.0,membership,Payment by membership account and/or membership card,USCPIE13606061*1
ChargePoint Network,,,14097711,14097711,SCOTTSBORO EPB / SEPB DCFC (R),23570811,247,3220211181,2024-07-09T20:51:30Z,2024-07-09T21:06:44Z,,18.595501,76.625,membership,Payment by membership account and/or membership card,USCPIE14097711*1
ChargePoint Network,,,13664501,13664501,BTES / STATION 4 (RR),23060561,247,3239928571,2024-07-18T12:52:09Z,2024-07-18T13:15:30Z,,16.613300,54.167,membership,Payment by membership account and/or membership card,USCPIE13664501*1
ChargePoint Network,,,13606091,13606091,I24 EXIT11 / STATION 3 (RM),22992551,247,3208825301,2024-07-03T21:29:09Z,2024-07-03T21:49:48Z,,23.564501,71.904,credit_card_terminal,Payment via credit card or debit card terminal,USCPIE13606091*1
ChargePoint Network,,,15885151,15885151,TWICKENHAM SQ / HU - STATION 2,25520801,247,3229532621,2024-07-13T20:35:07Z,2024-07-13T21:18:53Z,,40.052799,69.188,membership,Payment by membership account and/or membership card,USCPIE15885151*1
ChargePoint Network,,,12754021,12754021,WCMES / CITYHALL1-L,22015241,247,3230853591,2024-07-14T17:15:42Z,2024-07-14T17:15:58Z,,0.000000,0.0,membership,Payment by membership account and/or membership card,USCPIE12754021*1
ChargePoint Network,,,5625391,5625391,7SPC / VEC JAMESTOWN,9280961,3,3266251561,2024-07-30T03:40:59Z,2024-07-30T04:07:26Z,,3.214060,7.4675,membership,Payment by membership account and/or membership card,USCPIE5625391*1
ChargePoint Network,,,1844191,1844191,CLW / MAIN ST,23050441,3,3246092141,2024-07-21T02:34:53Z,2024-07-21T02:45:11Z,,1.134167,7.1179,membership,Payment by membership account and/or membership card,USCPIE1844191*2
ChargePoint Network,,,5354011,5354011,7SPC / GREENEVILLE TA,8936791,207,3259625691,2024-07-26T21:08:49Z,2024-07-26T21:35:22Z,,26.043900,61.138,credit_card_terminal,Payment via credit card or debit card terminal,USCPIE5354011*1
ChargePoint Network,,,14355251,14355251,HARTSELLE 1 / STATION 2 (R),23865691,247,3256588481,2024-07-25T17:04:19Z,2024-07-25T17:47:42Z,,28.522400,73.319,credit_card_terminal,Payment via credit card or debit card terminal,USCPIE14355251*1
ChargePoint Network,,,13423691,13423691,AEC / STATION #1 (L),22787121,247,3212449691,2024-07-05T22:25:19Z,2024-07-05T22:43:21Z,,20.402399,70.755,membership,Payment by membership account and/or membership card,USCPIE13423691*1
ChargePoint Network,,,13606121,13606121,I24 EXIT11 / STATION 2 (LM),22992591,247,3235000801,2024-07-16T14:31:45Z,2024-07-16T14:42:24Z,,17.089899,0.0,membership,Payment by membership account and/or membership card,USCPIE13606121*1
ChargePoint Network,,,5346231,5346231,CULLMANELECTRIC / STATION2-R,8926271,247,3231396761,2024-07-14T22:50:31Z,2024-07-14T22:52:54Z,,0.000000,0.0,membership,Payment by membership account and/or membership card,USCPIE5346231*1
ChargePoint Network,,,13664501,13664501,BTES / STATION 4 (RR),23060561,247,3254344131,2024-07-24T19:37:26Z,2024-07-24T19:59:17Z,,32.118000,114.235,membership,Payment by membership account and/or membership card,USCPIE13664501*1
ChargePoint Network,,,15836981,15836981,TOMBIGBEE / TEPA CHARGER 2,25462651,247,3245049451,2024-07-20T16:23:59Z,2024-07-20T16:48:36Z,,24.501301,73.086,membership,Payment by membership account and/or membership card,USCPIE15836981*1
ChargePoint Network,,,15836871,15836871,TOMBIGBEE / TEPA CHARGER 1,25462501,247,3261593021,2024-07-27T21:42:38Z,2024-07-27T21:46:16Z,,0.000000,0.0,membership,Payment by membership account and/or membership card,USCPIE15836871*1
ChargePoint Network,,,13651631,13651631,MLEC / STATION 2 (R) H,23045821,247,3210534311,2024-07-04T20:28:15Z,2024-07-04T21:04:04Z,,41.105598,78.008,membership,Payment by membership account and/or membership card,USCPIE13651631*1
ChargePoint Network,,,5565241,5565241,7SPC / SCES LECONTE 4,9205101,3,3220176421,2024-07-09T20:35:52Z,2024-07-10T01:55:38Z,,36.130169,6.8994,membership,Payment by membership account and/or membership card,USCPIE5565241*1
ChargePoint Network,,,1988141,1988141,7SPC / SCES DREAM MORE,2355571,3,3207102921,2024-07-03T03:50:54Z,2024-07-03T15:05:44Z,,55.643219,7.2269,membership,Payment by membership account and/or membership card,USCPIE1988141*2
ChargePoint Network,,,13659871,13659871,LAWRENCEBURG / STATION 2 (R),23054921,247,3211867531,2024-07-05T17:07:21Z,2024-07-05T17:07:54Z,,0.000000,0.0,membership,Payment by membership account and/or membership card,USCPIE13659871*1
ChargePoint Network,,,8851921,8851921,7SPC / SEVIERVILLE DC1,15571271,207,3214174261,2024-07-06T22:49:59Z,2024-07-06T23:49:31Z,,43.620098,60.06,membership,Payment by membership account and/or membership card,USCPIE8851921*1
ChargePoint Network,,,14047321,14047321,JEFFERSON AVE. / OXFORD STA2(R),23514081,247,3212180271,2024-07-05T19:56:42Z,2024-07-05T19:57:18Z,,0.000000,0.0,membership,Payment by membership account and/or membership card,USCPIE14047321*1
ChargePoint Network,,,13880891,13880891,MU / MUC MAIN OFFICE,23319011,3,3230712671,2024-07-14T15:36:07Z,2024-07-14T20:17:49Z,,31.601532,7.2258,membership,Payment by membership account and/or membership card,USCPIE13880891*1
ChargePoint Network,,,13861891,13861891,BRMEMC / STATION 2,23296321,247,3247287621,2024-07-21T21:38:23Z,2024-07-21T22:41:55Z,,50.225101,74.48,credit_card_terminal,Payment via credit card or debit card terminal,USCPIE13861891*1
ChargePoint Network,,,15623211,15623211,CLW / 5TH ST 2 (R),25208281,247,3215402111,2024-07-07T18:58:09Z,2024-07-07T19:34:36Z,,41.298302,73.319,credit_card_terminal,Payment via credit card or debit card terminal,USCPIE15623211*1
ChargePoint Network,,,15548151,15548151,DECATURDOWNTWN / STATION 1 (R),25119511,247,3218079201,2024-07-08T23:08:26Z,2024-07-08T23:17:27Z,,15.164600,111.958,membership,Payment by membership account and/or membership card,USCPIE15548151*1
ChargePoint Network,,,13861891,13861891,BRMEMC / STATION 2,23296321,100011,3267295011,2024-07-30T16:28:03Z,2024-07-30T17:13:37Z,,28.709999,49.776,membership,Payment by membership account and/or membership card,USCPIE13861891*1
ChargePoint Network,,,1988141,1988141,7SPC / SCES DREAM MORE,2355571,3,3229759351,2024-07-13T22:49:52Z,2024-07-14T02:07:29Z,,22.969156,7.1342,membership,Payment by membership account and/or membership card,USCPIE1988141*2
ChargePoint Network,,,15885771,15885771,TWICKENHAM SQ / HU - STATION 4,25521581,247,3211124591,2024-07-05T04:07:07Z,2024-07-05T04:30:10Z,,24.486000,73.26,credit_card_terminal,Payment via credit card or debit card terminal,USCPIE15885771*1
ChargePoint Network,,,15694081,15694081,BRIGHTRIDGE EV / STATION 2 (R),25291921,247,3242847511,2024-07-19T15:44:27Z,2024-07-19T16:07:45Z,,23.606800,89.244,credit_card_terminal,Payment via credit card or debit card terminal,USCPIE15694081*1
ChargePoint Network,,,15885151,15885151,TWICKENHAM SQ / HU - STATION 2,25520801,247,3203454341,2024-07-01T17:48:54Z,2024-07-01T18:00:09Z,,11.646800,69.344,membership,Payment by membership account and/or membership card,USCPIE15885151*1
ChargePoint Network,,,5122191,5122191,CULLMANELECTRIC / STATION1-L,8482151,247,3229077911,2024-07-13T15:59:16Z,2024-07-13T16:01:30Z,,0.000000,0.0,membership,Payment by membership account and/or membership card,USCPIE5122191*1
ChargePoint Network,,,13861891,13861891,BRMEMC / STATION 2,23296321,247,3203629221,2024-07-01T19:15:23Z,2024-07-01T19:57:39Z,,23.127001,53.801,membership,Payment by membership account and/or membership card,USCPIE13861891*1
ChargePoint Network,,,15684341,15684341,MLEC / STATION 2 (R) W,,,3210792301,2024-07-04T23:58:19Z,2024-07-05T00:00:35Z,,0.000000,,credit_card_terminal,Payment via credit card or debit card terminal,USCPIE15684341*0
ChargePoint Network,,,8851921,8851921,7SPC / SEVIERVILLE DC1,15571271,207,3262069101,2024-07-28T02:23:18Z,2024-07-28T02:52:47Z,,22.746000,57.442,membership,Payment by membership account and/or membership card,USCPIE8851921*1
ChargePoint Network,,,5380331,5380331,CULLMAN PB / STATION 1,8970951,3,3245609911,2024-07-20T21:51:06Z,2024-07-20T21:53:06Z,,0.000000,0.0,membership,Payment by membership account and/or membership card,USCPIE5380331*1
ChargePoint Network,,,5466441,5466441,7SPC / NASA USSRC R,9079371,3,3226931171,2024-07-12T15:25:34Z,2024-07-12T16:24:34Z,,6.166761,6.3383,membership,Payment by membership account and/or membership card,USCPIE5466441*2
ChargePoint Network,,,5363211,5363211,HARTSELLE 1 / HARTSELLE 1,23427571,3,3226726921,2024-07-12T13:50:18Z,2024-07-12T14:22:05Z,,3.792192,7.3038,membership,Payment by membership account and/or membership card,USCPIE5363211*1
ChargePoint Network,,,5619801,5619801,7SPC / WARREN RECC BG,25687251,3,3216161801,2024-07-08T02:30:19Z,2024-07-08T02:51:46Z,,2.114179,6.0471,membership,Payment by membership account and/or membership card,USCPIE5619801*1
ChargePoint Network,,,14359531,14359531,EBOFG / STATION 2 (R),23870331,247,3212486461,2024-07-05T22:47:12Z,2024-07-06T01:39:31Z,,76.730797,123.69,membership,Payment by membership account and/or membership card,USCPIE14359531*1
ChargePoint Network,,,12720861,12720861,WRECC / STATION 2,21977121,247,3247394971,2024-07-21T22:37:24Z,2024-07-21T22:38:27Z,,0.013700,0.0,membership,Payment by membership account and/or membership card,USCPIE12720861*1
ChargePoint Network,,,15332351,15332351,TUA NW ATLANTIC / STATION 2 (R),24867891,247,3225068081,2024-07-11T19:41:09Z,2024-07-11T20:27:07Z,,61.845501,121.447,membership,Payment by membership account and/or membership card,USCPIE15332351*1
ChargePoint Network,,,13026471,13026471,WCMES / CITYHALL2-R,22328331,247,3244204241,2024-07-20T02:00:00Z,2024-07-20T02:06:22Z,,6.651000,0.0,membership,Payment by membership account and/or membership card,USCPIE13026471*1
ChargePoint Network,,,13643801,13643801,PEPA / STATION 2,23036481,247,3202568081,2024-07-01T08:54:21Z,2024-07-01T09:12:51Z,,21.168600,71.279,membership,Payment by membership account and/or membership card,USCPIE13643801*1
ChargePoint Network,,,15640171,15640171,NECDC / STATION 2 (R),25228711,247,3261496541,2024-07-27T20:46:40Z,2024-07-27T21:39:48Z,,51.759399,69.344,membership,Payment by membership account and/or membership card,USCPIE15640171*1
ChargePoint Network,,,14097711,14097711,SCOTTSBORO EPB / SEPB DCFC (R),23570811,247,3211798241,2024-07-05T16:29:53Z,2024-07-05T16:52:42Z,,16.097500,46.826,membership,Payment by membership account and/or membership card,USCPIE14097711*1
ChargePoint Network,,,1844191,1844191,CLW / MAIN ST,23050441,3,3206342181,2024-07-02T21:44:30Z,2024-07-03T00:44:23Z,,21.187700,7.1732,credit_card_terminal,Payment via credit card or debit card terminal,USCPIE1844191*2
ChargePoint Network,,,14047321,14047321,JEFFERSON AVE. / OXFORD STA2(R),23514081,247,3207742521,2024-07-03T14:12:24Z,2024-07-03T19:34:18Z,,31.295700,74.823,membership,Payment by membership account and/or membership card,USCPIE14047321*1
ChargePoint Network,,,1844191,1844191,CLW / MAIN ST,23050431,3,3208811631,2024-07-03T21:22:52Z,2024-07-04T02:04:18Z,,31.998058,7.2395,credit_card_terminal,Payment via credit card or debit card terminal,USCPIE1844191*1
ChargePoint Network,,,13861861,13861861,BRMEMC / STATION 1,23296281,247,3232387511,2024-07-15T13:23:14Z,2024-07-15T14:33:23Z,,67.494301,74.676,membership,Payment by membership account and/or membership card,USCPIE13861861*1
ChargePoint Network,,,15885771,15885771,TWICKENHAM SQ / HU - STATION 4,25521581,247,3214182061,2024-07-06T22:54:26Z,2024-07-06T23:41:32Z,,55.521301,76.047,credit_card_terminal,Payment via credit card or debit card terminal,USCPIE15885771*1
ChargePoint Network,,,15280441,15280441,SPRFLD ELECTRIC / STATION 2 (R),24807641,247,3210011021,2024-07-04T13:08:59Z,2024-07-04T14:19:57Z,,47.604698,54.611,membership,Payment by membership account and/or membership card,USCPIE15280441*1
ChargePoint Network,,,5565191,5565191,7SPC / DOLLYWOOD EMPL,9205031,3,3235602571,2024-07-16T18:23:46Z,2024-07-16T23:50:18Z,,35.755096,6.7587,membership,Payment by membership account and/or membership card,USCPIE5565191*1
ChargePoint Network,,,1988141,1988141,7SPC / SCES DREAM MORE,2355561,3,3206388171,2024-07-02T22:00:05Z,2024-07-02T22:02:05Z,,0.000000,0.0,membership,Payment by membership account and/or membership card,USCPIE1988141*1
ChargePoint Network,,,15836981,15836981,TOMBIGBEE / TEPA CHARGER 2,25462651,247,3215058211,2024-07-07T15:03:12Z,2024-07-07T15:28:19Z,,20.933201,49.112,membership,Payment by membership account and/or membership card,USCPIE15836981*1
ChargePoint Network,,,15332351,15332351,TUA NW ATLANTIC / STATION 2 (R),24867891,247,3226935701,2024-07-12T15:27:16Z,2024-07-12T15:50:09Z,,40.471600,113.847,membership,Payment by membership account and/or membership card,USCPIE15332351*1
ChargePoint Network,,,14083171,14083171,STEMC / STATION 1 (L) H,23554721,247,3227549861,2024-07-12T19:55:42Z,2024-07-12T20:21:17Z,,29.016001,77.599,membership,Payment by membership account and/or membership card,USCPIE14083171*1
ChargePoint Network,,,15623211,15623211,CLW / 5TH ST 2 (R),25208281,247,3227796931,2024-07-12T21:47:34Z,2024-07-12T22:01:59Z,,15.925900,69.614,membership,Payment by membership account and/or membership card,USCPIE15623211*1
ChargePoint Network,,,15640171,15640171,NECDC / STATION 2 (R),25228711,247,3212602801,2024-07-05T23:55:58Z,2024-07-06T00:16:07Z,,19.359900,87.912,credit_card_terminal,Payment via credit card or debit card terminal,USCPIE15640171*1
ChargePoint Network,,,15640171,15640171,NECDC / STATION 2 (R),25228711,247,3229595481,2024-07-13T21:12:38Z,2024-07-13T21:55:58Z,,41.714500,75.253,membership,Payment by membership account and/or membership card,USCPIE15640171*1
ChargePoint Network,,,5363211,5363211,HARTSELLE 1 / HARTSELLE 1,23427581,3,3245021741,2024-07-20T16:05:42Z,2024-07-20T16:41:41Z,,4.093518,6.9458,membership,Payment by membership account and/or membership card,USCPIE5363211*2
ChargePoint Network,,,5346231,5346231,CULLMANELECTRIC / STATION2-R,8926271,247,3220310101,2024-07-09T21:34:47Z,2024-07-09T22:04:00Z,,28.503599,87.434,membership,Payment by membership account and/or membership card,USCPIE5346231*1
ChargePoint Network,,,12406401,12406401,FPIA / RIGHT STATION,21527671,247,3211597041,2024-07-05T14:39:28Z,2024-07-05T14:50:47Z,,10.995800,69.174,membership,Payment by membership account and/or membership card,USCPIE12406401*1
ChargePoint Network,,,15885151,15885151,TWICKENHAM SQ / HU - STATION 2,25520801,247,3212524951,2024-07-05T23:09:08Z,2024-07-05T23:09:35Z,,0.000000,0.0,membership,Payment by membership account and/or membership card,USCPIE15885151*1
ChargePoint Network,,,13651631,13651631,MLEC / STATION 2 (R) H,23045821,247,3262376101,2024-07-28T06:43:27Z,2024-07-28T07:36:02Z,,65.931198,80.179,membership,Payment by membership account and/or membership card,USCPIE13651631*1
ChargePoint Network,,,14355251,14355251,HARTSELLE 1 / STATION 2 (R),23865691,247,3222665831,2024-07-10T20:35:01Z,2024-07-10T21:31:04Z,,41.834000,53.728,membership,Payment by membership account and/or membership card,USCPIE14355251*1
ChargePoint Network,,,5525971,5525971,7SPC / SPARTA TN,9154681,3,3215946241,2024-07-08T00:17:05Z,2024-07-08T00:37:38Z,,2.291420,6.8905,membership,Payment by membership account and/or membership card,USCPIE5525971*1
ChargePoint Network,,,5346231,5346231,CULLMANELECTRIC / STATION2-R,8926271,247,3265647081,2024-07-29T22:37:40Z,2024-07-29T23:22:10Z,,28.669001,54.464,membership,Payment by membership account and/or membership card,USCPIE5346231*1
ChargePoint Network,,,13803581,13803581,FPU / STATION 1 (L),23227201,247,3242983841,2024-07-19T16:34:29Z,2024-07-19T17:13:01Z,,30.423401,59.823,membership,Payment by membership account and/or membership card,USCPIE13803581*1
ChargePoint Network,,,12448521,12448521,7SPC / WARREN RECC LF,21576921,3,3248297941,2024-07-22T12:10:52Z,2024-07-22T17:26:02Z,,31.245295,6.0718,membership,Payment by membership account and/or membership card,USCPIE12448521*2
ChargePoint Network,,,13026471,13026471,WCMES / CITYHALL2-R,22328331,247,3220409821,2024-07-09T22:16:41Z,2024-07-09T23:10:55Z,,33.487701,72.889,membership,Payment by membership account and/or membership card,USCPIE13026471*1
ChargePoint Network,,,15684301,15684301,MLEC / STATION 1 (L) W,25280151,247,3204689471,2024-07-02T04:01:07Z,2024-07-02T04:54:50Z,,55.156799,75.222,membership,Payment by membership account and/or membership card,USCPIE15684301*1
ChargePoint Network,,,5565251,5565251,7SPC / SCES LECONTE 3,9205131,3,3256464211,2024-07-25T16:17:34Z,2024-07-25T21:04:34Z,,33.261471,7.0169,membership,Payment by membership account and/or membership card,USCPIE5565251*2
ChargePoint Network,,,12720861,12720861,WRECC / STATION 2,21977121,247,3243255421,2024-07-19T18:37:37Z,2024-07-19T18:59:14Z,,18.154900,53.7,roaming,Payment via roaming partners,USCPIE12720861*1
ChargePoint Network,,,13606061,13606061,I24 EXIT11 / STATION 4 (RR),22992511,247,3265758641,2024-07-29T23:29:01Z,2024-07-30T00:15:28Z,,49.303501,78.606,credit_card_terminal,Payment via credit card or debit card terminal,USCPIE13606061*1
ChargePoint Network,,,5466441,5466441,7SPC / NASA USSRC R,9079361,3,3259191471,2024-07-26T17:50:58Z,2024-07-26T17:52:57Z,,0.000000,0.0,membership,Payment by membership account and/or membership card,USCPIE5466441*1
ChargePoint Network,,,12406401,12406401,FPIA / RIGHT STATION,21527671,247,3225841301,2024-07-12T01:07:36Z,2024-07-12T01:30:45Z,,22.705799,65.856,membership,Payment by membership account and/or membership card,USCPIE12406401*1
ChargePoint Network,,,15623211,15623211,CLW / 5TH ST 2 (R),25208281,247,3246230861,2024-07-21T04:01:58Z,2024-07-21T04:42:02Z,,57.093102,92.568,membership,Payment by membership account and/or membership card,USCPIE15623211*1
ChargePoint Network,,,14359531,14359531,EBOFG / STATION 2 (R),23870331,247,3212291551,2024-07-05T20:58:23Z,2024-07-05T21:20:28Z,,39.131599,119.66,membership,Payment by membership account and/or membership card,USCPIE14359531*1
ChargePoint Network,,,5565291,5565291,7SPC / SCES LECONTE 1,9205201,3,3213603671,2024-07-06T16:52:39Z,2024-07-06T19:27:35Z,,17.691824,6.9311,credit_card_terminal,Payment via credit card or debit card terminal,USCPIE5565291*2
ChargePoint Network,,,15885151,15885151,TWICKENHAM SQ / HU - STATION 2,25520801,247,3243663811,2024-07-19T21:38:55Z,2024-07-19T22:18:15Z,,26.162300,75.459,membership,Payment by membership account and/or membership card,USCPIE15885151*1
ChargePoint Network,,,14047321,14047321,JEFFERSON AVE. / OXFORD STA2(R),23514081,247,3246205771,2024-07-21T03:53:49Z,2024-07-21T04:51:27Z,,72.719299,87.024,membership,Payment by membership account and/or membership card,USCPIE14047321*1
ChargePoint Network,,,1988061,1988061,7SPC / SCES DOLLYWOOD,25499841,3,3208851451,2024-07-03T21:40:22Z,2024-07-04T02:13:43Z,,31.282866,7.0724,credit_card_terminal,Payment via credit card or debit card terminal,USCPIE1988061*2
ChargePoint Network,,,5525971,5525971,7SPC / SPARTA TN,9154681,3,3224855091,2024-07-11T18:04:28Z,2024-07-11T18:35:15Z,,3.450968,6.9178,membership,Payment by membership account and/or membership card,USCPIE5525971*1
ChargePoint Network,,,1964521,1964521,EBOFG / GUNTERSVILLE PD,8374211,3,3219688581,2024-07-09T16:56:46Z,2024-07-09T21:36:03Z,,7.628645,3.6911,membership,Payment by membership account and/or membership card,USCPIE1964521*2
ChargePoint Network,,,15694081,15694081,BRIGHTRIDGE EV / STATION 2 (R),25291921,100011,3218052421,2024-07-08T22:56:34Z,2024-07-08T23:33:38Z,,24.907801,52.196,membership,Payment by membership account and/or membership card,USCPIE15694081*1
ChargePoint Network,,,1988141,1988141,7SPC / SCES DREAM MORE,2355561,3,3252036461,2024-07-23T21:19:07Z,2024-07-23T21:19:29Z,,0.000000,0.0,membership,Payment by membership account and/or membership card,USCPIE1988141*1
ChargePoint Network,,,14097711,14097711,SCOTTSBORO EPB / SEPB DCFC (R),23570811,247,3244955011,2024-07-20T15:20:48Z,2024-07-20T16:47:41Z,,34.155800,53.131,credit_card_terminal,Payment via credit card or debit card terminal,USCPIE14097711*1
ChargePoint Network,,,13026471,13026471,WCMES / CITYHALL2-R,22328331,247,3258775631,2024-07-26T15:05:36Z,2024-07-26T15:06:50Z,,0.000000,0.0,membership,Payment by membership account and/or membership card,USCPIE13026471*1
ChargePoint Network,,,15684301,15684301,MLEC / STATION 1 (L) W,25280151,247,3210751091,2024-07-04T23:24:30Z,2024-07-04T23:25:39Z,,0.000000,0.0,membership,Payment by membership account and/or membership card,USCPIE15684301*1
ChargePoint Network,,,15250701,15250701,SES-TN / STATION 2,24772611,100011,3212006361,2024-07-05T18:25:12Z,2024-07-05T19:10:42Z,,20.538700,39.848,membership,Payment by membership account and/or membership card,USCPIE15250701*1
ChargePoint Network,,,16022131,16022131,ACEPA / ACE STATION 1,25683791,247,3231701261,2024-07-15T01:39:50Z,2024-07-15T01:41:08Z,,0.180500,0.0,credit_card_terminal,Payment via credit card or debit card terminal,USCPIE16022131*1
ChargePoint Network,,,15332321,15332321,TUA NW ATLANTIC / STATION 1 (L),24867861,247,3243495061,2024-07-19T20:23:14Z,2024-07-19T20:44:25Z,,24.442301,70.167,membership,Payment by membership account and/or membership card,USCPIE15332321*1
ChargePoint Network,,,13803581,13803581,FPU / STATION 1 (L),23227201,247,3235097981,2024-07-16T15:07:28Z,2024-07-16T16:10:09Z,,29.031200,61.047,membership,Payment by membership account and/or membership card,USCPIE13803581*1
ChargePoint Network,,,5122191,5122191,CULLMANELECTRIC / STATION1-L,8482151,247,3214307981,2024-07-07T00:11:41Z,2024-07-07T00:37:00Z,,27.911800,79.596,membership,Payment by membership account and/or membership card,USCPIE5122191*1
ChargePoint Network,,,5346231,5346231,CULLMANELECTRIC / STATION2-R,8926271,247,3251746821,2024-07-23T19:17:29Z,2024-07-23T19:39:15Z,,24.849800,72.666,membership,Payment by membership account and/or membership card,USCPIE5346231*1
ChargePoint Network,,,5625391,5625391,7SPC / VEC JAMESTOWN,9280971,3,3217797511,2024-07-08T21:00:08Z,2024-07-08T23:41:54Z,,19.483545,,membership,Payment by membership account and/or membership card,USCPIE5625391*2
ChargePoint Network,,,15885151,15885151,TWICKENHAM SQ / HU - STATION 2,25520801,247,3245389901,2024-07-20T19:46:29Z,2024-07-20T20:00:15Z,,25.115700,120.717,membership,Payment by membership account and/or membership card,USCPIE15885151*1
ChargePoint Network,,,15684341,15684341,MLEC / STATION 2 (R) W,25280201,247,3213350781,2024-07-06T13:33:06Z,2024-07-06T14:10:14Z,,44.298199,76.428,membership,Payment by membership account and/or membership card,USCPIE15684341*1
ChargePoint Network,,,12720881,12720881,WRECC / STATION 1,21977141,247,3214369981,2024-07-07T00:51:14Z,2024-07-07T01:06:43Z,,20.876900,88.66,membership,Payment by membership account and/or membership card,USCPIE12720881*1
ChargePoint Network,,,12406491,12406491,FPIA / LEFT STATION,21527781,247,3213236511,2024-07-06T09:54:50Z,2024-07-06T10:35:52Z,,23.944901,53.639,membership,Payment by membership account and/or membership card,USCPIE12406491*1
ChargePoint Network,,,14359531,14359531,EBOFG / STATION 2 (R),23870331,247,3225309401,2024-07-11T21:20:03Z,2024-07-11T21:38:14Z,,17.094601,76.435,credit_card_terminal,Payment via credit card or debit card terminal,USCPIE14359531*1
ChargePoint Network,,,15885251,15885251,TWICKENHAM SQ / HU - STATION 1,25520941,247,3245746791,2024-07-20T23:07:57Z,2024-07-20T23:40:15Z,,21.049999,87.271,membership,Payment by membership account and/or membership card,USCPIE15885251*1
ChargePoint Network,,,5354011,5354011,7SPC / GREENEVILLE TA,8936791,100011,3242236901,2024-07-19T07:56:51Z,2024-07-19T10:11:12Z,,45.892101,27.944,membership,Payment by membership account and/or membership card,USCPIE5354011*1
ChargePoint Network,,,15694171,15694171,BRIGHTRIDGE EV / STATION 1 (L),,,3254067831,2024-07-24T17:31:33Z,2024-07-24T17:32:21Z,,0.000000,,membership,Payment by membership account and/or membership card,USCPIE15694171*0
ChargePoint Network,,,1933211,1933211,BRIGHTRIDGE EV / BR-JONESBOROUGH,2283631,3,3214486311,2024-07-07T02:00:21Z,2024-07-07T02:14:42Z,,1.411356,6.0597,membership,Payment by membership account and/or membership card,USCPIE1933211*1
ChargePoint Network,,,13606061,13606061,I24 EXIT11 / STATION 4 (RR),22992511,247,3237467211,2024-07-17T13:29:30Z,2024-07-17T14:19:33Z,,70.777901,123.535,membership,Payment by membership account and/or membership card,USCPIE13606061*1
ChargePoint Network,,,8851921,8851921,7SPC / SEVIERVILLE DC1,15571271,207,3252827301,2024-07-24T03:23:14Z,2024-07-24T03:38:41Z,,10.724600,45.675,membership,Payment by membership account and/or membership card,USCPIE8851921*1
ChargePoint Network,,,5346231,5346231,CULLMANELECTRIC / STATION2-R,8926271,247,3231582091,2024-07-15T00:30:52Z,2024-07-15T00:45:27Z,,15.615500,69.498,membership,Payment by membership account and/or membership card,USCPIE5346231*1
ChargePoint Network,,,13664471,13664471,BTES / STATION 3 (RM),23060511,247,3215423351,2024-07-07T19:11:27Z,2024-07-07T19:37:25Z,,33.277199,85.337,membership,Payment by membership account and/or membership card,USCPIE13664471*1
ChargePoint Network,,,13606061,13606061,I24 EXIT11 / STATION 4 (RR),22992511,247,3225250701,2024-07-11T20:54:35Z,2024-07-11T20:59:30Z,,4.931700,0.0,membership,Payment by membership account and/or membership card,USCPIE13606061*1
ChargePoint Network,,,13292801,13292801,LODGE CAST IRON / STORE & MUSEUM,22637561,3,3246957061,2024-07-21T18:22:28Z,2024-07-21T19:36:03Z,,8.204358,6.792,membership,Payment by membership account and/or membership card,USCPIE13292801*2
ChargePoint Network,,,14047321,14047321,JEFFERSON AVE. / OXFORD STA2(R),23514081,247,3217969091,2024-07-08T22:17:15Z,2024-07-08T22:44:16Z,,22.728600,88.11,credit_card_terminal,Payment via credit card or debit card terminal,USCPIE14047321*1
ChargePoint Network,,,13643801,13643801,PEPA / STATION 2,23036481,247,3243560511,2024-07-19T20:52:03Z,2024-07-19T20:53:52Z,,0.000000,0.0,membership,Payment by membership account and/or membership card,USCPIE13643801*1
ChargePoint Network,,,13664471,13664471,BTES / STATION 3 (RM),23060511,247,3253881581,2024-07-24T16:17:54Z,2024-07-24T16:25:43Z,,12.774200,0.0,membership,Payment by membership account and/or membership card,USCPIE13664471*1
ChargePoint Network,,,15885151,15885151,TWICKENHAM SQ / HU - STATION 2,25520801,247,3254935131,2024-07-24T23:47:30Z,2024-07-25T00:14:11Z,,30.670900,72.519,credit_card_terminal,Payment via credit card or debit card terminal,USCPIE15885151*1
ChargePoint Network,,,9777021,9777021,CRMC / CRMC-2- L2RIGHT,17361741,3,3262934591,2024-07-28T18:26:18Z,2024-07-28T21:15:06Z,,20.322496,7.3091,membership,Payment by membership account and/or membership card,USCPIE9777021*1
ChargePoint Network,,,15260241,15260241,STEMC / STATION 1 (L) A,,,3256717491,2024-07-25T18:02:36Z,2024-07-25T18:04:37Z,,0.000000,,membership,Payment by membership account and/or membership card,USCPIE15260241*0
ChargePoint Network,,,15250771,15250771,SES-TN / STATION 1,24772691,247,3202034331,2024-07-01T00:12:02Z,2024-07-01T00:12:39Z,,0.000000,0.0,credit_card_terminal,Payment via credit card or debit card terminal,USCPIE15250771*1
ChargePoint Network,,,1964521,1964521,EBOFG / GUNTERSVILLE PD,8374201,3,3227435961,2024-07-12T19:07:03Z,2024-07-12T19:07:44Z,,0.010601,3.8845,membership,Payment by membership account and/or membership card,USCPIE1964521*1
ChargePoint Network,,,13606061,13606061,I24 EXIT11 / STATION 4 (RR),22992511,100011,3206241561,2024-07-02T21:00:14Z,2024-07-02T21:55:26Z,,23.794300,42.68,membership,Payment by membership account and/or membership card,USCPIE13606061*1
ChargePoint Network,,,8851921,8851921,7SPC / SEVIERVILLE DC1,15571271,100011,3231051261,2024-07-14T19:20:57Z,2024-07-14T20:09:57Z,,4.435000,27.76,membership,Payment by membership account and/or membership card,USCPIE8851921*1
ChargePoint Network,,,15836871,15836871,TOMBIGBEE / TEPA CHARGER 1,25462501,247,3221792881,2024-07-10T14:39:07Z,2024-07-10T15:56:10Z,,116.399902,96.216,membership,Payment by membership account and/or membership card,USCPIE15836871*1
ChargePoint Network,,,13861891,13861891,BRMEMC / STATION 2,23296321,247,3219603201,2024-07-09T16:22:08Z,2024-07-09T17:19:22Z,,53.108200,74.283,membership,Payment by membership account and/or membership card,USCPIE13861891*1
ChargePoint Network,,,13664501,13664501,BTES / STATION 4 (RR),23060561,247,3247655691,2024-07-22T00:59:40Z,2024-07-22T01:28:11Z,,33.784000,74.268,membership,Payment by membership account and/or membership card,USCPIE13664501*1
ChargePoint Network,,,15885771,15885771,TWICKENHAM SQ / HU - STATION 4,25521581,247,3237518271,2024-07-17T13:53:52Z,2024-07-17T14:42:06Z,,15.621600,54.187,membership,Payment by membership account and/or membership card,USCPIE15885771*1
ChargePoint Network,,,1988141,1988141,7SPC / SCES DREAM MORE,2355571,3,3253214201,2024-07-24T11:21:22Z,2024-07-24T11:21:47Z,,0.000000,0.0,credit_card_terminal,Payment via credit card or debit card terminal,USCPIE1988141*2
ChargePoint Network,,,5122191,5122191,CULLMANELECTRIC / STATION1-L,8482151,247,3213338641,2024-07-06T13:19:01Z,2024-07-06T14:07:16Z,,43.247601,76.0,membership,Payment by membership account and/or membership card,USCPIE5122191*1
ChargePoint Network,,,5565241,5565241,7SPC / SCES LECONTE 4,9205111,3,3203785831,2024-07-01T20:26:44Z,2024-07-01T21:30:49Z,,7.260250,6.8922,membership,Payment by membership account and/or membership card,USCPIE5565241*2
ChargePoint Network,,,5466441,5466441,7SPC / NASA USSRC R,9079371,3,3229550851,2024-07-13T20:46:34Z,2024-07-13T22:19:24Z,,8.498257,6.0596,membership,Payment by membership account and/or membership card,USCPIE5466441*2
ChargePoint Network,,,5122191,5122191,CULLMANELECTRIC / STATION1-L,8482151,247,3212202431,2024-07-05T20:09:12Z,2024-07-05T20:10:55Z,,0.000000,0.0,credit_card_terminal,Payment via credit card or debit card terminal,USCPIE5122191*1
ChargePoint Network,,,15694171,15694171,BRIGHTRIDGE EV / STATION 1 (L),,,3225571751,2024-07-11T23:09:33Z,2024-07-11T23:11:34Z,,0.000000,,other,Any other payment method not specified above. Additional description should be provided in Payment Method Description.,USCPIE15694171*0
ChargePoint Network,,,12406401,12406401,FPIA / RIGHT STATION,21527671,247,3261684021,2024-07-27T22:36:45Z,2024-07-27T22:37:11Z,,0.000000,0.0,membership,Payment by membership account and/or membership card,USCPIE12406401*1
ChargePoint Network,,,14337221,14337221,HOLSTONELECTRIC / CHURCH HILL-1,23844801,247,3233834241,2024-07-15T23:50:22Z,2024-07-16T00:08:35Z,,32.612099,113.305,membership,Payment by membership account and/or membership card,USCPIE14337221*1
ChargePoint Network,,,5525971,5525971,7SPC / SPARTA TN,9154691,3,3258996271,2024-07-26T16:27:49Z,2024-07-26T17:37:26Z,,8.415009,7.3404,credit_card_terminal,Payment via credit card or debit card terminal,USCPIE5525971*2
ChargePoint Network,,,14047321,14047321,JEFFERSON AVE. / OXFORD STA2(R),23514081,247,3253910921,2024-07-24T16:28:14Z,2024-07-24T16:31:37Z,,0.000000,0.0,membership,Payment by membership account and/or membership card,USCPIE14047321*1
ChargePoint Network,,,5354011,5354011,7SPC / GREENEVILLE TA,8936791,207,3238958381,2024-07-17T23:51:34Z,2024-07-18T00:09:23Z,,14.252700,52.625,membership,Payment by membership account and/or membership card,USCPIE5354011*1
ChargePoint Network,,,15885151,15885151,TWICKENHAM SQ / HU - STATION 2,25520801,247,3255230381,2024-07-25T02:00:05Z,2024-07-25T02:56:00Z,,42.864300,75.263,membership,Payment by membership account and/or membership card,USCPIE15885151*1
ChargePoint Network,,,15548181,15548181,DECATURDOWNTWN / STATION 2 (L),25119551,247,3267896791,2024-07-30T20:51:49Z,2024-07-30T21:08:29Z,,8.653600,40.548,membership,Payment by membership account and/or membership card,USCPIE15548181*1
ChargePoint Network,,,8851921,8851921,7SPC / SEVIERVILLE DC1,15571271,207,3205147391,2024-07-02T13:12:39Z,2024-07-02T13:13:31Z,,0.000000,0.0,membership,Payment by membership account and/or membership card,USCPIE8851921*1
ChargePoint Network,,,13803581,13803581,FPU / STATION 1 (L),23227201,247,3267119581,2024-07-30T15:30:49Z,2024-07-30T16:16:30Z,,31.850201,61.047,membership,Payment by membership account and/or membership card,USCPIE13803581*1
ChargePoint Network,,,5380331,5380331,CULLMAN PB / STATION 1,8970961,3,3232571511,2024-07-15T14:50:29Z,2024-07-15T16:42:53Z,,13.451135,7.2927,membership,Payment by membership account and/or membership card,USCPIE5380331*2
ChargePoint Network,,,1988141,1988141,7SPC / SCES DREAM MORE,2355561,3,3256182581,2024-07-25T14:44:57Z,2024-07-25T15:03:09Z,,2.076354,7.0833,membership,Payment by membership account and/or membership card,USCPIE1988141*1
ChargePoint Network,,,15332321,15332321,TUA NW ATLANTIC / STATION 1 (L),24867861,247,3246524271,2024-07-21T12:13:32Z,2024-07-21T12:17:32Z,,0.000000,0.0,membership,Payment by membership account and/or membership card,USCPIE15332321*1
ChargePoint Network,,,13606091,13606091,I24 EXIT11 / STATION 3 (RM),22992551,247,3232858481,2024-07-15T16:32:19Z,2024-07-15T16:53:22Z,,25.357201,75.648,credit_card_terminal,Payment via credit card or debit card terminal,USCPIE13606091*1
ChargePoint Network,,,14047321,14047321,JEFFERSON AVE. / OXFORD STA2(R),,,3248922731,2024-07-22T16:38:03Z,2024-07-22T16:38:07Z,,0.000000,,membership,Payment by membership account and/or membership card,USCPIE14047321*0
ChargePoint Network,,,8851921,8851921,7SPC / SEVIERVILLE DC1,15571271,207,3238051131,2024-07-17T17:10:52Z,2024-07-17T17:50:34Z,,35.959599,56.672,membership,Payment by membership account and/or membership card,USCPIE8851921*1
ChargePoint Network,,,15548151,15548151,DECATURDOWNTWN / STATION 1 (R),25119511,247,3228021961,2024-07-12T23:38:03Z,2024-07-13T01:42:13Z,,26.014900,73.875,membership,Payment by membership account and/or membership card,USCPIE15548151*1
ChargePoint Network,,,15332321,15332321,TUA NW ATLANTIC / STATION 1 (L),24867861,247,3249584941,2024-07-22T21:37:36Z,2024-07-22T22:28:44Z,,48.685200,68.903,other,Any other payment method not specified above. Additional description should be provided in Payment Method Description.,USCPIE15332321*1
ChargePoint Network,,,13606091,13606091,I24 EXIT11 / STATION 3 (RM),22992551,247,3231320381,2024-07-14T22:04:30Z,2024-07-14T22:44:57Z,,46.494801,71.477,credit_card_terminal,Payment via credit card or debit card terminal,USCPIE13606091*1
ChargePoint Network,,,15885151,15885151,TWICKENHAM SQ / HU - STATION 2,25520801,247,3217108391,2024-07-08T15:52:09Z,2024-07-08T16:32:58Z,,34.442402,76.635,membership,Payment by membership account and/or membership card,USCPIE15885151*1
ChargePoint Network,,,5565251,5565251,7SPC / SCES LECONTE 3,9205121,3,3237560511,2024-07-17T14:11:26Z,2024-07-17T14:23:22Z,,1.267372,6.9726,credit_card_terminal,Payment via credit card or debit card terminal,USCPIE5565251*1
ChargePoint Network,,,15885771,15885771,TWICKENHAM SQ / HU - STATION 4,,,3208571941,2024-07-03T19:41:43Z,2024-07-03T19:43:43Z,,0.000000,,membership,Payment by membership account and/or membership card,USCPIE15885771*0
ChargePoint Network,,,9777021,9777021,CRMC / CRMC-2- L2RIGHT,17361741,3,3261086151,2024-07-27T16:42:11Z,2024-07-27T21:47:24Z,,36.532616,7.2784,membership,Payment by membership account and/or membership card,USCPIE9777021*1
ChargePoint Network,,,15885771,15885771,TWICKENHAM SQ / HU - STATION 4,25521581,247,3260867271,2024-07-27T14:03:25Z,2024-07-27T14:26:52Z,,11.493100,65.075,membership,Payment by membership account and/or membership card,USCPIE15885771*1
ChargePoint Network,,,13643801,13643801,PEPA / STATION 2,23036481,247,3206287131,2024-07-02T21:20:29Z,2024-07-02T21:36:30Z,,17.787201,70.722,membership,Payment by membership account and/or membership card,USCPIE13643801*1
ChargePoint Network,,,14047321,14047321,JEFFERSON AVE. / OXFORD STA2(R),23514081,247,3231121961,2024-07-14T20:05:25Z,2024-07-14T20:32:05Z,,31.866600,77.617,membership,Payment by membership account and/or membership card,USCPIE14047321*1
ChargePoint Network,,,5565191,5565191,7SPC / DOLLYWOOD EMPL,9205031,3,3205711251,2024-07-02T16:56:06Z,2024-07-03T01:35:52Z,,53.939823,6.7744,membership,Payment by membership account and/or membership card,USCPIE5565191*1
ChargePoint Network,,,5346231,5346231,CULLMANELECTRIC / STATION2-R,8926271,247,3248394481,2024-07-22T13:04:50Z,2024-07-22T13:45:18Z,,33.133400,73.061,membership,Payment by membership account and/or membership card,USCPIE5346231*1
ChargePoint Network,,,15293211,15293211,TRNG CENTER / TRAININGCENTER1,24823111,3,3212114101,2024-07-05T19:22:29Z,2024-07-05T22:35:17Z,,10.449838,3.4093,membership,Payment by membership account and/or membership card,USCPIE15293211*2
ChargePoint Network,,,15332321,15332321,TUA NW ATLANTIC / STATION 1 (L),24867861,247,3231316691,2024-07-14T22:02:47Z,2024-07-14T22:32:50Z,,34.731998,72.735,membership,Payment by membership account and/or membership card,USCPIE15332321*1
ChargePoint Network,,,15640171,15640171,NECDC / STATION 2 (R),25228711,247,3239007801,2024-07-18T00:13:33Z,2024-07-18T00:33:24Z,,16.255600,76.435,membership,Payment by membership account and/or membership card,USCPIE15640171*1
ChargePoint Network,,,14097711,14097711,SCOTTSBORO EPB / SEPB DCFC (R),23570811,247,3228940641,2024-07-13T14:16:15Z,2024-07-13T14:40:20Z,,20.284401,53.474,membership,Payment by membership account and/or membership card,USCPIE14097711*1
ChargePoint Network,,,15885771,15885771,TWICKENHAM SQ / HU - STATION 4,25521581,247,3250924691,2024-07-23T13:49:16Z,2024-07-23T14:35:24Z,,55.992901,76.832,membership,Payment by membership account and/or membership card,USCPIE15885771*1
ChargePoint Network,,,8851921,8851921,7SPC / SEVIERVILLE DC1,15571271,207,3214354491,2024-07-07T00:41:57Z,2024-07-07T01:16:29Z,,32.242500,60.521,membership,Payment by membership account and/or membership card,USCPIE8851921*1
ChargePoint Network,,,15332321,15332321,TUA NW ATLANTIC / STATION 1 (L),24867861,247,3260018071,2024-07-27T00:19:45Z,2024-07-27T00:36:44Z,,31.148701,116.891,membership,Payment by membership account and/or membership card,USCPIE15332321*1
ChargePoint Network,,,12720861,12720861,WRECC / STATION 2,21977121,247,3262923131,2024-07-28T18:18:48Z,2024-07-28T19:23:01Z,,58.796001,74.844,other,Any other payment method not specified above. Additional description should be provided in Payment Method Description.,USCPIE12720861*1
ChargePoint Network,,,13861891,13861891,BRMEMC / STATION 2,23296321,247,3214013291,2024-07-06T21:08:33Z,2024-07-06T22:07:11Z,,48.817699,74.872,membership,Payment by membership account and/or membership card,USCPIE13861891*1
ChargePoint Network,,,8851921,8851921,7SPC / SEVIERVILLE DC1,15571271,207,3204146831,2024-07-01T23:17:30Z,2024-07-02T00:08:16Z,,35.138599,53.279,membership,Payment by membership account and/or membership card,USCPIE8851921*1
ChargePoint Network,,,14359531,14359531,EBOFG / STATION 2 (R),23870331,247,3251510331,2024-07-23T17:28:58Z,2024-07-23T17:58:47Z,,44.791000,120.589,membership,Payment by membership account and/or membership card,USCPIE14359531*1
ChargePoint Network,,,15694171,15694171,BRIGHTRIDGE EV / STATION 1 (L),,,3263493481,2024-07-28T23:49:25Z,2024-07-28T23:50:36Z,,0.000000,,credit_card_terminal,Payment via credit card or debit card terminal,USCPIE15694171*0
ChargePoint Network,,,14047321,14047321,JEFFERSON AVE. / OXFORD STA2(R),23514081,247,3257013301,2024-07-25T20:10:27Z,2024-07-25T21:11:25Z,,62.653900,70.132,membership,Payment by membership account and/or membership card,USCPIE14047321*1
ChargePoint Network,,,5466441,5466441,7SPC / NASA USSRC R,9079361,3,3229282431,2024-07-13T18:06:38Z,2024-07-13T20:55:31Z,,17.520041,6.3103,membership,Payment by membership account and/or membership card,USCPIE5466441*1
ChargePoint Network,,,13659831,13659831,LAWRENCEBURG / STATION 1 (L),23054881,247,3202088151,2024-07-01T00:45:28Z,2024-07-01T00:47:25Z,,0.000000,0.0,membership,Payment by membership account and/or membership card,USCPIE13659831*1
ChargePoint Network,,,15332321,15332321,TUA NW ATLANTIC / STATION 1 (L),24867861,247,3261013651,2024-07-27T15:55:30Z,2024-07-27T16:44:46Z,,64.738503,82.711,membership,Payment by membership account and/or membership card,USCPIE15332321*1
ChargePoint Network,,,5346231,5346231,CULLMANELECTRIC / STATION2-R,8926271,247,3218875591,2024-07-09T10:54:31Z,2024-07-09T11:21:41Z,,18.098000,66.989,other,Any other payment method not specified above. Additional description should be provided in Payment Method Description.,USCPIE5346231*1
ChargePoint Network,,,13861891,13861891,BRMEMC / STATION 2,23296321,247,3263342781,2024-07-28T22:25:59Z,2024-07-28T22:40:23Z,,17.024000,80.375,membership,Payment by membership account and/or membership card,USCPIE13861891*1
ChargePoint Network,,,12720881,12720881,WRECC / STATION 1,21977141,247,3265654911,2024-07-29T22:41:22Z,2024-07-29T23:23:01Z,,46.952000,71.838,membership,Payment by membership account and/or membership card,USCPIE12720881*1
ChargePoint Network,,,13606061,13606061,I24 EXIT11 / STATION 4 (RR),22992511,247,3233602481,2024-07-15T22:05:10Z,2024-07-15T22:29:51Z,,28.255699,70.919,membership,Payment by membership account and/or membership card,USCPIE13606061*1
ChargePoint Network,,,13606121,13606121,I24 EXIT11 / STATION 2 (LM),22992591,247,3246083761,2024-07-21T02:28:33Z,2024-07-21T02:41:08Z,,13.502200,69.3,membership,Payment by membership account and/or membership card,USCPIE13606121*1
ChargePoint Network,,,5619801,5619801,7SPC / WARREN RECC BG,25687251,3,3246947551,2024-07-21T18:16:17Z,2024-07-21T21:32:03Z,,13.433690,6.2904,other,Any other payment method not specified above. Additional description should be provided in Payment Method Description.,USCPIE5619801*1
ChargePoint Network,,,13651631,13651631,MLEC / STATION 2 (R) H,23045821,247,3213061721,2024-07-06T04:42:58Z,2024-07-06T04:59:11Z,,0.349300,68.795,membership,Payment by membership account and/or membership card,USCPIE13651631*1
ChargePoint Network,,,14047321,14047321,JEFFERSON AVE. / OXFORD STA2(R),23514081,247,3211555531,2024-07-05T14:10:53Z,2024-07-05T17:23:43Z,,36.801899,72.468,membership,Payment by membership account and/or membership card,USCPIE14047321*1
ChargePoint Network,,,1988141,1988141,7SPC / SCES DREAM MORE,2355561,3,3206409171,2024-07-02T22:10:16Z,2024-07-02T22:24:13Z,,0.000001,6.0E-4,membership,Payment by membership account and/or membership card,USCPIE1988141*1
ChargePoint Network,,,1964521,1964521,EBOFG / GUNTERSVILLE PD,8374211,3,3242412741,2024-07-19T12:11:09Z,2024-07-19T13:06:27Z,,6.517423,7.2717,membership,Payment by membership account and/or membership card,USCPIE1964521*2
ChargePoint Network,,,5122191,5122191,CULLMANELECTRIC / STATION1-L,8482151,247,3262438331,2024-07-28T08:51:35Z,2024-07-28T09:31:25Z,,36.746498,73.655,membership,Payment by membership account and/or membership card,USCPIE5122191*1
ChargePoint Network,,,8851921,8851921,7SPC / SEVIERVILLE DC1,15571271,207,3256315301,2024-07-25T15:29:23Z,2024-07-25T16:26:58Z,,51.068001,57.9,membership,Payment by membership account and/or membership card,USCPIE8851921*1
ChargePoint Network,,,15885771,15885771,TWICKENHAM SQ / HU - STATION 4,25521581,247,3228592781,2024-07-13T04:55:27Z,2024-07-13T05:22:48Z,,23.787100,74.466,membership,Payment by membership account and/or membership card,USCPIE15885771*1
ChargePoint Network,,,13606091,13606091,I24 EXIT11 / STATION 3 (RM),22992551,247,3206358751,2024-07-02T21:50:14Z,2024-07-02T22:01:11Z,,10.231500,69.737,membership,Payment by membership account and/or membership card,USCPIE13606091*1
ChargePoint Network,,,1988141,1988141,7SPC / SCES DREAM MORE,2355571,3,3219026761,2024-07-09T12:34:21Z,2024-07-09T19:52:28Z,,50.287819,7.045,membership,Payment by membership account and/or membership card,USCPIE1988141*2
ChargePoint Network,,,5122191,5122191,CULLMANELECTRIC / STATION1-L,8482151,247,3245481881,2024-07-20T20:38:58Z,2024-07-20T20:59:49Z,,12.224300,57.659,membership,Payment by membership account and/or membership card,USCPIE5122191*1
ChargePoint Network,,,13292801,13292801,LODGE CAST IRON / STORE & MUSEUM,22637561,3,3251613581,2024-07-23T18:18:03Z,2024-07-23T19:30:25Z,,8.382709,7.0168,membership,Payment by membership account and/or membership card,USCPIE13292801*2
ChargePoint Network,,,16022131,16022131,ACEPA / ACE STATION 1,25683791,247,3258626711,2024-07-26T13:59:35Z,2024-07-26T14:15:50Z,,17.293600,73.481,membership,Payment by membership account and/or membership card,USCPIE16022131*1
ChargePoint Network,,,14337501,14337501,HOLSTONELECTRIC / CHURCH HILL-2,23845091,100011,3211049511,2024-07-05T03:11:57Z,2024-07-05T04:17:39Z,,33.709202,46.335,credit_card_terminal,Payment via credit card or debit card terminal,USCPIE14337501*1
ChargePoint Network,,,13861891,13861891,BRMEMC / STATION 2,23296321,247,3262790651,2024-07-28T16:55:34Z,2024-07-28T17:13:06Z,,26.493099,117.655,membership,Payment by membership account and/or membership card,USCPIE13861891*1
ChargePoint Network,,,15694171,15694171,BRIGHTRIDGE EV / STATION 1 (L),,,3230294961,2024-07-14T04:24:23Z,2024-07-14T04:26:24Z,,0.000000,,membership,Payment by membership account and/or membership card,USCPIE15694171*0
ChargePoint Network,,,13606061,13606061,I24 EXIT11 / STATION 4 (RR),22992511,247,3234175591,2024-07-16T02:37:57Z,2024-07-16T02:38:17Z,,0.000000,0.0,credit_card_terminal,Payment via credit card or debit card terminal,USCPIE13606061*1
ChargePoint Network,,,15684301,15684301,MLEC / STATION 1 (L) W,25280151,247,3210743091,2024-07-04T23:17:30Z,2024-07-04T23:18:08Z,,0.000000,0.0,credit_card_terminal,Payment via credit card or debit card terminal,USCPIE15684301*1
ChargePoint Network,,,13861861,13861861,BRMEMC / STATION 1,23296281,247,3209174291,2024-07-04T00:06:08Z,2024-07-04T00:29:27Z,,22.068399,76.0,membership,Payment by membership account and/or membership card,USCPIE13861861*1
ChargePoint Network,,,13606141,13606141,I24 EXIT11 / STATION 1 (LL),22992611,247,3215790111,2024-07-07T22:51:00Z,2024-07-07T23:01:04Z,,0.000000,0.0,membership,Payment by membership account and/or membership card,USCPIE13606141*1
ChargePoint Network,,,15250771,15250771,SES-TN / STATION 1,24772691,247,3205325811,2024-07-02T14:38:16Z,2024-07-02T15:37:44Z,,59.794601,75.648,membership,Payment by membership account and/or membership card,USCPIE15250771*1
ChargePoint Network,,,5346231,5346231,CULLMANELECTRIC / STATION2-R,8926271,247,3212701141,2024-07-06T00:53:55Z,2024-07-06T00:55:59Z,,0.000000,0.0,other,Any other payment method not specified above. Additional description should be provided in Payment Method Description.,USCPIE5346231*1
ChargePoint Network,,,13292801,13292801,LODGE CAST IRON / STORE & MUSEUM,22637561,3,3205510231,2024-07-02T15:44:00Z,2024-07-02T16:18:52Z,,1.912224,3.4236,membership,Payment by membership account and/or membership card,USCPIE13292801*2
ChargePoint Network,,,15684341,15684341,MLEC / STATION 2 (R) W,25280201,247,3267728771,2024-07-30T19:42:09Z,2024-07-30T19:46:36Z,,0.000000,0.0,membership,Payment by membership account and/or membership card,USCPIE15684341*1
ChargePoint Network,,,15623231,15623231,CLW / 5TH ST 1 (L),25208301,247,3263783701,2024-07-29T02:46:11Z,2024-07-29T03:19:02Z,,35.967899,73.304,membership,Payment by membership account and/or membership card,USCPIE15623231*1
ChargePoint Network,,,15694081,15694081,BRIGHTRIDGE EV / STATION 2 (R),25291921,247,3206557341,2024-07-02T23:14:44Z,2024-07-02T23:16:38Z,,0.000000,0.0,membership,Payment by membership account and/or membership card,USCPIE15694081*1
ChargePoint Network,,,14337221,14337221,HOLSTONELECTRIC / CHURCH HILL-1,23844801,247,3208123981,2024-07-03T16:31:30Z,2024-07-03T16:58:22Z,,23.335400,76.0,membership,Payment by membership account and/or membership card,USCPIE14337221*1
ChargePoint Network,,,15815141,15815141,GEA-1 / STATION 1 (L),25435121,247,3265613251,2024-07-29T22:22:30Z,2024-07-29T22:55:43Z,,30.990499,61.632,membership,Payment by membership account and/or membership card,USCPIE15815141*1
ChargePoint Network,,,15885791,15885791,TWICKENHAM SQ / HU - STATION 3,25521611,100011,3240399221,2024-07-18T16:00:32Z,2024-07-18T16:32:02Z,,10.862400,40.173,membership,Payment by membership account and/or membership card,USCPIE15885791*1
ChargePoint Network,,,13290491,13290491,7SPC / NASA USSRC L,25742671,3,3263003621,2024-07-28T19:08:02Z,2024-07-28T21:59:48Z,,11.280406,6.2005,credit_card_terminal,Payment via credit card or debit card terminal,USCPIE13290491*1
ChargePoint Network,,,5354011,5354011,7SPC / GREENEVILLE TA,8936791,207,3224144021,2024-07-11T13:23:19Z,2024-07-11T13:53:14Z,,13.840300,29.645,membership,Payment by membership account and/or membership card,USCPIE5354011*1
ChargePoint Network,,,1988061,1988061,7SPC / SCES DOLLYWOOD,25499841,3,3232523541,2024-07-15T14:30:16Z,2024-07-15T21:17:02Z,,12.676006,3.7819,membership,Payment by membership account and/or membership card,USCPIE1988061*2
ChargePoint Network,,,13643831,13643831,PEPA / STATION 1,23036511,247,3231237381,2024-07-14T21:16:41Z,2024-07-14T21:39:08Z,,24.974800,69.893,membership,Payment by membership account and/or membership card,USCPIE13643831*1
ChargePoint Network,,,5122191,5122191,CULLMANELECTRIC / STATION1-L,8482151,247,3246932321,2024-07-21T18:06:55Z,2024-07-21T18:50:44Z,,47.960602,69.3,membership,Payment by membership account and/or membership card,USCPIE5122191*1
ChargePoint Network,,,13861891,13861891,BRMEMC / STATION 2,23296321,100011,3263501931,2024-07-28T23:55:05Z,2024-07-29T00:21:55Z,,7.790000,48.708,membership,Payment by membership account and/or membership card,USCPIE13861891*1
ChargePoint Network,,,13290491,13290491,7SPC / NASA USSRC L,25742671,3,3254528741,2024-07-24T20:52:45Z,2024-07-24T22:05:30Z,,7.311843,6.1523,membership,Payment by membership account and/or membership card,USCPIE13290491*1
ChargePoint Network,,,15640171,15640171,NECDC / STATION 2 (R),25228711,247,3227301581,2024-07-12T18:02:48Z,2024-07-12T18:03:49Z,,0.000000,0.0,credit_card_terminal,Payment via credit card or debit card terminal,USCPIE15640171*1
ChargePoint Network,,,5619801,5619801,7SPC / WARREN RECC BG,25687251,3,3235828411,2024-07-16T20:03:32Z,2024-07-16T23:33:18Z,,13.228122,6.1701,credit_card_terminal,Payment via credit card or debit card terminal,USCPIE5619801*1
ChargePoint Network,,,13606091,13606091,I24 EXIT11 / STATION 3 (RM),22992551,247,3224216851,2024-07-11T13:58:14Z,2024-07-11T14:07:39Z,,8.830000,77.022,credit_card_terminal,Payment via credit card or debit card terminal,USCPIE13606091*1
ChargePoint Network,,,15260241,15260241,STEMC / STATION 1 (L) A,,,3212806121,2024-07-06T01:52:49Z,2024-07-06T01:55:03Z,,0.000000,,credit_card_terminal,Payment via credit card or debit card terminal,USCPIE15260241*0
ChargePoint Network,,,14337221,14337221,HOLSTONELECTRIC / CHURCH HILL-1,23844801,247,3220038021,2024-07-09T19:37:59Z,2024-07-09T19:47:29Z,,10.386000,73.032,credit_card_terminal,Payment via credit card or debit card terminal,USCPIE14337221*1
ChargePoint Network,,,14359491,14359491,EBOFG / STATION 1 (L),23870291,247,3212287191,2024-07-05T20:56:02Z,2024-07-05T20:56:35Z,,0.000000,0.0,membership,Payment by membership account and/or membership card,USCPIE14359491*1
ChargePoint Network,,,15694171,15694171,BRIGHTRIDGE EV / STATION 1 (L),25292041,247,3260035821,2024-07-27T00:28:48Z,2024-07-27T00:56:18Z,,31.689199,75.648,membership,Payment by membership account and/or membership card,USCPIE15694171*1
ChargePoint Network,,,15280441,15280441,SPRFLD ELECTRIC / STATION 2 (R),24807641,247,3204236771,2024-07-02T00:01:09Z,2024-07-02T00:17:13Z,,14.497600,58.598,membership,Payment by membership account and/or membership card,USCPIE15280441*1
ChargePoint Network,,,8851921,8851921,7SPC / SEVIERVILLE DC1,15571271,207,3261165051,2024-07-27T17:31:28Z,2024-07-27T18:03:15Z,,28.690599,57.069,membership,Payment by membership account and/or membership card,USCPIE8851921*1
ChargePoint Network,,,13659831,13659831,LAWRENCEBURG / STATION 1 (L),23054881,247,3220501711,2024-07-09T22:57:45Z,2024-07-09T23:31:04Z,,36.914799,81.952,membership,Payment by membership account and/or membership card,USCPIE13659831*1
ChargePoint Network,,,1988061,1988061,7SPC / SCES DOLLYWOOD,25499841,3,3243805641,2024-07-19T22:43:17Z,2024-07-20T00:41:32Z,,14.309099,7.4051,membership,Payment by membership account and/or membership card,USCPIE1988061*2
ChargePoint Network,,,15623211,15623211,CLW / 5TH ST 2 (R),25208281,247,3206417871,2024-07-02T22:13:50Z,2024-07-02T22:14:33Z,,0.000000,0.0,membership,Payment by membership account and/or membership card,USCPIE15623211*1
ChargePoint Network,,,15548181,15548181,DECATURDOWNTWN / STATION 2 (L),25119551,247,3210012761,2024-07-04T13:11:39Z,2024-07-04T14:03:00Z,,49.573299,73.26,other,Any other payment method not specified above. Additional description should be provided in Payment Method Description.,USCPIE15548181*1
ChargePoint Network,,,5122191,5122191,CULLMANELECTRIC / STATION1-L,8482151,247,3235786361,2024-07-16T19:46:34Z,2024-07-16T20:50:50Z,,77.402901,122.891,membership,Payment by membership account and/or membership card,USCPIE5122191*1
ChargePoint Network,,,8851921,8851921,7SPC / SEVIERVILLE DC1,15571271,207,3244746781,2024-07-20T11:57:01Z,2024-07-20T13:10:07Z,,66.791397,57.68,membership,Payment by membership account and/or membership card,USCPIE8851921*1
ChargePoint Network,,,5565241,5565241,7SPC / SCES LECONTE 4,9205111,3,3212729971,2024-07-06T01:05:48Z,2024-07-06T03:16:56Z,,7.350105,3.7524,membership,Payment by membership account and/or membership card,USCPIE5565241*2
ChargePoint Network,,,15332351,15332351,TUA NW ATLANTIC / STATION 2 (R),,,3227294021,2024-07-12T17:57:26Z,2024-07-12T17:59:27Z,,0.000000,,membership,Payment by membership account and/or membership card,USCPIE15332351*0
ChargePoint Network,,,5466441,5466441,7SPC / NASA USSRC R,9079361,3,3210074091,2024-07-04T14:16:27Z,2024-07-04T19:15:42Z,,30.686928,6.245,membership,Payment by membership account and/or membership card,USCPIE5466441*1
ChargePoint Network,,,15548151,15548151,DECATURDOWNTWN / STATION 1 (R),25119511,247,3244929991,2024-07-20T15:02:03Z,2024-07-20T15:19:53Z,,20.968901,73.481,membership,Payment by membership account and/or membership card,USCPIE15548151*1
ChargePoint Network,,,14337221,14337221,HOLSTONELECTRIC / CHURCH HILL-1,,,3261259221,2024-07-27T18:26:37Z,2024-07-27T18:28:38Z,,0.000000,,membership,Payment by membership account and/or membership card,USCPIE14337221*0
ChargePoint Network,,,15623211,15623211,CLW / 5TH ST 2 (R),25208281,247,3233868891,2024-07-16T00:05:27Z,2024-07-16T00:31:32Z,,25.358400,77.223,membership,Payment by membership account and/or membership card,USCPIE15623211*1
ChargePoint Network,,,15694171,15694171,BRIGHTRIDGE EV / STATION 1 (L),25292041,100011,3256251341,2024-07-25T15:07:32Z,2024-07-25T15:49:48Z,,4.295200,26.732,membership,Payment by membership account and/or membership card,USCPIE15694171*1
ChargePoint Network,,,12720861,12720861,WRECC / STATION 2,21977121,247,3223664911,2024-07-11T04:43:19Z,2024-07-11T05:10:46Z,,29.887400,73.0,membership,Payment by membership account and/or membership card,USCPIE12720861*1
ChargePoint Network,,,1988061,1988061,7SPC / SCES DOLLYWOOD,25499831,3,3222901371,2024-07-10T22:17:15Z,2024-07-10T22:18:01Z,,0.000000,,credit_card_terminal,Payment via credit card or debit card terminal,USCPIE1988061*1
ChargePoint Network,,,12406401,12406401,FPIA / RIGHT STATION,21527671,247,3259233781,2024-07-26T18:12:38Z,2024-07-26T19:03:24Z,,35.639702,54.236,membership,Payment by membership account and/or membership card,USCPIE12406401*1
ChargePoint Network,,,14355251,14355251,HARTSELLE 1 / STATION 2 (R),23865691,247,3233327841,2024-07-15T20:05:30Z,2024-07-15T20:43:47Z,,33.686798,70.058,credit_card_terminal,Payment via credit card or debit card terminal,USCPIE14355251*1
ChargePoint Network,,,12754021,12754021,WCMES / CITYHALL1-L,22015241,247,3260580961,2024-07-27T05:46:37Z,2024-07-27T06:20:34Z,,23.686701,46.97,membership,Payment by membership account and/or membership card,USCPIE12754021*1
ChargePoint Network,,,9777021,9777021,CRMC / CRMC-2- L2RIGHT,17361741,3,3238322721,2024-07-17T19:19:48Z,2024-07-17T20:45:56Z,,10.384556,7.3119,membership,Payment by membership account and/or membership card,USCPIE9777021*1
ChargePoint Network,,,15885151,15885151,TWICKENHAM SQ / HU - STATION 2,25520801,247,3250962111,2024-07-23T14:05:30Z,2024-07-23T14:34:23Z,,28.694500,62.985,membership,Payment by membership account and/or membership card,USCPIE15885151*1
ChargePoint Network,,,13606061,13606061,I24 EXIT11 / STATION 4 (RR),22992511,247,3231750161,2024-07-15T02:08:15Z,2024-07-15T02:13:04Z,,4.555700,0.0,credit_card_terminal,Payment via credit card or debit card terminal,USCPIE13606061*1
ChargePoint Network,,,5122191,5122191,CULLMANELECTRIC / STATION1-L,8482151,247,3202259061,2024-07-01T02:34:31Z,2024-07-01T03:01:14Z,,30.383900,73.458,credit_card_terminal,Payment via credit card or debit card terminal,USCPIE5122191*1
ChargePoint Network,,,15332351,15332351,TUA NW ATLANTIC / STATION 2 (R),24867891,247,3244726791,2024-07-20T11:17:07Z,2024-07-20T12:30:48Z,,61.697899,57.596,credit_card_terminal,Payment via credit card or debit card terminal,USCPIE15332351*1
ChargePoint Network,,,14337501,14337501,HOLSTONELECTRIC / CHURCH HILL-2,23845091,100011,3229565731,2024-07-13T20:55:04Z,2024-07-13T21:55:49Z,,34.537601,51.659,credit_card_terminal,Payment via credit card or debit card terminal,USCPIE14337501*1
ChargePoint Network,,,14047321,14047321,JEFFERSON AVE. / OXFORD STA2(R),23514081,247,3235402251,2024-07-16T16:53:29Z,2024-07-16T16:55:42Z,,0.000000,0.0,membership,Payment by membership account and/or membership card,USCPIE14047321*1
ChargePoint Network,,,8851921,8851921,7SPC / SEVIERVILLE DC1,15571271,207,3234094801,2024-07-16T01:54:12Z,2024-07-16T02:33:26Z,,39.356899,61.984,membership,Payment by membership account and/or membership card,USCPIE8851921*1
ChargePoint Network,,,13659831,13659831,LAWRENCEBURG / STATION 1 (L),23054881,247,3213556281,2024-07-06T16:22:23Z,2024-07-06T16:50:48Z,,30.804300,73.108,membership,Payment by membership account and/or membership card,USCPIE13659831*1
ChargePoint Network,,,1964521,1964521,EBOFG / GUNTERSVILLE PD,8374211,3,3236636711,2024-07-17T01:41:24Z,2024-07-17T02:17:35Z,,4.324259,7.3746,credit_card_terminal,Payment via credit card or debit card terminal,USCPIE1964521*2
ChargePoint Network,,,15885151,15885151,TWICKENHAM SQ / HU - STATION 2,,,3248592471,2024-07-22T14:36:59Z,2024-07-22T14:39:00Z,,0.000000,,membership,Payment by membership account and/or membership card,USCPIE15885151*0
ChargePoint Network,,,15280441,15280441,SPRFLD ELECTRIC / STATION 2 (R),24807641,247,3211561851,2024-07-05T14:15:11Z,2024-07-05T14:59:19Z,,35.847099,54.167,membership,Payment by membership account and/or membership card,USCPIE15280441*1
ChargePoint Network,,,13664471,13664471,BTES / STATION 3 (RM),23060511,247,3219907941,2024-07-09T18:41:45Z,2024-07-09T19:36:50Z,,53.173698,120.12,credit_card_terminal,Payment via credit card or debit card terminal,USCPIE13664471*1
ChargePoint Network,,,15548151,15548151,DECATURDOWNTWN / STATION 1 (R),25119511,247,3214301121,2024-07-07T00:07:37Z,2024-07-07T01:04:16Z,,31.527100,75.648,membership,Payment by membership account and/or membership card,USCPIE15548151*1
ChargePoint Network,,,5466441,5466441,7SPC / NASA USSRC R,9079361,3,3259627121,2024-07-26T21:09:22Z,2024-07-27T11:18:25Z,,84.045830,6.1331,membership,Payment by membership account and/or membership card,USCPIE5466441*1
ChargePoint Network,,,13290491,13290491,7SPC / NASA USSRC L,25742671,3,3254115201,2024-07-24T17:54:40Z,2024-07-24T19:18:03Z,,8.474984,6.1712,membership,Payment by membership account and/or membership card,USCPIE13290491*1
ChargePoint Network,,,14047321,14047321,JEFFERSON AVE. / OXFORD STA2(R),23514081,247,3251740261,2024-07-23T19:14:57Z,2024-07-23T19:35:21Z,,23.382999,0.0,other,Any other payment method not specified above. Additional description should be provided in Payment Method Description.,USCPIE14047321*1
ChargePoint Network,,,12406491,12406491,FPIA / LEFT STATION,21527781,247,3254422831,2024-07-24T20:09:02Z,2024-07-24T20:39:38Z,,34.346298,76.614,membership,Payment by membership account and/or membership card,USCPIE12406491*1
ChargePoint Network,,,15836981,15836981,TOMBIGBEE / TEPA CHARGER 2,,,3222208271,2024-07-10T17:08:25Z,2024-07-10T17:10:26Z,,0.000000,,membership,Payment by membership account and/or membership card,USCPIE15836981*0
ChargePoint Network,,,13606061,13606061,I24 EXIT11 / STATION 4 (RR),22992511,247,3263343071,2024-07-28T22:25:59Z,2024-07-28T22:57:32Z,,52.968800,107.405,membership,Payment by membership account and/or membership card,USCPIE13606061*1
ChargePoint Network,,,9677521,9677521,UT PARKING / S7 STATION 1,17169331,3,3230769951,2024-07-14T16:19:15Z,2024-07-14T16:50:50Z,,0.000000,0.0,membership,Payment by membership account and/or membership card,USCPIE9677521*1
ChargePoint Network,,,15836871,15836871,TOMBIGBEE / TEPA CHARGER 1,25462501,247,3215205551,2024-07-07T16:57:32Z,2024-07-07T17:56:26Z,,30.139200,75.056,membership,Payment by membership account and/or membership card,USCPIE15836871*1
ChargePoint Network,,,5445161,5445161,7SPC / UC - LIVINGSTON,9052341,3,3229451911,2024-07-13T19:45:55Z,2024-07-13T19:47:55Z,,0.000000,0.0,credit_card_terminal,Payment via credit card or debit card terminal,USCPIE5445161*1
ChargePoint Network,,,15836981,15836981,TOMBIGBEE / TEPA CHARGER 2,25462651,247,3264971601,2024-07-29T17:29:28Z,2024-07-29T17:32:37Z,,0.000000,0.0,membership,Payment by membership account and/or membership card,USCPIE15836981*1
ChargePoint Network,,,15640171,15640171,NECDC / STATION 2 (R),25228711,247,3266020091,2024-07-30T01:30:04Z,2024-07-30T01:54:17Z,,44.974201,118.426,membership,Payment by membership account and/or membership card,USCPIE15640171*1
ChargePoint Network,,,15332321,15332321,TUA NW ATLANTIC / STATION 1 (L),24867861,247,3233765451,2024-07-15T23:17:39Z,2024-07-15T23:56:38Z,,45.479500,72.15,membership,Payment by membership account and/or membership card,USCPIE15332321*1
ChargePoint Network,,,5122191,5122191,CULLMANELECTRIC / STATION1-L,8482151,247,3261947911,2024-07-28T01:10:36Z,2024-07-28T01:49:22Z,,45.172600,85.371,membership,Payment by membership account and/or membership card,USCPIE5122191*1
ChargePoint Network,,,15250771,15250771,SES-TN / STATION 1,24772691,247,3241291851,2024-07-18T22:19:32Z,2024-07-18T22:36:33Z,,17.200199,75.375,membership,Payment by membership account and/or membership card,USCPIE15250771*1
ChargePoint Network,,,1932851,1932851,BRIGHTRIDGE EV / BR-JC LIBRARY,23319821,3,3243773911,2024-07-19T22:29:03Z,2024-07-20T00:37:57Z,,15.880520,7.4632,membership,Payment by membership account and/or membership card,USCPIE1932851*2
ChargePoint Network,,,15694081,15694081,BRIGHTRIDGE EV / STATION 2 (R),25291921,247,3205244441,2024-07-02T14:01:13Z,2024-07-02T14:02:20Z,,0.000000,0.0,membership,Payment by membership account and/or membership card,USCPIE15694081*1
ChargePoint Network,,,15332351,15332351,TUA NW ATLANTIC / STATION 2 (R),24867891,247,3233098271,2024-07-15T18:23:28Z,2024-07-15T19:17:31Z,,70.493896,83.849,credit_card_terminal,Payment via credit card or debit card terminal,USCPIE15332351*1
ChargePoint Network,,,15623211,15623211,CLW / 5TH ST 2 (R),25208281,247,3229377801,2024-07-13T19:03:37Z,2024-07-13T19:24:59Z,,22.671000,72.93,membership,Payment by membership account and/or membership card,USCPIE15623211*1
ChargePoint Network,,,15885151,15885151,TWICKENHAM SQ / HU - STATION 2,25520801,100011,3213589771,2024-07-06T16:44:11Z,2024-07-06T17:09:18Z,,18.728600,52.439,membership,Payment by membership account and/or membership card,USCPIE15885151*1
ChargePoint Network,,,15885771,15885771,TWICKENHAM SQ / HU - STATION 4,25521581,247,3224804161,2024-07-11T17:40:42Z,2024-07-11T18:10:43Z,,37.490002,122.891,membership,Payment by membership account and/or membership card,USCPIE15885771*1
ChargePoint Network,,,12720861,12720861,WRECC / STATION 2,21977121,247,3265389701,2024-07-29T20:42:50Z,2024-07-29T21:13:24Z,,34.090401,69.45,membership,Payment by membership account and/or membership card,USCPIE12720861*1
ChargePoint Network,,,5384781,5384781,7SPC / TRI-COUNTY EMC,9273701,3,3206388751,2024-07-02T22:02:11Z,2024-07-02T23:51:01Z,,13.250024,7.3578,membership,Payment by membership account and/or membership card,USCPIE5384781*2
ChargePoint Network,,,15885771,15885771,TWICKENHAM SQ / HU - STATION 4,25521581,247,3246532211,2024-07-21T12:27:57Z,2024-07-21T12:29:38Z,,0.000000,0.0,membership,Payment by membership account and/or membership card,USCPIE15885771*1
ChargePoint Network,,,5565201,5565201,7SPC / SCES LECONTE 2,9205051,3,3212743241,2024-07-06T01:14:02Z,2024-07-06T12:18:32Z,,52.462605,7.0903,membership,Payment by membership account and/or membership card,USCPIE5565201*1
ChargePoint Network,,,12406491,12406491,FPIA / LEFT STATION,21527781,247,3247103331,2024-07-21T19:51:24Z,2024-07-21T20:55:50Z,,65.810501,74.872,membership,Payment by membership account and/or membership card,USCPIE12406491*1
ChargePoint Network,,,9677521,9677521,UT PARKING / S7 STATION 1,17169331,3,3240396611,2024-07-18T16:00:06Z,2024-07-18T19:58:32Z,,25.820486,7.0903,membership,Payment by membership account and/or membership card,USCPIE9677521*1
ChargePoint Network,,,8851921,8851921,7SPC / SEVIERVILLE DC1,15571271,207,3213464591,2024-07-06T15:16:27Z,2024-07-06T16:04:45Z,,36.188202,59.905,membership,Payment by membership account and/or membership card,USCPIE8851921*1
ChargePoint Network,,,13606091,13606091,I24 EXIT11 / STATION 3 (RM),22992551,247,3264864891,2024-07-29T16:42:19Z,2024-07-29T16:44:56Z,,0.000000,0.0,membership,Payment by membership account and/or membership card,USCPIE13606091*1
ChargePoint Network,,,12720861,12720861,WRECC / STATION 2,21977121,247,3203410221,2024-07-01T17:26:55Z,2024-07-01T17:47:25Z,,19.399700,60.527,membership,Payment by membership account and/or membership card,USCPIE12720861*1
ChargePoint Network,,,12720861,12720861,WRECC / STATION 2,21977121,247,3243649601,2024-07-19T21:32:01Z,2024-07-19T22:02:38Z,,16.813200,54.75,membership,Payment by membership account and/or membership card,USCPIE12720861*1
ChargePoint Network,,,7505851,7505851,JEFFERSON AVE. / OXFORD STA1(L),12955471,247,3227175051,2024-07-12T17:01:40Z,2024-07-12T17:02:12Z,,0.000000,0.0,membership,Payment by membership account and/or membership card,USCPIE7505851*1
ChargePoint Network,,,15694081,15694081,BRIGHTRIDGE EV / STATION 2 (R),25291921,247,3231105721,2024-07-14T19:55:23Z,2024-07-14T21:15:13Z,,93.627098,88.255,credit_card_terminal,Payment via credit card or debit card terminal,USCPIE15694081*1
ChargePoint Network,,,15885251,15885251,TWICKENHAM SQ / HU - STATION 1,25520941,247,3247038681,2024-07-21T19:12:18Z,2024-07-21T20:05:37Z,,47.692299,64.239,membership,Payment by membership account and/or membership card,USCPIE15885251*1
ChargePoint Network,,,8851921,8851921,7SPC / SEVIERVILLE DC1,15571271,207,3208995031,2024-07-03T22:42:17Z,2024-07-03T23:49:39Z,,50.875801,47.804,phone_online,"Payment through mobile app, website, automated phone number or messaging system",USCPIE8851921*1
ChargePoint Network,,,12406491,12406491,FPIA / LEFT STATION,21527781,247,3211992401,2024-07-05T18:18:02Z,2024-07-05T18:36:32Z,,23.824699,81.361,membership,Payment by membership account and/or membership card,USCPIE12406491*1
ChargePoint Network,,,7173851,7173851,SCOTTSBORO EPB / MAIN OFFICE,12310861,3,3240760121,2024-07-18T18:30:45Z,2024-07-18T18:32:07Z,,0.000000,,credit_card_terminal,Payment via credit card or debit card terminal,USCPIE7173851*1
ChargePoint Network,,,15332321,15332321,TUA NW ATLANTIC / STATION 1 (L),24867861,247,3227309901,2024-07-12T18:06:35Z,2024-07-12T18:13:59Z,,0.000000,0.0,membership,Payment by membership account and/or membership card,USCPIE15332321*1
ChargePoint Network,,,15260241,15260241,STEMC / STATION 1 (L) A,24784071,247,3266200011,2024-07-30T03:00:17Z,2024-07-30T04:08:56Z,,46.703899,51.391,other,Any other payment method not specified above. Additional description should be provided in Payment Method Description.,USCPIE15260241*1
ChargePoint Network,,,16022131,16022131,ACEPA / ACE STATION 1,25683791,247,3237426191,2024-07-17T13:09:34Z,2024-07-17T13:11:51Z,,0.000000,0.0,membership,Payment by membership account and/or membership card,USCPIE16022131*1
ChargePoint Network,,,14359531,14359531,EBOFG / STATION 2 (R),23870331,247,3231297511,2024-07-14T21:52:21Z,2024-07-14T22:16:13Z,,28.687700,77.0,membership,Payment by membership account and/or membership card,USCPIE14359531*1
ChargePoint Network,,,1964521,1964521,EBOFG / GUNTERSVILLE PD,8374211,3,3224309981,2024-07-11T14:37:20Z,2024-07-11T15:45:47Z,,8.085373,7.2273,membership,Payment by membership account and/or membership card,USCPIE1964521*2
ChargePoint Network,,,14355271,14355271,HARTSELLE 1 / STATION 1 (L),23865711,247,3225586101,2024-07-11T23:18:09Z,2024-07-11T23:18:42Z,,0.000000,0.0,membership,Payment by membership account and/or membership card,USCPIE14355271*1
ChargePoint Network,,,5445161,5445161,7SPC / UC - LIVINGSTON,9052341,3,3227438491,2024-07-12T19:08:03Z,2024-07-12T19:17:52Z,,1.104954,6.8897,credit_card_terminal,Payment via credit card or debit card terminal,USCPIE5445161*1
ChargePoint Network,,,15332321,15332321,TUA NW ATLANTIC / STATION 1 (L),24867861,247,3227297711,2024-07-12T18:00:57Z,2024-07-12T18:06:18Z,,0.000000,0.0,membership,Payment by membership account and/or membership card,USCPIE15332321*1
ChargePoint Network,,,8851921,8851921,7SPC / SEVIERVILLE DC1,15571271,207,3214043661,2024-07-06T21:27:11Z,2024-07-06T22:45:16Z,,50.039398,61.776,membership,Payment by membership account and/or membership card,USCPIE8851921*1
ChargePoint Network,,,15885771,15885771,TWICKENHAM SQ / HU - STATION 4,25521581,247,3221372241,2024-07-10T10:46:03Z,2024-07-10T11:44:42Z,,77.038300,85.931,membership,Payment by membership account and/or membership card,USCPIE15885771*1
ChargePoint Network,,,1964521,1964521,EBOFG / GUNTERSVILLE PD,8374211,3,3229495171,2024-07-13T20:10:58Z,2024-07-13T20:13:01Z,,0.000000,0.0,membership,Payment by membership account and/or membership card,USCPIE1964521*2
ChargePoint Network,,,7505851,7505851,JEFFERSON AVE. / OXFORD STA1(L),12955471,247,3252365201,2024-07-23T23:40:22Z,2024-07-23T23:41:06Z,,0.000000,0.0,membership,Payment by membership account and/or membership card,USCPIE7505851*1
ChargePoint Network,,,12720861,12720861,WRECC / STATION 2,21977121,247,3209008971,2024-07-03T22:48:03Z,2024-07-03T23:26:57Z,,24.025400,54.98,membership,Payment by membership account and/or membership card,USCPIE12720861*1
ChargePoint Network,,,15623211,15623211,CLW / 5TH ST 2 (R),25208281,247,3206668781,2024-07-03T00:06:18Z,2024-07-03T02:13:32Z,,53.178799,51.743,membership,Payment by membership account and/or membership card,USCPIE15623211*1
ChargePoint Network,,,13659871,13659871,LAWRENCEBURG / STATION 2 (R),23054921,247,3213639461,2024-07-06T17:15:39Z,2024-07-06T17:30:43Z,,4.065800,29.497,credit_card_terminal,Payment via credit card or debit card terminal,USCPIE13659871*1
ChargePoint Network,,,15836981,15836981,TOMBIGBEE / TEPA CHARGER 2,25462651,247,3254955701,2024-07-24T23:57:26Z,2024-07-25T00:08:38Z,,12.493900,69.3,membership,Payment by membership account and/or membership card,USCPIE15836981*1
ChargePoint Network,,,13423691,13423691,AEC / STATION #1 (L),22787121,247,3202697511,2024-07-01T12:00:48Z,2024-07-01T12:27:01Z,,20.043301,53.639,membership,Payment by membership account and/or membership card,USCPIE13423691*1
ChargePoint Network,,,5619801,5619801,7SPC / WARREN RECC BG,25687251,3,3267115641,2024-07-30T15:28:58Z,2024-07-30T16:02:15Z,,1.128458,2.1195,membership,Payment by membership account and/or membership card,USCPIE5619801*1
ChargePoint Network,,,15885151,15885151,TWICKENHAM SQ / HU - STATION 2,25520801,247,3248290831,2024-07-22T12:05:45Z,2024-07-22T12:56:56Z,,62.545101,78.997,credit_card_terminal,Payment via credit card or debit card terminal,USCPIE15885151*1
ChargePoint Network,,,15548181,15548181,DECATURDOWNTWN / STATION 2 (L),25119551,247,3212547791,2024-07-05T23:22:40Z,2024-07-05T23:49:29Z,,44.697800,123.199,membership,Payment by membership account and/or membership card,USCPIE15548181*1
ChargePoint Network,,,5363211,5363211,HARTSELLE 1 / HARTSELLE 1,23427571,3,3225590501,2024-07-11T23:18:08Z,2024-07-11T23:20:08Z,,0.000000,,membership,Payment by membership account and/or membership card,USCPIE5363211*1
ChargePoint Network,,,1988141,1988141,7SPC / SCES DREAM MORE,2355561,3,3266763781,2024-07-30T13:07:42Z,2024-07-30T13:13:31Z,,0.617813,6.9158,membership,Payment by membership account and/or membership card,USCPIE1988141*1
ChargePoint Network,,,13606141,13606141,I24 EXIT11 / STATION 1 (LL),22992611,247,3259883651,2024-07-26T23:09:45Z,2024-07-26T23:32:07Z,,26.586901,76.83,credit_card_terminal,Payment via credit card or debit card terminal,USCPIE13606141*1
ChargePoint Network,,,13861891,13861891,BRMEMC / STATION 2,,,3246633641,2024-07-21T14:33:15Z,2024-07-21T14:35:16Z,,0.000000,,membership,Payment by membership account and/or membership card,USCPIE13861891*0
ChargePoint Network,,,5122191,5122191,CULLMANELECTRIC / STATION1-L,8482151,247,3207807791,2024-07-03T14:40:21Z,2024-07-03T18:02:55Z,,111.402603,76.428,other,Any other payment method not specified above. Additional description should be provided in Payment Method Description.,USCPIE5122191*1
ChargePoint Network,,,14359531,14359531,EBOFG / STATION 2 (R),23870331,247,3208226041,2024-07-03T17:12:26Z,2024-07-03T17:43:46Z,,42.370201,85.0,membership,Payment by membership account and/or membership card,USCPIE14359531*1
ChargePoint Network,,,13606061,13606061,I24 EXIT11 / STATION 4 (RR),22992511,247,3217396901,2024-07-08T17:53:55Z,2024-07-08T18:26:19Z,,28.178600,73.655,membership,Payment by membership account and/or membership card,USCPIE13606061*1
ChargePoint Network,,,7505851,7505851,JEFFERSON AVE. / OXFORD STA1(L),12955471,247,3264773611,2024-07-29T16:08:20Z,2024-07-29T16:28:42Z,,15.704000,124.643,membership,Payment by membership account and/or membership card,USCPIE7505851*1
ChargePoint Network,,,5122191,5122191,CULLMANELECTRIC / STATION1-L,8482151,247,3261701391,2024-07-27T22:46:41Z,2024-07-27T23:25:09Z,,37.673599,122.276,membership,Payment by membership account and/or membership card,USCPIE5122191*1
ChargePoint Network,,,15332321,15332321,TUA NW ATLANTIC / STATION 1 (L),24867861,247,3260898861,2024-07-27T14:31:07Z,2024-07-27T14:49:39Z,,20.809999,76.245,membership,Payment by membership account and/or membership card,USCPIE15332321*1
ChargePoint Network,,,15885791,15885791,TWICKENHAM SQ / HU - STATION 3,25521611,247,3227761401,2024-07-12T21:30:57Z,2024-07-12T22:32:58Z,,64.590797,78.8,membership,Payment by membership account and/or membership card,USCPIE15885791*1
ChargePoint Network,,,14047321,14047321,JEFFERSON AVE. / OXFORD STA2(R),23514081,247,3267435321,2024-07-30T17:27:23Z,2024-07-30T18:28:34Z,,65.644501,69.972,membership,Payment by membership account and/or membership card,USCPIE14047321*1
ChargePoint Network,,,15885771,15885771,TWICKENHAM SQ / HU - STATION 4,25521581,247,3243152181,2024-07-19T17:48:49Z,2024-07-19T18:17:25Z,,34.203499,76.238,membership,Payment by membership account and/or membership card,USCPIE15885771*1
ChargePoint Network,,,15885771,15885771,TWICKENHAM SQ / HU - STATION 4,,,3247504161,2024-07-21T23:34:56Z,2024-07-21T23:36:05Z,,0.000000,,credit_card_terminal,Payment via credit card or debit card terminal,USCPIE15885771*0
ChargePoint Network,,,15694081,15694081,BRIGHTRIDGE EV / STATION 2 (R),25291921,100011,3249780741,2024-07-22T23:03:21Z,2024-07-22T23:25:44Z,,14.912500,53.298,membership,Payment by membership account and/or membership card,USCPIE15694081*1
ChargePoint Network,,,12720881,12720881,WRECC / STATION 1,21977141,247,3254000751,2024-07-24T17:03:34Z,2024-07-24T17:30:18Z,,29.984301,72.468,credit_card_terminal,Payment via credit card or debit card terminal,USCPIE12720881*1
ChargePoint Network,,,5424051,5424051,EEDEV / ELIZ DOWNTOWN,9026991,3,3229844401,2024-07-13T23:39:00Z,2024-07-14T00:40:41Z,,7.386261,7.4304,membership,Payment by membership account and/or membership card,USCPIE5424051*1
ChargePoint Network,,,15623231,15623231,CLW / 5TH ST 1 (L),25208301,247,3232249851,2024-07-15T12:03:11Z,2024-07-15T12:37:10Z,,35.723801,74.879,membership,Payment by membership account and/or membership card,USCPIE15623231*1
ChargePoint Network,,,14083171,14083171,STEMC / STATION 1 (L) H,,,3223305841,2024-07-11T01:15:32Z,2024-07-11T01:16:38Z,,0.000000,,credit_card_terminal,Payment via credit card or debit card terminal,USCPIE14083171*0
ChargePoint Network,,,13643801,13643801,PEPA / STATION 2,23036481,247,3205319831,2024-07-02T14:36:14Z,2024-07-02T14:56:33Z,,22.637600,72.833,membership,Payment by membership account and/or membership card,USCPIE13643801*1
ChargePoint Network,,,13026471,13026471,WCMES / CITYHALL2-R,22328331,247,3209207821,2024-07-04T00:22:19Z,2024-07-04T00:50:17Z,,30.418600,75.263,membership,Payment by membership account and/or membership card,USCPIE13026471*1
ChargePoint Network,,,682921,682921,7SPC / TVPPA OFFICE,9117261,3,3229471421,2024-07-13T19:58:59Z,2024-07-13T20:46:02Z,,4.722774,6.112,membership,Payment by membership account and/or membership card,USCPIE682921*2
ChargePoint Network,,,12720861,12720861,WRECC / STATION 2,21977121,247,3247390051,2024-07-21T22:33:54Z,2024-07-21T22:35:46Z,,0.007900,0.0,membership,Payment by membership account and/or membership card,USCPIE12720861*1
ChargePoint Network,,,15836981,15836981,TOMBIGBEE / TEPA CHARGER 2,25462651,247,3261325331,2024-07-27T19:05:24Z,2024-07-27T19:50:49Z,,47.993599,93.789,membership,Payment by membership account and/or membership card,USCPIE15836981*1
ChargePoint Network,,,9677521,9677521,UT PARKING / S7 STATION 1,17169331,3,3264654741,2024-07-29T15:26:38Z,2024-07-29T20:21:07Z,,23.674271,7.147,membership,Payment by membership account and/or membership card,USCPIE9677521*1
ChargePoint Network,,,5619801,5619801,7SPC / WARREN RECC BG,25687251,3,3241552601,2024-07-19T00:12:27Z,2024-07-19T02:56:02Z,,17.186806,6.3956,membership,Payment by membership account and/or membership card,USCPIE5619801*1
ChargePoint Network,,,5525971,5525971,7SPC / SPARTA TN,9154691,3,3230768391,2024-07-14T16:17:49Z,2024-07-15T00:34:03Z,,22.346329,3.5572,credit_card_terminal,Payment via credit card or debit card terminal,USCPIE5525971*2
ChargePoint Network,,,5397731,5397731,EEDEV / MILLIGAN UNIV,9010251,3,3203946731,2024-07-01T21:44:27Z,2024-07-02T01:31:18Z,,26.954252,7.2144,membership,Payment by membership account and/or membership card,USCPIE5397731*1
ChargePoint Network,,,1988141,1988141,7SPC / SCES DREAM MORE,2355561,3,3233548891,2024-07-15T21:43:35Z,2024-07-15T21:59:38Z,,1.751736,6.7412,membership,Payment by membership account and/or membership card,USCPIE1988141*1
ChargePoint Network,,,15548151,15548151,DECATURDOWNTWN / STATION 1 (R),25119511,247,3255061371,2024-07-25T00:45:06Z,2024-07-25T01:43:17Z,,57.826401,63.895,credit_card_terminal,Payment via credit card or debit card terminal,USCPIE15548151*1
ChargePoint Network,,,5619801,5619801,7SPC / WARREN RECC BG,25687261,3,3214171041,2024-07-06T22:46:13Z,2024-07-07T00:50:33Z,,12.513288,6.1927,membership,Payment by membership account and/or membership card,USCPIE5619801*2
ChargePoint Network,,,15885791,15885791,TWICKENHAM SQ / HU - STATION 3,25521611,247,3229061761,2024-07-13T15:49:03Z,2024-07-13T17:11:33Z,,23.729799,49.2,membership,Payment by membership account and/or membership card,USCPIE15885791*1
ChargePoint Network,,,13861891,13861891,BRMEMC / STATION 2,23296321,247,3227400991,2024-07-12T18:50:45Z,2024-07-12T19:08:52Z,,13.103800,46.248,membership,Payment by membership account and/or membership card,USCPIE13861891*1
ChargePoint Network,,,14047321,14047321,JEFFERSON AVE. / OXFORD STA2(R),,,3209384291,2024-07-04T01:49:14Z,2024-07-04T01:49:19Z,,0.000000,,membership,Payment by membership account and/or membership card,USCPIE14047321*0
ChargePoint Network,,,15640031,15640031,NECDC / STATION 1 (L),25228511,247,3245661171,2024-07-20T22:21:19Z,2024-07-20T23:49:32Z,,37.763901,59.209,membership,Payment by membership account and/or membership card,USCPIE15640031*1
ChargePoint Network,,,15548181,15548181,DECATURDOWNTWN / STATION 2 (L),25119551,247,3217047281,2024-07-08T15:30:31Z,2024-07-08T15:51:36Z,,24.591700,75.845,credit_card_terminal,Payment via credit card or debit card terminal,USCPIE15548181*1
ChargePoint Network,,,15694171,15694171,BRIGHTRIDGE EV / STATION 1 (L),25292041,247,3254778501,2024-07-24T22:36:55Z,2024-07-24T22:58:13Z,,14.741100,73.853,credit_card_terminal,Payment via credit card or debit card terminal,USCPIE15694171*1
ChargePoint Network,,,12406401,12406401,FPIA / RIGHT STATION,21527671,247,3211803131,2024-07-05T16:32:16Z,2024-07-05T16:33:33Z,,0.000000,0.0,membership,Payment by membership account and/or membership card,USCPIE12406401*1
ChargePoint Network,,,1964521,1964521,EBOFG / GUNTERSVILLE PD,8374201,3,3243347461,2024-07-19T19:20:22Z,2024-07-20T00:11:32Z,,36.021351,7.5016,membership,Payment by membership account and/or membership card,USCPIE1964521*1
ChargePoint Network,,,15640171,15640171,NECDC / STATION 2 (R),25228711,247,3209873411,2024-07-04T09:09:37Z,2024-07-04T10:28:19Z,,73.304298,75.041,credit_card_terminal,Payment via credit card or debit card terminal,USCPIE15640171*1
ChargePoint Network,,,12720861,12720861,WRECC / STATION 2,21977121,247,3219781461,2024-07-09T17:39:40Z,2024-07-09T18:37:22Z,,61.887501,80.992,membership,Payment by membership account and/or membership card,USCPIE12720861*1
ChargePoint Network,,,14355251,14355251,HARTSELLE 1 / STATION 2 (R),23865691,247,3214082961,2024-07-06T21:52:31Z,2024-07-06T22:13:55Z,,22.198601,70.638,credit_card_terminal,Payment via credit card or debit card terminal,USCPIE14355251*1
ChargePoint Network,,,13664401,13664401,BTES / STATION 1 (LL),23060421,247,3218070911,2024-07-08T23:04:19Z,2024-07-09T00:29:25Z,,57.042999,49.409,membership,Payment by membership account and/or membership card,USCPIE13664401*1
ChargePoint Network,,,12754021,12754021,WCMES / CITYHALL1-L,22015241,247,3217126991,2024-07-08T15:58:31Z,2024-07-08T15:59:22Z,,0.003900,0.0,credit_card_terminal,Payment via credit card or debit card terminal,USCPIE12754021*1
ChargePoint Network,,,15548181,15548181,DECATURDOWNTWN / STATION 2 (L),25119551,247,3252147821,2024-07-23T22:06:15Z,2024-07-23T22:52:18Z,,67.825401,101.898,membership,Payment by membership account and/or membership card,USCPIE15548181*1
ChargePoint Network,,,5619801,5619801,7SPC / WARREN RECC BG,25687251,3,3203415451,2024-07-01T17:29:17Z,2024-07-01T17:59:01Z,,2.977092,6.2346,credit_card_terminal,Payment via credit card or debit card terminal,USCPIE5619801*1
ChargePoint Network,,,14047321,14047321,JEFFERSON AVE. / OXFORD STA2(R),23514081,247,3235399241,2024-07-16T16:52:11Z,2024-07-16T16:53:13Z,,0.000000,0.0,membership,Payment by membership account and/or membership card,USCPIE14047321*1
ChargePoint Network,,,13651631,13651631,MLEC / STATION 2 (R) H,23045821,247,3261097021,2024-07-27T16:49:13Z,2024-07-27T17:08:16Z,,11.334600,52.271,membership,Payment by membership account and/or membership card,USCPIE13651631*1
ChargePoint Network,,,5122191,5122191,CULLMANELECTRIC / STATION1-L,,,3229186621,2024-07-13T17:05:52Z,2024-07-13T17:07:53Z,,0.000000,,membership,Payment by membership account and/or membership card,USCPIE5122191*0
ChargePoint Network,,,8851921,8851921,7SPC / SEVIERVILLE DC1,15571271,100011,3229771971,2024-07-13T22:58:17Z,2024-07-13T23:18:02Z,,9.868100,40.111,membership,Payment by membership account and/or membership card,USCPIE8851921*1
ChargePoint Network,,,13659871,13659871,LAWRENCEBURG / STATION 2 (R),23054921,247,3211869041,2024-07-05T17:08:08Z,2024-07-05T17:08:40Z,,0.000000,0.0,membership,Payment by membership account and/or membership card,USCPIE13659871*1
ChargePoint Network,,,13290491,13290491,7SPC / NASA USSRC L,22634931,3,3217114621,2024-07-08T15:54:16Z,2024-07-08T15:54:33Z,,0.000000,,other,Any other payment method not specified above. Additional description should be provided in Payment Method Description.,USCPIE13290491*1
ChargePoint Network,,,13659871,13659871,LAWRENCEBURG / STATION 2 (R),23054921,247,3247274111,2024-07-21T21:30:34Z,2024-07-21T21:42:33Z,,14.118200,0.0,membership,Payment by membership account and/or membership card,USCPIE13659871*1
ChargePoint Network,,,14097801,14097801,SCOTTSBORO EPB / SEPB DCFC (L),23570921,247,3210010491,2024-07-04T13:08:26Z,2024-07-04T14:04:39Z,,59.678699,79.949,membership,Payment by membership account and/or membership card,USCPIE14097801*1
ChargePoint Network,,,14337221,14337221,HOLSTONELECTRIC / CHURCH HILL-1,23844801,247,3261482331,2024-07-27T20:37:06Z,2024-07-27T20:46:17Z,,9.961500,73.43,credit_card_terminal,Payment via credit card or debit card terminal,USCPIE14337221*1
ChargePoint Network,,,13966051,13966051,BEA / STATION 3 (RM),23419981,247,3231187991,2024-07-14T20:47:23Z,2024-07-14T22:04:21Z,,48.546600,45.486,membership,Payment by membership account and/or membership card,USCPIE13966051*1
ChargePoint Network,,,5346231,5346231,CULLMANELECTRIC / STATION2-R,8926271,247,3263326621,2024-07-28T22:16:46Z,2024-07-28T23:11:02Z,,40.922401,54.464,membership,Payment by membership account and/or membership card,USCPIE5346231*1provider_id,station_id,site_id,charger_id,evse_id,evse_name,port_id,connector_id,session_id,session_start,session_end,session_error,energy_kwh,peak_power_kw,payment_method,payment_other,eMI3 Port id
ChargePoint Network,,,13861891,13861891,BRMEMC / STATION 2,23296321,247,3248335251,2024-07-22T12:34:27Z,2024-07-22T12:36:11Z,,0.000000,0.0,membership,Payment by membership account and/or membership card,USCPIE13861891*1
ChargePoint Network,,,14097801,14097801,SCOTTSBORO EPB / SEPB DCFC (L),23570921,247,3225652641,2024-07-11T23:49:02Z,2024-07-11T23:59:30Z,,10.032200,0.0,membership,Payment by membership account and/or membership card,USCPIE14097801*1
ChargePoint Network,,,15332351,15332351,TUA NW ATLANTIC / STATION 2 (R),24867891,247,3246528881,2024-07-21T12:21:33Z,2024-07-21T12:23:02Z,,0.000000,0.0,membership,Payment by membership account and/or membership card,USCPIE15332351*1
ChargePoint Network,,,1988061,1988061,7SPC / SCES DOLLYWOOD,25499831,3,3210419201,2024-07-04T18:56:05Z,2024-07-05T01:58:11Z,,49.760273,7.2601,membership,Payment by membership account and/or membership card,USCPIE1988061*1
ChargePoint Network,,,5466441,5466441,7SPC / NASA USSRC R,9079361,3,3211656871,2024-07-05T15:14:54Z,2024-07-05T17:35:44Z,,13.975798,6.0583,membership,Payment by membership account and/or membership card,USCPIE5466441*1
ChargePoint Network,,,1988061,1988061,7SPC / SCES DOLLYWOOD,25499841,3,3264818651,2024-07-29T16:23:37Z,2024-07-29T22:52:35Z,,24.173735,4.826,membership,Payment by membership account and/or membership card,USCPIE1988061*2
ChargePoint Network,,,13643831,13643831,PEPA / STATION 1,23036511,247,3213676641,2024-07-06T17:39:07Z,2024-07-06T19:03:57Z,,51.768398,73.26,membership,Payment by membership account and/or membership card,USCPIE13643831*1
ChargePoint Network,,,14337221,14337221,HOLSTONELECTRIC / CHURCH HILL-1,23844801,100011,3236123071,2024-07-16T22:03:45Z,2024-07-16T22:04:30Z,,0.000000,0.0,membership,Payment by membership account and/or membership card,USCPIE14337221*1
ChargePoint Network,,,13606061,13606061,I24 EXIT11 / STATION 4 (RR),22992511,247,3249792141,2024-07-22T23:08:22Z,2024-07-22T23:42:05Z,,34.709999,75.239,membership,Payment by membership account and/or membership card,USCPIE13606061*1
ChargePoint Network,,,5354011,5354011,7SPC / GREENEVILLE TA,8936791,207,3236226421,2024-07-16T22:46:02Z,2024-07-16T23:07:03Z,,19.094299,56.672,credit_card_terminal,Payment via credit card or debit card terminal,USCPIE5354011*1
ChargePoint Network,,,13664501,13664501,BTES / STATION 4 (RR),23060561,247,3262877771,2024-07-28T17:50:48Z,2024-07-28T18:51:42Z,,46.753399,74.447,credit_card_terminal,Payment via credit card or debit card terminal,USCPIE13664501*1
ChargePoint Network,,,5122191,5122191,CULLMANELECTRIC / STATION1-L,,,3204008601,2024-07-01T22:10:45Z,2024-07-01T22:12:46Z,,0.000000,,membership,Payment by membership account and/or membership card,USCPIE5122191*0
ChargePoint Network,,,15548181,15548181,DECATURDOWNTWN / STATION 2 (L),25119551,247,3222969061,2024-07-10T22:47:50Z,2024-07-10T23:50:14Z,,57.394299,73.108,membership,Payment by membership account and/or membership card,USCPIE15548181*1
ChargePoint Network,,,15694081,15694081,BRIGHTRIDGE EV / STATION 2 (R),25291921,100011,3203301521,2024-07-01T16:36:39Z,2024-07-01T16:53:52Z,,4.357800,41.79,membership,Payment by membership account and/or membership card,USCPIE15694081*1
ChargePoint Network,,,13651631,13651631,MLEC / STATION 2 (R) H,23045821,247,3210532271,2024-07-04T20:26:49Z,2024-07-04T20:27:23Z,,0.000000,0.0,membership,Payment by membership account and/or membership card,USCPIE13651631*1
ChargePoint Network,,,5122191,5122191,CULLMANELECTRIC / STATION1-L,8482151,247,3259781861,2024-07-26T22:21:11Z,2024-07-26T23:22:40Z,,55.549198,74.86,membership,Payment by membership account and/or membership card,USCPIE5122191*1
ChargePoint Network,,,13966031,13966031,BEA / STATION 4 (RR),23419961,247,3224296511,2024-07-11T14:32:41Z,2024-07-11T15:18:04Z,,27.547800,75.599,membership,Payment by membership account and/or membership card,USCPIE13966031*1
ChargePoint Network,,,13664471,13664471,BTES / STATION 3 (RM),23060511,247,3244928841,2024-07-20T15:00:59Z,2024-07-20T15:54:44Z,,54.241199,76.83,credit_card_terminal,Payment via credit card or debit card terminal,USCPIE13664471*1
ChargePoint Network,,,13803581,13803581,FPU / STATION 1 (L),23227201,247,3232989651,2024-07-15T17:29:41Z,2024-07-15T18:07:28Z,,35.941898,59.976,membership,Payment by membership account and/or membership card,USCPIE13803581*1
ChargePoint Network,,,13606061,13606061,I24 EXIT11 / STATION 4 (RR),22992511,247,3225300581,2024-07-11T21:16:31Z,2024-07-11T21:16:54Z,,0.000000,0.0,membership,Payment by membership account and/or membership card,USCPIE13606061*1
ChargePoint Network,,,16022131,16022131,ACEPA / ACE STATION 1,25683791,247,3237433441,2024-07-17T13:12:45Z,2024-07-17T13:51:31Z,,31.342100,74.844,membership,Payment by membership account and/or membership card,USCPIE16022131*1
ChargePoint Network,,,15260251,15260251,STEMC / STATION 2 (R) A,24784081,247,3256711141,2024-07-25T18:01:45Z,2024-07-25T18:03:24Z,,0.000000,0.0,membership,Payment by membership account and/or membership card,USCPIE15260251*1
ChargePoint Network,,,15815141,15815141,GEA-1 / STATION 1 (L),25435121,247,3229049291,2024-07-13T15:40:24Z,2024-07-13T15:41:09Z,,0.000000,0.0,membership,Payment by membership account and/or membership card,USCPIE15815141*1
ChargePoint Network,,,13606061,13606061,I24 EXIT11 / STATION 4 (RR),22992511,247,3232937831,2024-07-15T17:04:34Z,2024-07-15T17:38:17Z,,34.646900,77.617,membership,Payment by membership account and/or membership card,USCPIE13606061*1
ChargePoint Network,,,5380331,5380331,CULLMAN PB / STATION 1,8970951,3,3237954931,2024-07-17T16:33:15Z,2024-07-17T16:35:21Z,,0.000000,0.0,membership,Payment by membership account and/or membership card,USCPIE5380331*1
ChargePoint Network,,,5122191,5122191,CULLMANELECTRIC / STATION1-L,8482151,247,3223088371,2024-07-10T23:40:01Z,2024-07-11T00:07:19Z,,31.044300,73.678,membership,Payment by membership account and/or membership card,USCPIE5122191*1
ChargePoint Network,,,5354011,5354011,7SPC / GREENEVILLE TA,8936791,207,3258382881,2024-07-26T11:26:59Z,2024-07-26T12:16:22Z,,18.544300,59.823,membership,Payment by membership account and/or membership card,USCPIE5354011*1
ChargePoint Network,,,5122191,5122191,CULLMANELECTRIC / STATION1-L,8482151,247,3249843691,2024-07-22T23:32:48Z,2024-07-22T23:50:20Z,,14.612100,54.384,membership,Payment by membership account and/or membership card,USCPIE5122191*1
ChargePoint Network,,,13861891,13861891,BRMEMC / STATION 2,23296321,247,3211977051,2024-07-05T18:09:26Z,2024-07-05T18:43:18Z,,27.746300,77.022,membership,Payment by membership account and/or membership card,USCPIE13861891*1
ChargePoint Network,,,8851921,8851921,7SPC / SEVIERVILLE DC1,15571271,207,3265364011,2024-07-29T20:31:17Z,2024-07-29T21:29:07Z,,43.147598,60.419,phone_online,"Payment through mobile app, website, automated phone number or messaging system",USCPIE8851921*1
ChargePoint Network,,,13423581,13423581,AEC / STATION #2 (R),22787011,247,3261426481,2024-07-27T20:04:40Z,2024-07-27T20:20:41Z,,20.444901,80.375,membership,Payment by membership account and/or membership card,USCPIE13423581*1
ChargePoint Network,,,5466441,5466441,7SPC / NASA USSRC R,9079361,3,3217580091,2024-07-08T19:23:10Z,2024-07-08T19:29:28Z,,0.620841,6.2723,membership,Payment by membership account and/or membership card,USCPIE5466441*1
ChargePoint Network,,,1988141,1988141,7SPC / SCES DREAM MORE,2355571,3,3252000981,2024-07-23T21:02:59Z,2024-07-23T21:04:42Z,,0.000000,0.0,membership,Payment by membership account and/or membership card,USCPIE1988141*2
ChargePoint Network,,,8851921,8851921,7SPC / SEVIERVILLE DC1,15571271,207,3210526281,2024-07-04T20:21:38Z,2024-07-04T21:22:11Z,,58.760700,61.599,other,Any other payment method not specified above. Additional description should be provided in Payment Method Description.,USCPIE8851921*1
ChargePoint Network,,,5565291,5565291,7SPC / SCES LECONTE 1,9205191,3,3205040921,2024-07-02T12:12:29Z,2024-07-02T13:14:57Z,,2.445640,3.7378,membership,Payment by membership account and/or membership card,USCPIE5565291*1
ChargePoint Network,,,15260251,15260251,STEMC / STATION 2 (R) A,24784081,247,3256715791,2024-07-25T18:03:42Z,2024-07-25T18:54:39Z,,59.088501,73.458,membership,Payment by membership account and/or membership card,USCPIE15260251*1
ChargePoint Network,,,14337501,14337501,HOLSTONELECTRIC / CHURCH HILL-2,23845091,247,3226653341,2024-07-12T13:09:13Z,2024-07-12T13:40:36Z,,59.076801,117.624,membership,Payment by membership account and/or membership card,USCPIE14337501*1
ChargePoint Network,,,12989161,12989161,BTES / CITY HALL,22285811,3,3246570951,2024-07-21T13:25:21Z,2024-07-21T14:41:04Z,,8.747226,7.0364,membership,Payment by membership account and/or membership card,USCPIE12989161*1
ChargePoint Network,,,5619801,5619801,7SPC / WARREN RECC BG,25687251,3,3267230111,2024-07-30T16:05:38Z,2024-07-30T16:08:47Z,,0.084125,2.0662,membership,Payment by membership account and/or membership card,USCPIE5619801*1
ChargePoint Network,,,12989161,12989161,BTES / CITY HALL,22285811,3,3242458201,2024-07-19T12:41:18Z,2024-07-19T13:52:16Z,,8.117170,6.9659,membership,Payment by membership account and/or membership card,USCPIE12989161*1
ChargePoint Network,,,13664401,13664401,BTES / STATION 1 (LL),23060421,247,3208465671,2024-07-03T18:59:00Z,2024-07-03T19:42:03Z,,37.078300,60.214,membership,Payment by membership account and/or membership card,USCPIE13664401*1
ChargePoint Network,,,15640171,15640171,NECDC / STATION 2 (R),25228711,247,3229386411,2024-07-13T19:08:58Z,2024-07-13T19:35:54Z,,33.293900,123.379,membership,Payment by membership account and/or membership card,USCPIE15640171*1
ChargePoint Network,,,1785631,1785631,HOLSTONELECTRIC / STATION 1,22462981,3,3258701771,2024-07-26T14:34:37Z,2024-07-26T19:02:07Z,,25.642944,7.4733,membership,Payment by membership account and/or membership card,USCPIE1785631*1
ChargePoint Network,,,13861891,13861891,BRMEMC / STATION 2,23296321,247,3217346001,2024-07-08T17:27:13Z,2024-07-08T17:46:09Z,,24.152800,86.632,phone_online,"Payment through mobile app, website, automated phone number or messaging system",USCPIE13861891*1
ChargePoint Network,,,8851921,8851921,7SPC / SEVIERVILLE DC1,15571271,207,3205827111,2024-07-02T17:57:00Z,2024-07-02T18:42:34Z,,32.563202,43.724,phone_online,"Payment through mobile app, website, automated phone number or messaging system",USCPIE8851921*1
ChargePoint Network,,,1964521,1964521,EBOFG / GUNTERSVILLE PD,8374211,3,3259840351,2024-07-26T22:49:16Z,2024-07-26T23:11:22Z,,2.620995,7.363,credit_card_terminal,Payment via credit card or debit card terminal,USCPIE1964521*2
ChargePoint Network,,,5397731,5397731,EEDEV / MILLIGAN UNIV,9010261,3,3214959591,2024-07-07T13:12:44Z,2024-07-07T14:10:43Z,,6.870877,7.2621,membership,Payment by membership account and/or membership card,USCPIE5397731*2
ChargePoint Network,,,5619801,5619801,7SPC / WARREN RECC BG,25687261,3,3247005081,2024-07-21T18:51:39Z,2024-07-21T19:33:53Z,,4.335279,6.2644,membership,Payment by membership account and/or membership card,USCPIE5619801*2
ChargePoint Network,,,5122191,5122191,CULLMANELECTRIC / STATION1-L,8482151,247,3225542471,2024-07-11T22:59:04Z,2024-07-11T23:16:48Z,,31.270800,123.535,membership,Payment by membership account and/or membership card,USCPIE5122191*1
ChargePoint Network,,,15885791,15885791,TWICKENHAM SQ / HU - STATION 3,25521611,247,3228845471,2024-07-13T12:34:38Z,2024-07-13T15:07:27Z,,45.688400,76.428,membership,Payment by membership account and/or membership card,USCPIE15885791*1
ChargePoint Network,,,15885771,15885771,TWICKENHAM SQ / HU - STATION 4,25521581,247,3242792391,2024-07-19T15:23:44Z,2024-07-19T15:58:17Z,,42.228298,75.459,membership,Payment by membership account and/or membership card,USCPIE15885771*1
ChargePoint Network,,,13606061,13606061,I24 EXIT11 / STATION 4 (RR),22992511,247,3247536891,2024-07-21T23:54:31Z,2024-07-22T00:47:36Z,,45.185799,74.027,membership,Payment by membership account and/or membership card,USCPIE13606061*1
ChargePoint Network,,,1921531,1921531,STARKVILLE UTIL / STARKVILLE REC,2268551,3,3268107711,2024-07-30T22:20:27Z,2024-07-30T22:58:28Z,,2.372720,3.7996,membership,Payment by membership account and/or membership card,USCPIE1921531*1
ChargePoint Network,,,15332321,15332321,TUA NW ATLANTIC / STATION 1 (L),24867861,247,3213809141,2024-07-06T19:01:44Z,2024-07-06T19:51:51Z,,31.397900,54.096,credit_card_terminal,Payment via credit card or debit card terminal,USCPIE15332321*1
ChargePoint Network,,,9777021,9777021,CRMC / CRMC-2- L2RIGHT,17361741,3,3207612141,2024-07-03T13:07:15Z,2024-07-03T20:17:49Z,,50.836651,7.2675,membership,Payment by membership account and/or membership card,USCPIE9777021*1
ChargePoint Network,,,5122191,5122191,CULLMANELECTRIC / STATION1-L,8482151,247,3223552921,2024-07-11T03:25:07Z,2024-07-11T04:30:10Z,,68.987099,78.405,membership,Payment by membership account and/or membership card,USCPIE5122191*1
ChargePoint Network,,,15694081,15694081,BRIGHTRIDGE EV / STATION 2 (R),,,3243162711,2024-07-19T17:52:22Z,2024-07-19T17:53:49Z,,0.000000,,credit_card_terminal,Payment via credit card or debit card terminal,USCPIE15694081*0
ChargePoint Network,,,13861891,13861891,BRMEMC / STATION 2,23296321,247,3220381871,2024-07-09T22:05:35Z,2024-07-09T22:45:37Z,,42.280499,74.676,membership,Payment by membership account and/or membership card,USCPIE13861891*1
ChargePoint Network,,,5354011,5354011,7SPC / GREENEVILLE TA,8936791,207,3230880501,2024-07-14T17:34:22Z,2024-07-14T18:09:04Z,,25.544399,54.611,membership,Payment by membership account and/or membership card,USCPIE5354011*1
ChargePoint Network,,,14047321,14047321,JEFFERSON AVE. / OXFORD STA2(R),23514081,247,3217476291,2024-07-08T18:34:43Z,2024-07-08T18:45:26Z,,11.181500,68.903,membership,Payment by membership account and/or membership card,USCPIE14047321*1
ChargePoint Network,,,5350831,5350831,CULLMANELECTRIC / CEC MAIN OFFICE,8932501,3,3235459871,2024-07-16T17:16:52Z,2024-07-16T17:24:42Z,,0.596199,6.0736,membership,Payment by membership account and/or membership card,USCPIE5350831*2
ChargePoint Network,,,15280471,15280471,SPRFLD ELECTRIC / STATION 1 (L),24807681,247,3230623931,2024-07-14T14:10:46Z,2024-07-14T15:01:59Z,,31.854300,62.883,membership,Payment by membership account and/or membership card,USCPIE15280471*1
ChargePoint Network,,,12720861,12720861,WRECC / STATION 2,,,3261204841,2024-07-27T17:55:21Z,2024-07-27T17:55:31Z,,0.000000,,membership,Payment by membership account and/or membership card,USCPIE12720861*0
ChargePoint Network,,,15836871,15836871,TOMBIGBEE / TEPA CHARGER 1,25462501,247,3243590281,2024-07-19T21:05:39Z,2024-07-19T21:30:04Z,,32.494400,85.456,membership,Payment by membership account and/or membership card,USCPIE15836871*1
ChargePoint Network,,,5346231,5346231,CULLMANELECTRIC / STATION2-R,8926271,247,3263003491,2024-07-28T19:08:39Z,2024-07-28T19:23:53Z,,18.134800,74.86,credit_card_terminal,Payment via credit card or debit card terminal,USCPIE5346231*1
ChargePoint Network,,,1921531,1921531,STARKVILLE UTIL / STARKVILLE REC,2268561,3,3204541531,2024-07-02T02:41:02Z,2024-07-02T03:04:30Z,,2.731221,7.1391,membership,Payment by membership account and/or membership card,USCPIE1921531*2
ChargePoint Network,,,8851921,8851921,7SPC / SEVIERVILLE DC1,15571271,207,3213251611,2024-07-06T10:48:59Z,2024-07-06T10:49:19Z,,0.000000,0.0,membership,Payment by membership account and/or membership card,USCPIE8851921*1
ChargePoint Network,,,5346231,5346231,CULLMANELECTRIC / STATION2-R,8926271,247,3213309511,2024-07-06T12:42:20Z,2024-07-06T13:41:46Z,,54.046200,63.504,membership,Payment by membership account and/or membership card,USCPIE5346231*1
ChargePoint Network,,,15548181,15548181,DECATURDOWNTWN / STATION 2 (L),25119551,247,3213610131,2024-07-06T16:56:57Z,2024-07-06T16:57:30Z,,0.000000,0.0,membership,Payment by membership account and/or membership card,USCPIE15548181*1
ChargePoint Network,,,14097801,14097801,SCOTTSBORO EPB / SEPB DCFC (L),23570921,247,3245093621,2024-07-20T16:50:41Z,2024-07-20T17:02:18Z,,9.207300,54.111,membership,Payment by membership account and/or membership card,USCPIE14097801*1
ChargePoint Network,,,13664471,13664471,BTES / STATION 3 (RM),23060511,247,3215284041,2024-07-07T17:46:09Z,2024-07-07T18:10:00Z,,27.716801,75.636,membership,Payment by membership account and/or membership card,USCPIE13664471*1
ChargePoint Network,,,13606091,13606091,I24 EXIT11 / STATION 3 (RM),22992551,247,3211461461,2024-07-05T12:57:00Z,2024-07-05T13:06:50Z,,11.481400,72.496,credit_card_terminal,Payment via credit card or debit card terminal,USCPIE13606091*1
ChargePoint Network,,,14359531,14359531,EBOFG / STATION 2 (R),23870331,247,3245684421,2024-07-20T22:34:22Z,2024-07-20T22:59:40Z,,21.908899,73.968,membership,Payment by membership account and/or membership card,USCPIE14359531*1
ChargePoint Network,,,8851921,8851921,7SPC / SEVIERVILLE DC1,15571271,207,3249639361,2024-07-22T22:02:10Z,2024-07-22T22:57:06Z,,41.420101,54.02,membership,Payment by membership account and/or membership card,USCPIE8851921*1
ChargePoint Network,,,15250701,15250701,SES-TN / STATION 2,24772611,247,3205691521,2024-07-02T16:51:44Z,2024-07-02T18:03:35Z,,48.281200,54.316,credit_card_terminal,Payment via credit card or debit card terminal,USCPIE15250701*1
ChargePoint Network,,,8851921,8851921,7SPC / SEVIERVILLE DC1,15571271,207,3257078321,2024-07-25T20:36:48Z,2024-07-25T21:21:15Z,,39.526299,57.68,membership,Payment by membership account and/or membership card,USCPIE8851921*1
ChargePoint Network,,,15885771,15885771,TWICKENHAM SQ / HU - STATION 4,25521581,247,3249875261,2024-07-22T23:48:01Z,2024-07-23T00:03:36Z,,12.307400,53.937,membership,Payment by membership account and/or membership card,USCPIE15885771*1
ChargePoint Network,,,5619801,5619801,7SPC / WARREN RECC BG,25687261,3,3247873471,2024-07-22T03:12:36Z,2024-07-22T04:55:42Z,,10.695827,6.3099,membership,Payment by membership account and/or membership card,USCPIE5619801*2
ChargePoint Network,,,15332351,15332351,TUA NW ATLANTIC / STATION 2 (R),24867891,100011,3259112841,2024-07-26T17:15:20Z,2024-07-26T17:25:09Z,,2.130200,0.0,membership,Payment by membership account and/or membership card,USCPIE15332351*1
ChargePoint Network,,,5525971,5525971,7SPC / SPARTA TN,9154681,3,3225695881,2024-07-12T00:06:50Z,2024-07-12T00:29:47Z,,2.573088,6.9015,membership,Payment by membership account and/or membership card,USCPIE5525971*1
ChargePoint Network,,,5424051,5424051,EEDEV / ELIZ DOWNTOWN,9027001,3,3205023911,2024-07-02T12:02:11Z,2024-07-02T14:26:58Z,,6.638968,3.5639,membership,Payment by membership account and/or membership card,USCPIE5424051*2
ChargePoint Network,,,13292801,13292801,LODGE CAST IRON / STORE & MUSEUM,22637551,3,3242081941,2024-07-19T04:47:17Z,2024-07-19T10:36:16Z,,39.797401,6.9209,membership,Payment by membership account and/or membership card,USCPIE13292801*1
ChargePoint Network,,,7505851,7505851,JEFFERSON AVE. / OXFORD STA1(L),12955471,247,3217843711,2024-07-08T21:21:00Z,2024-07-08T22:00:17Z,,34.209202,78.407,membership,Payment by membership account and/or membership card,USCPIE7505851*1
ChargePoint Network,,,13659871,13659871,LAWRENCEBURG / STATION 2 (R),23054921,247,3227109391,2024-07-12T16:33:18Z,2024-07-12T17:10:45Z,,48.322201,81.774,credit_card_terminal,Payment via credit card or debit card terminal,USCPIE13659871*1
ChargePoint Network,,,5565291,5565291,7SPC / SCES LECONTE 1,9205191,3,3210576731,2024-07-04T21:02:06Z,2024-07-04T22:49:34Z,,6.732551,3.7937,membership,Payment by membership account and/or membership card,USCPIE5565291*1
ChargePoint Network,,,13606061,13606061,I24 EXIT11 / STATION 4 (RR),,,3242710831,2024-07-19T14:49:44Z,2024-07-19T14:50:54Z,,0.000000,,credit_card_terminal,Payment via credit card or debit card terminal,USCPIE13606061*0
ChargePoint Network,,,14337501,14337501,HOLSTONELECTRIC / CHURCH HILL-2,23845091,100011,3220339411,2024-07-09T21:47:06Z,2024-07-09T22:46:56Z,,34.147999,51.291,membership,Payment by membership account and/or membership card,USCPIE14337501*1
ChargePoint Network,,,12406401,12406401,FPIA / RIGHT STATION,21527671,247,3213861581,2024-07-06T19:35:34Z,2024-07-06T19:37:00Z,,0.000000,0.0,membership,Payment by membership account and/or membership card,USCPIE12406401*1
ChargePoint Network,,,13290491,13290491,7SPC / NASA USSRC L,25742671,3,3229110121,2024-07-13T16:19:59Z,2024-07-13T19:00:53Z,,16.468977,6.2595,membership,Payment by membership account and/or membership card,USCPIE13290491*1
ChargePoint Network,,,15694081,15694081,BRIGHTRIDGE EV / STATION 2 (R),25291921,247,3230666091,2024-07-14T14:54:31Z,2024-07-14T15:34:18Z,,38.545200,75.222,membership,Payment by membership account and/or membership card,USCPIE15694081*1
ChargePoint Network,,,12460751,12460751,PES / LEFT STATION,22360171,215,3251985751,2024-07-23T20:57:38Z,2024-07-24T15:43:03Z,,49.578098,7.7911,membership,Payment by membership account and/or membership card,USCPIE12460751*1
ChargePoint Network,,,8851921,8851921,7SPC / SEVIERVILLE DC1,15571271,207,3220501901,2024-07-09T22:58:05Z,2024-07-09T23:37:15Z,,36.099098,58.139,membership,Payment by membership account and/or membership card,USCPIE8851921*1
ChargePoint Network,,,15623231,15623231,CLW / 5TH ST 1 (L),25208301,247,3258786161,2024-07-26T15:09:58Z,2024-07-26T15:15:50Z,,5.626400,70.199,membership,Payment by membership account and/or membership card,USCPIE15623231*1
ChargePoint Network,,,15332351,15332351,TUA NW ATLANTIC / STATION 2 (R),24867891,247,3249493841,2024-07-22T20:56:12Z,2024-07-22T21:26:18Z,,25.294201,53.214,membership,Payment by membership account and/or membership card,USCPIE15332351*1
ChargePoint Network,,,13659871,13659871,LAWRENCEBURG / STATION 2 (R),23054921,247,3219661561,2024-07-09T16:44:58Z,2024-07-09T17:07:03Z,,39.942200,116.279,credit_card_terminal,Payment via credit card or debit card terminal,USCPIE13659871*1
ChargePoint Network,,,15694081,15694081,BRIGHTRIDGE EV / STATION 2 (R),25291921,247,3233589021,2024-07-15T22:00:25Z,2024-07-15T22:38:25Z,,16.407400,62.088,membership,Payment by membership account and/or membership card,USCPIE15694081*1
ChargePoint Network,,,15684301,15684301,MLEC / STATION 1 (L) W,25280151,247,3267752641,2024-07-30T19:51:49Z,2024-07-30T19:53:29Z,,0.000000,0.0,membership,Payment by membership account and/or membership card,USCPIE15684301*1
ChargePoint Network,,,13290491,13290491,7SPC / NASA USSRC L,25742681,3,3258828401,2024-07-26T15:26:08Z,2024-07-26T17:40:14Z,,7.240251,3.321,credit_card_terminal,Payment via credit card or debit card terminal,USCPIE13290491*2
ChargePoint Network,,,15332321,15332321,TUA NW ATLANTIC / STATION 1 (L),24867861,247,3230184881,2024-07-14T03:07:12Z,2024-07-14T03:39:17Z,,35.012798,68.055,membership,Payment by membership account and/or membership card,USCPIE15332321*1
ChargePoint Network,,,1921531,1921531,STARKVILLE UTIL / STARKVILLE REC,2268561,3,3213520391,2024-07-06T15:58:36Z,2024-07-06T16:25:46Z,,3.067906,6.8823,credit_card_terminal,Payment via credit card or debit card terminal,USCPIE1921531*2
ChargePoint Network,,,12406401,12406401,FPIA / RIGHT STATION,21527671,247,3219117221,2024-07-09T13:19:35Z,2024-07-09T14:21:00Z,,73.004303,97.001,membership,Payment by membership account and/or membership card,USCPIE12406401*1
ChargePoint Network,,,1844191,1844191,CLW / MAIN ST,23050431,3,3256019611,2024-07-25T13:34:47Z,2024-07-25T14:37:49Z,,4.797515,7.2965,membership,Payment by membership account and/or membership card,USCPIE1844191*1
ChargePoint Network,,,5565291,5565291,7SPC / SCES LECONTE 1,9205191,3,3209653091,2024-07-04T04:11:37Z,2024-07-04T06:17:08Z,,6.064796,3.7436,membership,Payment by membership account and/or membership card,USCPIE5565291*1
ChargePoint Network,,,5122191,5122191,CULLMANELECTRIC / STATION1-L,8482151,247,3244825921,2024-07-20T13:34:15Z,2024-07-20T14:08:54Z,,27.431700,61.231,membership,Payment by membership account and/or membership card,USCPIE5122191*1
ChargePoint Network,,,15885771,15885771,TWICKENHAM SQ / HU - STATION 4,25521581,247,3236177171,2024-07-16T22:25:54Z,2024-07-16T23:43:55Z,,61.019798,65.267,membership,Payment by membership account and/or membership card,USCPIE15885771*1
ChargePoint Network,,,8851921,8851921,7SPC / SEVIERVILLE DC1,15571271,207,3215817571,2024-07-07T23:01:10Z,2024-07-07T23:28:12Z,,23.286200,54.978,membership,Payment by membership account and/or membership card,USCPIE8851921*1
ChargePoint Network,,,13664401,13664401,BTES / STATION 1 (LL),23060421,247,3257544311,2024-07-25T23:56:55Z,2024-07-26T00:27:04Z,,24.814800,59.055,membership,Payment by membership account and/or membership card,USCPIE13664401*1
ChargePoint Network,,,12406401,12406401,FPIA / RIGHT STATION,21527671,247,3247293381,2024-07-21T21:41:52Z,2024-07-21T22:16:58Z,,47.167801,85.214,membership,Payment by membership account and/or membership card,USCPIE12406401*1
ChargePoint Network,,,15260241,15260241,STEMC / STATION 1 (L) A,24784071,247,3211868181,2024-07-05T17:07:49Z,2024-07-05T17:42:13Z,,39.484100,72.4,membership,Payment by membership account and/or membership card,USCPIE15260241*1
ChargePoint Network,,,13659831,13659831,LAWRENCEBURG / STATION 1 (L),23054881,247,3217585551,2024-07-08T19:25:26Z,2024-07-08T19:30:30Z,,4.669500,68.359,membership,Payment by membership account and/or membership card,USCPIE13659831*1
ChargePoint Network,,,15623211,15623211,CLW / 5TH ST 2 (R),25208281,247,3231654571,2024-07-15T01:10:17Z,2024-07-15T01:47:36Z,,54.781601,95.152,membership,Payment by membership account and/or membership card,USCPIE15623211*1
ChargePoint Network,,,15684341,15684341,MLEC / STATION 2 (R) W,25280201,247,3210749851,2024-07-04T23:23:01Z,2024-07-04T23:28:35Z,,7.669300,0.0,membership,Payment by membership account and/or membership card,USCPIE15684341*1
ChargePoint Network,,,1988141,1988141,7SPC / SCES DREAM MORE,2355561,3,3261395011,2024-07-27T19:46:05Z,2024-07-27T21:02:16Z,,8.801894,7.0458,membership,Payment by membership account and/or membership card,USCPIE1988141*1
ChargePoint Network,,,15885771,15885771,TWICKENHAM SQ / HU - STATION 4,25521581,247,3215631941,2024-07-07T21:16:55Z,2024-07-07T22:11:51Z,,35.662800,54.316,membership,Payment by membership account and/or membership card,USCPIE15885771*1
ChargePoint Network,,,15885151,15885151,TWICKENHAM SQ / HU - STATION 2,25520801,247,3258993551,2024-07-26T16:26:35Z,2024-07-26T16:52:44Z,,37.960201,95.171,membership,Payment by membership account and/or membership card,USCPIE15885151*1
ChargePoint Network,,,7173851,7173851,SCOTTSBORO EPB / MAIN OFFICE,12310861,3,3208862311,2024-07-03T21:45:07Z,2024-07-03T22:08:09Z,,2.643219,7.0939,membership,Payment by membership account and/or membership card,USCPIE7173851*1
ChargePoint Network,,,9677521,9677521,UT PARKING / S7 STATION 1,17169331,3,3230751181,2024-07-14T16:05:21Z,2024-07-14T16:06:39Z,,0.000000,0.0,membership,Payment by membership account and/or membership card,USCPIE9677521*1
ChargePoint Network,,,1988141,1988141,7SPC / SCES DREAM MORE,2355561,3,3232564901,2024-07-15T14:48:14Z,2024-07-15T14:55:42Z,,0.807517,6.9484,membership,Payment by membership account and/or membership card,USCPIE1988141*1
ChargePoint Network,,,5466441,5466441,7SPC / NASA USSRC R,9079361,3,3222387241,2024-07-10T18:33:59Z,2024-07-10T20:23:49Z,,11.260630,6.2461,membership,Payment by membership account and/or membership card,USCPIE5466441*1
ChargePoint Network,,,15885151,15885151,TWICKENHAM SQ / HU - STATION 2,25520801,247,3236732861,2024-07-17T02:32:15Z,2024-07-17T02:55:44Z,,43.435299,114.902,credit_card_terminal,Payment via credit card or debit card terminal,USCPIE15885151*1
ChargePoint Network,,,13292801,13292801,LODGE CAST IRON / STORE & MUSEUM,22637551,3,3242599561,2024-07-19T13:57:39Z,2024-07-19T14:55:17Z,,6.657897,7.0388,membership,Payment by membership account and/or membership card,USCPIE13292801*1
ChargePoint Network,,,5346231,5346231,CULLMANELECTRIC / STATION2-R,8926271,247,3231393861,2024-07-14T22:49:03Z,2024-07-14T22:49:25Z,,0.000000,0.0,membership,Payment by membership account and/or membership card,USCPIE5346231*1
ChargePoint Network,,,15885771,15885771,TWICKENHAM SQ / HU - STATION 4,25521581,247,3219413311,2024-07-09T15:19:28Z,2024-07-09T15:38:45Z,,31.841600,119.041,membership,Payment by membership account and/or membership card,USCPIE15885771*1
ChargePoint Network,,,15885151,15885151,TWICKENHAM SQ / HU - STATION 2,25520801,247,3221522061,2024-07-10T12:27:11Z,2024-07-10T12:44:23Z,,11.616400,60.444,membership,Payment by membership account and/or membership card,USCPIE15885151*1
ChargePoint Network,,,15548181,15548181,DECATURDOWNTWN / STATION 2 (L),25119551,247,3206027281,2024-07-02T19:28:48Z,2024-07-02T19:50:05Z,,8.990400,46.847,membership,Payment by membership account and/or membership card,USCPIE15548181*1
ChargePoint Network,,,13606141,13606141,I24 EXIT11 / STATION 1 (LL),22992611,247,3215816921,2024-07-07T23:01:38Z,2024-07-07T23:12:38Z,,11.319100,0.0,membership,Payment by membership account and/or membership card,USCPIE13606141*1
ChargePoint Network,,,13606141,13606141,I24 EXIT11 / STATION 1 (LL),22992611,247,3202890511,2024-07-01T13:53:04Z,2024-07-01T14:19:21Z,,19.459600,75.45,membership,Payment by membership account and/or membership card,USCPIE13606141*1
ChargePoint Network,,,14355271,14355271,HARTSELLE 1 / STATION 1 (L),23865711,247,3248651501,2024-07-22T15:00:44Z,2024-07-22T16:20:21Z,,120.453697,97.744,membership,Payment by membership account and/or membership card,USCPIE14355271*1
ChargePoint Network,,,6867451,6867451,AEC / CORP OFFICE,11708141,3,3211636691,2024-07-05T15:02:41Z,2024-07-05T18:58:58Z,,29.633297,7.6328,credit_card_terminal,Payment via credit card or debit card terminal,USCPIE6867451*1
ChargePoint Network,,,15548151,15548151,DECATURDOWNTWN / STATION 1 (R),25119511,247,3227677821,2024-07-12T20:53:17Z,2024-07-12T21:03:51Z,,0.000000,0.0,credit_card_terminal,Payment via credit card or debit card terminal,USCPIE15548151*1
ChargePoint Network,,,15640171,15640171,NECDC / STATION 2 (R),25228711,247,3203612461,2024-07-01T19:07:23Z,2024-07-01T20:55:39Z,,73.096001,44.888,credit_card_terminal,Payment via credit card or debit card terminal,USCPIE15640171*1
ChargePoint Network,,,8851921,8851921,7SPC / SEVIERVILLE DC1,15571271,207,3249453881,2024-07-22T20:38:16Z,2024-07-22T21:06:55Z,,26.123600,57.375,membership,Payment by membership account and/or membership card,USCPIE8851921*1
ChargePoint Network,,,5603971,5603971,7SPC / VEC BYRDSTOWN,9254221,3,3218131151,2024-07-08T23:34:11Z,2024-07-09T20:42:59Z,,49.061043,7.2675,membership,Payment by membership account and/or membership card,USCPIE5603971*1
ChargePoint Network,,,15548151,15548151,DECATURDOWNTWN / STATION 1 (R),25119511,247,3227756371,2024-07-12T21:28:34Z,2024-07-12T21:28:54Z,,0.000000,0.0,membership,Payment by membership account and/or membership card,USCPIE15548151*1
ChargePoint Network,,,13606061,13606061,I24 EXIT11 / STATION 4 (RR),22992511,247,3229062681,2024-07-13T15:49:20Z,2024-07-13T17:01:18Z,,39.423599,54.167,credit_card_terminal,Payment via credit card or debit card terminal,USCPIE13606061*1
ChargePoint Network,,,1988061,1988061,7SPC / SCES DOLLYWOOD,25499841,3,3240067951,2024-07-18T13:59:30Z,2024-07-18T23:37:38Z,,13.321669,1.4408,membership,Payment by membership account and/or membership card,USCPIE1988061*2
ChargePoint Network,,,13292801,13292801,LODGE CAST IRON / STORE & MUSEUM,22637551,3,3214917441,2024-07-07T11:54:58Z,2024-07-07T12:45:45Z,,2.802149,3.3608,membership,Payment by membership account and/or membership card,USCPIE13292801*1
ChargePoint Network,,,13664401,13664401,BTES / STATION 1 (LL),23060421,247,3210008261,2024-07-04T13:05:48Z,2024-07-04T13:26:44Z,,13.624500,54.955,membership,Payment by membership account and/or membership card,USCPIE13664401*1
ChargePoint Network,,,13966811,13966811,BEA / STATION 2 (LM),23420881,247,3240999311,2024-07-18T20:14:51Z,2024-07-18T20:47:47Z,,36.482201,72.519,membership,Payment by membership account and/or membership card,USCPIE13966811*1
ChargePoint Network,,,9777021,9777021,CRMC / CRMC-2- L2RIGHT,17361751,3,3239965721,2024-07-18T13:09:24Z,2024-07-18T17:14:58Z,,29.403416,7.275,membership,Payment by membership account and/or membership card,USCPIE9777021*2
ChargePoint Network,,,13664401,13664401,BTES / STATION 1 (LL),23060421,247,3211189631,2024-07-05T05:03:21Z,2024-07-05T05:24:29Z,,20.475800,62.0,credit_card_terminal,Payment via credit card or debit card terminal,USCPIE13664401*1
ChargePoint Network,,,15332321,15332321,TUA NW ATLANTIC / STATION 1 (L),24867861,247,3247201051,2024-07-21T20:49:09Z,2024-07-21T21:26:41Z,,38.395699,81.315,membership,Payment by membership account and/or membership card,USCPIE15332321*1
ChargePoint Network,,,13966811,13966811,BEA / STATION 2 (LM),23420881,247,3266033391,2024-07-30T01:37:18Z,2024-07-30T01:38:13Z,,0.000000,0.0,membership,Payment by membership account and/or membership card,USCPIE13966811*1
ChargePoint Network,,,15694171,15694171,BRIGHTRIDGE EV / STATION 1 (L),25292041,247,3216749981,2024-07-08T13:19:54Z,2024-07-08T13:21:15Z,,0.000000,0.0,membership,Payment by membership account and/or membership card,USCPIE15694171*1
ChargePoint Network,,,1988141,1988141,7SPC / SCES DREAM MORE,2355561,3,3212985211,2024-07-06T03:50:15Z,2024-07-06T09:48:50Z,,39.988079,7.034,credit_card_terminal,Payment via credit card or debit card terminal,USCPIE1988141*1
ChargePoint Network,,,15684301,15684301,MLEC / STATION 1 (L) W,25280151,247,3208121281,2024-07-03T16:30:44Z,2024-07-03T16:40:44Z,,17.508900,0.0,membership,Payment by membership account and/or membership card,USCPIE15684301*1
ChargePoint Network,,,15815141,15815141,GEA-1 / STATION 1 (L),25435121,247,3208440041,2024-07-03T18:48:01Z,2024-07-03T19:29:27Z,,35.829102,56.763,membership,Payment by membership account and/or membership card,USCPIE15815141*1
ChargePoint Network,,,15280441,15280441,SPRFLD ELECTRIC / STATION 2 (R),24807641,247,3209313651,2024-07-04T01:11:43Z,2024-07-04T01:39:14Z,,26.495701,61.776,membership,Payment by membership account and/or membership card,USCPIE15280441*1
ChargePoint Network,,,15885771,15885771,TWICKENHAM SQ / HU - STATION 4,25521581,247,3222230421,2024-07-10T17:20:17Z,2024-07-10T17:48:14Z,,20.567600,73.875,membership,Payment by membership account and/or membership card,USCPIE15885771*1
ChargePoint Network,,,15836981,15836981,TOMBIGBEE / TEPA CHARGER 2,25462651,247,3243706511,2024-07-19T21:57:53Z,2024-07-19T22:34:13Z,,47.864201,83.692,membership,Payment by membership account and/or membership card,USCPIE15836981*1
ChargePoint Network,,,5565291,5565291,7SPC / SCES LECONTE 1,9205201,3,3256207801,2024-07-25T14:53:46Z,2024-07-25T17:07:17Z,,15.891081,7.2553,membership,Payment by membership account and/or membership card,USCPIE5565291*2
ChargePoint Network,,,13606061,13606061,I24 EXIT11 / STATION 4 (RR),22992511,247,3267805401,2024-07-30T20:13:15Z,2024-07-30T20:27:36Z,,16.225599,71.838,membership,Payment by membership account and/or membership card,USCPIE13606061*1
ChargePoint Network,,,15260251,15260251,STEMC / STATION 2 (R) A,24784081,247,3238761891,2024-07-17T22:25:55Z,2024-07-17T23:19:39Z,,73.501602,124.332,membership,Payment by membership account and/or membership card,USCPIE15260251*1
ChargePoint Network,,,15640031,15640031,NECDC / STATION 1 (L),25228511,247,3203674941,2024-07-01T19:36:40Z,2024-07-01T20:07:32Z,,27.666300,58.744,membership,Payment by membership account and/or membership card,USCPIE15640031*1
ChargePoint Network,,,5122191,5122191,CULLMANELECTRIC / STATION1-L,8482151,247,3241363511,2024-07-18T22:50:30Z,2024-07-18T23:47:35Z,,35.971500,75.041,membership,Payment by membership account and/or membership card,USCPIE5122191*1
ChargePoint Network,,,5384781,5384781,7SPC / TRI-COUNTY EMC,9273701,3,3210757301,2024-07-04T23:30:15Z,2024-07-05T02:22:49Z,,21.000507,7.3488,membership,Payment by membership account and/or membership card,USCPIE5384781*2
ChargePoint Network,,,13606141,13606141,I24 EXIT11 / STATION 1 (LL),22992611,247,3263360721,2024-07-28T22:36:53Z,2024-07-28T22:53:07Z,,16.487600,57.251,membership,Payment by membership account and/or membership card,USCPIE13606141*1
ChargePoint Network,,,13606141,13606141,I24 EXIT11 / STATION 1 (LL),22992611,100011,3242069291,2024-07-19T04:33:28Z,2024-07-19T05:34:05Z,,29.885201,42.236,membership,Payment by membership account and/or membership card,USCPIE13606141*1
ChargePoint Network,,,14097711,14097711,SCOTTSBORO EPB / SEPB DCFC (R),23570811,247,3266906971,2024-07-30T14:13:03Z,2024-07-30T15:17:31Z,,52.927601,61.11,credit_card_terminal,Payment via credit card or debit card terminal,USCPIE14097711*1
ChargePoint Network,,,14097801,14097801,SCOTTSBORO EPB / SEPB DCFC (L),23570921,247,3228920671,2024-07-13T13:59:41Z,2024-07-13T14:46:10Z,,30.675800,72.735,membership,Payment by membership account and/or membership card,USCPIE14097801*1
ChargePoint Network,,,5565291,5565291,7SPC / SCES LECONTE 1,9205191,3,3206936081,2024-07-03T02:13:33Z,2024-07-03T02:56:49Z,,2.643982,3.7407,membership,Payment by membership account and/or membership card,USCPIE5565291*1
ChargePoint Network,,,15885151,15885151,TWICKENHAM SQ / HU - STATION 2,25520801,247,3222706141,2024-07-10T20:53:22Z,2024-07-10T21:13:45Z,,18.658400,74.86,membership,Payment by membership account and/or membership card,USCPIE15885151*1
ChargePoint Network,,,15694171,15694171,BRIGHTRIDGE EV / STATION 1 (L),25292041,247,3250459141,2024-07-23T05:21:39Z,2024-07-23T05:25:24Z,,3.530300,0.0,membership,Payment by membership account and/or membership card,USCPIE15694171*1
ChargePoint Network,,,15885771,15885771,TWICKENHAM SQ / HU - STATION 4,25521581,247,3208969421,2024-07-03T22:31:17Z,2024-07-03T23:22:45Z,,47.506599,65.463,membership,Payment by membership account and/or membership card,USCPIE15885771*1
ChargePoint Network,,,5525971,5525971,7SPC / SPARTA TN,9154681,3,3206687421,2024-07-03T00:14:41Z,2024-07-03T00:46:10Z,,3.518091,6.8742,membership,Payment by membership account and/or membership card,USCPIE5525971*1
ChargePoint Network,,,13861891,13861891,BRMEMC / STATION 2,23296321,247,3248339621,2024-07-22T12:37:05Z,2024-07-22T12:52:41Z,,14.376300,61.814,membership,Payment by membership account and/or membership card,USCPIE13861891*1
ChargePoint Network,,,9777021,9777021,CRMC / CRMC-2- L2RIGHT,17361741,3,3242724871,2024-07-19T14:55:57Z,2024-07-19T17:13:38Z,,16.434397,7.2355,membership,Payment by membership account and/or membership card,USCPIE9777021*1
ChargePoint Network,,,13966811,13966811,BEA / STATION 2 (LM),23420881,247,3245759631,2024-07-20T23:15:27Z,2024-07-20T23:27:08Z,,11.085600,0.0,credit_card_terminal,Payment via credit card or debit card terminal,USCPIE13966811*1
ChargePoint Network,,,5346231,5346231,CULLMANELECTRIC / STATION2-R,8926271,247,3230568561,2024-07-14T13:01:28Z,2024-07-14T13:24:43Z,,27.766899,74.268,membership,Payment by membership account and/or membership card,USCPIE5346231*1
ChargePoint Network,,,15885791,15885791,TWICKENHAM SQ / HU - STATION 3,25521611,247,3209563991,2024-07-04T03:21:43Z,2024-07-04T03:22:02Z,,0.000000,0.0,other,Any other payment method not specified above. Additional description should be provided in Payment Method Description.,USCPIE15885791*1
ChargePoint Network,,,13861861,13861861,BRMEMC / STATION 1,23296281,247,3203791321,2024-07-01T20:29:30Z,2024-07-01T21:00:07Z,,30.543800,75.845,membership,Payment by membership account and/or membership card,USCPIE13861861*1
ChargePoint Network,,,13606061,13606061,I24 EXIT11 / STATION 4 (RR),22992511,247,3249112031,2024-07-22T18:05:11Z,2024-07-22T18:22:37Z,,13.722900,73.481,membership,Payment by membership account and/or membership card,USCPIE13606061*1
ChargePoint Network,,,15885771,15885771,TWICKENHAM SQ / HU - STATION 4,25521581,247,3215264081,2024-07-07T17:32:54Z,2024-07-07T18:01:34Z,,30.650900,75.056,membership,Payment by membership account and/or membership card,USCPIE15885771*1
ChargePoint Network,,,8851921,8851921,7SPC / SEVIERVILLE DC1,15571271,207,3211722241,2024-07-05T15:50:53Z,2024-07-05T16:39:54Z,,41.193001,59.905,membership,Payment by membership account and/or membership card,USCPIE8851921*1
ChargePoint Network,,,15694171,15694171,BRIGHTRIDGE EV / STATION 1 (L),25292041,247,3220039921,2024-07-09T19:39:01Z,2024-07-09T19:40:02Z,,0.000000,0.0,membership,Payment by membership account and/or membership card,USCPIE15694171*1
ChargePoint Network,,,15280441,15280441,SPRFLD ELECTRIC / STATION 2 (R),24807641,247,3214383491,2024-07-07T00:59:34Z,2024-07-07T01:12:24Z,,10.705300,0.0,other,Any other payment method not specified above. Additional description should be provided in Payment Method Description.,USCPIE15280441*1
ChargePoint Network,,,12720881,12720881,WRECC / STATION 1,21977141,247,3235832321,2024-07-16T20:05:01Z,2024-07-16T20:36:49Z,,31.496300,62.243,membership,Payment by membership account and/or membership card,USCPIE12720881*1
ChargePoint Network,,,5380331,5380331,CULLMAN PB / STATION 1,8970951,3,3220140181,2024-07-09T20:19:55Z,2024-07-09T20:21:52Z,,0.000000,0.0,membership,Payment by membership account and/or membership card,USCPIE5380331*1
ChargePoint Network,,,1988141,1988141,7SPC / SCES DREAM MORE,2355561,3,3204327041,2024-07-02T00:45:45Z,2024-07-02T01:26:13Z,,2.483270,3.7408,membership,Payment by membership account and/or membership card,USCPIE1988141*1
ChargePoint Network,,,15260241,15260241,STEMC / STATION 1 (L) A,24784071,247,3211037051,2024-07-05T03:01:57Z,2024-07-05T04:06:16Z,,29.171400,61.56,credit_card_terminal,Payment via credit card or debit card terminal,USCPIE15260241*1
ChargePoint Network,,,16022131,16022131,ACEPA / ACE STATION 1,25683791,247,3254864921,2024-07-24T23:15:43Z,2024-07-24T23:30:48Z,,17.099001,75.263,membership,Payment by membership account and/or membership card,USCPIE16022131*1
ChargePoint Network,,,15332351,15332351,TUA NW ATLANTIC / STATION 2 (R),24867891,247,3254115191,2024-07-24T17:55:04Z,2024-07-24T17:56:24Z,,0.513900,0.0,membership,Payment by membership account and/or membership card,USCPIE15332351*1
ChargePoint Network,,,13861891,13861891,BRMEMC / STATION 2,23296321,247,3243863211,2024-07-19T23:10:42Z,2024-07-19T23:53:06Z,,36.473598,122.706,membership,Payment by membership account and/or membership card,USCPIE13861891*1
ChargePoint Network,,,5466441,5466441,7SPC / NASA USSRC R,9079371,3,3214143761,2024-07-06T22:30:12Z,2024-07-06T22:46:56Z,,1.640466,6.0559,membership,Payment by membership account and/or membership card,USCPIE5466441*2
ChargePoint Network,,,1921351,1921351,STARKVILLE UTIL / STARKVILLE DWTN,23682581,3,3212092711,2024-07-05T19:11:57Z,2024-07-05T20:29:10Z,,9.454542,7.3948,other,Any other payment method not specified above. Additional description should be provided in Payment Method Description.,USCPIE1921351*2
ChargePoint Network,,,13423691,13423691,AEC / STATION #1 (L),22787121,247,3259733841,2024-07-26T21:58:19Z,2024-07-26T22:22:20Z,,43.566799,118.888,membership,Payment by membership account and/or membership card,USCPIE13423691*1
ChargePoint Network,,,13861891,13861891,BRMEMC / STATION 2,23296321,247,3211507141,2024-07-05T13:36:04Z,2024-07-05T13:52:38Z,,19.815500,74.48,membership,Payment by membership account and/or membership card,USCPIE13861891*1
ChargePoint Network,,,8851921,8851921,7SPC / SEVIERVILLE DC1,15571271,207,3244809391,2024-07-20T13:16:57Z,2024-07-20T13:18:02Z,,0.000000,0.0,membership,Payment by membership account and/or membership card,USCPIE8851921*1
ChargePoint Network,,,13423691,13423691,AEC / STATION #1 (L),22787121,247,3261319501,2024-07-27T19:02:01Z,2024-07-27T19:02:27Z,,0.000000,0.0,membership,Payment by membership account and/or membership card,USCPIE13423691*1
ChargePoint Network,,,13290491,13290491,7SPC / NASA USSRC L,25742681,3,3229503671,2024-07-13T20:17:50Z,2024-07-14T01:55:37Z,,25.645489,6.2625,membership,Payment by membership account and/or membership card,USCPIE13290491*2
ChargePoint Network,,,13606061,13606061,I24 EXIT11 / STATION 4 (RR),22992511,247,3245340091,2024-07-20T19:17:23Z,2024-07-20T19:18:05Z,,0.000000,0.0,membership,Payment by membership account and/or membership card,USCPIE13606061*1
ChargePoint Network,,,15885771,15885771,TWICKENHAM SQ / HU - STATION 4,25521581,247,3230002621,2024-07-14T01:14:37Z,2024-07-14T01:24:01Z,,0.000800,0.0,credit_card_terminal,Payment via credit card or debit card terminal,USCPIE15885771*1
ChargePoint Network,,,14047321,14047321,JEFFERSON AVE. / OXFORD STA2(R),23514081,247,3226031641,2024-07-12T02:45:52Z,2024-07-12T03:43:57Z,,77.909897,85.498,membership,Payment by membership account and/or membership card,USCPIE14047321*1
ChargePoint Network,,,15640171,15640171,NECDC / STATION 2 (R),25228711,247,3236079191,2024-07-16T21:46:56Z,2024-07-16T22:30:31Z,,63.116600,94.707,credit_card_terminal,Payment via credit card or debit card terminal,USCPIE15640171*1
ChargePoint Network,,,9777021,9777021,CRMC / CRMC-2- L2RIGHT,17361741,3,3240886551,2024-07-18T19:28:14Z,2024-07-18T22:20:57Z,,20.621843,7.2318,membership,Payment by membership account and/or membership card,USCPIE9777021*1
ChargePoint Network,,,15694171,15694171,BRIGHTRIDGE EV / STATION 1 (L),,,3249634871,2024-07-22T21:59:38Z,2024-07-22T22:00:31Z,,0.000000,,credit_card_terminal,Payment via credit card or debit card terminal,USCPIE15694171*0
ChargePoint Network,,,5346231,5346231,CULLMANELECTRIC / STATION2-R,8926271,247,3227807111,2024-07-12T21:52:21Z,2024-07-12T22:23:51Z,,36.327301,75.253,membership,Payment by membership account and/or membership card,USCPIE5346231*1
ChargePoint Network,,,15836981,15836981,TOMBIGBEE / TEPA CHARGER 2,25462651,247,3249790421,2024-07-22T23:07:51Z,2024-07-22T23:39:46Z,,41.945499,84.347,membership,Payment by membership account and/or membership card,USCPIE15836981*1
ChargePoint Network,,,12406401,12406401,FPIA / RIGHT STATION,21527671,100011,3225651071,2024-07-11T23:48:14Z,2024-07-12T00:16:00Z,,10.410600,23.851,membership,Payment by membership account and/or membership card,USCPIE12406401*1
ChargePoint Network,,,15885791,15885791,TWICKENHAM SQ / HU - STATION 3,25521611,247,3227037571,2024-07-12T16:05:51Z,2024-07-12T16:38:02Z,,39.206402,88.0,membership,Payment by membership account and/or membership card,USCPIE15885791*1
ChargePoint Network,,,8851921,8851921,7SPC / SEVIERVILLE DC1,15571271,100011,3256495341,2024-07-25T16:28:51Z,2024-07-25T17:06:17Z,,30.123600,52.958,membership,Payment by membership account and/or membership card,USCPIE8851921*1
ChargePoint Network,,,1964521,1964521,EBOFG / GUNTERSVILLE PD,8374211,3,3267366861,2024-07-30T16:56:56Z,2024-07-30T21:56:52Z,,10.440222,3.6942,membership,Payment by membership account and/or membership card,USCPIE1964521*2
ChargePoint Network,,,5525971,5525971,7SPC / SPARTA TN,9154681,3,3254988561,2024-07-25T00:11:31Z,2024-07-25T00:40:58Z,,3.316847,6.8881,membership,Payment by membership account and/or membership card,USCPIE5525971*1
ChargePoint Network,,,13664501,13664501,BTES / STATION 4 (RR),23060561,247,3206184181,2024-07-02T20:34:19Z,2024-07-02T21:07:41Z,,59.710201,118.272,membership,Payment by membership account and/or membership card,USCPIE13664501*1
ChargePoint Network,,,8851921,8851921,7SPC / SEVIERVILLE DC1,15571271,207,3231274451,2024-07-14T21:38:55Z,2024-07-14T21:40:48Z,,0.000000,0.0,membership,Payment by membership account and/or membership card,USCPIE8851921*1
ChargePoint Network,,,5346231,5346231,CULLMANELECTRIC / STATION2-R,8926271,247,3254295991,2024-07-24T19:16:54Z,2024-07-24T19:39:07Z,,25.164400,74.466,membership,Payment by membership account and/or membership card,USCPIE5346231*1
ChargePoint Network,,,15332351,15332351,TUA NW ATLANTIC / STATION 2 (R),,,3251715691,2024-07-23T19:02:39Z,2024-07-23T19:04:40Z,,0.000000,,membership,Payment by membership account and/or membership card,USCPIE15332351*0
ChargePoint Network,,,14047321,14047321,JEFFERSON AVE. / OXFORD STA2(R),23514081,247,3229052111,2024-07-13T15:42:11Z,2024-07-13T16:47:26Z,,45.076801,88.156,credit_card_terminal,Payment via credit card or debit card terminal,USCPIE14047321*1
ChargePoint Network,,,1964521,1964521,EBOFG / GUNTERSVILLE PD,8374201,3,3249237291,2024-07-22T19:05:33Z,2024-07-22T21:47:15Z,,19.894320,7.4638,membership,Payment by membership account and/or membership card,USCPIE1964521*1
ChargePoint Network,,,5424051,5424051,EEDEV / ELIZ DOWNTOWN,9027001,3,3215370601,2024-07-07T18:39:55Z,2024-07-07T20:24:16Z,,10.066906,6.0013,membership,Payment by membership account and/or membership card,USCPIE5424051*2
ChargePoint Network,,,14097801,14097801,SCOTTSBORO EPB / SEPB DCFC (L),23570921,247,3228848121,2024-07-13T12:38:15Z,2024-07-13T12:54:44Z,,13.549900,52.243,membership,Payment by membership account and/or membership card,USCPIE14097801*1
ChargePoint Network,,,13606061,13606061,I24 EXIT11 / STATION 4 (RR),22992511,247,3204167381,2024-07-01T23:27:57Z,2024-07-02T01:24:24Z,,78.113297,76.238,membership,Payment by membership account and/or membership card,USCPIE13606061*1
ChargePoint Network,,,15885151,15885151,TWICKENHAM SQ / HU - STATION 2,25520801,100011,3254788781,2024-07-24T22:42:51Z,2024-07-24T23:00:23Z,,12.248100,46.617,membership,Payment by membership account and/or membership card,USCPIE15885151*1
ChargePoint Network,,,13803581,13803581,FPU / STATION 1 (L),23227201,247,3253517761,2024-07-24T14:05:43Z,2024-07-24T15:19:19Z,,31.896601,61.445,membership,Payment by membership account and/or membership card,USCPIE13803581*1
ChargePoint Network,,,12754021,12754021,WCMES / CITYHALL1-L,22015241,247,3265259251,2024-07-29T19:45:19Z,2024-07-29T20:28:43Z,,52.650299,84.867,membership,Payment by membership account and/or membership card,USCPIE12754021*1
ChargePoint Network,,,5122191,5122191,CULLMANELECTRIC / STATION1-L,8482151,247,3240497291,2024-07-18T16:34:44Z,2024-07-18T17:33:23Z,,62.860699,88.65,membership,Payment by membership account and/or membership card,USCPIE5122191*1
ChargePoint Network,,,5346231,5346231,CULLMANELECTRIC / STATION2-R,8926271,247,3251357571,2024-07-23T16:24:59Z,2024-07-23T17:02:45Z,,41.492699,74.268,membership,Payment by membership account and/or membership card,USCPIE5346231*1
ChargePoint Network,,,15332351,15332351,TUA NW ATLANTIC / STATION 2 (R),24867891,247,3234304371,2024-07-16T03:57:30Z,2024-07-16T04:41:02Z,,63.635502,92.111,credit_card_terminal,Payment via credit card or debit card terminal,USCPIE15332351*1
ChargePoint Network,,,13664471,13664471,BTES / STATION 3 (RM),23060511,247,3238825911,2024-07-17T22:53:05Z,2024-07-17T22:54:11Z,,0.000000,0.0,credit_card_terminal,Payment via credit card or debit card terminal,USCPIE13664471*1
ChargePoint Network,,,15332321,15332321,TUA NW ATLANTIC / STATION 1 (L),24867861,247,3246522351,2024-07-21T12:09:38Z,2024-07-21T12:11:05Z,,0.000000,0.0,membership,Payment by membership account and/or membership card,USCPIE15332321*1
ChargePoint Network,,,13606091,13606091,I24 EXIT11 / STATION 3 (RM),22992551,247,3206965661,2024-07-03T02:31:41Z,2024-07-03T02:57:28Z,,1.145100,68.359,credit_card_terminal,Payment via credit card or debit card terminal,USCPIE13606091*1
ChargePoint Network,,,13606091,13606091,I24 EXIT11 / STATION 3 (RM),,,3209545531,2024-07-04T03:07:36Z,2024-07-04T03:08:32Z,,0.000000,,credit_card_terminal,Payment via credit card or debit card terminal,USCPIE13606091*0
ChargePoint Network,,,13659831,13659831,LAWRENCEBURG / STATION 1 (L),23054881,247,3249511751,2024-07-22T21:03:37Z,2024-07-22T21:33:23Z,,23.745501,53.801,membership,Payment by membership account and/or membership card,USCPIE13659831*1
ChargePoint Network,,,15885771,15885771,TWICKENHAM SQ / HU - STATION 4,25521581,247,3261054861,2024-07-27T16:21:46Z,2024-07-27T16:22:49Z,,0.000000,0.0,credit_card_terminal,Payment via credit card or debit card terminal,USCPIE15885771*1
ChargePoint Network,,,8851921,8851921,7SPC / SEVIERVILLE DC1,15571271,207,3229561101,2024-07-13T20:52:26Z,2024-07-13T21:50:25Z,,39.768501,48.108,membership,Payment by membership account and/or membership card,USCPIE8851921*1
ChargePoint Network,,,13861891,13861891,BRMEMC / STATION 2,23296321,247,3227343891,2024-07-12T18:23:26Z,2024-07-12T18:35:19Z,,12.278900,68.795,membership,Payment by membership account and/or membership card,USCPIE13861891*1
ChargePoint Network,,,1844191,1844191,CLW / MAIN ST,23050431,3,3247860111,2024-07-22T03:01:34Z,2024-07-22T13:14:35Z,,75.142670,7.4055,membership,Payment by membership account and/or membership card,USCPIE1844191*1
ChargePoint Network,,,5424051,5424051,EEDEV / ELIZ DOWNTOWN,9026991,3,3260984491,2024-07-27T15:36:02Z,2024-07-27T16:11:01Z,,4.167617,7.3976,membership,Payment by membership account and/or membership card,USCPIE5424051*1
ChargePoint Network,,,8851921,8851921,7SPC / SEVIERVILLE DC1,,,3209270161,2024-07-04T00:54:00Z,2024-07-04T00:54:22Z,,0.000000,,membership,Payment by membership account and/or membership card,USCPIE8851921*0
ChargePoint Network,,,14337221,14337221,HOLSTONELECTRIC / CHURCH HILL-1,23844801,247,3214709491,2024-07-07T04:46:27Z,2024-07-07T05:11:59Z,,28.806801,74.027,credit_card_terminal,Payment via credit card or debit card terminal,USCPIE14337221*1
ChargePoint Network,,,15885151,15885151,TWICKENHAM SQ / HU - STATION 2,25520801,247,3206161281,2024-07-02T20:24:08Z,2024-07-02T21:00:57Z,,37.588600,76.435,credit_card_terminal,Payment via credit card or debit card terminal,USCPIE15885151*1
ChargePoint Network,,,5380331,5380331,CULLMAN PB / STATION 1,8970951,3,3246931211,2024-07-21T18:04:16Z,2024-07-21T18:06:16Z,,0.000000,0.0,membership,Payment by membership account and/or membership card,USCPIE5380331*1
ChargePoint Network,,,15885771,15885771,TWICKENHAM SQ / HU - STATION 4,25521581,247,3217527081,2024-07-08T18:58:19Z,2024-07-08T19:18:32Z,,16.712799,67.375,membership,Payment by membership account and/or membership card,USCPIE15885771*1
ChargePoint Network,,,15815141,15815141,GEA-1 / STATION 1 (L),25435121,247,3241094861,2024-07-18T20:54:43Z,2024-07-18T21:26:37Z,,27.815399,55.594,membership,Payment by membership account and/or membership card,USCPIE15815141*1
ChargePoint Network,,,14337501,14337501,HOLSTONELECTRIC / CHURCH HILL-2,23845091,247,3261263231,2024-07-27T18:30:55Z,2024-07-27T18:41:04Z,,10.231700,0.0,membership,Payment by membership account and/or membership card,USCPIE14337501*1
ChargePoint Network,,,14047321,14047321,JEFFERSON AVE. / OXFORD STA2(R),,,3260120991,2024-07-27T01:08:56Z,2024-07-27T01:09:00Z,,0.000000,,membership,Payment by membership account and/or membership card,USCPIE14047321*0
ChargePoint Network,,,5354011,5354011,7SPC / GREENEVILLE TA,8936791,207,3220104401,2024-07-09T20:05:55Z,2024-07-09T20:09:53Z,,1.587800,0.0,membership,Payment by membership account and/or membership card,USCPIE5354011*1
ChargePoint Network,,,15694081,15694081,BRIGHTRIDGE EV / STATION 2 (R),25291921,247,3251298631,2024-07-23T16:03:56Z,2024-07-23T17:01:43Z,,58.460899,74.625,credit_card_terminal,Payment via credit card or debit card terminal,USCPIE15694081*1
ChargePoint Network,,,15885251,15885251,TWICKENHAM SQ / HU - STATION 1,25520941,247,3257525091,2024-07-25T23:47:32Z,2024-07-25T23:54:48Z,,4.584700,0.0,membership,Payment by membership account and/or membership card,USCPIE15885251*1
ChargePoint Network,,,5466441,5466441,7SPC / NASA USSRC R,9079361,3,3221441551,2024-07-10T11:31:13Z,2024-07-10T11:33:12Z,,0.000000,0.0,credit_card_terminal,Payment via credit card or debit card terminal,USCPIE5466441*1
ChargePoint Network,,,5346231,5346231,CULLMANELECTRIC / STATION2-R,8926271,247,3261478351,2024-07-27T20:34:48Z,2024-07-27T21:02:31Z,,25.692200,68.012,membership,Payment by membership account and/or membership card,USCPIE5346231*1
ChargePoint Network,,,5625391,5625391,7SPC / VEC JAMESTOWN,9280961,3,3221546151,2024-07-10T12:40:34Z,2024-07-10T12:52:19Z,,1.382753,7.4965,membership,Payment by membership account and/or membership card,USCPIE5625391*1
ChargePoint Network,,,14097801,14097801,SCOTTSBORO EPB / SEPB DCFC (L),23570921,247,3240761981,2024-07-18T18:32:42Z,2024-07-18T18:33:13Z,,0.000000,0.0,credit_card_terminal,Payment via credit card or debit card terminal,USCPIE14097801*1
ChargePoint Network,,,13664501,13664501,BTES / STATION 4 (RR),23060561,247,3222829691,2024-07-10T21:47:25Z,2024-07-10T22:14:57Z,,46.773102,115.961,membership,Payment by membership account and/or membership card,USCPIE13664501*1
ChargePoint Network,,,5122191,5122191,CULLMANELECTRIC / STATION1-L,8482151,247,3243036101,2024-07-19T16:55:45Z,2024-07-19T17:22:01Z,,33.394299,89.35,membership,Payment by membership account and/or membership card,USCPIE5122191*1
ChargePoint Network,,,8851921,8851921,7SPC / SEVIERVILLE DC1,15571271,207,3227792451,2024-07-12T21:45:12Z,2024-07-12T22:10:52Z,,14.760200,54.464,membership,Payment by membership account and/or membership card,USCPIE8851921*1
ChargePoint Network,,,12448521,12448521,7SPC / WARREN RECC LF,21576921,3,3244020211,2024-07-20T00:30:07Z,2024-07-20T00:35:18Z,,0.496814,6.2012,credit_card_terminal,Payment via credit card or debit card terminal,USCPIE12448521*2
ChargePoint Network,,,1932851,1932851,BRIGHTRIDGE EV / BR-JC LIBRARY,23319821,3,3263321621,2024-07-28T22:13:49Z,2024-07-29T00:00:55Z,,13.187818,7.4872,membership,Payment by membership account and/or membership card,USCPIE1932851*2
ChargePoint Network,,,1988061,1988061,7SPC / SCES DOLLYWOOD,25499841,3,3215849341,2024-07-07T23:20:27Z,2024-07-08T02:20:44Z,,21.536350,7.2453,membership,Payment by membership account and/or membership card,USCPIE1988061*2
ChargePoint Network,,,15885151,15885151,TWICKENHAM SQ / HU - STATION 2,25520801,247,3215086711,2024-07-07T15:29:16Z,2024-07-07T16:03:25Z,,27.477900,81.732,membership,Payment by membership account and/or membership card,USCPIE15885151*1
ChargePoint Network,,,1964521,1964521,EBOFG / GUNTERSVILLE PD,8374211,3,3218113461,2024-07-08T23:24:42Z,2024-07-08T23:54:36Z,,3.535530,7.4055,membership,Payment by membership account and/or membership card,USCPIE1964521*2
ChargePoint Network,,,14025691,14025691,PARIS BPU / STATION 1(L),23489541,247,3215002291,2024-07-07T14:06:09Z,2024-07-07T15:18:22Z,,92.008904,87.515,membership,Payment by membership account and/or membership card,USCPIE14025691*1
ChargePoint Network,,,13659831,13659831,LAWRENCEBURG / STATION 1 (L),23054881,247,3214294761,2024-07-07T00:03:53Z,2024-07-07T00:46:51Z,,48.236698,74.676,membership,Payment by membership account and/or membership card,USCPIE13659831*1
ChargePoint Network,,,12720861,12720861,WRECC / STATION 2,21977121,247,3231185991,2024-07-14T20:46:14Z,2024-07-14T20:55:38Z,,9.738600,0.0,membership,Payment by membership account and/or membership card,USCPIE12720861*1
ChargePoint Network,,,13861891,13861891,BRMEMC / STATION 2,23296321,247,3213587201,2024-07-06T16:42:44Z,2024-07-06T17:41:04Z,,52.484200,74.872,membership,Payment by membership account and/or membership card,USCPIE13861891*1
ChargePoint Network,,,13606061,13606061,I24 EXIT11 / STATION 4 (RR),22992511,247,3234177371,2024-07-16T02:39:16Z,2024-07-16T02:48:11Z,,0.000000,0.0,credit_card_terminal,Payment via credit card or debit card terminal,USCPIE13606061*1
ChargePoint Network,,,8851921,8851921,7SPC / SEVIERVILLE DC1,15571271,207,3238946381,2024-07-17T23:46:11Z,2024-07-18T00:27:11Z,,39.285000,62.0,phone_online,"Payment through mobile app, website, automated phone number or messaging system",USCPIE8851921*1
ChargePoint Network,,,5122191,5122191,CULLMANELECTRIC / STATION1-L,8482151,247,3267146281,2024-07-30T15:39:53Z,2024-07-30T16:31:49Z,,52.837399,72.353,membership,Payment by membership account and/or membership card,USCPIE5122191*1
ChargePoint Network,,,15885151,15885151,TWICKENHAM SQ / HU - STATION 2,25520801,247,3261198531,2024-07-27T17:51:30Z,2024-07-27T18:44:47Z,,47.153301,59.865,membership,Payment by membership account and/or membership card,USCPIE15885151*1
ChargePoint Network,,,14047321,14047321,JEFFERSON AVE. / OXFORD STA2(R),23514081,247,3251485381,2024-07-23T17:17:20Z,2024-07-23T17:18:02Z,,0.000000,0.0,credit_card_terminal,Payment via credit card or debit card terminal,USCPIE14047321*1
ChargePoint Network,,,15548181,15548181,DECATURDOWNTWN / STATION 2 (L),,,3230121031,2024-07-14T02:25:05Z,2024-07-14T02:27:08Z,,0.000000,,membership,Payment by membership account and/or membership card,USCPIE15548181*0
ChargePoint Network,,,1964521,1964521,EBOFG / GUNTERSVILLE PD,8374201,3,3259481081,2024-07-26T20:04:44Z,2024-07-26T22:39:50Z,,18.838881,7.3313,membership,Payment by membership account and/or membership card,USCPIE1964521*1
ChargePoint Network,,,15332321,15332321,TUA NW ATLANTIC / STATION 1 (L),24867861,247,3203440851,2024-07-01T17:41:55Z,2024-07-01T18:18:10Z,,27.453199,53.728,credit_card_terminal,Payment via credit card or debit card terminal,USCPIE15332321*1
ChargePoint Network,,,15694171,15694171,BRIGHTRIDGE EV / STATION 1 (L),25292041,247,3206793591,2024-07-03T01:01:01Z,2024-07-03T01:23:04Z,,24.483900,72.496,credit_card_terminal,Payment via credit card or debit card terminal,USCPIE15694171*1
ChargePoint Network,,,13861861,13861861,BRMEMC / STATION 1,23296281,247,3214932351,2024-07-07T12:27:46Z,2024-07-07T14:07:23Z,,65.255898,84.279,credit_card_terminal,Payment via credit card or debit card terminal,USCPIE13861861*1
ChargePoint Network,,,5122191,5122191,CULLMANELECTRIC / STATION1-L,,,3217670971,2024-07-08T20:00:59Z,2024-07-08T20:03:00Z,,0.000000,,membership,Payment by membership account and/or membership card,USCPIE5122191*0
ChargePoint Network,,,5565191,5565191,7SPC / DOLLYWOOD EMPL,9205031,3,3253482441,2024-07-24T13:50:24Z,2024-07-24T15:06:50Z,,8.500159,6.8696,membership,Payment by membership account and/or membership card,USCPIE5565191*1
ChargePoint Network,,,5122191,5122191,CULLMANELECTRIC / STATION1-L,8482151,247,3250381611,2024-07-23T04:14:57Z,2024-07-23T05:06:54Z,,60.279900,78.405,membership,Payment by membership account and/or membership card,USCPIE5122191*1
ChargePoint Network,,,13861891,13861891,BRMEMC / STATION 2,23296321,247,3229230541,2024-07-13T17:34:54Z,2024-07-13T17:54:41Z,,17.529200,56.419,membership,Payment by membership account and/or membership card,USCPIE13861891*1
ChargePoint Network,,,15332321,15332321,TUA NW ATLANTIC / STATION 1 (L),24867861,247,3249072471,2024-07-22T17:45:21Z,2024-07-22T18:27:48Z,,43.453800,73.904,phone_online,"Payment through mobile app, website, automated phone number or messaging system",USCPIE15332321*1
ChargePoint Network,,,15332321,15332321,TUA NW ATLANTIC / STATION 1 (L),24867861,247,3244727251,2024-07-20T11:18:21Z,2024-07-20T12:36:39Z,,69.539299,56.916,credit_card_terminal,Payment via credit card or debit card terminal,USCPIE15332321*1
ChargePoint Network,,,1988061,1988061,7SPC / SCES DOLLYWOOD,25499831,3,3208758401,2024-07-03T21:00:02Z,2024-07-04T00:15:25Z,,22.735899,7.0785,membership,Payment by membership account and/or membership card,USCPIE1988061*1
ChargePoint Network,,,8851921,8851921,7SPC / SEVIERVILLE DC1,15571271,207,3227398811,2024-07-12T18:49:55Z,2024-07-12T19:25:27Z,,32.215099,59.597,membership,Payment by membership account and/or membership card,USCPIE8851921*1
ChargePoint Network,,,13643801,13643801,PEPA / STATION 2,23036481,247,3255166111,2024-07-25T01:29:56Z,2024-07-25T01:30:16Z,,0.000000,0.0,membership,Payment by membership account and/or membership card,USCPIE13643801*1
ChargePoint Network,,,14047321,14047321,JEFFERSON AVE. / OXFORD STA2(R),23514081,247,3247202321,2024-07-21T20:50:15Z,2024-07-21T22:21:35Z,,37.799099,54.316,membership,Payment by membership account and/or membership card,USCPIE14047321*1
ChargePoint Network,,,13651631,13651631,MLEC / STATION 2 (R) H,23045821,247,3247600451,2024-07-22T00:28:23Z,2024-07-22T00:46:14Z,,11.351900,52.933,membership,Payment by membership account and/or membership card,USCPIE13651631*1
ChargePoint Network,,,8851921,8851921,7SPC / SEVIERVILLE DC1,15571271,207,3231132341,2024-07-14T20:11:30Z,2024-07-14T20:34:20Z,,19.531900,54.361,membership,Payment by membership account and/or membership card,USCPIE8851921*1
ChargePoint Network,,,5384781,5384781,7SPC / TRI-COUNTY EMC,9273701,3,3228821961,2024-07-13T11:57:36Z,2024-07-13T13:43:50Z,,12.793568,7.3313,membership,Payment by membership account and/or membership card,USCPIE5384781*2
ChargePoint Network,,,13026471,13026471,WCMES / CITYHALL2-R,22328331,247,3264433781,2024-07-29T13:54:36Z,2024-07-29T14:35:13Z,,46.154202,72.496,membership,Payment by membership account and/or membership card,USCPIE13026471*1
ChargePoint Network,,,15260241,15260241,STEMC / STATION 1 (L) A,,,3205507481,2024-07-02T15:42:04Z,2024-07-02T15:43:12Z,,0.000000,,membership,Payment by membership account and/or membership card,USCPIE15260241*0
ChargePoint Network,,,13659831,13659831,LAWRENCEBURG / STATION 1 (L),23054881,247,3242572981,2024-07-19T13:44:10Z,2024-07-19T14:21:46Z,,36.259300,81.754,membership,Payment by membership account and/or membership card,USCPIE13659831*1
ChargePoint Network,,,13643831,13643831,PEPA / STATION 1,,,3254985651,2024-07-25T00:08:18Z,2024-07-25T00:10:19Z,,0.000000,,membership,Payment by membership account and/or membership card,USCPIE13643831*0
ChargePoint Network,,,1932851,1932851,BRIGHTRIDGE EV / BR-JC LIBRARY,23319811,3,3249650711,2024-07-22T22:07:41Z,2024-07-23T00:10:35Z,,14.886368,7.3636,credit_card_terminal,Payment via credit card or debit card terminal,USCPIE1932851*1
ChargePoint Network,,,15694081,15694081,BRIGHTRIDGE EV / STATION 2 (R),25291921,247,3257063021,2024-07-25T20:30:48Z,2024-07-25T21:09:42Z,,38.533298,77.615,membership,Payment by membership account and/or membership card,USCPIE15694081*1
ChargePoint Network,,,5122191,5122191,CULLMANELECTRIC / STATION1-L,8482151,247,3214351361,2024-07-07T00:40:10Z,2024-07-07T01:14:03Z,,26.299299,54.9,membership,Payment by membership account and/or membership card,USCPIE5122191*1
ChargePoint Network,,,12720861,12720861,WRECC / STATION 2,21977121,247,3211898921,2024-07-05T17:25:13Z,2024-07-05T18:05:47Z,,20.114599,54.75,membership,Payment by membership account and/or membership card,USCPIE12720861*1
ChargePoint Network,,,12720861,12720861,WRECC / STATION 2,21977121,247,3225983421,2024-07-12T02:15:52Z,2024-07-12T02:46:38Z,,36.930302,98.269,membership,Payment by membership account and/or membership card,USCPIE12720861*1
ChargePoint Network,,,13659831,13659831,LAWRENCEBURG / STATION 1 (L),23054881,247,3223811941,2024-07-11T07:39:33Z,2024-07-11T07:48:15Z,,6.768000,51.06,other,Any other payment method not specified above. Additional description should be provided in Payment Method Description.,USCPIE13659831*1
ChargePoint Network,,,1932851,1932851,BRIGHTRIDGE EV / BR-JC LIBRARY,23319821,3,3258087961,2024-07-26T04:13:11Z,2024-07-26T06:24:53Z,,12.859682,6.6356,membership,Payment by membership account and/or membership card,USCPIE1932851*2
ChargePoint Network,,,15548151,15548151,DECATURDOWNTWN / STATION 1 (R),25119511,247,3227473211,2024-07-12T19:22:48Z,2024-07-12T19:25:11Z,,0.000000,0.0,credit_card_terminal,Payment via credit card or debit card terminal,USCPIE15548151*1
ChargePoint Network,,,12406491,12406491,FPIA / LEFT STATION,21527781,247,3213236021,2024-07-06T09:52:47Z,2024-07-06T09:54:20Z,,0.000000,0.0,membership,Payment by membership account and/or membership card,USCPIE12406491*1
ChargePoint Network,,,13606061,13606061,I24 EXIT11 / STATION 4 (RR),22992511,247,3231880671,2024-07-15T03:44:18Z,2024-07-15T04:51:40Z,,76.260300,75.845,membership,Payment by membership account and/or membership card,USCPIE13606061*1
ChargePoint Network,,,15640171,15640171,NECDC / STATION 2 (R),25228711,247,3253953971,2024-07-24T16:44:43Z,2024-07-24T17:30:21Z,,72.383400,124.154,membership,Payment by membership account and/or membership card,USCPIE15640171*1
ChargePoint Network,,,15836981,15836981,TOMBIGBEE / TEPA CHARGER 2,25462651,247,3254953941,2024-07-24T23:56:32Z,2024-07-24T23:56:48Z,,0.000000,0.0,membership,Payment by membership account and/or membership card,USCPIE15836981*1
ChargePoint Network,,,9677521,9677521,UT PARKING / S7 STATION 1,17169341,3,3230753851,2024-07-14T16:07:01Z,2024-07-14T16:09:02Z,,0.000000,0.0,membership,Payment by membership account and/or membership card,USCPIE9677521*2
ChargePoint Network,,,13966851,13966851,BEA / STATION 1 (LL),23420911,247,3229941081,2024-07-14T00:37:43Z,2024-07-14T00:48:51Z,,12.397500,72.761,membership,Payment by membership account and/or membership card,USCPIE13966851*1
ChargePoint Network,,,15885251,15885251,TWICKENHAM SQ / HU - STATION 1,25520941,100011,3210337711,2024-07-04T17:54:01Z,2024-07-04T18:34:04Z,,26.345600,52.577,membership,Payment by membership account and/or membership card,USCPIE15885251*1
ChargePoint Network,,,14097711,14097711,SCOTTSBORO EPB / SEPB DCFC (R),23570811,247,3230808421,2024-07-14T16:46:54Z,2024-07-14T17:32:35Z,,45.771900,74.099,membership,Payment by membership account and/or membership card,USCPIE14097711*1
ChargePoint Network,,,12754021,12754021,WCMES / CITYHALL1-L,,,3210105821,2024-07-04T14:47:10Z,2024-07-04T14:49:14Z,,0.000000,,membership,Payment by membership account and/or membership card,USCPIE12754021*0
ChargePoint Network,,,15885771,15885771,TWICKENHAM SQ / HU - STATION 4,25521581,247,3217041381,2024-07-08T15:28:40Z,2024-07-08T15:58:28Z,,18.254000,53.341,membership,Payment by membership account and/or membership card,USCPIE15885771*1
ChargePoint Network,,,1988141,1988141,7SPC / SCES DREAM MORE,2355561,3,3242887441,2024-07-19T15:58:54Z,2024-07-19T18:44:56Z,,17.375498,7.1119,membership,Payment by membership account and/or membership card,USCPIE1988141*1
ChargePoint Network,,,15623211,15623211,CLW / 5TH ST 2 (R),25208281,247,3235527381,2024-07-16T17:48:35Z,2024-07-16T18:14:05Z,,29.041599,70.394,membership,Payment by membership account and/or membership card,USCPIE15623211*1
ChargePoint Network,,,1988061,1988061,7SPC / SCES DOLLYWOOD,25499831,3,3267886771,2024-07-30T20:47:38Z,2024-07-30T21:08:21Z,,2.436967,7.3432,phone_online,"Payment through mobile app, website, automated phone number or messaging system",USCPIE1988061*1
ChargePoint Network,,,15885791,15885791,TWICKENHAM SQ / HU - STATION 3,25521611,247,3219331371,2024-07-09T14:53:01Z,2024-07-09T15:31:30Z,,32.034698,76.23,membership,Payment by membership account and/or membership card,USCPIE15885791*1
ChargePoint Network,,,15885251,15885251,TWICKENHAM SQ / HU - STATION 1,25520941,247,3252218691,2024-07-23T22:36:04Z,2024-07-23T23:39:11Z,,62.345001,74.48,membership,Payment by membership account and/or membership card,USCPIE15885251*1
ChargePoint Network,,,15332321,15332321,TUA NW ATLANTIC / STATION 1 (L),24867861,247,3230806851,2024-07-14T16:45:44Z,2024-07-14T17:38:54Z,,35.121601,45.63,other,Any other payment method not specified above. Additional description should be provided in Payment Method Description.,USCPIE15332321*1
ChargePoint Network,,,15885771,15885771,TWICKENHAM SQ / HU - STATION 4,25521581,247,3235409181,2024-07-16T16:56:13Z,2024-07-16T17:38:21Z,,56.535900,86.68,membership,Payment by membership account and/or membership card,USCPIE15885771*1
ChargePoint Network,,,8851921,8851921,7SPC / SEVIERVILLE DC1,15571271,207,3244170591,2024-07-20T01:41:53Z,2024-07-20T01:45:09Z,,0.000000,0.0,credit_card_terminal,Payment via credit card or debit card terminal,USCPIE8851921*1
ChargePoint Network,,,15623231,15623231,CLW / 5TH ST 1 (L),25208301,247,3233843471,2024-07-15T23:54:44Z,2024-07-16T00:41:47Z,,22.737301,53.214,membership,Payment by membership account and/or membership card,USCPIE15623231*1
ChargePoint Network,,,13966051,13966051,BEA / STATION 3 (RM),23419981,247,3244773541,2024-07-20T12:35:06Z,2024-07-20T12:36:30Z,,0.000600,0.0,membership,Payment by membership account and/or membership card,USCPIE13966051*1
ChargePoint Network,,,13880891,13880891,MU / MUC MAIN OFFICE,23319021,3,3246572431,2024-07-21T13:27:27Z,2024-07-21T16:18:13Z,,18.456659,7.3523,membership,Payment by membership account and/or membership card,USCPIE13880891*2
ChargePoint Network,,,15885791,15885791,TWICKENHAM SQ / HU - STATION 3,25521611,247,3256479151,2024-07-25T16:23:00Z,2024-07-25T17:04:14Z,,44.966301,76.83,membership,Payment by membership account and/or membership card,USCPIE15885791*1
ChargePoint Network,,,1988141,1988141,7SPC / SCES DREAM MORE,2355561,3,3246649751,2024-07-21T14:50:46Z,2024-07-21T17:08:23Z,,13.957978,7.0979,membership,Payment by membership account and/or membership card,USCPIE1988141*1
ChargePoint Network,,,5384781,5384781,7SPC / TRI-COUNTY EMC,9273701,3,3214177921,2024-07-06T22:52:13Z,2024-07-07T12:10:55Z,,48.662369,7.3347,membership,Payment by membership account and/or membership card,USCPIE5384781*2
ChargePoint Network,,,12989161,12989161,BTES / CITY HALL,22285821,3,3258881461,2024-07-26T15:46:26Z,2024-07-26T16:00:16Z,,1.537725,6.8645,membership,Payment by membership account and/or membership card,USCPIE12989161*2
ChargePoint Network,,,14359531,14359531,EBOFG / STATION 2 (R),23870331,247,3242967131,2024-07-19T16:27:41Z,2024-07-19T16:46:52Z,,22.680401,77.411,membership,Payment by membership account and/or membership card,USCPIE14359531*1
ChargePoint Network,,,13606061,13606061,I24 EXIT11 / STATION 4 (RR),22992511,247,3247400291,2024-07-21T22:40:05Z,2024-07-21T23:07:43Z,,31.496901,77.815,membership,Payment by membership account and/or membership card,USCPIE13606061*1
ChargePoint Network,,,14337221,14337221,HOLSTONELECTRIC / CHURCH HILL-1,23844801,247,3210764201,2024-07-04T23:36:17Z,2024-07-05T00:25:16Z,,50.804199,76.017,membership,Payment by membership account and/or membership card,USCPIE14337221*1
ChargePoint Network,,,5122191,5122191,CULLMANELECTRIC / STATION1-L,8482151,100011,3205296821,2024-07-02T14:25:42Z,2024-07-02T14:45:46Z,,6.990600,47.987,membership,Payment by membership account and/or membership card,USCPIE5122191*1
ChargePoint Network,,,15623231,15623231,CLW / 5TH ST 1 (L),25208301,247,3214223581,2024-07-06T23:17:10Z,2024-07-06T23:53:13Z,,66.131500,116.432,credit_card_terminal,Payment via credit card or debit card terminal,USCPIE15623231*1
ChargePoint Network,,,8851921,8851921,7SPC / SEVIERVILLE DC1,15571271,207,3243638721,2024-07-19T21:27:29Z,2024-07-19T22:06:33Z,,36.824001,60.06,membership,Payment by membership account and/or membership card,USCPIE8851921*1
ChargePoint Network,,,5122191,5122191,CULLMANELECTRIC / STATION1-L,8482151,247,3238577121,2024-07-17T21:06:29Z,2024-07-17T21:07:21Z,,0.000000,0.0,membership,Payment by membership account and/or membership card,USCPIE5122191*1
ChargePoint Network,,,5625391,5625391,7SPC / VEC JAMESTOWN,9280961,3,3234802401,2024-07-16T13:02:11Z,2024-07-16T22:06:50Z,,62.081463,7.5637,membership,Payment by membership account and/or membership card,USCPIE5625391*1
ChargePoint Network,,,15260241,15260241,STEMC / STATION 1 (L) A,24784071,247,3216494521,2024-07-08T09:58:23Z,2024-07-08T10:02:34Z,,1.890700,87.974,credit_card_terminal,Payment via credit card or debit card terminal,USCPIE15260241*1
ChargePoint Network,,,14355271,14355271,HARTSELLE 1 / STATION 1 (L),,,3207647921,2024-07-03T13:23:41Z,2024-07-03T13:25:41Z,,0.000000,,membership,Payment by membership account and/or membership card,USCPIE14355271*0
ChargePoint Network,,,13966031,13966031,BEA / STATION 4 (RR),23419961,247,3202574131,2024-07-01T09:19:30Z,2024-07-01T09:29:14Z,,8.192300,0.0,membership,Payment by membership account and/or membership card,USCPIE13966031*1
ChargePoint Network,,,12406491,12406491,FPIA / LEFT STATION,21527781,247,3213982991,2024-07-06T20:51:01Z,2024-07-06T20:51:22Z,,0.000000,0.0,membership,Payment by membership account and/or membership card,USCPIE12406491*1
ChargePoint Network,,,14355271,14355271,HARTSELLE 1 / STATION 1 (L),,,3260913711,2024-07-27T14:42:00Z,2024-07-27T14:44:00Z,,0.000000,,membership,Payment by membership account and/or membership card,USCPIE14355271*0
ChargePoint Network,,,13606091,13606091,I24 EXIT11 / STATION 3 (RM),22992551,247,3257049731,2024-07-25T20:24:45Z,2024-07-25T20:33:41Z,,9.343500,73.766,membership,Payment by membership account and/or membership card,USCPIE13606091*1
ChargePoint Network,,,13651631,13651631,MLEC / STATION 2 (R) H,23045821,247,3208375611,2024-07-03T18:19:53Z,2024-07-03T18:27:46Z,,11.174500,0.0,membership,Payment by membership account and/or membership card,USCPIE13651631*1
ChargePoint Network,,,8851921,8851921,7SPC / SEVIERVILLE DC1,,,3240745211,2024-07-18T18:24:41Z,2024-07-18T18:24:51Z,,0.000000,,membership,Payment by membership account and/or membership card,USCPIE8851921*0
ChargePoint Network,,,15623211,15623211,CLW / 5TH ST 2 (R),25208281,247,3206166911,2024-07-02T20:25:46Z,2024-07-02T21:23:16Z,,53.885101,61.229,membership,Payment by membership account and/or membership card,USCPIE15623211*1
ChargePoint Network,,,1988061,1988061,7SPC / SCES DOLLYWOOD,25499841,3,3213923121,2024-07-06T20:13:10Z,2024-07-06T22:52:17Z,,18.579765,7.0965,membership,Payment by membership account and/or membership card,USCPIE1988061*2
ChargePoint Network,,,15694171,15694171,BRIGHTRIDGE EV / STATION 1 (L),25292041,247,3245887141,2024-07-21T00:30:03Z,2024-07-21T01:20:13Z,,48.479500,78.012,membership,Payment by membership account and/or membership card,USCPIE15694171*1
ChargePoint Network,,,1964521,1964521,EBOFG / GUNTERSVILLE PD,8374211,3,3250809141,2024-07-23T12:53:27Z,2024-07-23T17:15:09Z,,31.777451,7.3608,membership,Payment by membership account and/or membership card,USCPIE1964521*2
ChargePoint Network,,,14337221,14337221,HOLSTONELECTRIC / CHURCH HILL-1,23844801,247,3216564531,2024-07-08T11:19:53Z,2024-07-08T11:58:44Z,,44.506401,71.4,membership,Payment by membership account and/or membership card,USCPIE14337221*1
ChargePoint Network,,,1964521,1964521,EBOFG / GUNTERSVILLE PD,8374211,3,3214540541,2024-07-07T02:40:18Z,2024-07-07T14:33:42Z,,83.328339,7.402,membership,Payment by membership account and/or membership card,USCPIE1964521*2
ChargePoint Network,,,1988141,1988141,7SPC / SCES DREAM MORE,2355571,3,3257284541,2024-07-25T22:04:49Z,2024-07-26T00:49:49Z,,19.296278,7.1013,membership,Payment by membership account and/or membership card,USCPIE1988141*2
ChargePoint Network,,,14047321,14047321,JEFFERSON AVE. / OXFORD STA2(R),23514081,247,3213665001,2024-07-06T17:31:24Z,2024-07-06T17:33:13Z,,0.000000,0.0,credit_card_terminal,Payment via credit card or debit card terminal,USCPIE14047321*1
ChargePoint Network,,,5346231,5346231,CULLMANELECTRIC / STATION2-R,8926271,247,3265803941,2024-07-29T23:51:33Z,2024-07-30T00:30:47Z,,31.949600,72.716,membership,Payment by membership account and/or membership card,USCPIE5346231*1
ChargePoint Network,,,13861891,13861891,BRMEMC / STATION 2,23296321,247,3219802191,2024-07-09T17:49:25Z,2024-07-09T18:23:07Z,,44.937801,85.847,phone_online,"Payment through mobile app, website, automated phone number or messaging system",USCPIE13861891*1
ChargePoint Network,,,8851921,8851921,7SPC / SEVIERVILLE DC1,15571271,207,3207456251,2024-07-03T11:31:48Z,2024-07-03T12:15:08Z,,30.035400,60.571,membership,Payment by membership account and/or membership card,USCPIE8851921*1
ChargePoint Network,,,15623231,15623231,CLW / 5TH ST 1 (L),25208301,247,3222464741,2024-07-10T19:09:34Z,2024-07-10T19:34:17Z,,45.261902,119.492,credit_card_terminal,Payment via credit card or debit card terminal,USCPIE15623231*1
ChargePoint Network,,,14359491,14359491,EBOFG / STATION 1 (L),23870291,247,3244866031,2024-07-20T14:09:35Z,2024-07-20T14:10:58Z,,0.000000,0.0,membership,Payment by membership account and/or membership card,USCPIE14359491*1
ChargePoint Network,,,16022101,16022101,ACEPA / ACE STATION 2,,,3254868951,2024-07-24T23:15:30Z,2024-07-24T23:17:31Z,,0.000000,,membership,Payment by membership account and/or membership card,USCPIE16022101*0
ChargePoint Network,,,5122191,5122191,CULLMANELECTRIC / STATION1-L,8482151,247,3247467781,2024-07-21T23:14:59Z,2024-07-22T01:00:45Z,,5.953100,73.853,membership,Payment by membership account and/or membership card,USCPIE5122191*1
ChargePoint Network,,,1988141,1988141,7SPC / SCES DREAM MORE,2355571,3,3213952551,2024-07-06T20:31:35Z,2024-07-07T00:04:21Z,,23.587458,6.9063,membership,Payment by membership account and/or membership card,USCPIE1988141*2
ChargePoint Network,,,1921531,1921531,STARKVILLE UTIL / STARKVILLE REC,2268561,3,3207860831,2024-07-03T14:59:27Z,2024-07-03T19:31:59Z,,32.410381,7.2059,membership,Payment by membership account and/or membership card,USCPIE1921531*2
ChargePoint Network,,,15885791,15885791,TWICKENHAM SQ / HU - STATION 3,25521611,100011,3234473791,2024-07-16T06:52:49Z,2024-07-16T06:54:53Z,,1.056200,0.0,credit_card_terminal,Payment via credit card or debit card terminal,USCPIE15885791*1
ChargePoint Network,,,1921351,1921351,STARKVILLE UTIL / STARKVILLE DWTN,23682571,3,3206238041,2024-07-02T20:58:37Z,2024-07-03T12:19:40Z,,45.098209,7.3141,membership,Payment by membership account and/or membership card,USCPIE1921351*1
ChargePoint Network,,,13606121,13606121,I24 EXIT11 / STATION 2 (LM),22992591,247,3263239851,2024-07-28T21:28:14Z,2024-07-28T21:38:21Z,,11.383800,71.757,credit_card_terminal,Payment via credit card or debit card terminal,USCPIE13606121*1
ChargePoint Network,,,13880891,13880891,MU / MUC MAIN OFFICE,23319011,3,3265275261,2024-07-29T19:52:47Z,2024-07-29T23:23:22Z,,25.528135,7.3959,membership,Payment by membership account and/or membership card,USCPIE13880891*1
ChargePoint Network,,,5565191,5565191,7SPC / DOLLYWOOD EMPL,9205041,3,3213337711,2024-07-06T13:18:03Z,2024-07-06T21:24:08Z,,42.909431,7.3254,membership,Payment by membership account and/or membership card,USCPIE5565191*2
ChargePoint Network,,,8851921,8851921,7SPC / SEVIERVILLE DC1,15571271,207,3213933251,2024-07-06T20:19:37Z,2024-07-06T20:20:31Z,,0.000000,0.0,membership,Payment by membership account and/or membership card,USCPIE8851921*1
ChargePoint Network,,,15885771,15885771,TWICKENHAM SQ / HU - STATION 4,25521581,247,3231050201,2024-07-14T19:20:28Z,2024-07-14T20:41:54Z,,59.773499,87.318,credit_card_terminal,Payment via credit card or debit card terminal,USCPIE15885771*1
ChargePoint Network,,,5346231,5346231,CULLMANELECTRIC / STATION2-R,8926271,247,3215772591,2024-07-07T22:40:14Z,2024-07-07T23:31:16Z,,66.414001,83.527,membership,Payment by membership account and/or membership card,USCPIE5346231*1
ChargePoint Network,,,8851921,8851921,7SPC / SEVIERVILLE DC1,15571271,207,3240995551,2024-07-18T20:13:11Z,2024-07-18T20:18:12Z,,3.871600,53.124,membership,Payment by membership account and/or membership card,USCPIE8851921*1
ChargePoint Network,,,12406401,12406401,FPIA / RIGHT STATION,21527671,247,3250057461,2024-07-23T01:11:53Z,2024-07-23T01:26:57Z,,12.709700,52.95,membership,Payment by membership account and/or membership card,USCPIE12406401*1
ChargePoint Network,,,13664471,13664471,BTES / STATION 3 (RM),23060511,247,3235086401,2024-07-16T15:02:21Z,2024-07-16T15:21:54Z,,12.654900,69.094,other,Any other payment method not specified above. Additional description should be provided in Payment Method Description.,USCPIE13664471*1
ChargePoint Network,,,13664401,13664401,BTES / STATION 1 (LL),23060421,247,3229283341,2024-07-13T18:07:06Z,2024-07-13T18:36:38Z,,27.570499,59.507,membership,Payment by membership account and/or membership card,USCPIE13664401*1
ChargePoint Network,,,5122191,5122191,CULLMANELECTRIC / STATION1-L,8482151,247,3221083771,2024-07-10T03:44:35Z,2024-07-10T04:17:26Z,,27.306200,54.464,membership,Payment by membership account and/or membership card,USCPIE5122191*1
ChargePoint Network,,,5346231,5346231,CULLMANELECTRIC / STATION2-R,8926271,247,3235681141,2024-07-16T19:01:38Z,2024-07-16T19:02:47Z,,0.000000,0.0,membership,Payment by membership account and/or membership card,USCPIE5346231*1
ChargePoint Network,,,5565201,5565201,7SPC / SCES LECONTE 2,9205051,3,3229082451,2024-07-13T16:02:10Z,2024-07-13T16:02:30Z,,0.000000,,credit_card_terminal,Payment via credit card or debit card terminal,USCPIE5565201*1
ChargePoint Network,,,13606121,13606121,I24 EXIT11 / STATION 2 (LM),22992591,247,3253861791,2024-07-24T16:11:30Z,2024-07-24T16:52:44Z,,40.976799,123.069,credit_card_terminal,Payment via credit card or debit card terminal,USCPIE13606121*1
ChargePoint Network,,,13606091,13606091,I24 EXIT11 / STATION 3 (RM),22992551,247,3219863381,2024-07-09T18:20:07Z,2024-07-09T18:40:25Z,,17.860100,54.299,membership,Payment by membership account and/or membership card,USCPIE13606091*1
ChargePoint Network,,,14097711,14097711,SCOTTSBORO EPB / SEPB DCFC (R),23570811,247,3256567051,2024-07-25T16:55:46Z,2024-07-25T17:33:29Z,,43.660801,83.134,membership,Payment by membership account and/or membership card,USCPIE14097711*1
ChargePoint Network,,,15260241,15260241,STEMC / STATION 1 (L) A,24784071,247,3216497721,2024-07-08T10:05:01Z,2024-07-08T10:08:48Z,,1.025100,0.0,membership,Payment by membership account and/or membership card,USCPIE15260241*1
ChargePoint Network,,,13606091,13606091,I24 EXIT11 / STATION 3 (RM),22992551,247,3254081121,2024-07-24T17:38:28Z,2024-07-24T17:38:58Z,,0.000000,0.0,credit_card_terminal,Payment via credit card or debit card terminal,USCPIE13606091*1
ChargePoint Network,,,8851921,8851921,7SPC / SEVIERVILLE DC1,15571271,207,3251566351,2024-07-23T17:55:56Z,2024-07-23T18:23:59Z,,24.397100,55.594,membership,Payment by membership account and/or membership card,USCPIE8851921*1
ChargePoint Network,,,16022131,16022131,ACEPA / ACE STATION 1,25683791,247,3247257491,2024-07-21T21:20:49Z,2024-07-21T21:38:07Z,,26.171700,99.143,membership,Payment by membership account and/or membership card,USCPIE16022131*1
ChargePoint Network,,,12406491,12406491,FPIA / LEFT STATION,21527781,247,3266267711,2024-07-30T03:56:01Z,2024-07-30T05:01:49Z,,42.579102,62.568,membership,Payment by membership account and/or membership card,USCPIE12406491*1
ChargePoint Network,,,8851921,8851921,7SPC / SEVIERVILLE DC1,15571271,207,3238145101,2024-07-17T17:55:58Z,2024-07-17T18:42:34Z,,42.351398,57.68,membership,Payment by membership account and/or membership card,USCPIE8851921*1
ChargePoint Network,,,15885771,15885771,TWICKENHAM SQ / HU - STATION 4,25521581,247,3236387121,2024-07-16T23:55:23Z,2024-07-17T00:57:48Z,,56.614799,74.48,membership,Payment by membership account and/or membership card,USCPIE15885771*1
ChargePoint Network,,,1988141,1988141,7SPC / SCES DREAM MORE,2355561,3,3249430781,2024-07-22T20:27:58Z,2024-07-22T21:44:22Z,,8.720337,7.0252,membership,Payment by membership account and/or membership card,USCPIE1988141*1
ChargePoint Network,,,5346231,5346231,CULLMANELECTRIC / STATION2-R,8926271,247,3244108631,2024-07-20T01:10:21Z,2024-07-20T02:04:45Z,,49.505299,84.709,membership,Payment by membership account and/or membership card,USCPIE5346231*1
ChargePoint Network,,,14097711,14097711,SCOTTSBORO EPB / SEPB DCFC (R),23570811,247,3213947061,2024-07-06T20:27:46Z,2024-07-06T21:01:37Z,,39.307499,80.095,membership,Payment by membership account and/or membership card,USCPIE14097711*1
ChargePoint Network,,,13664501,13664501,BTES / STATION 4 (RR),23060561,247,3236750601,2024-07-17T02:43:43Z,2024-07-17T03:42:54Z,,30.533701,54.167,membership,Payment by membership account and/or membership card,USCPIE13664501*1
ChargePoint Network,,,12720861,12720861,WRECC / STATION 2,21977121,247,3233309441,2024-07-15T19:58:21Z,2024-07-15T20:05:16Z,,12.587600,119.652,membership,Payment by membership account and/or membership card,USCPIE12720861*1
ChargePoint Network,,,12406491,12406491,FPIA / LEFT STATION,21527781,247,3244830301,2024-07-20T13:38:31Z,2024-07-20T14:54:35Z,,117.250504,98.301,credit_card_terminal,Payment via credit card or debit card terminal,USCPIE12406491*1
ChargePoint Network,,,15694081,15694081,BRIGHTRIDGE EV / STATION 2 (R),25291921,247,3238143611,2024-07-17T17:54:31Z,2024-07-17T18:24:58Z,,22.003599,46.254,credit_card_terminal,Payment via credit card or debit card terminal,USCPIE15694081*1
ChargePoint Network,,,13643801,13643801,PEPA / STATION 2,23036481,247,3225466221,2024-07-11T22:26:10Z,2024-07-11T22:45:02Z,,21.240200,72.435,membership,Payment by membership account and/or membership card,USCPIE13643801*1
ChargePoint Network,,,13606121,13606121,I24 EXIT11 / STATION 2 (LM),22992591,247,3263271681,2024-07-28T21:46:26Z,2024-07-28T22:49:55Z,,61.085201,77.42,membership,Payment by membership account and/or membership card,USCPIE13606121*1
ChargePoint Network,,,15836981,15836981,TOMBIGBEE / TEPA CHARGER 2,25462651,247,3242672981,2024-07-19T14:33:50Z,2024-07-19T15:05:58Z,,43.724998,87.318,membership,Payment by membership account and/or membership card,USCPIE15836981*1
ChargePoint Network,,,5525971,5525971,7SPC / SPARTA TN,9154681,3,3233899801,2024-07-16T00:20:16Z,2024-07-16T00:57:48Z,,4.208730,6.8843,membership,Payment by membership account and/or membership card,USCPIE5525971*1
ChargePoint Network,,,12406491,12406491,FPIA / LEFT STATION,21527781,247,3245093751,2024-07-20T16:50:36Z,2024-07-20T16:51:57Z,,0.000000,0.0,membership,Payment by membership account and/or membership card,USCPIE12406491*1
ChargePoint Network,,,8851921,8851921,7SPC / SEVIERVILLE DC1,15571271,207,3246847441,2024-07-21T17:13:59Z,2024-07-21T18:12:31Z,,52.483002,57.505,membership,Payment by membership account and/or membership card,USCPIE8851921*1
ChargePoint Network,,,8851921,8851921,7SPC / SEVIERVILLE DC1,15571271,207,3234792761,2024-07-16T12:58:01Z,2024-07-16T14:00:27Z,,51.177399,60.139,membership,Payment by membership account and/or membership card,USCPIE8851921*1
ChargePoint Network,,,13643801,13643801,PEPA / STATION 2,23036481,247,3233374581,2024-07-15T20:25:59Z,2024-07-15T20:41:22Z,,18.884199,78.012,credit_card_terminal,Payment via credit card or debit card terminal,USCPIE13643801*1
ChargePoint Network,,,12406491,12406491,FPIA / LEFT STATION,21527781,247,3240065561,2024-07-18T13:58:13Z,2024-07-18T15:02:42Z,,24.948299,52.49,membership,Payment by membership account and/or membership card,USCPIE12406491*1
ChargePoint Network,,,15729991,15729991,AEC / AEC03,25334171,3,3235137741,2024-07-16T15:20:41Z,2024-07-16T15:24:03Z,,0.345934,7.3062,membership,Payment by membership account and/or membership card,USCPIE15729991*1
ChargePoint Network,,,5346231,5346231,CULLMANELECTRIC / STATION2-R,8926271,247,3239836081,2024-07-18T11:59:56Z,2024-07-18T12:35:54Z,,33.169601,58.756,membership,Payment by membership account and/or membership card,USCPIE5346231*1
ChargePoint Network,,,13659871,13659871,LAWRENCEBURG / STATION 2 (R),23054921,247,3243196281,2024-07-19T18:08:55Z,2024-07-19T18:26:34Z,,31.916100,116.25,membership,Payment by membership account and/or membership card,USCPIE13659871*1
ChargePoint Network,,,7505851,7505851,JEFFERSON AVE. / OXFORD STA1(L),12955471,247,3241584611,2024-07-19T00:27:03Z,2024-07-19T01:20:48Z,,55.228298,69.147,membership,Payment by membership account and/or membership card,USCPIE7505851*1
ChargePoint Network,,,15885771,15885771,TWICKENHAM SQ / HU - STATION 4,,,3209568501,2024-07-04T03:22:56Z,2024-07-04T03:24:57Z,,0.000000,,other,Any other payment method not specified above. Additional description should be provided in Payment Method Description.,USCPIE15885771*0
ChargePoint Network,,,13664401,13664401,BTES / STATION 1 (LL),23060421,247,3218064501,2024-07-08T23:01:17Z,2024-07-08T23:04:00Z,,0.000000,0.0,membership,Payment by membership account and/or membership card,USCPIE13664401*1
ChargePoint Network,,,15640031,15640031,NECDC / STATION 1 (L),25228511,247,3203446081,2024-07-01T17:44:26Z,2024-07-01T18:49:43Z,,41.483501,54.464,membership,Payment by membership account and/or membership card,USCPIE15640031*1
ChargePoint Network,,,15623231,15623231,CLW / 5TH ST 1 (L),25208301,247,3211042131,2024-07-05T03:05:41Z,2024-07-05T03:41:15Z,,41.128399,75.853,membership,Payment by membership account and/or membership card,USCPIE15623231*1
ChargePoint Network,,,1964521,1964521,EBOFG / GUNTERSVILLE PD,8374211,3,3248957321,2024-07-22T16:52:07Z,2024-07-22T21:34:53Z,,8.062852,3.6953,membership,Payment by membership account and/or membership card,USCPIE1964521*2
ChargePoint Network,,,13606061,13606061,I24 EXIT11 / STATION 4 (RR),22992511,247,3210684131,2024-07-04T22:29:28Z,2024-07-04T22:46:47Z,,20.015100,77.22,membership,Payment by membership account and/or membership card,USCPIE13606061*1
ChargePoint Network,,,15885151,15885151,TWICKENHAM SQ / HU - STATION 2,25520801,247,3221041761,2024-07-10T03:09:25Z,2024-07-10T03:58:22Z,,45.115200,74.087,membership,Payment by membership account and/or membership card,USCPIE15885151*1
ChargePoint Network,,,12720861,12720861,WRECC / STATION 2,21977121,247,3223557281,2024-07-11T03:29:10Z,2024-07-11T03:49:46Z,,21.396400,88.8,membership,Payment by membership account and/or membership card,USCPIE12720861*1
ChargePoint Network,,,15885771,15885771,TWICKENHAM SQ / HU - STATION 4,25521581,247,3230018551,2024-07-14T01:24:50Z,2024-07-14T01:33:43Z,,10.140400,72.299,credit_card_terminal,Payment via credit card or debit card terminal,USCPIE15885771*1
ChargePoint Network,,,7505851,7505851,JEFFERSON AVE. / OXFORD STA1(L),12955471,247,3260964351,2024-07-27T15:22:31Z,2024-07-27T16:17:14Z,,45.711899,52.326,membership,Payment by membership account and/or membership card,USCPIE7505851*1
ChargePoint Network,,,15332351,15332351,TUA NW ATLANTIC / STATION 2 (R),24867891,247,3231746661,2024-07-15T02:06:01Z,2024-07-15T03:07:34Z,,40.994202,54.096,membership,Payment by membership account and/or membership card,USCPIE15332351*1
ChargePoint Network,,,5122191,5122191,CULLMANELECTRIC / STATION1-L,8482151,247,3212198591,2024-07-05T20:06:56Z,2024-07-05T20:08:40Z,,0.000000,0.0,credit_card_terminal,Payment via credit card or debit card terminal,USCPIE5122191*1
ChargePoint Network,,,13423691,13423691,AEC / STATION #1 (L),22787121,247,3230546271,2024-07-14T12:29:23Z,2024-07-14T12:49:03Z,,35.617500,120.274,credit_card_terminal,Payment via credit card or debit card terminal,USCPIE13423691*1
ChargePoint Network,,,1921351,1921351,STARKVILLE UTIL / STARKVILLE DWTN,23682581,3,3249512321,2024-07-22T21:04:14Z,2024-07-23T13:42:21Z,,49.547550,7.3842,membership,Payment by membership account and/or membership card,USCPIE1921351*2
ChargePoint Network,,,15548151,15548151,DECATURDOWNTWN / STATION 1 (R),25119511,247,3222344981,2024-07-10T18:13:58Z,2024-07-10T19:01:06Z,,59.832100,87.515,membership,Payment by membership account and/or membership card,USCPIE15548151*1
ChargePoint Network,,,12406401,12406401,FPIA / RIGHT STATION,21527671,247,3213865791,2024-07-06T19:37:55Z,2024-07-06T19:40:35Z,,0.000000,0.0,membership,Payment by membership account and/or membership card,USCPIE12406401*1
ChargePoint Network,,,9745721,9745721,CRMC / CRMC-1 - L2LEFT,17301471,3,3243546811,2024-07-19T20:45:36Z,2024-07-19T22:10:18Z,,10.344107,7.3923,membership,Payment by membership account and/or membership card,USCPIE9745721*1
ChargePoint Network,,,13292801,13292801,LODGE CAST IRON / STORE & MUSEUM,22637561,3,3260128601,2024-07-27T01:12:43Z,2024-07-27T02:00:20Z,,5.542125,7.0993,membership,Payment by membership account and/or membership card,USCPIE13292801*2
ChargePoint Network,,,8851921,8851921,7SPC / SEVIERVILLE DC1,15571271,207,3235923331,2024-07-16T20:41:45Z,2024-07-16T21:28:31Z,,41.275101,59.209,membership,Payment by membership account and/or membership card,USCPIE8851921*1
ChargePoint Network,,,13966811,13966811,BEA / STATION 2 (LM),23420881,247,3210287511,2024-07-04T17:15:23Z,2024-07-04T17:41:31Z,,28.902399,69.029,roaming,Payment via roaming partners,USCPIE13966811*1
ChargePoint Network,,,15885151,15885151,TWICKENHAM SQ / HU - STATION 2,25520801,247,3243450781,2024-07-19T20:03:52Z,2024-07-19T20:38:15Z,,42.946301,78.791,membership,Payment by membership account and/or membership card,USCPIE15885151*1
ChargePoint Network,,,5466441,5466441,7SPC / NASA USSRC R,9079361,3,3231341351,2024-07-14T22:15:48Z,2024-07-15T00:36:03Z,,14.445781,6.312,membership,Payment by membership account and/or membership card,USCPIE5466441*1
ChargePoint Network,,,15623231,15623231,CLW / 5TH ST 1 (L),25208301,247,3215650201,2024-07-07T21:27:50Z,2024-07-07T22:00:36Z,,22.426800,53.874,membership,Payment by membership account and/or membership card,USCPIE15623231*1
ChargePoint Network,,,1988061,1988061,7SPC / SCES DOLLYWOOD,25499831,3,3202917781,2024-07-01T14:02:20Z,2024-07-01T22:16:08Z,,54.912464,7.0949,membership,Payment by membership account and/or membership card,USCPIE1988061*1
ChargePoint Network,,,13606061,13606061,I24 EXIT11 / STATION 4 (RR),22992511,247,3257258941,2024-07-25T21:54:07Z,2024-07-25T22:39:03Z,,42.045898,74.676,membership,Payment by membership account and/or membership card,USCPIE13606061*1
ChargePoint Network,,,5122191,5122191,CULLMANELECTRIC / STATION1-L,8482151,247,3220141751,2024-07-09T20:20:55Z,2024-07-09T20:28:33Z,,6.370100,0.0,membership,Payment by membership account and/or membership card,USCPIE5122191*1
ChargePoint Network,,,15815141,15815141,GEA-1 / STATION 1 (L),25435121,247,3260169581,2024-07-27T01:34:04Z,2024-07-27T01:36:30Z,,0.000000,0.0,phone_online,"Payment through mobile app, website, automated phone number or messaging system",USCPIE15815141*1
ChargePoint Network,,,13606061,13606061,I24 EXIT11 / STATION 4 (RR),22992511,100011,3238934211,2024-07-17T23:40:58Z,2024-07-17T23:58:38Z,,11.720800,41.889,membership,Payment by membership account and/or membership card,USCPIE13606061*1
ChargePoint Network,,,1988061,1988061,7SPC / SCES DOLLYWOOD,25499841,3,3260017531,2024-07-27T00:19:22Z,2024-07-27T00:20:21Z,,0.000000,0.0,membership,Payment by membership account and/or membership card,USCPIE1988061*2
ChargePoint Network,,,13880891,13880891,MU / MUC MAIN OFFICE,23319011,3,3215930301,2024-07-08T00:07:25Z,2024-07-08T00:09:32Z,,0.205366,7.3071,membership,Payment by membership account and/or membership card,USCPIE13880891*1
ChargePoint Network,,,12720861,12720861,WRECC / STATION 2,21977121,247,3261006081,2024-07-27T15:51:04Z,2024-07-27T17:21:06Z,,102.068100,75.074,membership,Payment by membership account and/or membership card,USCPIE12720861*1
ChargePoint Network,,,5122191,5122191,CULLMANELECTRIC / STATION1-L,8482151,247,3217452781,2024-07-08T18:22:52Z,2024-07-08T18:50:38Z,,37.546299,86.565,membership,Payment by membership account and/or membership card,USCPIE5122191*1
ChargePoint Network,,,14097711,14097711,SCOTTSBORO EPB / SEPB DCFC (R),23570811,247,3229491681,2024-07-13T20:10:53Z,2024-07-13T20:33:23Z,,23.174801,66.774,membership,Payment by membership account and/or membership card,USCPIE14097711*1
ChargePoint Network,,,15694171,15694171,BRIGHTRIDGE EV / STATION 1 (L),25292041,247,3233466881,2024-07-15T21:06:46Z,2024-07-15T21:07:44Z,,0.000000,0.0,membership,Payment by membership account and/or membership card,USCPIE15694171*1
ChargePoint Network,,,15885791,15885791,TWICKENHAM SQ / HU - STATION 3,25521611,100011,3224842781,2024-07-11T17:58:28Z,2024-07-11T18:26:25Z,,14.064600,40.11,membership,Payment by membership account and/or membership card,USCPIE15885791*1
ChargePoint Network,,,5466441,5466441,7SPC / NASA USSRC R,9079371,3,3205465431,2024-07-02T15:28:27Z,2024-07-02T19:30:56Z,,24.769506,6.2265,membership,Payment by membership account and/or membership card,USCPIE5466441*2
ChargePoint Network,,,1932851,1932851,BRIGHTRIDGE EV / BR-JC LIBRARY,23319811,3,3214540231,2024-07-07T02:40:01Z,2024-07-07T03:25:19Z,,4.887513,6.5266,membership,Payment by membership account and/or membership card,USCPIE1932851*1
ChargePoint Network,,,13861891,13861891,BRMEMC / STATION 2,23296321,247,3265141541,2024-07-29T18:55:18Z,2024-07-29T20:06:34Z,,88.519798,86.828,membership,Payment by membership account and/or membership card,USCPIE13861891*1
ChargePoint Network,,,13861891,13861891,BRMEMC / STATION 2,23296321,247,3233413131,2024-07-15T20:43:22Z,2024-07-15T21:14:55Z,,41.020199,80.751,credit_card_terminal,Payment via credit card or debit card terminal,USCPIE13861891*1
ChargePoint Network,,,15694171,15694171,BRIGHTRIDGE EV / STATION 1 (L),25292041,247,3230661881,2024-07-14T14:49:08Z,2024-07-14T15:07:11Z,,17.994801,120.12,membership,Payment by membership account and/or membership card,USCPIE15694171*1
ChargePoint Network,,,15548151,15548151,DECATURDOWNTWN / STATION 1 (R),25119511,100011,3217570251,2024-07-08T19:18:55Z,2024-07-08T19:34:29Z,,10.746200,47.625,membership,Payment by membership account and/or membership card,USCPIE15548151*1
ChargePoint Network,,,13606121,13606121,I24 EXIT11 / STATION 2 (LM),22992591,247,3240817751,2024-07-18T18:58:39Z,2024-07-18T19:04:57Z,,7.292000,78.791,credit_card_terminal,Payment via credit card or debit card terminal,USCPIE13606121*1
ChargePoint Network,,,13651631,13651631,MLEC / STATION 2 (R) H,23045821,247,3213093681,2024-07-06T05:01:01Z,2024-07-06T05:01:56Z,,0.064900,0.0,membership,Payment by membership account and/or membership card,USCPIE13651631*1
ChargePoint Network,,,5354011,5354011,7SPC / GREENEVILLE TA,8936791,207,3265365171,2024-07-29T20:31:43Z,2024-07-29T20:46:08Z,,13.454500,59.057,membership,Payment by membership account and/or membership card,USCPIE5354011*1
ChargePoint Network,,,9677521,9677521,UT PARKING / S7 STATION 1,17169331,3,3219468211,2024-07-09T15:38:43Z,2024-07-09T19:23:26Z,,24.127098,7.2124,membership,Payment by membership account and/or membership card,USCPIE9677521*1
ChargePoint Network,,,5619801,5619801,7SPC / WARREN RECC BG,25687251,3,3262700281,2024-07-28T15:51:04Z,2024-07-28T16:17:17Z,,2.624603,6.1277,membership,Payment by membership account and/or membership card,USCPIE5619801*1
ChargePoint Network,,,8851921,8851921,7SPC / SEVIERVILLE DC1,15571271,207,3210696111,2024-07-04T22:38:31Z,2024-07-04T23:09:20Z,,30.508101,61.659,membership,Payment by membership account and/or membership card,USCPIE8851921*1
ChargePoint Network,,,13606061,13606061,I24 EXIT11 / STATION 4 (RR),22992511,247,3205622281,2024-07-02T16:22:57Z,2024-07-02T17:22:10Z,,74.380898,81.754,membership,Payment by membership account and/or membership card,USCPIE13606061*1
ChargePoint Network,,,5122191,5122191,CULLMANELECTRIC / STATION1-L,,,3220308151,2024-07-09T21:32:05Z,2024-07-09T21:34:06Z,,0.000000,,membership,Payment by membership account and/or membership card,USCPIE5122191*0
ChargePoint Network,,,15742641,15742641,GEA-1 / STATION 2 (R),,,3215239551,2024-07-07T17:17:04Z,2024-07-07T17:19:06Z,,0.000000,,membership,Payment by membership account and/or membership card,USCPIE15742641*0
ChargePoint Network,,,5354011,5354011,7SPC / GREENEVILLE TA,8936791,207,3234538371,2024-07-16T09:18:14Z,2024-07-16T09:31:09Z,,10.977700,55.439,membership,Payment by membership account and/or membership card,USCPIE5354011*1
ChargePoint Network,,,1933211,1933211,BRIGHTRIDGE EV / BR-JONESBOROUGH,2283641,3,3213598011,2024-07-06T16:49:13Z,2024-07-06T17:43:53Z,,5.520755,6.1663,membership,Payment by membership account and/or membership card,USCPIE1933211*2
ChargePoint Network,,,12720881,12720881,WRECC / STATION 1,21977141,247,3227026701,2024-07-12T16:01:44Z,2024-07-12T16:40:28Z,,43.164001,70.526,membership,Payment by membership account and/or membership card,USCPIE12720881*1
ChargePoint Network,,,1988141,1988141,7SPC / SCES DREAM MORE,2355561,3,3226577281,2024-07-12T12:24:40Z,2024-07-12T21:03:52Z,,21.150469,7.2246,membership,Payment by membership account and/or membership card,USCPIE1988141*1
ChargePoint Network,,,13664471,13664471,BTES / STATION 3 (RM),23060511,247,3256930701,2024-07-25T19:37:52Z,2024-07-25T20:42:44Z,,84.377098,88.11,membership,Payment by membership account and/or membership card,USCPIE13664471*1
ChargePoint Network,,,15694081,15694081,BRIGHTRIDGE EV / STATION 2 (R),25291921,247,3267426381,2024-07-30T17:22:54Z,2024-07-30T18:36:47Z,,79.748703,98.114,credit_card_terminal,Payment via credit card or debit card terminal,USCPIE15694081*1
ChargePoint Network,,,13803581,13803581,FPU / STATION 1 (L),23227201,247,3247428691,2024-07-21T22:57:06Z,2024-07-21T22:57:36Z,,0.000000,0.0,membership,Payment by membership account and/or membership card,USCPIE13803581*1
ChargePoint Network,,,15885791,15885791,TWICKENHAM SQ / HU - STATION 3,25521611,247,3246060951,2024-07-21T02:13:09Z,2024-07-21T02:55:01Z,,17.346800,48.953,membership,Payment by membership account and/or membership card,USCPIE15885791*1
ChargePoint Network,,,1988061,1988061,7SPC / SCES DOLLYWOOD,25499841,3,3226798871,2024-07-12T14:28:41Z,2024-07-12T21:10:23Z,,13.216623,7.057,membership,Payment by membership account and/or membership card,USCPIE1988061*2
ChargePoint Network,,,13423581,13423581,AEC / STATION #2 (R),22787011,247,3213776051,2024-07-06T18:42:02Z,2024-07-06T19:08:50Z,,18.745701,51.869,membership,Payment by membership account and/or membership card,USCPIE13423581*1
ChargePoint Network,,,13861861,13861861,BRMEMC / STATION 1,,,3246622811,2024-07-21T14:22:42Z,2024-07-21T14:24:43Z,,0.000000,,membership,Payment by membership account and/or membership card,USCPIE13861861*0
ChargePoint Network,,,5122191,5122191,CULLMANELECTRIC / STATION1-L,8482151,247,3215574271,2024-07-07T20:42:50Z,2024-07-07T21:13:01Z,,21.444599,53.131,membership,Payment by membership account and/or membership card,USCPIE5122191*1
ChargePoint Network,,,13861891,13861891,BRMEMC / STATION 2,23296321,247,3246736301,2024-07-21T15:59:38Z,2024-07-21T16:55:18Z,,70.602699,86.632,credit_card_terminal,Payment via credit card or debit card terminal,USCPIE13861891*1
ChargePoint Network,,,12720861,12720861,WRECC / STATION 2,21977121,247,3232741301,2024-07-15T15:51:02Z,2024-07-15T16:33:07Z,,25.009600,54.15,membership,Payment by membership account and/or membership card,USCPIE12720861*1
ChargePoint Network,,,15885251,15885251,TWICKENHAM SQ / HU - STATION 1,25520941,247,3261251771,2024-07-27T18:24:05Z,2024-07-27T18:45:50Z,,18.774000,54.534,membership,Payment by membership account and/or membership card,USCPIE15885251*1
ChargePoint Network,,,12720881,12720881,WRECC / STATION 1,21977141,247,3219821021,2024-07-09T17:58:25Z,2024-07-09T17:58:45Z,,0.000000,0.0,membership,Payment by membership account and/or membership card,USCPIE12720881*1
ChargePoint Network,,,1964521,1964521,EBOFG / GUNTERSVILLE PD,8374211,3,3227168081,2024-07-12T16:58:36Z,2024-07-12T21:51:34Z,,9.852369,3.7086,membership,Payment by membership account and/or membership card,USCPIE1964521*2
ChargePoint Network,,,8851921,8851921,7SPC / SEVIERVILLE DC1,15571271,207,3208751571,2024-07-03T20:57:10Z,2024-07-03T21:56:33Z,,37.784801,59.363,membership,Payment by membership account and/or membership card,USCPIE8851921*1
ChargePoint Network,,,15885771,15885771,TWICKENHAM SQ / HU - STATION 4,25521581,247,3234993251,2024-07-16T14:29:30Z,2024-07-16T15:22:08Z,,31.009701,54.534,membership,Payment by membership account and/or membership card,USCPIE15885771*1
ChargePoint Network,,,15885251,15885251,TWICKENHAM SQ / HU - STATION 1,25520941,100011,3236218991,2024-07-16T22:43:03Z,2024-07-16T23:43:08Z,,11.083000,48.831,membership,Payment by membership account and/or membership card,USCPIE15885251*1
ChargePoint Network,,,12448521,12448521,7SPC / WARREN RECC LF,21576911,3,3260778151,2024-07-27T12:28:39Z,2024-07-27T12:29:03Z,,0.000000,,credit_card_terminal,Payment via credit card or debit card terminal,USCPIE12448521*1
ChargePoint Network,,,15332351,15332351,TUA NW ATLANTIC / STATION 2 (R),24867891,247,3254118631,2024-07-24T17:56:47Z,2024-07-24T19:11:10Z,,85.968102,82.485,membership,Payment by membership account and/or membership card,USCPIE15332351*1
ChargePoint Network,,,13026471,13026471,WCMES / CITYHALL2-R,22328331,247,3237688691,2024-07-17T15:01:55Z,2024-07-17T16:11:08Z,,36.734001,76.44,membership,Payment by membership account and/or membership card,USCPIE13026471*1
ChargePoint Network,,,15623211,15623211,CLW / 5TH ST 2 (R),25208281,247,3221613151,2024-07-10T13:13:34Z,2024-07-10T13:35:30Z,,30.873899,121.941,roaming,Payment via roaming partners,USCPIE15623211*1
ChargePoint Network,,,15280471,15280471,SPRFLD ELECTRIC / STATION 1 (L),24807681,247,3240647241,2024-07-18T17:36:50Z,2024-07-18T17:41:37Z,,0.000000,0.0,membership,Payment by membership account and/or membership card,USCPIE15280471*1
ChargePoint Network,,,5565191,5565191,7SPC / DOLLYWOOD EMPL,9205031,3,3228922401,2024-07-13T14:00:21Z,2024-07-13T17:53:03Z,,9.565546,,membership,Payment by membership account and/or membership card,USCPIE5565191*1
ChargePoint Network,,,13290491,13290491,7SPC / NASA USSRC L,25742681,3,3220698291,2024-07-10T00:23:31Z,2024-07-10T00:48:51Z,,2.445130,5.9918,membership,Payment by membership account and/or membership card,USCPIE13290491*2
ChargePoint Network,,,5346231,5346231,CULLMANELECTRIC / STATION2-R,8926271,247,3215769421,2024-07-07T22:38:24Z,2024-07-07T22:39:24Z,,0.000000,0.0,membership,Payment by membership account and/or membership card,USCPIE5346231*1
ChargePoint Network,,,5424051,5424051,EEDEV / ELIZ DOWNTOWN,9026991,3,3243843731,2024-07-19T22:59:01Z,2024-07-19T23:01:00Z,,0.000000,0.0,credit_card_terminal,Payment via credit card or debit card terminal,USCPIE5424051*1
ChargePoint Network,,,13026471,13026471,WCMES / CITYHALL2-R,22328331,247,3230823701,2024-07-14T16:56:24Z,2024-07-14T18:02:00Z,,37.536900,52.687,other,Any other payment method not specified above. Additional description should be provided in Payment Method Description.,USCPIE13026471*1
ChargePoint Network,,,13966811,13966811,BEA / STATION 2 (LM),23420881,247,3266037361,2024-07-30T01:39:18Z,2024-07-30T01:40:19Z,,0.000100,0.0,membership,Payment by membership account and/or membership card,USCPIE13966811*1
ChargePoint Network,,,15280441,15280441,SPRFLD ELECTRIC / STATION 2 (R),24807641,247,3266684011,2024-07-30T12:28:58Z,2024-07-30T13:31:22Z,,41.117199,56.457,membership,Payment by membership account and/or membership card,USCPIE15280441*1
ChargePoint Network,,,15885791,15885791,TWICKENHAM SQ / HU - STATION 3,25521611,247,3221996111,2024-07-10T15:51:38Z,2024-07-10T16:11:43Z,,0.000000,0.0,credit_card_terminal,Payment via credit card or debit card terminal,USCPIE15885791*1
ChargePoint Network,,,14097801,14097801,SCOTTSBORO EPB / SEPB DCFC (L),23570921,247,3256479531,2024-07-25T16:23:10Z,2024-07-25T16:53:40Z,,30.184299,74.199,membership,Payment by membership account and/or membership card,USCPIE14097801*1
ChargePoint Network,,,15694081,15694081,BRIGHTRIDGE EV / STATION 2 (R),25291921,247,3205248621,2024-07-02T14:02:48Z,2024-07-02T14:30:59Z,,29.231701,75.174,membership,Payment by membership account and/or membership card,USCPIE15694081*1
ChargePoint Network,,,1988061,1988061,7SPC / SCES DOLLYWOOD,25499831,3,3251147941,2024-07-23T15:16:50Z,2024-07-23T20:21:45Z,,31.204908,7.289,membership,Payment by membership account and/or membership card,USCPIE1988061*1
ChargePoint Network,,,14355271,14355271,HARTSELLE 1 / STATION 1 (L),23865711,247,3258308991,2024-07-26T09:29:53Z,2024-07-26T10:03:56Z,,49.292900,90.9,membership,Payment by membership account and/or membership card,USCPIE14355271*1
ChargePoint Network,,,15885251,15885251,TWICKENHAM SQ / HU - STATION 1,,,3257412851,2024-07-25T22:56:06Z,2024-07-25T22:58:07Z,,0.000000,,membership,Payment by membership account and/or membership card,USCPIE15885251*0
ChargePoint Network,,,5397731,5397731,EEDEV / MILLIGAN UNIV,9010261,3,3245436311,2024-07-20T20:12:40Z,2024-07-21T00:46:47Z,,32.653530,7.2304,membership,Payment by membership account and/or membership card,USCPIE5397731*2
ChargePoint Network,,,8851921,8851921,7SPC / SEVIERVILLE DC1,15571271,100011,3202145731,2024-07-01T01:19:53Z,2024-07-01T01:45:59Z,,1.103500,7.019,membership,Payment by membership account and/or membership card,USCPIE8851921*1
ChargePoint Network,,,13966031,13966031,BEA / STATION 4 (RR),23419961,247,3217409191,2024-07-08T17:59:58Z,2024-07-08T18:01:37Z,,0.000000,0.0,credit_card_terminal,Payment via credit card or debit card terminal,USCPIE13966031*1
ChargePoint Network,,,15684301,15684301,MLEC / STATION 1 (L) W,25280151,247,3245045331,2024-07-20T16:21:18Z,2024-07-20T16:51:09Z,,14.660100,52.397,membership,Payment by membership account and/or membership card,USCPIE15684301*1
ChargePoint Network,,,16022131,16022131,ACEPA / ACE STATION 1,25683791,247,3229143891,2024-07-13T16:41:29Z,2024-07-13T16:42:06Z,,0.163200,0.0,membership,Payment by membership account and/or membership card,USCPIE16022131*1
ChargePoint Network,,,8851921,8851921,7SPC / SEVIERVILLE DC1,15571271,207,3245579431,2024-07-20T21:34:52Z,2024-07-20T22:18:17Z,,39.496601,58.52,membership,Payment by membership account and/or membership card,USCPIE8851921*1
ChargePoint Network,,,13966051,13966051,BEA / STATION 3 (RM),23419981,247,3250403141,2024-07-23T04:37:40Z,2024-07-23T04:53:45Z,,13.518300,52.391,membership,Payment by membership account and/or membership card,USCPIE13966051*1
ChargePoint Network,,,14025691,14025691,PARIS BPU / STATION 1(L),23489541,247,3224529981,2024-07-11T15:53:17Z,2024-07-11T16:35:56Z,,40.428699,73.481,membership,Payment by membership account and/or membership card,USCPIE14025691*1
ChargePoint Network,,,13861861,13861861,BRMEMC / STATION 1,23296281,247,3230895991,2024-07-14T17:44:05Z,2024-07-14T18:48:30Z,,72.090500,74.684,membership,Payment by membership account and/or membership card,USCPIE13861861*1
ChargePoint Network,,,13664471,13664471,BTES / STATION 3 (RM),23060511,247,3206292661,2024-07-02T21:22:58Z,2024-07-02T23:00:33Z,,73.733803,65.797,credit_card_terminal,Payment via credit card or debit card terminal,USCPIE13664471*1
ChargePoint Network,,,12720881,12720881,WRECC / STATION 1,21977141,247,3217648291,2024-07-08T19:53:18Z,2024-07-08T20:40:34Z,,38.827599,85.371,membership,Payment by membership account and/or membership card,USCPIE12720881*1
ChargePoint Network,,,12720881,12720881,WRECC / STATION 1,21977141,247,3211123451,2024-07-05T04:06:01Z,2024-07-05T04:14:08Z,,7.904600,0.0,membership,Payment by membership account and/or membership card,USCPIE12720881*1
ChargePoint Network,,,15623211,15623211,CLW / 5TH ST 2 (R),25208281,247,3202358391,2024-07-01T03:47:38Z,2024-07-01T03:59:18Z,,19.470900,0.0,membership,Payment by membership account and/or membership card,USCPIE15623211*1
ChargePoint Network,,,16022131,16022131,ACEPA / ACE STATION 1,25683791,247,3227861671,2024-07-12T22:18:08Z,2024-07-12T22:21:33Z,,0.147100,0.0,membership,Payment by membership account and/or membership card,USCPIE16022131*1
ChargePoint Network,,,14047321,14047321,JEFFERSON AVE. / OXFORD STA2(R),23514081,247,3215187361,2024-07-07T16:44:59Z,2024-07-07T16:47:13Z,,0.000000,0.0,credit_card_terminal,Payment via credit card or debit card terminal,USCPIE14047321*1
ChargePoint Network,,,15885251,15885251,TWICKENHAM SQ / HU - STATION 1,25520941,247,3257221921,2024-07-25T21:38:13Z,2024-07-25T22:27:26Z,,54.236301,70.132,membership,Payment by membership account and/or membership card,USCPIE15885251*1
ChargePoint Network,,,13292801,13292801,LODGE CAST IRON / STORE & MUSEUM,22637551,3,3231016961,2024-07-14T18:59:23Z,2024-07-14T20:39:58Z,,11.647828,7.0302,credit_card_terminal,Payment via credit card or debit card terminal,USCPIE13292801*1
ChargePoint Network,,,5122191,5122191,CULLMANELECTRIC / STATION1-L,8482151,247,3223004121,2024-07-10T23:02:09Z,2024-07-10T23:14:00Z,,15.317500,0.0,credit_card_terminal,Payment via credit card or debit card terminal,USCPIE5122191*1
ChargePoint Network,,,13861861,13861861,BRMEMC / STATION 1,23296281,247,3215218951,2024-07-07T17:06:19Z,2024-07-07T17:27:25Z,,38.016399,113.543,membership,Payment by membership account and/or membership card,USCPIE13861861*1
ChargePoint Network,,,5354011,5354011,7SPC / GREENEVILLE TA,8936791,207,3254423101,2024-07-24T20:09:04Z,2024-07-24T20:53:04Z,,32.412201,54.464,membership,Payment by membership account and/or membership card,USCPIE5354011*1
ChargePoint Network,,,13664401,13664401,BTES / STATION 1 (LL),23060421,247,3230056461,2024-07-14T01:48:06Z,2024-07-14T02:23:49Z,,32.869598,58.063,credit_card_terminal,Payment via credit card or debit card terminal,USCPIE13664401*1
ChargePoint Network,,,15836871,15836871,TOMBIGBEE / TEPA CHARGER 1,25462501,247,3228158091,2024-07-13T00:49:12Z,2024-07-13T01:25:43Z,,36.462601,70.755,membership,Payment by membership account and/or membership card,USCPIE15836871*1
ChargePoint Network,,,12460751,12460751,PES / LEFT STATION,22360171,215,3233397711,2024-07-15T20:36:39Z,2024-07-15T20:42:54Z,,0.683100,7.5333,membership,Payment by membership account and/or membership card,USCPIE12460751*1
ChargePoint Network,,,15742641,15742641,GEA-1 / STATION 2 (R),25349301,247,3250863241,2024-07-23T13:19:05Z,2024-07-23T14:22:01Z,,56.612999,56.849,membership,Payment by membership account and/or membership card,USCPIE15742641*1
ChargePoint Network,,,8851921,8851921,7SPC / SEVIERVILLE DC1,15571271,207,3217733501,2024-07-08T20:30:42Z,2024-07-08T21:02:16Z,,31.581900,61.77,membership,Payment by membership account and/or membership card,USCPIE8851921*1
ChargePoint Network,,,5466441,5466441,7SPC / NASA USSRC R,9079371,3,3261278801,2024-07-27T18:39:02Z,2024-07-27T20:24:45Z,,10.857501,6.2873,membership,Payment by membership account and/or membership card,USCPIE5466441*2
ChargePoint Network,,,1964521,1964521,EBOFG / GUNTERSVILLE PD,8374211,3,3213759901,2024-07-06T18:32:16Z,2024-07-06T20:37:22Z,,7.927654,3.8628,membership,Payment by membership account and/or membership card,USCPIE1964521*2
ChargePoint Network,,,13606121,13606121,I24 EXIT11 / STATION 2 (LM),22992591,247,3250671991,2024-07-23T11:31:13Z,2024-07-23T11:32:02Z,,0.000000,0.0,credit_card_terminal,Payment via credit card or debit card terminal,USCPIE13606121*1
ChargePoint Network,,,13606091,13606091,I24 EXIT11 / STATION 3 (RM),22992551,247,3242860151,2024-07-19T15:49:24Z,2024-07-19T16:35:21Z,,43.085098,76.625,membership,Payment by membership account and/or membership card,USCPIE13606091*1
ChargePoint Network,,,13861891,13861891,BRMEMC / STATION 2,23296321,247,3223953551,2024-07-11T11:35:46Z,2024-07-11T12:15:59Z,,46.862301,74.087,credit_card_terminal,Payment via credit card or debit card terminal,USCPIE13861891*1
ChargePoint Network,,,15623231,15623231,CLW / 5TH ST 1 (L),25208301,247,3263247601,2024-07-28T21:32:22Z,2024-07-28T21:59:49Z,,23.298800,53.504,membership,Payment by membership account and/or membership card,USCPIE15623231*1
ChargePoint Network,,,8851921,8851921,7SPC / SEVIERVILLE DC1,15571271,207,3208142641,2024-07-03T16:39:05Z,2024-07-03T17:48:03Z,,32.019798,59.751,membership,Payment by membership account and/or membership card,USCPIE8851921*1
ChargePoint Network,,,13861891,13861891,BRMEMC / STATION 2,23296321,247,3245922151,2024-07-21T00:51:09Z,2024-07-21T00:51:21Z,,0.000000,0.0,membership,Payment by membership account and/or membership card,USCPIE13861891*1
ChargePoint Network,,,14047321,14047321,JEFFERSON AVE. / OXFORD STA2(R),23514081,247,3235421921,2024-07-16T17:01:17Z,2024-07-16T17:11:52Z,,0.000000,0.0,membership,Payment by membership account and/or membership card,USCPIE14047321*1
ChargePoint Network,,,1932851,1932851,BRIGHTRIDGE EV / BR-JC LIBRARY,23319821,3,3219202041,2024-07-09T13:59:15Z,2024-07-09T14:45:56Z,,5.603852,7.4308,membership,Payment by membership account and/or membership card,USCPIE1932851*2
ChargePoint Network,,,13966811,13966811,BEA / STATION 2 (LM),23420881,247,3214039081,2024-07-06T21:24:36Z,2024-07-06T21:44:18Z,,35.083801,112.176,credit_card_terminal,Payment via credit card or debit card terminal,USCPIE13966811*1
ChargePoint Network,,,13861861,13861861,BRMEMC / STATION 1,23296281,247,3267893591,2024-07-30T20:50:45Z,2024-07-30T21:52:21Z,,58.027100,71.708,membership,Payment by membership account and/or membership card,USCPIE13861861*1
ChargePoint Network,,,5122191,5122191,CULLMANELECTRIC / STATION1-L,,,3241312461,2024-07-18T22:26:39Z,2024-07-18T22:28:40Z,,0.000000,,roaming,Payment via roaming partners,USCPIE5122191*0
ChargePoint Network,,,14083151,14083151,STEMC / STATION 2 (R) H,23554701,247,3214350551,2024-07-07T00:39:29Z,2024-07-07T00:54:00Z,,15.212200,68.4,credit_card_terminal,Payment via credit card or debit card terminal,USCPIE14083151*1
ChargePoint Network,,,15694081,15694081,BRIGHTRIDGE EV / STATION 2 (R),25291921,247,3203402961,2024-07-01T17:23:06Z,2024-07-01T17:52:16Z,,27.670601,62.4,other,Any other payment method not specified above. Additional description should be provided in Payment Method Description.,USCPIE15694081*1
ChargePoint Network,,,12406491,12406491,FPIA / LEFT STATION,21527781,247,3232980651,2024-07-15T17:25:08Z,2024-07-15T17:41:27Z,,12.118000,46.624,membership,Payment by membership account and/or membership card,USCPIE12406491*1
ChargePoint Network,,,15332351,15332351,TUA NW ATLANTIC / STATION 2 (R),24867891,247,3242552951,2024-07-19T13:33:32Z,2024-07-19T14:14:20Z,,51.595100,121.941,membership,Payment by membership account and/or membership card,USCPIE15332351*1
ChargePoint Network,,,12406401,12406401,FPIA / RIGHT STATION,21527671,247,3224439501,2024-07-11T15:22:37Z,2024-07-11T15:36:27Z,,12.738300,63.36,membership,Payment by membership account and/or membership card,USCPIE12406401*1
ChargePoint Network,,,1844191,1844191,CLW / MAIN ST,23050431,3,3235404161,2024-07-16T16:54:08Z,2024-07-16T17:32:14Z,,4.283432,6.9669,membership,Payment by membership account and/or membership card,USCPIE1844191*1
ChargePoint Network,,,15694171,15694171,BRIGHTRIDGE EV / STATION 1 (L),,,3265547981,2024-07-29T21:51:47Z,2024-07-29T21:53:48Z,,0.000000,,membership,Payment by membership account and/or membership card,USCPIE15694171*0
ChargePoint Network,,,13861891,13861891,BRMEMC / STATION 2,23296321,247,3213489361,2024-07-06T15:36:34Z,2024-07-06T16:06:25Z,,33.783401,122.094,membership,Payment by membership account and/or membership card,USCPIE13861891*1
ChargePoint Network,,,15280471,15280471,SPRFLD ELECTRIC / STATION 1 (L),24807681,247,3268098801,2024-07-30T22:16:45Z,2024-07-31T00:31:00Z,,63.935501,62.166,membership,Payment by membership account and/or membership card,USCPIE15280471*1
ChargePoint Network,,,13606061,13606061,I24 EXIT11 / STATION 4 (RR),22992511,247,3232605621,2024-07-15T15:02:57Z,2024-07-15T15:24:18Z,,24.520000,71.279,credit_card_terminal,Payment via credit card or debit card terminal,USCPIE13606061*1
ChargePoint Network,,,15623211,15623211,CLW / 5TH ST 2 (R),25208281,247,3214291721,2024-07-07T00:01:51Z,2024-07-07T00:08:39Z,,7.337700,0.0,membership,Payment by membership account and/or membership card,USCPIE15623211*1
ChargePoint Network,,,15548151,15548151,DECATURDOWNTWN / STATION 1 (R),25119511,247,3257219571,2024-07-25T21:37:29Z,2024-07-25T22:00:49Z,,25.903999,70.247,membership,Payment by membership account and/or membership card,USCPIE15548151*1
ChargePoint Network,,,1988141,1988141,7SPC / SCES DREAM MORE,2355561,3,3252051321,2024-07-23T21:25:41Z,2024-07-23T21:33:04Z,,0.000000,0.0,membership,Payment by membership account and/or membership card,USCPIE1988141*1
ChargePoint Network,,,12720861,12720861,WRECC / STATION 2,21977121,247,3261205381,2024-07-27T17:55:42Z,2024-07-27T18:57:14Z,,81.741501,83.724,membership,Payment by membership account and/or membership card,USCPIE12720861*1
ChargePoint Network,,,13664501,13664501,BTES / STATION 4 (RR),23060561,100011,3263023581,2024-07-28T19:20:21Z,2024-07-28T20:05:09Z,,24.026600,40.47,membership,Payment by membership account and/or membership card,USCPIE13664501*1
ChargePoint Network,,,15885251,15885251,TWICKENHAM SQ / HU - STATION 1,25520941,247,3228254101,2024-07-13T01:35:35Z,2024-07-13T03:47:40Z,,60.806499,73.254,membership,Payment by membership account and/or membership card,USCPIE15885251*1
ChargePoint Network,,,13861891,13861891,BRMEMC / STATION 2,23296321,247,3233245211,2024-07-15T19:30:33Z,2024-07-15T19:55:07Z,,25.728901,77.615,membership,Payment by membership account and/or membership card,USCPIE13861891*1
ChargePoint Network,,,5122191,5122191,CULLMANELECTRIC / STATION1-L,8482151,247,3245676641,2024-07-20T22:29:51Z,2024-07-20T22:37:46Z,,0.000000,0.0,membership,Payment by membership account and/or membership card,USCPIE5122191*1
ChargePoint Network,,,1988061,1988061,7SPC / SCES DOLLYWOOD,25499841,3,3205075081,2024-07-02T12:35:02Z,2024-07-02T17:08:16Z,,31.865200,7.0917,membership,Payment by membership account and/or membership card,USCPIE1988061*2
ChargePoint Network,,,5414151,5414151,7SPC / UC - CARTHAGE,9014641,3,3230119261,2024-07-14T02:25:22Z,2024-07-14T12:31:00Z,,39.131256,7.445,membership,Payment by membership account and/or membership card,USCPIE5414151*1
ChargePoint Network,,,13664471,13664471,BTES / STATION 3 (RM),23060511,247,3229841401,2024-07-13T23:37:10Z,2024-07-14T00:32:18Z,,17.207701,59.599,credit_card_terminal,Payment via credit card or debit card terminal,USCPIE13664471*1
ChargePoint Network,,,15684341,15684341,MLEC / STATION 2 (R) W,25280201,247,3210760581,2024-07-04T23:33:00Z,2024-07-04T23:34:15Z,,0.000000,0.0,membership,Payment by membership account and/or membership card,USCPIE15684341*1
ChargePoint Network,,,15332321,15332321,TUA NW ATLANTIC / STATION 1 (L),24867861,247,3220273471,2024-07-09T21:18:52Z,2024-07-09T22:41:10Z,,52.614399,52.479,membership,Payment by membership account and/or membership card,USCPIE15332321*1
ChargePoint Network,,,14047321,14047321,JEFFERSON AVE. / OXFORD STA2(R),23514081,247,3233435171,2024-07-15T20:52:08Z,2024-07-15T21:36:45Z,,33.062099,53.801,credit_card_terminal,Payment via credit card or debit card terminal,USCPIE14047321*1
ChargePoint Network,,,13606091,13606091,I24 EXIT11 / STATION 3 (RM),22992551,247,3227213801,2024-07-12T17:18:25Z,2024-07-12T18:00:34Z,,24.744400,54.9,membership,Payment by membership account and/or membership card,USCPIE13606091*1
ChargePoint Network,,,1933211,1933211,BRIGHTRIDGE EV / BR-JONESBOROUGH,2283631,3,3229606641,2024-07-13T21:18:59Z,2024-07-13T21:20:08Z,,0.000000,0.0,membership,Payment by membership account and/or membership card,USCPIE1933211*1
ChargePoint Network,,,9677521,9677521,UT PARKING / S7 STATION 1,17169331,3,3205857811,2024-07-02T18:11:26Z,2024-07-02T22:49:21Z,,25.371355,7.1634,membership,Payment by membership account and/or membership card,USCPIE9677521*1
ChargePoint Network,,,15332321,15332321,TUA NW ATLANTIC / STATION 1 (L),24867861,247,3231172311,2024-07-14T20:37:12Z,2024-07-14T21:27:29Z,,34.416302,46.097,membership,Payment by membership account and/or membership card,USCPIE15332321*1
ChargePoint Network,,,9677521,9677521,UT PARKING / S7 STATION 1,17169331,3,3210658081,2024-07-04T22:07:21Z,2024-07-05T02:01:11Z,,28.336777,7.343,membership,Payment by membership account and/or membership card,USCPIE9677521*1
ChargePoint Network,,,13606061,13606061,I24 EXIT11 / STATION 4 (RR),22992511,247,3205410171,2024-07-02T15:09:18Z,2024-07-02T15:38:41Z,,52.181000,117.809,credit_card_terminal,Payment via credit card or debit card terminal,USCPIE13606061*1
ChargePoint Network,,,15728901,15728901,AEC / AEC04,25332891,3,3244447781,2024-07-20T04:11:00Z,2024-07-20T05:34:49Z,,9.864108,7.1336,credit_card_terminal,Payment via credit card or debit card terminal,USCPIE15728901*2
ChargePoint Network,,,15885151,15885151,TWICKENHAM SQ / HU - STATION 2,25520801,100011,3214158221,2024-07-06T22:39:11Z,2024-07-06T23:24:21Z,,31.806499,52.196,membership,Payment by membership account and/or membership card,USCPIE15885151*1
ChargePoint Network,,,15885771,15885771,TWICKENHAM SQ / HU - STATION 4,25521581,247,3243150081,2024-07-19T17:47:46Z,2024-07-19T17:48:39Z,,0.000000,0.0,membership,Payment by membership account and/or membership card,USCPIE15885771*1
ChargePoint Network,,,15332351,15332351,TUA NW ATLANTIC / STATION 2 (R),24867891,247,3228437061,2024-07-13T03:06:52Z,2024-07-13T04:20:17Z,,65.098099,64.795,membership,Payment by membership account and/or membership card,USCPIE15332351*1
ChargePoint Network,,,8851921,8851921,7SPC / SEVIERVILLE DC1,15571271,207,3246963051,2024-07-21T18:26:04Z,2024-07-21T20:12:19Z,,81.626099,48.45,membership,Payment by membership account and/or membership card,USCPIE8851921*1
ChargePoint Network,,,13861891,13861891,BRMEMC / STATION 2,23296321,247,3218833771,2024-07-09T09:27:33Z,2024-07-09T10:06:51Z,,35.258202,73.108,membership,Payment by membership account and/or membership card,USCPIE13861891*1
ChargePoint Network,,,13659831,13659831,LAWRENCEBURG / STATION 1 (L),23054881,247,3213717321,2024-07-06T18:05:00Z,2024-07-06T18:28:34Z,,22.087200,58.976,membership,Payment by membership account and/or membership card,USCPIE13659831*1
ChargePoint Network,,,13861891,13861891,BRMEMC / STATION 2,23296321,247,3244872011,2024-07-20T14:15:00Z,2024-07-20T14:51:27Z,,28.176701,73.304,membership,Payment by membership account and/or membership card,USCPIE13861891*1
ChargePoint Network,,,12406491,12406491,FPIA / LEFT STATION,21527781,247,3245443431,2024-07-20T20:15:47Z,2024-07-20T20:33:40Z,,18.542900,69.101,membership,Payment by membership account and/or membership card,USCPIE12406491*1
ChargePoint Network,,,9677521,9677521,UT PARKING / S7 STATION 1,17169331,3,3253239191,2024-07-24T11:42:32Z,2024-07-24T15:09:50Z,,12.538182,3.6454,membership,Payment by membership account and/or membership card,USCPIE9677521*1
ChargePoint Network,,,13664471,13664471,BTES / STATION 3 (RM),23060511,247,3241163651,2024-07-18T21:23:55Z,2024-07-18T21:37:10Z,,22.595400,111.804,membership,Payment by membership account and/or membership card,USCPIE13664471*1
ChargePoint Network,,,1933211,1933211,BRIGHTRIDGE EV / BR-JONESBOROUGH,2283641,3,3211579781,2024-07-05T14:28:42Z,2024-07-05T16:12:03Z,,9.903719,6.0268,membership,Payment by membership account and/or membership card,USCPIE1933211*2
ChargePoint Network,,,7505851,7505851,JEFFERSON AVE. / OXFORD STA1(L),12955471,247,3254130961,2024-07-24T18:01:42Z,2024-07-24T18:14:13Z,,13.716300,0.0,credit_card_terminal,Payment via credit card or debit card terminal,USCPIE7505851*1
ChargePoint Network,,,1964521,1964521,EBOFG / GUNTERSVILLE PD,8374211,3,3239316261,2024-07-18T02:46:05Z,2024-07-18T04:39:11Z,,5.867685,3.7204,credit_card_terminal,Payment via credit card or debit card terminal,USCPIE1964521*2
ChargePoint Network,,,15332321,15332321,TUA NW ATLANTIC / STATION 1 (L),24867861,247,3241370441,2024-07-18T22:52:14Z,2024-07-18T23:48:42Z,,57.344398,84.629,membership,Payment by membership account and/or membership card,USCPIE15332321*1
ChargePoint Network,,,13664401,13664401,BTES / STATION 1 (LL),23060421,247,3222586251,2024-07-10T20:01:17Z,2024-07-10T20:20:30Z,,16.622499,55.439,membership,Payment by membership account and/or membership card,USCPIE13664401*1
ChargePoint Network,,,15885791,15885791,TWICKENHAM SQ / HU - STATION 3,25521611,247,3258769381,2024-07-26T15:03:22Z,2024-07-26T15:28:02Z,,34.901501,120.736,membership,Payment by membership account and/or membership card,USCPIE15885791*1
ChargePoint Network,,,12720861,12720861,WRECC / STATION 2,21977121,247,3237793581,2024-07-17T15:38:28Z,2024-07-17T16:04:06Z,,23.316401,74.8,membership,Payment by membership account and/or membership card,USCPIE12720861*1
ChargePoint Network,,,13606061,13606061,I24 EXIT11 / STATION 4 (RR),22992511,247,3251610931,2024-07-23T18:17:12Z,2024-07-23T18:50:21Z,,33.490200,74.447,membership,Payment by membership account and/or membership card,USCPIE13606061*1
ChargePoint Network,,,1921351,1921351,STARKVILLE UTIL / STARKVILLE DWTN,23682571,3,3246076751,2024-07-21T02:23:58Z,2024-07-21T03:22:06Z,,7.138954,7.4747,credit_card_terminal,Payment via credit card or debit card terminal,USCPIE1921351*1
ChargePoint Network,,,9677521,9677521,UT PARKING / S7 STATION 1,17169331,3,3224274781,2024-07-11T14:23:02Z,2024-07-11T17:58:13Z,,25.369438,7.1878,membership,Payment by membership account and/or membership card,USCPIE9677521*1
ChargePoint Network,,,15694081,15694081,BRIGHTRIDGE EV / STATION 2 (R),25291921,247,3245883641,2024-07-21T00:27:42Z,2024-07-21T01:33:22Z,,30.750799,59.748,credit_card_terminal,Payment via credit card or debit card terminal,USCPIE15694081*1
ChargePoint Network,,,15885791,15885791,TWICKENHAM SQ / HU - STATION 3,25521611,100011,3237889141,2024-07-17T16:10:25Z,2024-07-17T16:41:28Z,,8.694200,31.488,membership,Payment by membership account and/or membership card,USCPIE15885791*1
ChargePoint Network,,,15885151,15885151,TWICKENHAM SQ / HU - STATION 2,25520801,247,3215083701,2024-07-07T15:26:22Z,2024-07-07T15:28:26Z,,0.000000,0.0,membership,Payment by membership account and/or membership card,USCPIE15885151*1
ChargePoint Network,,,15623211,15623211,CLW / 5TH ST 2 (R),25208281,247,3212214041,2024-07-05T20:15:36Z,2024-07-05T20:55:18Z,,44.675201,76.245,credit_card_terminal,Payment via credit card or debit card terminal,USCPIE15623211*1
ChargePoint Network,,,5380331,5380331,CULLMAN PB / STATION 1,8970951,3,3246776221,2024-07-21T16:26:52Z,2024-07-21T16:28:08Z,,0.000000,0.0,credit_card_terminal,Payment via credit card or debit card terminal,USCPIE5380331*1
ChargePoint Network,,,1988141,1988141,7SPC / SCES DREAM MORE,2355561,3,3216072841,2024-07-08T01:33:14Z,2024-07-08T11:00:04Z,,52.152100,7.1989,membership,Payment by membership account and/or membership card,USCPIE1988141*1
ChargePoint Network,,,5346231,5346231,CULLMANELECTRIC / STATION2-R,8926271,247,3212215751,2024-07-05T20:16:25Z,2024-07-05T20:22:29Z,,0.000000,0.0,credit_card_terminal,Payment via credit card or debit card terminal,USCPIE5346231*1
ChargePoint Network,,,5525971,5525971,7SPC / SPARTA TN,9154691,3,3227374381,2024-07-12T18:37:48Z,2024-07-12T23:56:26Z,,18.905703,3.5972,credit_card_terminal,Payment via credit card or debit card terminal,USCPIE5525971*2
ChargePoint Network,,,13606091,13606091,I24 EXIT11 / STATION 3 (RM),22992551,247,3234579811,2024-07-16T10:45:34Z,2024-07-16T10:46:05Z,,0.000000,0.0,credit_card_terminal,Payment via credit card or debit card terminal,USCPIE13606091*1
ChargePoint Network,,,5346231,5346231,CULLMANELECTRIC / STATION2-R,8926271,247,3212212821,2024-07-05T20:13:56Z,2024-07-05T20:15:20Z,,0.000000,0.0,credit_card_terminal,Payment via credit card or debit card terminal,USCPIE5346231*1
ChargePoint Network,,,15332321,15332321,TUA NW ATLANTIC / STATION 1 (L),24867861,247,3204205071,2024-07-01T23:47:11Z,2024-07-02T00:37:26Z,,38.609901,75.295,membership,Payment by membership account and/or membership card,USCPIE15332321*1
ChargePoint Network,,,5565241,5565241,7SPC / SCES LECONTE 4,9205111,3,3227668381,2024-07-12T20:49:05Z,2024-07-12T22:05:43Z,,4.786345,3.779,credit_card_terminal,Payment via credit card or debit card terminal,USCPIE5565241*2
ChargePoint Network,,,1844191,1844191,CLW / MAIN ST,23050431,3,3256348381,2024-07-25T15:39:59Z,2024-07-25T20:11:24Z,,31.383444,7.0112,membership,Payment by membership account and/or membership card,USCPIE1844191*1
ChargePoint Network,,,9677521,9677521,UT PARKING / S7 STATION 1,17169331,3,3254209971,2024-07-24T18:38:20Z,2024-07-24T22:40:36Z,,25.776718,6.6533,membership,Payment by membership account and/or membership card,USCPIE9677521*1
ChargePoint Network,,,15885771,15885771,TWICKENHAM SQ / HU - STATION 4,25521581,247,3205995331,2024-07-02T19:14:58Z,2024-07-02T19:59:46Z,,30.803400,49.723,membership,Payment by membership account and/or membership card,USCPIE15885771*1
ChargePoint Network,,,14337501,14337501,HOLSTONELECTRIC / CHURCH HILL-2,23845091,247,3238194631,2024-07-17T18:20:48Z,2024-07-17T18:36:14Z,,15.749600,76.581,membership,Payment by membership account and/or membership card,USCPIE14337501*1
ChargePoint Network,,,15640171,15640171,NECDC / STATION 2 (R),25228711,247,3243232271,2024-07-19T18:26:35Z,2024-07-19T19:15:21Z,,75.509903,98.225,membership,Payment by membership account and/or membership card,USCPIE15640171*1
ChargePoint Network,,,13651631,13651631,MLEC / STATION 2 (R) H,23045821,247,3234104291,2024-07-16T01:59:54Z,2024-07-16T02:23:30Z,,19.634701,53.428,membership,Payment by membership account and/or membership card,USCPIE13651631*1
ChargePoint Network,,,5466441,5466441,7SPC / NASA USSRC R,9079371,3,3264848901,2024-07-29T16:36:02Z,2024-07-29T18:27:50Z,,11.280918,6.1214,membership,Payment by membership account and/or membership card,USCPIE5466441*2
ChargePoint Network,,,13659831,13659831,LAWRENCEBURG / STATION 1 (L),23054881,247,3246149481,2024-07-21T03:09:14Z,2024-07-21T03:21:22Z,,12.966200,68.508,membership,Payment by membership account and/or membership card,USCPIE13659831*1
ChargePoint Network,,,14047321,14047321,JEFFERSON AVE. / OXFORD STA2(R),23514081,247,3213104801,2024-07-06T05:13:56Z,2024-07-06T06:00:58Z,,47.545399,64.68,membership,Payment by membership account and/or membership card,USCPIE14047321*1
ChargePoint Network,,,15640171,15640171,NECDC / STATION 2 (R),25228711,247,3222775421,2024-07-10T21:23:10Z,2024-07-10T22:21:10Z,,49.750900,74.071,membership,Payment by membership account and/or membership card,USCPIE15640171*1
ChargePoint Network,,,1932851,1932851,BRIGHTRIDGE EV / BR-JC LIBRARY,23319821,3,3248824901,2024-07-22T16:02:02Z,2024-07-22T20:05:31Z,,29.656769,7.3808,membership,Payment by membership account and/or membership card,USCPIE1932851*2
ChargePoint Network,,,5346231,5346231,CULLMANELECTRIC / STATION2-R,8926271,247,3202058771,2024-07-01T00:26:44Z,2024-07-01T00:28:20Z,,0.000000,0.0,membership,Payment by membership account and/or membership card,USCPIE5346231*1
ChargePoint Network,,,15836871,15836871,TOMBIGBEE / TEPA CHARGER 1,25462501,247,3215050731,2024-07-07T14:57:31Z,2024-07-07T15:33:38Z,,33.696201,119.503,membership,Payment by membership account and/or membership card,USCPIE15836871*1
ChargePoint Network,,,15885771,15885771,TWICKENHAM SQ / HU - STATION 4,25521581,247,3242790281,2024-07-19T15:22:44Z,2024-07-19T15:23:19Z,,0.000000,0.0,membership,Payment by membership account and/or membership card,USCPIE15885771*1
ChargePoint Network,,,12406491,12406491,FPIA / LEFT STATION,21527781,247,3230674281,2024-07-14T15:01:23Z,2024-07-14T15:24:18Z,,24.913700,82.739,membership,Payment by membership account and/or membership card,USCPIE12406491*1
ChargePoint Network,,,13664501,13664501,BTES / STATION 4 (RR),23060561,247,3241454771,2024-07-18T23:29:34Z,2024-07-19T00:24:07Z,,31.945499,76.047,membership,Payment by membership account and/or membership card,USCPIE13664501*1
ChargePoint Network,,,1988061,1988061,7SPC / SCES DOLLYWOOD,25499841,3,3263024401,2024-07-28T19:20:59Z,2024-07-28T20:44:22Z,,9.582974,7.0098,credit_card_terminal,Payment via credit card or debit card terminal,USCPIE1988061*2
ChargePoint Network,,,5565241,5565241,7SPC / SCES LECONTE 4,9205111,3,3247011391,2024-07-21T18:55:28Z,2024-07-21T20:26:25Z,,10.753391,7.1602,membership,Payment by membership account and/or membership card,USCPIE5565241*2
ChargePoint Network,,,1988141,1988141,7SPC / SCES DREAM MORE,2355561,3,3252015681,2024-07-23T21:09:01Z,2024-07-23T21:11:00Z,,0.000000,0.0,membership,Payment by membership account and/or membership card,USCPIE1988141*1
ChargePoint Network,,,13423581,13423581,AEC / STATION #2 (R),22787011,247,3247102551,2024-07-21T19:50:41Z,2024-07-21T20:11:12Z,,26.900400,81.972,membership,Payment by membership account and/or membership card,USCPIE13423581*1
ChargePoint Network,,,13861891,13861891,BRMEMC / STATION 2,23296321,247,3262925151,2024-07-28T18:20:12Z,2024-07-28T18:52:34Z,,37.462200,74.663,membership,Payment by membership account and/or membership card,USCPIE13861891*1
ChargePoint Network,,,12406491,12406491,FPIA / LEFT STATION,21527781,247,3225021121,2024-07-11T19:20:39Z,2024-07-11T19:44:49Z,,28.203199,75.459,membership,Payment by membership account and/or membership card,USCPIE12406491*1
ChargePoint Network,,,15640171,15640171,NECDC / STATION 2 (R),25228711,247,3245355331,2024-07-20T19:26:10Z,2024-07-20T19:58:06Z,,35.325901,83.555,credit_card_terminal,Payment via credit card or debit card terminal,USCPIE15640171*1
ChargePoint Network,,,1988141,1988141,7SPC / SCES DREAM MORE,2355561,3,3229702111,2024-07-13T22:14:23Z,2024-07-14T00:04:22Z,,6.048488,3.3634,membership,Payment by membership account and/or membership card,USCPIE1988141*1
ChargePoint Network,,,1921351,1921351,STARKVILLE UTIL / STARKVILLE DWTN,23682571,3,3261183631,2024-07-27T17:42:01Z,2024-07-27T21:34:08Z,,23.770567,7.4103,membership,Payment by membership account and/or membership card,USCPIE1921351*1
ChargePoint Network,,,13606061,13606061,I24 EXIT11 / STATION 4 (RR),22992511,247,3209566521,2024-07-04T03:23:37Z,2024-07-04T03:53:03Z,,35.017601,74.663,credit_card_terminal,Payment via credit card or debit card terminal,USCPIE13606061*1
ChargePoint Network,,,12406491,12406491,FPIA / LEFT STATION,21527781,247,3210815631,2024-07-05T00:20:25Z,2024-07-05T00:52:44Z,,31.224701,72.912,membership,Payment by membership account and/or membership card,USCPIE12406491*1
ChargePoint Network,,,15260251,15260251,STEMC / STATION 2 (R) A,24784081,247,3249072271,2024-07-22T17:44:45Z,2024-07-22T18:26:57Z,,62.496700,123.535,membership,Payment by membership account and/or membership card,USCPIE15260251*1
ChargePoint Network,,,5397731,5397731,EEDEV / MILLIGAN UNIV,9010251,3,3213600781,2024-07-06T16:50:53Z,2024-07-06T16:51:30Z,,0.000000,0.0,membership,Payment by membership account and/or membership card,USCPIE5397731*1
ChargePoint Network,,,15885771,15885771,TWICKENHAM SQ / HU - STATION 4,25521581,247,3245141401,2024-07-20T17:20:09Z,2024-07-20T17:54:25Z,,29.841000,88.255,membership,Payment by membership account and/or membership card,USCPIE15885771*1
ChargePoint Network,,,5122191,5122191,CULLMANELECTRIC / STATION1-L,8482151,247,3261945941,2024-07-28T01:07:58Z,2024-07-28T01:10:13Z,,0.000000,0.0,membership,Payment by membership account and/or membership card,USCPIE5122191*1
ChargePoint Network,,,5122191,5122191,CULLMANELECTRIC / STATION1-L,8482151,247,3259391361,2024-07-26T19:26:18Z,2024-07-26T19:45:49Z,,18.974600,75.45,membership,Payment by membership account and/or membership card,USCPIE5122191*1
ChargePoint Network,,,14355251,14355251,HARTSELLE 1 / STATION 2 (R),23865691,247,3219903711,2024-07-09T18:40:02Z,2024-07-09T19:01:02Z,,23.280100,71.602,membership,Payment by membership account and/or membership card,USCPIE14355251*1
ChargePoint Network,,,1988141,1988141,7SPC / SCES DREAM MORE,2355561,3,3252540981,2024-07-24T00:59:12Z,2024-07-24T01:02:26Z,,0.000000,0.0,membership,Payment by membership account and/or membership card,USCPIE1988141*1
ChargePoint Network,,,8851921,8851921,7SPC / SEVIERVILLE DC1,15571271,207,3240264131,2024-07-18T15:15:49Z,2024-07-18T15:50:00Z,,34.170898,61.631,membership,Payment by membership account and/or membership card,USCPIE8851921*1
ChargePoint Network,,,13664501,13664501,BTES / STATION 4 (RR),23060561,100011,3216652241,2024-07-08T12:26:19Z,2024-07-08T12:49:30Z,,8.503400,49.352,membership,Payment by membership account and/or membership card,USCPIE13664501*1
ChargePoint Network,,,9677521,9677521,UT PARKING / S7 STATION 1,17169331,3,3251316221,2024-07-23T16:10:00Z,2024-07-23T18:20:10Z,,14.745723,6.902,membership,Payment by membership account and/or membership card,USCPIE9677521*1
ChargePoint Network,,,15280471,15280471,SPRFLD ELECTRIC / STATION 1 (L),24807681,247,3220549921,2024-07-09T23:18:27Z,2024-07-10T00:59:38Z,,52.062302,62.726,membership,Payment by membership account and/or membership card,USCPIE15280471*1
ChargePoint Network,,,13606091,13606091,I24 EXIT11 / STATION 3 (RM),22992551,247,3207003291,2024-07-03T02:57:43Z,2024-07-03T03:34:06Z,,42.215199,77.027,credit_card_terminal,Payment via credit card or debit card terminal,USCPIE13606091*1
ChargePoint Network,,,8851921,8851921,7SPC / SEVIERVILLE DC1,15571271,207,3222825091,2024-07-10T21:45:18Z,2024-07-10T22:09:48Z,,20.730499,55.594,membership,Payment by membership account and/or membership card,USCPIE8851921*1
ChargePoint Network,,,5565241,5565241,7SPC / SCES LECONTE 4,9205101,3,3245749651,2024-07-20T23:09:33Z,2024-07-21T12:31:34Z,,47.707233,7.2901,membership,Payment by membership account and/or membership card,USCPIE5565241*1
ChargePoint Network,,,8851921,8851921,7SPC / SEVIERVILLE DC1,15571271,207,3238507311,2024-07-17T20:36:36Z,2024-07-17T23:07:24Z,,64.488998,47.264,membership,Payment by membership account and/or membership card,USCPIE8851921*1
ChargePoint Network,,,13664471,13664471,BTES / STATION 3 (RM),23060511,100011,3255500431,2024-07-25T04:32:35Z,2024-07-25T06:12:23Z,,25.671801,20.236,membership,Payment by membership account and/or membership card,USCPIE13664471*1
ChargePoint Network,,,12406491,12406491,FPIA / LEFT STATION,21527781,247,3211728001,2024-07-05T15:54:00Z,2024-07-05T15:54:49Z,,0.000000,0.0,membership,Payment by membership account and/or membership card,USCPIE12406491*1
ChargePoint Network,,,15623211,15623211,CLW / 5TH ST 2 (R),25208281,247,3253254571,2024-07-24T11:53:15Z,2024-07-24T13:00:03Z,,63.081699,74.48,membership,Payment by membership account and/or membership card,USCPIE15623211*1
ChargePoint Network,,,12720861,12720861,WRECC / STATION 2,21977121,247,3265648821,2024-07-29T22:38:53Z,2024-07-29T22:39:24Z,,0.000000,0.0,membership,Payment by membership account and/or membership card,USCPIE12720861*1
ChargePoint Network,,,5466441,5466441,7SPC / NASA USSRC R,9079361,3,3254582231,2024-07-24T21:15:50Z,2024-07-24T22:10:21Z,,5.558693,6.2341,membership,Payment by membership account and/or membership card,USCPIE5466441*1
ChargePoint Network,,,1988141,1988141,7SPC / SCES DREAM MORE,2355571,3,3220469471,2024-07-09T22:43:51Z,2024-07-10T11:31:31Z,,47.923973,7.1205,membership,Payment by membership account and/or membership card,USCPIE1988141*2
ChargePoint Network,,,15885251,15885251,TWICKENHAM SQ / HU - STATION 1,25520941,247,3205066461,2024-07-02T12:29:25Z,2024-07-02T14:18:06Z,,56.379601,123.535,membership,Payment by membership account and/or membership card,USCPIE15885251*1
ChargePoint Network,,,15640031,15640031,NECDC / STATION 1 (L),25228511,247,3260841841,2024-07-27T13:41:05Z,2024-07-27T13:53:57Z,,13.446500,71.477,membership,Payment by membership account and/or membership card,USCPIE15640031*1
ChargePoint Network,,,15885791,15885791,TWICKENHAM SQ / HU - STATION 3,25521611,247,3209294861,2024-07-04T01:02:31Z,2024-07-04T01:41:22Z,,28.269501,77.615,membership,Payment by membership account and/or membership card,USCPIE15885791*1
ChargePoint Network,,,5354011,5354011,7SPC / GREENEVILLE TA,8936791,207,3256852411,2024-07-25T19:05:04Z,2024-07-25T20:03:01Z,,52.369301,57.069,other,Any other payment method not specified above. Additional description should be provided in Payment Method Description.,USCPIE5354011*1
ChargePoint Network,,,13606061,13606061,I24 EXIT11 / STATION 4 (RR),22992511,247,3202597581,2024-07-01T10:21:54Z,2024-07-01T10:28:25Z,,6.990700,0.0,membership,Payment by membership account and/or membership card,USCPIE13606061*1
ChargePoint Network,,,13664471,13664471,BTES / STATION 3 (RM),23060511,247,3219515121,2024-07-09T15:52:55Z,2024-07-09T16:42:26Z,,51.243999,74.663,membership,Payment by membership account and/or membership card,USCPIE13664471*1
ChargePoint Network,,,5565241,5565241,7SPC / SCES LECONTE 4,9205111,3,3216025061,2024-07-08T01:02:46Z,2024-07-08T02:27:12Z,,4.644896,3.7489,membership,Payment by membership account and/or membership card,USCPIE5565241*2
ChargePoint Network,,,1988141,1988141,7SPC / SCES DREAM MORE,2355571,3,3261178171,2024-07-27T17:39:03Z,2024-07-27T19:21:31Z,,5.622626,3.3409,membership,Payment by membership account and/or membership card,USCPIE1988141*2
ChargePoint Network,,,1988061,1988061,7SPC / SCES DOLLYWOOD,25499841,3,3216845841,2024-07-08T14:09:37Z,2024-07-08T18:28:59Z,,21.650640,7.0012,membership,Payment by membership account and/or membership card,USCPIE1988061*2
ChargePoint Network,,,15885151,15885151,TWICKENHAM SQ / HU - STATION 2,25520801,247,3227514861,2024-07-12T19:40:55Z,2024-07-12T20:12:19Z,,26.378599,81.092,membership,Payment by membership account and/or membership card,USCPIE15885151*1
ChargePoint Network,,,15260251,15260251,STEMC / STATION 2 (R) A,24784081,247,3213313301,2024-07-06T12:47:51Z,2024-07-06T13:32:48Z,,32.915100,74.168,membership,Payment by membership account and/or membership card,USCPIE15260251*1
ChargePoint Network,,,15836981,15836981,TOMBIGBEE / TEPA CHARGER 2,25462651,247,3238591711,2024-07-17T21:12:30Z,2024-07-17T22:16:01Z,,56.882900,60.759,membership,Payment by membership account and/or membership card,USCPIE15836981*1
ChargePoint Network,,,5122191,5122191,CULLMANELECTRIC / STATION1-L,8482151,247,3231378111,2024-07-14T22:39:28Z,2024-07-14T22:41:21Z,,0.000000,0.0,membership,Payment by membership account and/or membership card,USCPIE5122191*1
ChargePoint Network,,,1932851,1932851,BRIGHTRIDGE EV / BR-JC LIBRARY,23319811,3,3213764031,2024-07-06T18:34:41Z,2024-07-06T19:15:45Z,,4.617118,6.8803,membership,Payment by membership account and/or membership card,USCPIE1932851*1
ChargePoint Network,,,15684341,15684341,MLEC / STATION 2 (R) W,25280201,247,3210784631,2024-07-04T23:54:43Z,2024-07-04T23:54:55Z,,0.000000,0.0,membership,Payment by membership account and/or membership card,USCPIE15684341*1
ChargePoint Network,,,15640171,15640171,NECDC / STATION 2 (R),25228711,247,3204218141,2024-07-01T23:53:32Z,2024-07-02T00:01:58Z,,9.983900,80.967,credit_card_terminal,Payment via credit card or debit card terminal,USCPIE15640171*1
ChargePoint Network,,,14355271,14355271,HARTSELLE 1 / STATION 1 (L),23865711,247,3243337921,2024-07-19T19:16:17Z,2024-07-19T19:45:01Z,,33.740799,74.498,other,Any other payment method not specified above. Additional description should be provided in Payment Method Description.,USCPIE14355271*1
ChargePoint Network,,,14337501,14337501,HOLSTONELECTRIC / CHURCH HILL-2,23845091,100011,3215880801,2024-07-07T23:39:32Z,2024-07-08T00:17:39Z,,27.473600,52.36,credit_card_terminal,Payment via credit card or debit card terminal,USCPIE14337501*1
ChargePoint Network,,,5354011,5354011,7SPC / GREENEVILLE TA,8936791,207,3213870521,2024-07-06T19:41:11Z,2024-07-06T20:21:04Z,,17.527800,26.714,membership,Payment by membership account and/or membership card,USCPIE5354011*1
ChargePoint Network,,,12720861,12720861,WRECC / STATION 2,21977121,247,3216034781,2024-07-08T01:08:41Z,2024-07-08T01:58:02Z,,47.346802,74.646,membership,Payment by membership account and/or membership card,USCPIE12720861*1
ChargePoint Network,,,12460751,12460751,PES / LEFT STATION,22360171,215,3217754861,2024-07-08T20:40:49Z,2024-07-09T12:20:06Z,,39.639198,7.7494,membership,Payment by membership account and/or membership card,USCPIE12460751*1
ChargePoint Network,,,5466441,5466441,7SPC / NASA USSRC R,9079371,3,3229166151,2024-07-13T13:36:31Z,2024-07-13T13:38:14Z,,0.010929,4.5864,membership,Payment by membership account and/or membership card,USCPIE5466441*2
ChargePoint Network,,,13664501,13664501,BTES / STATION 4 (RR),23060561,100011,3230995401,2024-07-14T18:46:30Z,2024-07-14T19:42:22Z,,25.801300,40.208,membership,Payment by membership account and/or membership card,USCPIE13664501*1
ChargePoint Network,,,12720881,12720881,WRECC / STATION 1,21977141,247,3219822441,2024-07-09T17:59:04Z,2024-07-09T18:33:31Z,,32.732101,59.83,membership,Payment by membership account and/or membership card,USCPIE12720881*1
ChargePoint Network,,,13606061,13606061,I24 EXIT11 / STATION 4 (RR),22992511,247,3234176311,2024-07-16T02:38:24Z,2024-07-16T02:39:01Z,,0.000000,0.0,credit_card_terminal,Payment via credit card or debit card terminal,USCPIE13606061*1
ChargePoint Network,,,7505851,7505851,JEFFERSON AVE. / OXFORD STA1(L),12955471,247,3238068961,2024-07-17T17:19:26Z,2024-07-17T18:08:35Z,,51.909698,71.964,membership,Payment by membership account and/or membership card,USCPIE7505851*1
ChargePoint Network,,,1964521,1964521,EBOFG / GUNTERSVILLE PD,8374211,3,3259067591,2024-07-26T16:56:32Z,2024-07-26T21:36:01Z,,7.769428,3.6847,membership,Payment by membership account and/or membership card,USCPIE1964521*2
ChargePoint Network,,,12406491,12406491,FPIA / LEFT STATION,21527781,247,3240055301,2024-07-18T13:53:59Z,2024-07-18T13:57:53Z,,0.000000,0.0,membership,Payment by membership account and/or membership card,USCPIE12406491*1
ChargePoint Network,,,13966051,13966051,BEA / STATION 3 (RM),23419981,247,3217420301,2024-07-08T18:05:21Z,2024-07-08T18:30:19Z,,27.615400,72.716,credit_card_terminal,Payment via credit card or debit card terminal,USCPIE13966051*1
ChargePoint Network,,,5346231,5346231,CULLMANELECTRIC / STATION2-R,8926271,247,3231449671,2024-07-14T23:17:51Z,2024-07-14T23:19:21Z,,0.000000,0.0,membership,Payment by membership account and/or membership card,USCPIE5346231*1
ChargePoint Network,,,8851921,8851921,7SPC / SEVIERVILLE DC1,15571271,207,3229384361,2024-07-13T19:06:38Z,2024-07-13T19:44:50Z,,23.157101,54.316,membership,Payment by membership account and/or membership card,USCPIE8851921*1
ChargePoint Network,,,14047321,14047321,JEFFERSON AVE. / OXFORD STA2(R),23514081,247,3215190601,2024-07-07T16:47:21Z,2024-07-07T17:04:34Z,,18.574800,75.222,credit_card_terminal,Payment via credit card or debit card terminal,USCPIE14047321*1
ChargePoint Network,,,14047321,14047321,JEFFERSON AVE. / OXFORD STA2(R),,,3231121081,2024-07-14T20:05:00Z,2024-07-14T20:05:03Z,,0.000000,,membership,Payment by membership account and/or membership card,USCPIE14047321*0
ChargePoint Network,,,13861861,13861861,BRMEMC / STATION 1,23296281,247,3238076801,2024-07-17T17:22:55Z,2024-07-17T18:00:33Z,,29.114100,68.075,membership,Payment by membership account and/or membership card,USCPIE13861861*1
ChargePoint Network,,,15623231,15623231,CLW / 5TH ST 1 (L),25208301,247,3238608971,2024-07-17T21:19:52Z,2024-07-17T21:41:48Z,,25.311600,75.269,membership,Payment by membership account and/or membership card,USCPIE15623231*1
ChargePoint Network,,,13664471,13664471,BTES / STATION 3 (RM),23060511,247,3240627721,2024-07-18T17:29:27Z,2024-07-18T18:58:43Z,,68.996300,87.912,membership,Payment by membership account and/or membership card,USCPIE13664471*1
ChargePoint Network,,,9677521,9677521,UT PARKING / S7 STATION 1,17169331,3,3256406901,2024-07-25T15:58:55Z,2024-07-25T17:08:17Z,,7.998588,7.0396,membership,Payment by membership account and/or membership card,USCPIE9677521*1
ChargePoint Network,,,12406491,12406491,FPIA / LEFT STATION,21527781,247,3227237081,2024-07-12T17:30:29Z,2024-07-12T18:07:57Z,,21.283400,54.534,membership,Payment by membership account and/or membership card,USCPIE12406491*1
ChargePoint Network,,,15885151,15885151,TWICKENHAM SQ / HU - STATION 2,25520801,247,3226818071,2024-07-12T14:37:47Z,2024-07-12T14:39:11Z,,0.002700,0.0,membership,Payment by membership account and/or membership card,USCPIE15885151*1
ChargePoint Network,,,1964521,1964521,EBOFG / GUNTERSVILLE PD,8374211,3,3206777081,2024-07-03T00:58:19Z,2024-07-03T02:22:13Z,,4.900507,3.7688,credit_card_terminal,Payment via credit card or debit card terminal,USCPIE1964521*2
ChargePoint Network,,,13606141,13606141,I24 EXIT11 / STATION 1 (LL),22992611,247,3231080331,2024-07-14T19:39:43Z,2024-07-14T19:57:32Z,,20.359600,72.038,membership,Payment by membership account and/or membership card,USCPIE13606141*1
ChargePoint Network,,,15332351,15332351,TUA NW ATLANTIC / STATION 2 (R),24867891,100011,3223465891,2024-07-11T02:44:18Z,2024-07-11T03:42:44Z,,17.376301,26.639,membership,Payment by membership account and/or membership card,USCPIE15332351*1
ChargePoint Network,,,15885151,15885151,TWICKENHAM SQ / HU - STATION 2,25520801,247,3235008111,2024-07-16T14:35:16Z,2024-07-16T15:09:33Z,,18.535700,61.344,membership,Payment by membership account and/or membership card,USCPIE15885151*1
ChargePoint Network,,,15885791,15885791,TWICKENHAM SQ / HU - STATION 3,25521611,247,3212349791,2024-07-05T21:29:48Z,2024-07-05T22:06:53Z,,16.275801,49.352,membership,Payment by membership account and/or membership card,USCPIE15885791*1
ChargePoint Network,,,14359531,14359531,EBOFG / STATION 2 (R),23870331,247,3225037721,2024-07-11T19:27:58Z,2024-07-11T20:05:57Z,,36.920101,63.953,membership,Payment by membership account and/or membership card,USCPIE14359531*1
ChargePoint Network,,,13651631,13651631,MLEC / STATION 2 (R) H,23045821,247,3245284111,2024-07-20T18:45:01Z,2024-07-20T19:53:17Z,,65.825600,83.134,membership,Payment by membership account and/or membership card,USCPIE13651631*1
ChargePoint Network,,,9677521,9677521,UT PARKING / S7 STATION 1,17169331,3,3203171501,2024-07-01T15:47:13Z,2024-07-01T18:48:15Z,,21.221579,7.1543,membership,Payment by membership account and/or membership card,USCPIE9677521*1
ChargePoint Network,,,13292801,13292801,LODGE CAST IRON / STORE & MUSEUM,22637561,3,3215323311,2024-07-07T18:10:36Z,2024-07-07T20:01:22Z,,6.122901,7.0668,membership,Payment by membership account and/or membership card,USCPIE13292801*2
ChargePoint Network,,,1988061,1988061,7SPC / SCES DOLLYWOOD,25499841,3,3254135251,2024-07-24T18:04:07Z,2024-07-25T01:57:43Z,,50.467533,7.3608,membership,Payment by membership account and/or membership card,USCPIE1988061*2
ChargePoint Network,,,13966051,13966051,BEA / STATION 3 (RM),23419981,247,3247134101,2024-07-21T20:08:51Z,2024-07-21T20:56:20Z,,51.966202,74.676,membership,Payment by membership account and/or membership card,USCPIE13966051*1
ChargePoint Network,,,15293211,15293211,TRNG CENTER / TRAININGCENTER1,24823101,3,3267299171,2024-07-30T16:29:28Z,2024-07-30T16:47:47Z,,1.794971,6.0638,membership,Payment by membership account and/or membership card,USCPIE15293211*1
ChargePoint Network,,,14355251,14355251,HARTSELLE 1 / STATION 2 (R),23865691,247,3262334771,2024-07-28T05:39:01Z,2024-07-28T06:31:12Z,,29.362700,53.582,membership,Payment by membership account and/or membership card,USCPIE14355251*1
ChargePoint Network,,,15332321,15332321,TUA NW ATLANTIC / STATION 1 (L),24867861,247,3266845101,2024-07-30T13:47:09Z,2024-07-30T14:19:06Z,,27.363199,73.904,membership,Payment by membership account and/or membership card,USCPIE15332321*1
ChargePoint Network,,,15885151,15885151,TWICKENHAM SQ / HU - STATION 2,25520801,247,3238071631,2024-07-17T17:20:25Z,2024-07-17T17:52:26Z,,32.968201,69.384,membership,Payment by membership account and/or membership card,USCPIE15885151*1
ChargePoint Network,,,15623231,15623231,CLW / 5TH ST 1 (L),25208301,247,3266037381,2024-07-30T01:39:13Z,2024-07-30T01:51:12Z,,6.124500,78.997,membership,Payment by membership account and/or membership card,USCPIE15623231*1
ChargePoint Network,,,15885791,15885791,TWICKENHAM SQ / HU - STATION 3,25521611,247,3222109031,2024-07-10T16:30:24Z,2024-07-10T16:30:42Z,,0.000000,,credit_card_terminal,Payment via credit card or debit card terminal,USCPIE15885791*1
ChargePoint Network,,,15640171,15640171,NECDC / STATION 2 (R),25228711,247,3260762021,2024-07-27T12:02:47Z,2024-07-27T12:33:36Z,,43.032001,90.244,credit_card_terminal,Payment via credit card or debit card terminal,USCPIE15640171*1
ChargePoint Network,,,14047321,14047321,JEFFERSON AVE. / OXFORD STA2(R),23514081,247,3206198381,2024-07-02T20:40:49Z,2024-07-02T21:05:11Z,,25.712799,69.101,membership,Payment by membership account and/or membership card,USCPIE14047321*1
ChargePoint Network,,,13803581,13803581,FPU / STATION 1 (L),23227201,247,3262160611,2024-07-28T03:22:04Z,2024-07-28T04:22:32Z,,41.021198,54.611,membership,Payment by membership account and/or membership card,USCPIE13803581*1
ChargePoint Network,,,14047321,14047321,JEFFERSON AVE. / OXFORD STA2(R),23514081,247,3213578761,2024-07-06T16:38:02Z,2024-07-06T16:46:43Z,,8.961900,69.498,membership,Payment by membership account and/or membership card,USCPIE14047321*1
ChargePoint Network,,,13861861,13861861,BRMEMC / STATION 1,23296281,247,3215097341,2024-07-07T15:38:03Z,2024-07-07T16:10:09Z,,29.751101,59.52,membership,Payment by membership account and/or membership card,USCPIE13861861*1
ChargePoint Network,,,13606091,13606091,I24 EXIT11 / STATION 3 (RM),22992551,247,3222900881,2024-07-10T22:17:25Z,2024-07-10T22:42:31Z,,26.819099,63.041,membership,Payment by membership account and/or membership card,USCPIE13606091*1
ChargePoint Network,,,15548181,15548181,DECATURDOWNTWN / STATION 2 (L),25119551,247,3213611491,2024-07-06T16:57:57Z,2024-07-06T17:06:56Z,,14.452900,109.275,membership,Payment by membership account and/or membership card,USCPIE15548181*1
ChargePoint Network,,,13423581,13423581,AEC / STATION #2 (R),,,3221812411,2024-07-10T14:44:41Z,2024-07-10T14:46:42Z,,0.000000,,membership,Payment by membership account and/or membership card,USCPIE13423581*0
ChargePoint Network,,,8851921,8851921,7SPC / SEVIERVILLE DC1,15571271,207,3247184631,2024-07-21T20:39:42Z,2024-07-21T21:08:48Z,,25.391701,59.905,membership,Payment by membership account and/or membership card,USCPIE8851921*1
ChargePoint Network,,,12754021,12754021,WCMES / CITYHALL1-L,,,3214175401,2024-07-06T22:48:43Z,2024-07-06T22:50:44Z,,0.000000,,membership,Payment by membership account and/or membership card,USCPIE12754021*0
ChargePoint Network,,,1844191,1844191,CLW / MAIN ST,23050431,3,3244155341,2024-07-20T01:35:09Z,2024-07-20T02:34:15Z,,3.298445,3.5405,membership,Payment by membership account and/or membership card,USCPIE1844191*1
ChargePoint Network,,,15623211,15623211,CLW / 5TH ST 2 (R),25208281,247,3227834321,2024-07-12T22:03:57Z,2024-07-12T23:11:27Z,,64.567497,64.213,membership,Payment by membership account and/or membership card,USCPIE15623211*1
ChargePoint Network,,,1988141,1988141,7SPC / SCES DREAM MORE,2355561,3,3266057061,2024-07-30T01:51:16Z,2024-07-30T01:52:54Z,,0.108198,7.252,membership,Payment by membership account and/or membership card,USCPIE1988141*1
ChargePoint Network,,,1988141,1988141,7SPC / SCES DREAM MORE,2355561,3,3256906831,2024-07-25T19:27:40Z,2024-07-26T02:08:57Z,,43.269306,6.9626,membership,Payment by membership account and/or membership card,USCPIE1988141*1
ChargePoint Network,,,15694171,15694171,BRIGHTRIDGE EV / STATION 1 (L),25292041,247,3213969051,2024-07-06T20:41:56Z,2024-07-06T21:08:11Z,,24.785101,60.683,credit_card_terminal,Payment via credit card or debit card terminal,USCPIE15694171*1
ChargePoint Network,,,15885251,15885251,TWICKENHAM SQ / HU - STATION 1,25520941,247,3257792741,2024-07-26T01:42:06Z,2024-07-26T02:16:43Z,,23.948200,84.621,membership,Payment by membership account and/or membership card,USCPIE15885251*1
ChargePoint Network,,,5565201,5565201,7SPC / SCES LECONTE 2,9205051,3,3233942501,2024-07-16T00:40:24Z,2024-07-16T00:46:33Z,,0.586628,6.7673,membership,Payment by membership account and/or membership card,USCPIE5565201*1
ChargePoint Network,,,13664471,13664471,BTES / STATION 3 (RM),23060511,247,3246238411,2024-07-21T04:06:12Z,2024-07-21T04:49:13Z,,49.476101,73.086,membership,Payment by membership account and/or membership card,USCPIE13664471*1
ChargePoint Network,,,5346231,5346231,CULLMANELECTRIC / STATION2-R,8926271,247,3218153231,2024-07-08T23:45:37Z,2024-07-09T00:34:32Z,,48.201000,64.484,membership,Payment by membership account and/or membership card,USCPIE5346231*1
ChargePoint Network,,,13861861,13861861,BRMEMC / STATION 1,23296281,247,3235578361,2024-07-16T18:12:12Z,2024-07-16T19:12:23Z,,65.918098,75.269,membership,Payment by membership account and/or membership card,USCPIE13861861*1
ChargePoint Network,,,13606061,13606061,I24 EXIT11 / STATION 4 (RR),22992511,247,3249478091,2024-07-22T20:49:12Z,2024-07-22T21:03:06Z,,24.217600,112.375,membership,Payment by membership account and/or membership card,USCPIE13606061*1
ChargePoint Network,,,15885151,15885151,TWICKENHAM SQ / HU - STATION 2,25520801,247,3215289661,2024-07-07T17:49:33Z,2024-07-07T18:56:28Z,,66.258904,74.087,credit_card_terminal,Payment via credit card or debit card terminal,USCPIE15885151*1
ChargePoint Network,,,5122191,5122191,CULLMANELECTRIC / STATION1-L,8482151,247,3247051901,2024-07-21T19:20:12Z,2024-07-21T20:11:08Z,,61.902901,88.356,membership,Payment by membership account and/or membership card,USCPIE5122191*1
ChargePoint Network,,,13861861,13861861,BRMEMC / STATION 1,23296281,247,3246900301,2024-07-21T17:47:32Z,2024-07-21T18:12:27Z,,23.008301,57.133,membership,Payment by membership account and/or membership card,USCPIE13861861*1
ChargePoint Network,,,8851921,8851921,7SPC / SEVIERVILLE DC1,15571271,207,3209898221,2024-07-04T10:34:37Z,2024-07-04T11:24:38Z,,36.089298,47.423,membership,Payment by membership account and/or membership card,USCPIE8851921*1
ChargePoint Network,,,8851921,8851921,7SPC / SEVIERVILLE DC1,15571271,207,3214302491,2024-07-07T00:08:27Z,2024-07-07T00:39:34Z,,25.247999,58.349,other,Any other payment method not specified above. Additional description should be provided in Payment Method Description.,USCPIE8851921*1
ChargePoint Network,,,7173851,7173851,SCOTTSBORO EPB / MAIN OFFICE,12310861,3,3230699031,2024-07-14T15:24:05Z,2024-07-14T19:22:14Z,,28.956934,7.3718,membership,Payment by membership account and/or membership card,USCPIE7173851*1
ChargePoint Network,,,12406491,12406491,FPIA / LEFT STATION,21527781,247,3260998341,2024-07-27T15:45:37Z,2024-07-27T17:35:58Z,,103.217201,76.047,credit_card_terminal,Payment via credit card or debit card terminal,USCPIE12406491*1
ChargePoint Network,,,13606061,13606061,I24 EXIT11 / STATION 4 (RR),22992511,247,3236048831,2024-07-16T21:33:55Z,2024-07-16T22:07:34Z,,32.589500,75.438,membership,Payment by membership account and/or membership card,USCPIE13606061*1
ChargePoint Network,,,5354011,5354011,7SPC / GREENEVILLE TA,8936791,207,3252470581,2024-07-24T00:27:00Z,2024-07-24T01:16:43Z,,43.684200,59.301,membership,Payment by membership account and/or membership card,USCPIE5354011*1
ChargePoint Network,,,13861891,13861891,BRMEMC / STATION 2,23296321,100011,3227640321,2024-07-12T20:36:18Z,2024-07-12T20:43:42Z,,3.498200,0.0,membership,Payment by membership account and/or membership card,USCPIE13861891*1
ChargePoint Network,,,14097801,14097801,SCOTTSBORO EPB / SEPB DCFC (L),23570921,247,3266576011,2024-07-30T11:10:49Z,2024-07-30T11:59:06Z,,49.391399,77.017,membership,Payment by membership account and/or membership card,USCPIE14097801*1
ChargePoint Network,,,15885791,15885791,TWICKENHAM SQ / HU - STATION 3,25521611,100011,3222966261,2024-07-10T22:46:38Z,2024-07-10T22:59:11Z,,6.231100,0.0,credit_card_terminal,Payment via credit card or debit card terminal,USCPIE15885791*1
ChargePoint Network,,,13861891,13861891,BRMEMC / STATION 2,23296321,247,3210689791,2024-07-04T22:33:52Z,2024-07-04T22:51:27Z,,17.407900,71.37,membership,Payment by membership account and/or membership card,USCPIE13861891*1
ChargePoint Network,,,5122191,5122191,CULLMANELECTRIC / STATION1-L,8482151,247,3261214311,2024-07-27T18:01:06Z,2024-07-27T18:31:13Z,,14.911500,49.076,membership,Payment by membership account and/or membership card,USCPIE5122191*1
ChargePoint Network,,,5625391,5625391,7SPC / VEC JAMESTOWN,9280961,3,3260253871,2024-07-27T02:17:39Z,2024-07-27T15:03:11Z,,89.847664,,credit_card_terminal,Payment via credit card or debit card terminal,USCPIE5625391*1
ChargePoint Network,,,15885251,15885251,TWICKENHAM SQ / HU - STATION 1,25520941,247,3237435651,2024-07-17T13:13:54Z,2024-07-17T13:25:00Z,,12.366500,73.199,other,Any other payment method not specified above. Additional description should be provided in Payment Method Description.,USCPIE15885251*1
ChargePoint Network,,,1933211,1933211,BRIGHTRIDGE EV / BR-JONESBOROUGH,2283631,3,3245323231,2024-07-20T19:07:16Z,2024-07-20T20:12:28Z,,6.203500,5.892,membership,Payment by membership account and/or membership card,USCPIE1933211*1
ChargePoint Network,,,13026471,13026471,WCMES / CITYHALL2-R,22328331,247,3218078811,2024-07-08T23:07:50Z,2024-07-08T23:20:23Z,,9.805100,54.111,membership,Payment by membership account and/or membership card,USCPIE13026471*1
ChargePoint Network,,,15548181,15548181,DECATURDOWNTWN / STATION 2 (L),25119551,247,3238437891,2024-07-17T20:07:24Z,2024-07-17T21:04:10Z,,59.390701,78.405,credit_card_terminal,Payment via credit card or debit card terminal,USCPIE15548181*1
ChargePoint Network,,,13664401,13664401,BTES / STATION 1 (LL),,,3253873411,2024-07-24T16:13:28Z,2024-07-24T16:15:29Z,,0.000000,,membership,Payment by membership account and/or membership card,USCPIE13664401*0
ChargePoint Network,,,1988141,1988141,7SPC / SCES DREAM MORE,2355561,3,3253210651,2024-07-24T11:17:31Z,2024-07-24T11:17:59Z,,0.000000,0.0,membership,Payment by membership account and/or membership card,USCPIE1988141*1
ChargePoint Network,,,5122191,5122191,CULLMANELECTRIC / STATION1-L,8482151,247,3254548771,2024-07-24T21:01:30Z,2024-07-24T21:10:32Z,,7.816900,0.0,membership,Payment by membership account and/or membership card,USCPIE5122191*1
ChargePoint Network,,,13664401,13664401,BTES / STATION 1 (LL),23060421,247,3213462701,2024-07-06T15:14:51Z,2024-07-06T15:48:10Z,,18.797701,57.986,membership,Payment by membership account and/or membership card,USCPIE13664401*1
ChargePoint Network,,,5565191,5565191,7SPC / DOLLYWOOD EMPL,9205031,3,3244784101,2024-07-20T12:48:31Z,2024-07-20T14:35:31Z,,10.649660,6.9423,membership,Payment by membership account and/or membership card,USCPIE5565191*1
ChargePoint Network,,,9677521,9677521,UT PARKING / S7 STATION 1,17169341,3,3230750511,2024-07-14T16:03:04Z,2024-07-14T16:05:03Z,,0.000000,0.0,membership,Payment by membership account and/or membership card,USCPIE9677521*2
ChargePoint Network,,,1932851,1932851,BRIGHTRIDGE EV / BR-JC LIBRARY,23319811,3,3224613801,2024-07-11T16:21:18Z,2024-07-11T16:48:57Z,,3.346704,7.4458,membership,Payment by membership account and/or membership card,USCPIE1932851*1
ChargePoint Network,,,1844191,1844191,CLW / MAIN ST,23050441,3,3215070041,2024-07-07T15:14:18Z,2024-07-08T00:54:10Z,,67.785217,7.2894,membership,Payment by membership account and/or membership card,USCPIE1844191*2
ChargePoint Network,,,15548151,15548151,DECATURDOWNTWN / STATION 1 (R),25119511,247,3215602221,2024-07-07T20:59:38Z,2024-07-07T22:04:31Z,,52.147400,74.052,membership,Payment by membership account and/or membership card,USCPIE15548151*1
ChargePoint Network,,,8851921,8851921,7SPC / SEVIERVILLE DC1,15571271,207,3230226151,2024-07-14T03:39:54Z,2024-07-14T04:07:56Z,,12.931000,44.131,membership,Payment by membership account and/or membership card,USCPIE8851921*1
ChargePoint Network,,,9677521,9677521,UT PARKING / S7 STATION 1,17169331,3,3230747061,2024-07-14T16:01:30Z,2024-07-14T16:03:32Z,,0.000000,0.0,membership,Payment by membership account and/or membership card,USCPIE9677521*1
ChargePoint Network,,,15885771,15885771,TWICKENHAM SQ / HU - STATION 4,25521581,247,3247027801,2024-07-21T19:05:32Z,2024-07-21T19:57:17Z,,32.580898,53.043,credit_card_terminal,Payment via credit card or debit card terminal,USCPIE15885771*1
ChargePoint Network,,,12460751,12460751,PES / LEFT STATION,22360171,215,3235912531,2024-07-16T20:37:07Z,2024-07-17T14:05:51Z,,40.396500,7.7558,membership,Payment by membership account and/or membership card,USCPIE12460751*1
ChargePoint Network,,,1988141,1988141,7SPC / SCES DREAM MORE,2355561,3,3220053461,2024-07-09T19:45:00Z,2024-07-09T22:15:19Z,,16.826099,6.8266,membership,Payment by membership account and/or membership card,USCPIE1988141*1
ChargePoint Network,,,5350831,5350831,CULLMANELECTRIC / CEC MAIN OFFICE,8932501,3,3247277121,2024-07-21T21:32:08Z,2024-07-21T21:46:31Z,,1.404235,6.117,credit_card_terminal,Payment via credit card or debit card terminal,USCPIE5350831*2
ChargePoint Network,,,5122191,5122191,CULLMANELECTRIC / STATION1-L,8482151,247,3265154041,2024-07-29T19:00:55Z,2024-07-29T19:33:34Z,,30.415899,72.599,membership,Payment by membership account and/or membership card,USCPIE5122191*1
ChargePoint Network,,,8851921,8851921,7SPC / SEVIERVILLE DC1,15571271,207,3267562861,2024-07-30T18:30:01Z,2024-07-30T19:02:42Z,,27.051399,59.516,other,Any other payment method not specified above. Additional description should be provided in Payment Method Description.,USCPIE8851921*1
ChargePoint Network,,,5354011,5354011,7SPC / GREENEVILLE TA,8936791,207,3228238571,2024-07-13T01:26:55Z,2024-07-13T02:22:53Z,,34.961700,59.849,membership,Payment by membership account and/or membership card,USCPIE5354011*1
ChargePoint Network,,,1964521,1964521,EBOFG / GUNTERSVILLE PD,8374211,3,3205708461,2024-07-02T16:59:27Z,2024-07-02T21:41:54Z,,10.570384,3.6935,membership,Payment by membership account and/or membership card,USCPIE1964521*2
ChargePoint Network,,,5346231,5346231,CULLMANELECTRIC / STATION2-R,8926271,247,3220305191,2024-07-09T21:32:45Z,2024-07-09T21:33:51Z,,0.000000,0.0,membership,Payment by membership account and/or membership card,USCPIE5346231*1
ChargePoint Network,,,5466441,5466441,7SPC / NASA USSRC R,9079371,3,3211650471,2024-07-05T15:10:37Z,2024-07-05T15:28:52Z,,0.982029,6.3101,membership,Payment by membership account and/or membership card,USCPIE5466441*2
ChargePoint Network,,,14337221,14337221,HOLSTONELECTRIC / CHURCH HILL-1,23844801,247,3257143621,2024-07-25T21:04:55Z,2024-07-25T22:00:08Z,,53.303200,74.226,credit_card_terminal,Payment via credit card or debit card terminal,USCPIE14337221*1
ChargePoint Network,,,13803581,13803581,FPU / STATION 1 (L),23227201,247,3238579651,2024-07-17T21:07:26Z,2024-07-17T21:26:29Z,,16.079300,58.057,membership,Payment by membership account and/or membership card,USCPIE13803581*1
ChargePoint Network,,,15548151,15548151,DECATURDOWNTWN / STATION 1 (R),25119511,247,3252250341,2024-07-23T22:49:26Z,2024-07-23T23:55:14Z,,47.217201,72.912,membership,Payment by membership account and/or membership card,USCPIE15548151*1
ChargePoint Network,,,13651611,13651611,MLEC / STATION 1 (L) H,23045791,247,3261023721,2024-07-27T16:01:58Z,2024-07-27T16:03:54Z,,0.355400,0.0,membership,Payment by membership account and/or membership card,USCPIE13651611*1
ChargePoint Network,,,5346231,5346231,CULLMANELECTRIC / STATION2-R,8926271,247,3213924231,2024-07-06T20:14:07Z,2024-07-06T20:55:42Z,,44.439499,73.875,membership,Payment by membership account and/or membership card,USCPIE5346231*1
ChargePoint Network,,,15280471,15280471,SPRFLD ELECTRIC / STATION 1 (L),24807681,247,3247235871,2024-07-21T21:09:17Z,2024-07-21T21:23:31Z,,11.849200,55.925,membership,Payment by membership account and/or membership card,USCPIE15280471*1
ChargePoint Network,,,5466441,5466441,7SPC / NASA USSRC R,9079371,3,3258882211,2024-07-26T15:46:27Z,2024-07-26T21:37:58Z,,35.702808,6.1736,membership,Payment by membership account and/or membership card,USCPIE5466441*2
ChargePoint Network,,,12720861,12720861,WRECC / STATION 2,21977121,247,3212263891,2024-07-05T20:42:58Z,2024-07-05T20:49:44Z,,0.000000,0.0,membership,Payment by membership account and/or membership card,USCPIE12720861*1
ChargePoint Network,,,1988061,1988061,7SPC / SCES DOLLYWOOD,25499831,3,3210416001,2024-07-04T18:53:28Z,2024-07-04T18:55:13Z,,0.086692,3.805,membership,Payment by membership account and/or membership card,USCPIE1988061*1
ChargePoint Network,,,12406491,12406491,FPIA / LEFT STATION,21527781,247,3261707841,2024-07-27T22:50:52Z,2024-07-27T23:22:24Z,,30.543600,75.056,membership,Payment by membership account and/or membership card,USCPIE12406491*1
ChargePoint Network,,,13651631,13651631,MLEC / STATION 2 (R) H,23045821,247,3229887751,2024-07-14T00:04:49Z,2024-07-14T00:14:38Z,,12.172900,0.0,membership,Payment by membership account and/or membership card,USCPIE13651631*1
ChargePoint Network,,,14097711,14097711,SCOTTSBORO EPB / SEPB DCFC (R),23570811,247,3245520461,2024-07-20T21:01:01Z,2024-07-20T22:11:10Z,,65.035004,72.4,membership,Payment by membership account and/or membership card,USCPIE14097711*1
ChargePoint Network,,,5122191,5122191,CULLMANELECTRIC / STATION1-L,8482151,247,3229839431,2024-07-13T23:36:12Z,2024-07-14T01:17:04Z,,59.499599,72.369,membership,Payment by membership account and/or membership card,USCPIE5122191*1
ChargePoint Network,,,15742641,15742641,GEA-1 / STATION 2 (R),,,3229054651,2024-07-13T15:41:56Z,2024-07-13T15:43:56Z,,0.000000,,membership,Payment by membership account and/or membership card,USCPIE15742641*0
ChargePoint Network,,,13290491,13290491,7SPC / NASA USSRC L,25742681,3,3227372941,2024-07-12T18:37:02Z,2024-07-12T21:33:34Z,,16.947674,5.8576,membership,Payment by membership account and/or membership card,USCPIE13290491*2
ChargePoint Network,,,5122191,5122191,CULLMANELECTRIC / STATION1-L,8482151,247,3230928851,2024-07-14T18:04:41Z,2024-07-14T18:59:28Z,,39.375198,53.723,membership,Payment by membership account and/or membership card,USCPIE5122191*1
ChargePoint Network,,,15885251,15885251,TWICKENHAM SQ / HU - STATION 1,25520941,247,3227824941,2024-07-12T22:00:15Z,2024-07-12T22:42:00Z,,46.864498,76.832,credit_card_terminal,Payment via credit card or debit card terminal,USCPIE15885251*1
ChargePoint Network,,,8851921,8851921,7SPC / SEVIERVILLE DC1,15571271,207,3230048441,2024-07-14T01:42:59Z,2024-07-14T02:05:53Z,,13.871200,54.243,membership,Payment by membership account and/or membership card,USCPIE8851921*1
ChargePoint Network,,,5619801,5619801,7SPC / WARREN RECC BG,25687261,3,3243187581,2024-07-19T18:05:07Z,2024-07-19T19:42:37Z,,10.055970,6.2725,membership,Payment by membership account and/or membership card,USCPIE5619801*2
ChargePoint Network,,,5565241,5565241,7SPC / SCES LECONTE 4,9205111,3,3218122811,2024-07-08T23:29:57Z,2024-07-09T00:22:52Z,,3.299187,3.7727,credit_card_terminal,Payment via credit card or debit card terminal,USCPIE5565241*2
ChargePoint Network,,,15885771,15885771,TWICKENHAM SQ / HU - STATION 4,25521581,247,3230900921,2024-07-14T17:46:49Z,2024-07-14T18:39:07Z,,23.766600,54.682,membership,Payment by membership account and/or membership card,USCPIE15885771*1
ChargePoint Network,,,5122191,5122191,CULLMANELECTRIC / STATION1-L,,,3213517711,2024-07-06T15:54:54Z,2024-07-06T15:56:55Z,,0.000000,,membership,Payment by membership account and/or membership card,USCPIE5122191*0
ChargePoint Network,,,14047321,14047321,JEFFERSON AVE. / OXFORD STA2(R),,,3213516471,2024-07-06T15:56:03Z,2024-07-06T15:56:06Z,,0.000000,,membership,Payment by membership account and/or membership card,USCPIE14047321*0
ChargePoint Network,,,13861861,13861861,BRMEMC / STATION 1,23296281,247,3238073131,2024-07-17T17:21:18Z,2024-07-17T17:22:19Z,,0.000000,0.0,membership,Payment by membership account and/or membership card,USCPIE13861861*1
ChargePoint Network,,,13861891,13861891,BRMEMC / STATION 2,23296321,247,3215095911,2024-07-07T15:36:58Z,2024-07-07T16:25:13Z,,41.130798,74.676,membership,Payment by membership account and/or membership card,USCPIE13861891*1
ChargePoint Network,,,5122191,5122191,CULLMANELECTRIC / STATION1-L,8482151,247,3216150151,2024-07-08T02:21:10Z,2024-07-08T02:52:44Z,,36.001801,73.26,membership,Payment by membership account and/or membership card,USCPIE5122191*1
ChargePoint Network,,,15332321,15332321,TUA NW ATLANTIC / STATION 1 (L),24867861,247,3235342791,2024-07-16T16:29:39Z,2024-07-16T16:54:58Z,,20.751801,53.507,membership,Payment by membership account and/or membership card,USCPIE15332321*1
ChargePoint Network,,,15836871,15836871,TOMBIGBEE / TEPA CHARGER 1,25462501,247,3229396891,2024-07-13T19:15:10Z,2024-07-13T19:25:52Z,,18.491199,0.0,membership,Payment by membership account and/or membership card,USCPIE15836871*1
ChargePoint Network,,,5346231,5346231,CULLMANELECTRIC / STATION2-R,8926271,247,3210393901,2024-07-04T18:36:13Z,2024-07-04T18:36:50Z,,0.000000,0.0,membership,Payment by membership account and/or membership card,USCPIE5346231*1
ChargePoint Network,,,5122191,5122191,CULLMANELECTRIC / STATION1-L,8482151,247,3260258851,2024-07-27T02:20:49Z,2024-07-27T03:27:21Z,,58.101799,78.208,membership,Payment by membership account and/or membership card,USCPIE5122191*1
ChargePoint Network,,,1921531,1921531,STARKVILLE UTIL / STARKVILLE REC,2268561,3,3258347531,2024-07-26T10:51:06Z,2024-07-26T12:39:22Z,,12.427985,6.9512,membership,Payment by membership account and/or membership card,USCPIE1921531*2
ChargePoint Network,,,15742641,15742641,GEA-1 / STATION 2 (R),25349301,247,3251170351,2024-07-23T15:24:13Z,2024-07-23T16:00:41Z,,33.420700,59.516,membership,Payment by membership account and/or membership card,USCPIE15742641*1
ChargePoint Network,,,5565191,5565191,7SPC / DOLLYWOOD EMPL,9205031,3,3227190691,2024-07-12T17:08:28Z,2024-07-12T21:24:14Z,,26.244921,6.8034,membership,Payment by membership account and/or membership card,USCPIE5565191*1
ChargePoint Network,,,1844191,1844191,CLW / MAIN ST,23050431,3,3251394821,2024-07-23T16:38:35Z,2024-07-23T17:02:00Z,,2.627351,7.0184,membership,Payment by membership account and/or membership card,USCPIE1844191*1
ChargePoint Network,,,14025691,14025691,PARIS BPU / STATION 1(L),23489541,247,3214114871,2024-07-06T22:11:30Z,2024-07-06T22:35:31Z,,22.218399,76.23,membership,Payment by membership account and/or membership card,USCPIE14025691*1
ChargePoint Network,,,16022131,16022131,ACEPA / ACE STATION 1,25683791,247,3229138341,2024-07-13T16:38:00Z,2024-07-13T16:38:29Z,,0.000000,0.0,membership,Payment by membership account and/or membership card,USCPIE16022131*1
ChargePoint Network,,,5354011,5354011,7SPC / GREENEVILLE TA,8936791,207,3265361161,2024-07-29T20:29:44Z,2024-07-29T20:30:28Z,,0.000000,0.0,membership,Payment by membership account and/or membership card,USCPIE5354011*1
ChargePoint Network,,,5346231,5346231,CULLMANELECTRIC / STATION2-R,8926271,247,3231395121,2024-07-14T22:49:44Z,2024-07-14T22:50:09Z,,0.000000,0.0,membership,Payment by membership account and/or membership card,USCPIE5346231*1
ChargePoint Network,,,9677521,9677521,UT PARKING / S7 STATION 1,17169331,3,3215048561,2024-07-07T14:54:57Z,2024-07-07T18:45:41Z,,14.927749,3.9372,membership,Payment by membership account and/or membership card,USCPIE9677521*1
ChargePoint Network,,,14359491,14359491,EBOFG / STATION 1 (L),23870291,247,3267874191,2024-07-30T20:42:43Z,2024-07-30T20:43:20Z,,0.000000,0.0,membership,Payment by membership account and/or membership card,USCPIE14359491*1
ChargePoint Network,,,8851921,8851921,7SPC / SEVIERVILLE DC1,15571271,207,3249086451,2024-07-22T17:52:44Z,2024-07-22T17:56:54Z,,1.574900,0.0,membership,Payment by membership account and/or membership card,USCPIE8851921*1
ChargePoint Network,,,13803581,13803581,FPU / STATION 1 (L),23227201,247,3235478811,2024-07-16T17:26:25Z,2024-07-16T18:39:03Z,,63.494099,60.214,membership,Payment by membership account and/or membership card,USCPIE13803581*1
ChargePoint Network,,,15640171,15640171,NECDC / STATION 2 (R),25228711,247,3266140381,2024-07-30T02:37:41Z,2024-07-30T02:44:13Z,,6.295400,0.0,membership,Payment by membership account and/or membership card,USCPIE15640171*1
ChargePoint Network,,,15260241,15260241,STEMC / STATION 1 (L) A,24784071,247,3234428501,2024-07-16T05:30:06Z,2024-07-16T06:58:38Z,,76.500099,77.61,credit_card_terminal,Payment via credit card or debit card terminal,USCPIE15260241*1
ChargePoint Network,,,5414151,5414151,7SPC / UC - CARTHAGE,9014651,3,3229152431,2024-07-13T16:46:49Z,2024-07-13T17:07:20Z,,1.227860,3.6805,membership,Payment by membership account and/or membership card,USCPIE5414151*2
ChargePoint Network,,,14337221,14337221,HOLSTONELECTRIC / CHURCH HILL-1,23844801,247,3211706841,2024-07-05T15:42:43Z,2024-07-05T16:07:48Z,,23.319099,74.226,credit_card_terminal,Payment via credit card or debit card terminal,USCPIE14337221*1
ChargePoint Network,,,1964521,1964521,EBOFG / GUNTERSVILLE PD,8374201,3,3229495031,2024-07-13T20:10:58Z,2024-07-13T20:12:58Z,,0.000000,0.0,membership,Payment by membership account and/or membership card,USCPIE1964521*1
ChargePoint Network,,,16022131,16022131,ACEPA / ACE STATION 1,25683791,247,3233884261,2024-07-16T00:13:11Z,2024-07-16T00:47:05Z,,62.664501,121.675,membership,Payment by membership account and/or membership card,USCPIE16022131*1
ChargePoint Network,,,8851921,8851921,7SPC / SEVIERVILLE DC1,15571271,207,3244273141,2024-07-20T02:41:57Z,2024-07-20T03:28:09Z,,36.007599,59.669,membership,Payment by membership account and/or membership card,USCPIE8851921*1
ChargePoint Network,,,1988061,1988061,7SPC / SCES DOLLYWOOD,25499831,3,3221760071,2024-07-10T14:24:52Z,2024-07-10T20:34:48Z,,44.382572,7.286,membership,Payment by membership account and/or membership card,USCPIE1988061*1
ChargePoint Network,,,5525971,5525971,7SPC / SPARTA TN,9154681,3,3235443581,2024-07-16T17:10:28Z,2024-07-16T19:13:15Z,,14.741104,7.2862,credit_card_terminal,Payment via credit card or debit card terminal,USCPIE5525971*1
ChargePoint Network,,,8851921,8851921,7SPC / SEVIERVILLE DC1,15571271,207,3259560341,2024-07-26T20:40:12Z,2024-07-26T21:19:18Z,,39.558800,61.631,membership,Payment by membership account and/or membership card,USCPIE8851921*1
ChargePoint Network,,,12406401,12406401,FPIA / RIGHT STATION,21527671,247,3211805591,2024-07-05T16:33:49Z,2024-07-05T16:35:21Z,,1.206400,0.0,membership,Payment by membership account and/or membership card,USCPIE12406401*1
ChargePoint Network,,,5466441,5466441,7SPC / NASA USSRC R,9079361,3,3205343121,2024-07-02T14:44:46Z,2024-07-02T14:55:44Z,,1.079020,6.1769,membership,Payment by membership account and/or membership card,USCPIE5466441*1
ChargePoint Network,,,13606061,13606061,I24 EXIT11 / STATION 4 (RR),22992511,247,3214867241,2024-07-07T09:08:59Z,2024-07-07T13:57:24Z,,86.151001,74.646,membership,Payment by membership account and/or membership card,USCPIE13606061*1
ChargePoint Network,,,1844191,1844191,CLW / MAIN ST,23050441,3,3203948841,2024-07-01T21:44:32Z,2024-07-02T00:23:07Z,,13.595669,6.9866,membership,Payment by membership account and/or membership card,USCPIE1844191*2
ChargePoint Network,,,14337221,14337221,HOLSTONELECTRIC / CHURCH HILL-1,23844801,100011,3266580671,2024-07-30T11:15:52Z,2024-07-30T11:36:20Z,,16.170000,53.2,credit_card_terminal,Payment via credit card or debit card terminal,USCPIE14337221*1
ChargePoint Network,,,1964521,1964521,EBOFG / GUNTERSVILLE PD,8374211,3,3210826061,2024-07-05T00:29:57Z,2024-07-05T01:55:14Z,,10.537758,7.5066,membership,Payment by membership account and/or membership card,USCPIE1964521*2
ChargePoint Network,,,13606061,13606061,I24 EXIT11 / STATION 4 (RR),22992511,247,3265659501,2024-07-29T22:43:46Z,2024-07-29T22:56:33Z,,13.964300,65.267,credit_card_terminal,Payment via credit card or debit card terminal,USCPIE13606061*1
ChargePoint Network,,,13606121,13606121,I24 EXIT11 / STATION 2 (LM),22992591,247,3230693361,2024-07-14T15:17:34Z,2024-07-14T15:44:51Z,,30.259001,71.477,credit_card_terminal,Payment via credit card or debit card terminal,USCPIE13606121*1
ChargePoint Network,,,15548181,15548181,DECATURDOWNTWN / STATION 2 (L),25119551,247,3255199301,2024-07-25T01:46:46Z,2024-07-25T03:06:38Z,,25.975401,102.204,membership,Payment by membership account and/or membership card,USCPIE15548181*1
ChargePoint Network,,,9677521,9677521,UT PARKING / S7 STATION 1,17169331,3,3258593731,2024-07-26T13:44:55Z,2024-07-26T16:26:05Z,,18.975716,7.1643,membership,Payment by membership account and/or membership card,USCPIE9677521*1
ChargePoint Network,,,12406491,12406491,FPIA / LEFT STATION,21527781,247,3259911111,2024-07-26T23:23:59Z,2024-07-26T23:55:16Z,,21.531401,75.041,membership,Payment by membership account and/or membership card,USCPIE12406491*1
ChargePoint Network,,,13861891,13861891,BRMEMC / STATION 2,23296321,247,3212527661,2024-07-05T23:10:43Z,2024-07-05T23:48:03Z,,46.048000,87.271,credit_card_terminal,Payment via credit card or debit card terminal,USCPIE13861891*1
ChargePoint Network,,,15260251,15260251,STEMC / STATION 2 (R) A,24784081,247,3252267001,2024-07-23T22:56:51Z,2024-07-23T23:49:06Z,,51.216900,75.438,membership,Payment by membership account and/or membership card,USCPIE15260251*1
ChargePoint Network,,,15623211,15623211,CLW / 5TH ST 2 (R),25208281,247,3213506461,2024-07-06T15:49:16Z,2024-07-06T17:21:41Z,,72.781898,71.955,other,Any other payment method not specified above. Additional description should be provided in Payment Method Description.,USCPIE15623211*1
ChargePoint Network,,,13861861,13861861,BRMEMC / STATION 1,23296281,247,3215864211,2024-07-07T23:29:24Z,2024-07-07T23:59:37Z,,39.282101,83.654,credit_card_terminal,Payment via credit card or debit card terminal,USCPIE13861861*1
ChargePoint Network,,,15694171,15694171,BRIGHTRIDGE EV / STATION 1 (L),25292041,247,3247048391,2024-07-21T19:18:01Z,2024-07-21T20:14:04Z,,47.767700,76.635,credit_card_terminal,Payment via credit card or debit card terminal,USCPIE15694171*1
ChargePoint Network,,,15548151,15548151,DECATURDOWNTWN / STATION 1 (R),25119511,247,3206979581,2024-07-03T02:40:56Z,2024-07-03T03:43:03Z,,66.318298,82.346,membership,Payment by membership account and/or membership card,USCPIE15548151*1
ChargePoint Network,,,5363211,5363211,HARTSELLE 1 / HARTSELLE 1,23427581,3,3235506161,2024-07-16T17:38:58Z,2024-07-16T17:43:54Z,,0.528410,6.9878,membership,Payment by membership account and/or membership card,USCPIE5363211*2
ChargePoint Network,,,14025691,14025691,PARIS BPU / STATION 1(L),23489541,247,3254170741,2024-07-24T18:20:23Z,2024-07-24T20:03:05Z,,67.342697,77.42,credit_card_terminal,Payment via credit card or debit card terminal,USCPIE14025691*1
ChargePoint Network,,,1988061,1988061,7SPC / SCES DOLLYWOOD,25499841,3,3248862401,2024-07-22T16:15:10Z,2024-07-23T00:00:22Z,,14.854130,7.0422,credit_card_terminal,Payment via credit card or debit card terminal,USCPIE1988061*2
ChargePoint Network,,,14047321,14047321,JEFFERSON AVE. / OXFORD STA2(R),23514081,247,3250375081,2024-07-23T04:09:20Z,2024-07-23T05:49:16Z,,71.890999,87.468,membership,Payment by membership account and/or membership card,USCPIE14047321*1
ChargePoint Network,,,13966051,13966051,BEA / STATION 3 (RM),23419981,247,3246821611,2024-07-21T16:57:36Z,2024-07-21T17:23:57Z,,34.217899,80.769,credit_card_terminal,Payment via credit card or debit card terminal,USCPIE13966051*1
ChargePoint Network,,,7505851,7505851,JEFFERSON AVE. / OXFORD STA1(L),,,3253927791,2024-07-24T16:32:55Z,2024-07-24T16:34:55Z,,0.000000,,membership,Payment by membership account and/or membership card,USCPIE7505851*0
ChargePoint Network,,,8851921,8851921,7SPC / SEVIERVILLE DC1,15571271,207,3244183241,2024-07-20T01:50:37Z,2024-07-20T02:38:29Z,,44.672501,59.21,membership,Payment by membership account and/or membership card,USCPIE8851921*1
ChargePoint Network,,,8851921,8851921,7SPC / SEVIERVILLE DC1,15571271,207,3215062451,2024-07-07T15:07:16Z,2024-07-07T16:01:33Z,,44.334999,59.905,membership,Payment by membership account and/or membership card,USCPIE8851921*1
ChargePoint Network,,,682921,682921,7SPC / TVPPA OFFICE,9117261,3,3222971121,2024-07-10T22:48:36Z,2024-07-10T23:20:25Z,,3.109503,5.947,membership,Payment by membership account and/or membership card,USCPIE682921*2
ChargePoint Network,,,7173851,7173851,SCOTTSBORO EPB / MAIN OFFICE,12310861,3,3233283651,2024-07-15T19:47:31Z,2024-07-15T19:54:42Z,,0.793102,7.1325,membership,Payment by membership account and/or membership card,USCPIE7173851*1
ChargePoint Network,,,14359491,14359491,EBOFG / STATION 1 (L),23870291,100011,3262682891,2024-07-28T15:37:03Z,2024-07-28T15:38:23Z,,0.000000,0.0,membership,Payment by membership account and/or membership card,USCPIE14359491*1
ChargePoint Network,,,12406491,12406491,FPIA / LEFT STATION,21527781,247,3260423371,2024-07-27T03:56:18Z,2024-07-27T04:13:12Z,,19.099501,73.629,credit_card_terminal,Payment via credit card or debit card terminal,USCPIE12406491*1
ChargePoint Network,,,13880891,13880891,MU / MUC MAIN OFFICE,23319011,3,3215925431,2024-07-08T00:04:10Z,2024-07-08T00:05:29Z,,0.085448,7.2966,membership,Payment by membership account and/or membership card,USCPIE13880891*1
ChargePoint Network,,,5346231,5346231,CULLMANELECTRIC / STATION2-R,8926271,247,3256431251,2024-07-25T16:06:49Z,2024-07-25T17:18:10Z,,58.003101,73.458,credit_card_terminal,Payment via credit card or debit card terminal,USCPIE5346231*1
ChargePoint Network,,,15885251,15885251,TWICKENHAM SQ / HU - STATION 1,25520941,247,3208580121,2024-07-03T19:46:37Z,2024-07-03T20:06:43Z,,20.420401,64.484,membership,Payment by membership account and/or membership card,USCPIE15885251*1
ChargePoint Network,,,15332321,15332321,TUA NW ATLANTIC / STATION 1 (L),24867861,247,3227029471,2024-07-12T16:02:26Z,2024-07-12T17:09:47Z,,86.696098,86.19,credit_card_terminal,Payment via credit card or debit card terminal,USCPIE15332321*1
ChargePoint Network,,,15332351,15332351,TUA NW ATLANTIC / STATION 2 (R),24867891,247,3211311281,2024-07-05T08:00:00Z,2024-07-05T08:06:56Z,,3.576200,0.0,membership,Payment by membership account and/or membership card,USCPIE15332351*1
ChargePoint Network,,,1988141,1988141,7SPC / SCES DREAM MORE,2355571,3,3223358601,2024-07-11T01:44:22Z,2024-07-11T13:19:23Z,,73.574615,7.0131,credit_card_terminal,Payment via credit card or debit card terminal,USCPIE1988141*2
ChargePoint Network,,,1988141,1988141,7SPC / SCES DREAM MORE,2355571,3,3249852011,2024-07-22T23:36:44Z,2024-07-23T01:56:14Z,,16.435852,7.1233,membership,Payment by membership account and/or membership card,USCPIE1988141*2
ChargePoint Network,,,15332321,15332321,TUA NW ATLANTIC / STATION 1 (L),24867861,247,3227613471,2024-07-12T20:24:13Z,2024-07-12T21:24:15Z,,83.074203,121.295,membership,Payment by membership account and/or membership card,USCPIE15332321*1
ChargePoint Network,,,5380331,5380331,CULLMAN PB / STATION 1,8970951,3,3245615161,2024-07-20T21:54:07Z,2024-07-20T21:56:06Z,,0.000000,0.0,membership,Payment by membership account and/or membership card,USCPIE5380331*1
ChargePoint Network,,,12720861,12720861,WRECC / STATION 2,21977121,247,3226771631,2024-07-12T14:13:31Z,2024-07-12T14:46:12Z,,36.653400,82.4,membership,Payment by membership account and/or membership card,USCPIE12720861*1
ChargePoint Network,,,15885791,15885791,TWICKENHAM SQ / HU - STATION 3,25521611,247,3222058131,2024-07-10T16:12:49Z,2024-07-10T16:26:18Z,,0.000000,0.0,credit_card_terminal,Payment via credit card or debit card terminal,USCPIE15885791*1
ChargePoint Network,,,15694171,15694171,BRIGHTRIDGE EV / STATION 1 (L),25292041,247,3211443801,2024-07-05T12:41:25Z,2024-07-05T13:24:25Z,,36.558300,122.915,membership,Payment by membership account and/or membership card,USCPIE15694171*1
ChargePoint Network,,,14047321,14047321,JEFFERSON AVE. / OXFORD STA2(R),23514081,247,3267687241,2024-07-30T19:24:36Z,2024-07-30T19:55:36Z,,34.850201,70.919,credit_card_terminal,Payment via credit card or debit card terminal,USCPIE14047321*1
ChargePoint Network,,,5466441,5466441,7SPC / NASA USSRC R,9079361,3,3242372891,2024-07-19T11:40:22Z,2024-07-19T11:44:35Z,,0.360036,6.0349,membership,Payment by membership account and/or membership card,USCPIE5466441*1
ChargePoint Network,,,15623211,15623211,CLW / 5TH ST 2 (R),25208281,247,3237381081,2024-07-17T12:50:47Z,2024-07-17T14:08:35Z,,75.903603,78.194,membership,Payment by membership account and/or membership card,USCPIE15623211*1
ChargePoint Network,,,13861891,13861891,BRMEMC / STATION 2,23296321,247,3244972501,2024-07-20T15:33:49Z,2024-07-20T15:41:41Z,,8.685900,0.0,membership,Payment by membership account and/or membership card,USCPIE13861891*1
ChargePoint Network,,,1988061,1988061,7SPC / SCES DOLLYWOOD,25499841,3,3236426341,2024-07-17T00:11:36Z,2024-07-17T02:03:29Z,,13.295271,7.2558,credit_card_terminal,Payment via credit card or debit card terminal,USCPIE1988061*2
ChargePoint Network,,,1964521,1964521,EBOFG / GUNTERSVILLE PD,8374201,3,3213842411,2024-07-06T19:23:29Z,2024-07-06T22:46:44Z,,24.685846,7.4075,membership,Payment by membership account and/or membership card,USCPIE1964521*1
ChargePoint Network,,,5122191,5122191,CULLMANELECTRIC / STATION1-L,8482151,247,3216899371,2024-07-08T14:34:40Z,2024-07-08T15:14:07Z,,22.939800,54.464,membership,Payment by membership account and/or membership card,USCPIE5122191*1
ChargePoint Network,,,15548151,15548151,DECATURDOWNTWN / STATION 1 (R),25119511,247,3214298391,2024-07-07T00:05:59Z,2024-07-07T00:07:25Z,,0.000000,0.0,membership,Payment by membership account and/or membership card,USCPIE15548151*1
ChargePoint Network,,,15836871,15836871,TOMBIGBEE / TEPA CHARGER 1,25462501,247,3232945441,2024-07-15T17:07:53Z,2024-07-15T17:38:18Z,,35.543900,74.676,membership,Payment by membership account and/or membership card,USCPIE15836871*1
ChargePoint Network,,,13423581,13423581,AEC / STATION #2 (R),22787011,247,3225737081,2024-07-12T00:25:57Z,2024-07-12T01:15:30Z,,29.475201,54.682,credit_card_terminal,Payment via credit card or debit card terminal,USCPIE13423581*1
ChargePoint Network,,,15885151,15885151,TWICKENHAM SQ / HU - STATION 2,25520801,247,3226821731,2024-07-12T14:39:41Z,2024-07-12T15:23:52Z,,51.994099,84.083,membership,Payment by membership account and/or membership card,USCPIE15885151*1
ChargePoint Network,,,15694081,15694081,BRIGHTRIDGE EV / STATION 2 (R),25291921,247,3209029461,2024-07-03T22:57:27Z,2024-07-03T23:53:37Z,,50.549702,77.814,credit_card_terminal,Payment via credit card or debit card terminal,USCPIE15694081*1
ChargePoint Network,,,5346231,5346231,CULLMANELECTRIC / STATION2-R,8926271,247,3244804021,2024-07-20T13:09:30Z,2024-07-20T13:43:16Z,,51.469601,117.809,membership,Payment by membership account and/or membership card,USCPIE5346231*1
ChargePoint Network,,,14337501,14337501,HOLSTONELECTRIC / CHURCH HILL-2,23845091,100011,3236118211,2024-07-16T22:02:02Z,2024-07-16T22:02:40Z,,0.000000,0.0,membership,Payment by membership account and/or membership card,USCPIE14337501*1
ChargePoint Network,,,14359531,14359531,EBOFG / STATION 2 (R),23870331,247,3218862241,2024-07-09T10:35:29Z,2024-07-09T10:41:56Z,,4.886700,0.0,credit_card_terminal,Payment via credit card or debit card terminal,USCPIE14359531*1
ChargePoint Network,,,14359531,14359531,EBOFG / STATION 2 (R),23870331,247,3231701281,2024-07-15T01:39:40Z,2024-07-15T02:28:24Z,,50.944199,76.244,membership,Payment by membership account and/or membership card,USCPIE14359531*1
ChargePoint Network,,,5122191,5122191,CULLMANELECTRIC / STATION1-L,8482151,247,3257775571,2024-07-26T01:34:23Z,2024-07-26T01:57:09Z,,30.584200,83.16,membership,Payment by membership account and/or membership card,USCPIE5122191*1
ChargePoint Network,,,1921351,1921351,STARKVILLE UTIL / STARKVILLE DWTN,23682581,3,3249006431,2024-07-22T17:13:24Z,2024-07-22T17:25:32Z,,1.374584,7.2064,membership,Payment by membership account and/or membership card,USCPIE1921351*2
ChargePoint Network,,,5619801,5619801,7SPC / WARREN RECC BG,25687261,3,3250559831,2024-07-23T08:07:43Z,2024-07-23T11:59:44Z,,23.844410,6.3503,membership,Payment by membership account and/or membership card,USCPIE5619801*2
ChargePoint Network,,,13423691,13423691,AEC / STATION #1 (L),22787121,247,3225043071,2024-07-11T19:30:26Z,2024-07-11T19:39:00Z,,12.122800,0.0,membership,Payment by membership account and/or membership card,USCPIE13423691*1
ChargePoint Network,,,15684301,15684301,MLEC / STATION 1 (L) W,25280151,247,3258886521,2024-07-26T15:48:20Z,2024-07-26T16:50:42Z,,38.705502,53.639,membership,Payment by membership account and/or membership card,USCPIE15684301*1
ChargePoint Network,,,8851921,8851921,7SPC / SEVIERVILLE DC1,15571271,207,3230515881,2024-07-14T11:23:03Z,2024-07-14T12:04:35Z,,38.370201,59.279,phone_online,"Payment through mobile app, website, automated phone number or messaging system",USCPIE8851921*1
ChargePoint Network,,,9677521,9677521,UT PARKING / S7 STATION 1,17169331,3,3256597811,2024-07-25T17:08:34Z,2024-07-25T19:53:45Z,,16.440630,7.0501,membership,Payment by membership account and/or membership card,USCPIE9677521*1
ChargePoint Network,,,5346231,5346231,CULLMANELECTRIC / STATION2-R,8926271,247,3254601141,2024-07-24T21:23:33Z,2024-07-24T22:16:02Z,,56.362000,74.86,membership,Payment by membership account and/or membership card,USCPIE5346231*1
ChargePoint Network,,,5445161,5445161,7SPC / UC - LIVINGSTON,9052341,3,3210097431,2024-07-04T14:39:07Z,2024-07-04T14:41:06Z,,0.000000,0.0,credit_card_terminal,Payment via credit card or debit card terminal,USCPIE5445161*1
ChargePoint Network,,,15885791,15885791,TWICKENHAM SQ / HU - STATION 3,25521611,247,3212499361,2024-07-05T22:54:44Z,2024-07-05T23:25:18Z,,35.312302,74.844,membership,Payment by membership account and/or membership card,USCPIE15885791*1
ChargePoint Network,,,5466441,5466441,7SPC / NASA USSRC R,9079361,3,3242600911,2024-07-19T13:56:43Z,2024-07-19T19:18:39Z,,32.926464,6.2681,membership,Payment by membership account and/or membership card,USCPIE5466441*1
ChargePoint Network,,,15280471,15280471,SPRFLD ELECTRIC / STATION 1 (L),24807681,100011,3235647811,2024-07-16T18:46:25Z,2024-07-16T19:39:56Z,,21.698500,53.2,membership,Payment by membership account and/or membership card,USCPIE15280471*1
ChargePoint Network,,,13803581,13803581,FPU / STATION 1 (L),23227201,247,3210415721,2024-07-04T18:53:22Z,2024-07-04T19:09:01Z,,14.282300,57.596,membership,Payment by membership account and/or membership card,USCPIE13803581*1
ChargePoint Network,,,14047321,14047321,JEFFERSON AVE. / OXFORD STA2(R),23514081,247,3235386381,2024-07-16T16:46:57Z,2024-07-16T16:48:12Z,,0.000000,0.0,membership,Payment by membership account and/or membership card,USCPIE14047321*1
ChargePoint Network,,,7505851,7505851,JEFFERSON AVE. / OXFORD STA1(L),12955471,247,3203982621,2024-07-01T22:00:25Z,2024-07-01T22:33:03Z,,28.523701,89.0,membership,Payment by membership account and/or membership card,USCPIE7505851*1
ChargePoint Network,,,5565191,5565191,7SPC / DOLLYWOOD EMPL,9205031,3,3202782891,2024-07-01T12:54:25Z,2024-07-01T21:24:44Z,,51.928520,7.3179,membership,Payment by membership account and/or membership card,USCPIE5565191*1
ChargePoint Network,,,15332351,15332351,TUA NW ATLANTIC / STATION 2 (R),24867891,247,3245399181,2024-07-20T19:50:50Z,2024-07-20T20:44:40Z,,64.155701,95.885,membership,Payment by membership account and/or membership card,USCPIE15332351*1
ChargePoint Network,,,1932851,1932851,BRIGHTRIDGE EV / BR-JC LIBRARY,23319821,3,3211598101,2024-07-05T14:40:26Z,2024-07-05T17:12:31Z,,15.006552,7.3902,membership,Payment by membership account and/or membership card,USCPIE1932851*2
ChargePoint Network,,,13290491,13290491,7SPC / NASA USSRC L,25742681,3,3226957551,2024-07-12T15:35:36Z,2024-07-12T16:17:42Z,,3.904694,6.0228,credit_card_terminal,Payment via credit card or debit card terminal,USCPIE13290491*2
ChargePoint Network,,,15640171,15640171,NECDC / STATION 2 (R),25228711,247,3205716791,2024-07-02T17:02:54Z,2024-07-02T17:41:26Z,,48.525902,87.713,membership,Payment by membership account and/or membership card,USCPIE15640171*1
ChargePoint Network,,,16022131,16022131,ACEPA / ACE STATION 1,25683791,247,3251547071,2024-07-23T17:46:44Z,2024-07-23T18:08:12Z,,25.768101,74.052,membership,Payment by membership account and/or membership card,USCPIE16022131*1
ChargePoint Network,,,1988061,1988061,7SPC / SCES DOLLYWOOD,25499831,3,3228935681,2024-07-13T14:11:39Z,2024-07-13T23:59:32Z,,66.818153,7.2465,credit_card_terminal,Payment via credit card or debit card terminal,USCPIE1988061*1
ChargePoint Network,,,14337221,14337221,HOLSTONELECTRIC / CHURCH HILL-1,23844801,247,3250712961,2024-07-23T11:58:53Z,2024-07-23T12:11:06Z,,13.915500,76.464,membership,Payment by membership account and/or membership card,USCPIE14337221*1
ChargePoint Network,,,8851921,8851921,7SPC / SEVIERVILLE DC1,15571271,207,3247424921,2024-07-21T22:55:08Z,2024-07-22T00:42:43Z,,34.909000,54.02,membership,Payment by membership account and/or membership card,USCPIE8851921*1
ChargePoint Network,,,13643831,13643831,PEPA / STATION 1,23036511,247,3256791861,2024-07-25T18:38:54Z,2024-07-25T18:58:04Z,,8.768500,40.5,membership,Payment by membership account and/or membership card,USCPIE13643831*1
ChargePoint Network,,,12406491,12406491,FPIA / LEFT STATION,21527781,247,3228192481,2024-07-13T01:03:08Z,2024-07-13T02:07:17Z,,36.013500,53.193,membership,Payment by membership account and/or membership card,USCPIE12406491*1
ChargePoint Network,,,5122191,5122191,CULLMANELECTRIC / STATION1-L,8482151,247,3230324641,2024-07-14T04:58:38Z,2024-07-14T05:18:26Z,,20.834900,68.634,membership,Payment by membership account and/or membership card,USCPIE5122191*1
ChargePoint Network,,,5466441,5466441,7SPC / NASA USSRC R,9079361,3,3228901191,2024-07-13T13:39:29Z,2024-07-13T16:05:58Z,,15.056149,6.3371,membership,Payment by membership account and/or membership card,USCPIE5466441*1
ChargePoint Network,,,15640031,15640031,NECDC / STATION 1 (L),25228511,247,3243825141,2024-07-19T22:52:54Z,2024-07-19T23:37:07Z,,59.763401,85.931,membership,Payment by membership account and/or membership card,USCPIE15640031*1
ChargePoint Network,,,5122191,5122191,CULLMANELECTRIC / STATION1-L,8482151,247,3227651131,2024-07-12T20:40:56Z,2024-07-12T20:53:16Z,,9.840300,53.491,membership,Payment by membership account and/or membership card,USCPIE5122191*1
ChargePoint Network,,,13664471,13664471,BTES / STATION 3 (RM),23060511,247,3222882121,2024-07-10T22:09:32Z,2024-07-10T23:11:20Z,,26.993700,54.316,membership,Payment by membership account and/or membership card,USCPIE13664471*1
ChargePoint Network,,,15332351,15332351,TUA NW ATLANTIC / STATION 2 (R),24867891,247,3225622621,2024-07-11T23:34:31Z,2024-07-12T00:35:27Z,,65.619003,70.589,membership,Payment by membership account and/or membership card,USCPIE15332351*1
ChargePoint Network,,,15684341,15684341,MLEC / STATION 2 (R) W,25280201,247,3210762161,2024-07-04T23:34:19Z,2024-07-04T23:35:03Z,,0.000000,0.0,membership,Payment by membership account and/or membership card,USCPIE15684341*1
ChargePoint Network,,,1988061,1988061,7SPC / SCES DOLLYWOOD,25499831,3,3246636741,2024-07-21T14:38:10Z,2024-07-21T20:38:19Z,,42.872524,7.2729,credit_card_terminal,Payment via credit card or debit card terminal,USCPIE1988061*1
ChargePoint Network,,,14049761,14049761,PARIS BPU / STATION 2(R),23516951,247,3262231101,2024-07-28T04:04:46Z,2024-07-28T04:33:16Z,,29.962099,88.555,membership,Payment by membership account and/or membership card,USCPIE14049761*1
ChargePoint Network,,,14025691,14025691,PARIS BPU / STATION 1(L),23489541,247,3240826401,2024-07-18T19:02:13Z,2024-07-18T19:06:21Z,,0.000000,0.0,credit_card_terminal,Payment via credit card or debit card terminal,USCPIE14025691*1
ChargePoint Network,,,5525971,5525971,7SPC / SPARTA TN,9154681,3,3247574151,2024-07-22T00:13:23Z,2024-07-22T00:36:38Z,,2.573506,6.8762,membership,Payment by membership account and/or membership card,USCPIE5525971*1
ChargePoint Network,,,14337221,14337221,HOLSTONELECTRIC / CHURCH HILL-1,23844801,100011,3268280931,2024-07-30T23:34:54Z,2024-07-31T00:01:22Z,,21.512501,52.919,credit_card_terminal,Payment via credit card or debit card terminal,USCPIE14337221*1
ChargePoint Network,,,13606061,13606061,I24 EXIT11 / STATION 4 (RR),22992511,247,3253374191,2024-07-24T13:00:21Z,2024-07-24T13:37:22Z,,42.862801,77.617,membership,Payment by membership account and/or membership card,USCPIE13606061*1
ChargePoint Network,,,1933211,1933211,BRIGHTRIDGE EV / BR-JONESBOROUGH,2283631,3,3234582321,2024-07-16T10:48:23Z,2024-07-16T19:24:08Z,,52.801846,6.245,credit_card_terminal,Payment via credit card or debit card terminal,USCPIE1933211*1
ChargePoint Network,,,12720861,12720861,WRECC / STATION 2,21977121,247,3264772931,2024-07-29T16:07:50Z,2024-07-29T16:38:07Z,,35.890701,74.4,membership,Payment by membership account and/or membership card,USCPIE12720861*1
ChargePoint Network,,,8851921,8851921,7SPC / SEVIERVILLE DC1,15571271,207,3264961281,2024-07-29T17:23:47Z,2024-07-29T18:14:47Z,,38.612301,60.06,membership,Payment by membership account and/or membership card,USCPIE8851921*1
ChargePoint Network,,,13861861,13861861,BRMEMC / STATION 1,23296281,247,3215144901,2024-07-07T16:13:42Z,2024-07-07T16:27:10Z,,13.842600,61.754,membership,Payment by membership account and/or membership card,USCPIE13861861*1
ChargePoint Network,,,8851921,8851921,7SPC / SEVIERVILLE DC1,15571271,100011,3225638231,2024-07-11T23:41:54Z,2024-07-12T00:18:42Z,,3.389700,21.504,membership,Payment by membership account and/or membership card,USCPIE8851921*1
ChargePoint Network,,,8851921,8851921,7SPC / SEVIERVILLE DC1,15571271,207,3213251721,2024-07-06T10:49:31Z,2024-07-06T11:08:38Z,,12.771700,48.032,membership,Payment by membership account and/or membership card,USCPIE8851921*1
ChargePoint Network,,,1988061,1988061,7SPC / SCES DOLLYWOOD,25499831,3,3264782131,2024-07-29T16:10:54Z,2024-07-30T00:03:01Z,,55.934036,7.3711,membership,Payment by membership account and/or membership card,USCPIE1988061*1
ChargePoint Network,,,15548181,15548181,DECATURDOWNTWN / STATION 2 (L),25119551,247,3217043581,2024-07-08T15:28:59Z,2024-07-08T15:30:20Z,,0.000000,0.0,credit_card_terminal,Payment via credit card or debit card terminal,USCPIE15548181*1
ChargePoint Network,,,5565291,5565291,7SPC / SCES LECONTE 1,9205191,3,3207162861,2024-07-03T04:22:28Z,2024-07-03T05:51:58Z,,5.056758,3.7387,membership,Payment by membership account and/or membership card,USCPIE5565291*1
ChargePoint Network,,,9777021,9777021,CRMC / CRMC-2- L2RIGHT,17361741,3,3235667651,2024-07-16T18:54:35Z,2024-07-16T19:48:16Z,,6.366017,7.3228,credit_card_terminal,Payment via credit card or debit card terminal,USCPIE9777021*1
ChargePoint Network,,,1921351,1921351,STARKVILLE UTIL / STARKVILLE DWTN,23682581,3,3263071551,2024-07-28T19:50:19Z,2024-07-28T20:50:12Z,,7.069504,7.1939,membership,Payment by membership account and/or membership card,USCPIE1921351*2
ChargePoint Network,,,13664471,13664471,BTES / STATION 3 (RM),23060511,247,3214098361,2024-07-06T22:01:42Z,2024-07-06T22:05:54Z,,0.000000,0.0,membership,Payment by membership account and/or membership card,USCPIE13664471*1
ChargePoint Network,,,1932851,1932851,BRIGHTRIDGE EV / BR-JC LIBRARY,23319811,3,3220541781,2024-07-09T23:14:39Z,2024-07-10T01:27:41Z,,16.404543,7.505,membership,Payment by membership account and/or membership card,USCPIE1932851*1
ChargePoint Network,,,13659831,13659831,LAWRENCEBURG / STATION 1 (L),23054881,247,3202091301,2024-07-01T00:47:42Z,2024-07-01T00:53:24Z,,6.354600,0.0,membership,Payment by membership account and/or membership card,USCPIE13659831*1
ChargePoint Network,,,14355271,14355271,HARTSELLE 1 / STATION 1 (L),23865711,247,3225591401,2024-07-11T23:20:34Z,2024-07-11T23:45:30Z,,44.417999,116.269,membership,Payment by membership account and/or membership card,USCPIE14355271*1
ChargePoint Network,,,1964521,1964521,EBOFG / GUNTERSVILLE PD,8374211,3,3225783731,2024-07-12T00:47:24Z,2024-07-12T02:11:12Z,,4.893476,3.7113,credit_card_terminal,Payment via credit card or debit card terminal,USCPIE1964521*2
ChargePoint Network,,,5346231,5346231,CULLMANELECTRIC / STATION2-R,8926271,247,3212230721,2024-07-05T20:23:06Z,2024-07-05T20:25:29Z,,0.000000,0.0,membership,Payment by membership account and/or membership card,USCPIE5346231*1
ChargePoint Network,,,13606061,13606061,I24 EXIT11 / STATION 4 (RR),22992511,247,3235618331,2024-07-16T18:31:46Z,2024-07-16T18:42:50Z,,13.438400,0.0,credit_card_terminal,Payment via credit card or debit card terminal,USCPIE13606061*1
ChargePoint Network,,,14097711,14097711,SCOTTSBORO EPB / SEPB DCFC (R),23570811,247,3220205601,2024-07-09T20:49:02Z,2024-07-09T20:50:49Z,,0.000000,0.0,membership,Payment by membership account and/or membership card,USCPIE14097711*1
ChargePoint Network,,,1844191,1844191,CLW / MAIN ST,23050431,3,3254297371,2024-07-24T19:17:08Z,2024-07-24T21:49:40Z,,18.441074,7.3385,membership,Payment by membership account and/or membership card,USCPIE1844191*1
ChargePoint Network,,,5565191,5565191,7SPC / DOLLYWOOD EMPL,9205031,3,3210133861,2024-07-04T15:12:40Z,2024-07-04T21:24:26Z,,29.101522,6.8225,membership,Payment by membership account and/or membership card,USCPIE5565191*1
ChargePoint Network,,,14337221,14337221,HOLSTONELECTRIC / CHURCH HILL-1,23844801,247,3251235421,2024-07-23T15:43:46Z,2024-07-23T16:31:23Z,,52.067101,74.599,credit_card_terminal,Payment via credit card or debit card terminal,USCPIE14337221*1
ChargePoint Network,,,15885771,15885771,TWICKENHAM SQ / HU - STATION 4,25521581,247,3216978081,2024-07-08T15:05:19Z,2024-07-08T15:07:14Z,,1.395000,0.0,other,Any other payment method not specified above. Additional description should be provided in Payment Method Description.,USCPIE15885771*1
ChargePoint Network,,,14083171,14083171,STEMC / STATION 1 (L) H,23554721,247,3243025911,2024-07-19T16:51:41Z,2024-07-19T17:39:54Z,,34.922001,54.096,membership,Payment by membership account and/or membership card,USCPIE14083171*1
ChargePoint Network,,,7505851,7505851,JEFFERSON AVE. / OXFORD STA1(L),,,3253918651,2024-07-24T16:29:21Z,2024-07-24T16:31:22Z,,0.000000,,membership,Payment by membership account and/or membership card,USCPIE7505851*0
ChargePoint Network,,,13659871,13659871,LAWRENCEBURG / STATION 2 (R),23054921,247,3231313291,2024-07-14T22:01:02Z,2024-07-14T22:34:49Z,,39.431099,77.027,membership,Payment by membership account and/or membership card,USCPIE13659871*1
ChargePoint Network,,,15332351,15332351,TUA NW ATLANTIC / STATION 2 (R),24867891,247,3228925161,2024-07-13T14:02:29Z,2024-07-13T15:03:37Z,,48.792301,71.955,credit_card_terminal,Payment via credit card or debit card terminal,USCPIE15332351*1
ChargePoint Network,,,5397731,5397731,EEDEV / MILLIGAN UNIV,9010261,3,3203922801,2024-07-01T21:33:10Z,2024-07-01T21:45:08Z,,0.720390,3.7869,membership,Payment by membership account and/or membership card,USCPIE5397731*2
ChargePoint Network,,,13861861,13861861,BRMEMC / STATION 1,23296281,247,3210097191,2024-07-04T14:40:42Z,2024-07-04T15:00:13Z,,25.677299,85.847,membership,Payment by membership account and/or membership card,USCPIE13861861*1
ChargePoint Network,,,15885151,15885151,TWICKENHAM SQ / HU - STATION 2,25520801,247,3221520531,2024-07-10T12:26:18Z,2024-07-10T12:26:57Z,,0.000000,0.0,membership,Payment by membership account and/or membership card,USCPIE15885151*1
ChargePoint Network,,,12406491,12406491,FPIA / LEFT STATION,21527781,247,3245165511,2024-07-20T17:35:03Z,2024-07-20T18:26:12Z,,32.768002,54.316,membership,Payment by membership account and/or membership card,USCPIE12406491*1
ChargePoint Network,,,15836871,15836871,TOMBIGBEE / TEPA CHARGER 1,,,3245047841,2024-07-20T16:21:00Z,2024-07-20T16:23:01Z,,0.000000,,membership,Payment by membership account and/or membership card,USCPIE15836871*0
ChargePoint Network,,,15694081,15694081,BRIGHTRIDGE EV / STATION 2 (R),25291921,100011,3208447461,2024-07-03T18:50:52Z,2024-07-03T18:58:18Z,,1.236000,0.0,membership,Payment by membership account and/or membership card,USCPIE15694081*1
ChargePoint Network,,,1988061,1988061,7SPC / SCES DOLLYWOOD,25499841,3,3244808001,2024-07-20T13:15:34Z,2024-07-20T19:56:19Z,,43.998421,6.6866,membership,Payment by membership account and/or membership card,USCPIE1988061*2
ChargePoint Network,,,1964521,1964521,EBOFG / GUNTERSVILLE PD,8374211,3,3235502521,2024-07-16T17:37:22Z,2024-07-16T21:45:31Z,,7.405766,3.6914,membership,Payment by membership account and/or membership card,USCPIE1964521*2
ChargePoint Network,,,13664401,13664401,BTES / STATION 1 (LL),23060421,247,3215155351,2024-07-07T16:21:38Z,2024-07-07T17:06:15Z,,35.844200,60.647,credit_card_terminal,Payment via credit card or debit card terminal,USCPIE13664401*1
ChargePoint Network,,,15885771,15885771,TWICKENHAM SQ / HU - STATION 4,25521581,247,3261171671,2024-07-27T17:35:50Z,2024-07-27T17:44:17Z,,0.000000,0.0,membership,Payment by membership account and/or membership card,USCPIE15885771*1
ChargePoint Network,,,12720881,12720881,WRECC / STATION 1,21977141,247,3231203341,2024-07-14T20:55:46Z,2024-07-14T21:18:19Z,,36.345901,120.431,credit_card_terminal,Payment via credit card or debit card terminal,USCPIE12720881*1
ChargePoint Network,,,5565241,5565241,7SPC / SCES LECONTE 4,9205111,3,3210642141,2024-07-04T21:54:08Z,2024-07-04T21:55:45Z,,0.051915,6.8639,credit_card_terminal,Payment via credit card or debit card terminal,USCPIE5565241*2
ChargePoint Network,,,14359491,14359491,EBOFG / STATION 1 (L),23870291,247,3267861721,2024-07-30T20:37:18Z,2024-07-30T20:38:02Z,,0.000000,0.0,membership,Payment by membership account and/or membership card,USCPIE14359491*1
ChargePoint Network,,,9745721,9745721,CRMC / CRMC-1 - L2LEFT,17301471,3,3249456491,2024-07-22T20:38:58Z,2024-07-22T21:15:07Z,,4.339099,7.3874,membership,Payment by membership account and/or membership card,USCPIE9745721*1
ChargePoint Network,,,5445161,5445161,7SPC / UC - LIVINGSTON,9052351,3,3230699881,2024-07-14T15:25:01Z,2024-07-14T17:21:18Z,,13.539004,7.1098,membership,Payment by membership account and/or membership card,USCPIE5445161*2
ChargePoint Network,,,13290491,13290491,7SPC / NASA USSRC L,25742681,3,3259190381,2024-07-26T17:52:08Z,2024-07-26T21:22:34Z,,20.519087,6.1826,membership,Payment by membership account and/or membership card,USCPIE13290491*2
ChargePoint Network,,,16022131,16022131,ACEPA / ACE STATION 1,,,3241427191,2024-07-18T23:15:19Z,2024-07-18T23:17:20Z,,0.000000,,membership,Payment by membership account and/or membership card,USCPIE16022131*0
ChargePoint Network,,,12406401,12406401,FPIA / RIGHT STATION,21527671,247,3205225901,2024-07-02T13:53:51Z,2024-07-02T14:08:43Z,,16.790400,74.48,membership,Payment by membership account and/or membership card,USCPIE12406401*1
ChargePoint Network,,,8851921,8851921,7SPC / SEVIERVILLE DC1,15571271,207,3228315851,2024-07-13T02:05:39Z,2024-07-13T02:48:40Z,,16.813499,37.599,membership,Payment by membership account and/or membership card,USCPIE8851921*1
ChargePoint Network,,,13659871,13659871,LAWRENCEBURG / STATION 2 (R),23054921,247,3213670501,2024-07-06T17:35:10Z,2024-07-06T17:38:35Z,,2.410700,0.0,membership,Payment by membership account and/or membership card,USCPIE13659871*1
ChargePoint Network,,,13861891,13861891,BRMEMC / STATION 2,23296321,247,3241058941,2024-07-18T20:40:03Z,2024-07-18T21:01:23Z,,24.974701,77.415,membership,Payment by membership account and/or membership card,USCPIE13861891*1
ChargePoint Network,,,8851921,8851921,7SPC / SEVIERVILLE DC1,15571271,207,3224741681,2024-07-11T17:12:01Z,2024-07-11T18:02:57Z,,38.550201,53.872,membership,Payment by membership account and/or membership card,USCPIE8851921*1
ChargePoint Network,,,13861861,13861861,BRMEMC / STATION 1,23296281,247,3216922211,2024-07-08T14:44:41Z,2024-07-08T15:44:20Z,,55.128300,75.263,membership,Payment by membership account and/or membership card,USCPIE13861861*1
ChargePoint Network,,,14337501,14337501,HOLSTONELECTRIC / CHURCH HILL-2,23845091,247,3205795151,2024-07-02T17:40:21Z,2024-07-02T18:02:20Z,,25.450899,74.0,credit_card_terminal,Payment via credit card or debit card terminal,USCPIE14337501*1
ChargePoint Network,,,13861891,13861891,BRMEMC / STATION 2,23296321,247,3220638081,2024-07-09T23:58:13Z,2024-07-10T00:48:00Z,,49.513302,90.896,credit_card_terminal,Payment via credit card or debit card terminal,USCPIE13861891*1
ChargePoint Network,,,5122191,5122191,CULLMANELECTRIC / STATION1-L,8482151,247,3225270381,2024-07-11T21:02:04Z,2024-07-11T21:35:52Z,,38.153400,75.636,membership,Payment by membership account and/or membership card,USCPIE5122191*1
ChargePoint Network,,,7505851,7505851,JEFFERSON AVE. / OXFORD STA1(L),12955471,247,3245352361,2024-07-20T19:24:27Z,2024-07-20T19:47:45Z,,25.792801,69.934,credit_card_terminal,Payment via credit card or debit card terminal,USCPIE7505851*1
ChargePoint Network,,,15250701,15250701,SES-TN / STATION 2,,,3221161411,2024-07-10T04:28:32Z,2024-07-10T04:31:04Z,,0.000000,,credit_card_terminal,Payment via credit card or debit card terminal,USCPIE15250701*0
ChargePoint Network,,,13606091,13606091,I24 EXIT11 / STATION 3 (RM),22992551,247,3245347591,2024-07-20T19:21:52Z,2024-07-20T19:22:40Z,,0.000000,0.0,membership,Payment by membership account and/or membership card,USCPIE13606091*1
ChargePoint Network,,,15640031,15640031,NECDC / STATION 1 (L),25228511,247,3217718641,2024-07-08T20:24:03Z,2024-07-08T20:29:01Z,,5.561700,0.0,membership,Payment by membership account and/or membership card,USCPIE15640031*1
ChargePoint Network,,,15885151,15885151,TWICKENHAM SQ / HU - STATION 2,25520801,247,3259247461,2024-07-26T18:20:10Z,2024-07-26T19:26:19Z,,58.481400,69.344,membership,Payment by membership account and/or membership card,USCPIE15885151*1
ChargePoint Network,,,15623211,15623211,CLW / 5TH ST 2 (R),25208281,247,3255273271,2024-07-25T02:24:29Z,2024-07-25T03:02:38Z,,35.599998,61.138,membership,Payment by membership account and/or membership card,USCPIE15623211*1
ChargePoint Network,,,1844191,1844191,CLW / MAIN ST,23050441,3,3248382261,2024-07-22T12:59:04Z,2024-07-22T14:39:58Z,,11.611973,7.0289,membership,Payment by membership account and/or membership card,USCPIE1844191*2
ChargePoint Network,,,15694081,15694081,BRIGHTRIDGE EV / STATION 2 (R),25291921,247,3229335591,2024-07-13T18:39:27Z,2024-07-13T19:24:19Z,,43.375401,63.236,other,Any other payment method not specified above. Additional description should be provided in Payment Method Description.,USCPIE15694081*1
ChargePoint Network,,,14097801,14097801,SCOTTSBORO EPB / SEPB DCFC (L),23570921,247,3240558341,2024-07-18T16:59:28Z,2024-07-18T17:27:22Z,,32.525600,73.904,membership,Payment by membership account and/or membership card,USCPIE14097801*1
ChargePoint Network,,,15280441,15280441,SPRFLD ELECTRIC / STATION 2 (R),24807641,247,3203290981,2024-07-01T16:32:04Z,2024-07-01T18:19:50Z,,46.387600,52.984,membership,Payment by membership account and/or membership card,USCPIE15280441*1
ChargePoint Network,,,13966051,13966051,BEA / STATION 3 (RM),23419981,247,3203766651,2024-07-01T20:17:32Z,2024-07-01T20:39:58Z,,22.554899,75.8,membership,Payment by membership account and/or membership card,USCPIE13966051*1
ChargePoint Network,,,13643801,13643801,PEPA / STATION 2,23036481,247,3246464381,2024-07-21T09:29:59Z,2024-07-21T09:58:31Z,,30.823400,74.646,membership,Payment by membership account and/or membership card,USCPIE13643801*1
ChargePoint Network,,,13290491,13290491,7SPC / NASA USSRC L,25742671,3,3256605411,2024-07-25T17:11:47Z,2024-07-25T19:59:29Z,,17.094807,6.188,membership,Payment by membership account and/or membership card,USCPIE13290491*1
ChargePoint Network,,,1988061,1988061,7SPC / SCES DOLLYWOOD,25499831,3,3213374231,2024-07-06T13:56:11Z,2024-07-06T21:55:40Z,,49.181396,7.0155,membership,Payment by membership account and/or membership card,USCPIE1988061*1
ChargePoint Network,,,14359491,14359491,EBOFG / STATION 1 (L),23870291,247,3212283581,2024-07-05T20:54:09Z,2024-07-05T20:55:41Z,,0.000000,0.0,membership,Payment by membership account and/or membership card,USCPIE14359491*1
ChargePoint Network,,,15836871,15836871,TOMBIGBEE / TEPA CHARGER 1,25462501,247,3261155741,2024-07-27T17:26:23Z,2024-07-27T17:35:58Z,,16.635300,112.839,credit_card_terminal,Payment via credit card or debit card terminal,USCPIE15836871*1
ChargePoint Network,,,15623231,15623231,CLW / 5TH ST 1 (L),25208301,247,3263107421,2024-07-28T20:11:26Z,2024-07-28T20:30:03Z,,21.825600,76.44,membership,Payment by membership account and/or membership card,USCPIE15623231*1
ChargePoint Network,,,15332351,15332351,TUA NW ATLANTIC / STATION 2 (R),24867891,247,3245898761,2024-07-21T00:36:26Z,2024-07-21T01:25:51Z,,51.327000,121.143,membership,Payment by membership account and/or membership card,USCPIE15332351*1
ChargePoint Network,,,13290491,13290491,7SPC / NASA USSRC L,25742671,3,3260987761,2024-07-27T15:38:36Z,2024-07-27T18:53:32Z,,19.721344,6.2066,membership,Payment by membership account and/or membership card,USCPIE13290491*1
ChargePoint Network,,,13606121,13606121,I24 EXIT11 / STATION 2 (LM),22992591,247,3212587391,2024-07-05T23:46:25Z,2024-07-06T00:24:12Z,,37.056499,72.003,membership,Payment by membership account and/or membership card,USCPIE13606121*1
ChargePoint Network,,,15694081,15694081,BRIGHTRIDGE EV / STATION 2 (R),25291921,247,3238382431,2024-07-17T19:45:23Z,2024-07-17T20:07:41Z,,25.197901,72.666,membership,Payment by membership account and/or membership card,USCPIE15694081*1
ChargePoint Network,,,15332351,15332351,TUA NW ATLANTIC / STATION 2 (R),24867891,247,3212595441,2024-07-05T23:51:48Z,2024-07-06T00:14:23Z,,32.219501,87.169,membership,Payment by membership account and/or membership card,USCPIE15332351*1
ChargePoint Network,,,15885151,15885151,TWICKENHAM SQ / HU - STATION 2,25520801,247,3217487281,2024-07-08T18:39:58Z,2024-07-08T21:31:42Z,,76.341499,70.559,membership,Payment by membership account and/or membership card,USCPIE15885151*1
ChargePoint Network,,,13290491,13290491,7SPC / NASA USSRC L,25742681,3,3265125501,2024-07-29T18:47:50Z,2024-07-29T20:00:55Z,,7.356784,6.2458,credit_card_terminal,Payment via credit card or debit card terminal,USCPIE13290491*2
ChargePoint Network,,,14083171,14083171,STEMC / STATION 1 (L) H,23554721,247,3214238101,2024-07-06T23:26:58Z,2024-07-06T23:58:44Z,,37.241501,75.269,membership,Payment by membership account and/or membership card,USCPIE14083171*1
ChargePoint Network,,,13664471,13664471,BTES / STATION 3 (RM),23060511,247,3261039021,2024-07-27T16:11:41Z,2024-07-27T16:43:24Z,,26.912001,124.154,membership,Payment by membership account and/or membership card,USCPIE13664471*1
ChargePoint Network,,,5346231,5346231,CULLMANELECTRIC / STATION2-R,8926271,247,3213468911,2024-07-06T15:19:45Z,2024-07-06T16:00:21Z,,23.806700,54.243,membership,Payment by membership account and/or membership card,USCPIE5346231*1
ChargePoint Network,,,13659831,13659831,LAWRENCEBURG / STATION 1 (L),23054881,247,3210131731,2024-07-04T15:10:48Z,2024-07-04T15:28:08Z,,19.483801,75.068,membership,Payment by membership account and/or membership card,USCPIE13659831*1
ChargePoint Network,,,15694171,15694171,BRIGHTRIDGE EV / STATION 1 (L),25292041,247,3256961741,2024-07-25T19:50:21Z,2024-07-25T20:26:32Z,,61.488098,118.426,membership,Payment by membership account and/or membership card,USCPIE15694171*1
ChargePoint Network,,,9677521,9677521,UT PARKING / S7 STATION 1,17169341,3,3235510091,2024-07-16T17:40:38Z,2024-07-16T22:33:58Z,,29.090004,6.6736,membership,Payment by membership account and/or membership card,USCPIE9677521*2
ChargePoint Network,,,14047321,14047321,JEFFERSON AVE. / OXFORD STA2(R),,,3215186281,2024-07-07T16:44:15Z,2024-07-07T16:44:24Z,,0.000000,,credit_card_terminal,Payment via credit card or debit card terminal,USCPIE14047321*0
ChargePoint Network,,,13292801,13292801,LODGE CAST IRON / STORE & MUSEUM,22637551,3,3256866751,2024-07-25T19:11:06Z,2024-07-25T19:21:12Z,,1.091188,6.9066,membership,Payment by membership account and/or membership card,USCPIE13292801*1
ChargePoint Network,,,13606061,13606061,I24 EXIT11 / STATION 4 (RR),22992511,247,3222799831,2024-07-10T21:34:15Z,2024-07-10T22:35:00Z,,60.857399,78.008,membership,Payment by membership account and/or membership card,USCPIE13606061*1
ChargePoint Network,,,5346231,5346231,CULLMANELECTRIC / STATION2-R,8926271,247,3208678851,2024-07-03T20:26:32Z,2024-07-03T21:28:52Z,,64.805099,67.177,credit_card_terminal,Payment via credit card or debit card terminal,USCPIE5346231*1
ChargePoint Network,,,12406401,12406401,FPIA / RIGHT STATION,21527671,247,3215728561,2024-07-07T22:13:59Z,2024-07-07T22:31:18Z,,17.746000,70.952,membership,Payment by membership account and/or membership card,USCPIE12406401*1
ChargePoint Network,,,1988141,1988141,7SPC / SCES DREAM MORE,2355561,3,3252093801,2024-07-23T21:43:39Z,2024-07-23T21:43:55Z,,0.000000,0.0,membership,Payment by membership account and/or membership card,USCPIE1988141*1
ChargePoint Network,,,8851921,8851921,7SPC / SEVIERVILLE DC1,15571271,100011,3255679291,2024-07-25T08:38:39Z,2024-07-25T11:09:43Z,,38.665699,20.184,membership,Payment by membership account and/or membership card,USCPIE8851921*1
ChargePoint Network,,,13664401,13664401,BTES / STATION 1 (LL),,,3220175691,2024-07-09T20:35:05Z,2024-07-09T20:35:41Z,,0.000000,,membership,Payment by membership account and/or membership card,USCPIE13664401*0
ChargePoint Network,,,14337501,14337501,HOLSTONELECTRIC / CHURCH HILL-2,23845091,100011,3212705301,2024-07-06T00:56:00Z,2024-07-06T01:37:31Z,,28.474600,52.5,credit_card_terminal,Payment via credit card or debit card terminal,USCPIE14337501*1
ChargePoint Network,,,15885771,15885771,TWICKENHAM SQ / HU - STATION 4,25521581,247,3256668681,2024-07-25T17:41:27Z,2024-07-25T17:42:08Z,,0.000000,0.0,membership,Payment by membership account and/or membership card,USCPIE15885771*1
ChargePoint Network,,,15885251,15885251,TWICKENHAM SQ / HU - STATION 1,25520941,247,3226780971,2024-07-12T14:18:30Z,2024-07-12T14:48:25Z,,17.156099,72.912,other,Any other payment method not specified above. Additional description should be provided in Payment Method Description.,USCPIE15885251*1
ChargePoint Network,,,1921351,1921351,STARKVILLE UTIL / STARKVILLE DWTN,23682581,3,3259587511,2024-07-26T20:51:46Z,2024-07-27T12:03:41Z,,52.983379,7.3416,membership,Payment by membership account and/or membership card,USCPIE1921351*2
ChargePoint Network,,,13664401,13664401,BTES / STATION 1 (LL),23060421,247,3220185871,2024-07-09T20:39:59Z,2024-07-09T21:06:40Z,,15.822900,46.617,membership,Payment by membership account and/or membership card,USCPIE13664401*1
ChargePoint Network,,,12406491,12406491,FPIA / LEFT STATION,21527781,247,3265672251,2024-07-29T22:49:29Z,2024-07-29T23:08:19Z,,21.049700,70.363,other,Any other payment method not specified above. Additional description should be provided in Payment Method Description.,USCPIE12406491*1
ChargePoint Network,,,5384781,5384781,7SPC / TRI-COUNTY EMC,9273701,3,3222864471,2024-07-10T22:02:29Z,2024-07-11T00:13:48Z,,15.941727,7.3409,membership,Payment by membership account and/or membership card,USCPIE5384781*2
ChargePoint Network,,,13861861,13861861,BRMEMC / STATION 1,23296281,247,3231704231,2024-07-15T01:41:42Z,2024-07-15T02:25:27Z,,49.551498,70.98,membership,Payment by membership account and/or membership card,USCPIE13861861*1
ChargePoint Network,,,13606121,13606121,I24 EXIT11 / STATION 2 (LM),22992591,247,3250086731,2024-07-23T01:27:03Z,2024-07-23T01:59:25Z,,38.590801,76.041,membership,Payment by membership account and/or membership card,USCPIE13606121*1
ChargePoint Network,,,8851921,8851921,7SPC / SEVIERVILLE DC1,15571271,207,3226542671,2024-07-12T11:58:22Z,2024-07-12T12:48:15Z,,30.763399,53.428,membership,Payment by membership account and/or membership card,USCPIE8851921*1
ChargePoint Network,,,15885771,15885771,TWICKENHAM SQ / HU - STATION 4,25521581,100011,3225382571,2024-07-11T21:50:22Z,2024-07-11T22:17:25Z,,13.073700,31.475,membership,Payment by membership account and/or membership card,USCPIE15885771*1
ChargePoint Network,,,15640031,15640031,NECDC / STATION 1 (L),25228511,247,3265366231,2024-07-29T20:31:57Z,2024-07-29T21:52:23Z,,122.438004,98.496,membership,Payment by membership account and/or membership card,USCPIE15640031*1
ChargePoint Network,,,13423581,13423581,AEC / STATION #2 (R),22787011,247,3215122151,2024-07-07T15:57:18Z,2024-07-07T16:20:22Z,,27.248400,75.056,membership,Payment by membership account and/or membership card,USCPIE13423581*1
ChargePoint Network,,,15684301,15684301,MLEC / STATION 1 (L) W,25280151,247,3203357921,2024-07-01T16:59:41Z,2024-07-01T17:06:25Z,,5.707800,0.0,membership,Payment by membership account and/or membership card,USCPIE15684301*1provider_id,station_id,site_id,charger_id,evse_id,evse_name,port_id,connector_id,session_id,session_start,session_end,session_error,energy_kwh,peak_power_kw,payment_method,payment_other,eMI3 Port id
ChargePoint Network,,,12720861,12720861,WRECC / STATION 2,21977121,247,3254474371,2024-07-24T20:30:20Z,2024-07-24T21:17:53Z,,31.644300,53.576,membership,Payment by membership account and/or membership card,USCPIE12720861*1
ChargePoint Network,,,13423691,13423691,AEC / STATION #1 (L),22787121,247,3213226491,2024-07-06T09:06:17Z,2024-07-06T09:43:36Z,,46.603401,77.615,credit_card_terminal,Payment via credit card or debit card terminal,USCPIE13423691*1
ChargePoint Network,,,8851921,8851921,7SPC / SEVIERVILLE DC1,15571271,207,3248321101,2024-07-22T12:26:25Z,2024-07-22T12:35:16Z,,7.004300,51.897,membership,Payment by membership account and/or membership card,USCPIE8851921*1
ChargePoint Network,,,9745721,9745721,CRMC / CRMC-1 - L2LEFT,17301471,3,3205041391,2024-07-02T12:13:44Z,2024-07-02T15:19:02Z,,19.583988,6.3924,membership,Payment by membership account and/or membership card,USCPIE9745721*1
ChargePoint Network,,,13880891,13880891,MU / MUC MAIN OFFICE,23319021,3,3219714211,2024-07-09T17:07:42Z,2024-07-09T21:01:01Z,,26.498154,7.0398,membership,Payment by membership account and/or membership card,USCPIE13880891*2
ChargePoint Network,,,15694171,15694171,BRIGHTRIDGE EV / STATION 1 (L),25292041,247,3229097991,2024-07-13T16:12:35Z,2024-07-13T16:38:15Z,,30.199900,76.244,membership,Payment by membership account and/or membership card,USCPIE15694171*1
ChargePoint Network,,,15815141,15815141,GEA-1 / STATION 1 (L),25435121,247,3229051931,2024-07-13T15:42:17Z,2024-07-13T15:43:42Z,,0.000000,0.0,membership,Payment by membership account and/or membership card,USCPIE15815141*1
ChargePoint Network,,,13423691,13423691,AEC / STATION #1 (L),22787121,247,3245346991,2024-07-20T19:21:29Z,2024-07-20T20:17:08Z,,65.793404,75.648,membership,Payment by membership account and/or membership card,USCPIE13423691*1
ChargePoint Network,,,13606061,13606061,I24 EXIT11 / STATION 4 (RR),22992511,247,3259790731,2024-07-26T22:25:22Z,2024-07-26T23:46:54Z,,44.211700,75.0,membership,Payment by membership account and/or membership card,USCPIE13606061*1
ChargePoint Network,,,14097801,14097801,SCOTTSBORO EPB / SEPB DCFC (L),23570921,247,3203690901,2024-07-01T19:43:53Z,2024-07-01T20:25:33Z,,48.992100,74.447,credit_card_terminal,Payment via credit card or debit card terminal,USCPIE14097801*1
ChargePoint Network,,,15836871,15836871,TOMBIGBEE / TEPA CHARGER 1,25462501,247,3254210351,2024-07-24T18:38:16Z,2024-07-24T18:56:13Z,,23.977699,120.12,membership,Payment by membership account and/or membership card,USCPIE15836871*1
ChargePoint Network,,,15332351,15332351,TUA NW ATLANTIC / STATION 2 (R),24867891,247,3236295731,2024-07-16T23:15:26Z,2024-07-16T23:55:33Z,,41.243198,121.788,membership,Payment by membership account and/or membership card,USCPIE15332351*1
ChargePoint Network,,,14337221,14337221,HOLSTONELECTRIC / CHURCH HILL-1,23844801,247,3217009661,2024-07-08T15:17:06Z,2024-07-08T15:39:54Z,,15.302800,124.332,credit_card_terminal,Payment via credit card or debit card terminal,USCPIE14337221*1
ChargePoint Network,,,14359491,14359491,EBOFG / STATION 1 (L),23870291,247,3244864831,2024-07-20T14:08:35Z,2024-07-20T14:09:25Z,,0.000000,0.0,membership,Payment by membership account and/or membership card,USCPIE14359491*1
ChargePoint Network,,,15332321,15332321,TUA NW ATLANTIC / STATION 1 (L),24867861,247,3219863821,2024-07-09T18:20:12Z,2024-07-09T18:49:39Z,,33.403198,74.087,membership,Payment by membership account and/or membership card,USCPIE15332321*1
ChargePoint Network,,,7505851,7505851,JEFFERSON AVE. / OXFORD STA1(L),12955471,247,3224845691,2024-07-11T18:00:09Z,2024-07-11T18:04:20Z,,0.000000,0.0,membership,Payment by membership account and/or membership card,USCPIE7505851*1
ChargePoint Network,,,1988061,1988061,7SPC / SCES DOLLYWOOD,25499841,3,3262068891,2024-07-28T02:22:58Z,2024-07-28T02:30:46Z,,0.890391,7.2907,membership,Payment by membership account and/or membership card,USCPIE1988061*2
ChargePoint Network,,,16022131,16022131,ACEPA / ACE STATION 1,25683791,247,3227873081,2024-07-12T22:23:57Z,2024-07-12T22:24:34Z,,0.134600,0.0,membership,Payment by membership account and/or membership card,USCPIE16022131*1
ChargePoint Network,,,13606091,13606091,I24 EXIT11 / STATION 3 (RM),22992551,247,3247478381,2024-07-21T23:21:15Z,2024-07-21T23:22:29Z,,0.000000,0.0,membership,Payment by membership account and/or membership card,USCPIE13606091*1
ChargePoint Network,,,15836871,15836871,TOMBIGBEE / TEPA CHARGER 1,25462501,247,3261405061,2024-07-27T19:51:39Z,2024-07-27T20:07:21Z,,13.710200,109.288,membership,Payment by membership account and/or membership card,USCPIE15836871*1
ChargePoint Network,,,5346231,5346231,CULLMANELECTRIC / STATION2-R,8926271,247,3204992341,2024-07-02T11:40:16Z,2024-07-02T11:55:06Z,,11.932100,67.935,other,Any other payment method not specified above. Additional description should be provided in Payment Method Description.,USCPIE5346231*1
ChargePoint Network,,,5354011,5354011,7SPC / GREENEVILLE TA,8936791,207,3233115961,2024-07-15T18:31:46Z,2024-07-15T19:12:26Z,,29.736900,50.169,credit_card_terminal,Payment via credit card or debit card terminal,USCPIE5354011*1
ChargePoint Network,,,15885771,15885771,TWICKENHAM SQ / HU - STATION 4,25521581,247,3256671991,2024-07-25T17:43:17Z,2024-07-25T18:50:30Z,,86.572800,123.113,membership,Payment by membership account and/or membership card,USCPIE15885771*1
ChargePoint Network,,,1921531,1921531,STARKVILLE UTIL / STARKVILLE REC,2268561,3,3237531271,2024-07-17T13:59:24Z,2024-07-17T20:07:40Z,,43.901913,7.2391,membership,Payment by membership account and/or membership card,USCPIE1921531*2
ChargePoint Network,,,14047321,14047321,JEFFERSON AVE. / OXFORD STA2(R),,,3238644901,2024-07-17T21:36:03Z,2024-07-17T21:36:07Z,,0.000000,,membership,Payment by membership account and/or membership card,USCPIE14047321*0
ChargePoint Network,,,15694081,15694081,BRIGHTRIDGE EV / STATION 2 (R),25291921,247,3206561931,2024-07-02T23:16:55Z,2024-07-02T23:31:18Z,,16.776501,73.283,membership,Payment by membership account and/or membership card,USCPIE15694081*1
ChargePoint Network,,,13290491,13290491,7SPC / NASA USSRC L,25742681,3,3251185511,2024-07-23T15:28:15Z,2024-07-23T16:42:49Z,,7.333030,6.0114,membership,Payment by membership account and/or membership card,USCPIE13290491*2
ChargePoint Network,,,1844191,1844191,CLW / MAIN ST,23050431,3,3266748851,2024-07-30T13:00:33Z,2024-07-30T22:40:24Z,,63.251118,7.0251,membership,Payment by membership account and/or membership card,USCPIE1844191*1
ChargePoint Network,,,13861861,13861861,BRMEMC / STATION 1,23296281,247,3222062041,2024-07-10T16:14:33Z,2024-07-10T17:17:35Z,,68.332603,75.459,membership,Payment by membership account and/or membership card,USCPIE13861861*1
ChargePoint Network,,,12460751,12460751,PES / LEFT STATION,22360171,215,3233455571,2024-07-15T21:02:13Z,2024-07-16T16:19:36Z,,22.009001,7.693,membership,Payment by membership account and/or membership card,USCPIE12460751*1
ChargePoint Network,,,15332351,15332351,TUA NW ATLANTIC / STATION 2 (R),24867891,247,3215310531,2024-07-07T18:02:57Z,2024-07-07T18:12:39Z,,16.744101,0.0,membership,Payment by membership account and/or membership card,USCPIE15332351*1
ChargePoint Network,,,15623231,15623231,CLW / 5TH ST 1 (L),25208301,247,3262458121,2024-07-28T10:20:00Z,2024-07-28T11:12:08Z,,60.743801,75.078,membership,Payment by membership account and/or membership card,USCPIE15623231*1
ChargePoint Network,,,15332321,15332321,TUA NW ATLANTIC / STATION 1 (L),24867861,247,3233389471,2024-07-15T20:33:04Z,2024-07-15T21:12:58Z,,51.943501,81.315,membership,Payment by membership account and/or membership card,USCPIE15332321*1
ChargePoint Network,,,1964521,1964521,EBOFG / GUNTERSVILLE PD,8374211,3,3218916871,2024-07-09T11:17:52Z,2024-07-09T11:48:03Z,,3.527049,7.2202,credit_card_terminal,Payment via credit card or debit card terminal,USCPIE1964521*2
ChargePoint Network,,,15694081,15694081,BRIGHTRIDGE EV / STATION 2 (R),25291921,247,3209959071,2024-07-04T11:53:39Z,2024-07-04T11:53:53Z,,0.000000,0.0,phone_online,"Payment through mobile app, website, automated phone number or messaging system",USCPIE15694081*1
ChargePoint Network,,,13606141,13606141,I24 EXIT11 / STATION 1 (LL),22992611,100011,3231627741,2024-07-15T00:56:59Z,2024-07-15T01:41:25Z,,26.526600,43.4,membership,Payment by membership account and/or membership card,USCPIE13606141*1
ChargePoint Network,,,15684341,15684341,MLEC / STATION 2 (R) W,25280201,247,3267740751,2024-07-30T19:47:03Z,2024-07-30T19:49:21Z,,0.000000,0.0,membership,Payment by membership account and/or membership card,USCPIE15684341*1
ChargePoint Network,,,5354011,5354011,7SPC / GREENEVILLE TA,8936791,207,3209297451,2024-07-04T01:04:02Z,2024-07-04T01:58:10Z,,24.952700,28.259,membership,Payment by membership account and/or membership card,USCPIE5354011*1
ChargePoint Network,,,5346231,5346231,CULLMANELECTRIC / STATION2-R,8926271,247,3208203601,2024-07-03T17:02:40Z,2024-07-03T17:33:04Z,,28.594101,76.244,other,Any other payment method not specified above. Additional description should be provided in Payment Method Description.,USCPIE5346231*1
ChargePoint Network,,,15885771,15885771,TWICKENHAM SQ / HU - STATION 4,25521581,247,3256899211,2024-07-25T19:24:27Z,2024-07-25T20:23:59Z,,71.376701,76.05,membership,Payment by membership account and/or membership card,USCPIE15885771*1
ChargePoint Network,,,15548181,15548181,DECATURDOWNTWN / STATION 2 (L),25119551,247,3228045701,2024-07-12T23:51:50Z,2024-07-13T00:15:26Z,,25.153900,89.984,membership,Payment by membership account and/or membership card,USCPIE15548181*1
ChargePoint Network,,,13606061,13606061,I24 EXIT11 / STATION 4 (RR),22992511,247,3226685681,2024-07-12T13:26:44Z,2024-07-12T13:50:33Z,,39.891499,120.582,membership,Payment by membership account and/or membership card,USCPIE13606061*1
ChargePoint Network,,,13966811,13966811,BEA / STATION 2 (LM),23420881,247,3233268481,2024-07-15T19:41:02Z,2024-07-15T20:36:20Z,,64.073502,74.108,membership,Payment by membership account and/or membership card,USCPIE13966811*1
ChargePoint Network,,,13606091,13606091,I24 EXIT11 / STATION 3 (RM),22992551,247,3245845331,2024-07-21T00:04:34Z,2024-07-21T00:33:41Z,,38.408501,84.942,membership,Payment by membership account and/or membership card,USCPIE13606091*1
ChargePoint Network,,,15885771,15885771,TWICKENHAM SQ / HU - STATION 4,25521581,100011,3205656681,2024-07-02T16:37:06Z,2024-07-02T16:41:51Z,,2.040400,0.0,membership,Payment by membership account and/or membership card,USCPIE15885771*1
ChargePoint Network,,,15885771,15885771,TWICKENHAM SQ / HU - STATION 4,,,3205655471,2024-07-02T16:36:34Z,2024-07-02T16:36:43Z,,0.000000,,membership,Payment by membership account and/or membership card,USCPIE15885771*0
ChargePoint Network,,,1964521,1964521,EBOFG / GUNTERSVILLE PD,8374211,3,3267257171,2024-07-30T16:14:50Z,2024-07-30T16:44:12Z,,3.524957,7.4079,membership,Payment by membership account and/or membership card,USCPIE1964521*2
ChargePoint Network,,,12720861,12720861,WRECC / STATION 2,21977121,247,3242291321,2024-07-19T10:33:58Z,2024-07-19T10:41:54Z,,9.436700,0.0,membership,Payment by membership account and/or membership card,USCPIE12720861*1
ChargePoint Network,,,14359531,14359531,EBOFG / STATION 2 (R),23870331,247,3219125191,2024-07-09T13:23:23Z,2024-07-09T13:25:44Z,,0.000000,0.0,credit_card_terminal,Payment via credit card or debit card terminal,USCPIE14359531*1
ChargePoint Network,,,9677521,9677521,UT PARKING / S7 STATION 1,17169341,3,3267205151,2024-07-30T15:58:02Z,2024-07-30T16:26:45Z,,3.128849,6.5921,membership,Payment by membership account and/or membership card,USCPIE9677521*2
ChargePoint Network,,,15836981,15836981,TOMBIGBEE / TEPA CHARGER 2,25462651,247,3212965441,2024-07-06T03:30:57Z,2024-07-06T03:50:26Z,,17.414101,59.779,membership,Payment by membership account and/or membership card,USCPIE15836981*1
ChargePoint Network,,,13966851,13966851,BEA / STATION 1 (LL),23420911,247,3210629651,2024-07-04T21:44:44Z,2024-07-04T21:54:15Z,,10.348400,20.354,membership,Payment by membership account and/or membership card,USCPIE13966851*1
ChargePoint Network,,,5346231,5346231,CULLMANELECTRIC / STATION2-R,8926271,247,3231054551,2024-07-14T19:23:19Z,2024-07-14T20:07:28Z,,50.374100,122.915,membership,Payment by membership account and/or membership card,USCPIE5346231*1
ChargePoint Network,,,5346231,5346231,CULLMANELECTRIC / STATION2-R,8926271,247,3265204961,2024-07-29T19:23:53Z,2024-07-29T20:13:50Z,,25.193100,54.167,membership,Payment by membership account and/or membership card,USCPIE5346231*1
ChargePoint Network,,,13659871,13659871,LAWRENCEBURG / STATION 2 (R),23054921,247,3259442161,2024-07-26T19:47:47Z,2024-07-26T20:31:14Z,,48.403301,72.269,membership,Payment by membership account and/or membership card,USCPIE13659871*1
ChargePoint Network,,,13803581,13803581,FPU / STATION 1 (L),23227201,247,3213339081,2024-07-06T13:19:54Z,2024-07-06T14:24:29Z,,61.350601,62.18,membership,Payment by membership account and/or membership card,USCPIE13803581*1
ChargePoint Network,,,12406401,12406401,FPIA / RIGHT STATION,21527671,247,3208847121,2024-07-03T21:38:44Z,2024-07-03T22:07:12Z,,39.239101,88.892,membership,Payment by membership account and/or membership card,USCPIE12406401*1
ChargePoint Network,,,13966051,13966051,BEA / STATION 3 (RM),23419981,247,3265768271,2024-07-29T23:33:52Z,2024-07-29T23:57:42Z,,23.200600,73.5,membership,Payment by membership account and/or membership card,USCPIE13966051*1
ChargePoint Network,,,14097711,14097711,SCOTTSBORO EPB / SEPB DCFC (R),23570811,247,3262597501,2024-07-28T14:20:28Z,2024-07-28T15:04:55Z,,48.464001,70.831,membership,Payment by membership account and/or membership card,USCPIE14097711*1
ChargePoint Network,,,12406491,12406491,FPIA / LEFT STATION,21527781,247,3266010481,2024-07-30T01:25:07Z,2024-07-30T02:39:45Z,,48.731998,54.9,membership,Payment by membership account and/or membership card,USCPIE12406491*1
ChargePoint Network,,,1964521,1964521,EBOFG / GUNTERSVILLE PD,8374211,3,3266728221,2024-07-30T12:51:38Z,2024-07-30T13:29:53Z,,4.503630,7.2619,membership,Payment by membership account and/or membership card,USCPIE1964521*2
ChargePoint Network,,,5363211,5363211,HARTSELLE 1 / HARTSELLE 1,23427571,3,3243248831,2024-07-19T18:34:35Z,2024-07-19T19:54:30Z,,9.614123,7.3147,membership,Payment by membership account and/or membership card,USCPIE5363211*1
ChargePoint Network,,,12720861,12720861,WRECC / STATION 2,21977121,247,3210058141,2024-07-04T14:01:34Z,2024-07-04T14:14:33Z,,20.665701,0.0,membership,Payment by membership account and/or membership card,USCPIE12720861*1
ChargePoint Network,,,13606141,13606141,I24 EXIT11 / STATION 1 (LL),22992611,247,3240783441,2024-07-18T18:43:00Z,2024-07-18T18:57:14Z,,16.917999,74.447,credit_card_terminal,Payment via credit card or debit card terminal,USCPIE13606141*1
ChargePoint Network,,,5346231,5346231,CULLMANELECTRIC / STATION2-R,8926271,247,3210106961,2024-07-04T14:49:56Z,2024-07-04T14:57:12Z,,7.476500,0.0,other,Any other payment method not specified above. Additional description should be provided in Payment Method Description.,USCPIE5346231*1
ChargePoint Network,,,14047321,14047321,JEFFERSON AVE. / OXFORD STA2(R),,,3246204511,2024-07-21T03:52:36Z,2024-07-21T03:52:40Z,,0.000000,,membership,Payment by membership account and/or membership card,USCPIE14047321*0
ChargePoint Network,,,14359491,14359491,EBOFG / STATION 1 (L),23870291,247,3212480851,2024-07-05T22:43:50Z,2024-07-05T22:44:47Z,,0.000000,0.0,membership,Payment by membership account and/or membership card,USCPIE14359491*1
ChargePoint Network,,,5525971,5525971,7SPC / SPARTA TN,9154681,3,3244015011,2024-07-20T00:27:20Z,2024-07-20T00:53:49Z,,2.955650,6.8962,membership,Payment by membership account and/or membership card,USCPIE5525971*1
ChargePoint Network,,,13880891,13880891,MU / MUC MAIN OFFICE,23319021,3,3230585301,2024-07-14T13:24:58Z,2024-07-14T16:12:07Z,,19.963566,7.2754,membership,Payment by membership account and/or membership card,USCPIE13880891*2
ChargePoint Network,,,15885151,15885151,TWICKENHAM SQ / HU - STATION 2,25520801,247,3247014491,2024-07-21T18:57:14Z,2024-07-21T20:24:13Z,,45.957901,68.208,membership,Payment by membership account and/or membership card,USCPIE15885151*1
ChargePoint Network,,,5619801,5619801,7SPC / WARREN RECC BG,25687251,3,3230273971,2024-07-14T04:07:02Z,2024-07-14T10:17:20Z,,39.019886,6.3848,membership,Payment by membership account and/or membership card,USCPIE5619801*1
ChargePoint Network,,,15836871,15836871,TOMBIGBEE / TEPA CHARGER 1,25462501,247,3259373971,2024-07-26T19:19:13Z,2024-07-26T19:40:07Z,,24.141899,70.755,membership,Payment by membership account and/or membership card,USCPIE15836871*1
ChargePoint Network,,,15332351,15332351,TUA NW ATLANTIC / STATION 2 (R),24867891,247,3259385751,2024-07-26T19:24:12Z,2024-07-26T19:53:05Z,,31.710199,79.575,membership,Payment by membership account and/or membership card,USCPIE15332351*1
ChargePoint Network,,,12406401,12406401,FPIA / RIGHT STATION,21527671,247,3256574931,2024-07-25T16:59:09Z,2024-07-25T17:20:28Z,,30.925900,92.069,membership,Payment by membership account and/or membership card,USCPIE12406401*1
ChargePoint Network,,,13423691,13423691,AEC / STATION #1 (L),22787121,247,3205922101,2024-07-02T18:41:31Z,2024-07-02T18:50:53Z,,8.207400,67.512,membership,Payment by membership account and/or membership card,USCPIE13423691*1
ChargePoint Network,,,13606091,13606091,I24 EXIT11 / STATION 3 (RM),22992551,247,3236825931,2024-07-17T03:14:26Z,2024-07-17T04:34:59Z,,57.437000,75.239,membership,Payment by membership account and/or membership card,USCPIE13606091*1
ChargePoint Network,,,12754021,12754021,WCMES / CITYHALL1-L,22015241,247,3254619231,2024-07-24T21:31:09Z,2024-07-24T22:31:52Z,,41.161598,73.086,membership,Payment by membership account and/or membership card,USCPIE12754021*1
ChargePoint Network,,,16022131,16022131,ACEPA / ACE STATION 1,25683791,247,3241563601,2024-07-19T00:17:27Z,2024-07-19T00:59:05Z,,45.593102,71.931,membership,Payment by membership account and/or membership card,USCPIE16022131*1
ChargePoint Network,,,1933211,1933211,BRIGHTRIDGE EV / BR-JONESBOROUGH,2283631,3,3215211391,2024-07-07T17:01:21Z,2024-07-07T22:40:57Z,,34.998291,6.3007,credit_card_terminal,Payment via credit card or debit card terminal,USCPIE1933211*1
ChargePoint Network,,,15250771,15250771,SES-TN / STATION 1,24772691,247,3230870071,2024-07-14T17:26:59Z,2024-07-14T18:03:47Z,,14.587300,46.0,membership,Payment by membership account and/or membership card,USCPIE15250771*1
ChargePoint Network,,,15885151,15885151,TWICKENHAM SQ / HU - STATION 2,25520801,247,3227750581,2024-07-12T21:25:54Z,2024-07-12T21:54:14Z,,37.138802,80.73,membership,Payment by membership account and/or membership card,USCPIE15885151*1
ChargePoint Network,,,13606091,13606091,I24 EXIT11 / STATION 3 (RM),22992551,247,3217440791,2024-07-08T18:17:06Z,2024-07-08T18:30:37Z,,8.012900,44.895,membership,Payment by membership account and/or membership card,USCPIE13606091*1
ChargePoint Network,,,1921351,1921351,STARKVILLE UTIL / STARKVILLE DWTN,23682571,3,3221602161,2024-07-10T13:08:06Z,2024-07-10T15:49:37Z,,19.827587,7.424,membership,Payment by membership account and/or membership card,USCPIE1921351*1
ChargePoint Network,,,15332351,15332351,TUA NW ATLANTIC / STATION 2 (R),24867891,247,3222927291,2024-07-10T22:29:18Z,2024-07-10T22:59:44Z,,33.471600,68.055,membership,Payment by membership account and/or membership card,USCPIE15332351*1
ChargePoint Network,,,9677521,9677521,UT PARKING / S7 STATION 1,17169331,3,3232477941,2024-07-15T14:08:22Z,2024-07-15T18:42:08Z,,31.156843,7.1149,membership,Payment by membership account and/or membership card,USCPIE9677521*1
ChargePoint Network,,,5122191,5122191,CULLMANELECTRIC / STATION1-L,8482151,247,3243144271,2024-07-19T17:44:52Z,2024-07-19T18:24:42Z,,48.353901,85.139,membership,Payment by membership account and/or membership card,USCPIE5122191*1
ChargePoint Network,,,14097711,14097711,SCOTTSBORO EPB / SEPB DCFC (R),23570811,247,3225610081,2024-07-11T23:28:57Z,2024-07-11T23:48:12Z,,20.596399,69.147,membership,Payment by membership account and/or membership card,USCPIE14097711*1
ChargePoint Network,,,15332321,15332321,TUA NW ATLANTIC / STATION 1 (L),24867861,247,3239859891,2024-07-18T12:13:54Z,2024-07-18T12:25:33Z,,11.966500,68.055,membership,Payment by membership account and/or membership card,USCPIE15332321*1
ChargePoint Network,,,13643801,13643801,PEPA / STATION 2,23036481,100011,3216049171,2024-07-08T01:17:00Z,2024-07-08T02:10:50Z,,24.349100,30.344,membership,Payment by membership account and/or membership card,USCPIE13643801*1
ChargePoint Network,,,12720881,12720881,WRECC / STATION 1,21977141,247,3212279001,2024-07-05T20:51:20Z,2024-07-05T21:31:25Z,,48.469700,78.012,credit_card_terminal,Payment via credit card or debit card terminal,USCPIE12720881*1
ChargePoint Network,,,1988141,1988141,7SPC / SCES DREAM MORE,2355561,3,3249838971,2024-07-22T23:30:11Z,2024-07-23T01:02:03Z,,10.932422,7.251,membership,Payment by membership account and/or membership card,USCPIE1988141*1
ChargePoint Network,,,5466441,5466441,7SPC / NASA USSRC R,9079371,3,3267279471,2024-07-30T16:22:45Z,2024-07-30T23:00:48Z,,40.244198,6.1345,membership,Payment by membership account and/or membership card,USCPIE5466441*2
ChargePoint Network,,,13606061,13606061,I24 EXIT11 / STATION 4 (RR),22992511,247,3225486621,2024-07-11T22:34:48Z,2024-07-11T23:07:16Z,,37.776699,73.108,membership,Payment by membership account and/or membership card,USCPIE13606061*1
ChargePoint Network,,,12720881,12720881,WRECC / STATION 1,,,3210699441,2024-07-04T22:39:45Z,2024-07-04T22:41:15Z,,0.000000,,credit_card_terminal,Payment via credit card or debit card terminal,USCPIE12720881*0
ChargePoint Network,,,14047321,14047321,JEFFERSON AVE. / OXFORD STA2(R),23514081,247,3235411441,2024-07-16T16:57:14Z,2024-07-16T16:59:59Z,,0.000000,0.0,membership,Payment by membership account and/or membership card,USCPIE14047321*1
ChargePoint Network,,,15332351,15332351,TUA NW ATLANTIC / STATION 2 (R),24867891,100011,3260803991,2024-07-27T13:01:01Z,2024-07-27T13:29:15Z,,5.067500,40.375,membership,Payment by membership account and/or membership card,USCPIE15332351*1
ChargePoint Network,,,12720861,12720861,WRECC / STATION 2,21977121,100011,3267615101,2024-07-30T18:54:19Z,2024-07-30T19:20:34Z,,20.404301,56.139,membership,Payment by membership account and/or membership card,USCPIE12720861*1
ChargePoint Network,,,15332321,15332321,TUA NW ATLANTIC / STATION 1 (L),24867861,247,3249068991,2024-07-22T17:43:38Z,2024-07-22T17:44:34Z,,0.000000,0.0,phone_online,"Payment through mobile app, website, automated phone number or messaging system",USCPIE15332321*1
ChargePoint Network,,,7505851,7505851,JEFFERSON AVE. / OXFORD STA1(L),12955471,247,3257837041,2024-07-26T02:00:51Z,2024-07-26T02:12:09Z,,12.894700,0.0,membership,Payment by membership account and/or membership card,USCPIE7505851*1
ChargePoint Network,,,1988141,1988141,7SPC / SCES DREAM MORE,2355571,3,3214298451,2024-07-07T00:06:03Z,2024-07-07T00:42:43Z,,4.110690,6.8077,membership,Payment by membership account and/or membership card,USCPIE1988141*2
ChargePoint Network,,,15885771,15885771,TWICKENHAM SQ / HU - STATION 4,25521581,247,3226613471,2024-07-12T12:48:17Z,2024-07-12T14:06:54Z,,31.669201,74.25,membership,Payment by membership account and/or membership card,USCPIE15885771*1
ChargePoint Network,,,1988061,1988061,7SPC / SCES DOLLYWOOD,25499831,3,3262685661,2024-07-28T15:38:42Z,2024-07-28T17:41:22Z,,10.445680,7.2706,membership,Payment by membership account and/or membership card,USCPIE1988061*1
ChargePoint Network,,,15885771,15885771,TWICKENHAM SQ / HU - STATION 4,25521581,247,3221693171,2024-07-10T13:54:13Z,2024-07-10T15:02:07Z,,33.888901,73.678,membership,Payment by membership account and/or membership card,USCPIE15885771*1
ChargePoint Network,,,13803581,13803581,FPU / STATION 1 (L),23227201,247,3205406851,2024-07-02T15:08:17Z,2024-07-02T15:50:18Z,,32.768902,61.047,membership,Payment by membership account and/or membership card,USCPIE13803581*1
ChargePoint Network,,,15885151,15885151,TWICKENHAM SQ / HU - STATION 2,25520801,247,3202968601,2024-07-01T14:26:43Z,2024-07-01T14:44:55Z,,13.226400,45.509,membership,Payment by membership account and/or membership card,USCPIE15885151*1
ChargePoint Network,,,13606061,13606061,I24 EXIT11 / STATION 4 (RR),22992511,247,3265339151,2024-07-29T20:20:13Z,2024-07-29T21:10:50Z,,54.450802,78.407,membership,Payment by membership account and/or membership card,USCPIE13606061*1
ChargePoint Network,,,12406491,12406491,FPIA / LEFT STATION,21527781,247,3213234101,2024-07-06T09:43:47Z,2024-07-06T09:46:50Z,,0.000000,0.0,credit_card_terminal,Payment via credit card or debit card terminal,USCPIE12406491*1
ChargePoint Network,,,14337221,14337221,HOLSTONELECTRIC / CHURCH HILL-1,23844801,247,3243859151,2024-07-19T23:08:25Z,2024-07-19T23:52:45Z,,49.297298,74.226,credit_card_terminal,Payment via credit card or debit card terminal,USCPIE14337221*1
ChargePoint Network,,,15623211,15623211,CLW / 5TH ST 2 (R),25208281,247,3206421081,2024-07-02T22:15:23Z,2024-07-02T22:29:48Z,,23.476200,0.0,membership,Payment by membership account and/or membership card,USCPIE15623211*1
ChargePoint Network,,,12406491,12406491,FPIA / LEFT STATION,21527781,247,3240052661,2024-07-18T13:51:43Z,2024-07-18T13:53:36Z,,0.000000,0.0,membership,Payment by membership account and/or membership card,USCPIE12406491*1
ChargePoint Network,,,14097711,14097711,SCOTTSBORO EPB / SEPB DCFC (R),23570811,247,3248497611,2024-07-22T13:56:55Z,2024-07-22T18:37:20Z,,176.624496,107.16,membership,Payment by membership account and/or membership card,USCPIE14097711*1
ChargePoint Network,,,5565191,5565191,7SPC / DOLLYWOOD EMPL,9205041,3,3213337361,2024-07-06T13:15:37Z,2024-07-06T13:17:37Z,,0.000000,0.0,membership,Payment by membership account and/or membership card,USCPIE5565191*2
ChargePoint Network,,,15885151,15885151,TWICKENHAM SQ / HU - STATION 2,,,3231404181,2024-07-14T22:53:13Z,2024-07-14T22:55:14Z,,0.000000,,membership,Payment by membership account and/or membership card,USCPIE15885151*0
ChargePoint Network,,,13643801,13643801,PEPA / STATION 2,23036481,247,3244738431,2024-07-20T11:43:35Z,2024-07-20T12:17:40Z,,16.786600,53.639,membership,Payment by membership account and/or membership card,USCPIE13643801*1
ChargePoint Network,,,13423691,13423691,AEC / STATION #1 (L),22787121,247,3204028291,2024-07-01T22:21:18Z,2024-07-01T22:50:20Z,,27.349400,75.068,membership,Payment by membership account and/or membership card,USCPIE13423691*1
ChargePoint Network,,,13966851,13966851,BEA / STATION 1 (LL),23420911,247,3240594221,2024-07-18T17:14:38Z,2024-07-18T17:59:08Z,,29.959700,74.466,membership,Payment by membership account and/or membership card,USCPIE13966851*1
ChargePoint Network,,,12720861,12720861,WRECC / STATION 2,21977121,247,3248553331,2024-07-22T14:22:23Z,2024-07-22T14:55:09Z,,36.360500,75.599,membership,Payment by membership account and/or membership card,USCPIE12720861*1
ChargePoint Network,,,5525971,5525971,7SPC / SPARTA TN,9154691,3,3227373561,2024-07-12T18:35:28Z,2024-07-12T18:37:30Z,,0.000000,0.0,credit_card_terminal,Payment via credit card or debit card terminal,USCPIE5525971*2
ChargePoint Network,,,13659871,13659871,LAWRENCEBURG / STATION 2 (R),23054921,247,3255996101,2024-07-25T13:23:34Z,2024-07-25T14:09:33Z,,63.470200,122.583,membership,Payment by membership account and/or membership card,USCPIE13659871*1
ChargePoint Network,,,13664501,13664501,BTES / STATION 4 (RR),23060561,247,3208662271,2024-07-03T20:19:47Z,2024-07-03T20:51:08Z,,41.567101,122.891,membership,Payment by membership account and/or membership card,USCPIE13664501*1
ChargePoint Network,,,15280471,15280471,SPRFLD ELECTRIC / STATION 1 (L),24807681,247,3206526321,2024-07-02T23:00:19Z,2024-07-03T01:29:07Z,,23.932899,62.166,membership,Payment by membership account and/or membership card,USCPIE15280471*1
ChargePoint Network,,,12460751,12460751,PES / LEFT STATION,22360171,215,3220211231,2024-07-09T20:51:23Z,2024-07-10T12:25:01Z,,28.286100,7.754,membership,Payment by membership account and/or membership card,USCPIE12460751*1
ChargePoint Network,,,15885771,15885771,TWICKENHAM SQ / HU - STATION 4,25521581,247,3254099181,2024-07-24T17:47:02Z,2024-07-24T17:50:55Z,,3.904800,0.0,membership,Payment by membership account and/or membership card,USCPIE15885771*1
ChargePoint Network,,,14097711,14097711,SCOTTSBORO EPB / SEPB DCFC (R),23570811,247,3214072921,2024-07-06T21:46:24Z,2024-07-06T22:07:49Z,,19.527599,84.968,membership,Payment by membership account and/or membership card,USCPIE14097711*1
ChargePoint Network,,,13861891,13861891,BRMEMC / STATION 2,23296321,247,3213419641,2024-07-06T14:39:41Z,2024-07-06T15:03:32Z,,30.690300,83.134,membership,Payment by membership account and/or membership card,USCPIE13861891*1
ChargePoint Network,,,5122191,5122191,CULLMANELECTRIC / STATION1-L,8482151,247,3250970131,2024-07-23T14:09:05Z,2024-07-23T14:39:23Z,,34.394901,73.26,membership,Payment by membership account and/or membership card,USCPIE5122191*1
ChargePoint Network,,,5525971,5525971,7SPC / SPARTA TN,9154681,3,3227373471,2024-07-12T18:35:28Z,2024-07-12T18:37:27Z,,0.000000,0.0,credit_card_terminal,Payment via credit card or debit card terminal,USCPIE5525971*1
ChargePoint Network,,,15836871,15836871,TOMBIGBEE / TEPA CHARGER 1,25462501,247,3261295871,2024-07-27T18:48:43Z,2024-07-27T19:45:31Z,,54.148602,119.657,credit_card_terminal,Payment via credit card or debit card terminal,USCPIE15836871*1
ChargePoint Network,,,15332321,15332321,TUA NW ATLANTIC / STATION 1 (L),24867861,247,3227342831,2024-07-12T18:22:35Z,2024-07-12T18:33:11Z,,0.000000,0.0,other,Any other payment method not specified above. Additional description should be provided in Payment Method Description.,USCPIE15332321*1
ChargePoint Network,,,5445161,5445161,7SPC / UC - LIVINGSTON,9052351,3,3259694131,2024-07-26T21:39:56Z,2024-07-27T00:29:56Z,,19.904678,7.1068,membership,Payment by membership account and/or membership card,USCPIE5445161*2
ChargePoint Network,,,12406401,12406401,FPIA / RIGHT STATION,21527671,247,3262582201,2024-07-28T14:05:19Z,2024-07-28T14:32:13Z,,31.746300,74.844,membership,Payment by membership account and/or membership card,USCPIE12406401*1
ChargePoint Network,,,15694081,15694081,BRIGHTRIDGE EV / STATION 2 (R),25291921,247,3233496761,2024-07-15T21:20:18Z,2024-07-15T21:59:57Z,,26.292601,76.245,membership,Payment by membership account and/or membership card,USCPIE15694081*1
ChargePoint Network,,,15332351,15332351,TUA NW ATLANTIC / STATION 2 (R),24867891,247,3259195431,2024-07-26T17:54:39Z,2024-07-26T18:16:09Z,,32.215500,94.695,membership,Payment by membership account and/or membership card,USCPIE15332351*1
ChargePoint Network,,,15548151,15548151,DECATURDOWNTWN / STATION 1 (R),25119511,247,3218193021,2024-07-09T00:03:59Z,2024-07-09T00:39:05Z,,30.792700,69.935,credit_card_terminal,Payment via credit card or debit card terminal,USCPIE15548151*1
ChargePoint Network,,,15885791,15885791,TWICKENHAM SQ / HU - STATION 3,25521611,247,3236298731,2024-07-16T23:16:43Z,2024-07-17T00:27:31Z,,51.668999,87.912,membership,Payment by membership account and/or membership card,USCPIE15885791*1
ChargePoint Network,,,8851921,8851921,7SPC / SEVIERVILLE DC1,15571271,100011,3245809161,2024-07-20T23:43:54Z,2024-07-21T00:26:51Z,,27.928499,49.95,membership,Payment by membership account and/or membership card,USCPIE8851921*1
ChargePoint Network,,,13880891,13880891,MU / MUC MAIN OFFICE,23319021,3,3261200151,2024-07-27T17:52:31Z,2024-07-27T18:05:51Z,,1.558600,7.1748,membership,Payment by membership account and/or membership card,USCPIE13880891*2
ChargePoint Network,,,13606061,13606061,I24 EXIT11 / STATION 4 (RR),22992511,247,3261363451,2024-07-27T19:27:42Z,2024-07-27T19:44:49Z,,20.799000,74.268,membership,Payment by membership account and/or membership card,USCPIE13606061*1
ChargePoint Network,,,15694171,15694171,BRIGHTRIDGE EV / STATION 1 (L),25292041,100011,3249771061,2024-07-22T22:58:39Z,2024-07-22T23:02:06Z,,1.623900,0.0,membership,Payment by membership account and/or membership card,USCPIE15694171*1
ChargePoint Network,,,15694081,15694081,BRIGHTRIDGE EV / STATION 2 (R),25291921,100011,3265442001,2024-07-29T21:06:37Z,2024-07-29T21:14:36Z,,1.536900,0.0,membership,Payment by membership account and/or membership card,USCPIE15694081*1
ChargePoint Network,,,1988141,1988141,7SPC / SCES DREAM MORE,2355571,3,3206388301,2024-07-02T22:00:06Z,2024-07-02T22:02:07Z,,0.000000,0.0,membership,Payment by membership account and/or membership card,USCPIE1988141*2
ChargePoint Network,,,5346231,5346231,CULLMANELECTRIC / STATION2-R,8926271,247,3222408491,2024-07-10T18:43:29Z,2024-07-10T18:45:28Z,,0.000000,0.0,membership,Payment by membership account and/or membership card,USCPIE5346231*1
ChargePoint Network,,,13643831,13643831,PEPA / STATION 1,23036511,247,3251382271,2024-07-23T16:33:48Z,2024-07-23T16:57:03Z,,23.905500,71.082,credit_card_terminal,Payment via credit card or debit card terminal,USCPIE13643831*1
ChargePoint Network,,,5619801,5619801,7SPC / WARREN RECC BG,25687261,3,3227672621,2024-07-12T20:51:08Z,2024-07-13T04:16:55Z,,45.593140,6.2073,membership,Payment by membership account and/or membership card,USCPIE5619801*2
ChargePoint Network,,,1988141,1988141,7SPC / SCES DREAM MORE,2355561,3,3217634981,2024-07-08T19:46:22Z,2024-07-08T19:47:28Z,,0.000000,,credit_card_terminal,Payment via credit card or debit card terminal,USCPIE1988141*1
ChargePoint Network,,,15332321,15332321,TUA NW ATLANTIC / STATION 1 (L),24867861,247,3243721241,2024-07-19T22:05:02Z,2024-07-19T22:59:02Z,,39.429699,52.919,membership,Payment by membership account and/or membership card,USCPIE15332321*1
ChargePoint Network,,,15332321,15332321,TUA NW ATLANTIC / STATION 1 (L),24867861,247,3215556731,2024-07-07T20:31:51Z,2024-07-07T21:58:08Z,,48.873699,47.028,membership,Payment by membership account and/or membership card,USCPIE15332321*1
ChargePoint Network,,,15332351,15332351,TUA NW ATLANTIC / STATION 2 (R),24867891,247,3263081981,2024-07-28T19:56:46Z,2024-07-28T22:00:03Z,,69.529503,86.58,credit_card_terminal,Payment via credit card or debit card terminal,USCPIE15332351*1
ChargePoint Network,,,1988141,1988141,7SPC / SCES DREAM MORE,2355571,3,3205678411,2024-07-02T16:46:34Z,2024-07-02T17:54:25Z,,7.587965,6.803,membership,Payment by membership account and/or membership card,USCPIE1988141*2
ChargePoint Network,,,15885251,15885251,TWICKENHAM SQ / HU - STATION 1,25520941,247,3221803641,2024-07-10T14:43:26Z,2024-07-10T15:02:20Z,,13.520400,47.243,membership,Payment by membership account and/or membership card,USCPIE15885251*1
ChargePoint Network,,,13292801,13292801,LODGE CAST IRON / STORE & MUSEUM,22637551,3,3205524311,2024-07-02T15:48:44Z,2024-07-02T16:56:14Z,,7.773864,7.01,membership,Payment by membership account and/or membership card,USCPIE13292801*1
ChargePoint Network,,,5397731,5397731,EEDEV / MILLIGAN UNIV,9010251,3,3208952531,2024-07-03T22:24:33Z,2024-07-04T01:34:10Z,,11.497793,3.7959,membership,Payment by membership account and/or membership card,USCPIE5397731*1
ChargePoint Network,,,1932851,1932851,BRIGHTRIDGE EV / BR-JC LIBRARY,23319811,3,3225319901,2024-07-11T21:24:35Z,2024-07-12T02:15:05Z,,35.824741,7.4899,membership,Payment by membership account and/or membership card,USCPIE1932851*1
ChargePoint Network,,,13290491,13290491,7SPC / NASA USSRC L,25742671,3,3244915861,2024-07-20T14:51:38Z,2024-07-20T17:11:00Z,,12.364215,6.2386,membership,Payment by membership account and/or membership card,USCPIE13290491*1
ChargePoint Network,,,1933211,1933211,BRIGHTRIDGE EV / BR-JONESBOROUGH,2283641,3,3231718801,2024-07-15T01:52:02Z,2024-07-15T02:43:35Z,,4.963797,5.9133,membership,Payment by membership account and/or membership card,USCPIE1933211*2
ChargePoint Network,,,13606141,13606141,I24 EXIT11 / STATION 1 (LL),22992611,247,3265779841,2024-07-29T23:39:32Z,2024-07-30T00:29:54Z,,44.244099,74.199,phone_online,"Payment through mobile app, website, automated phone number or messaging system",USCPIE13606141*1
ChargePoint Network,,,1844191,1844191,CLW / MAIN ST,23050431,3,3229939801,2024-07-14T00:36:58Z,2024-07-14T05:01:12Z,,12.101569,3.3635,membership,Payment by membership account and/or membership card,USCPIE1844191*1
ChargePoint Network,,,13423691,13423691,AEC / STATION #1 (L),22787121,247,3261320671,2024-07-27T19:02:45Z,2024-07-27T19:21:35Z,,21.281000,70.363,membership,Payment by membership account and/or membership card,USCPIE13423691*1
ChargePoint Network,,,14355271,14355271,HARTSELLE 1 / STATION 1 (L),23865711,247,3241593551,2024-07-19T00:31:18Z,2024-07-19T01:45:08Z,,111.140404,97.744,membership,Payment by membership account and/or membership card,USCPIE14355271*1
ChargePoint Network,,,1988061,1988061,7SPC / SCES DOLLYWOOD,25499841,3,3230835411,2024-07-14T17:03:47Z,2024-07-14T21:26:28Z,,30.402983,7.1693,membership,Payment by membership account and/or membership card,USCPIE1988061*2
ChargePoint Network,,,13423691,13423691,AEC / STATION #1 (L),22787121,247,3234072641,2024-07-16T01:40:54Z,2024-07-16T01:41:46Z,,0.000000,0.0,membership,Payment by membership account and/or membership card,USCPIE13423691*1
ChargePoint Network,,,15694081,15694081,BRIGHTRIDGE EV / STATION 2 (R),25291921,247,3244814841,2024-07-20T13:22:57Z,2024-07-20T14:24:37Z,,44.263401,54.167,membership,Payment by membership account and/or membership card,USCPIE15694081*1
ChargePoint Network,,,15694171,15694171,BRIGHTRIDGE EV / STATION 1 (L),25292041,247,3219862501,2024-07-09T18:19:16Z,2024-07-09T18:43:52Z,,28.315201,73.125,membership,Payment by membership account and/or membership card,USCPIE15694171*1
ChargePoint Network,,,13966051,13966051,BEA / STATION 3 (RM),23419981,247,3244603171,2024-07-20T06:40:53Z,2024-07-20T07:13:31Z,,42.473701,80.947,credit_card_terminal,Payment via credit card or debit card terminal,USCPIE13966051*1
ChargePoint Network,,,15623211,15623211,CLW / 5TH ST 2 (R),25208281,247,3235522731,2024-07-16T17:46:29Z,2024-07-16T17:48:12Z,,0.000000,0.0,membership,Payment by membership account and/or membership card,USCPIE15623211*1
ChargePoint Network,,,14049761,14049761,PARIS BPU / STATION 2(R),23516951,247,3222829441,2024-07-10T21:47:09Z,2024-07-10T22:50:18Z,,65.135803,78.012,membership,Payment by membership account and/or membership card,USCPIE14049761*1
ChargePoint Network,,,15684341,15684341,MLEC / STATION 2 (R) W,25280201,247,3254229911,2024-07-24T18:47:10Z,2024-07-24T19:29:17Z,,47.338402,71.904,credit_card_terminal,Payment via credit card or debit card terminal,USCPIE15684341*1
ChargePoint Network,,,15885771,15885771,TWICKENHAM SQ / HU - STATION 4,25521581,247,3207519481,2024-07-03T12:15:57Z,2024-07-03T12:35:16Z,,14.048400,48.5,membership,Payment by membership account and/or membership card,USCPIE15885771*1
ChargePoint Network,,,5619801,5619801,7SPC / WARREN RECC BG,25687261,3,3264354961,2024-07-29T13:15:56Z,2024-07-29T16:06:42Z,,17.138887,6.311,membership,Payment by membership account and/or membership card,USCPIE5619801*2
ChargePoint Network,,,5122191,5122191,CULLMANELECTRIC / STATION1-L,8482151,247,3259274541,2024-07-26T18:33:02Z,2024-07-26T18:35:31Z,,0.000000,0.0,phone_online,"Payment through mobile app, website, automated phone number or messaging system",USCPIE5122191*1
ChargePoint Network,,,15332351,15332351,TUA NW ATLANTIC / STATION 2 (R),24867891,247,3241176991,2024-07-18T21:29:41Z,2024-07-18T22:49:55Z,,52.113899,87.807,membership,Payment by membership account and/or membership card,USCPIE15332351*1
ChargePoint Network,,,12720861,12720861,WRECC / STATION 2,21977121,247,3214138621,2024-07-06T22:26:55Z,2024-07-06T22:48:18Z,,39.382000,117.955,other,Any other payment method not specified above. Additional description should be provided in Payment Method Description.,USCPIE12720861*1
ChargePoint Network,,,15548181,15548181,DECATURDOWNTWN / STATION 2 (L),,,3261305391,2024-07-27T18:53:34Z,2024-07-27T18:53:51Z,,0.000000,,membership,Payment by membership account and/or membership card,USCPIE15548181*0
ChargePoint Network,,,13606091,13606091,I24 EXIT11 / STATION 3 (RM),22992551,247,3250890831,2024-07-23T13:32:29Z,2024-07-23T14:06:03Z,,49.299198,122.737,credit_card_terminal,Payment via credit card or debit card terminal,USCPIE13606091*1
ChargePoint Network,,,1988141,1988141,7SPC / SCES DREAM MORE,2355571,3,3252099541,2024-07-23T21:46:05Z,2024-07-23T21:46:19Z,,0.000000,0.0,membership,Payment by membership account and/or membership card,USCPIE1988141*2
ChargePoint Network,,,14359531,14359531,EBOFG / STATION 2 (R),23870331,247,3216863421,2024-07-08T14:18:01Z,2024-07-08T14:40:34Z,,25.559000,72.635,membership,Payment by membership account and/or membership card,USCPIE14359531*1
ChargePoint Network,,,13290491,13290491,7SPC / NASA USSRC L,25742681,3,3236041471,2024-07-16T21:30:57Z,2024-07-16T23:57:54Z,,13.979296,5.7853,credit_card_terminal,Payment via credit card or debit card terminal,USCPIE13290491*2
ChargePoint Network,,,15885151,15885151,TWICKENHAM SQ / HU - STATION 2,25520801,247,3240075171,2024-07-18T14:02:36Z,2024-07-18T15:50:55Z,,62.138699,84.195,membership,Payment by membership account and/or membership card,USCPIE15885151*1
ChargePoint Network,,,13651631,13651631,MLEC / STATION 2 (R) H,23045821,247,3236407871,2024-07-17T00:03:31Z,2024-07-17T00:19:34Z,,20.150801,80.388,membership,Payment by membership account and/or membership card,USCPIE13651631*1
ChargePoint Network,,,12406491,12406491,FPIA / LEFT STATION,21527781,247,3230853731,2024-07-14T17:15:57Z,2024-07-14T17:49:00Z,,22.708599,46.74,membership,Payment by membership account and/or membership card,USCPIE12406491*1
ChargePoint Network,,,5122191,5122191,CULLMANELECTRIC / STATION1-L,8482151,247,3213674971,2024-07-06T17:37:49Z,2024-07-06T17:41:11Z,,1.885300,0.0,membership,Payment by membership account and/or membership card,USCPIE5122191*1
ChargePoint Network,,,1932851,1932851,BRIGHTRIDGE EV / BR-JC LIBRARY,23319821,3,3212421781,2024-07-05T22:09:44Z,2024-07-06T00:34:43Z,,17.788488,7.4309,membership,Payment by membership account and/or membership card,USCPIE1932851*2
ChargePoint Network,,,14337221,14337221,HOLSTONELECTRIC / CHURCH HILL-1,23844801,247,3217195851,2024-07-08T16:22:27Z,2024-07-08T16:45:16Z,,33.948898,124.8,membership,Payment by membership account and/or membership card,USCPIE14337221*1
ChargePoint Network,,,12720861,12720861,WRECC / STATION 2,21977121,247,3234691551,2024-07-16T12:00:35Z,2024-07-16T13:22:36Z,,40.128601,84.017,membership,Payment by membership account and/or membership card,USCPIE12720861*1
ChargePoint Network,,,15836871,15836871,TOMBIGBEE / TEPA CHARGER 1,25462501,247,3210201861,2024-07-04T16:09:36Z,2024-07-04T16:10:52Z,,0.000000,0.0,other,Any other payment method not specified above. Additional description should be provided in Payment Method Description.,USCPIE15836871*1
ChargePoint Network,,,14083151,14083151,STEMC / STATION 2 (R) H,23554701,247,3261661331,2024-07-27T22:23:04Z,2024-07-27T23:54:16Z,,24.415001,75.263,membership,Payment by membership account and/or membership card,USCPIE14083151*1
ChargePoint Network,,,1844191,1844191,CLW / MAIN ST,23050431,3,3259087291,2024-07-26T17:04:14Z,2024-07-26T18:02:22Z,,6.697347,7.0458,membership,Payment by membership account and/or membership card,USCPIE1844191*1
ChargePoint Network,,,15548181,15548181,DECATURDOWNTWN / STATION 2 (L),25119551,247,3220523611,2024-07-09T23:06:48Z,2024-07-09T23:38:36Z,,33.630699,85.559,membership,Payment by membership account and/or membership card,USCPIE15548181*1
ChargePoint Network,,,15684301,15684301,MLEC / STATION 1 (L) W,25280151,247,3229484131,2024-07-13T20:06:19Z,2024-07-13T20:34:42Z,,31.367399,71.874,membership,Payment by membership account and/or membership card,USCPIE15684301*1
ChargePoint Network,,,13423691,13423691,AEC / STATION #1 (L),22787121,247,3229305851,2024-07-13T18:20:40Z,2024-07-13T18:43:49Z,,27.148100,73.199,membership,Payment by membership account and/or membership card,USCPIE13423691*1
ChargePoint Network,,,5346231,5346231,CULLMANELECTRIC / STATION2-R,8926271,247,3265133631,2024-07-29T18:51:37Z,2024-07-29T19:21:32Z,,29.601601,71.708,membership,Payment by membership account and/or membership card,USCPIE5346231*1
ChargePoint Network,,,15836981,15836981,TOMBIGBEE / TEPA CHARGER 2,25462651,247,3265276221,2024-07-29T19:53:35Z,2024-07-29T20:32:50Z,,66.216904,123.199,membership,Payment by membership account and/or membership card,USCPIE15836981*1
ChargePoint Network,,,12720861,12720861,WRECC / STATION 2,21977121,247,3221386021,2024-07-10T10:59:29Z,2024-07-10T11:44:41Z,,58.120998,83.181,membership,Payment by membership account and/or membership card,USCPIE12720861*1
ChargePoint Network,,,15728901,15728901,AEC / AEC04,25332891,3,3267987681,2024-07-30T21:30:08Z,2024-07-30T21:32:05Z,,0.124029,7.2537,membership,Payment by membership account and/or membership card,USCPIE15728901*2
ChargePoint Network,,,12406491,12406491,FPIA / LEFT STATION,21527781,247,3262874651,2024-07-28T17:49:34Z,2024-07-28T18:54:01Z,,67.825996,123.045,membership,Payment by membership account and/or membership card,USCPIE12406491*1
ChargePoint Network,,,15694081,15694081,BRIGHTRIDGE EV / STATION 2 (R),25291921,247,3265547241,2024-07-29T21:53:22Z,2024-07-29T22:33:02Z,,45.380901,72.038,credit_card_terminal,Payment via credit card or debit card terminal,USCPIE15694081*1
ChargePoint Network,,,12720861,12720861,WRECC / STATION 2,21977121,247,3208261831,2024-07-03T17:28:26Z,2024-07-03T17:51:28Z,,30.166800,89.35,membership,Payment by membership account and/or membership card,USCPIE12720861*1
ChargePoint Network,,,1932851,1932851,BRIGHTRIDGE EV / BR-JC LIBRARY,23319811,3,3259804741,2024-07-26T22:31:44Z,2024-07-27T01:42:56Z,,23.775328,7.5383,membership,Payment by membership account and/or membership card,USCPIE1932851*1
ChargePoint Network,,,15332351,15332351,TUA NW ATLANTIC / STATION 2 (R),24867891,100011,3232103821,2024-07-15T08:51:58Z,2024-07-15T09:15:01Z,,4.833600,45.703,membership,Payment by membership account and/or membership card,USCPIE15332351*1
ChargePoint Network,,,15623231,15623231,CLW / 5TH ST 1 (L),25208301,247,3228276521,2024-07-13T01:47:07Z,2024-07-13T02:39:09Z,,60.928398,76.435,membership,Payment by membership account and/or membership card,USCPIE15623231*1
ChargePoint Network,,,15815141,15815141,GEA-1 / STATION 1 (L),25435121,247,3230531361,2024-07-14T11:59:19Z,2024-07-14T12:36:57Z,,33.728001,58.368,membership,Payment by membership account and/or membership card,USCPIE15815141*1
ChargePoint Network,,,15694081,15694081,BRIGHTRIDGE EV / STATION 2 (R),25291921,247,3207986171,2024-07-03T15:43:43Z,2024-07-03T15:58:00Z,,13.522600,62.279,membership,Payment by membership account and/or membership card,USCPIE15694081*1
ChargePoint Network,,,13861861,13861861,BRMEMC / STATION 1,23296281,247,3202027911,2024-07-01T00:08:19Z,2024-07-01T01:01:26Z,,58.467602,74.879,membership,Payment by membership account and/or membership card,USCPIE13861861*1
ChargePoint Network,,,13664401,13664401,BTES / STATION 1 (LL),23060421,247,3218056151,2024-07-08T22:58:25Z,2024-07-08T23:00:46Z,,0.000000,0.0,membership,Payment by membership account and/or membership card,USCPIE13664401*1
ChargePoint Network,,,8851921,8851921,7SPC / SEVIERVILLE DC1,15571271,207,3245483551,2024-07-20T20:39:51Z,2024-07-20T21:21:20Z,,35.414902,60.06,membership,Payment by membership account and/or membership card,USCPIE8851921*1
ChargePoint Network,,,14337501,14337501,HOLSTONELECTRIC / CHURCH HILL-2,23845091,100011,3225653281,2024-07-11T23:49:19Z,2024-07-12T00:37:06Z,,30.570900,52.819,credit_card_terminal,Payment via credit card or debit card terminal,USCPIE14337501*1
ChargePoint Network,,,13664401,13664401,BTES / STATION 1 (LL),23060421,247,3218049761,2024-07-08T22:55:32Z,2024-07-08T22:56:11Z,,0.000000,0.0,membership,Payment by membership account and/or membership card,USCPIE13664401*1
ChargePoint Network,,,13423691,13423691,AEC / STATION #1 (L),22787121,247,3245238291,2024-07-20T18:18:09Z,2024-07-20T18:32:45Z,,16.492599,73.108,membership,Payment by membership account and/or membership card,USCPIE13423691*1
ChargePoint Network,,,12406491,12406491,FPIA / LEFT STATION,21527781,247,3237952311,2024-07-17T16:32:16Z,2024-07-17T16:57:48Z,,28.241100,75.636,membership,Payment by membership account and/or membership card,USCPIE12406491*1
ChargePoint Network,,,15694081,15694081,BRIGHTRIDGE EV / STATION 2 (R),25291921,247,3253896521,2024-07-24T16:23:18Z,2024-07-24T17:05:20Z,,38.649101,73.853,membership,Payment by membership account and/or membership card,USCPIE15694081*1
ChargePoint Network,,,12754021,12754021,WCMES / CITYHALL1-L,22015241,247,3260121121,2024-07-27T01:08:53Z,2024-07-27T02:06:41Z,,42.064098,70.167,membership,Payment by membership account and/or membership card,USCPIE12754021*1
ChargePoint Network,,,13606061,13606061,I24 EXIT11 / STATION 4 (RR),22992511,247,3208953221,2024-07-03T22:24:45Z,2024-07-03T22:42:02Z,,19.290400,74.052,membership,Payment by membership account and/or membership card,USCPIE13606061*1
ChargePoint Network,,,15548181,15548181,DECATURDOWNTWN / STATION 2 (L),25119551,247,3252294201,2024-07-23T23:08:31Z,2024-07-23T23:46:21Z,,34.503700,58.366,membership,Payment by membership account and/or membership card,USCPIE15548181*1
ChargePoint Network,,,1964521,1964521,EBOFG / GUNTERSVILLE PD,8374211,3,3224729791,2024-07-11T17:06:49Z,2024-07-11T21:44:26Z,,7.385501,3.6954,membership,Payment by membership account and/or membership card,USCPIE1964521*2
ChargePoint Network,,,12720881,12720881,WRECC / STATION 1,21977141,247,3226796051,2024-07-12T14:26:31Z,2024-07-12T14:51:39Z,,25.996700,62.799,membership,Payment by membership account and/or membership card,USCPIE12720881*1
ChargePoint Network,,,1933211,1933211,BRIGHTRIDGE EV / BR-JONESBOROUGH,2283641,3,3213880631,2024-07-06T19:47:31Z,2024-07-06T21:34:12Z,,5.320319,3.3609,membership,Payment by membership account and/or membership card,USCPIE1933211*2
ChargePoint Network,,,13861891,13861891,BRMEMC / STATION 2,23296321,247,3211505651,2024-07-05T13:34:55Z,2024-07-05T13:35:32Z,,0.057400,0.0,membership,Payment by membership account and/or membership card,USCPIE13861891*1
ChargePoint Network,,,1988061,1988061,7SPC / SCES DOLLYWOOD,25499841,3,3222539591,2024-07-10T19:39:43Z,2024-07-10T19:41:44Z,,0.000000,0.0,membership,Payment by membership account and/or membership card,USCPIE1988061*2
ChargePoint Network,,,13664471,13664471,BTES / STATION 3 (RM),23060511,247,3259803141,2024-07-26T22:31:01Z,2024-07-26T23:23:32Z,,60.187500,124.309,membership,Payment by membership account and/or membership card,USCPIE13664471*1
ChargePoint Network,,,13664501,13664501,BTES / STATION 4 (RR),23060561,247,3229508721,2024-07-13T20:21:05Z,2024-07-13T21:06:52Z,,33.681499,53.214,membership,Payment by membership account and/or membership card,USCPIE13664501*1
ChargePoint Network,,,9677521,9677521,UT PARKING / S7 STATION 1,17169341,3,3214002261,2024-07-06T21:01:13Z,2024-07-06T21:07:16Z,,0.608024,7.0412,membership,Payment by membership account and/or membership card,USCPIE9677521*2
ChargePoint Network,,,12406401,12406401,FPIA / RIGHT STATION,21527671,247,3212820761,2024-07-06T02:00:40Z,2024-07-06T02:13:22Z,,16.009701,0.0,membership,Payment by membership account and/or membership card,USCPIE12406401*1
ChargePoint Network,,,14097711,14097711,SCOTTSBORO EPB / SEPB DCFC (R),23570811,247,3261758241,2024-07-27T23:16:25Z,2024-07-27T23:55:17Z,,37.576900,72.944,membership,Payment by membership account and/or membership card,USCPIE14097711*1
ChargePoint Network,,,14097711,14097711,SCOTTSBORO EPB / SEPB DCFC (R),23570811,247,3253269601,2024-07-24T12:01:05Z,2024-07-24T12:25:08Z,,33.046001,103.512,membership,Payment by membership account and/or membership card,USCPIE14097711*1
ChargePoint Network,,,12720881,12720881,WRECC / STATION 1,21977141,100011,3203409111,2024-07-01T17:26:10Z,2024-07-01T17:54:15Z,,22.944599,52.875,membership,Payment by membership account and/or membership card,USCPIE12720881*1
ChargePoint Network,,,1988061,1988061,7SPC / SCES DOLLYWOOD,25499831,3,3225680291,2024-07-12T00:00:21Z,2024-07-12T02:17:48Z,,16.768511,7.4199,membership,Payment by membership account and/or membership card,USCPIE1988061*1
ChargePoint Network,,,15836871,15836871,TOMBIGBEE / TEPA CHARGER 1,25462501,247,3209156861,2024-07-03T23:58:58Z,2024-07-04T00:10:17Z,,11.791200,121.968,membership,Payment by membership account and/or membership card,USCPIE15836871*1
ChargePoint Network,,,8851921,8851921,7SPC / SEVIERVILLE DC1,15571271,207,3241365101,2024-07-18T22:51:11Z,2024-07-18T23:41:03Z,,46.113899,59.136,membership,Payment by membership account and/or membership card,USCPIE8851921*1
ChargePoint Network,,,13861891,13861891,BRMEMC / STATION 2,23296321,247,3242311651,2024-07-19T11:00:14Z,2024-07-19T11:40:43Z,,47.593899,74.872,membership,Payment by membership account and/or membership card,USCPIE13861891*1
ChargePoint Network,,,13026471,13026471,WCMES / CITYHALL2-R,22328331,247,3247315261,2024-07-21T21:53:19Z,2024-07-21T22:45:36Z,,73.610199,92.114,membership,Payment by membership account and/or membership card,USCPIE13026471*1
ChargePoint Network,,,5346231,5346231,CULLMANELECTRIC / STATION2-R,8926271,247,3245922601,2024-07-21T00:51:16Z,2024-07-21T00:59:42Z,,8.424700,0.0,membership,Payment by membership account and/or membership card,USCPIE5346231*1
ChargePoint Network,,,12406401,12406401,FPIA / RIGHT STATION,21527671,247,3261685241,2024-07-27T22:37:28Z,2024-07-27T23:00:24Z,,20.945601,74.663,membership,Payment by membership account and/or membership card,USCPIE12406401*1
ChargePoint Network,,,1988141,1988141,7SPC / SCES DREAM MORE,2355561,3,3252016521,2024-07-23T21:11:07Z,2024-07-23T21:15:08Z,,0.000000,0.0,membership,Payment by membership account and/or membership card,USCPIE1988141*1
ChargePoint Network,,,1844191,1844191,CLW / MAIN ST,23050441,3,3250215541,2024-07-23T02:42:19Z,2024-07-23T06:44:00Z,,29.628048,7.4075,membership,Payment by membership account and/or membership card,USCPIE1844191*2
ChargePoint Network,,,13606061,13606061,I24 EXIT11 / STATION 4 (RR),22992511,247,3213782241,2024-07-06T18:46:35Z,2024-07-06T19:41:12Z,,48.321602,75.575,membership,Payment by membership account and/or membership card,USCPIE13606061*1
ChargePoint Network,,,14097711,14097711,SCOTTSBORO EPB / SEPB DCFC (R),,,3208859621,2024-07-03T21:42:02Z,2024-07-03T21:44:05Z,,0.000000,,membership,Payment by membership account and/or membership card,USCPIE14097711*0
ChargePoint Network,,,5122191,5122191,CULLMANELECTRIC / STATION1-L,8482151,247,3213723981,2024-07-06T18:09:14Z,2024-07-06T19:16:17Z,,65.940201,75.239,credit_card_terminal,Payment via credit card or debit card terminal,USCPIE5122191*1
ChargePoint Network,,,13643801,13643801,PEPA / STATION 2,23036481,247,3254982951,2024-07-25T00:08:50Z,2024-07-25T00:09:03Z,,0.000000,0.0,membership,Payment by membership account and/or membership card,USCPIE13643801*1
ChargePoint Network,,,13861861,13861861,BRMEMC / STATION 1,23296281,247,3237809321,2024-07-17T15:43:36Z,2024-07-17T16:45:59Z,,58.948101,70.98,membership,Payment by membership account and/or membership card,USCPIE13861861*1
ChargePoint Network,,,5354011,5354011,7SPC / GREENEVILLE TA,8936791,207,3219941501,2024-07-09T18:56:42Z,2024-07-09T19:56:43Z,,27.087400,27.565,membership,Payment by membership account and/or membership card,USCPIE5354011*1
ChargePoint Network,,,13643801,13643801,PEPA / STATION 2,23036481,247,3207326791,2024-07-03T07:57:38Z,2024-07-03T08:28:36Z,,34.877499,73.678,membership,Payment by membership account and/or membership card,USCPIE13643801*1
ChargePoint Network,,,13861891,13861891,BRMEMC / STATION 2,23296321,247,3223951821,2024-07-11T11:34:31Z,2024-07-11T11:35:35Z,,0.000000,0.0,credit_card_terminal,Payment via credit card or debit card terminal,USCPIE13861891*1
ChargePoint Network,,,12406491,12406491,FPIA / LEFT STATION,21527781,247,3226990921,2024-07-12T15:48:23Z,2024-07-12T15:56:14Z,,9.252800,0.0,membership,Payment by membership account and/or membership card,USCPIE12406491*1
ChargePoint Network,,,1988141,1988141,7SPC / SCES DREAM MORE,2355571,3,3263505411,2024-07-28T23:56:59Z,2024-07-29T13:29:20Z,,35.940414,7.2264,membership,Payment by membership account and/or membership card,USCPIE1988141*2
ChargePoint Network,,,12754021,12754021,WCMES / CITYHALL1-L,22015241,247,3203397141,2024-07-01T17:20:04Z,2024-07-01T17:53:01Z,,38.576199,74.489,membership,Payment by membership account and/or membership card,USCPIE12754021*1
ChargePoint Network,,,1988061,1988061,7SPC / SCES DOLLYWOOD,25499831,3,3205096581,2024-07-02T12:47:29Z,2024-07-02T17:17:40Z,,8.949313,3.7457,membership,Payment by membership account and/or membership card,USCPIE1988061*1
ChargePoint Network,,,12406401,12406401,FPIA / RIGHT STATION,21527671,247,3249368011,2024-07-22T20:02:09Z,2024-07-22T20:12:50Z,,10.509600,0.0,membership,Payment by membership account and/or membership card,USCPIE12406401*1
ChargePoint Network,,,5466441,5466441,7SPC / NASA USSRC R,9079371,3,3228028301,2024-07-12T23:42:44Z,2024-07-13T01:35:39Z,,11.442082,6.2058,membership,Payment by membership account and/or membership card,USCPIE5466441*2
ChargePoint Network,,,15729991,15729991,AEC / AEC03,25334171,3,3205755691,2024-07-02T17:19:29Z,2024-07-02T17:21:28Z,,0.000000,0.0,membership,Payment by membership account and/or membership card,USCPIE15729991*1
ChargePoint Network,,,5122191,5122191,CULLMANELECTRIC / STATION1-L,8482151,247,3241576141,2024-07-19T00:23:03Z,2024-07-19T00:53:57Z,,36.578800,74.268,membership,Payment by membership account and/or membership card,USCPIE5122191*1
ChargePoint Network,,,13606091,13606091,I24 EXIT11 / STATION 3 (RM),22992551,247,3243758001,2024-07-19T22:21:27Z,2024-07-19T22:49:31Z,,11.523800,31.871,membership,Payment by membership account and/or membership card,USCPIE13606091*1
ChargePoint Network,,,15332321,15332321,TUA NW ATLANTIC / STATION 1 (L),24867861,247,3243025081,2024-07-19T16:51:22Z,2024-07-19T17:50:20Z,,66.129601,72.93,membership,Payment by membership account and/or membership card,USCPIE15332321*1
ChargePoint Network,,,13966851,13966851,BEA / STATION 1 (LL),23420911,247,3240591651,2024-07-18T17:13:32Z,2024-07-18T17:13:47Z,,0.000000,0.0,membership,Payment by membership account and/or membership card,USCPIE13966851*1
ChargePoint Network,,,7505851,7505851,JEFFERSON AVE. / OXFORD STA1(L),12955471,247,3257836231,2024-07-26T02:00:13Z,2024-07-26T02:00:28Z,,0.000000,0.0,membership,Payment by membership account and/or membership card,USCPIE7505851*1
ChargePoint Network,,,5346231,5346231,CULLMANELECTRIC / STATION2-R,8926271,247,3217672931,2024-07-08T20:03:15Z,2024-07-08T20:54:30Z,,59.705200,77.419,membership,Payment by membership account and/or membership card,USCPIE5346231*1
ChargePoint Network,,,13606061,13606061,I24 EXIT11 / STATION 4 (RR),22992511,247,3215834471,2024-07-07T23:12:00Z,2024-07-07T23:44:53Z,,50.013302,119.503,membership,Payment by membership account and/or membership card,USCPIE13606061*1
ChargePoint Network,,,1988061,1988061,7SPC / SCES DOLLYWOOD,25499831,3,3254684611,2024-07-24T21:57:48Z,2024-07-25T01:11:39Z,,14.984832,7.3423,membership,Payment by membership account and/or membership card,USCPIE1988061*1
ChargePoint Network,,,15694081,15694081,BRIGHTRIDGE EV / STATION 2 (R),,,3214082621,2024-07-06T21:50:32Z,2024-07-06T21:52:33Z,,0.000000,,membership,Payment by membership account and/or membership card,USCPIE15694081*0
ChargePoint Network,,,12406491,12406491,FPIA / LEFT STATION,21527781,247,3229385541,2024-07-13T19:08:00Z,2024-07-13T19:30:38Z,,20.686701,58.904,membership,Payment by membership account and/or membership card,USCPIE12406491*1
ChargePoint Network,,,15548151,15548151,DECATURDOWNTWN / STATION 1 (R),25119511,247,3220512501,2024-07-09T23:01:49Z,2024-07-09T23:35:39Z,,28.611700,120.279,membership,Payment by membership account and/or membership card,USCPIE15548151*1
ChargePoint Network,,,15694081,15694081,BRIGHTRIDGE EV / STATION 2 (R),25291921,100011,3233766231,2024-07-15T23:17:45Z,2024-07-16T00:03:47Z,,32.375198,52.439,membership,Payment by membership account and/or membership card,USCPIE15694081*1
ChargePoint Network,,,12720881,12720881,WRECC / STATION 1,21977141,247,3244487661,2024-07-20T04:46:55Z,2024-07-20T05:03:34Z,,9.786600,46.766,phone_online,"Payment through mobile app, website, automated phone number or messaging system",USCPIE12720881*1
ChargePoint Network,,,5565191,5565191,7SPC / DOLLYWOOD EMPL,9205031,3,3242972071,2024-07-19T16:29:15Z,2024-07-19T20:15:50Z,,25.733700,6.9437,membership,Payment by membership account and/or membership card,USCPIE5565191*1
ChargePoint Network,,,5445161,5445161,7SPC / UC - LIVINGSTON,9052341,3,3229078841,2024-07-13T15:59:56Z,2024-07-13T16:57:37Z,,6.607898,6.9755,membership,Payment by membership account and/or membership card,USCPIE5445161*1
ChargePoint Network,,,15694081,15694081,BRIGHTRIDGE EV / STATION 2 (R),25291921,247,3212423101,2024-07-05T22:10:16Z,2024-07-05T23:17:14Z,,85.446999,87.958,credit_card_terminal,Payment via credit card or debit card terminal,USCPIE15694081*1
ChargePoint Network,,,15885771,15885771,TWICKENHAM SQ / HU - STATION 4,25521581,247,3260005281,2024-07-27T00:13:10Z,2024-07-27T00:53:19Z,,32.841499,54.682,membership,Payment by membership account and/or membership card,USCPIE15885771*1
ChargePoint Network,,,13803581,13803581,FPU / STATION 1 (L),23227201,247,3248632181,2024-07-22T14:54:03Z,2024-07-22T15:57:32Z,,63.925598,61.812,membership,Payment by membership account and/or membership card,USCPIE13803581*1
ChargePoint Network,,,12720881,12720881,WRECC / STATION 1,21977141,247,3254350561,2024-07-24T19:40:00Z,2024-07-24T20:10:41Z,,50.736000,119.815,membership,Payment by membership account and/or membership card,USCPIE12720881*1
ChargePoint Network,,,8851921,8851921,7SPC / SEVIERVILLE DC1,15571271,207,3223087011,2024-07-10T23:38:53Z,2024-07-10T23:52:05Z,,6.791400,44.131,membership,Payment by membership account and/or membership card,USCPIE8851921*1
ChargePoint Network,,,13659871,13659871,LAWRENCEBURG / STATION 2 (R),23054921,247,3202074081,2024-07-01T00:36:34Z,2024-07-01T00:43:34Z,,0.000000,0.0,membership,Payment by membership account and/or membership card,USCPIE13659871*1
ChargePoint Network,,,15640031,15640031,NECDC / STATION 1 (L),25228511,247,3230805981,2024-07-14T16:43:36Z,2024-07-14T17:08:06Z,,40.513000,119.815,membership,Payment by membership account and/or membership card,USCPIE15640031*1
ChargePoint Network,,,15885771,15885771,TWICKENHAM SQ / HU - STATION 4,25521581,247,3222775861,2024-07-10T21:23:27Z,2024-07-10T21:38:10Z,,14.501700,74.8,other,Any other payment method not specified above. Additional description should be provided in Payment Method Description.,USCPIE15885771*1
ChargePoint Network,,,12720861,12720861,WRECC / STATION 2,21977121,247,3266919991,2024-07-30T14:19:35Z,2024-07-30T15:14:20Z,,32.797199,54.599,membership,Payment by membership account and/or membership card,USCPIE12720861*1
ChargePoint Network,,,15694081,15694081,BRIGHTRIDGE EV / STATION 2 (R),25291921,247,3241036591,2024-07-18T20:30:05Z,2024-07-18T20:48:08Z,,7.241800,57.854,membership,Payment by membership account and/or membership card,USCPIE15694081*1
ChargePoint Network,,,5380331,5380331,CULLMAN PB / STATION 1,8970951,3,3237960951,2024-07-17T16:35:37Z,2024-07-17T16:37:35Z,,0.000000,0.0,membership,Payment by membership account and/or membership card,USCPIE5380331*1
ChargePoint Network,,,15694171,15694171,BRIGHTRIDGE EV / STATION 1 (L),,,3258365941,2024-07-26T11:05:40Z,2024-07-26T11:07:41Z,,0.000000,,membership,Payment by membership account and/or membership card,USCPIE15694171*0
ChargePoint Network,,,12720861,12720861,WRECC / STATION 2,21977121,247,3235822191,2024-07-16T20:00:09Z,2024-07-16T21:23:46Z,,99.440102,93.632,credit_card_terminal,Payment via credit card or debit card terminal,USCPIE12720861*1
ChargePoint Network,,,13606061,13606061,I24 EXIT11 / STATION 4 (RR),22992511,247,3267691591,2024-07-30T19:26:51Z,2024-07-30T20:01:21Z,,62.933601,123.069,membership,Payment by membership account and/or membership card,USCPIE13606061*1
ChargePoint Network,,,15885791,15885791,TWICKENHAM SQ / HU - STATION 3,25521611,247,3222111101,2024-07-10T16:31:06Z,2024-07-10T16:31:43Z,,0.000000,0.0,credit_card_terminal,Payment via credit card or debit card terminal,USCPIE15885791*1
ChargePoint Network,,,15885791,15885791,TWICKENHAM SQ / HU - STATION 3,25521611,247,3227272081,2024-07-12T17:48:16Z,2024-07-12T20:20:09Z,,34.011101,76.823,membership,Payment by membership account and/or membership card,USCPIE15885791*1
ChargePoint Network,,,13861861,13861861,BRMEMC / STATION 1,23296281,247,3226249701,2024-07-12T04:54:30Z,2024-07-12T05:26:02Z,,36.589100,82.907,membership,Payment by membership account and/or membership card,USCPIE13861861*1
ChargePoint Network,,,14359531,14359531,EBOFG / STATION 2 (R),23870331,247,3243797791,2024-07-19T22:39:41Z,2024-07-19T23:05:24Z,,24.103701,73.164,membership,Payment by membership account and/or membership card,USCPIE14359531*1
ChargePoint Network,,,14049761,14049761,PARIS BPU / STATION 2(R),23516951,247,3245550161,2024-07-20T21:18:21Z,2024-07-20T21:55:37Z,,45.097801,76.83,membership,Payment by membership account and/or membership card,USCPIE14049761*1
ChargePoint Network,,,14047321,14047321,JEFFERSON AVE. / OXFORD STA2(R),23514081,247,3212533051,2024-07-05T23:13:43Z,2024-07-05T23:59:23Z,,30.255699,88.058,membership,Payment by membership account and/or membership card,USCPIE14047321*1
ChargePoint Network,,,15885151,15885151,TWICKENHAM SQ / HU - STATION 2,25520801,247,3217394141,2024-07-08T17:52:07Z,2024-07-08T18:27:07Z,,54.887600,119.033,membership,Payment by membership account and/or membership card,USCPIE15885151*1
ChargePoint Network,,,13803581,13803581,FPU / STATION 1 (L),23227201,247,3264519711,2024-07-29T14:37:47Z,2024-07-29T15:17:41Z,,32.403000,61.047,membership,Payment by membership account and/or membership card,USCPIE13803581*1
ChargePoint Network,,,14083171,14083171,STEMC / STATION 1 (L) H,23554721,247,3213659231,2024-07-06T17:27:18Z,2024-07-06T18:20:54Z,,55.040298,74.099,credit_card_terminal,Payment via credit card or debit card terminal,USCPIE14083171*1
ChargePoint Network,,,8851921,8851921,7SPC / SEVIERVILLE DC1,15571271,207,3217196321,2024-07-08T16:22:25Z,2024-07-08T17:37:31Z,,59.691002,58.212,membership,Payment by membership account and/or membership card,USCPIE8851921*1
ChargePoint Network,,,1933211,1933211,BRIGHTRIDGE EV / BR-JONESBOROUGH,2283641,3,3229609731,2024-07-13T21:20:51Z,2024-07-14T01:59:03Z,,27.766787,6.0837,membership,Payment by membership account and/or membership card,USCPIE1933211*2
ChargePoint Network,,,14049761,14049761,PARIS BPU / STATION 2(R),23516951,100011,3250087821,2024-07-23T01:27:38Z,2024-07-23T02:17:16Z,,16.217699,20.412,membership,Payment by membership account and/or membership card,USCPIE14049761*1
ChargePoint Network,,,13606061,13606061,I24 EXIT11 / STATION 4 (RR),22992511,247,3258690571,2024-07-26T14:29:21Z,2024-07-26T14:30:30Z,,0.000000,0.0,membership,Payment by membership account and/or membership card,USCPIE13606061*1
ChargePoint Network,,,13643831,13643831,PEPA / STATION 1,23036511,247,3205643641,2024-07-02T16:31:45Z,2024-07-02T17:05:04Z,,38.908199,73.853,membership,Payment by membership account and/or membership card,USCPIE13643831*1
ChargePoint Network,,,15885771,15885771,TWICKENHAM SQ / HU - STATION 4,25521581,247,3252257051,2024-07-23T22:52:48Z,2024-07-23T23:24:52Z,,42.729099,86.68,membership,Payment by membership account and/or membership card,USCPIE15885771*1
ChargePoint Network,,,7505851,7505851,JEFFERSON AVE. / OXFORD STA1(L),12955471,247,3213592751,2024-07-06T16:46:01Z,2024-07-06T17:36:09Z,,45.217098,74.426,membership,Payment by membership account and/or membership card,USCPIE7505851*1
ChargePoint Network,,,5466441,5466441,7SPC / NASA USSRC R,9079361,3,3263252751,2024-07-28T21:35:28Z,2024-07-28T22:39:16Z,,6.491810,6.2244,membership,Payment by membership account and/or membership card,USCPIE5466441*1
ChargePoint Network,,,15280441,15280441,SPRFLD ELECTRIC / STATION 2 (R),24807641,247,3210893111,2024-07-05T01:21:29Z,2024-07-05T01:22:10Z,,0.000000,0.0,membership,Payment by membership account and/or membership card,USCPIE15280441*1
ChargePoint Network,,,5346231,5346231,CULLMANELECTRIC / STATION2-R,8926271,247,3212234781,2024-07-05T20:26:13Z,2024-07-05T20:28:52Z,,0.000000,0.0,membership,Payment by membership account and/or membership card,USCPIE5346231*1
ChargePoint Network,,,7505851,7505851,JEFFERSON AVE. / OXFORD STA1(L),12955471,247,3227745551,2024-07-12T21:23:22Z,2024-07-12T22:21:17Z,,48.310101,88.255,membership,Payment by membership account and/or membership card,USCPIE7505851*1
ChargePoint Network,,,5445161,5445161,7SPC / UC - LIVINGSTON,9052341,3,3227437221,2024-07-12T19:05:30Z,2024-07-12T19:07:30Z,,0.000000,0.0,credit_card_terminal,Payment via credit card or debit card terminal,USCPIE5445161*1
ChargePoint Network,,,15548181,15548181,DECATURDOWNTWN / STATION 2 (L),25119551,247,3206840181,2024-07-03T01:23:26Z,2024-07-03T02:30:54Z,,102.348801,99.711,membership,Payment by membership account and/or membership card,USCPIE15548181*1
ChargePoint Network,,,13606091,13606091,I24 EXIT11 / STATION 3 (RM),22992551,247,3224868451,2024-07-11T18:10:59Z,2024-07-11T18:12:41Z,,0.000000,0.0,membership,Payment by membership account and/or membership card,USCPIE13606091*1
ChargePoint Network,,,13606061,13606061,I24 EXIT11 / STATION 4 (RR),22992511,247,3263175061,2024-07-28T20:51:35Z,2024-07-28T21:26:35Z,,36.513802,74.027,membership,Payment by membership account and/or membership card,USCPIE13606061*1
ChargePoint Network,,,13606141,13606141,I24 EXIT11 / STATION 1 (LL),22992611,247,3229979131,2024-07-14T01:00:22Z,2024-07-14T01:28:05Z,,31.249001,69.893,membership,Payment by membership account and/or membership card,USCPIE13606141*1
ChargePoint Network,,,5384781,5384781,7SPC / TRI-COUNTY EMC,9273701,3,3225404051,2024-07-11T22:00:23Z,2024-07-11T23:54:48Z,,13.901032,,membership,Payment by membership account and/or membership card,USCPIE5384781*2
ChargePoint Network,,,13659831,13659831,LAWRENCEBURG / STATION 1 (L),23054881,247,3209534971,2024-07-04T03:01:39Z,2024-07-04T03:47:09Z,,50.141300,75.041,membership,Payment by membership account and/or membership card,USCPIE13659831*1
ChargePoint Network,,,8851921,8851921,7SPC / SEVIERVILLE DC1,15571271,207,3243265881,2024-07-19T18:42:40Z,2024-07-19T19:09:21Z,,20.104200,61.49,phone_online,"Payment through mobile app, website, automated phone number or messaging system",USCPIE8851921*1
ChargePoint Network,,,5424051,5424051,EEDEV / ELIZ DOWNTOWN,9027001,3,3229030561,2024-07-13T15:26:15Z,2024-07-13T16:29:36Z,,7.601791,7.3176,membership,Payment by membership account and/or membership card,USCPIE5424051*2
ChargePoint Network,,,13606061,13606061,I24 EXIT11 / STATION 4 (RR),22992511,247,3258693311,2024-07-26T14:30:51Z,2024-07-26T15:06:43Z,,30.031601,75.833,membership,Payment by membership account and/or membership card,USCPIE13606061*1
ChargePoint Network,,,13026471,13026471,WCMES / CITYHALL2-R,22328331,247,3216931401,2024-07-08T14:48:03Z,2024-07-08T15:43:28Z,,14.015700,57.854,credit_card_terminal,Payment via credit card or debit card terminal,USCPIE13026471*1
ChargePoint Network,,,13290491,13290491,7SPC / NASA USSRC L,25742671,3,3227054571,2024-07-12T16:12:16Z,2024-07-12T16:37:20Z,,2.132017,5.9391,membership,Payment by membership account and/or membership card,USCPIE13290491*1
ChargePoint Network,,,14025691,14025691,PARIS BPU / STATION 1(L),23489541,247,3240862251,2024-07-18T19:18:23Z,2024-07-18T19:20:13Z,,0.000000,0.0,membership,Payment by membership account and/or membership card,USCPIE14025691*1
ChargePoint Network,,,12720861,12720861,WRECC / STATION 2,,,3233308141,2024-07-15T19:57:40Z,2024-07-15T19:57:53Z,,0.000000,,membership,Payment by membership account and/or membership card,USCPIE12720861*0
ChargePoint Network,,,8851921,8851921,7SPC / SEVIERVILLE DC1,15571271,207,3244810481,2024-07-20T13:18:09Z,2024-07-20T13:55:03Z,,19.877199,52.919,membership,Payment by membership account and/or membership card,USCPIE8851921*1
ChargePoint Network,,,5363211,5363211,HARTSELLE 1 / HARTSELLE 1,23427581,3,3256296411,2024-07-25T15:22:56Z,2024-07-25T16:55:11Z,,11.058878,7.2836,membership,Payment by membership account and/or membership card,USCPIE5363211*2
ChargePoint Network,,,15623231,15623231,CLW / 5TH ST 1 (L),25208301,247,3258984221,2024-07-26T16:23:07Z,2024-07-26T16:41:37Z,,19.388201,72.127,membership,Payment by membership account and/or membership card,USCPIE15623231*1
ChargePoint Network,,,15623231,15623231,CLW / 5TH ST 1 (L),25208301,247,3228577161,2024-07-13T04:39:54Z,2024-07-13T05:19:56Z,,65.352699,115.519,credit_card_terminal,Payment via credit card or debit card terminal,USCPIE15623231*1
ChargePoint Network,,,15885771,15885771,TWICKENHAM SQ / HU - STATION 4,25521581,247,3245316631,2024-07-20T19:03:31Z,2024-07-20T19:32:08Z,,35.250999,82.542,membership,Payment by membership account and/or membership card,USCPIE15885771*1
ChargePoint Network,,,15332351,15332351,TUA NW ATLANTIC / STATION 2 (R),24867891,100011,3232103411,2024-07-15T08:48:42Z,2024-07-15T08:50:35Z,,0.000000,0.0,membership,Payment by membership account and/or membership card,USCPIE15332351*1
ChargePoint Network,,,13292801,13292801,LODGE CAST IRON / STORE & MUSEUM,22637561,3,3210152161,2024-07-04T15:27:40Z,2024-07-04T18:01:02Z,,7.932625,3.4906,membership,Payment by membership account and/or membership card,USCPIE13292801*2
ChargePoint Network,,,13606121,13606121,I24 EXIT11 / STATION 2 (LM),22992591,247,3233977021,2024-07-16T00:58:27Z,2024-07-16T01:21:03Z,,27.037901,77.223,membership,Payment by membership account and/or membership card,USCPIE13606121*1
ChargePoint Network,,,5346231,5346231,CULLMANELECTRIC / STATION2-R,8926271,247,3261973511,2024-07-28T01:25:52Z,2024-07-28T01:40:32Z,,13.169100,56.055,membership,Payment by membership account and/or membership card,USCPIE5346231*1
ChargePoint Network,,,15694081,15694081,BRIGHTRIDGE EV / STATION 2 (R),25291921,247,3267423831,2024-07-30T17:21:27Z,2024-07-30T17:21:54Z,,0.000000,0.0,credit_card_terminal,Payment via credit card or debit card terminal,USCPIE15694081*1
ChargePoint Network,,,12720861,12720861,WRECC / STATION 2,21977121,247,3221258871,2024-07-10T06:06:41Z,2024-07-10T06:57:28Z,,36.458801,55.049,membership,Payment by membership account and/or membership card,USCPIE12720861*1
ChargePoint Network,,,13651631,13651631,MLEC / STATION 2 (R) H,23045821,247,3257100541,2024-07-25T20:46:37Z,2024-07-25T21:04:51Z,,10.984100,53.198,membership,Payment by membership account and/or membership card,USCPIE13651631*1
ChargePoint Network,,,15836871,15836871,TOMBIGBEE / TEPA CHARGER 1,25462501,247,3222130121,2024-07-10T16:38:38Z,2024-07-10T17:29:12Z,,59.028599,73.086,membership,Payment by membership account and/or membership card,USCPIE15836871*1
ChargePoint Network,,,8851921,8851921,7SPC / SEVIERVILLE DC1,15571271,207,3229874001,2024-07-13T23:57:47Z,2024-07-14T01:23:19Z,,41.453800,62.271,membership,Payment by membership account and/or membership card,USCPIE8851921*1
ChargePoint Network,,,15332321,15332321,TUA NW ATLANTIC / STATION 1 (L),24867861,247,3221046961,2024-07-10T03:13:40Z,2024-07-10T03:36:50Z,,25.089199,69.419,membership,Payment by membership account and/or membership card,USCPIE15332321*1
ChargePoint Network,,,14097711,14097711,SCOTTSBORO EPB / SEPB DCFC (R),23570811,100011,3265132841,2024-07-29T18:51:11Z,2024-07-29T19:26:00Z,,20.530100,52.11,membership,Payment by membership account and/or membership card,USCPIE14097711*1
ChargePoint Network,,,5424051,5424051,EEDEV / ELIZ DOWNTOWN,9026991,3,3230664281,2024-07-14T14:52:57Z,2024-07-14T15:38:17Z,,4.948970,6.6021,membership,Payment by membership account and/or membership card,USCPIE5424051*1
ChargePoint Network,,,1988061,1988061,7SPC / SCES DOLLYWOOD,25499831,3,3266862131,2024-07-30T13:54:35Z,2024-07-30T15:31:05Z,,11.404335,7.231,membership,Payment by membership account and/or membership card,USCPIE1988061*1
ChargePoint Network,,,5346231,5346231,CULLMANELECTRIC / STATION2-R,8926271,247,3253525251,2024-07-24T14:08:44Z,2024-07-24T15:09:44Z,,66.652603,88.704,membership,Payment by membership account and/or membership card,USCPIE5346231*1
ChargePoint Network,,,12720861,12720861,WRECC / STATION 2,21977121,247,3228308391,2024-07-13T02:01:59Z,2024-07-13T02:37:36Z,,26.604300,88.4,membership,Payment by membership account and/or membership card,USCPIE12720861*1
ChargePoint Network,,,15836871,15836871,TOMBIGBEE / TEPA CHARGER 1,25462501,247,3262786691,2024-07-28T16:52:48Z,2024-07-28T17:13:57Z,,27.389999,84.119,membership,Payment by membership account and/or membership card,USCPIE15836871*1
ChargePoint Network,,,5122191,5122191,CULLMANELECTRIC / STATION1-L,8482151,247,3229071271,2024-07-13T15:54:41Z,2024-07-13T15:58:04Z,,0.000000,0.0,membership,Payment by membership account and/or membership card,USCPIE5122191*1
ChargePoint Network,,,15684301,15684301,MLEC / STATION 1 (L) W,25280151,247,3210755301,2024-07-04T23:28:24Z,2024-07-04T23:28:38Z,,0.000000,0.0,membership,Payment by membership account and/or membership card,USCPIE15684301*1
ChargePoint Network,,,15885151,15885151,TWICKENHAM SQ / HU - STATION 2,25520801,247,3260810701,2024-07-27T13:08:53Z,2024-07-27T13:20:47Z,,8.446200,53.567,membership,Payment by membership account and/or membership card,USCPIE15885151*1
ChargePoint Network,,,5445161,5445161,7SPC / UC - LIVINGSTON,9052351,3,3211559871,2024-07-05T14:14:09Z,2024-07-05T14:36:02Z,,2.417316,6.9972,membership,Payment by membership account and/or membership card,USCPIE5445161*2
ChargePoint Network,,,7505851,7505851,JEFFERSON AVE. / OXFORD STA1(L),12955471,247,3212417331,2024-07-05T22:07:20Z,2024-07-05T23:29:48Z,,43.939899,73.458,credit_card_terminal,Payment via credit card or debit card terminal,USCPIE7505851*1
ChargePoint Network,,,8851921,8851921,7SPC / SEVIERVILLE DC1,15571271,207,3249083881,2024-07-22T17:51:13Z,2024-07-22T17:52:05Z,,0.000000,0.0,membership,Payment by membership account and/or membership card,USCPIE8851921*1
ChargePoint Network,,,13861861,13861861,BRMEMC / STATION 1,23296281,247,3229086571,2024-07-13T16:05:14Z,2024-07-13T16:43:57Z,,32.213501,122.094,membership,Payment by membership account and/or membership card,USCPIE13861861*1
ChargePoint Network,,,15548181,15548181,DECATURDOWNTWN / STATION 2 (L),25119551,247,3219633431,2024-07-09T16:33:31Z,2024-07-09T16:56:37Z,,27.246799,73.061,membership,Payment by membership account and/or membership card,USCPIE15548181*1
ChargePoint Network,,,12406491,12406491,FPIA / LEFT STATION,21527781,247,3246187451,2024-07-21T03:37:47Z,2024-07-21T03:39:46Z,,0.000000,0.0,membership,Payment by membership account and/or membership card,USCPIE12406491*1
ChargePoint Network,,,1964521,1964521,EBOFG / GUNTERSVILLE PD,8374211,3,3243020361,2024-07-19T16:49:22Z,2024-07-19T21:30:34Z,,10.513231,3.6849,membership,Payment by membership account and/or membership card,USCPIE1964521*2
ChargePoint Network,,,14083171,14083171,STEMC / STATION 1 (L) H,23554721,247,3210543991,2024-07-04T20:35:24Z,2024-07-04T22:06:32Z,,109.207298,101.439,membership,Payment by membership account and/or membership card,USCPIE14083171*1
ChargePoint Network,,,15332351,15332351,TUA NW ATLANTIC / STATION 2 (R),24867891,247,3240209461,2024-07-18T14:56:20Z,2024-07-18T15:59:59Z,,79.160797,86.043,credit_card_terminal,Payment via credit card or debit card terminal,USCPIE15332351*1
ChargePoint Network,,,5466441,5466441,7SPC / NASA USSRC R,9079371,3,3227411611,2024-07-12T18:55:46Z,2024-07-12T20:42:31Z,,10.433313,5.9498,credit_card_terminal,Payment via credit card or debit card terminal,USCPIE5466441*2
ChargePoint Network,,,5122191,5122191,CULLMANELECTRIC / STATION1-L,8482151,247,3230227661,2024-07-14T03:41:20Z,2024-07-14T04:00:52Z,,27.836500,91.475,membership,Payment by membership account and/or membership card,USCPIE5122191*1
ChargePoint Network,,,5346231,5346231,CULLMANELECTRIC / STATION2-R,8926271,247,3243579861,2024-07-19T21:00:51Z,2024-07-19T21:04:51Z,,1.762900,0.0,membership,Payment by membership account and/or membership card,USCPIE5346231*1
ChargePoint Network,,,12406491,12406491,FPIA / LEFT STATION,21527781,247,3246560921,2024-07-21T13:11:26Z,2024-07-21T14:07:28Z,,75.432198,85.652,membership,Payment by membership account and/or membership card,USCPIE12406491*1
ChargePoint Network,,,15885251,15885251,TWICKENHAM SQ / HU - STATION 1,25520941,247,3236404801,2024-07-17T00:02:13Z,2024-07-17T00:31:04Z,,16.606501,75.648,membership,Payment by membership account and/or membership card,USCPIE15885251*1
ChargePoint Network,,,14359531,14359531,EBOFG / STATION 2 (R),23870331,247,3219360791,2024-07-09T15:02:17Z,2024-07-09T15:59:29Z,,36.382099,54.464,credit_card_terminal,Payment via credit card or debit card terminal,USCPIE14359531*1
ChargePoint Network,,,13423581,13423581,AEC / STATION #2 (R),22787011,247,3229131291,2024-07-13T16:33:12Z,2024-07-13T16:58:21Z,,28.593800,72.666,credit_card_terminal,Payment via credit card or debit card terminal,USCPIE13423581*1
ChargePoint Network,,,1932851,1932851,BRIGHTRIDGE EV / BR-JC LIBRARY,23319811,3,3213388291,2024-07-06T14:09:58Z,2024-07-06T14:40:42Z,,3.633374,7.3265,membership,Payment by membership account and/or membership card,USCPIE1932851*1
ChargePoint Network,,,15694171,15694171,BRIGHTRIDGE EV / STATION 1 (L),25292041,247,3256958701,2024-07-25T19:49:21Z,2024-07-25T19:50:13Z,,0.000000,0.0,membership,Payment by membership account and/or membership card,USCPIE15694171*1
ChargePoint Network,,,13659831,13659831,LAWRENCEBURG / STATION 1 (L),23054881,247,3202459521,2024-07-01T05:02:44Z,2024-07-01T05:42:08Z,,26.119499,73.678,membership,Payment by membership account and/or membership card,USCPIE13659831*1
ChargePoint Network,,,5424051,5424051,EEDEV / ELIZ DOWNTOWN,9027001,3,3261620461,2024-07-27T21:58:30Z,2024-07-27T22:45:47Z,,5.500762,7.1661,membership,Payment by membership account and/or membership card,USCPIE5424051*2
ChargePoint Network,,,5122191,5122191,CULLMANELECTRIC / STATION1-L,8482151,247,3229084161,2024-07-13T16:03:31Z,2024-07-13T16:06:32Z,,0.000000,0.0,membership,Payment by membership account and/or membership card,USCPIE5122191*1
ChargePoint Network,,,1988141,1988141,7SPC / SCES DREAM MORE,2355571,3,3252030571,2024-07-23T21:14:58Z,2024-07-23T21:16:59Z,,0.000000,0.0,membership,Payment by membership account and/or membership card,USCPIE1988141*2
ChargePoint Network,,,15885771,15885771,TWICKENHAM SQ / HU - STATION 4,25521581,247,3211569141,2024-07-05T14:21:12Z,2024-07-05T15:06:58Z,,35.154701,54.682,membership,Payment by membership account and/or membership card,USCPIE15885771*1
ChargePoint Network,,,15623231,15623231,CLW / 5TH ST 1 (L),25208301,247,3260239331,2024-07-27T02:08:38Z,2024-07-27T02:44:48Z,,29.039900,78.0,membership,Payment by membership account and/or membership card,USCPIE15623231*1
ChargePoint Network,,,13861891,13861891,BRMEMC / STATION 2,23296321,247,3249306871,2024-07-22T19:36:51Z,2024-07-22T20:06:18Z,,33.629902,71.736,membership,Payment by membership account and/or membership card,USCPIE13861891*1
ChargePoint Network,,,8851921,8851921,7SPC / SEVIERVILLE DC1,15571271,207,3214040771,2024-07-06T21:25:19Z,2024-07-06T21:26:23Z,,0.004500,0.0,membership,Payment by membership account and/or membership card,USCPIE8851921*1
ChargePoint Network,,,15694081,15694081,BRIGHTRIDGE EV / STATION 2 (R),25291921,247,3253887291,2024-07-24T16:19:49Z,2024-07-24T16:22:23Z,,0.000000,0.0,credit_card_terminal,Payment via credit card or debit card terminal,USCPIE15694081*1
ChargePoint Network,,,15623231,15623231,CLW / 5TH ST 1 (L),25208301,247,3237608451,2024-07-17T14:31:09Z,2024-07-17T14:52:23Z,,24.897699,87.165,membership,Payment by membership account and/or membership card,USCPIE15623231*1
ChargePoint Network,,,13292801,13292801,LODGE CAST IRON / STORE & MUSEUM,22637561,3,3222569281,2024-07-10T19:54:16Z,2024-07-10T20:35:07Z,,4.563529,6.862,membership,Payment by membership account and/or membership card,USCPIE13292801*2
ChargePoint Network,,,5619801,5619801,7SPC / WARREN RECC BG,25687261,3,3246205231,2024-07-21T03:53:11Z,2024-07-21T05:41:33Z,,11.253140,6.3002,membership,Payment by membership account and/or membership card,USCPIE5619801*2
ChargePoint Network,,,5565241,5565241,7SPC / SCES LECONTE 4,9205111,3,3245439481,2024-07-20T20:14:13Z,2024-07-20T21:52:22Z,,11.605800,7.1949,membership,Payment by membership account and/or membership card,USCPIE5565241*2
ChargePoint Network,,,15694081,15694081,BRIGHTRIDGE EV / STATION 2 (R),25291921,247,3235375821,2024-07-16T16:41:58Z,2024-07-16T21:32:09Z,,68.106598,73.599,membership,Payment by membership account and/or membership card,USCPIE15694081*1
ChargePoint Network,,,13664401,13664401,BTES / STATION 1 (LL),23060421,247,3210159501,2024-07-04T15:34:54Z,2024-07-04T16:01:24Z,,23.507401,56.363,membership,Payment by membership account and/or membership card,USCPIE13664401*1
ChargePoint Network,,,13966031,13966031,BEA / STATION 4 (RR),23419961,247,3233237691,2024-07-15T19:27:34Z,2024-07-15T19:28:03Z,,0.000000,0.0,membership,Payment by membership account and/or membership card,USCPIE13966031*1
ChargePoint Network,,,1988061,1988061,7SPC / SCES DOLLYWOOD,25499831,3,3247343031,2024-07-21T22:08:28Z,2024-07-22T02:06:41Z,,23.883095,7.3411,membership,Payment by membership account and/or membership card,USCPIE1988061*1
ChargePoint Network,,,13292801,13292801,LODGE CAST IRON / STORE & MUSEUM,22637551,3,3243336181,2024-07-19T19:14:53Z,2024-07-19T20:37:32Z,,9.780490,7.2318,credit_card_terminal,Payment via credit card or debit card terminal,USCPIE13292801*1
ChargePoint Network,,,15694081,15694081,BRIGHTRIDGE EV / STATION 2 (R),25291921,247,3258643311,2024-07-26T14:08:20Z,2024-07-26T15:23:46Z,,83.032402,99.067,membership,Payment by membership account and/or membership card,USCPIE15694081*1
ChargePoint Network,,,15885771,15885771,TWICKENHAM SQ / HU - STATION 4,25521581,247,3216508081,2024-07-08T10:29:12Z,2024-07-08T10:36:53Z,,3.527300,34.967,membership,Payment by membership account and/or membership card,USCPIE15885771*1
ChargePoint Network,,,1932851,1932851,BRIGHTRIDGE EV / BR-JC LIBRARY,23319811,3,3207555991,2024-07-03T12:38:25Z,2024-07-03T17:23:38Z,,33.973793,7.4755,membership,Payment by membership account and/or membership card,USCPIE1932851*1
ChargePoint Network,,,13290491,13290491,7SPC / NASA USSRC L,25742681,3,3225412531,2024-07-11T22:04:02Z,2024-07-11T23:05:25Z,,6.136271,6.0748,membership,Payment by membership account and/or membership card,USCPIE13290491*2
ChargePoint Network,,,13861891,13861891,BRMEMC / STATION 2,23296321,247,3243577381,2024-07-19T20:59:14Z,2024-07-19T21:14:12Z,,16.000200,0.0,membership,Payment by membership account and/or membership card,USCPIE13861891*1
ChargePoint Network,,,16022131,16022131,ACEPA / ACE STATION 1,25683791,247,3265612691,2024-07-29T22:21:59Z,2024-07-29T22:51:41Z,,20.052200,53.639,membership,Payment by membership account and/or membership card,USCPIE16022131*1
ChargePoint Network,,,15280441,15280441,SPRFLD ELECTRIC / STATION 2 (R),24807641,247,3227960941,2024-07-12T23:07:03Z,2024-07-12T23:48:12Z,,32.237499,53.576,membership,Payment by membership account and/or membership card,USCPIE15280441*1
ChargePoint Network,,,15280471,15280471,SPRFLD ELECTRIC / STATION 1 (L),24807681,247,3229346391,2024-07-13T18:45:57Z,2024-07-13T19:11:14Z,,22.282900,61.38,membership,Payment by membership account and/or membership card,USCPIE15280471*1
ChargePoint Network,,,15623211,15623211,CLW / 5TH ST 2 (R),25208281,247,3220554341,2024-07-09T23:20:46Z,2024-07-09T23:57:03Z,,42.876301,73.514,membership,Payment by membership account and/or membership card,USCPIE15623211*1
ChargePoint Network,,,15885771,15885771,TWICKENHAM SQ / HU - STATION 4,25521581,247,3231049121,2024-07-14T19:19:50Z,2024-07-14T19:20:04Z,,0.000000,0.0,credit_card_terminal,Payment via credit card or debit card terminal,USCPIE15885771*1
ChargePoint Network,,,15548151,15548151,DECATURDOWNTWN / STATION 1 (R),,,3210014381,2024-07-04T13:11:51Z,2024-07-04T13:13:52Z,,0.000000,,other,Any other payment method not specified above. Additional description should be provided in Payment Method Description.,USCPIE15548151*0
ChargePoint Network,,,14337221,14337221,HOLSTONELECTRIC / CHURCH HILL-1,23844801,247,3224989701,2024-07-11T19:06:59Z,2024-07-11T19:15:14Z,,9.145600,74.664,credit_card_terminal,Payment via credit card or debit card terminal,USCPIE14337221*1
ChargePoint Network,,,8851921,8851921,7SPC / SEVIERVILLE DC1,15571271,207,3237640831,2024-07-17T14:45:26Z,2024-07-17T15:44:22Z,,54.110401,57.759,membership,Payment by membership account and/or membership card,USCPIE8851921*1
ChargePoint Network,,,15885771,15885771,TWICKENHAM SQ / HU - STATION 4,25521581,247,3217440551,2024-07-08T18:17:07Z,2024-07-08T18:17:34Z,,0.000000,0.0,membership,Payment by membership account and/or membership card,USCPIE15885771*1
ChargePoint Network,,,5619801,5619801,7SPC / WARREN RECC BG,25687251,3,3227854221,2024-07-12T22:14:29Z,2024-07-12T23:08:37Z,,5.493060,6.1743,credit_card_terminal,Payment via credit card or debit card terminal,USCPIE5619801*1
ChargePoint Network,,,13290491,13290491,7SPC / NASA USSRC L,25742681,3,3257023661,2024-07-25T20:14:20Z,2024-07-25T22:22:18Z,,12.872064,6.1238,membership,Payment by membership account and/or membership card,USCPIE13290491*2
ChargePoint Network,,,15548151,15548151,DECATURDOWNTWN / STATION 1 (R),25119511,247,3218267991,2024-07-09T00:40:43Z,2024-07-09T00:54:39Z,,10.180100,50.25,credit_card_terminal,Payment via credit card or debit card terminal,USCPIE15548151*1
ChargePoint Network,,,5346231,5346231,CULLMANELECTRIC / STATION2-R,8926271,247,3202061631,2024-07-01T00:28:40Z,2024-07-01T00:39:29Z,,11.397300,67.374,membership,Payment by membership account and/or membership card,USCPIE5346231*1
ChargePoint Network,,,1932851,1932851,BRIGHTRIDGE EV / BR-JC LIBRARY,23319821,3,3268254771,2024-07-30T23:23:02Z,2024-07-30T23:41:25Z,,2.200423,7.5111,credit_card_terminal,Payment via credit card or debit card terminal,USCPIE1932851*2
ChargePoint Network,,,1921351,1921351,STARKVILLE UTIL / STARKVILLE DWTN,23682581,3,3246709801,2024-07-21T15:39:43Z,2024-07-21T21:48:43Z,,39.198017,7.2598,credit_card_terminal,Payment via credit card or debit card terminal,USCPIE1921351*2
ChargePoint Network,,,15250701,15250701,SES-TN / STATION 2,,,3221164651,2024-07-10T04:34:04Z,2024-07-10T04:34:32Z,,0.000000,,credit_card_terminal,Payment via credit card or debit card terminal,USCPIE15250701*0
ChargePoint Network,,,13861891,13861891,BRMEMC / STATION 2,23296321,247,3210462881,2024-07-04T19:31:24Z,2024-07-04T19:35:57Z,,3.062200,0.0,membership,Payment by membership account and/or membership card,USCPIE13861891*1
ChargePoint Network,,,15640031,15640031,NECDC / STATION 1 (L),25228511,247,3245624801,2024-07-20T22:00:41Z,2024-07-20T22:06:53Z,,5.474100,0.0,membership,Payment by membership account and/or membership card,USCPIE15640031*1
ChargePoint Network,,,12720881,12720881,WRECC / STATION 1,21977141,247,3246984021,2024-07-21T18:38:24Z,2024-07-21T18:54:16Z,,17.455400,77.013,membership,Payment by membership account and/or membership card,USCPIE12720881*1
ChargePoint Network,,,8851921,8851921,7SPC / SEVIERVILLE DC1,15571271,207,3266244861,2024-07-30T03:34:07Z,2024-07-30T04:13:36Z,,26.626699,43.125,credit_card_terminal,Payment via credit card or debit card terminal,USCPIE8851921*1
ChargePoint Network,,,15885771,15885771,TWICKENHAM SQ / HU - STATION 4,25521581,247,3240471451,2024-07-18T16:25:46Z,2024-07-18T16:59:16Z,,45.873100,84.709,membership,Payment by membership account and/or membership card,USCPIE15885771*1
ChargePoint Network,,,5525971,5525971,7SPC / SPARTA TN,9154681,3,3212635121,2024-07-06T00:13:52Z,2024-07-06T00:53:15Z,,4.442988,6.8843,membership,Payment by membership account and/or membership card,USCPIE5525971*1
ChargePoint Network,,,15280471,15280471,SPRFLD ELECTRIC / STATION 1 (L),24807681,247,3240655001,2024-07-18T17:42:13Z,2024-07-18T19:00:57Z,,19.988899,60.287,membership,Payment by membership account and/or membership card,USCPIE15280471*1
ChargePoint Network,,,5466441,5466441,7SPC / NASA USSRC R,9079371,3,3212212231,2024-07-05T20:14:38Z,2024-07-05T22:22:45Z,,13.209494,6.2734,membership,Payment by membership account and/or membership card,USCPIE5466441*2
ChargePoint Network,,,12406491,12406491,FPIA / LEFT STATION,21527781,247,3213984761,2024-07-06T20:51:51Z,2024-07-06T21:29:04Z,,37.732899,85.26,membership,Payment by membership account and/or membership card,USCPIE12406491*1
ChargePoint Network,,,14049761,14049761,PARIS BPU / STATION 2(R),23516951,247,3252723831,2024-07-24T02:29:02Z,2024-07-24T02:41:28Z,,14.406100,72.071,credit_card_terminal,Payment via credit card or debit card terminal,USCPIE14049761*1
ChargePoint Network,,,16022101,16022101,ACEPA / ACE STATION 2,25683761,247,3264964461,2024-07-29T17:24:40Z,2024-07-29T17:47:31Z,,24.358999,72.863,membership,Payment by membership account and/or membership card,USCPIE16022101*1
ChargePoint Network,,,13880891,13880891,MU / MUC MAIN OFFICE,23319011,3,3210203541,2024-07-04T16:10:20Z,2024-07-04T16:21:00Z,,1.115762,7.2292,membership,Payment by membership account and/or membership card,USCPIE13880891*1
ChargePoint Network,,,14097711,14097711,SCOTTSBORO EPB / SEPB DCFC (R),23570811,247,3224770381,2024-07-11T17:24:42Z,2024-07-11T17:47:24Z,,21.966801,75.263,membership,Payment by membership account and/or membership card,USCPIE14097711*1
ChargePoint Network,,,12720881,12720881,WRECC / STATION 1,21977141,247,3234783291,2024-07-16T12:53:46Z,2024-07-16T13:24:56Z,,22.911301,94.164,membership,Payment by membership account and/or membership card,USCPIE12720881*1
ChargePoint Network,,,12406401,12406401,FPIA / RIGHT STATION,21527671,247,3244360741,2024-07-20T03:22:16Z,2024-07-20T03:30:36Z,,7.923400,62.523,membership,Payment by membership account and/or membership card,USCPIE12406401*1
ChargePoint Network,,,8851921,8851921,7SPC / SEVIERVILLE DC1,,,3211889141,2024-07-05T17:17:58Z,2024-07-05T17:19:59Z,,0.000000,,membership,Payment by membership account and/or membership card,USCPIE8851921*0
ChargePoint Network,,,1988141,1988141,7SPC / SCES DREAM MORE,2355561,3,3253212791,2024-07-24T11:19:57Z,2024-07-24T11:20:19Z,,0.000000,0.0,credit_card_terminal,Payment via credit card or debit card terminal,USCPIE1988141*1
ChargePoint Network,,,13606061,13606061,I24 EXIT11 / STATION 4 (RR),22992511,247,3214685151,2024-07-07T04:21:28Z,2024-07-07T04:36:00Z,,17.201599,74.646,membership,Payment by membership account and/or membership card,USCPIE13606061*1
ChargePoint Network,,,13664401,13664401,BTES / STATION 1 (LL),23060421,247,3229057491,2024-07-13T15:46:06Z,2024-07-13T16:23:14Z,,20.797800,58.366,membership,Payment by membership account and/or membership card,USCPIE13664401*1
ChargePoint Network,,,15885771,15885771,TWICKENHAM SQ / HU - STATION 4,25521581,100011,3222961691,2024-07-10T22:44:31Z,2024-07-10T22:45:45Z,,0.000000,0.0,credit_card_terminal,Payment via credit card or debit card terminal,USCPIE15885771*1
ChargePoint Network,,,15836871,15836871,TOMBIGBEE / TEPA CHARGER 1,25462501,247,3238589361,2024-07-17T21:11:18Z,2024-07-17T22:15:18Z,,56.203201,68.339,membership,Payment by membership account and/or membership card,USCPIE15836871*1
ChargePoint Network,,,5354011,5354011,7SPC / GREENEVILLE TA,8936791,207,3246552731,2024-07-21T12:59:35Z,2024-07-21T13:43:49Z,,40.249001,57.133,membership,Payment by membership account and/or membership card,USCPIE5354011*1
ChargePoint Network,,,13606061,13606061,I24 EXIT11 / STATION 4 (RR),22992511,247,3252817351,2024-07-24T03:14:59Z,2024-07-24T04:28:01Z,,83.523201,76.041,membership,Payment by membership account and/or membership card,USCPIE13606061*1
ChargePoint Network,,,14355251,14355251,HARTSELLE 1 / STATION 2 (R),23865691,247,3267503091,2024-07-30T18:00:23Z,2024-07-30T18:01:32Z,,0.000000,0.0,credit_card_terminal,Payment via credit card or debit card terminal,USCPIE14355251*1
ChargePoint Network,,,8851921,8851921,7SPC / SEVIERVILLE DC1,15571271,100011,3230163941,2024-07-14T02:59:43Z,2024-07-14T03:11:06Z,,4.878600,0.0,membership,Payment by membership account and/or membership card,USCPIE8851921*1
ChargePoint Network,,,5122191,5122191,CULLMANELECTRIC / STATION1-L,8482151,247,3227012991,2024-07-12T15:56:50Z,2024-07-12T16:15:28Z,,16.886101,75.636,membership,Payment by membership account and/or membership card,USCPIE5122191*1
ChargePoint Network,,,14337221,14337221,HOLSTONELECTRIC / CHURCH HILL-1,23844801,100011,3245025611,2024-07-20T16:08:13Z,2024-07-20T16:51:21Z,,31.463200,53.2,membership,Payment by membership account and/or membership card,USCPIE14337221*1
ChargePoint Network,,,15885771,15885771,TWICKENHAM SQ / HU - STATION 4,25521581,247,3219615771,2024-07-09T16:26:51Z,2024-07-09T17:26:53Z,,72.358498,75.851,membership,Payment by membership account and/or membership card,USCPIE15885771*1
ChargePoint Network,,,13643801,13643801,PEPA / STATION 2,23036481,247,3224938581,2024-07-11T18:44:50Z,2024-07-11T19:57:47Z,,78.649597,91.8,membership,Payment by membership account and/or membership card,USCPIE13643801*1
ChargePoint Network,,,13606061,13606061,I24 EXIT11 / STATION 4 (RR),22992511,247,3242627761,2024-07-19T14:11:47Z,2024-07-19T14:48:01Z,,0.000000,0.0,membership,Payment by membership account and/or membership card,USCPIE13606061*1
ChargePoint Network,,,15836871,15836871,TOMBIGBEE / TEPA CHARGER 1,25462501,247,3229148091,2024-07-13T16:43:54Z,2024-07-13T17:17:10Z,,39.148998,77.223,membership,Payment by membership account and/or membership card,USCPIE15836871*1
ChargePoint Network,,,15332321,15332321,TUA NW ATLANTIC / STATION 1 (L),24867861,247,3212515151,2024-07-05T23:02:58Z,2024-07-06T00:10:01Z,,38.013599,54.243,membership,Payment by membership account and/or membership card,USCPIE15332321*1
ChargePoint Network,,,5466441,5466441,7SPC / NASA USSRC R,9079361,3,3227576811,2024-07-12T20:06:43Z,2024-07-12T22:02:20Z,,11.248569,5.9893,membership,Payment by membership account and/or membership card,USCPIE5466441*1
ChargePoint Network,,,13664471,13664471,BTES / STATION 3 (RM),23060511,247,3251347971,2024-07-23T16:21:35Z,2024-07-23T16:47:05Z,,27.802999,69.695,membership,Payment by membership account and/or membership card,USCPIE13664471*1
ChargePoint Network,,,14359531,14359531,EBOFG / STATION 2 (R),23870331,247,3248360881,2024-07-22T12:48:56Z,2024-07-22T13:13:09Z,,20.910200,74.8,credit_card_terminal,Payment via credit card or debit card terminal,USCPIE14359531*1
ChargePoint Network,,,14359491,14359491,EBOFG / STATION 1 (L),23870291,247,3267878601,2024-07-30T20:44:37Z,2024-07-30T20:45:13Z,,0.000000,0.0,membership,Payment by membership account and/or membership card,USCPIE14359491*1
ChargePoint Network,,,1988141,1988141,7SPC / SCES DREAM MORE,2355561,3,3218007051,2024-07-08T22:34:43Z,2024-07-09T01:38:44Z,,20.423023,6.747,credit_card_terminal,Payment via credit card or debit card terminal,USCPIE1988141*1
ChargePoint Network,,,5346231,5346231,CULLMANELECTRIC / STATION2-R,8926271,247,3217277371,2024-07-08T16:55:15Z,2024-07-08T17:59:59Z,,58.627102,72.496,membership,Payment by membership account and/or membership card,USCPIE5346231*1
ChargePoint Network,,,15623231,15623231,CLW / 5TH ST 1 (L),25208301,247,3243324151,2024-07-19T19:10:17Z,2024-07-19T19:37:31Z,,31.691799,76.245,membership,Payment by membership account and/or membership card,USCPIE15623231*1
ChargePoint Network,,,16022131,16022131,ACEPA / ACE STATION 1,25683791,247,3227871161,2024-07-12T22:22:58Z,2024-07-12T22:23:35Z,,0.112400,0.0,membership,Payment by membership account and/or membership card,USCPIE16022131*1
ChargePoint Network,,,13659871,13659871,LAWRENCEBURG / STATION 2 (R),23054921,247,3211864761,2024-07-05T17:05:46Z,2024-07-05T17:07:04Z,,0.200700,0.0,membership,Payment by membership account and/or membership card,USCPIE13659871*1
ChargePoint Network,,,15885771,15885771,TWICKENHAM SQ / HU - STATION 4,25521581,247,3209569141,2024-07-04T03:25:19Z,2024-07-04T03:56:56Z,,35.487900,73.061,other,Any other payment method not specified above. Additional description should be provided in Payment Method Description.,USCPIE15885771*1
ChargePoint Network,,,7505851,7505851,JEFFERSON AVE. / OXFORD STA1(L),12955471,247,3251506041,2024-07-23T17:26:43Z,2024-07-23T17:27:54Z,,0.000000,0.0,membership,Payment by membership account and/or membership card,USCPIE7505851*1
ChargePoint Network,,,9677521,9677521,UT PARKING / S7 STATION 1,17169331,3,3221951771,2024-07-10T15:36:37Z,2024-07-10T19:55:35Z,,26.574459,7.0416,membership,Payment by membership account and/or membership card,USCPIE9677521*1
ChargePoint Network,,,15260241,15260241,STEMC / STATION 1 (L) A,24784071,247,3216493621,2024-07-08T09:55:18Z,2024-07-08T09:57:41Z,,0.188300,0.0,credit_card_terminal,Payment via credit card or debit card terminal,USCPIE15260241*1
ChargePoint Network,,,12406491,12406491,FPIA / LEFT STATION,21527781,247,3240704421,2024-07-18T18:04:31Z,2024-07-18T19:13:40Z,,40.771801,75.056,membership,Payment by membership account and/or membership card,USCPIE12406491*1
ChargePoint Network,,,15885771,15885771,TWICKENHAM SQ / HU - STATION 4,25521581,247,3241687741,2024-07-19T01:09:04Z,2024-07-19T01:28:32Z,,28.612000,115.961,membership,Payment by membership account and/or membership card,USCPIE15885771*1
ChargePoint Network,,,9677521,9677521,UT PARKING / S7 STATION 1,17169341,3,3232754661,2024-07-15T15:55:43Z,2024-07-15T19:59:03Z,,24.186195,7.0793,membership,Payment by membership account and/or membership card,USCPIE9677521*2
ChargePoint Network,,,13290491,13290491,7SPC / NASA USSRC L,25742681,3,3243851001,2024-07-19T23:04:26Z,2024-07-20T01:41:54Z,,15.430369,5.9896,membership,Payment by membership account and/or membership card,USCPIE13290491*2
ChargePoint Network,,,5625391,5625391,7SPC / VEC JAMESTOWN,9280961,3,3243353831,2024-07-19T19:23:21Z,2024-07-19T19:37:36Z,,1.704744,7.4669,membership,Payment by membership account and/or membership card,USCPIE5625391*1
ChargePoint Network,,,15694171,15694171,BRIGHTRIDGE EV / STATION 1 (L),,,3242859341,2024-07-19T15:48:45Z,2024-07-19T15:49:24Z,,0.000000,,membership,Payment by membership account and/or membership card,USCPIE15694171*0
ChargePoint Network,,,15694171,15694171,BRIGHTRIDGE EV / STATION 1 (L),25292041,247,3220042351,2024-07-09T19:40:17Z,2024-07-09T19:41:06Z,,0.000000,0.0,membership,Payment by membership account and/or membership card,USCPIE15694171*1
ChargePoint Network,,,15694171,15694171,BRIGHTRIDGE EV / STATION 1 (L),25292041,247,3208384641,2024-07-03T18:22:18Z,2024-07-03T19:06:14Z,,50.005699,78.599,other,Any other payment method not specified above. Additional description should be provided in Payment Method Description.,USCPIE15694171*1
ChargePoint Network,,,15885771,15885771,TWICKENHAM SQ / HU - STATION 4,25521581,247,3221513251,2024-07-10T12:20:46Z,2024-07-10T12:43:37Z,,34.496601,116.578,membership,Payment by membership account and/or membership card,USCPIE15885771*1
ChargePoint Network,,,12406491,12406491,FPIA / LEFT STATION,21527781,247,3233899191,2024-07-16T00:19:59Z,2024-07-16T00:21:22Z,,0.000000,0.0,membership,Payment by membership account and/or membership card,USCPIE12406491*1
ChargePoint Network,,,13861861,13861861,BRMEMC / STATION 1,23296281,247,3210668431,2024-07-04T22:16:24Z,2024-07-04T22:44:45Z,,42.446701,116.424,membership,Payment by membership account and/or membership card,USCPIE13861861*1
ChargePoint Network,,,15694081,15694081,BRIGHTRIDGE EV / STATION 2 (R),25291921,247,3216757531,2024-07-08T13:23:57Z,2024-07-08T13:25:41Z,,0.058300,0.0,membership,Payment by membership account and/or membership card,USCPIE15694081*1
ChargePoint Network,,,13290491,13290491,7SPC / NASA USSRC L,25742681,3,3223111041,2024-07-10T23:50:09Z,2024-07-11T00:58:39Z,,5.918909,6.0284,membership,Payment by membership account and/or membership card,USCPIE13290491*2
ChargePoint Network,,,13861861,13861861,BRMEMC / STATION 1,23296281,247,3204493211,2024-07-02T02:07:14Z,2024-07-02T02:24:40Z,,13.307100,55.096,membership,Payment by membership account and/or membership card,USCPIE13861861*1
ChargePoint Network,,,15332321,15332321,TUA NW ATLANTIC / STATION 1 (L),24867861,247,3243492401,2024-07-19T20:22:02Z,2024-07-19T20:22:55Z,,0.000000,0.0,membership,Payment by membership account and/or membership card,USCPIE15332321*1
ChargePoint Network,,,15885791,15885791,TWICKENHAM SQ / HU - STATION 3,25521611,247,3212563831,2024-07-05T23:30:55Z,2024-07-06T00:34:32Z,,36.634800,54.832,membership,Payment by membership account and/or membership card,USCPIE15885791*1
ChargePoint Network,,,12448521,12448521,7SPC / WARREN RECC LF,21576921,3,3211656991,2024-07-05T15:15:00Z,2024-07-05T16:28:03Z,,7.377717,6.1077,membership,Payment by membership account and/or membership card,USCPIE12448521*2
ChargePoint Network,,,15623231,15623231,CLW / 5TH ST 1 (L),25208301,247,3251006131,2024-07-23T14:24:43Z,2024-07-23T15:03:03Z,,40.181000,74.879,membership,Payment by membership account and/or membership card,USCPIE15623231*1
ChargePoint Network,,,12676071,12676071,NEMEPA / NEMEPA EMPLOYEE,21923351,3,3238241601,2024-07-17T18:42:53Z,2024-07-17T20:09:13Z,,1.669059,6.1221,membership,Payment by membership account and/or membership card,USCPIE12676071*1
ChargePoint Network,,,14047321,14047321,JEFFERSON AVE. / OXFORD STA2(R),23514081,247,3213669011,2024-07-06T17:33:55Z,2024-07-06T18:26:11Z,,60.015701,72.693,credit_card_terminal,Payment via credit card or debit card terminal,USCPIE14047321*1
ChargePoint Network,,,13290491,13290491,7SPC / NASA USSRC L,25742671,3,3258803371,2024-07-26T15:16:32Z,2024-07-26T18:09:32Z,,10.153772,6.1257,membership,Payment by membership account and/or membership card,USCPIE13290491*1
ChargePoint Network,,,15694081,15694081,BRIGHTRIDGE EV / STATION 2 (R),25291921,247,3229915891,2024-07-14T00:22:19Z,2024-07-14T00:33:23Z,,12.705100,74.646,membership,Payment by membership account and/or membership card,USCPIE15694081*1
ChargePoint Network,,,14097711,14097711,SCOTTSBORO EPB / SEPB DCFC (R),,,3236559961,2024-07-17T01:02:29Z,2024-07-17T01:04:39Z,,0.000000,,credit_card_terminal,Payment via credit card or debit card terminal,USCPIE14097711*0
ChargePoint Network,,,5122191,5122191,CULLMANELECTRIC / STATION1-L,8482151,247,3249884161,2024-07-22T23:52:02Z,2024-07-23T00:55:31Z,,54.529598,72.742,membership,Payment by membership account and/or membership card,USCPIE5122191*1
ChargePoint Network,,,15885771,15885771,TWICKENHAM SQ / HU - STATION 4,25521581,247,3211411521,2024-07-05T12:03:46Z,2024-07-05T12:47:19Z,,53.507401,85.498,membership,Payment by membership account and/or membership card,USCPIE15885771*1
ChargePoint Network,,,15332321,15332321,TUA NW ATLANTIC / STATION 1 (L),24867861,247,3240499061,2024-07-18T16:35:32Z,2024-07-18T17:19:48Z,,48.971600,74.879,membership,Payment by membership account and/or membership card,USCPIE15332321*1
ChargePoint Network,,,15885791,15885791,TWICKENHAM SQ / HU - STATION 3,25521611,247,3246534481,2024-07-21T12:32:11Z,2024-07-21T12:32:35Z,,0.000000,0.0,membership,Payment by membership account and/or membership card,USCPIE15885791*1
ChargePoint Network,,,5424051,5424051,EEDEV / ELIZ DOWNTOWN,9027001,3,3212257051,2024-07-05T20:38:56Z,2024-07-05T21:25:49Z,,5.719605,7.431,membership,Payment by membership account and/or membership card,USCPIE5424051*2
ChargePoint Network,,,13659831,13659831,LAWRENCEBURG / STATION 1 (L),23054881,247,3231568911,2024-07-15T00:24:03Z,2024-07-15T00:45:32Z,,23.938999,70.329,membership,Payment by membership account and/or membership card,USCPIE13659831*1
ChargePoint Network,,,15623231,15623231,CLW / 5TH ST 1 (L),25208301,247,3258273591,2024-07-26T07:21:33Z,2024-07-26T07:40:50Z,,35.812302,114.597,membership,Payment by membership account and/or membership card,USCPIE15623231*1
ChargePoint Network,,,5122191,5122191,CULLMANELECTRIC / STATION1-L,8482151,247,3229376161,2024-07-13T19:03:13Z,2024-07-13T19:45:47Z,,43.782398,69.3,membership,Payment by membership account and/or membership card,USCPIE5122191*1
ChargePoint Network,,,15885771,15885771,TWICKENHAM SQ / HU - STATION 4,25521581,247,3230115281,2024-07-14T02:23:08Z,2024-07-14T03:03:33Z,,14.066300,35.243,membership,Payment by membership account and/or membership card,USCPIE15885771*1
ChargePoint Network,,,15623231,15623231,CLW / 5TH ST 1 (L),25208301,247,3213635241,2024-07-06T17:13:02Z,2024-07-06T19:29:06Z,,60.465401,71.391,credit_card_terminal,Payment via credit card or debit card terminal,USCPIE15623231*1
ChargePoint Network,,,15332351,15332351,TUA NW ATLANTIC / STATION 2 (R),24867891,247,3262708321,2024-07-28T15:57:13Z,2024-07-28T16:07:35Z,,17.882900,114.608,membership,Payment by membership account and/or membership card,USCPIE15332351*1
ChargePoint Network,,,5346231,5346231,CULLMANELECTRIC / STATION2-R,8926271,247,3213724331,2024-07-06T18:08:39Z,2024-07-06T18:49:00Z,,31.715200,52.479,membership,Payment by membership account and/or membership card,USCPIE5346231*1
ChargePoint Network,,,5346231,5346231,CULLMANELECTRIC / STATION2-R,8926271,247,3224261391,2024-07-11T14:17:51Z,2024-07-11T14:40:25Z,,25.778799,71.904,membership,Payment by membership account and/or membership card,USCPIE5346231*1
ChargePoint Network,,,1988141,1988141,7SPC / SCES DREAM MORE,2355571,3,3226921301,2024-07-12T15:21:46Z,2024-07-12T19:02:27Z,,24.635826,6.7881,credit_card_terminal,Payment via credit card or debit card terminal,USCPIE1988141*2
ChargePoint Network,,,5466441,5466441,7SPC / NASA USSRC R,9079361,3,3262874071,2024-07-28T17:48:52Z,2024-07-28T19:23:35Z,,9.038496,6.016,membership,Payment by membership account and/or membership card,USCPIE5466441*1
ChargePoint Network,,,13664471,13664471,BTES / STATION 3 (RM),23060511,247,3238654941,2024-07-17T21:40:31Z,2024-07-17T21:54:29Z,,11.459400,53.723,membership,Payment by membership account and/or membership card,USCPIE13664471*1
ChargePoint Network,,,15729991,15729991,AEC / AEC03,25334181,3,3205755771,2024-07-02T17:19:29Z,2024-07-02T17:21:30Z,,0.000000,0.0,membership,Payment by membership account and/or membership card,USCPIE15729991*2
ChargePoint Network,,,15280441,15280441,SPRFLD ELECTRIC / STATION 2 (R),24807641,247,3245566851,2024-07-20T21:27:30Z,2024-07-20T21:43:09Z,,14.673800,58.057,membership,Payment by membership account and/or membership card,USCPIE15280441*1
ChargePoint Network,,,5625391,5625391,7SPC / VEC JAMESTOWN,9280961,3,3227898651,2024-07-12T22:36:09Z,2024-07-13T15:06:44Z,,97.877975,7.3368,credit_card_terminal,Payment via credit card or debit card terminal,USCPIE5625391*1
ChargePoint Network,,,15332351,15332351,TUA NW ATLANTIC / STATION 2 (R),24867891,247,3240578091,2024-07-18T17:07:36Z,2024-07-18T17:19:38Z,,11.602700,62.118,membership,Payment by membership account and/or membership card,USCPIE15332351*1
ChargePoint Network,,,15885791,15885791,TWICKENHAM SQ / HU - STATION 3,25521611,247,3260024451,2024-07-27T00:23:00Z,2024-07-27T01:16:55Z,,49.148800,78.606,credit_card_terminal,Payment via credit card or debit card terminal,USCPIE15885791*1
ChargePoint Network,,,14047321,14047321,JEFFERSON AVE. / OXFORD STA2(R),23514081,247,3212181461,2024-07-05T19:57:33Z,2024-07-05T20:25:33Z,,32.201698,72.071,membership,Payment by membership account and/or membership card,USCPIE14047321*1
ChargePoint Network,,,7505851,7505851,JEFFERSON AVE. / OXFORD STA1(L),12955471,247,3232846861,2024-07-15T16:28:02Z,2024-07-15T17:39:44Z,,59.422901,121.329,membership,Payment by membership account and/or membership card,USCPIE7505851*1
ChargePoint Network,,,9677521,9677521,UT PARKING / S7 STATION 1,17169341,3,3263488841,2024-07-28T23:47:50Z,2024-07-29T02:28:51Z,,18.643177,7.0525,membership,Payment by membership account and/or membership card,USCPIE9677521*2
ChargePoint Network,,,5619801,5619801,7SPC / WARREN RECC BG,25687251,3,3231972081,2024-07-15T04:58:14Z,2024-07-15T10:18:59Z,,31.309019,6.3927,membership,Payment by membership account and/or membership card,USCPIE5619801*1
ChargePoint Network,,,15280441,15280441,SPRFLD ELECTRIC / STATION 2 (R),24807641,247,3207252151,2024-07-03T05:53:10Z,2024-07-03T07:29:29Z,,60.676201,51.799,membership,Payment by membership account and/or membership card,USCPIE15280441*1
ChargePoint Network,,,13643801,13643801,PEPA / STATION 2,23036481,247,3255168991,2024-07-25T01:31:07Z,2024-07-25T02:05:20Z,,40.913799,76.017,membership,Payment by membership account and/or membership card,USCPIE13643801*1
ChargePoint Network,,,15332351,15332351,TUA NW ATLANTIC / STATION 2 (R),24867891,247,3243316621,2024-07-19T19:07:08Z,2024-07-19T19:49:58Z,,29.753500,54.096,membership,Payment by membership account and/or membership card,USCPIE15332351*1
ChargePoint Network,,,1988061,1988061,7SPC / SCES DOLLYWOOD,25499831,3,3224629381,2024-07-11T16:26:57Z,2024-07-11T17:57:09Z,,8.525220,7.1128,membership,Payment by membership account and/or membership card,USCPIE1988061*1
ChargePoint Network,,,1933211,1933211,BRIGHTRIDGE EV / BR-JONESBOROUGH,2283641,3,3245299001,2024-07-20T18:54:03Z,2024-07-21T02:17:22Z,,44.483974,6.1043,membership,Payment by membership account and/or membership card,USCPIE1933211*2
ChargePoint Network,,,13861891,13861891,BRMEMC / STATION 2,23296321,247,3240974801,2024-07-18T20:04:35Z,2024-07-18T20:30:50Z,,25.035999,71.441,membership,Payment by membership account and/or membership card,USCPIE13861891*1
ChargePoint Network,,,1964521,1964521,EBOFG / GUNTERSVILLE PD,8374211,3,3228102841,2024-07-13T00:19:55Z,2024-07-13T01:20:23Z,,3.508322,3.7722,credit_card_terminal,Payment via credit card or debit card terminal,USCPIE1964521*2
ChargePoint Network,,,1988061,1988061,7SPC / SCES DOLLYWOOD,25499841,3,3243797141,2024-07-19T22:37:29Z,2024-07-19T22:39:30Z,,0.000000,0.0,membership,Payment by membership account and/or membership card,USCPIE1988061*2
ChargePoint Network,,,13966811,13966811,BEA / STATION 2 (LM),23420881,247,3267984421,2024-07-30T21:28:05Z,2024-07-30T22:58:47Z,,82.375099,70.785,credit_card_terminal,Payment via credit card or debit card terminal,USCPIE13966811*1
ChargePoint Network,,,1988061,1988061,7SPC / SCES DOLLYWOOD,25499841,3,3268035591,2024-07-30T21:50:20Z,2024-07-31T02:00:24Z,,9.255353,7.1706,membership,Payment by membership account and/or membership card,USCPIE1988061*2
ChargePoint Network,,,15885771,15885771,TWICKENHAM SQ / HU - STATION 4,25521581,247,3261053311,2024-07-27T16:20:43Z,2024-07-27T16:21:10Z,,0.000000,0.0,credit_card_terminal,Payment via credit card or debit card terminal,USCPIE15885771*1
ChargePoint Network,,,5346231,5346231,CULLMANELECTRIC / STATION2-R,8926271,247,3247571871,2024-07-22T00:12:28Z,2024-07-22T00:30:14Z,,32.841000,119.349,other,Any other payment method not specified above. Additional description should be provided in Payment Method Description.,USCPIE5346231*1
ChargePoint Network,,,12720861,12720861,WRECC / STATION 2,21977121,247,3234018421,2024-07-16T01:12:46Z,2024-07-16T01:24:26Z,,20.737000,118.559,membership,Payment by membership account and/or membership card,USCPIE12720861*1
ChargePoint Network,,,5565191,5565191,7SPC / DOLLYWOOD EMPL,9205031,3,3239947191,2024-07-18T13:00:26Z,2024-07-18T21:25:20Z,,58.331532,7.0704,membership,Payment by membership account and/or membership card,USCPIE5565191*1
ChargePoint Network,,,15885771,15885771,TWICKENHAM SQ / HU - STATION 4,,,3238693691,2024-07-17T21:55:16Z,2024-07-17T21:57:17Z,,0.000000,,membership,Payment by membership account and/or membership card,USCPIE15885771*0
ChargePoint Network,,,13664501,13664501,BTES / STATION 4 (RR),23060561,247,3217477511,2024-07-08T18:35:10Z,2024-07-08T19:00:03Z,,28.205000,72.323,membership,Payment by membership account and/or membership card,USCPIE13664501*1
ChargePoint Network,,,5346231,5346231,CULLMANELECTRIC / STATION2-R,8926271,247,3254537761,2024-07-24T20:56:47Z,2024-07-24T21:16:24Z,,22.591801,87.073,membership,Payment by membership account and/or membership card,USCPIE5346231*1
ChargePoint Network,,,5363211,5363211,HARTSELLE 1 / HARTSELLE 1,23427581,3,3227583941,2024-07-12T20:10:45Z,2024-07-12T21:40:12Z,,5.256315,3.7853,membership,Payment by membership account and/or membership card,USCPIE5363211*2
ChargePoint Network,,,5619801,5619801,7SPC / WARREN RECC BG,25687251,3,3202471021,2024-07-01T05:18:40Z,2024-07-01T14:13:20Z,,35.172714,6.33,membership,Payment by membership account and/or membership card,USCPIE5619801*1
ChargePoint Network,,,16022131,16022131,ACEPA / ACE STATION 1,25683791,247,3262521751,2024-07-28T12:48:26Z,2024-07-28T14:12:55Z,,43.175201,77.415,membership,Payment by membership account and/or membership card,USCPIE16022131*1
ChargePoint Network,,,7505851,7505851,JEFFERSON AVE. / OXFORD STA1(L),12955471,247,3213927691,2024-07-06T20:16:25Z,2024-07-06T20:35:28Z,,21.240499,77.419,membership,Payment by membership account and/or membership card,USCPIE7505851*1
ChargePoint Network,,,12406491,12406491,FPIA / LEFT STATION,21527781,247,3211732591,2024-07-05T15:56:20Z,2024-07-05T15:59:27Z,,0.000000,0.0,membership,Payment by membership account and/or membership card,USCPIE12406491*1
ChargePoint Network,,,15694081,15694081,BRIGHTRIDGE EV / STATION 2 (R),25291921,247,3207451591,2024-07-03T11:27:39Z,2024-07-03T12:06:19Z,,44.265598,75.819,membership,Payment by membership account and/or membership card,USCPIE15694081*1
ChargePoint Network,,,13606061,13606061,I24 EXIT11 / STATION 4 (RR),22992511,247,3202213261,2024-07-01T02:00:17Z,2024-07-01T02:46:36Z,,52.315899,78.012,membership,Payment by membership account and/or membership card,USCPIE13606061*1
ChargePoint Network,,,14359491,14359491,EBOFG / STATION 1 (L),23870291,247,3267876101,2024-07-30T20:43:33Z,2024-07-30T20:44:19Z,,0.000000,0.0,membership,Payment by membership account and/or membership card,USCPIE14359491*1
ChargePoint Network,,,1988141,1988141,7SPC / SCES DREAM MORE,2355561,3,3263622481,2024-07-29T01:01:54Z,2024-07-29T01:02:38Z,,0.000030,0.0331,credit_card_terminal,Payment via credit card or debit card terminal,USCPIE1988141*1
ChargePoint Network,,,5122191,5122191,CULLMANELECTRIC / STATION1-L,,,3219807941,2024-07-09T17:50:18Z,2024-07-09T17:52:19Z,,0.000000,,membership,Payment by membership account and/or membership card,USCPIE5122191*0
ChargePoint Network,,,12460751,12460751,PES / LEFT STATION,22360171,215,3241121601,2024-07-18T21:06:07Z,2024-07-22T16:29:13Z,,22.126699,7.7269,membership,Payment by membership account and/or membership card,USCPIE12460751*1
ChargePoint Network,,,13423581,13423581,AEC / STATION #2 (R),22787011,247,3247403201,2024-07-21T22:41:57Z,2024-07-21T23:06:14Z,,27.596701,72.323,membership,Payment by membership account and/or membership card,USCPIE13423581*1
ChargePoint Network,,,5354011,5354011,7SPC / GREENEVILLE TA,8936791,207,3244841851,2024-07-20T13:49:57Z,2024-07-20T13:57:37Z,,6.840900,0.0,membership,Payment by membership account and/or membership card,USCPIE5354011*1
ChargePoint Network,,,15260251,15260251,STEMC / STATION 2 (R) A,24784081,247,3255379591,2024-07-25T03:15:13Z,2024-07-25T12:13:49Z,,0.000000,0.0,membership,Payment by membership account and/or membership card,USCPIE15260251*1
ChargePoint Network,,,13664501,13664501,BTES / STATION 4 (RR),,,3235806551,2024-07-16T19:52:57Z,2024-07-16T19:54:58Z,,0.000000,0.0,membership,Payment by membership account and/or membership card,USCPIE13664501*0
ChargePoint Network,,,7173851,7173851,SCOTTSBORO EPB / MAIN OFFICE,12310861,3,3209438181,2024-07-04T02:14:04Z,2024-07-04T02:16:04Z,,0.000000,0.0,credit_card_terminal,Payment via credit card or debit card terminal,USCPIE7173851*1
ChargePoint Network,,,13290491,13290491,7SPC / NASA USSRC L,25742681,3,3237725511,2024-07-17T15:15:00Z,2024-07-17T17:47:26Z,,5.803114,3.3093,membership,Payment by membership account and/or membership card,USCPIE13290491*2
ChargePoint Network,,,14097711,14097711,SCOTTSBORO EPB / SEPB DCFC (R),23570811,247,3243193721,2024-07-19T18:08:00Z,2024-07-19T18:51:42Z,,47.126999,72.735,membership,Payment by membership account and/or membership card,USCPIE14097711*1
ChargePoint Network,,,1844191,1844191,CLW / MAIN ST,23050431,3,3210458381,2024-07-04T19:27:24Z,2024-07-04T23:42:33Z,,29.985811,7.1789,credit_card_terminal,Payment via credit card or debit card terminal,USCPIE1844191*1
ChargePoint Network,,,5346231,5346231,CULLMANELECTRIC / STATION2-R,8926271,247,3204165801,2024-07-01T23:27:18Z,2024-07-01T23:50:54Z,,26.841700,72.299,membership,Payment by membership account and/or membership card,USCPIE5346231*1
ChargePoint Network,,,5625391,5625391,7SPC / VEC JAMESTOWN,9280961,3,3227110601,2024-07-12T16:34:05Z,2024-07-12T17:08:40Z,,4.168273,7.4435,membership,Payment by membership account and/or membership card,USCPIE5625391*1
ChargePoint Network,,,15332351,15332351,TUA NW ATLANTIC / STATION 2 (R),24867891,247,3262740161,2024-07-28T16:20:16Z,2024-07-28T16:59:01Z,,39.998001,64.544,membership,Payment by membership account and/or membership card,USCPIE15332351*1
ChargePoint Network,,,5346231,5346231,CULLMANELECTRIC / STATION2-R,8926271,247,3238560261,2024-07-17T20:59:43Z,2024-07-17T21:00:04Z,,0.000000,0.0,membership,Payment by membership account and/or membership card,USCPIE5346231*1
ChargePoint Network,,,13966851,13966851,BEA / STATION 1 (LL),23420911,247,3254273131,2024-07-24T19:06:23Z,2024-07-24T19:39:50Z,,24.629499,75.269,credit_card_terminal,Payment via credit card or debit card terminal,USCPIE13966851*1
ChargePoint Network,,,13026471,13026471,WCMES / CITYHALL2-R,,,3224844671,2024-07-11T17:57:36Z,2024-07-11T17:59:44Z,,0.000000,,credit_card_terminal,Payment via credit card or debit card terminal,USCPIE13026471*0
ChargePoint Network,,,13606061,13606061,I24 EXIT11 / STATION 4 (RR),22992511,247,3213013771,2024-07-06T04:00:15Z,2024-07-06T04:37:12Z,,42.516399,78.008,membership,Payment by membership account and/or membership card,USCPIE13606061*1
ChargePoint Network,,,14047321,14047321,JEFFERSON AVE. / OXFORD STA2(R),,,3235386001,2024-07-16T16:46:44Z,2024-07-16T16:46:48Z,,0.000000,,membership,Payment by membership account and/or membership card,USCPIE14047321*0
ChargePoint Network,,,15332321,15332321,TUA NW ATLANTIC / STATION 1 (L),24867861,247,3230534481,2024-07-14T12:05:27Z,2024-07-14T13:22:38Z,,77.360298,61.353,membership,Payment by membership account and/or membership card,USCPIE15332321*1
ChargePoint Network,,,13423691,13423691,AEC / STATION #1 (L),22787121,247,3229304741,2024-07-13T18:19:55Z,2024-07-13T18:20:17Z,,0.000000,0.0,membership,Payment by membership account and/or membership card,USCPIE13423691*1
ChargePoint Network,,,1988141,1988141,7SPC / SCES DREAM MORE,2355571,3,3225944511,2024-07-12T01:58:45Z,2024-07-12T13:36:12Z,,60.630352,7.2173,membership,Payment by membership account and/or membership card,USCPIE1988141*2
ChargePoint Network,,,1988061,1988061,7SPC / SCES DOLLYWOOD,25499841,3,3224288081,2024-07-11T14:28:32Z,2024-07-11T22:01:11Z,,53.012417,7.1421,membership,Payment by membership account and/or membership card,USCPIE1988061*2
ChargePoint Network,,,13659871,13659871,LAWRENCEBURG / STATION 2 (R),23054921,247,3226161161,2024-07-12T03:57:23Z,2024-07-12T04:14:47Z,,30.850100,113.769,membership,Payment by membership account and/or membership card,USCPIE13659871*1
ChargePoint Network,,,15623211,15623211,CLW / 5TH ST 2 (R),25208281,247,3262065281,2024-07-28T02:19:42Z,2024-07-28T03:26:15Z,,64.676804,62.595,membership,Payment by membership account and/or membership card,USCPIE15623211*1
ChargePoint Network,,,7505851,7505851,JEFFERSON AVE. / OXFORD STA1(L),12955471,247,3224068951,2024-07-11T12:48:09Z,2024-07-11T13:13:12Z,,47.329399,116.18,membership,Payment by membership account and/or membership card,USCPIE7505851*1
ChargePoint Network,,,8851921,8851921,7SPC / SEVIERVILLE DC1,15571271,207,3230815201,2024-07-14T16:51:11Z,2024-07-14T17:30:33Z,,35.687801,60.647,membership,Payment by membership account and/or membership card,USCPIE8851921*1
ChargePoint Network,,,8851921,8851921,7SPC / SEVIERVILLE DC1,15571271,207,3203637141,2024-07-01T19:19:10Z,2024-07-01T20:38:15Z,,72.412201,59.136,membership,Payment by membership account and/or membership card,USCPIE8851921*1
ChargePoint Network,,,8851921,8851921,7SPC / SEVIERVILLE DC1,15571271,207,3205150151,2024-07-02T13:13:53Z,2024-07-02T13:54:04Z,,31.122801,59.444,membership,Payment by membership account and/or membership card,USCPIE8851921*1
ChargePoint Network,,,9677521,9677521,UT PARKING / S7 STATION 1,17169341,3,3242924661,2024-07-19T16:10:59Z,2024-07-19T20:55:31Z,,32.881897,7.1312,membership,Payment by membership account and/or membership card,USCPIE9677521*2
ChargePoint Network,,,1964521,1964521,EBOFG / GUNTERSVILLE PD,8374201,3,3256756761,2024-07-25T18:21:43Z,2024-07-25T20:17:57Z,,14.187878,7.4144,membership,Payment by membership account and/or membership card,USCPIE1964521*1
ChargePoint Network,,,1988061,1988061,7SPC / SCES DOLLYWOOD,25499841,3,3247468271,2024-07-21T23:15:15Z,2024-07-22T01:02:53Z,,12.695912,7.1679,membership,Payment by membership account and/or membership card,USCPIE1988061*2
ChargePoint Network,,,15885771,15885771,TWICKENHAM SQ / HU - STATION 4,25521581,247,3208383501,2024-07-03T18:23:12Z,2024-07-03T18:23:31Z,,0.000000,0.0,membership,Payment by membership account and/or membership card,USCPIE15885771*1
ChargePoint Network,,,14355251,14355251,HARTSELLE 1 / STATION 2 (R),23865691,247,3237177011,2024-07-17T10:38:13Z,2024-07-17T10:56:38Z,,19.776600,67.767,membership,Payment by membership account and/or membership card,USCPIE14355251*1
ChargePoint Network,,,5122191,5122191,CULLMANELECTRIC / STATION1-L,8482151,247,3228047031,2024-07-12T23:52:49Z,2024-07-13T00:16:15Z,,18.956900,53.576,other,Any other payment method not specified above. Additional description should be provided in Payment Method Description.,USCPIE5122191*1
ChargePoint Network,,,5565191,5565191,7SPC / DOLLYWOOD EMPL,9205031,3,3207624251,2024-07-03T13:12:47Z,2024-07-03T17:34:27Z,,27.101023,7.2694,membership,Payment by membership account and/or membership card,USCPIE5565191*1
ChargePoint Network,,,5397731,5397731,EEDEV / MILLIGAN UNIV,9010251,3,3213547051,2024-07-06T16:16:15Z,2024-07-06T16:49:47Z,,3.971767,7.4295,membership,Payment by membership account and/or membership card,USCPIE5397731*1
ChargePoint Network,,,5565291,5565291,7SPC / SCES LECONTE 1,9205191,3,3247469281,2024-07-21T23:16:01Z,2024-07-22T03:53:45Z,,26.866545,7.3581,membership,Payment by membership account and/or membership card,USCPIE5565291*1
ChargePoint Network,,,14355251,14355251,HARTSELLE 1 / STATION 2 (R),23865691,247,3235408031,2024-07-16T16:55:30Z,2024-07-16T17:51:18Z,,46.681599,73.918,credit_card_terminal,Payment via credit card or debit card terminal,USCPIE14355251*1
ChargePoint Network,,,14047321,14047321,JEFFERSON AVE. / OXFORD STA2(R),,,3260958851,2024-07-27T15:18:01Z,2024-07-27T15:18:10Z,,0.000000,,credit_card_terminal,Payment via credit card or debit card terminal,USCPIE14047321*0
ChargePoint Network,,,5466441,5466441,7SPC / NASA USSRC R,9079371,3,3243134201,2024-07-19T17:40:07Z,2024-07-20T11:38:09Z,,49.067463,6.1176,credit_card_terminal,Payment via credit card or debit card terminal,USCPIE5466441*2
ChargePoint Network,,,5424051,5424051,EEDEV / ELIZ DOWNTOWN,9027001,3,3211868821,2024-07-05T17:07:57Z,2024-07-05T19:00:29Z,,5.235974,2.8387,other,Any other payment method not specified above. Additional description should be provided in Payment Method Description.,USCPIE5424051*2
ChargePoint Network,,,5565191,5565191,7SPC / DOLLYWOOD EMPL,9205041,3,3209367241,2024-07-04T01:40:37Z,2024-07-04T02:17:56Z,,2.321733,3.7741,credit_card_terminal,Payment via credit card or debit card terminal,USCPIE5565191*2
ChargePoint Network,,,5424051,5424051,EEDEV / ELIZ DOWNTOWN,9027001,3,3235007441,2024-07-16T14:34:49Z,2024-07-16T16:22:46Z,,6.069410,3.5325,membership,Payment by membership account and/or membership card,USCPIE5424051*2
ChargePoint Network,,,13659871,13659871,LAWRENCEBURG / STATION 2 (R),23054921,247,3213693971,2024-07-06T17:50:16Z,2024-07-06T18:45:53Z,,52.151501,69.188,credit_card_terminal,Payment via credit card or debit card terminal,USCPIE13659871*1
ChargePoint Network,,,1921531,1921531,STARKVILLE UTIL / STARKVILLE REC,2268561,3,3232782471,2024-07-15T16:04:59Z,2024-07-15T20:28:23Z,,30.525686,7.0244,credit_card_terminal,Payment via credit card or debit card terminal,USCPIE1921531*2
ChargePoint Network,,,15836981,15836981,TOMBIGBEE / TEPA CHARGER 2,25462651,247,3245136781,2024-07-20T17:17:08Z,2024-07-20T19:14:07Z,,43.617001,75.45,membership,Payment by membership account and/or membership card,USCPIE15836981*1
ChargePoint Network,,,1988141,1988141,7SPC / SCES DREAM MORE,2355571,3,3244986281,2024-07-20T15:42:44Z,2024-07-20T22:29:07Z,,45.339775,7.0704,membership,Payment by membership account and/or membership card,USCPIE1988141*2
ChargePoint Network,,,8851921,8851921,7SPC / SEVIERVILLE DC1,15571271,207,3230222891,2024-07-14T03:37:00Z,2024-07-14T03:37:37Z,,0.000000,0.0,membership,Payment by membership account and/or membership card,USCPIE8851921*1
ChargePoint Network,,,13659831,13659831,LAWRENCEBURG / STATION 1 (L),23054881,247,3250006051,2024-07-23T00:51:38Z,2024-07-23T01:05:18Z,,14.132000,68.447,phone_online,"Payment through mobile app, website, automated phone number or messaging system",USCPIE13659831*1
ChargePoint Network,,,9677521,9677521,UT PARKING / S7 STATION 1,17169331,3,3216740661,2024-07-08T13:14:53Z,2024-07-08T13:47:21Z,,3.540027,6.6631,roaming,Payment via roaming partners,USCPIE9677521*1
ChargePoint Network,,,8851921,8851921,7SPC / SEVIERVILLE DC1,15571271,207,3241943561,2024-07-19T03:12:54Z,2024-07-19T03:51:09Z,,30.721600,61.627,phone_online,"Payment through mobile app, website, automated phone number or messaging system",USCPIE8851921*1
ChargePoint Network,,,13643831,13643831,PEPA / STATION 1,23036511,247,3245296851,2024-07-20T18:52:43Z,2024-07-20T19:48:37Z,,64.002701,73.458,membership,Payment by membership account and/or membership card,USCPIE13643831*1
ChargePoint Network,,,5122191,5122191,CULLMANELECTRIC / STATION1-L,8482151,247,3231382521,2024-07-14T22:41:59Z,2024-07-14T22:42:43Z,,0.000000,0.0,membership,Payment by membership account and/or membership card,USCPIE5122191*1
ChargePoint Network,,,5619801,5619801,7SPC / WARREN RECC BG,25687251,3,3211137551,2024-07-05T04:20:59Z,2024-07-05T09:58:20Z,,21.798536,6.3875,membership,Payment by membership account and/or membership card,USCPIE5619801*1
ChargePoint Network,,,1785631,1785631,HOLSTONELECTRIC / STATION 1,22462991,3,3214992971,2024-07-07T13:55:29Z,2024-07-07T20:48:06Z,,50.293663,7.3763,membership,Payment by membership account and/or membership card,USCPIE1785631*2
ChargePoint Network,,,5466441,5466441,7SPC / NASA USSRC R,9079361,3,3215203871,2024-07-07T16:56:28Z,2024-07-07T17:19:11Z,,1.993768,5.9229,membership,Payment by membership account and/or membership card,USCPIE5466441*1
ChargePoint Network,,,5346231,5346231,CULLMANELECTRIC / STATION2-R,8926271,247,3264571251,2024-07-29T14:56:57Z,2024-07-29T15:42:25Z,,42.669998,62.523,membership,Payment by membership account and/or membership card,USCPIE5346231*1
ChargePoint Network,,,5354011,5354011,7SPC / GREENEVILLE TA,8936791,207,3225137921,2024-07-11T20:09:24Z,2024-07-11T20:28:46Z,,8.821000,27.951,membership,Payment by membership account and/or membership card,USCPIE5354011*1
ChargePoint Network,,,13606091,13606091,I24 EXIT11 / STATION 3 (RM),22992551,247,3246593951,2024-07-21T13:53:24Z,2024-07-21T14:15:35Z,,25.930300,75.833,credit_card_terminal,Payment via credit card or debit card terminal,USCPIE13606091*1
ChargePoint Network,,,5466441,5466441,7SPC / NASA USSRC R,9079371,3,3212598291,2024-07-05T23:53:20Z,2024-07-06T01:25:35Z,,8.990523,6.0313,membership,Payment by membership account and/or membership card,USCPIE5466441*2
ChargePoint Network,,,1988061,1988061,7SPC / SCES DOLLYWOOD,25499841,3,3211541191,2024-07-05T14:00:26Z,2024-07-05T16:45:01Z,,19.328812,7.2021,credit_card_terminal,Payment via credit card or debit card terminal,USCPIE1988061*2
ChargePoint Network,,,12720861,12720861,WRECC / STATION 2,21977121,247,3240959061,2024-07-18T19:58:33Z,2024-07-18T20:52:09Z,,53.613800,75.023,membership,Payment by membership account and/or membership card,USCPIE12720861*1
ChargePoint Network,,,15332321,15332321,TUA NW ATLANTIC / STATION 1 (L),24867861,247,3263702641,2024-07-29T01:52:31Z,2024-07-29T02:11:45Z,,24.285999,78.0,credit_card_terminal,Payment via credit card or debit card terminal,USCPIE15332321*1
ChargePoint Network,,,1964521,1964521,EBOFG / GUNTERSVILLE PD,8374211,3,3232958081,2024-07-15T17:14:08Z,2024-07-15T21:52:26Z,,9.770556,3.7045,membership,Payment by membership account and/or membership card,USCPIE1964521*2
ChargePoint Network,,,5466441,5466441,7SPC / NASA USSRC R,9079371,3,3219239041,2024-07-09T14:15:43Z,2024-07-09T22:35:22Z,,50.528023,6.1359,membership,Payment by membership account and/or membership card,USCPIE5466441*2
ChargePoint Network,,,1988141,1988141,7SPC / SCES DREAM MORE,2355571,3,3243797341,2024-07-19T22:39:28Z,2024-07-19T22:51:55Z,,0.765047,3.7518,membership,Payment by membership account and/or membership card,USCPIE1988141*2
ChargePoint Network,,,15694081,15694081,BRIGHTRIDGE EV / STATION 2 (R),25291921,247,3245568771,2024-07-20T21:28:31Z,2024-07-20T21:57:16Z,,32.984600,71.838,membership,Payment by membership account and/or membership card,USCPIE15694081*1
ChargePoint Network,,,15694171,15694171,BRIGHTRIDGE EV / STATION 1 (L),25292041,247,3204015721,2024-07-01T22:15:56Z,2024-07-01T23:02:05Z,,60.146801,98.903,membership,Payment by membership account and/or membership card,USCPIE15694171*1
ChargePoint Network,,,15623231,15623231,CLW / 5TH ST 1 (L),25208301,247,3246113871,2024-07-21T02:51:04Z,2024-07-21T03:15:05Z,,22.061300,74.052,membership,Payment by membership account and/or membership card,USCPIE15623231*1
ChargePoint Network,,,15885771,15885771,TWICKENHAM SQ / HU - STATION 4,25521581,247,3211847301,2024-07-05T16:56:19Z,2024-07-05T16:56:49Z,,0.000000,0.0,credit_card_terminal,Payment via credit card or debit card terminal,USCPIE15885771*1
ChargePoint Network,,,13664401,13664401,BTES / STATION 1 (LL),23060421,247,3207921721,2024-07-03T15:21:29Z,2024-07-03T15:53:30Z,,23.203501,61.291,membership,Payment by membership account and/or membership card,USCPIE13664401*1
ChargePoint Network,,,12406491,12406491,FPIA / LEFT STATION,21527781,247,3236725131,2024-07-17T02:26:52Z,2024-07-17T03:06:49Z,,49.701698,87.912,membership,Payment by membership account and/or membership card,USCPIE12406491*1
ChargePoint Network,,,5354011,5354011,7SPC / GREENEVILLE TA,8936791,207,3238812291,2024-07-17T22:47:30Z,2024-07-17T23:49:32Z,,54.425201,59.849,phone_online,"Payment through mobile app, website, automated phone number or messaging system",USCPIE5354011*1
ChargePoint Network,,,8851921,8851921,7SPC / SEVIERVILLE DC1,15571271,207,3224367641,2024-07-11T14:57:28Z,2024-07-11T16:02:31Z,,48.903198,49.703,membership,Payment by membership account and/or membership card,USCPIE8851921*1
ChargePoint Network,,,15885771,15885771,TWICKENHAM SQ / HU - STATION 4,25521581,247,3238943331,2024-07-17T23:44:33Z,2024-07-18T00:02:55Z,,20.378700,75.068,membership,Payment by membership account and/or membership card,USCPIE15885771*1
ChargePoint Network,,,12406491,12406491,FPIA / LEFT STATION,21527781,247,3228188681,2024-07-13T01:01:06Z,2024-07-13T01:02:46Z,,0.000000,0.0,membership,Payment by membership account and/or membership card,USCPIE12406491*1
ChargePoint Network,,,9745721,9745721,CRMC / CRMC-1 - L2LEFT,17301471,3,3218984411,2024-07-09T12:07:43Z,2024-07-09T14:50:20Z,,17.143047,6.3686,membership,Payment by membership account and/or membership card,USCPIE9745721*1
ChargePoint Network,,,13026471,13026471,WCMES / CITYHALL2-R,22328331,247,3217179371,2024-07-08T16:16:21Z,2024-07-08T17:53:12Z,,81.384903,81.536,credit_card_terminal,Payment via credit card or debit card terminal,USCPIE13026471*1
ChargePoint Network,,,14097711,14097711,SCOTTSBORO EPB / SEPB DCFC (R),23570811,247,3235872651,2024-07-16T20:21:56Z,2024-07-16T20:36:12Z,,20.598301,110.16,membership,Payment by membership account and/or membership card,USCPIE14097711*1
ChargePoint Network,,,12406491,12406491,FPIA / LEFT STATION,,,3221760311,2024-07-10T14:23:14Z,2024-07-10T14:25:15Z,,0.000000,,membership,Payment by membership account and/or membership card,USCPIE12406491*0
ChargePoint Network,,,13803581,13803581,FPU / STATION 1 (L),23227201,247,3217102741,2024-07-08T15:50:45Z,2024-07-08T16:48:10Z,,28.695801,61.291,membership,Payment by membership account and/or membership card,USCPIE13803581*1
ChargePoint Network,,,13880891,13880891,MU / MUC MAIN OFFICE,23319011,3,3216267791,2024-07-08T03:53:01Z,2024-07-08T06:03:38Z,,13.891714,6.4176,membership,Payment by membership account and/or membership card,USCPIE13880891*1
ChargePoint Network,,,5354011,5354011,7SPC / GREENEVILLE TA,8936791,207,3259382541,2024-07-26T19:22:53Z,2024-07-26T20:23:30Z,,35.786701,52.835,membership,Payment by membership account and/or membership card,USCPIE5354011*1
ChargePoint Network,,,14049761,14049761,PARIS BPU / STATION 2(R),23516951,247,3240921231,2024-07-18T19:43:10Z,2024-07-18T19:45:06Z,,1.790200,76.23,credit_card_terminal,Payment via credit card or debit card terminal,USCPIE14049761*1
ChargePoint Network,,,13643831,13643831,PEPA / STATION 1,23036511,247,3235985591,2024-07-16T21:08:07Z,2024-07-16T21:27:56Z,,22.248800,70.487,membership,Payment by membership account and/or membership card,USCPIE13643831*1
ChargePoint Network,,,15640171,15640171,NECDC / STATION 2 (R),25228711,247,3212678411,2024-07-06T00:39:38Z,2024-07-06T00:40:24Z,,0.000000,0.0,membership,Payment by membership account and/or membership card,USCPIE15640171*1
ChargePoint Network,,,13664401,13664401,BTES / STATION 1 (LL),23060421,247,3217944691,2024-07-08T22:07:03Z,2024-07-08T22:24:45Z,,0.000000,0.0,membership,Payment by membership account and/or membership card,USCPIE13664401*1
ChargePoint Network,,,14047321,14047321,JEFFERSON AVE. / OXFORD STA2(R),23514081,247,3227668521,2024-07-12T20:49:13Z,2024-07-12T21:18:04Z,,17.910500,86.33,credit_card_terminal,Payment via credit card or debit card terminal,USCPIE14047321*1
ChargePoint Network,,,13423691,13423691,AEC / STATION #1 (L),22787121,247,3234075401,2024-07-16T01:42:39Z,2024-07-16T02:23:26Z,,15.015600,37.026,membership,Payment by membership account and/or membership card,USCPIE13423691*1
ChargePoint Network,,,13651611,13651611,MLEC / STATION 1 (L) H,23045791,247,3267854881,2024-07-30T20:34:16Z,2024-07-30T20:48:01Z,,11.456200,53.789,membership,Payment by membership account and/or membership card,USCPIE13651611*1
ChargePoint Network,,,9677521,9677521,UT PARKING / S7 STATION 1,17169341,3,3256070601,2024-07-25T13:57:13Z,2024-07-25T16:25:44Z,,17.502247,7.1851,membership,Payment by membership account and/or membership card,USCPIE9677521*2
ChargePoint Network,,,15694081,15694081,BRIGHTRIDGE EV / STATION 2 (R),25291921,100011,3253123091,2024-07-24T09:51:15Z,2024-07-24T10:10:22Z,,12.877300,52.577,membership,Payment by membership account and/or membership card,USCPIE15694081*1
ChargePoint Network,,,1933211,1933211,BRIGHTRIDGE EV / BR-JONESBOROUGH,2283631,3,3210446871,2024-07-04T19:18:21Z,2024-07-04T20:18:44Z,,3.161574,3.1798,membership,Payment by membership account and/or membership card,USCPIE1933211*1
ChargePoint Network,,,15836871,15836871,TOMBIGBEE / TEPA CHARGER 1,25462501,247,3226805491,2024-07-12T14:31:52Z,2024-07-12T14:59:49Z,,32.547298,73.655,membership,Payment by membership account and/or membership card,USCPIE15836871*1
ChargePoint Network,,,15332321,15332321,TUA NW ATLANTIC / STATION 1 (L),24867861,247,3255693661,2024-07-25T09:29:49Z,2024-07-25T09:59:25Z,,38.114601,81.472,credit_card_terminal,Payment via credit card or debit card terminal,USCPIE15332321*1
ChargePoint Network,,,9777021,9777021,CRMC / CRMC-2- L2RIGHT,17361741,3,3211732951,2024-07-05T15:56:20Z,2024-07-05T19:17:21Z,,24.363169,7.3322,membership,Payment by membership account and/or membership card,USCPIE9777021*1
ChargePoint Network,,,8851921,8851921,7SPC / SEVIERVILLE DC1,15571271,207,3243161271,2024-07-19T17:53:02Z,2024-07-19T18:38:18Z,,39.897598,60.06,membership,Payment by membership account and/or membership card,USCPIE8851921*1
ChargePoint Network,,,5565191,5565191,7SPC / DOLLYWOOD EMPL,9205031,3,3216750161,2024-07-08T13:20:01Z,2024-07-08T17:00:27Z,,24.803825,6.8618,membership,Payment by membership account and/or membership card,USCPIE5565191*1
ChargePoint Network,,,15885791,15885791,TWICKENHAM SQ / HU - STATION 3,,,3224840221,2024-07-11T17:55:38Z,2024-07-11T17:57:41Z,,0.000000,,membership,Payment by membership account and/or membership card,USCPIE15885791*0
ChargePoint Network,,,1988061,1988061,7SPC / SCES DOLLYWOOD,25499841,3,3237448901,2024-07-17T13:20:44Z,2024-07-17T13:24:57Z,,0.416686,7.0868,credit_card_terminal,Payment via credit card or debit card terminal,USCPIE1988061*2
ChargePoint Network,,,15885771,15885771,TWICKENHAM SQ / HU - STATION 4,25521581,247,3241245331,2024-07-18T21:59:27Z,2024-07-18T22:33:40Z,,37.944401,74.663,membership,Payment by membership account and/or membership card,USCPIE15885771*1
ChargePoint Network,,,13606091,13606091,I24 EXIT11 / STATION 3 (RM),22992551,247,3245351731,2024-07-20T19:23:46Z,2024-07-20T19:25:32Z,,0.000000,0.0,membership,Payment by membership account and/or membership card,USCPIE13606091*1
ChargePoint Network,,,15885771,15885771,TWICKENHAM SQ / HU - STATION 4,,,3243422411,2024-07-19T19:50:20Z,2024-07-19T19:52:21Z,,0.000000,,membership,Payment by membership account and/or membership card,USCPIE15885771*0
ChargePoint Network,,,13651631,13651631,MLEC / STATION 2 (R) H,23045821,100011,3217826091,2024-07-08T21:13:07Z,2024-07-08T21:22:26Z,,4.991300,48.462,membership,Payment by membership account and/or membership card,USCPIE13651631*1
ChargePoint Network,,,7505851,7505851,JEFFERSON AVE. / OXFORD STA1(L),12955471,247,3254654341,2024-07-24T21:46:08Z,2024-07-24T21:47:22Z,,0.000000,0.0,membership,Payment by membership account and/or membership card,USCPIE7505851*1
ChargePoint Network,,,5445161,5445161,7SPC / UC - LIVINGSTON,9052351,3,3261951811,2024-07-28T01:12:58Z,2024-07-28T02:58:04Z,,12.458970,7.3116,membership,Payment by membership account and/or membership card,USCPIE5445161*2
ChargePoint Network,,,13880891,13880891,MU / MUC MAIN OFFICE,23319021,3,3215929591,2024-07-08T00:05:01Z,2024-07-08T00:07:01Z,,0.000000,0.0,membership,Payment by membership account and/or membership card,USCPIE13880891*2
ChargePoint Network,,,15885771,15885771,TWICKENHAM SQ / HU - STATION 4,25521581,247,3217441921,2024-07-08T18:17:48Z,2024-07-08T18:40:20Z,,41.348801,115.961,membership,Payment by membership account and/or membership card,USCPIE15885771*1
ChargePoint Network,,,14083151,14083151,STEMC / STATION 2 (R) H,23554701,247,3211132431,2024-07-05T04:15:12Z,2024-07-05T04:27:40Z,,14.848800,0.0,membership,Payment by membership account and/or membership card,USCPIE14083151*1
ChargePoint Network,,,5354011,5354011,7SPC / GREENEVILLE TA,8936791,207,3260860921,2024-07-27T13:58:19Z,2024-07-27T14:23:15Z,,22.194599,55.748,membership,Payment by membership account and/or membership card,USCPIE5354011*1
ChargePoint Network,,,15332321,15332321,TUA NW ATLANTIC / STATION 1 (L),24867861,247,3260894981,2024-07-27T14:28:11Z,2024-07-27T14:30:27Z,,0.000000,0.0,membership,Payment by membership account and/or membership card,USCPIE15332321*1
ChargePoint Network,,,8851921,8851921,7SPC / SEVIERVILLE DC1,15571271,100011,3225295531,2024-07-11T21:14:21Z,2024-07-11T21:56:34Z,,2.528300,13.26,membership,Payment by membership account and/or membership card,USCPIE8851921*1
ChargePoint Network,,,13803581,13803581,FPU / STATION 1 (L),23227201,247,3247443501,2024-07-21T23:00:53Z,2024-07-21T23:05:28Z,,0.000000,0.0,membership,Payment by membership account and/or membership card,USCPIE13803581*1
ChargePoint Network,,,12720861,12720861,WRECC / STATION 2,21977121,247,3246928631,2024-07-21T18:04:30Z,2024-07-21T18:44:06Z,,32.984299,53.789,membership,Payment by membership account and/or membership card,USCPIE12720861*1
ChargePoint Network,,,14337221,14337221,HOLSTONELECTRIC / CHURCH HILL-1,23844801,100011,3236125331,2024-07-16T22:04:44Z,2024-07-16T22:42:33Z,,27.484900,52.639,membership,Payment by membership account and/or membership card,USCPIE14337221*1
ChargePoint Network,,,13659831,13659831,LAWRENCEBURG / STATION 1 (L),23054881,247,3249189631,2024-07-22T18:43:31Z,2024-07-22T18:58:30Z,,16.344200,68.057,membership,Payment by membership account and/or membership card,USCPIE13659831*1
ChargePoint Network,,,1964521,1964521,EBOFG / GUNTERSVILLE PD,8374211,3,3208206641,2024-07-03T17:03:54Z,2024-07-03T21:37:09Z,,9.123818,3.701,membership,Payment by membership account and/or membership card,USCPIE1964521*2
ChargePoint Network,,,5380331,5380331,CULLMAN PB / STATION 1,8970951,3,3246103011,2024-07-21T02:42:46Z,2024-07-21T02:43:56Z,,0.000000,0.0,credit_card_terminal,Payment via credit card or debit card terminal,USCPIE5380331*1
ChargePoint Network,,,5619801,5619801,7SPC / WARREN RECC BG,25687251,3,3221222971,2024-07-10T05:23:05Z,2024-07-10T09:43:06Z,,25.741896,6.3693,membership,Payment by membership account and/or membership card,USCPIE5619801*1
ChargePoint Network,,,12406401,12406401,FPIA / RIGHT STATION,21527671,100011,3229056421,2024-07-13T15:45:04Z,2024-07-13T16:37:12Z,,20.437401,24.746,membership,Payment by membership account and/or membership card,USCPIE12406401*1
ChargePoint Network,,,15623211,15623211,CLW / 5TH ST 2 (R),25208281,247,3260712601,2024-07-27T10:15:28Z,2024-07-27T11:28:36Z,,66.518204,65.463,membership,Payment by membership account and/or membership card,USCPIE15623211*1
ChargePoint Network,,,13606091,13606091,I24 EXIT11 / STATION 3 (RM),22992551,247,3236822541,2024-07-17T03:11:43Z,2024-07-17T03:13:21Z,,0.000000,0.0,membership,Payment by membership account and/or membership card,USCPIE13606091*1
ChargePoint Network,,,15694081,15694081,BRIGHTRIDGE EV / STATION 2 (R),25291921,100011,3220763861,2024-07-10T00:55:38Z,2024-07-10T01:29:41Z,,25.523100,52.577,membership,Payment by membership account and/or membership card,USCPIE15694081*1
ChargePoint Network,,,5380331,5380331,CULLMAN PB / STATION 1,8970961,3,3245615301,2024-07-20T21:54:07Z,2024-07-20T21:56:09Z,,0.000000,0.0,membership,Payment by membership account and/or membership card,USCPIE5380331*2
ChargePoint Network,,,13966051,13966051,BEA / STATION 3 (RM),23419981,247,3241304831,2024-07-18T22:25:13Z,2024-07-18T22:35:23Z,,10.624200,68.012,membership,Payment by membership account and/or membership card,USCPIE13966051*1
ChargePoint Network,,,15885251,15885251,TWICKENHAM SQ / HU - STATION 1,25520941,247,3213640851,2024-07-06T17:16:49Z,2024-07-06T18:51:59Z,,66.992699,72.599,credit_card_terminal,Payment via credit card or debit card terminal,USCPIE15885251*1
ChargePoint Network,,,13606061,13606061,I24 EXIT11 / STATION 4 (RR),22992511,247,3261362281,2024-07-27T19:26:57Z,2024-07-27T19:27:28Z,,0.000000,0.0,membership,Payment by membership account and/or membership card,USCPIE13606061*1
ChargePoint Network,,,15885771,15885771,TWICKENHAM SQ / HU - STATION 4,25521581,247,3258868081,2024-07-26T15:41:37Z,2024-07-26T16:39:17Z,,63.606602,76.238,membership,Payment by membership account and/or membership card,USCPIE15885771*1
ChargePoint Network,,,13861891,13861891,BRMEMC / STATION 2,23296321,247,3262642571,2024-07-28T15:03:03Z,2024-07-28T15:08:03Z,,5.562800,0.0,membership,Payment by membership account and/or membership card,USCPIE13861891*1
ChargePoint Network,,,13803581,13803581,FPU / STATION 1 (L),23227201,247,3213647131,2024-07-06T17:20:40Z,2024-07-06T18:20:13Z,,31.306601,58.827,membership,Payment by membership account and/or membership card,USCPIE13803581*1
ChargePoint Network,,,8851921,8851921,7SPC / SEVIERVILLE DC1,15571271,207,3213858961,2024-07-06T19:34:06Z,2024-07-06T20:07:58Z,,29.989599,55.403,membership,Payment by membership account and/or membership card,USCPIE8851921*1
ChargePoint Network,,,14047321,14047321,JEFFERSON AVE. / OXFORD STA2(R),23514081,247,3215241951,2024-07-07T17:20:27Z,2024-07-07T17:44:06Z,,20.346201,53.937,membership,Payment by membership account and/or membership card,USCPIE14047321*1
ChargePoint Network,,,12406491,12406491,FPIA / LEFT STATION,21527781,247,3246190201,2024-07-21T03:40:09Z,2024-07-21T04:29:05Z,,19.910999,43.64,membership,Payment by membership account and/or membership card,USCPIE12406491*1
ChargePoint Network,,,15885771,15885771,TWICKENHAM SQ / HU - STATION 4,25521581,247,3245883851,2024-07-21T00:27:58Z,2024-07-21T00:32:42Z,,0.000000,0.0,credit_card_terminal,Payment via credit card or debit card terminal,USCPIE15885771*1
ChargePoint Network,,,13664471,13664471,BTES / STATION 3 (RM),23060511,247,3254374981,2024-07-24T19:50:12Z,2024-07-24T20:17:42Z,,30.525000,77.417,credit_card_terminal,Payment via credit card or debit card terminal,USCPIE13664471*1
ChargePoint Network,,,13026471,13026471,WCMES / CITYHALL2-R,22328331,247,3229366781,2024-07-13T18:56:15Z,2024-07-13T19:34:19Z,,40.326801,71.247,credit_card_terminal,Payment via credit card or debit card terminal,USCPIE13026471*1
ChargePoint Network,,,14359491,14359491,EBOFG / STATION 1 (L),23870291,100011,3262686771,2024-07-28T15:40:25Z,2024-07-28T15:42:28Z,,0.000000,0.0,membership,Payment by membership account and/or membership card,USCPIE14359491*1
ChargePoint Network,,,13803581,13803581,FPU / STATION 1 (L),23227201,247,3261427831,2024-07-27T20:04:28Z,2024-07-27T21:05:09Z,,55.116402,61.047,membership,Payment by membership account and/or membership card,USCPIE13803581*1
ChargePoint Network,,,13664501,13664501,BTES / STATION 4 (RR),23060561,247,3242507501,2024-07-19T13:07:50Z,2024-07-19T13:45:52Z,,40.757599,78.208,membership,Payment by membership account and/or membership card,USCPIE13664501*1
ChargePoint Network,,,5346231,5346231,CULLMANELECTRIC / STATION2-R,8926271,247,3204006711,2024-07-01T22:11:55Z,2024-07-01T22:59:51Z,,48.606098,62.916,membership,Payment by membership account and/or membership card,USCPIE5346231*1
ChargePoint Network,,,5565201,5565201,7SPC / SCES LECONTE 2,9205061,3,3213734581,2024-07-06T18:16:36Z,2024-07-06T20:35:26Z,,15.790364,6.9042,membership,Payment by membership account and/or membership card,USCPIE5565201*2
ChargePoint Network,,,1964521,1964521,EBOFG / GUNTERSVILLE PD,8374211,3,3238017631,2024-07-17T16:56:50Z,2024-07-17T21:41:38Z,,8.589805,3.7036,membership,Payment by membership account and/or membership card,USCPIE1964521*2
ChargePoint Network,,,1988141,1988141,7SPC / SCES DREAM MORE,2355571,3,3230621291,2024-07-14T14:07:42Z,2024-07-14T22:55:12Z,,7.365287,3.345,membership,Payment by membership account and/or membership card,USCPIE1988141*2
ChargePoint Network,,,13803581,13803581,FPU / STATION 1 (L),23227201,247,3247429901,2024-07-21T22:57:51Z,2024-07-21T22:58:51Z,,0.000000,0.0,membership,Payment by membership account and/or membership card,USCPIE13803581*1
ChargePoint Network,,,8851921,8851921,7SPC / SEVIERVILLE DC1,15571271,207,3202040261,2024-07-01T00:14:08Z,2024-07-01T01:05:22Z,,32.985199,60.875,membership,Payment by membership account and/or membership card,USCPIE8851921*1
ChargePoint Network,,,13651631,13651631,MLEC / STATION 2 (R) H,23045821,247,3261018121,2024-07-27T15:58:37Z,2024-07-27T15:59:59Z,,0.000000,0.0,membership,Payment by membership account and/or membership card,USCPIE13651631*1
ChargePoint Network,,,1921351,1921351,STARKVILLE UTIL / STARKVILLE DWTN,23682571,3,3241283501,2024-07-18T22:15:59Z,2024-07-19T00:00:08Z,,12.824555,7.4662,membership,Payment by membership account and/or membership card,USCPIE1921351*1
ChargePoint Network,,,15640031,15640031,NECDC / STATION 1 (L),25228511,247,3209257211,2024-07-04T00:47:22Z,2024-07-04T00:57:13Z,,10.177600,0.0,membership,Payment by membership account and/or membership card,USCPIE15640031*1
ChargePoint Network,,,8851921,8851921,7SPC / SEVIERVILLE DC1,15571271,207,3263653011,2024-07-29T01:18:37Z,2024-07-29T02:01:57Z,,30.376301,59.444,membership,Payment by membership account and/or membership card,USCPIE8851921*1
ChargePoint Network,,,16022131,16022131,ACEPA / ACE STATION 1,,,3238178521,2024-07-17T18:10:24Z,2024-07-17T18:12:25Z,,0.000000,,membership,Payment by membership account and/or membership card,USCPIE16022131*0
ChargePoint Network,,,14047321,14047321,JEFFERSON AVE. / OXFORD STA2(R),23514081,247,3251492481,2024-07-23T17:20:30Z,2024-07-23T17:21:38Z,,0.000000,0.0,credit_card_terminal,Payment via credit card or debit card terminal,USCPIE14047321*1
ChargePoint Network,,,13659831,13659831,LAWRENCEBURG / STATION 1 (L),23054881,247,3203852451,2024-07-01T20:59:17Z,2024-07-01T21:47:16Z,,28.771400,75.041,membership,Payment by membership account and/or membership card,USCPIE13659831*1
ChargePoint Network,,,15885791,15885791,TWICKENHAM SQ / HU - STATION 3,25521611,247,3213660381,2024-07-06T17:28:47Z,2024-07-06T18:00:38Z,,52.788502,123.199,membership,Payment by membership account and/or membership card,USCPIE15885791*1
ChargePoint Network,,,13026471,13026471,WCMES / CITYHALL2-R,22328331,247,3258779881,2024-07-26T15:07:23Z,2024-07-26T15:56:13Z,,9.802800,49.228,membership,Payment by membership account and/or membership card,USCPIE13026471*1
ChargePoint Network,,,15332351,15332351,TUA NW ATLANTIC / STATION 2 (R),24867891,247,3261098791,2024-07-27T16:50:25Z,2024-07-27T17:19:23Z,,34.647598,75.466,membership,Payment by membership account and/or membership card,USCPIE15332351*1
ChargePoint Network,,,15548181,15548181,DECATURDOWNTWN / STATION 2 (L),25119551,247,3220162181,2024-07-09T20:29:31Z,2024-07-09T20:42:13Z,,12.275600,0.93,credit_card_terminal,Payment via credit card or debit card terminal,USCPIE15548181*1
ChargePoint Network,,,12720881,12720881,WRECC / STATION 1,21977141,247,3227024781,2024-07-12T16:01:01Z,2024-07-12T16:01:23Z,,0.000000,0.0,membership,Payment by membership account and/or membership card,USCPIE12720881*1
ChargePoint Network,,,16022101,16022101,ACEPA / ACE STATION 2,25683761,247,3243107541,2024-07-19T17:27:54Z,2024-07-19T18:00:27Z,,36.854301,87.713,credit_card_terminal,Payment via credit card or debit card terminal,USCPIE16022101*1
ChargePoint Network,,,15548151,15548151,DECATURDOWNTWN / STATION 1 (R),25119511,247,3237621401,2024-07-17T14:38:10Z,2024-07-17T15:18:38Z,,64.764702,122.605,membership,Payment by membership account and/or membership card,USCPIE15548151*1
ChargePoint Network,,,15885251,15885251,TWICKENHAM SQ / HU - STATION 1,25520941,247,3242716231,2024-07-19T14:53:00Z,2024-07-19T15:58:10Z,,52.451302,74.663,membership,Payment by membership account and/or membership card,USCPIE15885251*1
ChargePoint Network,,,13643831,13643831,PEPA / STATION 1,23036511,247,3213406411,2024-07-06T14:27:26Z,2024-07-06T14:37:59Z,,10.053100,74.8,membership,Payment by membership account and/or membership card,USCPIE13643831*1
ChargePoint Network,,,15684341,15684341,MLEC / STATION 2 (R) W,25280201,247,3212349401,2024-07-05T21:29:36Z,2024-07-05T21:56:36Z,,27.020500,73.26,membership,Payment by membership account and/or membership card,USCPIE15684341*1
ChargePoint Network,,,8851921,8851921,7SPC / SEVIERVILLE DC1,15571271,207,3249110941,2024-07-22T18:04:24Z,2024-07-22T19:03:05Z,,51.391899,57.68,membership,Payment by membership account and/or membership card,USCPIE8851921*1
ChargePoint Network,,,15694081,15694081,BRIGHTRIDGE EV / STATION 2 (R),25291921,100011,3268211081,2024-07-30T23:03:46Z,2024-07-30T23:10:28Z,,4.008900,0.0,membership,Payment by membership account and/or membership card,USCPIE15694081*1
ChargePoint Network,,,15623231,15623231,CLW / 5TH ST 1 (L),25208301,247,3259032371,2024-07-26T16:42:46Z,2024-07-26T16:53:07Z,,9.644800,73.43,membership,Payment by membership account and/or membership card,USCPIE15623231*1
ChargePoint Network,,,14097801,14097801,SCOTTSBORO EPB / SEPB DCFC (L),23570921,247,3229458551,2024-07-13T19:51:35Z,2024-07-13T20:15:00Z,,23.927999,76.635,credit_card_terminal,Payment via credit card or debit card terminal,USCPIE14097801*1
ChargePoint Network,,,15885771,15885771,TWICKENHAM SQ / HU - STATION 4,25521581,247,3220656231,2024-07-10T00:05:40Z,2024-07-10T00:38:11Z,,35.908600,123.353,membership,Payment by membership account and/or membership card,USCPIE15885771*1
ChargePoint Network,,,14337501,14337501,HOLSTONELECTRIC / CHURCH HILL-2,23845091,100011,3229563141,2024-07-13T20:53:27Z,2024-07-13T20:54:33Z,,0.000000,0.0,credit_card_terminal,Payment via credit card or debit card terminal,USCPIE14337501*1
ChargePoint Network,,,1932851,1932851,BRIGHTRIDGE EV / BR-JC LIBRARY,23319811,3,3247838151,2024-07-22T02:53:58Z,2024-07-22T04:55:34Z,,10.417810,6.8932,membership,Payment by membership account and/or membership card,USCPIE1932851*1
ChargePoint Network,,,15640171,15640171,NECDC / STATION 2 (R),25228711,247,3227305761,2024-07-12T18:04:44Z,2024-07-12T19:00:54Z,,55.066799,74.447,credit_card_terminal,Payment via credit card or debit card terminal,USCPIE15640171*1
ChargePoint Network,,,8851921,8851921,7SPC / SEVIERVILLE DC1,15571271,207,3203927941,2024-07-01T21:35:35Z,2024-07-01T22:31:54Z,,35.578499,59.905,membership,Payment by membership account and/or membership card,USCPIE8851921*1
ChargePoint Network,,,14025691,14025691,PARIS BPU / STATION 1(L),23489541,247,3253852841,2024-07-24T16:07:44Z,2024-07-24T16:56:26Z,,38.191299,74.052,membership,Payment by membership account and/or membership card,USCPIE14025691*1
ChargePoint Network,,,13651631,13651631,MLEC / STATION 2 (R) H,23045821,247,3253537001,2024-07-24T14:14:34Z,2024-07-24T14:39:58Z,,23.620899,75.42,membership,Payment by membership account and/or membership card,USCPIE13651631*1
ChargePoint Network,,,12720881,12720881,WRECC / STATION 1,21977141,247,3254681991,2024-07-24T21:57:05Z,2024-07-24T22:15:21Z,,25.853300,122.449,membership,Payment by membership account and/or membership card,USCPIE12720881*1
ChargePoint Network,,,1964521,1964521,EBOFG / GUNTERSVILLE PD,8374201,3,3249952721,2024-07-23T00:25:02Z,2024-07-23T03:26:28Z,,22.349724,7.4686,membership,Payment by membership account and/or membership card,USCPIE1964521*1
ChargePoint Network,,,5525971,5525971,7SPC / SPARTA TN,9154681,3,3223155881,2024-07-11T00:09:54Z,2024-07-11T00:46:21Z,,4.082883,6.8863,membership,Payment by membership account and/or membership card,USCPIE5525971*1
ChargePoint Network,,,15250701,15250701,SES-TN / STATION 2,24772611,247,3208670731,2024-07-03T20:23:26Z,2024-07-03T21:08:43Z,,31.169800,53.801,membership,Payment by membership account and/or membership card,USCPIE15250701*1
ChargePoint Network,,,5466441,5466441,7SPC / NASA USSRC R,9079361,3,3247089471,2024-07-21T19:43:15Z,2024-07-21T19:55:42Z,,1.232503,6.2439,membership,Payment by membership account and/or membership card,USCPIE5466441*1
ChargePoint Network,,,13659871,13659871,LAWRENCEBURG / STATION 2 (R),23054921,247,3213633861,2024-07-06T17:12:13Z,2024-07-06T17:13:47Z,,0.000000,0.0,credit_card_terminal,Payment via credit card or debit card terminal,USCPIE13659871*1
ChargePoint Network,,,14049761,14049761,PARIS BPU / STATION 2(R),23516951,247,3240884041,2024-07-18T19:27:26Z,2024-07-18T19:41:44Z,,17.201300,72.863,membership,Payment by membership account and/or membership card,USCPIE14049761*1
ChargePoint Network,,,13606061,13606061,I24 EXIT11 / STATION 4 (RR),22992511,247,3250066541,2024-07-23T01:16:07Z,2024-07-23T01:51:12Z,,14.203100,42.521,membership,Payment by membership account and/or membership card,USCPIE13606061*1
ChargePoint Network,,,15250771,15250771,SES-TN / STATION 1,24772691,247,3202035891,2024-07-01T00:12:58Z,2024-07-01T00:29:57Z,,26.395599,99.602,credit_card_terminal,Payment via credit card or debit card terminal,USCPIE15250771*1
ChargePoint Network,,,14337221,14337221,HOLSTONELECTRIC / CHURCH HILL-1,23844801,247,3248306391,2024-07-22T12:16:59Z,2024-07-22T14:07:09Z,,104.171204,88.44,membership,Payment by membership account and/or membership card,USCPIE14337221*1
ChargePoint Network,,,15332321,15332321,TUA NW ATLANTIC / STATION 1 (L),24867861,247,3208890121,2024-07-03T21:57:48Z,2024-07-03T21:59:38Z,,0.000000,0.0,membership,Payment by membership account and/or membership card,USCPIE15332321*1
ChargePoint Network,,,15885251,15885251,TWICKENHAM SQ / HU - STATION 1,25520941,247,3205031461,2024-07-02T12:06:33Z,2024-07-02T12:10:00Z,,0.000000,0.0,membership,Payment by membership account and/or membership card,USCPIE15885251*1
ChargePoint Network,,,15694081,15694081,BRIGHTRIDGE EV / STATION 2 (R),25291921,247,3242990681,2024-07-19T16:37:16Z,2024-07-19T17:42:42Z,,47.389801,94.847,credit_card_terminal,Payment via credit card or debit card terminal,USCPIE15694081*1
ChargePoint Network,,,5122191,5122191,CULLMANELECTRIC / STATION1-L,8482151,247,3217308941,2024-07-08T17:09:24Z,2024-07-08T18:06:06Z,,33.247799,60.683,membership,Payment by membership account and/or membership card,USCPIE5122191*1
ChargePoint Network,,,5122191,5122191,CULLMANELECTRIC / STATION1-L,8482151,247,3259620061,2024-07-26T21:06:26Z,2024-07-26T21:13:28Z,,11.039800,0.0,membership,Payment by membership account and/or membership card,USCPIE5122191*1
ChargePoint Network,,,13290491,13290491,7SPC / NASA USSRC L,25742681,3,3246765761,2024-07-21T16:20:07Z,2024-07-21T17:53:18Z,,4.059392,6.1016,membership,Payment by membership account and/or membership card,USCPIE13290491*2
ChargePoint Network,,,5619801,5619801,7SPC / WARREN RECC BG,25687261,3,3217917701,2024-07-08T21:54:00Z,2024-07-08T22:17:05Z,,2.315828,6.3069,membership,Payment by membership account and/or membership card,USCPIE5619801*2
ChargePoint Network,,,15684301,15684301,MLEC / STATION 1 (L) W,25280151,247,3210745881,2024-07-04T23:19:49Z,2024-07-04T23:20:32Z,,0.000000,0.0,credit_card_terminal,Payment via credit card or debit card terminal,USCPIE15684301*1
ChargePoint Network,,,15548151,15548151,DECATURDOWNTWN / STATION 1 (R),25119511,100011,3265260581,2024-07-29T19:46:56Z,2024-07-29T20:14:59Z,,21.829300,50.04,membership,Payment by membership account and/or membership card,USCPIE15548151*1
ChargePoint Network,,,5346231,5346231,CULLMANELECTRIC / STATION2-R,8926271,247,3212709141,2024-07-06T00:58:59Z,2024-07-06T01:00:21Z,,0.000000,0.0,other,Any other payment method not specified above. Additional description should be provided in Payment Method Description.,USCPIE5346231*1
ChargePoint Network,,,13292801,13292801,LODGE CAST IRON / STORE & MUSEUM,22637561,3,3213478321,2024-07-06T15:27:19Z,2024-07-06T16:11:28Z,,2.738546,3.8152,membership,Payment by membership account and/or membership card,USCPIE13292801*2
ChargePoint Network,,,13026471,13026471,WCMES / CITYHALL2-R,22328331,247,3240701221,2024-07-18T18:03:24Z,2024-07-18T18:16:20Z,,12.907300,69.776,membership,Payment by membership account and/or membership card,USCPIE13026471*1
ChargePoint Network,,,13861891,13861891,BRMEMC / STATION 2,23296321,247,3240082281,2024-07-18T14:05:26Z,2024-07-18T14:39:10Z,,43.968300,82.124,credit_card_terminal,Payment via credit card or debit card terminal,USCPIE13861891*1
ChargePoint Network,,,12406401,12406401,FPIA / RIGHT STATION,21527671,247,3253676301,2024-07-24T15:09:55Z,2024-07-24T16:01:58Z,,54.778500,76.244,membership,Payment by membership account and/or membership card,USCPIE12406401*1
ChargePoint Network,,,13659871,13659871,LAWRENCEBURG / STATION 2 (R),23054921,247,3211353421,2024-07-05T10:47:25Z,2024-07-05T10:55:17Z,,8.666200,0.0,membership,Payment by membership account and/or membership card,USCPIE13659871*1
ChargePoint Network,,,1988141,1988141,7SPC / SCES DREAM MORE,2355571,3,3254524961,2024-07-24T20:51:09Z,2024-07-24T23:42:19Z,,19.943676,7.1368,credit_card_terminal,Payment via credit card or debit card terminal,USCPIE1988141*2
ChargePoint Network,,,15885151,15885151,TWICKENHAM SQ / HU - STATION 2,25520801,247,3226676081,2024-07-12T13:22:02Z,2024-07-12T13:43:57Z,,30.082500,85.008,credit_card_terminal,Payment via credit card or debit card terminal,USCPIE15885151*1
ChargePoint Network,,,15885791,15885791,TWICKENHAM SQ / HU - STATION 3,25521611,247,3209560271,2024-07-04T03:18:59Z,2024-07-04T03:20:53Z,,0.000000,0.0,other,Any other payment method not specified above. Additional description should be provided in Payment Method Description.,USCPIE15885791*1
ChargePoint Network,,,5466441,5466441,7SPC / NASA USSRC R,9079371,3,3261156961,2024-07-27T17:26:59Z,2024-07-27T17:49:37Z,,2.243003,6.1436,credit_card_terminal,Payment via credit card or debit card terminal,USCPIE5466441*2
ChargePoint Network,,,13861891,13861891,BRMEMC / STATION 2,23296321,247,3246590791,2024-07-21T13:49:24Z,2024-07-21T14:00:27Z,,11.882300,75.655,membership,Payment by membership account and/or membership card,USCPIE13861891*1
ChargePoint Network,,,14359531,14359531,EBOFG / STATION 2 (R),23870331,247,3219131151,2024-07-09T13:26:17Z,2024-07-09T13:33:52Z,,5.708500,56.209,credit_card_terminal,Payment via credit card or debit card terminal,USCPIE14359531*1
ChargePoint Network,,,15694171,15694171,BRIGHTRIDGE EV / STATION 1 (L),25292041,247,3208922951,2024-07-03T22:12:03Z,2024-07-03T22:58:11Z,,31.360701,75.041,membership,Payment by membership account and/or membership card,USCPIE15694171*1
ChargePoint Network,,,7505851,7505851,JEFFERSON AVE. / OXFORD STA1(L),12955471,247,3212781261,2024-07-06T01:38:56Z,2024-07-06T02:02:49Z,,28.709101,76.041,membership,Payment by membership account and/or membership card,USCPIE7505851*1
ChargePoint Network,,,15332351,15332351,TUA NW ATLANTIC / STATION 2 (R),24867891,100011,3237135741,2024-07-17T09:05:50Z,2024-07-17T09:26:44Z,,4.419300,44.521,membership,Payment by membership account and/or membership card,USCPIE15332351*1
ChargePoint Network,,,12460811,12460811,PES / RIGHT STATION,22948831,215,3210049481,2024-07-04T13:54:51Z,2024-07-04T17:45:10Z,,22.239000,7.7495,membership,Payment by membership account and/or membership card,USCPIE12460811*1
ChargePoint Network,,,5525971,5525971,7SPC / SPARTA TN,9154681,3,3211448081,2024-07-05T12:45:36Z,2024-07-05T13:57:06Z,,8.703454,7.4686,credit_card_terminal,Payment via credit card or debit card terminal,USCPIE5525971*1
ChargePoint Network,,,12754021,12754021,WCMES / CITYHALL1-L,22015241,247,3230853991,2024-07-14T17:16:08Z,2024-07-14T17:55:54Z,,16.674999,26.024,membership,Payment by membership account and/or membership card,USCPIE12754021*1
ChargePoint Network,,,12406401,12406401,FPIA / RIGHT STATION,21527671,247,3206315211,2024-07-02T21:33:07Z,2024-07-02T22:45:18Z,,56.214802,72.101,membership,Payment by membership account and/or membership card,USCPIE12406401*1
ChargePoint Network,,,13643831,13643831,PEPA / STATION 1,,,3216048611,2024-07-08T01:15:54Z,2024-07-08T01:17:55Z,,0.000000,0.0,membership,Payment by membership account and/or membership card,USCPIE13643831*0
ChargePoint Network,,,5466441,5466441,7SPC / NASA USSRC R,9079371,3,3230666261,2024-07-14T14:54:20Z,2024-07-14T19:04:18Z,,25.288940,6.3666,credit_card_terminal,Payment via credit card or debit card terminal,USCPIE5466441*2
ChargePoint Network,,,13606061,13606061,I24 EXIT11 / STATION 4 (RR),22992511,247,3247535241,2024-07-21T23:53:41Z,2024-07-21T23:54:11Z,,0.000000,0.0,membership,Payment by membership account and/or membership card,USCPIE13606061*1
ChargePoint Network,,,15548181,15548181,DECATURDOWNTWN / STATION 2 (L),25119551,247,3261765681,2024-07-27T23:21:50Z,2024-07-27T23:40:57Z,,27.687401,120.434,membership,Payment by membership account and/or membership card,USCPIE15548181*1
ChargePoint Network,,,15885791,15885791,TWICKENHAM SQ / HU - STATION 3,25521611,247,3221909761,2024-07-10T15:22:15Z,2024-07-10T15:35:21Z,,21.761400,120.12,membership,Payment by membership account and/or membership card,USCPIE15885791*1
ChargePoint Network,,,15623231,15623231,CLW / 5TH ST 1 (L),25208301,247,3265971571,2024-07-30T01:04:41Z,2024-07-30T01:34:16Z,,30.556200,77.599,membership,Payment by membership account and/or membership card,USCPIE15623231*1
ChargePoint Network,,,13664401,13664401,BTES / STATION 1 (LL),23060421,247,3213604601,2024-07-06T16:53:17Z,2024-07-06T17:20:47Z,,15.416300,59.674,membership,Payment by membership account and/or membership card,USCPIE13664401*1
ChargePoint Network,,,5346231,5346231,CULLMANELECTRIC / STATION2-R,8926271,247,3229063391,2024-07-13T15:50:28Z,2024-07-13T15:51:10Z,,0.000000,0.0,membership,Payment by membership account and/or membership card,USCPIE5346231*1
ChargePoint Network,,,15548151,15548151,DECATURDOWNTWN / STATION 1 (R),25119511,247,3215778941,2024-07-07T22:44:20Z,2024-07-07T23:21:52Z,,34.898899,60.75,membership,Payment by membership account and/or membership card,USCPIE15548151*1
ChargePoint Network,,,15885151,15885151,TWICKENHAM SQ / HU - STATION 2,25520801,247,3224912631,2024-07-11T18:32:43Z,2024-07-11T19:18:12Z,,44.849098,78.0,credit_card_terminal,Payment via credit card or debit card terminal,USCPIE15885151*1
ChargePoint Network,,,14097711,14097711,SCOTTSBORO EPB / SEPB DCFC (R),23570811,247,3206277031,2024-07-02T21:15:52Z,2024-07-02T21:16:39Z,,0.000000,0.0,membership,Payment by membership account and/or membership card,USCPIE14097711*1
ChargePoint Network,,,5346231,5346231,CULLMANELECTRIC / STATION2-R,8926271,247,3229849341,2024-07-13T23:42:59Z,2024-07-13T23:59:59Z,,12.593000,49.478,membership,Payment by membership account and/or membership card,USCPIE5346231*1
ChargePoint Network,,,15332351,15332351,TUA NW ATLANTIC / STATION 2 (R),24867891,100011,3262459801,2024-07-28T10:26:57Z,2024-07-28T11:10:20Z,,6.054100,42.158,membership,Payment by membership account and/or membership card,USCPIE15332351*1
ChargePoint Network,,,13643801,13643801,PEPA / STATION 2,23036481,247,3243566371,2024-07-19T20:54:29Z,2024-07-19T21:07:22Z,,14.007300,69.893,membership,Payment by membership account and/or membership card,USCPIE13643801*1
ChargePoint Network,,,15694171,15694171,BRIGHTRIDGE EV / STATION 1 (L),25292041,247,3220045751,2024-07-09T19:41:37Z,2024-07-09T20:58:03Z,,60.038200,74.663,membership,Payment by membership account and/or membership card,USCPIE15694171*1
ChargePoint Network,,,15694171,15694171,BRIGHTRIDGE EV / STATION 1 (L),25292041,247,3253672811,2024-07-24T15:08:42Z,2024-07-24T16:38:17Z,,37.797401,53.549,membership,Payment by membership account and/or membership card,USCPIE15694171*1
ChargePoint Network,,,5565201,5565201,7SPC / SCES LECONTE 2,9205061,3,3215332001,2024-07-07T18:16:20Z,2024-07-08T01:02:22Z,,47.199726,7.0752,membership,Payment by membership account and/or membership card,USCPIE5565201*2
ChargePoint Network,,,15250771,15250771,SES-TN / STATION 1,24772691,247,3212547191,2024-07-05T23:22:02Z,2024-07-06T00:10:16Z,,43.063202,75.056,membership,Payment by membership account and/or membership card,USCPIE15250771*1
ChargePoint Network,,,9677521,9677521,UT PARKING / S7 STATION 1,17169331,3,3243079391,2024-07-19T17:15:03Z,2024-07-19T20:43:31Z,,22.944717,7.0742,membership,Payment by membership account and/or membership card,USCPIE9677521*1
ChargePoint Network,,,13606091,13606091,I24 EXIT11 / STATION 3 (RM),22992551,247,3221339901,2024-07-10T09:41:30Z,2024-07-10T10:07:45Z,,48.703602,118.272,membership,Payment by membership account and/or membership card,USCPIE13606091*1
ChargePoint Network,,,15694171,15694171,BRIGHTRIDGE EV / STATION 1 (L),,,3238087691,2024-07-17T17:26:13Z,2024-07-17T17:28:14Z,,0.000000,0.0,membership,Payment by membership account and/or membership card,USCPIE15694171*0
ChargePoint Network,,,13292801,13292801,LODGE CAST IRON / STORE & MUSEUM,22637561,3,3232569121,2024-07-15T14:49:51Z,2024-07-15T15:47:16Z,,6.590331,7.0324,membership,Payment by membership account and/or membership card,USCPIE13292801*2
ChargePoint Network,,,5414151,5414151,7SPC / UC - CARTHAGE,9014651,3,3241559241,2024-07-19T00:15:14Z,2024-07-19T00:28:42Z,,1.559786,7.2489,credit_card_terminal,Payment via credit card or debit card terminal,USCPIE5414151*2
ChargePoint Network,,,15623211,15623211,CLW / 5TH ST 2 (R),25208281,247,3204138821,2024-07-01T23:13:37Z,2024-07-01T23:16:23Z,,0.000000,0.0,credit_card_terminal,Payment via credit card or debit card terminal,USCPIE15623211*1
ChargePoint Network,,,13659831,13659831,LAWRENCEBURG / STATION 1 (L),23054881,247,3238590111,2024-07-17T21:11:46Z,2024-07-17T22:40:10Z,,89.565300,86.876,credit_card_terminal,Payment via credit card or debit card terminal,USCPIE13659831*1
ChargePoint Network,,,13880891,13880891,MU / MUC MAIN OFFICE,23319021,3,3204727521,2024-07-02T04:37:36Z,2024-07-02T06:13:53Z,,11.176151,7.2604,membership,Payment by membership account and/or membership card,USCPIE13880891*2
ChargePoint Network,,,13861861,13861861,BRMEMC / STATION 1,23296281,247,3229803131,2024-07-13T23:13:31Z,2024-07-13T23:32:22Z,,25.908899,90.44,membership,Payment by membership account and/or membership card,USCPIE13861861*1
ChargePoint Network,,,1964521,1964521,EBOFG / GUNTERSVILLE PD,8374201,3,3267899551,2024-07-30T20:53:17Z,2024-07-30T21:17:52Z,,2.837461,7.0383,membership,Payment by membership account and/or membership card,USCPIE1964521*1
ChargePoint Network,,,15332351,15332351,TUA NW ATLANTIC / STATION 2 (R),24867891,247,3247241591,2024-07-21T21:11:04Z,2024-07-21T22:14:15Z,,51.419201,81.092,credit_card_terminal,Payment via credit card or debit card terminal,USCPIE15332351*1
ChargePoint Network,,,12989161,12989161,BTES / CITY HALL,22285811,3,3249890001,2024-07-22T23:55:14Z,2024-07-23T02:28:16Z,,14.135121,6.7986,membership,Payment by membership account and/or membership card,USCPIE12989161*1
ChargePoint Network,,,13026471,13026471,WCMES / CITYHALL2-R,22328331,247,3213101391,2024-07-06T05:09:45Z,2024-07-06T05:49:16Z,,23.516899,65.015,membership,Payment by membership account and/or membership card,USCPIE13026471*1
ChargePoint Network,,,15548181,15548181,DECATURDOWNTWN / STATION 2 (L),25119551,247,3230123111,2024-07-14T02:28:04Z,2024-07-14T02:49:51Z,,24.383900,90.86,membership,Payment by membership account and/or membership card,USCPIE15548181*1
ChargePoint Network,,,13606061,13606061,I24 EXIT11 / STATION 4 (RR),22992511,247,3219434551,2024-07-09T15:27:04Z,2024-07-09T16:02:26Z,,20.423000,54.872,membership,Payment by membership account and/or membership card,USCPIE13606061*1
ChargePoint Network,,,12720861,12720861,WRECC / STATION 2,21977121,247,3225275011,2024-07-11T21:05:09Z,2024-07-11T21:12:33Z,,7.744100,0.0,membership,Payment by membership account and/or membership card,USCPIE12720861*1
ChargePoint Network,,,13606091,13606091,I24 EXIT11 / STATION 3 (RM),,,3240610181,2024-07-18T17:19:51Z,2024-07-18T17:21:53Z,,0.000000,0.0,membership,Payment by membership account and/or membership card,USCPIE13606091*0
ChargePoint Network,,,15836871,15836871,TOMBIGBEE / TEPA CHARGER 1,25462501,247,3235581341,2024-07-16T18:12:57Z,2024-07-16T18:54:54Z,,52.754299,122.859,credit_card_terminal,Payment via credit card or debit card terminal,USCPIE15836871*1
ChargePoint Network,,,1932851,1932851,BRIGHTRIDGE EV / BR-JC LIBRARY,23319811,3,3228771281,2024-07-13T09:53:15Z,2024-07-13T10:45:01Z,,6.283423,7.3866,membership,Payment by membership account and/or membership card,USCPIE1932851*1
ChargePoint Network,,,15694081,15694081,BRIGHTRIDGE EV / STATION 2 (R),25291921,247,3225053691,2024-07-11T19:34:42Z,2024-07-11T20:03:12Z,,33.341301,74.071,membership,Payment by membership account and/or membership card,USCPIE15694081*1
ChargePoint Network,,,8851921,8851921,7SPC / SEVIERVILLE DC1,15571271,207,3212805291,2024-07-06T01:54:29Z,2024-07-06T02:59:11Z,,50.225899,60.294,membership,Payment by membership account and/or membership card,USCPIE8851921*1
ChargePoint Network,,,5346231,5346231,CULLMANELECTRIC / STATION2-R,8926271,247,3211464961,2024-07-05T12:59:36Z,2024-07-05T13:31:52Z,,42.766701,123.353,membership,Payment by membership account and/or membership card,USCPIE5346231*1
ChargePoint Network,,,13664401,13664401,BTES / STATION 1 (LL),23060421,247,3245279351,2024-07-20T18:41:30Z,2024-07-20T19:10:51Z,,18.805401,48.355,membership,Payment by membership account and/or membership card,USCPIE13664401*1
ChargePoint Network,,,9777021,9777021,CRMC / CRMC-2- L2RIGHT,17361741,3,3205157461,2024-07-02T13:17:47Z,2024-07-02T23:22:49Z,,56.867924,7.2757,membership,Payment by membership account and/or membership card,USCPIE9777021*1
ChargePoint Network,,,15885151,15885151,TWICKENHAM SQ / HU - STATION 2,,,3208582461,2024-07-03T19:45:46Z,2024-07-03T19:47:46Z,,0.000000,,membership,Payment by membership account and/or membership card,USCPIE15885151*0
ChargePoint Network,,,12406491,12406491,FPIA / LEFT STATION,21527781,247,3208576041,2024-07-03T19:45:19Z,2024-07-03T20:18:25Z,,25.023001,124.0,membership,Payment by membership account and/or membership card,USCPIE12406491*1
ChargePoint Network,,,15332321,15332321,TUA NW ATLANTIC / STATION 1 (L),24867861,247,3225332151,2024-07-11T21:29:48Z,2024-07-11T21:58:00Z,,30.846399,68.055,membership,Payment by membership account and/or membership card,USCPIE15332321*1
ChargePoint Network,,,1964521,1964521,EBOFG / GUNTERSVILLE PD,8374201,3,3266741071,2024-07-30T12:57:28Z,2024-07-30T15:56:29Z,,21.722355,7.4258,membership,Payment by membership account and/or membership card,USCPIE1964521*1
ChargePoint Network,,,12676071,12676071,NEMEPA / NEMEPA EMPLOYEE,21923351,3,3240791061,2024-07-18T18:46:32Z,2024-07-22T12:31:16Z,,72.106712,0.0,membership,Payment by membership account and/or membership card,USCPIE12676071*1
ChargePoint Network,,,15640171,15640171,NECDC / STATION 2 (R),25228711,247,3245641601,2024-07-20T22:09:57Z,2024-07-20T22:52:29Z,,41.441700,69.737,membership,Payment by membership account and/or membership card,USCPIE15640171*1
ChargePoint Network,,,15885251,15885251,TWICKENHAM SQ / HU - STATION 1,25520941,247,3245069191,2024-07-20T16:35:23Z,2024-07-20T17:06:44Z,,19.352400,49.228,membership,Payment by membership account and/or membership card,USCPIE15885251*1
ChargePoint Network,,,13861861,13861861,BRMEMC / STATION 1,23296281,247,3211535311,2024-07-05T13:56:43Z,2024-07-05T14:37:27Z,,47.359100,73.304,membership,Payment by membership account and/or membership card,USCPIE13861861*1
ChargePoint Network,,,13664401,13664401,BTES / STATION 1 (LL),23060421,247,3218052301,2024-07-08T22:56:40Z,2024-07-08T22:57:38Z,,0.000000,0.0,membership,Payment by membership account and/or membership card,USCPIE13664401*1
ChargePoint Network,,,15332351,15332351,TUA NW ATLANTIC / STATION 2 (R),24867891,247,3249015931,2024-07-22T17:17:46Z,2024-07-22T18:01:55Z,,51.260601,79.169,membership,Payment by membership account and/or membership card,USCPIE15332351*1
ChargePoint Network,,,13803581,13803581,FPU / STATION 1 (L),23227201,247,3266233131,2024-07-30T03:24:19Z,2024-07-30T03:51:03Z,,23.683001,55.285,membership,Payment by membership account and/or membership card,USCPIE13803581*1
ChargePoint Network,,,15250771,15250771,SES-TN / STATION 1,24772691,247,3233675581,2024-07-15T22:36:18Z,2024-07-15T22:37:06Z,,0.000000,0.0,membership,Payment by membership account and/or membership card,USCPIE15250771*1
ChargePoint Network,,,1844191,1844191,CLW / MAIN ST,23050441,3,3267226551,2024-07-30T16:04:31Z,2024-07-30T17:41:30Z,,10.962158,6.9111,membership,Payment by membership account and/or membership card,USCPIE1844191*2
ChargePoint Network,,,15623231,15623231,CLW / 5TH ST 1 (L),25208301,247,3260973181,2024-07-27T15:28:12Z,2024-07-27T16:25:47Z,,37.905998,53.949,credit_card_terminal,Payment via credit card or debit card terminal,USCPIE15623231*1
ChargePoint Network,,,13606061,13606061,I24 EXIT11 / STATION 4 (RR),22992511,247,3226990861,2024-07-12T15:48:35Z,2024-07-12T16:33:01Z,,22.072001,74.844,membership,Payment by membership account and/or membership card,USCPIE13606061*1
ChargePoint Network,,,15332321,15332321,TUA NW ATLANTIC / STATION 1 (L),24867861,247,3228559451,2024-07-13T04:24:42Z,2024-07-13T05:25:17Z,,77.666603,82.124,credit_card_terminal,Payment via credit card or debit card terminal,USCPIE15332321*1
ChargePoint Network,,,15623231,15623231,CLW / 5TH ST 1 (L),25208301,247,3260380631,2024-07-27T03:23:07Z,2024-07-27T04:03:20Z,,63.776299,120.12,credit_card_terminal,Payment via credit card or debit card terminal,USCPIE15623231*1
ChargePoint Network,,,14097711,14097711,SCOTTSBORO EPB / SEPB DCFC (R),23570811,247,3212357741,2024-07-05T21:34:37Z,2024-07-05T21:47:06Z,,18.769300,110.466,membership,Payment by membership account and/or membership card,USCPIE14097711*1
ChargePoint Network,,,12720881,12720881,WRECC / STATION 1,21977141,247,3233493151,2024-07-15T21:18:05Z,2024-07-15T21:34:56Z,,30.773500,121.211,membership,Payment by membership account and/or membership card,USCPIE12720881*1
ChargePoint Network,,,5354011,5354011,7SPC / GREENEVILLE TA,8936791,207,3225695591,2024-07-12T00:06:38Z,2024-07-12T00:07:58Z,,0.000000,0.0,credit_card_terminal,Payment via credit card or debit card terminal,USCPIE5354011*1
ChargePoint Network,,,13659831,13659831,LAWRENCEBURG / STATION 1 (L),23054881,247,3258980631,2024-07-26T16:22:09Z,2024-07-26T16:22:25Z,,0.000000,0.0,membership,Payment by membership account and/or membership card,USCPIE13659831*1
ChargePoint Network,,,5346231,5346231,CULLMANELECTRIC / STATION2-R,8926271,247,3267480761,2024-07-30T17:49:49Z,2024-07-30T18:08:34Z,,22.455200,87.416,membership,Payment by membership account and/or membership card,USCPIE5346231*1
ChargePoint Network,,,13664501,13664501,BTES / STATION 4 (RR),23060561,247,3210646101,2024-07-04T21:57:56Z,2024-07-04T22:55:47Z,,39.122700,50.479,membership,Payment by membership account and/or membership card,USCPIE13664501*1
ChargePoint Network,,,5346231,5346231,CULLMANELECTRIC / STATION2-R,,,3221173091,2024-07-10T04:41:50Z,2024-07-10T04:43:52Z,,0.000000,,membership,Payment by membership account and/or membership card,USCPIE5346231*0
ChargePoint Network,,,1921351,1921351,STARKVILLE UTIL / STARKVILLE DWTN,23682581,3,3235931621,2024-07-16T20:45:14Z,2024-07-17T12:13:35Z,,43.808666,7.3093,membership,Payment by membership account and/or membership card,USCPIE1921351*2
ChargePoint Network,,,5565191,5565191,7SPC / DOLLYWOOD EMPL,9205041,3,3255878601,2024-07-25T12:23:57Z,2024-07-25T14:25:55Z,,7.098709,3.5537,membership,Payment by membership account and/or membership card,USCPIE5565191*2
ChargePoint Network,,,15280471,15280471,SPRFLD ELECTRIC / STATION 1 (L),24807681,247,3213228181,2024-07-06T09:14:11Z,2024-07-06T09:36:56Z,,7.489000,44.099,credit_card_terminal,Payment via credit card or debit card terminal,USCPIE15280471*1
ChargePoint Network,,,13606061,13606061,I24 EXIT11 / STATION 4 (RR),22992511,247,3230716881,2024-07-14T15:39:44Z,2024-07-14T16:19:23Z,,46.963100,77.811,membership,Payment by membership account and/or membership card,USCPIE13606061*1
ChargePoint Network,,,5346231,5346231,CULLMANELECTRIC / STATION2-R,8926271,100011,3205278061,2024-07-02T14:17:09Z,2024-07-02T14:24:58Z,,2.942200,0.0,membership,Payment by membership account and/or membership card,USCPIE5346231*1
ChargePoint Network,,,5122191,5122191,CULLMANELECTRIC / STATION1-L,,,3231485131,2024-07-14T23:37:23Z,2024-07-14T23:39:24Z,,0.000000,,other,Any other payment method not specified above. Additional description should be provided in Payment Method Description.,USCPIE5122191*0
ChargePoint Network,,,15694081,15694081,BRIGHTRIDGE EV / STATION 2 (R),25291921,247,3257569491,2024-07-26T00:07:10Z,2024-07-26T01:55:22Z,,46.900501,68.514,membership,Payment by membership account and/or membership card,USCPIE15694081*1
ChargePoint Network,,,5122191,5122191,CULLMANELECTRIC / STATION1-L,8482151,247,3245655181,2024-07-20T22:17:57Z,2024-07-20T22:18:38Z,,0.000000,0.0,membership,Payment by membership account and/or membership card,USCPIE5122191*1
ChargePoint Network,,,1988061,1988061,7SPC / SCES DOLLYWOOD,25499831,3,3244826721,2024-07-20T13:34:52Z,2024-07-21T01:43:16Z,,21.136097,3.6163,membership,Payment by membership account and/or membership card,USCPIE1988061*1
ChargePoint Network,,,13643831,13643831,PEPA / STATION 1,23036511,247,3225633841,2024-07-11T23:39:49Z,2024-07-12T00:00:47Z,,23.701401,75.833,membership,Payment by membership account and/or membership card,USCPIE13643831*1
ChargePoint Network,,,14047321,14047321,JEFFERSON AVE. / OXFORD STA2(R),,,3213102541,2024-07-06T05:11:08Z,2024-07-06T05:11:12Z,,0.000000,,membership,Payment by membership account and/or membership card,USCPIE14047321*0
ChargePoint Network,,,13880891,13880891,MU / MUC MAIN OFFICE,23319021,3,3207168311,2024-07-03T04:28:20Z,2024-07-03T06:23:18Z,,13.728316,7.2599,membership,Payment by membership account and/or membership card,USCPIE13880891*2
ChargePoint Network,,,5619801,5619801,7SPC / WARREN RECC BG,25687261,3,3241334391,2024-07-18T22:38:00Z,2024-07-19T02:12:22Z,,22.274359,6.2948,membership,Payment by membership account and/or membership card,USCPIE5619801*2
ChargePoint Network,,,8851921,8851921,7SPC / SEVIERVILLE DC1,15571271,207,3224179641,2024-07-11T13:40:53Z,2024-07-11T14:16:10Z,,25.305201,60.571,membership,Payment by membership account and/or membership card,USCPIE8851921*1
ChargePoint Network,,,13643801,13643801,PEPA / STATION 2,23036481,247,3255696181,2024-07-25T09:37:30Z,2024-07-25T10:09:37Z,,37.326599,72.693,membership,Payment by membership account and/or membership card,USCPIE13643801*1
ChargePoint Network,,,15280471,15280471,SPRFLD ELECTRIC / STATION 1 (L),24807681,247,3241340911,2024-07-18T22:40:54Z,2024-07-19T00:27:52Z,,35.197399,61.698,membership,Payment by membership account and/or membership card,USCPIE15280471*1
ChargePoint Network,,,15280471,15280471,SPRFLD ELECTRIC / STATION 1 (L),24807681,247,3263202481,2024-07-28T21:07:57Z,2024-07-28T21:13:49Z,,3.575000,0.0,membership,Payment by membership account and/or membership card,USCPIE15280471*1
ChargePoint Network,,,13606061,13606061,I24 EXIT11 / STATION 4 (RR),22992511,247,3231074631,2024-07-14T19:36:00Z,2024-07-14T20:38:24Z,,41.798901,53.341,other,Any other payment method not specified above. Additional description should be provided in Payment Method Description.,USCPIE13606061*1
ChargePoint Network,,,15684301,15684301,MLEC / STATION 1 (L) W,25280151,247,3261051601,2024-07-27T16:19:23Z,2024-07-27T17:10:41Z,,37.921700,77.027,membership,Payment by membership account and/or membership card,USCPIE15684301*1
ChargePoint Network,,,5122191,5122191,CULLMANELECTRIC / STATION1-L,8482151,247,3229732191,2024-07-13T22:32:44Z,2024-07-13T22:43:55Z,,8.759300,0.0,membership,Payment by membership account and/or membership card,USCPIE5122191*1
ChargePoint Network,,,1988141,1988141,7SPC / SCES DREAM MORE,2355571,3,3254929581,2024-07-24T23:45:17Z,2024-07-25T00:43:20Z,,6.746713,7.0539,membership,Payment by membership account and/or membership card,USCPIE1988141*2
ChargePoint Network,,,13026471,13026471,WCMES / CITYHALL2-R,22328331,247,3267893871,2024-07-30T20:51:03Z,2024-07-30T21:54:35Z,,41.901501,72.519,membership,Payment by membership account and/or membership card,USCPIE13026471*1
ChargePoint Network,,,15623211,15623211,CLW / 5TH ST 2 (R),25208281,247,3229128621,2024-07-13T16:31:47Z,2024-07-13T17:30:56Z,,79.860497,121.295,credit_card_terminal,Payment via credit card or debit card terminal,USCPIE15623211*1
ChargePoint Network,,,15742641,15742641,GEA-1 / STATION 2 (R),25349301,247,3244273121,2024-07-20T02:40:48Z,2024-07-20T03:08:54Z,,23.891399,55.671,credit_card_terminal,Payment via credit card or debit card terminal,USCPIE15742641*1
ChargePoint Network,,,13861891,13861891,BRMEMC / STATION 2,23296321,247,3207611501,2024-07-03T13:06:47Z,2024-07-03T13:39:46Z,,15.669200,51.623,membership,Payment by membership account and/or membership card,USCPIE13861891*1
ChargePoint Network,,,12720861,12720861,WRECC / STATION 2,21977121,247,3218849041,2024-07-09T10:08:51Z,2024-07-09T10:35:00Z,,43.505299,122.772,membership,Payment by membership account and/or membership card,USCPIE12720861*1
ChargePoint Network,,,15885151,15885151,TWICKENHAM SQ / HU - STATION 2,25520801,247,3215009211,2024-07-07T14:13:45Z,2024-07-07T14:47:53Z,,14.788900,39.678,membership,Payment by membership account and/or membership card,USCPIE15885151*1
ChargePoint Network,,,15885151,15885151,TWICKENHAM SQ / HU - STATION 2,25520801,247,3215796341,2024-07-07T22:54:46Z,2024-07-07T23:26:26Z,,41.064201,81.928,membership,Payment by membership account and/or membership card,USCPIE15885151*1
ChargePoint Network,,,15885151,15885151,TWICKENHAM SQ / HU - STATION 2,25520801,247,3261532631,2024-07-27T21:07:09Z,2024-08-01T22:21:46Z,,2.644000,0.0,membership,Payment by membership account and/or membership card,USCPIE15885151*1
ChargePoint Network,,,13606061,13606061,I24 EXIT11 / STATION 4 (RR),22992511,247,3209081221,2024-07-03T23:21:17Z,2024-07-03T23:36:39Z,,12.637000,74.646,membership,Payment by membership account and/or membership card,USCPIE13606061*1
ChargePoint Network,,,8851921,8851921,7SPC / SEVIERVILLE DC1,15571271,207,3243592771,2024-07-19T21:06:34Z,2024-07-19T21:25:39Z,,15.500400,53.872,membership,Payment by membership account and/or membership card,USCPIE8851921*1
ChargePoint Network,,,13292801,13292801,LODGE CAST IRON / STORE & MUSEUM,22637561,3,3245657101,2024-07-20T22:19:04Z,2024-07-20T22:50:57Z,,3.621104,6.9829,credit_card_terminal,Payment via credit card or debit card terminal,USCPIE13292801*2
ChargePoint Network,,,12720881,12720881,WRECC / STATION 1,21977141,247,3215014951,2024-07-07T14:20:03Z,2024-07-07T15:00:37Z,,22.024000,55.539,membership,Payment by membership account and/or membership card,USCPIE12720881*1
ChargePoint Network,,,14337501,14337501,HOLSTONELECTRIC / CHURCH HILL-2,23845091,247,3206121191,2024-07-02T20:07:36Z,2024-07-02T20:52:40Z,,38.015701,74.599,credit_card_terminal,Payment via credit card or debit card terminal,USCPIE14337501*1
ChargePoint Network,,,13606061,13606061,I24 EXIT11 / STATION 4 (RR),22992511,247,3222955701,2024-07-10T22:41:39Z,2024-07-10T23:16:06Z,,23.066999,74.86,membership,Payment by membership account and/or membership card,USCPIE13606061*1
ChargePoint Network,,,13659831,13659831,LAWRENCEBURG / STATION 1 (L),23054881,247,3229211101,2024-07-13T17:22:41Z,2024-07-13T18:09:06Z,,62.456299,85.498,credit_card_terminal,Payment via credit card or debit card terminal,USCPIE13659831*1
ChargePoint Network,,,8851921,8851921,7SPC / SEVIERVILLE DC1,15571271,100011,3255665881,2024-07-25T07:55:49Z,2024-07-25T08:16:46Z,,6.568200,19.836,membership,Payment by membership account and/or membership card,USCPIE8851921*1
ChargePoint Network,,,15260241,15260241,STEMC / STATION 1 (L) A,24784071,247,3266669061,2024-07-30T12:20:02Z,2024-07-30T12:48:33Z,,33.257099,72.863,membership,Payment by membership account and/or membership card,USCPIE15260241*1
ChargePoint Network,,,15885791,15885791,TWICKENHAM SQ / HU - STATION 3,25521611,247,3257444631,2024-07-25T23:11:45Z,2024-07-26T01:52:42Z,,70.007599,88.307,membership,Payment by membership account and/or membership card,USCPIE15885791*1
ChargePoint Network,,,8851921,8851921,7SPC / SEVIERVILLE DC1,15571271,207,3240123401,2024-07-18T14:23:14Z,2024-07-18T15:13:08Z,,37.007198,59.751,membership,Payment by membership account and/or membership card,USCPIE8851921*1
ChargePoint Network,,,8851921,8851921,7SPC / SEVIERVILLE DC1,15571271,207,3252395931,2024-07-23T23:54:41Z,2024-07-24T01:35:08Z,,30.778400,53.576,membership,Payment by membership account and/or membership card,USCPIE8851921*1
ChargePoint Network,,,14359491,14359491,EBOFG / STATION 1 (L),23870291,247,3212475581,2024-07-05T22:39:53Z,2024-07-05T22:42:06Z,,0.000000,0.0,membership,Payment by membership account and/or membership card,USCPIE14359491*1
ChargePoint Network,,,5466441,5466441,7SPC / NASA USSRC R,9079371,3,3260851761,2024-07-27T13:50:32Z,2024-07-27T16:05:39Z,,14.065695,6.3474,membership,Payment by membership account and/or membership card,USCPIE5466441*2
ChargePoint Network,,,15623211,15623211,CLW / 5TH ST 2 (R),25208281,247,3217820151,2024-07-08T21:10:22Z,2024-07-08T22:06:20Z,,36.756001,53.361,credit_card_terminal,Payment via credit card or debit card terminal,USCPIE15623211*1
ChargePoint Network,,,15548151,15548151,DECATURDOWNTWN / STATION 1 (R),25119511,247,3203731091,2024-07-01T20:01:48Z,2024-07-01T20:05:50Z,,3.536900,0.0,membership,Payment by membership account and/or membership card,USCPIE15548151*1
ChargePoint Network,,,5346231,5346231,CULLMANELECTRIC / STATION2-R,,,3238185991,2024-07-17T18:14:21Z,2024-07-17T18:16:22Z,,0.000000,,membership,Payment by membership account and/or membership card,USCPIE5346231*0
ChargePoint Network,,,5619801,5619801,7SPC / WARREN RECC BG,25687261,3,3228870751,2024-07-13T13:06:11Z,2024-07-13T15:19:39Z,,13.605743,6.222,other,Any other payment method not specified above. Additional description should be provided in Payment Method Description.,USCPIE5619801*2
ChargePoint Network,,,12720861,12720861,WRECC / STATION 2,21977121,247,3218361781,2024-07-09T01:23:37Z,2024-07-09T01:32:55Z,,13.836000,122.605,membership,Payment by membership account and/or membership card,USCPIE12720861*1
ChargePoint Network,,,5619801,5619801,7SPC / WARREN RECC BG,25687251,3,3218317861,2024-07-09T01:01:28Z,2024-07-09T01:57:34Z,,5.723888,6.176,credit_card_terminal,Payment via credit card or debit card terminal,USCPIE5619801*1
ChargePoint Network,,,15885151,15885151,TWICKENHAM SQ / HU - STATION 2,25520801,247,3230758091,2024-07-14T16:10:39Z,2024-07-14T17:08:59Z,,75.030296,96.519,credit_card_terminal,Payment via credit card or debit card terminal,USCPIE15885151*1
ChargePoint Network,,,12720861,12720861,WRECC / STATION 2,21977121,247,3225323761,2024-07-11T21:25:51Z,2024-07-11T22:26:54Z,,71.865303,74.071,membership,Payment by membership account and/or membership card,USCPIE12720861*1
ChargePoint Network,,,15885771,15885771,TWICKENHAM SQ / HU - STATION 4,,,3208578031,2024-07-03T19:44:06Z,2024-07-03T19:46:07Z,,0.000000,,membership,Payment by membership account and/or membership card,USCPIE15885771*0
ChargePoint Network,,,14355251,14355251,HARTSELLE 1 / STATION 2 (R),23865691,247,3227463291,2024-07-12T19:18:38Z,2024-07-12T20:05:28Z,,52.000401,71.41,membership,Payment by membership account and/or membership card,USCPIE14355251*1
ChargePoint Network,,,15280441,15280441,SPRFLD ELECTRIC / STATION 2 (R),24807641,247,3206059051,2024-07-02T19:42:31Z,2024-07-02T20:24:06Z,,41.017200,61.599,membership,Payment by membership account and/or membership card,USCPIE15280441*1
ChargePoint Network,,,8851921,8851921,7SPC / SEVIERVILLE DC1,15571271,207,3213937231,2024-07-06T20:22:09Z,2024-07-06T21:04:45Z,,42.352901,61.776,membership,Payment by membership account and/or membership card,USCPIE8851921*1
ChargePoint Network,,,14047321,14047321,JEFFERSON AVE. / OXFORD STA2(R),23514081,247,3253923341,2024-07-24T16:33:09Z,2024-07-24T16:36:02Z,,0.000000,0.0,membership,Payment by membership account and/or membership card,USCPIE14047321*1
ChargePoint Network,,,1921351,1921351,STARKVILLE UTIL / STARKVILLE DWTN,23682571,3,3211945521,2024-07-05T17:51:01Z,2024-07-05T18:10:12Z,,2.187536,7.4519,membership,Payment by membership account and/or membership card,USCPIE1921351*1
ChargePoint Network,,,12720881,12720881,WRECC / STATION 1,21977141,247,3243518771,2024-07-19T20:32:36Z,2024-07-19T20:58:45Z,,34.479401,83.778,membership,Payment by membership account and/or membership card,USCPIE12720881*1
ChargePoint Network,,,13606091,13606091,I24 EXIT11 / STATION 3 (RM),22992551,247,3263029231,2024-07-28T19:23:40Z,2024-07-28T19:44:02Z,,11.474800,53.214,membership,Payment by membership account and/or membership card,USCPIE13606091*1
ChargePoint Network,,,12720861,12720861,WRECC / STATION 2,21977121,247,3247462921,2024-07-21T23:12:12Z,2024-07-21T23:42:45Z,,35.063801,74.052,credit_card_terminal,Payment via credit card or debit card terminal,USCPIE12720861*1
ChargePoint Network,,,5445161,5445161,7SPC / UC - LIVINGSTON,9052341,3,3261980521,2024-07-28T01:30:19Z,2024-07-28T13:12:16Z,,44.514778,7.1384,membership,Payment by membership account and/or membership card,USCPIE5445161*1
ChargePoint Network,,,15260241,15260241,STEMC / STATION 1 (L) A,24784071,247,3204080271,2024-07-01T22:45:33Z,2024-07-01T23:06:57Z,,24.211599,70.919,membership,Payment by membership account and/or membership card,USCPIE15260241*1
ChargePoint Network,,,15885251,15885251,TWICKENHAM SQ / HU - STATION 1,25520941,247,3214131951,2024-07-06T22:22:26Z,2024-07-07T00:35:02Z,,23.887400,122.094,membership,Payment by membership account and/or membership card,USCPIE15885251*1
ChargePoint Network,,,14047321,14047321,JEFFERSON AVE. / OXFORD STA2(R),23514081,247,3209390991,2024-07-04T01:53:05Z,2024-07-04T02:17:49Z,,26.956200,68.752,membership,Payment by membership account and/or membership card,USCPIE14047321*1
ChargePoint Network,,,15836871,15836871,TOMBIGBEE / TEPA CHARGER 1,25462501,247,3213501561,2024-07-06T15:45:32Z,2024-07-06T16:52:37Z,,58.913799,74.676,membership,Payment by membership account and/or membership card,USCPIE15836871*1
ChargePoint Network,,,1988141,1988141,7SPC / SCES DREAM MORE,2355571,3,3231618271,2024-07-15T00:51:36Z,2024-07-15T14:33:35Z,,11.437673,6.8771,credit_card_terminal,Payment via credit card or debit card terminal,USCPIE1988141*2
ChargePoint Network,,,1988061,1988061,7SPC / SCES DOLLYWOOD,25499831,3,3248656911,2024-07-22T15:02:43Z,2024-07-22T16:14:36Z,,8.535715,7.2393,membership,Payment by membership account and/or membership card,USCPIE1988061*1
ChargePoint Network,,,15332321,15332321,TUA NW ATLANTIC / STATION 1 (L),24867861,247,3223522361,2024-07-11T03:02:10Z,2024-07-11T03:42:20Z,,40.671799,70.755,credit_card_terminal,Payment via credit card or debit card terminal,USCPIE15332321*1
ChargePoint Network,,,5122191,5122191,CULLMANELECTRIC / STATION1-L,8482151,247,3211491641,2024-07-05T13:22:25Z,2024-07-05T13:51:25Z,,21.851000,54.316,membership,Payment by membership account and/or membership card,USCPIE5122191*1
ChargePoint Network,,,5565291,5565291,7SPC / SCES LECONTE 1,9205191,3,3214539221,2024-07-07T02:38:01Z,2024-07-07T04:01:51Z,,4.596445,3.7446,membership,Payment by membership account and/or membership card,USCPIE5565291*1
ChargePoint Network,,,15836871,15836871,TOMBIGBEE / TEPA CHARGER 1,25462501,247,3249781931,2024-07-22T23:03:58Z,2024-07-22T23:13:13Z,,11.456700,0.0,membership,Payment by membership account and/or membership card,USCPIE15836871*1
ChargePoint Network,,,1932851,1932851,BRIGHTRIDGE EV / BR-JC LIBRARY,23319811,3,3238787721,2024-07-17T22:36:59Z,2024-07-18T00:30:39Z,,13.844075,7.4495,membership,Payment by membership account and/or membership card,USCPIE1932851*1
ChargePoint Network,,,13606061,13606061,I24 EXIT11 / STATION 4 (RR),22992511,247,3261340241,2024-07-27T19:13:56Z,2024-07-27T19:26:47Z,,14.495400,69.893,membership,Payment by membership account and/or membership card,USCPIE13606061*1
ChargePoint Network,,,15548151,15548151,DECATURDOWNTWN / STATION 1 (R),25119511,100011,3247287401,2024-07-21T21:38:25Z,2024-07-21T22:34:46Z,,37.769402,52.263,credit_card_terminal,Payment via credit card or debit card terminal,USCPIE15548151*1
ChargePoint Network,,,13606061,13606061,I24 EXIT11 / STATION 4 (RR),22992511,247,3231239101,2024-07-14T21:17:29Z,2024-07-14T21:51:42Z,,23.759600,48.72,membership,Payment by membership account and/or membership card,USCPIE13606061*1
ChargePoint Network,,,1964521,1964521,EBOFG / GUNTERSVILLE PD,8374201,3,3251414081,2024-07-23T16:47:10Z,2024-07-23T21:45:24Z,,6.641731,3.6808,membership,Payment by membership account and/or membership card,USCPIE1964521*1
ChargePoint Network,,,14047321,14047321,JEFFERSON AVE. / OXFORD STA2(R),23514081,247,3251479771,2024-07-23T17:13:11Z,2024-07-23T17:15:31Z,,0.000000,0.0,credit_card_terminal,Payment via credit card or debit card terminal,USCPIE14047321*1
ChargePoint Network,,,15332321,15332321,TUA NW ATLANTIC / STATION 1 (L),24867861,247,3266811881,2024-07-30T13:31:03Z,2024-07-30T13:46:22Z,,4.575600,73.514,membership,Payment by membership account and/or membership card,USCPIE15332321*1
ChargePoint Network,,,1964521,1964521,EBOFG / GUNTERSVILLE PD,8374211,3,3244042731,2024-07-20T00:41:46Z,2024-07-20T02:57:20Z,,16.181017,7.2764,membership,Payment by membership account and/or membership card,USCPIE1964521*2
ChargePoint Network,,,5346231,5346231,CULLMANELECTRIC / STATION2-R,8926271,100011,3233711931,2024-07-15T22:52:43Z,2024-07-15T23:02:42Z,,6.743700,46.125,membership,Payment by membership account and/or membership card,USCPIE5346231*1
ChargePoint Network,,,15623231,15623231,CLW / 5TH ST 1 (L),25208301,247,3247269891,2024-07-21T21:27:52Z,2024-07-21T22:48:02Z,,82.307098,75.269,membership,Payment by membership account and/or membership card,USCPIE15623231*1
ChargePoint Network,,,15548151,15548151,DECATURDOWNTWN / STATION 1 (R),25119511,247,3227760691,2024-07-12T21:30:16Z,2024-07-12T21:32:47Z,,0.000000,0.0,membership,Payment by membership account and/or membership card,USCPIE15548151*1
ChargePoint Network,,,5346231,5346231,CULLMANELECTRIC / STATION2-R,8926271,247,3245702511,2024-07-20T22:45:39Z,2024-07-20T22:46:12Z,,0.000000,0.0,membership,Payment by membership account and/or membership card,USCPIE5346231*1
ChargePoint Network,,,15332351,15332351,TUA NW ATLANTIC / STATION 2 (R),24867891,247,3260474691,2024-07-27T04:17:26Z,2024-07-27T04:49:34Z,,36.038399,69.419,membership,Payment by membership account and/or membership card,USCPIE15332351*1
ChargePoint Network,,,15260251,15260251,STEMC / STATION 2 (R) A,24784081,247,3216491511,2024-07-08T09:49:13Z,2024-07-08T09:54:25Z,,4.959700,0.0,credit_card_terminal,Payment via credit card or debit card terminal,USCPIE15260251*1
ChargePoint Network,,,13423691,13423691,AEC / STATION #1 (L),22787121,247,3261317201,2024-07-27T19:00:36Z,2024-07-27T19:01:41Z,,0.000000,0.0,membership,Payment by membership account and/or membership card,USCPIE13423691*1
ChargePoint Network,,,15694081,15694081,BRIGHTRIDGE EV / STATION 2 (R),25291921,247,3261529371,2024-07-27T21:05:14Z,2024-07-27T21:51:14Z,,52.058998,72.038,membership,Payment by membership account and/or membership card,USCPIE15694081*1
ChargePoint Network,,,15694171,15694171,BRIGHTRIDGE EV / STATION 1 (L),25292041,247,3224608531,2024-07-11T16:19:32Z,2024-07-11T16:42:49Z,,24.424000,74.466,membership,Payment by membership account and/or membership card,USCPIE15694171*1
ChargePoint Network,,,12406491,12406491,FPIA / LEFT STATION,21527781,247,3240418111,2024-07-18T16:07:11Z,2024-07-18T16:25:39Z,,19.800600,70.685,membership,Payment by membership account and/or membership card,USCPIE12406491*1
ChargePoint Network,,,13966851,13966851,BEA / STATION 1 (LL),23420911,247,3243170471,2024-07-19T17:57:02Z,2024-07-19T18:29:11Z,,29.489401,121.941,membership,Payment by membership account and/or membership card,USCPIE13966851*1
ChargePoint Network,,,15548151,15548151,DECATURDOWNTWN / STATION 1 (R),25119511,247,3260463701,2024-07-27T04:08:03Z,2024-07-27T04:22:21Z,,11.906300,53.937,membership,Payment by membership account and/or membership card,USCPIE15548151*1
ChargePoint Network,,,5346231,5346231,CULLMANELECTRIC / STATION2-R,8926271,247,3240061101,2024-07-18T13:56:30Z,2024-07-18T14:25:16Z,,35.743000,81.839,membership,Payment by membership account and/or membership card,USCPIE5346231*1
ChargePoint Network,,,5445161,5445161,7SPC / UC - LIVINGSTON,9052351,3,3229452071,2024-07-13T19:45:55Z,2024-07-13T19:47:58Z,,0.000000,0.0,credit_card_terminal,Payment via credit card or debit card terminal,USCPIE5445161*2
ChargePoint Network,,,14359491,14359491,EBOFG / STATION 1 (L),23870291,247,3267859461,2024-07-30T20:36:16Z,2024-07-30T20:36:43Z,,0.000000,0.0,membership,Payment by membership account and/or membership card,USCPIE14359491*1
ChargePoint Network,,,15694171,15694171,BRIGHTRIDGE EV / STATION 1 (L),25292041,247,3256946991,2024-07-25T19:44:07Z,2024-07-25T19:45:21Z,,0.000000,0.0,credit_card_terminal,Payment via credit card or debit card terminal,USCPIE15694171*1
ChargePoint Network,,,8851921,8851921,7SPC / SEVIERVILLE DC1,15571271,207,3242461141,2024-07-19T12:43:11Z,2024-07-19T13:37:29Z,,41.675301,59.905,membership,Payment by membership account and/or membership card,USCPIE8851921*1
ChargePoint Network,,,15885771,15885771,TWICKENHAM SQ / HU - STATION 4,25521581,247,3213469641,2024-07-06T15:20:35Z,2024-07-06T16:17:51Z,,68.935699,77.815,membership,Payment by membership account and/or membership card,USCPIE15885771*1
ChargePoint Network,,,15332321,15332321,TUA NW ATLANTIC / STATION 1 (L),24867861,247,3238802611,2024-07-17T22:43:28Z,2024-07-17T23:13:45Z,,25.633301,53.067,other,Any other payment method not specified above. Additional description should be provided in Payment Method Description.,USCPIE15332321*1
ChargePoint Network,,,14359531,14359531,EBOFG / STATION 2 (R),23870331,247,3244870691,2024-07-20T14:13:33Z,2024-07-20T14:25:36Z,,12.808600,69.947,membership,Payment by membership account and/or membership card,USCPIE14359531*1
ChargePoint Network,,,12460751,12460751,PES / LEFT STATION,22360171,215,3265366261,2024-07-29T20:32:07Z,2024-07-30T13:14:09Z,,56.068699,7.813,membership,Payment by membership account and/or membership card,USCPIE12460751*1
ChargePoint Network,,,15836871,15836871,TOMBIGBEE / TEPA CHARGER 1,25462501,247,3231961281,2024-07-15T04:44:32Z,2024-07-15T06:32:17Z,,61.361500,73.086,membership,Payment by membership account and/or membership card,USCPIE15836871*1
ChargePoint Network,,,15694171,15694171,BRIGHTRIDGE EV / STATION 1 (L),25292041,247,3216587871,2024-07-08T11:41:50Z,2024-07-08T13:18:59Z,,16.083200,75.833,membership,Payment by membership account and/or membership card,USCPIE15694171*1
ChargePoint Network,,,1844191,1844191,CLW / MAIN ST,23050441,3,3216410081,2024-07-08T06:10:11Z,2024-07-08T10:47:55Z,,31.866808,6.9516,membership,Payment by membership account and/or membership card,USCPIE1844191*2
ChargePoint Network,,,13606091,13606091,I24 EXIT11 / STATION 3 (RM),22992551,247,3224209221,2024-07-11T13:54:16Z,2024-07-11T13:57:51Z,,0.821500,0.0,credit_card_terminal,Payment via credit card or debit card terminal,USCPIE13606091*1
ChargePoint Network,,,5354011,5354011,7SPC / GREENEVILLE TA,8936791,207,3207678281,2024-07-03T13:41:37Z,2024-07-03T13:51:50Z,,4.289100,26.524,membership,Payment by membership account and/or membership card,USCPIE5354011*1
ChargePoint Network,,,13606091,13606091,I24 EXIT11 / STATION 3 (RM),22992551,247,3214988451,2024-07-07T13:51:09Z,2024-07-07T14:47:20Z,,63.643600,75.239,membership,Payment by membership account and/or membership card,USCPIE13606091*1
ChargePoint Network,,,15640171,15640171,NECDC / STATION 2 (R),25228711,247,3212680141,2024-07-06T00:40:37Z,2024-07-06T01:21:27Z,,45.197102,75.833,membership,Payment by membership account and/or membership card,USCPIE15640171*1
ChargePoint Network,,,15640171,15640171,NECDC / STATION 2 (R),25228711,247,3212420441,2024-07-05T22:09:19Z,2024-07-05T23:04:47Z,,70.063499,123.69,membership,Payment by membership account and/or membership card,USCPIE15640171*1
ChargePoint Network,,,15885151,15885151,TWICKENHAM SQ / HU - STATION 2,25520801,247,3231097971,2024-07-14T19:50:51Z,2024-07-14T20:22:07Z,,25.491301,82.983,membership,Payment by membership account and/or membership card,USCPIE15885151*1
ChargePoint Network,,,14359491,14359491,EBOFG / STATION 1 (L),23870291,100011,3262680951,2024-07-28T15:34:36Z,2024-07-28T15:36:57Z,,0.000000,0.0,membership,Payment by membership account and/or membership card,USCPIE14359491*1
ChargePoint Network,,,5363211,5363211,HARTSELLE 1 / HARTSELLE 1,23427581,3,3249674471,2024-07-22T22:17:24Z,2024-07-22T23:12:45Z,,6.229998,6.9403,membership,Payment by membership account and/or membership card,USCPIE5363211*2
ChargePoint Network,,,15885771,15885771,TWICKENHAM SQ / HU - STATION 4,25521581,247,3231286901,2024-07-14T21:45:55Z,2024-07-14T22:53:15Z,,63.957001,87.468,membership,Payment by membership account and/or membership card,USCPIE15885771*1
ChargePoint Network,,,5122191,5122191,CULLMANELECTRIC / STATION1-L,8482151,247,3265307531,2024-07-29T20:06:54Z,2024-07-29T20:56:48Z,,35.827099,53.279,membership,Payment by membership account and/or membership card,USCPIE5122191*1
ChargePoint Network,,,14359531,14359531,EBOFG / STATION 2 (R),23870331,247,3224978321,2024-07-11T19:02:14Z,2024-07-11T19:09:08Z,,1.364900,0.0,credit_card_terminal,Payment via credit card or debit card terminal,USCPIE14359531*1
ChargePoint Network,,,7505851,7505851,JEFFERSON AVE. / OXFORD STA1(L),12955471,247,3242481341,2024-07-19T12:54:10Z,2024-07-19T13:24:08Z,,24.171700,53.193,credit_card_terminal,Payment via credit card or debit card terminal,USCPIE7505851*1
ChargePoint Network,,,13966051,13966051,BEA / STATION 3 (RM),23419981,247,3247928041,2024-07-22T03:59:23Z,2024-07-22T04:31:48Z,,22.237499,73.086,credit_card_terminal,Payment via credit card or debit card terminal,USCPIE13966051*1
ChargePoint Network,,,5346231,5346231,CULLMANELECTRIC / STATION2-R,8926271,247,3245706471,2024-07-20T22:47:41Z,2024-07-20T22:48:39Z,,0.000000,0.0,membership,Payment by membership account and/or membership card,USCPIE5346231*1
ChargePoint Network,,,12720861,12720861,WRECC / STATION 2,21977121,247,3259132901,2024-07-26T17:24:17Z,2024-07-26T17:59:05Z,,28.039600,53.639,roaming,Payment via roaming partners,USCPIE12720861*1
ChargePoint Network,,,13966851,13966851,BEA / STATION 1 (LL),23420911,247,3230904701,2024-07-14T17:49:19Z,2024-07-14T19:29:34Z,,51.400600,51.743,membership,Payment by membership account and/or membership card,USCPIE13966851*1
ChargePoint Network,,,7505851,7505851,JEFFERSON AVE. / OXFORD STA1(L),12955471,247,3218303551,2024-07-09T00:59:43Z,2024-07-09T01:16:58Z,,31.541800,116.578,membership,Payment by membership account and/or membership card,USCPIE7505851*1
ChargePoint Network,,,5363211,5363211,HARTSELLE 1 / HARTSELLE 1,23427571,3,3227775151,2024-07-12T21:37:12Z,2024-07-12T22:55:15Z,,9.377140,7.3018,membership,Payment by membership account and/or membership card,USCPIE5363211*1
ChargePoint Network,,,13423691,13423691,AEC / STATION #1 (L),22787121,247,3213496501,2024-07-06T15:41:33Z,2024-07-06T16:12:35Z,,22.755100,123.045,membership,Payment by membership account and/or membership card,USCPIE13423691*1
ChargePoint Network,,,12720881,12720881,WRECC / STATION 1,21977141,247,3213783841,2024-07-06T18:47:26Z,2024-07-06T19:23:52Z,,59.290199,123.535,membership,Payment by membership account and/or membership card,USCPIE12720881*1
ChargePoint Network,,,9677521,9677521,UT PARKING / S7 STATION 1,17169331,3,3237850211,2024-07-17T15:57:02Z,2024-07-17T19:56:27Z,,25.437143,7.1229,membership,Payment by membership account and/or membership card,USCPIE9677521*1
ChargePoint Network,,,1988061,1988061,7SPC / SCES DOLLYWOOD,25499841,3,3260891991,2024-07-27T14:25:10Z,2024-07-27T21:18:21Z,,41.680180,7.2492,membership,Payment by membership account and/or membership card,USCPIE1988061*2
ChargePoint Network,,,5354011,5354011,7SPC / GREENEVILLE TA,8936791,207,3256839141,2024-07-25T18:59:16Z,2024-07-25T19:01:26Z,,0.000000,0.0,other,Any other payment method not specified above. Additional description should be provided in Payment Method Description.,USCPIE5354011*1
ChargePoint Network,,,8851921,8851921,7SPC / SEVIERVILLE DC1,15571271,207,3237410721,2024-07-17T13:03:16Z,2024-07-17T14:43:08Z,,35.815498,53.279,membership,Payment by membership account and/or membership card,USCPIE8851921*1
ChargePoint Network,,,12406401,12406401,FPIA / RIGHT STATION,21527671,247,3260966691,2024-07-27T15:24:12Z,2024-07-27T15:48:37Z,,28.360399,77.615,membership,Payment by membership account and/or membership card,USCPIE12406401*1
ChargePoint Network,,,13606061,13606061,I24 EXIT11 / STATION 4 (RR),22992511,247,3264634571,2024-07-29T15:19:32Z,2024-07-29T15:54:05Z,,28.863001,74.625,membership,Payment by membership account and/or membership card,USCPIE13606061*1
ChargePoint Network,,,15836871,15836871,TOMBIGBEE / TEPA CHARGER 1,25462501,247,3245856931,2024-07-21T00:11:42Z,2024-07-21T00:56:10Z,,43.376400,74.663,membership,Payment by membership account and/or membership card,USCPIE15836871*1
ChargePoint Network,,,1988061,1988061,7SPC / SCES DOLLYWOOD,25499841,3,3246923551,2024-07-21T18:01:44Z,2024-07-21T21:55:40Z,,27.192001,7.0711,membership,Payment by membership account and/or membership card,USCPIE1988061*2
ChargePoint Network,,,14047321,14047321,JEFFERSON AVE. / OXFORD STA2(R),23514081,247,3211553461,2024-07-05T14:09:25Z,2024-07-05T14:10:32Z,,0.000000,0.0,membership,Payment by membership account and/or membership card,USCPIE14047321*1
ChargePoint Network,,,12406491,12406491,FPIA / LEFT STATION,,,3213857031,2024-07-06T19:30:57Z,2024-07-06T19:32:59Z,,0.000000,,membership,Payment by membership account and/or membership card,USCPIE12406491*0
ChargePoint Network,,,14359491,14359491,EBOFG / STATION 1 (L),23870291,100011,3262684661,2024-07-28T15:38:33Z,2024-07-28T15:40:08Z,,0.000000,0.0,membership,Payment by membership account and/or membership card,USCPIE14359491*1
ChargePoint Network,,,12406401,12406401,FPIA / RIGHT STATION,21527671,247,3250055621,2024-07-23T01:10:54Z,2024-07-23T01:11:14Z,,0.000000,0.0,membership,Payment by membership account and/or membership card,USCPIE12406401*1
ChargePoint Network,,,14047321,14047321,JEFFERSON AVE. / OXFORD STA2(R),23514081,247,3228240351,2024-07-13T01:27:55Z,2024-07-13T01:49:13Z,,28.730000,84.906,credit_card_terminal,Payment via credit card or debit card terminal,USCPIE14047321*1
ChargePoint Network,,,12720861,12720861,WRECC / STATION 2,21977121,247,3204213561,2024-07-01T23:51:12Z,2024-07-02T00:28:31Z,,29.174900,53.937,roaming,Payment via roaming partners,USCPIE12720861*1
ChargePoint Network,,,1988061,1988061,7SPC / SCES DOLLYWOOD,25499831,3,3227263611,2024-07-12T17:43:57Z,2024-07-12T23:06:28Z,,18.398582,5.7489,membership,Payment by membership account and/or membership card,USCPIE1988061*1
ChargePoint Network,,,13651611,13651611,MLEC / STATION 1 (L) H,23045791,247,3213096261,2024-07-06T05:04:01Z,2024-07-06T05:19:34Z,,17.516399,71.511,membership,Payment by membership account and/or membership card,USCPIE13651611*1
ChargePoint Network,,,14355271,14355271,HARTSELLE 1 / STATION 1 (L),,,3260110981,2024-07-27T01:02:09Z,2024-07-27T01:04:10Z,,0.000000,,membership,Payment by membership account and/or membership card,USCPIE14355271*0
ChargePoint Network,,,5122191,5122191,CULLMANELECTRIC / STATION1-L,8482151,247,3261487451,2024-07-27T20:40:39Z,2024-07-27T21:19:55Z,,32.908699,54.682,membership,Payment by membership account and/or membership card,USCPIE5122191*1
ChargePoint Network,,,5350831,5350831,CULLMANELECTRIC / CEC MAIN OFFICE,8932491,3,3213533931,2024-07-06T16:07:49Z,2024-07-07T02:05:27Z,,57.330727,6.2183,membership,Payment by membership account and/or membership card,USCPIE5350831*1
ChargePoint Network,,,8851921,8851921,7SPC / SEVIERVILLE DC1,15571271,207,3210857821,2024-07-05T00:56:40Z,2024-07-05T01:01:11Z,,1.312200,52.667,membership,Payment by membership account and/or membership card,USCPIE8851921*1
ChargePoint Network,,,14337501,14337501,HOLSTONELECTRIC / CHURCH HILL-2,23845091,100011,3236113361,2024-07-16T22:00:22Z,2024-07-16T22:01:15Z,,0.000000,0.0,membership,Payment by membership account and/or membership card,USCPIE14337501*1
ChargePoint Network,,,15623211,15623211,CLW / 5TH ST 2 (R),25208281,247,3247091611,2024-07-21T19:44:42Z,2024-07-21T21:48:09Z,,70.322098,71.795,phone_online,"Payment through mobile app, website, automated phone number or messaging system",USCPIE15623211*1
ChargePoint Network,,,15694171,15694171,BRIGHTRIDGE EV / STATION 1 (L),25292041,247,3231063261,2024-07-14T19:28:57Z,2024-07-14T19:49:09Z,,37.092800,121.814,membership,Payment by membership account and/or membership card,USCPIE15694171*1
ChargePoint Network,,,13664471,13664471,BTES / STATION 3 (RM),23060511,247,3230728761,2024-07-14T15:48:58Z,2024-07-14T16:08:43Z,,26.340599,84.906,credit_card_terminal,Payment via credit card or debit card terminal,USCPIE13664471*1
ChargePoint Network,,,15885771,15885771,TWICKENHAM SQ / HU - STATION 4,25521581,247,3243796481,2024-07-19T22:39:04Z,2024-07-19T23:05:20Z,,29.766001,71.708,membership,Payment by membership account and/or membership card,USCPIE15885771*1
ChargePoint Network,,,15885771,15885771,TWICKENHAM SQ / HU - STATION 4,25521581,247,3215404571,2024-07-07T18:59:48Z,2024-07-07T19:51:59Z,,51.471500,63.895,membership,Payment by membership account and/or membership card,USCPIE15885771*1
ChargePoint Network,,,1933211,1933211,BRIGHTRIDGE EV / BR-JONESBOROUGH,2283641,3,3203188861,2024-07-01T15:53:06Z,2024-07-01T16:56:45Z,,6.341161,6.1188,credit_card_terminal,Payment via credit card or debit card terminal,USCPIE1933211*2
ChargePoint Network,,,12720861,12720861,WRECC / STATION 2,21977121,247,3227274321,2024-07-12T17:49:10Z,2024-07-12T18:23:42Z,,43.549099,84.906,membership,Payment by membership account and/or membership card,USCPIE12720861*1
ChargePoint Network,,,13651631,13651631,MLEC / STATION 2 (R) H,23045821,247,3203837721,2024-07-01T20:52:05Z,2024-07-01T21:15:03Z,,22.929399,75.438,membership,Payment by membership account and/or membership card,USCPIE13651631*1
ChargePoint Network,,,14355251,14355251,HARTSELLE 1 / STATION 2 (R),23865691,247,3217444501,2024-07-08T18:18:36Z,2024-07-08T18:46:43Z,,17.948999,51.33,membership,Payment by membership account and/or membership card,USCPIE14355251*1
ChargePoint Network,,,13423691,13423691,AEC / STATION #1 (L),22787121,247,3213976191,2024-07-06T20:47:05Z,2024-07-06T21:04:35Z,,26.578501,122.891,membership,Payment by membership account and/or membership card,USCPIE13423691*1
ChargePoint Network,,,14337221,14337221,HOLSTONELECTRIC / CHURCH HILL-1,23844801,247,3213962281,2024-07-06T20:37:48Z,2024-07-06T21:01:05Z,,27.101200,73.43,credit_card_terminal,Payment via credit card or debit card terminal,USCPIE14337221*1
ChargePoint Network,,,1964521,1964521,EBOFG / GUNTERSVILLE PD,8374211,3,3263509511,2024-07-28T23:59:27Z,2024-07-29T01:41:31Z,,5.958669,3.701,credit_card_terminal,Payment via credit card or debit card terminal,USCPIE1964521*2
ChargePoint Network,,,15640031,15640031,NECDC / STATION 1 (L),25228511,247,3238909161,2024-07-17T23:29:14Z,2024-07-18T00:12:08Z,,34.790699,60.759,membership,Payment by membership account and/or membership card,USCPIE15640031*1
ChargePoint Network,,,1988141,1988141,7SPC / SCES DREAM MORE,2355571,3,3224820731,2024-07-11T17:48:37Z,2024-07-11T23:55:21Z,,29.763744,6.9145,membership,Payment by membership account and/or membership card,USCPIE1988141*2
ChargePoint Network,,,13664471,13664471,BTES / STATION 3 (RM),23060511,247,3219764851,2024-07-09T17:31:25Z,2024-07-09T17:52:15Z,,27.978201,85.301,membership,Payment by membership account and/or membership card,USCPIE13664471*1
ChargePoint Network,,,15640171,15640171,NECDC / STATION 2 (R),25228711,247,3231880631,2024-07-15T03:44:25Z,2024-07-15T04:41:59Z,,44.930199,74.663,membership,Payment by membership account and/or membership card,USCPIE15640171*1
ChargePoint Network,,,13606061,13606061,I24 EXIT11 / STATION 4 (RR),22992511,247,3219845471,2024-07-09T18:10:45Z,2024-07-09T18:41:52Z,,23.937700,54.384,membership,Payment by membership account and/or membership card,USCPIE13606061*1
ChargePoint Network,,,15836871,15836871,TOMBIGBEE / TEPA CHARGER 1,,,3213499751,2024-07-06T15:42:25Z,2024-07-06T15:44:27Z,,0.000000,0.0,membership,Payment by membership account and/or membership card,USCPIE15836871*0
ChargePoint Network,,,15885771,15885771,TWICKENHAM SQ / HU - STATION 4,25521581,247,3245062161,2024-07-20T16:31:27Z,2024-07-20T16:54:21Z,,30.648300,83.921,membership,Payment by membership account and/or membership card,USCPIE15885771*1
ChargePoint Network,,,15694081,15694081,BRIGHTRIDGE EV / STATION 2 (R),25291921,100011,3227883601,2024-07-12T22:28:42Z,2024-07-12T23:27:04Z,,37.389702,52.06,membership,Payment by membership account and/or membership card,USCPIE15694081*1
ChargePoint Network,,,1988141,1988141,7SPC / SCES DREAM MORE,2355561,3,3214669951,2024-07-07T04:07:00Z,2024-07-07T12:28:28Z,,52.620819,7.0367,membership,Payment by membership account and/or membership card,USCPIE1988141*1
ChargePoint Network,,,15815141,15815141,GEA-1 / STATION 1 (L),25435121,247,3246895261,2024-07-21T17:43:41Z,2024-07-21T18:48:39Z,,49.706501,60.495,credit_card_terminal,Payment via credit card or debit card terminal,USCPIE15815141*1
ChargePoint Network,,,13606121,13606121,I24 EXIT11 / STATION 2 (LM),22992591,247,3250675641,2024-07-23T11:34:21Z,2024-07-23T11:42:40Z,,9.978800,0.0,credit_card_terminal,Payment via credit card or debit card terminal,USCPIE13606121*1
ChargePoint Network,,,1932851,1932851,BRIGHTRIDGE EV / BR-JC LIBRARY,23319821,3,3230628011,2024-07-14T14:15:18Z,2024-07-14T14:37:48Z,,2.598220,7.0629,credit_card_terminal,Payment via credit card or debit card terminal,USCPIE1932851*2
ChargePoint Network,,,8851921,8851921,7SPC / SEVIERVILLE DC1,15571271,207,3239044051,2024-07-18T00:30:33Z,2024-07-18T01:25:54Z,,50.762699,58.751,membership,Payment by membership account and/or membership card,USCPIE8851921*1
ChargePoint Network,,,12988591,12988591,BTES / BTES OFFICE,22285121,3,3267068401,2024-07-30T15:13:23Z,2024-07-30T15:22:57Z,,1.086581,7.2213,membership,Payment by membership account and/or membership card,USCPIE12988591*1
ChargePoint Network,,,15885151,15885151,TWICKENHAM SQ / HU - STATION 2,25520801,247,3235543191,2024-07-16T17:55:43Z,2024-07-16T19:00:08Z,,84.028099,96.519,credit_card_terminal,Payment via credit card or debit card terminal,USCPIE15885151*1
ChargePoint Network,,,14097801,14097801,SCOTTSBORO EPB / SEPB DCFC (L),23570921,247,3217722781,2024-07-08T20:25:49Z,2024-07-08T20:46:11Z,,21.921400,69.143,membership,Payment by membership account and/or membership card,USCPIE14097801*1
ChargePoint Network,,,15836871,15836871,TOMBIGBEE / TEPA CHARGER 1,25462501,247,3207838471,2024-07-03T14:51:58Z,2024-07-03T15:31:10Z,,41.713200,75.438,membership,Payment by membership account and/or membership card,USCPIE15836871*1
ChargePoint Network,,,12406491,12406491,FPIA / LEFT STATION,21527781,247,3225018041,2024-07-11T19:19:32Z,2024-07-11T19:20:09Z,,0.000000,0.0,membership,Payment by membership account and/or membership card,USCPIE12406491*1
ChargePoint Network,,,8851921,8851921,7SPC / SEVIERVILLE DC1,15571271,207,3254847041,2024-07-24T23:07:05Z,2024-07-24T23:40:02Z,,26.877800,53.872,membership,Payment by membership account and/or membership card,USCPIE8851921*1
ChargePoint Network,,,15332321,15332321,TUA NW ATLANTIC / STATION 1 (L),24867861,247,3246523211,2024-07-21T12:11:22Z,2024-07-21T12:12:40Z,,0.000000,0.0,membership,Payment by membership account and/or membership card,USCPIE15332321*1
ChargePoint Network,,,14097801,14097801,SCOTTSBORO EPB / SEPB DCFC (L),23570921,247,3245988351,2024-07-21T01:29:39Z,2024-07-21T01:55:53Z,,21.853701,52.298,membership,Payment by membership account and/or membership card,USCPIE14097801*1
ChargePoint Network,,,14083151,14083151,STEMC / STATION 2 (R) H,23554701,247,3243075911,2024-07-19T17:13:21Z,2024-07-19T17:16:47Z,,0.000000,0.0,credit_card_terminal,Payment via credit card or debit card terminal,USCPIE14083151*1
ChargePoint Network,,,15885771,15885771,TWICKENHAM SQ / HU - STATION 4,25521581,247,3261187501,2024-07-27T17:44:39Z,2024-07-27T19:48:17Z,,92.291298,76.8,membership,Payment by membership account and/or membership card,USCPIE15885771*1
ChargePoint Network,,,15640031,15640031,NECDC / STATION 1 (L),25228511,247,3229929421,2024-07-14T00:30:54Z,2024-07-14T00:36:52Z,,10.740400,0.0,membership,Payment by membership account and/or membership card,USCPIE15640031*1
ChargePoint Network,,,15332351,15332351,TUA NW ATLANTIC / STATION 2 (R),24867891,247,3257031231,2024-07-25T20:17:23Z,2024-07-25T20:33:49Z,,29.019501,115.667,membership,Payment by membership account and/or membership card,USCPIE15332351*1
ChargePoint Network,,,1988141,1988141,7SPC / SCES DREAM MORE,2355571,3,3215837861,2024-07-07T23:13:41Z,2024-07-08T11:09:33Z,,52.058537,7.0118,membership,Payment by membership account and/or membership card,USCPIE1988141*2
ChargePoint Network,,,15836981,15836981,TOMBIGBEE / TEPA CHARGER 2,25462651,247,3231692961,2024-07-15T01:34:17Z,2024-07-15T01:59:17Z,,20.801600,74.663,membership,Payment by membership account and/or membership card,USCPIE15836981*1
ChargePoint Network,,,5619801,5619801,7SPC / WARREN RECC BG,25687251,3,3263297241,2024-07-28T22:00:02Z,2024-07-28T22:30:48Z,,0.620643,,credit_card_terminal,Payment via credit card or debit card terminal,USCPIE5619801*1
ChargePoint Network,,,13861861,13861861,BRMEMC / STATION 1,23296281,247,3220288431,2024-07-09T21:25:24Z,2024-07-09T22:18:44Z,,52.033298,75.459,membership,Payment by membership account and/or membership card,USCPIE13861861*1
ChargePoint Network,,,12720861,12720861,WRECC / STATION 2,21977121,247,3205248351,2024-07-02T14:02:39Z,2024-07-02T14:23:58Z,,19.086800,73.232,membership,Payment by membership account and/or membership card,USCPIE12720861*1
ChargePoint Network,,,13664501,13664501,BTES / STATION 4 (RR),23060561,247,3265414151,2024-07-29T20:54:26Z,2024-07-29T21:13:26Z,,35.673801,114.235,membership,Payment by membership account and/or membership card,USCPIE13664501*1
ChargePoint Network,,,15885251,15885251,TWICKENHAM SQ / HU - STATION 1,25520941,247,3228173171,2024-07-13T00:58:07Z,2024-07-13T01:14:00Z,,17.611900,72.468,other,Any other payment method not specified above. Additional description should be provided in Payment Method Description.,USCPIE15885251*1
ChargePoint Network,,,5354011,5354011,7SPC / GREENEVILLE TA,8936791,207,3233277891,2024-07-15T19:44:47Z,2024-07-15T19:59:23Z,,12.202800,0.0,membership,Payment by membership account and/or membership card,USCPIE5354011*1
ChargePoint Network,,,13606061,13606061,I24 EXIT11 / STATION 4 (RR),22992511,247,3209647981,2024-07-04T04:07:31Z,2024-07-04T04:59:21Z,,26.986900,57.439,membership,Payment by membership account and/or membership card,USCPIE13606061*1
ChargePoint Network,,,5346231,5346231,CULLMANELECTRIC / STATION2-R,8926271,247,3213435311,2024-07-06T14:53:40Z,2024-07-06T14:54:22Z,,0.005300,0.0,membership,Payment by membership account and/or membership card,USCPIE5346231*1
ChargePoint Network,,,13606061,13606061,I24 EXIT11 / STATION 4 (RR),22992511,247,3218010491,2024-07-08T22:36:39Z,2024-07-08T23:15:21Z,,34.186100,74.226,membership,Payment by membership account and/or membership card,USCPIE13606061*1
ChargePoint Network,,,15332321,15332321,TUA NW ATLANTIC / STATION 1 (L),24867861,247,3247273881,2024-07-21T21:30:25Z,2024-07-21T21:53:25Z,,22.656000,61.256,membership,Payment by membership account and/or membership card,USCPIE15332321*1
ChargePoint Network,,,15885251,15885251,TWICKENHAM SQ / HU - STATION 1,25520941,247,3205026671,2024-07-02T12:03:10Z,2024-07-02T12:06:11Z,,0.000000,0.0,membership,Payment by membership account and/or membership card,USCPIE15885251*1
ChargePoint Network,,,15885771,15885771,TWICKENHAM SQ / HU - STATION 4,25521581,100011,3229300911,2024-07-13T18:15:51Z,2024-07-13T18:46:23Z,,13.624000,40.175,membership,Payment by membership account and/or membership card,USCPIE15885771*1
ChargePoint Network,,,15885771,15885771,TWICKENHAM SQ / HU - STATION 4,25521581,247,3245507801,2024-07-20T20:53:15Z,2024-07-20T21:13:53Z,,24.194201,73.891,membership,Payment by membership account and/or membership card,USCPIE15885771*1
ChargePoint Network,,,14047321,14047321,JEFFERSON AVE. / OXFORD STA2(R),23514081,247,3224152991,2024-07-11T13:28:00Z,2024-07-11T14:08:49Z,,53.073101,81.557,membership,Payment by membership account and/or membership card,USCPIE14047321*1
ChargePoint Network,,,12406491,12406491,FPIA / LEFT STATION,21527781,247,3265739921,2024-07-29T23:20:05Z,2024-07-29T23:43:59Z,,41.997898,116.578,membership,Payment by membership account and/or membership card,USCPIE12406491*1
ChargePoint Network,,,14097801,14097801,SCOTTSBORO EPB / SEPB DCFC (L),23570921,247,3244952691,2024-07-20T15:18:32Z,2024-07-20T15:19:50Z,,0.000000,0.0,credit_card_terminal,Payment via credit card or debit card terminal,USCPIE14097801*1
ChargePoint Network,,,12720861,12720861,WRECC / STATION 2,21977121,247,3205243621,2024-07-02T14:00:54Z,2024-07-02T14:01:51Z,,0.000000,0.0,membership,Payment by membership account and/or membership card,USCPIE12720861*1
ChargePoint Network,,,14047321,14047321,JEFFERSON AVE. / OXFORD STA2(R),23514081,247,3214029341,2024-07-06T21:18:27Z,2024-07-06T22:18:21Z,,60.203201,71.344,membership,Payment by membership account and/or membership card,USCPIE14047321*1
ChargePoint Network,,,13664401,13664401,BTES / STATION 1 (LL),23060421,247,3226789531,2024-07-12T14:23:19Z,2024-07-12T15:00:30Z,,30.752800,61.138,membership,Payment by membership account and/or membership card,USCPIE13664401*1
ChargePoint Network,,,13606091,13606091,I24 EXIT11 / STATION 3 (RM),22992551,247,3240601571,2024-07-18T17:16:08Z,2024-07-18T17:20:11Z,,0.000000,0.0,membership,Payment by membership account and/or membership card,USCPIE13606091*1
ChargePoint Network,,,13803581,13803581,FPU / STATION 1 (L),23227201,247,3219234391,2024-07-09T14:13:43Z,2024-07-09T15:03:59Z,,32.143700,61.445,membership,Payment by membership account and/or membership card,USCPIE13803581*1
ChargePoint Network,,,5565191,5565191,7SPC / DOLLYWOOD EMPL,9205041,3,3256661271,2024-07-25T17:38:19Z,2024-07-25T20:19:18Z,,9.148001,3.5337,membership,Payment by membership account and/or membership card,USCPIE5565191*2
ChargePoint Network,,,13643831,13643831,PEPA / STATION 1,23036511,247,3251461831,2024-07-23T17:06:34Z,2024-07-23T17:37:16Z,,48.687801,123.045,membership,Payment by membership account and/or membership card,USCPIE13643831*1
ChargePoint Network,,,5346231,5346231,CULLMANELECTRIC / STATION2-R,8926271,247,3235714291,2024-07-16T19:16:05Z,2024-07-16T19:34:25Z,,17.009899,72.599,membership,Payment by membership account and/or membership card,USCPIE5346231*1
ChargePoint Network,,,13026471,13026471,WCMES / CITYHALL2-R,22328331,247,3245108661,2024-07-20T17:00:12Z,2024-07-20T17:54:12Z,,9.008100,49.228,membership,Payment by membership account and/or membership card,USCPIE13026471*1
ChargePoint Network,,,15885151,15885151,TWICKENHAM SQ / HU - STATION 2,25520801,247,3227966961,2024-07-12T23:10:10Z,2024-07-12T23:19:30Z,,10.977100,78.204,membership,Payment by membership account and/or membership card,USCPIE15885151*1
ChargePoint Network,,,5625391,5625391,7SPC / VEC JAMESTOWN,9280971,3,3224669861,2024-07-11T16:42:31Z,2024-07-11T17:24:39Z,,5.062280,7.2919,membership,Payment by membership account and/or membership card,USCPIE5625391*2
ChargePoint Network,,,13290491,13290491,7SPC / NASA USSRC L,25742671,3,3242827731,2024-07-19T15:36:44Z,2024-07-19T15:37:26Z,,0.000000,,credit_card_terminal,Payment via credit card or debit card terminal,USCPIE13290491*1provider_id,station_id,site_id,charger_id,evse_id,evse_name,port_id,connector_id,session_id,session_start,session_end,session_error,energy_kwh,peak_power_kw,payment_method,payment_other,eMI3 Port id
ChargePoint Network,,,1785631,1785631,HOLSTONELECTRIC / STATION 1,22462981,3,3229632831,2024-07-13T21:34:19Z,2024-07-13T22:10:47Z,,4.436585,7.5289,credit_card_terminal,Payment via credit card or debit card terminal,USCPIE1785631*1
ChargePoint Network,,,1932851,1932851,BRIGHTRIDGE EV / BR-JC LIBRARY,23319821,3,3219544181,2024-07-09T16:02:26Z,2024-07-09T17:21:31Z,,9.659541,7.4645,membership,Payment by membership account and/or membership card,USCPIE1932851*2
ChargePoint Network,,,8851921,8851921,7SPC / SEVIERVILLE DC1,15571271,207,3245574551,2024-07-20T21:32:10Z,2024-07-20T21:33:22Z,,0.000000,0.0,membership,Payment by membership account and/or membership card,USCPIE8851921*1
ChargePoint Network,,,14359531,14359531,EBOFG / STATION 2 (R),23870331,247,3245961161,2024-07-21T01:13:14Z,2024-07-21T02:13:47Z,,48.186298,74.0,membership,Payment by membership account and/or membership card,USCPIE14359531*1
ChargePoint Network,,,14337221,14337221,HOLSTONELECTRIC / CHURCH HILL-1,23844801,100011,3238693411,2024-07-17T21:57:00Z,2024-07-17T23:38:14Z,,42.107899,38.738,membership,Payment by membership account and/or membership card,USCPIE14337221*1
ChargePoint Network,,,15885151,15885151,TWICKENHAM SQ / HU - STATION 2,25520801,247,3228243591,2024-07-13T01:29:34Z,2024-07-13T02:36:30Z,,37.715401,71.54,membership,Payment by membership account and/or membership card,USCPIE15885151*1
ChargePoint Network,,,15623231,15623231,CLW / 5TH ST 1 (L),,,3261592251,2024-07-27T21:41:00Z,2024-07-27T21:42:15Z,,0.000000,,membership,Payment by membership account and/or membership card,USCPIE15623231*0
ChargePoint Network,,,12720861,12720861,WRECC / STATION 2,21977121,247,3265650961,2024-07-29T22:39:47Z,2024-07-29T22:40:33Z,,0.000000,0.0,membership,Payment by membership account and/or membership card,USCPIE12720861*1
ChargePoint Network,,,15623231,15623231,CLW / 5TH ST 1 (L),25208301,247,3204429311,2024-07-02T01:33:27Z,2024-07-02T01:37:19Z,,0.000000,0.0,credit_card_terminal,Payment via credit card or debit card terminal,USCPIE15623231*1
ChargePoint Network,,,14047321,14047321,JEFFERSON AVE. / OXFORD STA2(R),23514081,247,3265144601,2024-07-29T18:56:24Z,2024-07-29T19:33:11Z,,41.013100,75.056,credit_card_terminal,Payment via credit card or debit card terminal,USCPIE14047321*1
ChargePoint Network,,,15885251,15885251,TWICKENHAM SQ / HU - STATION 1,25520941,247,3209183471,2024-07-04T00:10:46Z,2024-07-04T12:52:51Z,,17.108801,122.583,membership,Payment by membership account and/or membership card,USCPIE15885251*1
ChargePoint Network,,,13861861,13861861,BRMEMC / STATION 1,23296281,247,3233574221,2024-07-15T21:54:13Z,2024-07-15T22:05:02Z,,7.737100,74.087,membership,Payment by membership account and/or membership card,USCPIE13861861*1
ChargePoint Network,,,5466441,5466441,7SPC / NASA USSRC R,9079361,3,3211969231,2024-07-05T18:04:15Z,2024-07-05T19:28:29Z,,4.515247,3.2974,membership,Payment by membership account and/or membership card,USCPIE5466441*1
ChargePoint Network,,,5354011,5354011,7SPC / GREENEVILLE TA,8936791,207,3262327401,2024-07-28T05:29:37Z,2024-07-28T05:31:32Z,,0.956700,0.0,membership,Payment by membership account and/or membership card,USCPIE5354011*1
ChargePoint Network,,,7505851,7505851,JEFFERSON AVE. / OXFORD STA1(L),12955471,247,3236454151,2024-07-17T00:22:36Z,2024-07-17T01:19:43Z,,34.650398,54.02,membership,Payment by membership account and/or membership card,USCPIE7505851*1
ChargePoint Network,,,15742641,15742641,GEA-1 / STATION 2 (R),25349301,247,3241109191,2024-07-18T21:01:08Z,2024-07-18T21:43:14Z,,38.956299,56.672,membership,Payment by membership account and/or membership card,USCPIE15742641*1
ChargePoint Network,,,13966051,13966051,BEA / STATION 3 (RM),23419981,247,3222719831,2024-07-10T20:58:53Z,2024-07-10T21:16:15Z,,19.436001,72.519,membership,Payment by membership account and/or membership card,USCPIE13966051*1
ChargePoint Network,,,12406401,12406401,FPIA / RIGHT STATION,21527671,247,3256688131,2024-07-25T17:51:00Z,2024-07-25T18:09:04Z,,15.559400,53.491,membership,Payment by membership account and/or membership card,USCPIE12406401*1
ChargePoint Network,,,13290491,13290491,7SPC / NASA USSRC L,25742681,3,3263068931,2024-07-28T19:47:36Z,2024-07-28T21:56:30Z,,6.816777,3.2453,membership,Payment by membership account and/or membership card,USCPIE13290491*2
ChargePoint Network,,,13026471,13026471,WCMES / CITYHALL2-R,22328331,247,3224847041,2024-07-11T18:00:45Z,2024-07-11T19:04:00Z,,19.985399,70.167,credit_card_terminal,Payment via credit card or debit card terminal,USCPIE13026471*1
ChargePoint Network,,,13606061,13606061,I24 EXIT11 / STATION 4 (RR),22992511,247,3245336711,2024-07-20T19:15:36Z,2024-07-20T19:17:07Z,,0.000000,0.0,membership,Payment by membership account and/or membership card,USCPIE13606061*1
ChargePoint Network,,,15885771,15885771,TWICKENHAM SQ / HU - STATION 4,25521581,247,3257307111,2024-07-25T22:14:00Z,2024-07-25T22:43:54Z,,25.849600,53.341,membership,Payment by membership account and/or membership card,USCPIE15885771*1
ChargePoint Network,,,14047321,14047321,JEFFERSON AVE. / OXFORD STA2(R),23514081,247,3248983911,2024-07-22T17:03:04Z,2024-07-22T17:03:31Z,,0.039800,0.0,membership,Payment by membership account and/or membership card,USCPIE14047321*1
ChargePoint Network,,,9677521,9677521,UT PARKING / S7 STATION 1,17169331,3,3242890311,2024-07-19T15:59:51Z,2024-07-19T16:31:18Z,,3.657150,7.1307,membership,Payment by membership account and/or membership card,USCPIE9677521*1
ChargePoint Network,,,15260251,15260251,STEMC / STATION 2 (R) A,24784081,247,3213308551,2024-07-06T12:41:16Z,2024-07-06T12:47:18Z,,0.000000,0.0,membership,Payment by membership account and/or membership card,USCPIE15260251*1
ChargePoint Network,,,13026471,13026471,WCMES / CITYHALL2-R,,,3249280401,2024-07-22T19:23:07Z,2024-07-22T19:25:09Z,,0.000000,0.0,membership,Payment by membership account and/or membership card,USCPIE13026471*0
ChargePoint Network,,,1964521,1964521,EBOFG / GUNTERSVILLE PD,8374201,3,3227452711,2024-07-12T19:14:09Z,2024-07-12T20:54:29Z,,11.638252,7.322,membership,Payment by membership account and/or membership card,USCPIE1964521*1
ChargePoint Network,,,12406491,12406491,FPIA / LEFT STATION,21527781,247,3258829451,2024-07-26T15:26:45Z,2024-07-26T15:46:05Z,,36.396400,123.845,membership,Payment by membership account and/or membership card,USCPIE12406491*1
ChargePoint Network,,,1988061,1988061,7SPC / SCES DOLLYWOOD,25499831,3,3248867751,2024-07-22T16:17:17Z,2024-07-22T16:31:22Z,,1.629148,7.2007,membership,Payment by membership account and/or membership card,USCPIE1988061*1
ChargePoint Network,,,5619801,5619801,7SPC / WARREN RECC BG,25687261,3,3246761491,2024-07-21T16:17:18Z,2024-07-21T16:21:20Z,,0.372829,6.2623,membership,Payment by membership account and/or membership card,USCPIE5619801*2
ChargePoint Network,,,5445161,5445161,7SPC / UC - LIVINGSTON,9052351,3,3263428741,2024-07-28T23:12:08Z,2024-07-29T00:51:17Z,,11.454937,7.1245,membership,Payment by membership account and/or membership card,USCPIE5445161*2
ChargePoint Network,,,13026471,13026471,WCMES / CITYHALL2-R,22328331,247,3215606771,2024-07-07T21:01:55Z,2024-07-07T21:29:11Z,,19.425501,46.284,other,Any other payment method not specified above. Additional description should be provided in Payment Method Description.,USCPIE13026471*1
ChargePoint Network,,,13423691,13423691,AEC / STATION #1 (L),22787121,247,3209176391,2024-07-04T00:07:10Z,2024-07-04T00:24:37Z,,32.136200,116.279,membership,Payment by membership account and/or membership card,USCPIE13423691*1
ChargePoint Network,,,15280471,15280471,SPRFLD ELECTRIC / STATION 1 (L),,,3242493411,2024-07-19T12:58:37Z,2024-07-19T13:00:38Z,,0.000000,,membership,Payment by membership account and/or membership card,USCPIE15280471*0
ChargePoint Network,,,12754021,12754021,WCMES / CITYHALL1-L,,,3211665611,2024-07-05T15:17:45Z,2024-07-05T15:20:10Z,,0.000000,,credit_card_terminal,Payment via credit card or debit card terminal,USCPIE12754021*0
ChargePoint Network,,,15885151,15885151,TWICKENHAM SQ / HU - STATION 2,25520801,247,3219347311,2024-07-09T14:57:54Z,2024-07-09T17:30:04Z,,38.278702,46.631,membership,Payment by membership account and/or membership card,USCPIE15885151*1
ChargePoint Network,,,15836871,15836871,TOMBIGBEE / TEPA CHARGER 1,25462501,247,3209083731,2024-07-03T23:22:37Z,2024-07-03T23:58:35Z,,61.168598,117.311,membership,Payment by membership account and/or membership card,USCPIE15836871*1
ChargePoint Network,,,13861891,13861891,BRMEMC / STATION 2,23296321,247,3209134631,2024-07-03T23:47:34Z,2024-07-03T23:56:26Z,,11.152400,0.0,membership,Payment by membership account and/or membership card,USCPIE13861891*1
ChargePoint Network,,,15623231,15623231,CLW / 5TH ST 1 (L),25208301,247,3263300931,2024-07-28T22:02:12Z,2024-07-28T22:49:06Z,,42.162701,68.055,credit_card_terminal,Payment via credit card or debit card terminal,USCPIE15623231*1
ChargePoint Network,,,13861891,13861891,BRMEMC / STATION 2,23296321,247,3230094781,2024-07-14T02:09:29Z,2024-07-14T02:38:38Z,,34.451099,73.319,membership,Payment by membership account and/or membership card,USCPIE13861891*1
ChargePoint Network,,,1988141,1988141,7SPC / SCES DREAM MORE,2355561,3,3217673061,2024-07-08T20:03:48Z,2024-07-08T22:32:56Z,,17.011383,6.9467,credit_card_terminal,Payment via credit card or debit card terminal,USCPIE1988141*1
ChargePoint Network,,,14025691,14025691,PARIS BPU / STATION 1(L),23489541,247,3259100951,2024-07-26T17:10:30Z,2024-07-26T17:55:33Z,,52.167801,77.42,membership,Payment by membership account and/or membership card,USCPIE14025691*1
ChargePoint Network,,,15623231,15623231,CLW / 5TH ST 1 (L),25208301,247,3239821441,2024-07-18T11:50:12Z,2024-07-18T12:31:09Z,,43.264099,74.879,membership,Payment by membership account and/or membership card,USCPIE15623231*1
ChargePoint Network,,,13606121,13606121,I24 EXIT11 / STATION 2 (LM),22992591,247,3241021851,2024-07-18T20:24:19Z,2024-07-18T20:54:11Z,,49.649700,119.041,membership,Payment by membership account and/or membership card,USCPIE13606121*1
ChargePoint Network,,,12460751,12460751,PES / LEFT STATION,22360171,215,3254524431,2024-07-24T20:51:08Z,2024-07-25T13:39:17Z,,32.713902,7.7907,membership,Payment by membership account and/or membership card,USCPIE12460751*1
ChargePoint Network,,,5122191,5122191,CULLMANELECTRIC / STATION1-L,8482151,247,3213437131,2024-07-06T14:55:05Z,2024-07-06T15:19:29Z,,26.475201,87.713,membership,Payment by membership account and/or membership card,USCPIE5122191*1
ChargePoint Network,,,9677521,9677521,UT PARKING / S7 STATION 1,17169331,3,3267187411,2024-07-30T15:52:39Z,2024-07-30T19:57:04Z,,26.101471,7.1785,membership,Payment by membership account and/or membership card,USCPIE9677521*1
ChargePoint Network,,,7505851,7505851,JEFFERSON AVE. / OXFORD STA1(L),12955471,247,3224839551,2024-07-11T17:57:24Z,2024-07-11T17:59:06Z,,0.000000,0.0,membership,Payment by membership account and/or membership card,USCPIE7505851*1
ChargePoint Network,,,5346231,5346231,CULLMANELECTRIC / STATION2-R,8926271,247,3219821241,2024-07-09T17:58:21Z,2024-07-09T18:20:10Z,,21.027399,61.592,membership,Payment by membership account and/or membership card,USCPIE5346231*1
ChargePoint Network,,,15885151,15885151,TWICKENHAM SQ / HU - STATION 2,25520801,247,3261048271,2024-07-27T16:17:33Z,2024-07-27T16:18:24Z,,0.000000,0.0,credit_card_terminal,Payment via credit card or debit card terminal,USCPIE15885151*1
ChargePoint Network,,,8851921,8851921,7SPC / SEVIERVILLE DC1,15571271,100011,3208545221,2024-07-03T19:31:51Z,2024-07-03T20:18:26Z,,3.727000,21.559,membership,Payment by membership account and/or membership card,USCPIE8851921*1
ChargePoint Network,,,13606061,13606061,I24 EXIT11 / STATION 4 (RR),22992511,247,3220821991,2024-07-10T01:17:42Z,2024-07-10T01:40:02Z,,26.119900,71.904,membership,Payment by membership account and/or membership card,USCPIE13606061*1
ChargePoint Network,,,15885151,15885151,TWICKENHAM SQ / HU - STATION 2,25520801,247,3256726841,2024-07-25T18:08:01Z,2024-07-25T19:03:53Z,,51.826698,74.676,membership,Payment by membership account and/or membership card,USCPIE15885151*1
ChargePoint Network,,,9677521,9677521,UT PARKING / S7 STATION 1,17169331,3,3230756831,2024-07-14T16:09:38Z,2024-07-14T16:17:16Z,,0.000000,0.0,membership,Payment by membership account and/or membership card,USCPIE9677521*1
ChargePoint Network,,,12448521,12448521,7SPC / WARREN RECC LF,21576921,3,3243527391,2024-07-19T20:36:48Z,2024-07-19T20:46:53Z,,0.995292,6.1252,membership,Payment by membership account and/or membership card,USCPIE12448521*2
ChargePoint Network,,,14337221,14337221,HOLSTONELECTRIC / CHURCH HILL-1,23844801,247,3205968921,2024-07-02T19:03:07Z,2024-07-02T19:53:43Z,,58.916599,74.4,membership,Payment by membership account and/or membership card,USCPIE14337221*1
ChargePoint Network,,,8851921,8851921,7SPC / SEVIERVILLE DC1,15571271,207,3240746211,2024-07-18T18:24:58Z,2024-07-18T19:57:32Z,,46.268799,50.464,membership,Payment by membership account and/or membership card,USCPIE8851921*1
ChargePoint Network,,,12406491,12406491,FPIA / LEFT STATION,21527781,247,3221765851,2024-07-10T14:27:48Z,2024-07-10T14:46:12Z,,1.433900,71.042,membership,Payment by membership account and/or membership card,USCPIE12406491*1
ChargePoint Network,,,5619801,5619801,7SPC / WARREN RECC BG,25687261,3,3246016081,2024-07-21T01:47:52Z,2024-07-21T01:57:56Z,,0.999335,6.2517,membership,Payment by membership account and/or membership card,USCPIE5619801*2
ChargePoint Network,,,13606091,13606091,I24 EXIT11 / STATION 3 (RM),22992551,247,3206386691,2024-07-02T22:01:28Z,2024-07-02T22:04:38Z,,3.128700,0.0,membership,Payment by membership account and/or membership card,USCPIE13606091*1
ChargePoint Network,,,14359531,14359531,EBOFG / STATION 2 (R),23870331,247,3245432871,2024-07-20T20:10:50Z,2024-07-20T21:25:04Z,,78.435097,77.013,membership,Payment by membership account and/or membership card,USCPIE14359531*1
ChargePoint Network,,,8851921,8851921,7SPC / SEVIERVILLE DC1,15571271,207,3243114641,2024-07-19T17:31:09Z,2024-07-19T17:51:25Z,,17.245199,53.243,membership,Payment by membership account and/or membership card,USCPIE8851921*1
ChargePoint Network,,,13880891,13880891,MU / MUC MAIN OFFICE,23319011,3,3206760071,2024-07-03T00:50:24Z,2024-07-03T00:58:56Z,,0.967182,7.2231,membership,Payment by membership account and/or membership card,USCPIE13880891*1
ChargePoint Network,,,13966851,13966851,BEA / STATION 1 (LL),23420911,247,3210642231,2024-07-04T21:54:46Z,2024-07-04T22:08:07Z,,14.786900,70.227,other,Any other payment method not specified above. Additional description should be provided in Payment Method Description.,USCPIE13966851*1
ChargePoint Network,,,12406401,12406401,FPIA / RIGHT STATION,21527671,247,3212373721,2024-07-05T21:43:19Z,2024-07-05T22:23:01Z,,38.861000,61.034,membership,Payment by membership account and/or membership card,USCPIE12406401*1
ChargePoint Network,,,15548151,15548151,DECATURDOWNTWN / STATION 1 (R),25119511,247,3267944561,2024-07-30T21:12:05Z,2024-07-30T22:20:00Z,,60.737598,73.283,membership,Payment by membership account and/or membership card,USCPIE15548151*1
ChargePoint Network,,,12720881,12720881,WRECC / STATION 1,21977141,247,3262813371,2024-07-28T17:10:42Z,2024-07-28T18:51:21Z,,64.553902,51.404,membership,Payment by membership account and/or membership card,USCPIE12720881*1
ChargePoint Network,,,5525971,5525971,7SPC / SPARTA TN,9154681,3,3243135061,2024-07-19T17:40:29Z,2024-07-19T18:13:49Z,,3.749412,6.8929,membership,Payment by membership account and/or membership card,USCPIE5525971*1
ChargePoint Network,,,15332351,15332351,TUA NW ATLANTIC / STATION 2 (R),24867891,247,3261095351,2024-07-27T16:48:15Z,2024-07-27T16:49:48Z,,0.000000,0.0,membership,Payment by membership account and/or membership card,USCPIE15332351*1
ChargePoint Network,,,15885771,15885771,TWICKENHAM SQ / HU - STATION 4,,,3241047471,2024-07-18T20:33:18Z,2024-07-18T20:35:18Z,,0.000000,,membership,Payment by membership account and/or membership card,USCPIE15885771*0
ChargePoint Network,,,15836981,15836981,TOMBIGBEE / TEPA CHARGER 2,25462651,247,3254951931,2024-07-24T23:55:33Z,2024-07-24T23:55:49Z,,0.000000,0.0,membership,Payment by membership account and/or membership card,USCPIE15836981*1
ChargePoint Network,,,13861861,13861861,BRMEMC / STATION 1,23296281,247,3245471291,2024-07-20T20:32:50Z,2024-07-20T20:52:49Z,,20.419399,75.466,membership,Payment by membership account and/or membership card,USCPIE13861861*1
ChargePoint Network,,,16022131,16022131,ACEPA / ACE STATION 1,25683791,247,3231698671,2024-07-15T01:38:03Z,2024-07-15T01:39:18Z,,0.080000,0.0,credit_card_terminal,Payment via credit card or debit card terminal,USCPIE16022131*1
ChargePoint Network,,,12406491,12406491,FPIA / LEFT STATION,21527781,247,3211813651,2024-07-05T16:38:00Z,2024-07-05T18:12:45Z,,73.709297,86.876,membership,Payment by membership account and/or membership card,USCPIE12406491*1
ChargePoint Network,,,14337221,14337221,HOLSTONELECTRIC / CHURCH HILL-1,23844801,247,3210763481,2024-07-04T23:35:33Z,2024-07-04T23:35:57Z,,0.000000,0.0,membership,Payment by membership account and/or membership card,USCPIE14337221*1
ChargePoint Network,,,7173851,7173851,SCOTTSBORO EPB / MAIN OFFICE,12310861,3,3240796181,2024-07-18T18:49:05Z,2024-07-18T22:31:56Z,,26.232534,7.1617,membership,Payment by membership account and/or membership card,USCPIE7173851*1
ChargePoint Network,,,9745721,9745721,CRMC / CRMC-1 - L2LEFT,17301481,3,3217949331,2024-07-08T22:08:51Z,2024-07-08T22:33:54Z,,2.953713,7.1844,credit_card_terminal,Payment via credit card or debit card terminal,USCPIE9745721*2
ChargePoint Network,,,12720881,12720881,WRECC / STATION 1,,,3229051041,2024-07-13T15:40:56Z,2024-07-13T15:41:41Z,,0.000000,,membership,Payment by membership account and/or membership card,USCPIE12720881*0
ChargePoint Network,,,13664401,13664401,BTES / STATION 1 (LL),23060421,247,3261846781,2024-07-28T00:09:56Z,2024-07-28T00:11:24Z,,0.000000,0.0,membership,Payment by membership account and/or membership card,USCPIE13664401*1
ChargePoint Network,,,15836981,15836981,TOMBIGBEE / TEPA CHARGER 2,25462651,247,3261407291,2024-07-27T19:53:33Z,2024-07-27T21:01:49Z,,60.971500,70.685,credit_card_terminal,Payment via credit card or debit card terminal,USCPIE15836981*1
ChargePoint Network,,,15885151,15885151,TWICKENHAM SQ / HU - STATION 2,25520801,247,3259707991,2024-07-26T21:46:07Z,2024-07-26T22:54:34Z,,35.578499,54.316,credit_card_terminal,Payment via credit card or debit card terminal,USCPIE15885151*1
ChargePoint Network,,,12720861,12720861,WRECC / STATION 2,21977121,247,3229053151,2024-07-13T15:42:32Z,2024-07-13T15:53:58Z,,13.691600,81.606,membership,Payment by membership account and/or membership card,USCPIE12720861*1
ChargePoint Network,,,5384781,5384781,7SPC / TRI-COUNTY EMC,9273701,3,3213406711,2024-07-06T14:27:55Z,2024-07-06T16:28:05Z,,14.536590,7.2974,membership,Payment by membership account and/or membership card,USCPIE5384781*2
ChargePoint Network,,,15694171,15694171,BRIGHTRIDGE EV / STATION 1 (L),25292041,247,3216753341,2024-07-08T13:21:35Z,2024-07-08T13:22:40Z,,0.000000,0.0,membership,Payment by membership account and/or membership card,USCPIE15694171*1
ChargePoint Network,,,12720861,12720861,WRECC / STATION 2,21977121,247,3203650271,2024-07-01T19:25:32Z,2024-07-01T19:32:44Z,,12.582500,114.66,membership,Payment by membership account and/or membership card,USCPIE12720861*1
ChargePoint Network,,,15815141,15815141,GEA-1 / STATION 1 (L),25435121,247,3229055431,2024-07-13T15:44:23Z,2024-07-13T16:33:58Z,,19.285200,59.279,membership,Payment by membership account and/or membership card,USCPIE15815141*1
ChargePoint Network,,,15694081,15694081,BRIGHTRIDGE EV / STATION 2 (R),25291921,247,3213963621,2024-07-06T20:38:43Z,2024-07-06T21:08:04Z,,27.851400,71.874,membership,Payment by membership account and/or membership card,USCPIE15694081*1
ChargePoint Network,,,5346231,5346231,CULLMANELECTRIC / STATION2-R,8926271,247,3235095491,2024-07-16T15:06:37Z,2024-07-16T15:49:01Z,,39.252300,60.04,membership,Payment by membership account and/or membership card,USCPIE5346231*1
ChargePoint Network,,,5354011,5354011,7SPC / GREENEVILLE TA,8936791,207,3224928001,2024-07-11T18:39:48Z,2024-07-11T19:26:13Z,,21.400900,28.721,membership,Payment by membership account and/or membership card,USCPIE5354011*1
ChargePoint Network,,,13966051,13966051,BEA / STATION 3 (RM),23419981,247,3244774671,2024-07-20T12:36:39Z,2024-07-20T12:38:01Z,,0.000300,0.0,credit_card_terminal,Payment via credit card or debit card terminal,USCPIE13966051*1
ChargePoint Network,,,14337501,14337501,HOLSTONELECTRIC / CHURCH HILL-2,23845091,247,3238915021,2024-07-17T23:31:49Z,2024-07-17T23:58:51Z,,30.738701,74.8,membership,Payment by membership account and/or membership card,USCPIE14337501*1
ChargePoint Network,,,1988061,1988061,7SPC / SCES DOLLYWOOD,25499831,3,3259503991,2024-07-26T20:14:30Z,2024-07-27T01:19:20Z,,36.416710,7.3636,membership,Payment by membership account and/or membership card,USCPIE1988061*1
ChargePoint Network,,,15885791,15885791,TWICKENHAM SQ / HU - STATION 3,25521611,247,3246534951,2024-07-21T12:32:55Z,2024-07-21T13:52:25Z,,66.111603,75.575,membership,Payment by membership account and/or membership card,USCPIE15885791*1
ChargePoint Network,,,15684341,15684341,MLEC / STATION 2 (R) W,25280201,247,3210763391,2024-07-04T23:35:45Z,2024-07-04T23:36:03Z,,0.000000,0.0,membership,Payment by membership account and/or membership card,USCPIE15684341*1
ChargePoint Network,,,12720861,12720861,WRECC / STATION 2,21977121,247,3245371501,2024-07-20T19:35:39Z,2024-07-20T20:03:25Z,,39.862598,91.139,membership,Payment by membership account and/or membership card,USCPIE12720861*1
ChargePoint Network,,,15885791,15885791,TWICKENHAM SQ / HU - STATION 3,25521611,247,3222098651,2024-07-10T16:26:38Z,2024-07-10T16:28:37Z,,0.000000,0.0,credit_card_terminal,Payment via credit card or debit card terminal,USCPIE15885791*1
ChargePoint Network,,,15332321,15332321,TUA NW ATLANTIC / STATION 1 (L),24867861,247,3224939041,2024-07-11T18:44:34Z,2024-07-11T18:58:05Z,,14.189200,0.0,membership,Payment by membership account and/or membership card,USCPIE15332321*1
ChargePoint Network,,,15694171,15694171,BRIGHTRIDGE EV / STATION 1 (L),25292041,100011,3264457441,2024-07-29T14:08:38Z,2024-07-29T14:54:06Z,,21.382500,52.958,membership,Payment by membership account and/or membership card,USCPIE15694171*1
ChargePoint Network,,,5625391,5625391,7SPC / VEC JAMESTOWN,9280971,3,3205740601,2024-07-02T17:14:16Z,2024-07-02T23:24:25Z,,44.583206,7.3279,membership,Payment by membership account and/or membership card,USCPIE5625391*2
ChargePoint Network,,,15332321,15332321,TUA NW ATLANTIC / STATION 1 (L),24867861,247,3251712671,2024-07-23T19:03:20Z,2024-07-23T19:04:06Z,,0.000000,0.0,membership,Payment by membership account and/or membership card,USCPIE15332321*1
ChargePoint Network,,,15332321,15332321,TUA NW ATLANTIC / STATION 1 (L),24867861,247,3227024891,2024-07-12T16:00:43Z,2024-07-12T16:01:18Z,,0.000000,0.0,credit_card_terminal,Payment via credit card or debit card terminal,USCPIE15332321*1
ChargePoint Network,,,13880891,13880891,MU / MUC MAIN OFFICE,23319011,3,3214913441,2024-07-07T11:44:19Z,2024-07-07T23:58:58Z,,54.901909,7.3002,membership,Payment by membership account and/or membership card,USCPIE13880891*1
ChargePoint Network,,,16055371,16055371,MES1 / STATION 1,25723421,247,3256768881,2024-07-25T18:27:24Z,2024-07-25T18:36:16Z,,6.934200,63.029,membership,Payment by membership account and/or membership card,USCPIE16055371*1
ChargePoint Network,,,14047321,14047321,JEFFERSON AVE. / OXFORD STA2(R),23514081,247,3253907611,2024-07-24T16:27:06Z,2024-07-24T16:27:42Z,,0.000000,0.0,membership,Payment by membership account and/or membership card,USCPIE14047321*1
ChargePoint Network,,,13664501,13664501,BTES / STATION 4 (RR),23060561,247,3213616331,2024-07-06T17:00:52Z,2024-07-06T18:05:15Z,,17.419300,30.455,membership,Payment by membership account and/or membership card,USCPIE13664501*1
ChargePoint Network,,,15694081,15694081,BRIGHTRIDGE EV / STATION 2 (R),25291921,247,3230296051,2024-07-14T04:27:35Z,2024-07-14T05:06:12Z,,52.300499,87.434,credit_card_terminal,Payment via credit card or debit card terminal,USCPIE15694081*1
ChargePoint Network,,,5565291,5565291,7SPC / SCES LECONTE 1,9205191,3,3210221751,2024-07-04T16:24:46Z,2024-07-04T17:47:56Z,,4.763966,3.7512,membership,Payment by membership account and/or membership card,USCPIE5565291*1
ChargePoint Network,,,13803581,13803581,FPU / STATION 1 (L),23227201,247,3247469001,2024-07-21T23:15:24Z,2024-07-21T23:16:27Z,,0.000000,0.0,membership,Payment by membership account and/or membership card,USCPIE13803581*1
ChargePoint Network,,,14097711,14097711,SCOTTSBORO EPB / SEPB DCFC (R),23570811,247,3210002391,2024-07-04T12:59:14Z,2024-07-04T13:05:15Z,,0.039100,0.0,membership,Payment by membership account and/or membership card,USCPIE14097711*1
ChargePoint Network,,,15332321,15332321,TUA NW ATLANTIC / STATION 1 (L),24867861,247,3208531971,2024-07-03T19:26:27Z,2024-07-03T20:33:20Z,,74.547203,77.805,membership,Payment by membership account and/or membership card,USCPIE15332321*1
ChargePoint Network,,,15332351,15332351,TUA NW ATLANTIC / STATION 2 (R),24867891,247,3262096731,2024-07-28T02:42:48Z,2024-07-28T03:12:08Z,,38.944599,82.061,membership,Payment by membership account and/or membership card,USCPIE15332351*1
ChargePoint Network,,,13026471,13026471,WCMES / CITYHALL2-R,22328331,247,3211457341,2024-07-05T12:53:48Z,2024-07-05T13:49:16Z,,57.904598,76.832,membership,Payment by membership account and/or membership card,USCPIE13026471*1
ChargePoint Network,,,13606061,13606061,I24 EXIT11 / STATION 4 (RR),22992511,247,3233809281,2024-07-15T23:38:05Z,2024-07-15T23:49:00Z,,9.277900,66.605,membership,Payment by membership account and/or membership card,USCPIE13606061*1
ChargePoint Network,,,14355271,14355271,HARTSELLE 1 / STATION 1 (L),23865711,247,3244935671,2024-07-20T15:04:21Z,2024-07-20T15:06:22Z,,0.000000,0.0,membership,Payment by membership account and/or membership card,USCPIE14355271*1
ChargePoint Network,,,13659871,13659871,LAWRENCEBURG / STATION 2 (R),23054921,247,3250909831,2024-07-23T13:41:59Z,2024-07-23T13:55:21Z,,22.632401,111.188,membership,Payment by membership account and/or membership card,USCPIE13659871*1
ChargePoint Network,,,16022131,16022131,ACEPA / ACE STATION 1,25683791,247,3242796871,2024-07-19T15:25:13Z,2024-07-19T15:59:39Z,,32.570900,76.83,membership,Payment by membership account and/or membership card,USCPIE16022131*1
ChargePoint Network,,,5346231,5346231,CULLMANELECTRIC / STATION2-R,8926271,247,3245692201,2024-07-20T22:38:50Z,2024-07-20T22:40:54Z,,0.000000,0.0,membership,Payment by membership account and/or membership card,USCPIE5346231*1
ChargePoint Network,,,1932851,1932851,BRIGHTRIDGE EV / BR-JC LIBRARY,23319821,3,3245418691,2024-07-20T20:02:37Z,2024-07-20T20:54:30Z,,3.023757,3.7161,membership,Payment by membership account and/or membership card,USCPIE1932851*2
ChargePoint Network,,,15684341,15684341,MLEC / STATION 2 (R) W,25280201,247,3250932751,2024-07-23T13:52:49Z,2024-07-23T14:16:48Z,,26.805300,74.283,membership,Payment by membership account and/or membership card,USCPIE15684341*1
ChargePoint Network,,,13423581,13423581,AEC / STATION #2 (R),22787011,247,3245144621,2024-07-20T17:22:02Z,2024-07-20T17:47:59Z,,15.800500,43.307,membership,Payment by membership account and/or membership card,USCPIE13423581*1
ChargePoint Network,,,13664401,13664401,BTES / STATION 1 (LL),23060421,247,3264529071,2024-07-29T14:41:29Z,2024-07-29T14:54:15Z,,7.675700,62.009,membership,Payment by membership account and/or membership card,USCPIE13664401*1
ChargePoint Network,,,13643831,13643831,PEPA / STATION 1,23036511,247,3245293341,2024-07-20T18:50:37Z,2024-07-20T18:52:26Z,,0.000000,0.0,membership,Payment by membership account and/or membership card,USCPIE13643831*1
ChargePoint Network,,,13664401,13664401,BTES / STATION 1 (LL),23060421,247,3257155481,2024-07-25T21:09:29Z,2024-07-25T21:43:49Z,,25.222601,45.737,credit_card_terminal,Payment via credit card or debit card terminal,USCPIE13664401*1
ChargePoint Network,,,14047321,14047321,JEFFERSON AVE. / OXFORD STA2(R),23514081,247,3253931911,2024-07-24T16:36:16Z,2024-07-24T16:37:14Z,,0.000000,0.0,membership,Payment by membership account and/or membership card,USCPIE14047321*1
ChargePoint Network,,,13861891,13861891,BRMEMC / STATION 2,23296321,247,3203886111,2024-07-01T21:15:11Z,2024-07-01T22:43:29Z,,25.127001,74.226,membership,Payment by membership account and/or membership card,USCPIE13861891*1
ChargePoint Network,,,1844191,1844191,CLW / MAIN ST,23050431,3,3212852901,2024-07-06T02:22:54Z,2024-07-06T02:43:07Z,,2.381737,7.3054,membership,Payment by membership account and/or membership card,USCPIE1844191*1
ChargePoint Network,,,9677521,9677521,UT PARKING / S7 STATION 1,17169331,3,3217059621,2024-07-08T15:35:06Z,2024-07-08T20:08:06Z,,24.105362,7.1754,membership,Payment by membership account and/or membership card,USCPIE9677521*1
ChargePoint Network,,,5565291,5565291,7SPC / SCES LECONTE 1,9205191,3,3229058011,2024-07-13T15:45:50Z,2024-07-13T17:59:08Z,,15.721523,7.1954,credit_card_terminal,Payment via credit card or debit card terminal,USCPIE5565291*1
ChargePoint Network,,,15885771,15885771,TWICKENHAM SQ / HU - STATION 4,25521581,100011,3257409421,2024-07-25T22:56:39Z,2024-07-25T23:05:55Z,,6.298700,46.004,membership,Payment by membership account and/or membership card,USCPIE15885771*1
ChargePoint Network,,,15250701,15250701,SES-TN / STATION 2,24772611,247,3217110201,2024-07-08T15:52:57Z,2024-07-08T16:37:10Z,,34.470100,54.167,membership,Payment by membership account and/or membership card,USCPIE15250701*1
ChargePoint Network,,,5397731,5397731,EEDEV / MILLIGAN UNIV,9010251,3,3245907091,2024-07-21T00:41:49Z,2024-07-21T00:46:59Z,,0.287134,3.783,membership,Payment by membership account and/or membership card,USCPIE5397731*1
ChargePoint Network,,,13606061,13606061,I24 EXIT11 / STATION 4 (RR),22992511,100011,3241169861,2024-07-18T21:26:26Z,2024-07-18T22:21:38Z,,19.245300,39.962,membership,Payment by membership account and/or membership card,USCPIE13606061*1
ChargePoint Network,,,14047321,14047321,JEFFERSON AVE. / OXFORD STA2(R),23514081,247,3267845651,2024-07-30T20:30:06Z,2024-07-30T20:47:54Z,,18.215900,67.816,membership,Payment by membership account and/or membership card,USCPIE14047321*1
ChargePoint Network,,,1932851,1932851,BRIGHTRIDGE EV / BR-JC LIBRARY,23319811,3,3245286481,2024-07-20T18:46:08Z,2024-07-20T19:35:35Z,,6.005221,7.3971,membership,Payment by membership account and/or membership card,USCPIE1932851*1
ChargePoint Network,,,13606121,13606121,I24 EXIT11 / STATION 2 (LM),22992591,247,3231158061,2024-07-14T20:27:46Z,2024-07-14T20:52:47Z,,29.135000,73.283,credit_card_terminal,Payment via credit card or debit card terminal,USCPIE13606121*1
ChargePoint Network,,,8851921,8851921,7SPC / SEVIERVILLE DC1,15571271,207,3239899791,2024-07-18T12:37:29Z,2024-07-18T12:44:40Z,,6.170400,0.0,phone_online,"Payment through mobile app, website, automated phone number or messaging system",USCPIE8851921*1
ChargePoint Network,,,15694171,15694171,BRIGHTRIDGE EV / STATION 1 (L),25292041,247,3238121071,2024-07-17T17:43:18Z,2024-07-17T18:33:29Z,,45.176300,71.736,membership,Payment by membership account and/or membership card,USCPIE15694171*1
ChargePoint Network,,,15885251,15885251,TWICKENHAM SQ / HU - STATION 1,25520941,247,3257147111,2024-07-25T21:06:10Z,2024-07-25T21:22:54Z,,16.247900,63.953,membership,Payment by membership account and/or membership card,USCPIE15885251*1
ChargePoint Network,,,8851921,8851921,7SPC / SEVIERVILLE DC1,15571271,207,3256728061,2024-07-25T18:08:44Z,2024-07-25T18:40:55Z,,29.227200,56.457,membership,Payment by membership account and/or membership card,USCPIE8851921*1
ChargePoint Network,,,13651631,13651631,MLEC / STATION 2 (R) H,23045821,100011,3260845871,2024-07-27T13:45:31Z,2024-07-27T14:01:51Z,,4.120900,35.944,membership,Payment by membership account and/or membership card,USCPIE13651631*1
ChargePoint Network,,,15548181,15548181,DECATURDOWNTWN / STATION 2 (L),,,3257286241,2024-07-25T22:03:33Z,2024-07-25T22:05:34Z,,0.000000,,other,Any other payment method not specified above. Additional description should be provided in Payment Method Description.,USCPIE15548181*0
ChargePoint Network,,,13290491,13290491,7SPC / NASA USSRC L,25742681,3,3242302491,2024-07-19T10:51:16Z,2024-07-19T16:45:21Z,,27.455053,5.8837,membership,Payment by membership account and/or membership card,USCPIE13290491*2
ChargePoint Network,,,15885771,15885771,TWICKENHAM SQ / HU - STATION 4,25521581,247,3255962471,2024-07-25T13:05:41Z,2024-07-25T13:33:29Z,,20.611200,76.435,credit_card_terminal,Payment via credit card or debit card terminal,USCPIE15885771*1
ChargePoint Network,,,1988141,1988141,7SPC / SCES DREAM MORE,2355571,3,3257839321,2024-07-26T02:01:55Z,2024-07-26T02:39:32Z,,3.877175,7.096,membership,Payment by membership account and/or membership card,USCPIE1988141*2
ChargePoint Network,,,13861891,13861891,BRMEMC / STATION 2,,,3209800501,2024-07-04T06:33:56Z,2024-07-04T06:35:56Z,,0.000000,,membership,Payment by membership account and/or membership card,USCPIE13861891*0
ChargePoint Network,,,5350831,5350831,CULLMANELECTRIC / CEC MAIN OFFICE,8932491,3,3250396771,2024-07-23T04:30:01Z,2024-07-23T04:30:49Z,,0.000000,,credit_card_terminal,Payment via credit card or debit card terminal,USCPIE5350831*1
ChargePoint Network,,,13423691,13423691,AEC / STATION #1 (L),22787121,247,3259185721,2024-07-26T17:49:51Z,2024-07-26T18:11:12Z,,17.834900,52.745,membership,Payment by membership account and/or membership card,USCPIE13423691*1
ChargePoint Network,,,13026471,13026471,WCMES / CITYHALL2-R,22328331,247,3214177301,2024-07-06T22:51:54Z,2024-07-07T00:07:00Z,,54.564999,72.555,membership,Payment by membership account and/or membership card,USCPIE13026471*1
ChargePoint Network,,,14047321,14047321,JEFFERSON AVE. / OXFORD STA2(R),23514081,247,3260961461,2024-07-27T15:19:59Z,2024-07-27T16:18:06Z,,52.812302,69.545,credit_card_terminal,Payment via credit card or debit card terminal,USCPIE14047321*1
ChargePoint Network,,,1921351,1921351,STARKVILLE UTIL / STARKVILLE DWTN,23682571,3,3209430871,2024-07-04T02:11:11Z,2024-07-04T03:12:42Z,,7.502360,7.4553,membership,Payment by membership account and/or membership card,USCPIE1921351*1
ChargePoint Network,,,1988061,1988061,7SPC / SCES DOLLYWOOD,25499831,3,3253580791,2024-07-24T14:34:11Z,2024-07-24T19:29:36Z,,35.276306,7.2703,membership,Payment by membership account and/or membership card,USCPIE1988061*1
ChargePoint Network,,,15623231,15623231,CLW / 5TH ST 1 (L),25208301,247,3244005691,2024-07-20T00:22:32Z,2024-07-20T01:14:41Z,,69.162300,122.706,credit_card_terminal,Payment via credit card or debit card terminal,USCPIE15623231*1
ChargePoint Network,,,15260241,15260241,STEMC / STATION 1 (L) A,24784071,247,3264469121,2024-07-29T14:14:28Z,2024-07-29T14:29:03Z,,18.799000,31.902,membership,Payment by membership account and/or membership card,USCPIE15260241*1
ChargePoint Network,,,13664501,13664501,BTES / STATION 4 (RR),,,3215740211,2024-07-07T22:19:45Z,2024-07-07T22:21:16Z,,0.000000,,credit_card_terminal,Payment via credit card or debit card terminal,USCPIE13664501*0
ChargePoint Network,,,14097801,14097801,SCOTTSBORO EPB / SEPB DCFC (L),,,3220206911,2024-07-09T20:47:36Z,2024-07-09T20:49:37Z,,0.000000,,membership,Payment by membership account and/or membership card,USCPIE14097801*0
ChargePoint Network,,,15885771,15885771,TWICKENHAM SQ / HU - STATION 4,25521581,247,3233607821,2024-07-15T22:07:53Z,2024-07-16T00:01:41Z,,78.532898,75.851,membership,Payment by membership account and/or membership card,USCPIE15885771*1
ChargePoint Network,,,5354011,5354011,7SPC / GREENEVILLE TA,8936791,207,3234905781,2024-07-16T13:51:31Z,2024-07-16T14:18:32Z,,23.063000,55.023,membership,Payment by membership account and/or membership card,USCPIE5354011*1
ChargePoint Network,,,5346231,5346231,CULLMANELECTRIC / STATION2-R,8926271,247,3244925911,2024-07-20T14:59:24Z,2024-07-20T15:46:01Z,,53.498600,73.678,membership,Payment by membership account and/or membership card,USCPIE5346231*1
ChargePoint Network,,,15684341,15684341,MLEC / STATION 2 (R) W,25280201,247,3206688941,2024-07-03T00:15:17Z,2024-07-03T00:23:13Z,,7.223400,0.0,membership,Payment by membership account and/or membership card,USCPIE15684341*1
ChargePoint Network,,,15836981,15836981,TOMBIGBEE / TEPA CHARGER 2,25462651,247,3264979011,2024-07-29T17:33:21Z,2024-07-29T18:20:01Z,,55.782101,76.832,membership,Payment by membership account and/or membership card,USCPIE15836981*1
ChargePoint Network,,,13861891,13861891,BRMEMC / STATION 2,23296321,247,3206801281,2024-07-03T01:04:35Z,2024-07-03T01:49:13Z,,44.149399,63.569,credit_card_terminal,Payment via credit card or debit card terminal,USCPIE13861891*1
ChargePoint Network,,,5346231,5346231,CULLMANELECTRIC / STATION2-R,8926271,247,3215002231,2024-07-07T14:06:05Z,2024-07-07T14:45:48Z,,37.954102,75.636,membership,Payment by membership account and/or membership card,USCPIE5346231*1
ChargePoint Network,,,15885771,15885771,TWICKENHAM SQ / HU - STATION 4,25521581,247,3235512821,2024-07-16T17:41:45Z,2024-07-16T18:13:47Z,,37.439301,72.101,membership,Payment by membership account and/or membership card,USCPIE15885771*1
ChargePoint Network,,,13861891,13861891,BRMEMC / STATION 2,23296321,247,3213305531,2024-07-06T12:36:48Z,2024-07-06T13:15:05Z,,25.501600,75.45,membership,Payment by membership account and/or membership card,USCPIE13861891*1
ChargePoint Network,,,13803581,13803581,FPU / STATION 1 (L),23227201,247,3247606971,2024-07-22T00:31:03Z,2024-07-22T00:46:29Z,,11.615200,54.515,credit_card_terminal,Payment via credit card or debit card terminal,USCPIE13803581*1
ChargePoint Network,,,15885251,15885251,TWICKENHAM SQ / HU - STATION 1,25520941,247,3223174531,2024-07-11T00:19:03Z,2024-07-11T02:40:10Z,,0.000000,0.0,membership,Payment by membership account and/or membership card,USCPIE15885251*1
ChargePoint Network,,,1988061,1988061,7SPC / SCES DOLLYWOOD,25499841,3,3243791191,2024-07-19T22:34:57Z,2024-07-19T22:36:58Z,,0.000000,0.0,membership,Payment by membership account and/or membership card,USCPIE1988061*2
ChargePoint Network,,,15885151,15885151,TWICKENHAM SQ / HU - STATION 2,25520801,100011,3252826421,2024-07-24T03:22:03Z,2024-07-24T04:01:54Z,,10.893000,48.433,membership,Payment by membership account and/or membership card,USCPIE15885151*1
ChargePoint Network,,,1988061,1988061,7SPC / SCES DOLLYWOOD,25499841,3,3213358901,2024-07-06T13:42:19Z,2024-07-06T20:09:54Z,,10.497794,7.0627,membership,Payment by membership account and/or membership card,USCPIE1988061*2
ChargePoint Network,,,15640031,15640031,NECDC / STATION 1 (L),,,3239384181,2024-07-18T03:09:31Z,2024-07-18T03:11:32Z,,0.000000,,membership,Payment by membership account and/or membership card,USCPIE15640031*0
ChargePoint Network,,,13966031,13966031,BEA / STATION 4 (RR),23419961,247,3203058141,2024-07-01T15:03:31Z,2024-07-01T15:04:18Z,,0.000000,0.0,credit_card_terminal,Payment via credit card or debit card terminal,USCPIE13966031*1
ChargePoint Network,,,5354011,5354011,7SPC / GREENEVILLE TA,8936791,207,3213129671,2024-07-06T05:50:30Z,2024-07-06T06:15:58Z,,10.503300,30.722,membership,Payment by membership account and/or membership card,USCPIE5354011*1
ChargePoint Network,,,15885771,15885771,TWICKENHAM SQ / HU - STATION 4,25521581,247,3219817421,2024-07-09T17:56:59Z,2024-07-09T18:28:34Z,,27.282499,60.995,membership,Payment by membership account and/or membership card,USCPIE15885771*1
ChargePoint Network,,,5346231,5346231,CULLMANELECTRIC / STATION2-R,8926271,247,3213433971,2024-07-06T14:52:25Z,2024-07-06T14:53:01Z,,0.000000,0.0,membership,Payment by membership account and/or membership card,USCPIE5346231*1
ChargePoint Network,,,15548151,15548151,DECATURDOWNTWN / STATION 1 (R),,,3259919081,2024-07-26T23:27:08Z,2024-07-26T23:28:00Z,,0.000000,,membership,Payment by membership account and/or membership card,USCPIE15548151*0
ChargePoint Network,,,15684301,15684301,MLEC / STATION 1 (L) W,25280151,247,3265426481,2024-07-29T21:00:04Z,2024-07-29T21:25:15Z,,22.374100,76.625,membership,Payment by membership account and/or membership card,USCPIE15684301*1
ChargePoint Network,,,13643801,13643801,PEPA / STATION 2,23036481,247,3255292781,2024-07-25T02:37:20Z,2024-07-25T03:11:44Z,,47.493301,122.43,membership,Payment by membership account and/or membership card,USCPIE13643801*1
ChargePoint Network,,,15684341,15684341,MLEC / STATION 2 (R) W,25280201,247,3248931311,2024-07-22T16:41:24Z,2024-07-22T16:57:57Z,,18.820801,70.526,membership,Payment by membership account and/or membership card,USCPIE15684341*1
ChargePoint Network,,,5384781,5384781,7SPC / TRI-COUNTY EMC,9273691,3,3214188181,2024-07-06T22:57:25Z,2024-07-06T22:58:40Z,,0.000000,,membership,Payment by membership account and/or membership card,USCPIE5384781*1
ChargePoint Network,,,12720881,12720881,WRECC / STATION 1,21977141,247,3207810351,2024-07-03T14:41:04Z,2024-07-03T14:52:05Z,,9.077900,54.599,membership,Payment by membership account and/or membership card,USCPIE12720881*1
ChargePoint Network,,,13861891,13861891,BRMEMC / STATION 2,23296321,247,3217639661,2024-07-08T19:49:38Z,2024-07-08T19:59:34Z,,14.228400,0.0,membership,Payment by membership account and/or membership card,USCPIE13861891*1
ChargePoint Network,,,5346231,5346231,CULLMANELECTRIC / STATION2-R,8926271,247,3208112521,2024-07-03T16:27:20Z,2024-07-03T16:58:57Z,,34.662601,73.875,membership,Payment by membership account and/or membership card,USCPIE5346231*1
ChargePoint Network,,,12448521,12448521,7SPC / WARREN RECC LF,21576921,3,3244075531,2024-07-20T00:58:53Z,2024-07-20T02:26:03Z,,8.818841,6.1842,membership,Payment by membership account and/or membership card,USCPIE12448521*2
ChargePoint Network,,,15293211,15293211,TRNG CENTER / TRAININGCENTER1,24823101,3,3240147331,2024-07-18T14:33:05Z,2024-07-18T16:39:18Z,,12.284350,5.9375,membership,Payment by membership account and/or membership card,USCPIE15293211*1
ChargePoint Network,,,15640171,15640171,NECDC / STATION 2 (R),25228711,247,3231040291,2024-07-14T19:14:00Z,2024-07-14T19:27:00Z,,16.267599,77.568,other,Any other payment method not specified above. Additional description should be provided in Payment Method Description.,USCPIE15640171*1
ChargePoint Network,,,13651611,13651611,MLEC / STATION 1 (L) H,23045791,247,3211062111,2024-07-05T03:22:18Z,2024-07-05T03:24:49Z,,1.422900,0.0,credit_card_terminal,Payment via credit card or debit card terminal,USCPIE13651611*1
ChargePoint Network,,,13292801,13292801,LODGE CAST IRON / STORE & MUSEUM,22637561,3,3213886001,2024-07-06T19:50:33Z,2024-07-06T21:23:10Z,,10.733600,7.0367,membership,Payment by membership account and/or membership card,USCPIE13292801*2
ChargePoint Network,,,13423691,13423691,AEC / STATION #1 (L),22787121,247,3217563221,2024-07-08T19:15:51Z,2024-07-08T19:49:17Z,,26.018101,122.583,membership,Payment by membership account and/or membership card,USCPIE13423691*1
ChargePoint Network,,,1988061,1988061,7SPC / SCES DOLLYWOOD,25499841,3,3214213081,2024-07-06T23:10:20Z,2024-07-07T01:47:09Z,,0.459423,4.9489,membership,Payment by membership account and/or membership card,USCPIE1988061*2
ChargePoint Network,,,15293211,15293211,TRNG CENTER / TRAININGCENTER1,24823111,3,3259478811,2024-07-26T20:03:52Z,2024-07-26T20:14:52Z,,0.564796,3.2959,membership,Payment by membership account and/or membership card,USCPIE15293211*2
ChargePoint Network,,,12406401,12406401,FPIA / RIGHT STATION,21527671,247,3266157231,2024-07-30T02:50:26Z,2024-07-30T03:03:23Z,,16.078501,80.982,membership,Payment by membership account and/or membership card,USCPIE12406401*1
ChargePoint Network,,,15640171,15640171,NECDC / STATION 2 (R),25228711,247,3267816521,2024-07-30T20:17:57Z,2024-07-30T20:48:12Z,,55.847500,121.351,membership,Payment by membership account and/or membership card,USCPIE15640171*1
ChargePoint Network,,,15836871,15836871,TOMBIGBEE / TEPA CHARGER 1,25462501,247,3226050701,2024-07-12T02:57:36Z,2024-07-12T03:29:44Z,,38.992401,81.754,membership,Payment by membership account and/or membership card,USCPIE15836871*1
ChargePoint Network,,,15885771,15885771,TWICKENHAM SQ / HU - STATION 4,25521581,247,3214166071,2024-07-06T22:44:00Z,2024-07-06T22:53:20Z,,0.000000,0.0,credit_card_terminal,Payment via credit card or debit card terminal,USCPIE15885771*1
ChargePoint Network,,,15885251,15885251,TWICKENHAM SQ / HU - STATION 1,25520941,247,3241047251,2024-07-18T20:35:12Z,2024-07-18T21:33:52Z,,78.848297,87.807,membership,Payment by membership account and/or membership card,USCPIE15885251*1
ChargePoint Network,,,8851921,8851921,7SPC / SEVIERVILLE DC1,15571271,207,3230899811,2024-07-14T17:46:08Z,2024-07-14T19:17:37Z,,49.438202,55.594,membership,Payment by membership account and/or membership card,USCPIE8851921*1
ChargePoint Network,,,15885771,15885771,TWICKENHAM SQ / HU - STATION 4,25521581,100011,3222957751,2024-07-10T22:42:52Z,2024-07-10T22:44:17Z,,0.000000,0.0,credit_card_terminal,Payment via credit card or debit card terminal,USCPIE15885771*1
ChargePoint Network,,,15885771,15885771,TWICKENHAM SQ / HU - STATION 4,25521581,247,3214162211,2024-07-06T22:41:38Z,2024-07-06T22:42:42Z,,0.000000,0.0,credit_card_terminal,Payment via credit card or debit card terminal,USCPIE15885771*1
ChargePoint Network,,,13664501,13664501,BTES / STATION 4 (RR),23060561,100011,3217010971,2024-07-08T15:17:24Z,2024-07-08T15:54:16Z,,8.982100,49.352,membership,Payment by membership account and/or membership card,USCPIE13664501*1
ChargePoint Network,,,14355251,14355251,HARTSELLE 1 / STATION 2 (R),23865691,247,3238751621,2024-07-17T22:21:00Z,2024-07-17T23:51:29Z,,127.568199,98.488,membership,Payment by membership account and/or membership card,USCPIE14355251*1
ChargePoint Network,,,5346231,5346231,CULLMANELECTRIC / STATION2-R,8926271,247,3203713151,2024-07-01T19:53:53Z,2024-07-01T20:13:06Z,,20.942900,69.344,membership,Payment by membership account and/or membership card,USCPIE5346231*1
ChargePoint Network,,,14097711,14097711,SCOTTSBORO EPB / SEPB DCFC (R),23570811,247,3206279341,2024-07-02T21:17:17Z,2024-07-02T21:50:24Z,,37.244701,71.779,membership,Payment by membership account and/or membership card,USCPIE14097711*1
ChargePoint Network,,,1964521,1964521,EBOFG / GUNTERSVILLE PD,8374201,3,3233341941,2024-07-15T20:11:25Z,2024-07-15T22:07:19Z,,14.314331,7.4899,membership,Payment by membership account and/or membership card,USCPIE1964521*1
ChargePoint Network,,,8851921,8851921,7SPC / SEVIERVILLE DC1,15571271,207,3216981981,2024-07-08T15:07:03Z,2024-07-08T16:21:03Z,,65.158401,57.68,membership,Payment by membership account and/or membership card,USCPIE8851921*1
ChargePoint Network,,,13026471,13026471,WCMES / CITYHALL2-R,22328331,247,3262887991,2024-07-28T17:58:08Z,2024-07-28T19:20:07Z,,69.765198,76.635,membership,Payment by membership account and/or membership card,USCPIE13026471*1
ChargePoint Network,,,15280471,15280471,SPRFLD ELECTRIC / STATION 1 (L),24807681,247,3251944911,2024-07-23T20:39:57Z,2024-07-23T22:02:35Z,,42.590801,61.698,membership,Payment by membership account and/or membership card,USCPIE15280471*1
ChargePoint Network,,,15694081,15694081,BRIGHTRIDGE EV / STATION 2 (R),25291921,100011,3217352931,2024-07-08T17:30:40Z,2024-07-08T18:09:53Z,,10.871000,48.953,membership,Payment by membership account and/or membership card,USCPIE15694081*1
ChargePoint Network,,,15694081,15694081,BRIGHTRIDGE EV / STATION 2 (R),25291921,247,3261370981,2024-07-27T19:31:16Z,2024-07-27T20:15:42Z,,32.355801,76.781,membership,Payment by membership account and/or membership card,USCPIE15694081*1
ChargePoint Network,,,1988141,1988141,7SPC / SCES DREAM MORE,2355571,3,3266061091,2024-07-30T01:51:58Z,2024-07-30T01:53:59Z,,0.000000,0.0,membership,Payment by membership account and/or membership card,USCPIE1988141*2
ChargePoint Network,,,15885791,15885791,TWICKENHAM SQ / HU - STATION 3,25521611,247,3222120611,2024-07-10T16:34:51Z,2024-07-10T16:36:53Z,,0.000000,0.0,credit_card_terminal,Payment via credit card or debit card terminal,USCPIE15885791*1
ChargePoint Network,,,12720861,12720861,WRECC / STATION 2,21977121,247,3263209791,2024-07-28T21:11:55Z,2024-07-28T21:36:52Z,,34.228600,85.371,membership,Payment by membership account and/or membership card,USCPIE12720861*1
ChargePoint Network,,,13966851,13966851,BEA / STATION 1 (LL),23420911,100011,3243704261,2024-07-19T21:57:09Z,2024-07-19T22:27:02Z,,23.783199,51.101,membership,Payment by membership account and/or membership card,USCPIE13966851*1
ChargePoint Network,,,16022131,16022131,ACEPA / ACE STATION 1,25683791,247,3229139531,2024-07-13T16:38:44Z,2024-07-13T16:39:38Z,,0.148700,0.0,membership,Payment by membership account and/or membership card,USCPIE16022131*1
ChargePoint Network,,,15684301,15684301,MLEC / STATION 1 (L) W,25280151,247,3263601441,2024-07-29T00:51:41Z,2024-07-29T01:15:46Z,,21.876301,76.625,membership,Payment by membership account and/or membership card,USCPIE15684301*1
ChargePoint Network,,,5363211,5363211,HARTSELLE 1 / HARTSELLE 1,23427581,3,3244934961,2024-07-20T15:05:42Z,2024-07-20T15:51:02Z,,5.335835,7.1446,membership,Payment by membership account and/or membership card,USCPIE5363211*2
ChargePoint Network,,,12720861,12720861,WRECC / STATION 2,21977121,100011,3232891591,2024-07-15T16:44:59Z,2024-07-15T17:05:48Z,,9.720800,56.016,membership,Payment by membership account and/or membership card,USCPIE12720861*1
ChargePoint Network,,,13966851,13966851,BEA / STATION 1 (LL),23420911,247,3222848111,2024-07-10T21:55:18Z,2024-07-10T22:05:24Z,,11.430600,71.197,membership,Payment by membership account and/or membership card,USCPIE13966851*1
ChargePoint Network,,,15885771,15885771,TWICKENHAM SQ / HU - STATION 4,25521581,247,3260794821,2024-07-27T12:50:59Z,2024-07-27T13:43:17Z,,39.287800,76.435,membership,Payment by membership account and/or membership card,USCPIE15885771*1
ChargePoint Network,,,15836871,15836871,TOMBIGBEE / TEPA CHARGER 1,25462501,247,3268334551,2024-07-30T23:59:45Z,2024-07-31T00:28:56Z,,14.447400,54.02,membership,Payment by membership account and/or membership card,USCPIE15836871*1
ChargePoint Network,,,1844191,1844191,CLW / MAIN ST,23050431,3,3265007981,2024-07-29T17:48:37Z,2024-07-29T18:21:17Z,,3.709296,6.9852,membership,Payment by membership account and/or membership card,USCPIE1844191*1
ChargePoint Network,,,5346231,5346231,CULLMANELECTRIC / STATION2-R,8926271,247,3261527921,2024-07-27T21:04:48Z,2024-07-27T21:05:09Z,,0.000000,0.0,membership,Payment by membership account and/or membership card,USCPIE5346231*1
ChargePoint Network,,,14355271,14355271,HARTSELLE 1 / STATION 1 (L),23865711,247,3204388471,2024-07-02T01:11:58Z,2024-07-02T01:48:19Z,,38.906799,73.536,membership,Payment by membership account and/or membership card,USCPIE14355271*1
ChargePoint Network,,,5565191,5565191,7SPC / DOLLYWOOD EMPL,9205041,3,3202809271,2024-07-01T13:08:35Z,2024-07-01T20:57:26Z,,52.806007,6.9176,credit_card_terminal,Payment via credit card or debit card terminal,USCPIE5565191*2
ChargePoint Network,,,14097711,14097711,SCOTTSBORO EPB / SEPB DCFC (R),23570811,247,3261387851,2024-07-27T19:42:18Z,2024-07-27T21:22:21Z,,53.955399,44.285,membership,Payment by membership account and/or membership card,USCPIE14097711*1
ChargePoint Network,,,14337501,14337501,HOLSTONELECTRIC / CHURCH HILL-2,23845091,247,3261260351,2024-07-27T18:29:13Z,2024-07-27T18:30:33Z,,0.000000,0.0,membership,Payment by membership account and/or membership card,USCPIE14337501*1
ChargePoint Network,,,14337221,14337221,HOLSTONELECTRIC / CHURCH HILL-1,23844801,247,3244129161,2024-07-20T01:20:49Z,2024-07-20T01:55:06Z,,60.513500,118.403,membership,Payment by membership account and/or membership card,USCPIE14337221*1
ChargePoint Network,,,15694081,15694081,BRIGHTRIDGE EV / STATION 2 (R),25291921,247,3209960661,2024-07-04T11:56:24Z,2024-07-04T12:14:56Z,,20.343000,69.599,phone_online,"Payment through mobile app, website, automated phone number or messaging system",USCPIE15694081*1
ChargePoint Network,,,13606061,13606061,I24 EXIT11 / STATION 4 (RR),22992511,100011,3224139821,2024-07-11T13:21:41Z,2024-07-11T14:25:33Z,,15.298500,50.922,membership,Payment by membership account and/or membership card,USCPIE13606061*1
ChargePoint Network,,,5625391,5625391,7SPC / VEC JAMESTOWN,9280971,3,3221609681,2024-07-10T13:12:11Z,2024-07-10T22:05:25Z,,64.436371,7.4979,membership,Payment by membership account and/or membership card,USCPIE5625391*2
ChargePoint Network,,,5346231,5346231,CULLMANELECTRIC / STATION2-R,8926271,247,3235467321,2024-07-16T17:20:57Z,2024-07-16T18:01:31Z,,27.556900,69.745,membership,Payment by membership account and/or membership card,USCPIE5346231*1
ChargePoint Network,,,5565201,5565201,7SPC / SCES LECONTE 2,9205051,3,3210884901,2024-07-05T01:13:41Z,2024-07-05T02:13:50Z,,6.834773,7.1887,membership,Payment by membership account and/or membership card,USCPIE5565201*1
ChargePoint Network,,,5346231,5346231,CULLMANELECTRIC / STATION2-R,8926271,247,3231401931,2024-07-14T22:53:34Z,2024-07-14T22:54:28Z,,0.000000,0.0,membership,Payment by membership account and/or membership card,USCPIE5346231*1
ChargePoint Network,,,1988061,1988061,7SPC / SCES DOLLYWOOD,25499831,3,3240487161,2024-07-18T16:31:09Z,2024-07-18T22:49:43Z,,35.177883,6.8721,membership,Payment by membership account and/or membership card,USCPIE1988061*1
ChargePoint Network,,,15332351,15332351,TUA NW ATLANTIC / STATION 2 (R),24867891,247,3224507761,2024-07-11T15:45:53Z,2024-07-11T16:02:09Z,,29.145500,118.727,membership,Payment by membership account and/or membership card,USCPIE15332351*1
ChargePoint Network,,,12406491,12406491,FPIA / LEFT STATION,21527781,100011,3218572181,2024-07-09T03:18:02Z,2024-07-09T04:10:57Z,,20.137400,26.625,membership,Payment by membership account and/or membership card,USCPIE12406491*1
ChargePoint Network,,,13664501,13664501,BTES / STATION 4 (RR),,,3254308521,2024-07-24T19:21:04Z,2024-07-24T19:21:55Z,,0.000000,,credit_card_terminal,Payment via credit card or debit card terminal,USCPIE13664501*0
ChargePoint Network,,,13643831,13643831,PEPA / STATION 1,23036511,247,3215404631,2024-07-07T18:59:54Z,2024-07-07T19:35:38Z,,42.090199,75.438,membership,Payment by membership account and/or membership card,USCPIE13643831*1
ChargePoint Network,,,12406491,12406491,FPIA / LEFT STATION,21527781,247,3265332711,2024-07-29T20:17:51Z,2024-07-29T20:50:17Z,,39.021400,76.041,membership,Payment by membership account and/or membership card,USCPIE12406491*1
ChargePoint Network,,,8851921,8851921,7SPC / SEVIERVILLE DC1,15571271,207,3212647461,2024-07-06T00:21:32Z,2024-07-06T01:07:48Z,,38.631401,58.349,other,Any other payment method not specified above. Additional description should be provided in Payment Method Description.,USCPIE8851921*1
ChargePoint Network,,,15885771,15885771,TWICKENHAM SQ / HU - STATION 4,,,3256599711,2024-07-25T17:07:40Z,2024-07-25T17:09:40Z,,0.000000,,membership,Payment by membership account and/or membership card,USCPIE15885771*0
ChargePoint Network,,,5619801,5619801,7SPC / WARREN RECC BG,25687251,3,3212489351,2024-07-05T22:46:58Z,2024-07-05T22:48:58Z,,0.000000,0.0,membership,Payment by membership account and/or membership card,USCPIE5619801*1
ChargePoint Network,,,15885771,15885771,TWICKENHAM SQ / HU - STATION 4,25521581,100011,3231438501,2024-07-14T23:11:03Z,2024-07-14T23:11:49Z,,0.000000,0.0,membership,Payment by membership account and/or membership card,USCPIE15885771*1
ChargePoint Network,,,13861891,13861891,BRMEMC / STATION 2,,,3246637411,2024-07-21T14:36:59Z,2024-07-21T14:38:59Z,,0.000000,,membership,Payment by membership account and/or membership card,USCPIE13861891*0
ChargePoint Network,,,13966811,13966811,BEA / STATION 2 (LM),23420881,100011,3246371411,2024-07-21T06:10:19Z,2024-07-21T06:57:52Z,,29.283899,49.639,membership,Payment by membership account and/or membership card,USCPIE13966811*1
ChargePoint Network,,,13606061,13606061,I24 EXIT11 / STATION 4 (RR),22992511,247,3238072531,2024-07-17T17:20:59Z,2024-07-17T17:46:10Z,,17.342199,54.389,membership,Payment by membership account and/or membership card,USCPIE13606061*1
ChargePoint Network,,,1988141,1988141,7SPC / SCES DREAM MORE,2355571,3,3255198201,2024-07-25T01:45:28Z,2024-07-25T11:43:14Z,,40.524696,7.2647,membership,Payment by membership account and/or membership card,USCPIE1988141*2
ChargePoint Network,,,5397731,5397731,EEDEV / MILLIGAN UNIV,9010261,3,3208524441,2024-07-03T19:23:19Z,2024-07-03T22:24:17Z,,17.788595,7.1796,membership,Payment by membership account and/or membership card,USCPIE5397731*2
ChargePoint Network,,,5122191,5122191,CULLMANELECTRIC / STATION1-L,8482151,247,3243468941,2024-07-19T20:11:45Z,2024-07-19T20:24:03Z,,14.058900,70.722,membership,Payment by membership account and/or membership card,USCPIE5122191*1
ChargePoint Network,,,5363211,5363211,HARTSELLE 1 / HARTSELLE 1,23427581,3,3254896821,2024-07-24T23:29:52Z,2024-07-25T01:34:11Z,,14.900755,7.2661,membership,Payment by membership account and/or membership card,USCPIE5363211*2
ChargePoint Network,,,1988061,1988061,7SPC / SCES DOLLYWOOD,25499841,3,3265837151,2024-07-30T00:04:56Z,2024-07-30T02:17:29Z,,15.729389,7.1844,credit_card_terminal,Payment via credit card or debit card terminal,USCPIE1988061*2
ChargePoint Network,,,15694081,15694081,BRIGHTRIDGE EV / STATION 2 (R),25291921,247,3248518161,2024-07-22T14:05:46Z,2024-07-22T14:35:49Z,,26.130301,74.226,membership,Payment by membership account and/or membership card,USCPIE15694081*1
ChargePoint Network,,,5346231,5346231,CULLMANELECTRIC / STATION2-R,8926271,247,3250880671,2024-07-23T13:27:20Z,2024-07-23T14:08:03Z,,33.197601,74.646,membership,Payment by membership account and/or membership card,USCPIE5346231*1
ChargePoint Network,,,12720881,12720881,WRECC / STATION 1,21977141,247,3248142411,2024-07-21T23:02:19Z,2024-07-21T23:18:02Z,,13.466800,61.181,membership,Payment by membership account and/or membership card,USCPIE12720881*1
ChargePoint Network,,,9677521,9677521,UT PARKING / S7 STATION 1,17169331,3,3213228831,2024-07-06T09:16:59Z,2024-07-06T10:50:46Z,,11.121168,7.2274,credit_card_terminal,Payment via credit card or debit card terminal,USCPIE9677521*1
ChargePoint Network,,,14047321,14047321,JEFFERSON AVE. / OXFORD STA2(R),,,3219297001,2024-07-09T14:39:56Z,2024-07-09T14:40:08Z,,0.000000,,credit_card_terminal,Payment via credit card or debit card terminal,USCPIE14047321*0
ChargePoint Network,,,15548151,15548151,DECATURDOWNTWN / STATION 1 (R),25119511,247,3203725691,2024-07-01T19:59:11Z,2024-07-01T20:01:06Z,,0.000000,0.0,membership,Payment by membership account and/or membership card,USCPIE15548151*1
ChargePoint Network,,,13606061,13606061,I24 EXIT11 / STATION 4 (RR),22992511,247,3247533871,2024-07-21T23:52:58Z,2024-07-21T23:53:25Z,,0.000000,0.0,membership,Payment by membership account and/or membership card,USCPIE13606061*1
ChargePoint Network,,,13606061,13606061,I24 EXIT11 / STATION 4 (RR),22992511,247,3225594881,2024-07-11T23:22:09Z,2024-07-11T23:27:26Z,,5.258200,0.0,membership,Payment by membership account and/or membership card,USCPIE13606061*1
ChargePoint Network,,,5346231,5346231,CULLMANELECTRIC / STATION2-R,8926271,247,3204506441,2024-07-02T02:15:52Z,2024-07-02T02:41:49Z,,18.731001,75.056,membership,Payment by membership account and/or membership card,USCPIE5346231*1
ChargePoint Network,,,15694081,15694081,BRIGHTRIDGE EV / STATION 2 (R),25291921,247,3265856101,2024-07-30T00:12:50Z,2024-07-30T00:26:00Z,,9.958800,70.433,credit_card_terminal,Payment via credit card or debit card terminal,USCPIE15694081*1
ChargePoint Network,,,16022101,16022101,ACEPA / ACE STATION 2,25683761,247,3238176671,2024-07-17T18:11:34Z,2024-07-17T18:20:14Z,,9.322800,76.961,membership,Payment by membership account and/or membership card,USCPIE16022101*1
ChargePoint Network,,,13643801,13643801,PEPA / STATION 2,23036481,247,3255148421,2024-07-25T01:21:32Z,2024-07-25T01:22:16Z,,0.000000,0.0,membership,Payment by membership account and/or membership card,USCPIE13643801*1
ChargePoint Network,,,13423581,13423581,AEC / STATION #2 (R),22787011,247,3216664001,2024-07-08T12:33:42Z,2024-07-08T13:04:28Z,,15.057800,52.766,membership,Payment by membership account and/or membership card,USCPIE13423581*1
ChargePoint Network,,,15885251,15885251,TWICKENHAM SQ / HU - STATION 1,25520941,247,3251182231,2024-07-23T15:27:31Z,2024-07-23T16:16:48Z,,45.110001,82.711,membership,Payment by membership account and/or membership card,USCPIE15885251*1
ChargePoint Network,,,13606141,13606141,I24 EXIT11 / STATION 1 (LL),,,3242143161,2024-07-19T05:35:56Z,2024-07-19T05:37:57Z,,0.000000,0.0,membership,Payment by membership account and/or membership card,USCPIE13606141*0
ChargePoint Network,,,5565241,5565241,7SPC / SCES LECONTE 4,9205101,3,3226222701,2024-07-12T04:27:15Z,2024-07-12T11:40:45Z,,51.818600,7.3162,membership,Payment by membership account and/or membership card,USCPIE5565241*1
ChargePoint Network,,,8851921,8851921,7SPC / SEVIERVILLE DC1,15571271,207,3220715981,2024-07-10T00:32:09Z,2024-07-10T01:15:22Z,,31.019600,53.428,membership,Payment by membership account and/or membership card,USCPIE8851921*1
ChargePoint Network,,,13606061,13606061,I24 EXIT11 / STATION 4 (RR),22992511,247,3246821291,2024-07-21T16:57:28Z,2024-07-21T17:47:30Z,,36.660099,52.687,membership,Payment by membership account and/or membership card,USCPIE13606061*1
ChargePoint Network,,,8851921,8851921,7SPC / SEVIERVILLE DC1,15571271,207,3203101611,2024-07-01T15:20:55Z,2024-07-01T16:12:20Z,,42.028599,57.903,membership,Payment by membership account and/or membership card,USCPIE8851921*1
ChargePoint Network,,,15885791,15885791,TWICKENHAM SQ / HU - STATION 3,25521611,247,3256595961,2024-07-25T17:07:55Z,2024-07-25T17:41:32Z,,36.382401,70.092,membership,Payment by membership account and/or membership card,USCPIE15885791*1
ChargePoint Network,,,13861861,13861861,BRMEMC / STATION 1,,,3246619461,2024-07-21T14:19:12Z,2024-07-21T14:21:13Z,,0.000000,,membership,Payment by membership account and/or membership card,USCPIE13861861*0
ChargePoint Network,,,13651631,13651631,MLEC / STATION 2 (R) H,23045821,247,3210531031,2024-07-04T20:25:42Z,2024-07-04T20:26:12Z,,0.000000,0.0,membership,Payment by membership account and/or membership card,USCPIE13651631*1
ChargePoint Network,,,15885771,15885771,TWICKENHAM SQ / HU - STATION 4,25521581,100011,3231442341,2024-07-14T23:13:06Z,2024-07-14T23:26:34Z,,4.694800,49.228,membership,Payment by membership account and/or membership card,USCPIE15885771*1
ChargePoint Network,,,12754021,12754021,WCMES / CITYHALL1-L,22015241,247,3209483071,2024-07-04T02:45:13Z,2024-07-04T03:08:36Z,,26.052401,77.025,membership,Payment by membership account and/or membership card,USCPIE12754021*1
ChargePoint Network,,,15885771,15885771,TWICKENHAM SQ / HU - STATION 4,25521581,247,3224121671,2024-07-11T13:12:50Z,2024-07-11T13:49:13Z,,36.281799,64.68,membership,Payment by membership account and/or membership card,USCPIE15885771*1
ChargePoint Network,,,8851921,8851921,7SPC / SEVIERVILLE DC1,15571271,207,3233018111,2024-07-15T17:44:04Z,2024-07-15T18:35:08Z,,28.920200,54.759,membership,Payment by membership account and/or membership card,USCPIE8851921*1
ChargePoint Network,,,12720861,12720861,WRECC / STATION 2,21977121,247,3261200881,2024-07-27T17:53:03Z,2024-07-27T17:53:31Z,,0.000000,0.0,membership,Payment by membership account and/or membership card,USCPIE12720861*1
ChargePoint Network,,,14355271,14355271,HARTSELLE 1 / STATION 1 (L),23865711,247,3222682061,2024-07-10T20:42:26Z,2024-07-10T21:20:49Z,,33.437401,55.115,membership,Payment by membership account and/or membership card,USCPIE14355271*1
ChargePoint Network,,,682921,682921,7SPC / TVPPA OFFICE,9117251,3,3213261811,2024-07-06T11:06:29Z,2024-07-06T16:12:39Z,,31.488140,6.2942,membership,Payment by membership account and/or membership card,USCPIE682921*1
ChargePoint Network,,,13606061,13606061,I24 EXIT11 / STATION 4 (RR),22992511,247,3206397861,2024-07-02T22:05:55Z,2024-07-02T22:46:00Z,,43.985100,78.204,membership,Payment by membership account and/or membership card,USCPIE13606061*1
ChargePoint Network,,,5354011,5354011,7SPC / GREENEVILLE TA,8936791,207,3213858911,2024-07-06T19:34:06Z,2024-07-06T19:39:40Z,,2.208400,0.0,membership,Payment by membership account and/or membership card,USCPIE5354011*1
ChargePoint Network,,,16022131,16022131,ACEPA / ACE STATION 1,25683791,247,3233878861,2024-07-16T00:10:33Z,2024-07-16T00:12:29Z,,0.183500,0.0,membership,Payment by membership account and/or membership card,USCPIE16022131*1
ChargePoint Network,,,15885151,15885151,TWICKENHAM SQ / HU - STATION 2,25520801,247,3256471521,2024-07-25T16:20:17Z,2024-07-25T16:38:14Z,,22.780800,78.596,membership,Payment by membership account and/or membership card,USCPIE15885151*1
ChargePoint Network,,,14337501,14337501,HOLSTONELECTRIC / CHURCH HILL-2,23845091,100011,3233683071,2024-07-15T22:39:46Z,2024-07-15T23:46:38Z,,36.501999,51.291,credit_card_terminal,Payment via credit card or debit card terminal,USCPIE14337501*1
ChargePoint Network,,,5346231,5346231,CULLMANELECTRIC / STATION2-R,8926271,247,3243284011,2024-07-19T18:51:20Z,2024-07-19T18:54:13Z,,0.000000,0.0,membership,Payment by membership account and/or membership card,USCPIE5346231*1
ChargePoint Network,,,12720881,12720881,WRECC / STATION 1,21977141,247,3213357831,2024-07-06T13:41:23Z,2024-07-06T14:46:39Z,,33.144600,53.807,membership,Payment by membership account and/or membership card,USCPIE12720881*1
ChargePoint Network,,,12406491,12406491,FPIA / LEFT STATION,21527781,247,3243108431,2024-07-19T17:27:56Z,2024-07-19T17:50:52Z,,22.496300,76.814,credit_card_terminal,Payment via credit card or debit card terminal,USCPIE12406491*1
ChargePoint Network,,,15332321,15332321,TUA NW ATLANTIC / STATION 1 (L),24867861,247,3259612491,2024-07-26T21:03:09Z,2024-07-26T21:27:52Z,,31.545900,78.584,membership,Payment by membership account and/or membership card,USCPIE15332321*1
ChargePoint Network,,,12406401,12406401,FPIA / RIGHT STATION,21527671,247,3238010601,2024-07-17T16:54:14Z,2024-07-17T17:18:02Z,,26.601601,76.244,membership,Payment by membership account and/or membership card,USCPIE12406401*1
ChargePoint Network,,,13664501,13664501,BTES / STATION 4 (RR),23060561,247,3215036351,2024-07-07T14:42:46Z,2024-07-07T14:55:01Z,,12.971900,72.8,credit_card_terminal,Payment via credit card or debit card terminal,USCPIE13664501*1
ChargePoint Network,,,15885791,15885791,TWICKENHAM SQ / HU - STATION 3,25521611,247,3257374281,2024-07-25T22:41:18Z,2024-07-25T23:10:15Z,,9.809800,79.001,membership,Payment by membership account and/or membership card,USCPIE15885791*1
ChargePoint Network,,,15684301,15684301,MLEC / STATION 1 (L) W,25280151,247,3253351751,2024-07-24T12:49:45Z,2024-07-24T13:14:43Z,,21.199800,52.597,membership,Payment by membership account and/or membership card,USCPIE15684301*1
ChargePoint Network,,,5122191,5122191,CULLMANELECTRIC / STATION1-L,8482151,247,3247356951,2024-07-21T22:16:12Z,2024-07-21T22:34:16Z,,14.104700,54.611,membership,Payment by membership account and/or membership card,USCPIE5122191*1
ChargePoint Network,,,5380331,5380331,CULLMAN PB / STATION 1,8970951,3,3232499961,2024-07-15T14:19:17Z,2024-07-15T14:21:16Z,,0.000000,0.0,membership,Payment by membership account and/or membership card,USCPIE5380331*1
ChargePoint Network,,,15885771,15885771,TWICKENHAM SQ / HU - STATION 4,,,3243429951,2024-07-19T19:53:39Z,2024-07-19T19:55:40Z,,0.000000,,membership,Payment by membership account and/or membership card,USCPIE15885771*0
ChargePoint Network,,,1964521,1964521,EBOFG / GUNTERSVILLE PD,8374211,3,3256570891,2024-07-25T16:57:20Z,2024-07-25T22:01:44Z,,6.598328,3.6829,membership,Payment by membership account and/or membership card,USCPIE1964521*2
ChargePoint Network,,,5565191,5565191,7SPC / DOLLYWOOD EMPL,9205031,3,3213313631,2024-07-06T12:48:31Z,2024-07-06T17:47:08Z,,23.214203,6.936,membership,Payment by membership account and/or membership card,USCPIE5565191*1
ChargePoint Network,,,15885771,15885771,TWICKENHAM SQ / HU - STATION 4,25521581,247,3231699851,2024-07-15T01:39:08Z,2024-07-15T01:48:02Z,,9.210100,70.722,membership,Payment by membership account and/or membership card,USCPIE15885771*1
ChargePoint Network,,,1933211,1933211,BRIGHTRIDGE EV / BR-JONESBOROUGH,2283641,3,3237737371,2024-07-17T15:19:02Z,2024-07-17T21:54:13Z,,40.090721,6.2051,membership,Payment by membership account and/or membership card,USCPIE1933211*2
ChargePoint Network,,,8851921,8851921,7SPC / SEVIERVILLE DC1,15571271,207,3226771101,2024-07-12T14:13:13Z,2024-07-12T15:10:27Z,,48.464001,57.833,membership,Payment by membership account and/or membership card,USCPIE8851921*1
ChargePoint Network,,,15694081,15694081,BRIGHTRIDGE EV / STATION 2 (R),25291921,247,3265097951,2024-07-29T18:34:54Z,2024-07-29T19:20:30Z,,41.705898,73.43,membership,Payment by membership account and/or membership card,USCPIE15694081*1
ChargePoint Network,,,13659831,13659831,LAWRENCEBURG / STATION 1 (L),23054881,247,3233516081,2024-07-15T21:28:54Z,2024-07-15T22:20:24Z,,62.447701,86.239,membership,Payment by membership account and/or membership card,USCPIE13659831*1
ChargePoint Network,,,14097801,14097801,SCOTTSBORO EPB / SEPB DCFC (L),23570921,247,3267453881,2024-07-30T17:36:51Z,2024-07-30T18:38:52Z,,69.018097,102.599,membership,Payment by membership account and/or membership card,USCPIE14097801*1
ChargePoint Network,,,1932851,1932851,BRIGHTRIDGE EV / BR-JC LIBRARY,23319821,3,3212226651,2024-07-05T20:22:20Z,2024-07-05T20:48:08Z,,3.055402,7.4044,membership,Payment by membership account and/or membership card,USCPIE1932851*2
ChargePoint Network,,,15684341,15684341,MLEC / STATION 2 (R) W,25280201,247,3210765051,2024-07-04T23:37:24Z,2024-07-04T23:39:32Z,,0.000000,0.0,membership,Payment by membership account and/or membership card,USCPIE15684341*1
ChargePoint Network,,,13606061,13606061,I24 EXIT11 / STATION 4 (RR),22992511,247,3217913701,2024-07-08T21:52:53Z,2024-07-08T22:25:56Z,,39.169800,76.238,membership,Payment by membership account and/or membership card,USCPIE13606061*1
ChargePoint Network,,,13966851,13966851,BEA / STATION 1 (LL),,,3243168691,2024-07-19T17:54:41Z,2024-07-19T17:56:43Z,,0.000000,0.0,membership,Payment by membership account and/or membership card,USCPIE13966851*0
ChargePoint Network,,,12720861,12720861,WRECC / STATION 2,21977121,247,3263664441,2024-07-29T01:26:56Z,2024-07-29T02:00:18Z,,25.366501,54.75,roaming,Payment via roaming partners,USCPIE12720861*1
ChargePoint Network,,,5346231,5346231,CULLMANELECTRIC / STATION2-R,8926271,100011,3263098421,2024-07-28T20:06:14Z,2024-07-28T20:56:23Z,,27.960199,40.228,membership,Payment by membership account and/or membership card,USCPIE5346231*1
ChargePoint Network,,,5122191,5122191,CULLMANELECTRIC / STATION1-L,8482151,247,3215053691,2024-07-07T15:00:00Z,2024-07-07T15:41:37Z,,42.160801,63.04,roaming,Payment via roaming partners,USCPIE5122191*1
ChargePoint Network,,,12754021,12754021,WCMES / CITYHALL1-L,22015241,247,3232263531,2024-07-15T12:12:26Z,2024-07-15T12:31:35Z,,21.763300,74.283,membership,Payment by membership account and/or membership card,USCPIE12754021*1
ChargePoint Network,,,12406401,12406401,FPIA / RIGHT STATION,21527671,247,3209049281,2024-07-03T23:06:51Z,2024-07-03T23:22:44Z,,23.291401,93.483,membership,Payment by membership account and/or membership card,USCPIE12406401*1
ChargePoint Network,,,13966031,13966031,BEA / STATION 4 (RR),23419961,247,3243711101,2024-07-19T21:58:54Z,2024-07-19T22:30:04Z,,36.990398,123.199,phone_online,"Payment through mobile app, website, automated phone number or messaging system",USCPIE13966031*1
ChargePoint Network,,,13292801,13292801,LODGE CAST IRON / STORE & MUSEUM,22637551,3,3222171881,2024-07-10T16:54:55Z,2024-07-10T22:11:05Z,,36.914120,7.1685,credit_card_terminal,Payment via credit card or debit card terminal,USCPIE13292801*1
ChargePoint Network,,,15885771,15885771,TWICKENHAM SQ / HU - STATION 4,25521581,247,3240067831,2024-07-18T13:59:19Z,2024-07-18T15:02:25Z,,16.472900,54.087,membership,Payment by membership account and/or membership card,USCPIE15885771*1
ChargePoint Network,,,12406491,12406491,FPIA / LEFT STATION,21527781,247,3229041201,2024-07-13T15:34:19Z,2024-07-13T16:03:36Z,,29.509701,74.027,membership,Payment by membership account and/or membership card,USCPIE12406491*1
ChargePoint Network,,,14083151,14083151,STEMC / STATION 2 (R) H,23554701,247,3246572101,2024-07-21T13:27:09Z,2024-07-21T13:36:22Z,,10.187700,72.716,membership,Payment by membership account and/or membership card,USCPIE14083151*1
ChargePoint Network,,,15885771,15885771,TWICKENHAM SQ / HU - STATION 4,25521581,247,3214998161,2024-07-07T14:00:56Z,2024-07-07T14:15:43Z,,12.583800,59.973,membership,Payment by membership account and/or membership card,USCPIE15885771*1
ChargePoint Network,,,13861891,13861891,BRMEMC / STATION 2,23296321,247,3214931251,2024-07-07T12:25:48Z,2024-07-07T13:05:04Z,,37.035400,71.8,membership,Payment by membership account and/or membership card,USCPIE13861891*1
ChargePoint Network,,,12720881,12720881,WRECC / STATION 1,,,3242291761,2024-07-19T10:32:59Z,2024-07-19T10:35:01Z,,0.000000,,membership,Payment by membership account and/or membership card,USCPIE12720881*0
ChargePoint Network,,,8851921,8851921,7SPC / SEVIERVILLE DC1,15571271,207,3213725281,2024-07-06T18:09:57Z,2024-07-06T19:23:27Z,,72.195000,62.0,membership,Payment by membership account and/or membership card,USCPIE8851921*1
ChargePoint Network,,,15250701,15250701,SES-TN / STATION 2,24772611,247,3260787861,2024-07-27T12:41:59Z,2024-07-27T13:32:10Z,,57.276798,74.268,membership,Payment by membership account and/or membership card,USCPIE15250701*1
ChargePoint Network,,,13290491,13290491,7SPC / NASA USSRC L,25742681,3,3253577471,2024-07-24T14:32:42Z,2024-07-24T16:30:20Z,,10.514537,5.4228,membership,Payment by membership account and/or membership card,USCPIE13290491*2
ChargePoint Network,,,5565201,5565201,7SPC / SCES LECONTE 2,9205061,3,3261024071,2024-07-27T16:02:03Z,2024-07-27T17:28:44Z,,9.884822,6.9765,membership,Payment by membership account and/or membership card,USCPIE5565201*2
ChargePoint Network,,,15885771,15885771,TWICKENHAM SQ / HU - STATION 4,25521581,247,3247122691,2024-07-21T20:02:34Z,2024-07-21T20:18:47Z,,17.918501,72.101,membership,Payment by membership account and/or membership card,USCPIE15885771*1
ChargePoint Network,,,5424051,5424051,EEDEV / ELIZ DOWNTOWN,9027001,3,3210818371,2024-07-05T00:23:06Z,2024-07-05T02:22:03Z,,14.134332,7.2504,credit_card_terminal,Payment via credit card or debit card terminal,USCPIE5424051*2
ChargePoint Network,,,13290491,13290491,7SPC / NASA USSRC L,25742671,3,3243329961,2024-07-19T19:12:45Z,2024-07-19T21:19:29Z,,12.762823,6.1405,membership,Payment by membership account and/or membership card,USCPIE13290491*1
ChargePoint Network,,,15332321,15332321,TUA NW ATLANTIC / STATION 1 (L),24867861,247,3227366451,2024-07-12T18:34:01Z,2024-07-12T19:05:05Z,,0.000000,0.0,membership,Payment by membership account and/or membership card,USCPIE15332321*1
ChargePoint Network,,,13861891,13861891,BRMEMC / STATION 2,,,3209319941,2024-07-04T01:13:59Z,2024-07-04T01:15:40Z,,0.000000,,membership,Payment by membership account and/or membership card,USCPIE13861891*0
ChargePoint Network,,,15885251,15885251,TWICKENHAM SQ / HU - STATION 1,25520941,247,3217652111,2024-07-08T19:54:49Z,2024-07-08T20:55:36Z,,59.687901,63.18,membership,Payment by membership account and/or membership card,USCPIE15885251*1
ChargePoint Network,,,5350831,5350831,CULLMANELECTRIC / CEC MAIN OFFICE,8932501,3,3219834361,2024-07-09T18:04:51Z,2024-07-09T18:36:56Z,,3.178341,6.1558,membership,Payment by membership account and/or membership card,USCPIE5350831*2
ChargePoint Network,,,15332321,15332321,TUA NW ATLANTIC / STATION 1 (L),24867861,247,3208896841,2024-07-03T22:00:36Z,2024-07-03T22:43:17Z,,32.615101,73.458,membership,Payment by membership account and/or membership card,USCPIE15332321*1
ChargePoint Network,,,12720861,12720861,WRECC / STATION 2,21977121,247,3243355071,2024-07-19T19:23:45Z,2024-07-19T19:30:36Z,,6.805900,71.199,membership,Payment by membership account and/or membership card,USCPIE12720861*1
ChargePoint Network,,,15836981,15836981,TOMBIGBEE / TEPA CHARGER 2,25462651,247,3215441551,2024-07-07T19:22:26Z,2024-07-07T19:47:35Z,,29.189899,74.25,membership,Payment by membership account and/or membership card,USCPIE15836981*1
ChargePoint Network,,,15694081,15694081,BRIGHTRIDGE EV / STATION 2 (R),25291921,247,3216589771,2024-07-08T11:43:14Z,2024-07-08T12:36:04Z,,48.591301,86.027,membership,Payment by membership account and/or membership card,USCPIE15694081*1
ChargePoint Network,,,14097711,14097711,SCOTTSBORO EPB / SEPB DCFC (R),23570811,247,3236564741,2024-07-17T01:06:12Z,2024-07-17T01:08:55Z,,0.000000,0.0,credit_card_terminal,Payment via credit card or debit card terminal,USCPIE14097711*1
ChargePoint Network,,,1988141,1988141,7SPC / SCES DREAM MORE,2355561,3,3233608441,2024-07-15T22:08:03Z,2024-07-15T22:26:48Z,,2.076830,6.8723,membership,Payment by membership account and/or membership card,USCPIE1988141*1
ChargePoint Network,,,7173851,7173851,SCOTTSBORO EPB / MAIN OFFICE,12310861,3,3262627721,2024-07-28T14:49:52Z,2024-07-28T18:09:33Z,,24.023449,7.3288,membership,Payment by membership account and/or membership card,USCPIE7173851*1
ChargePoint Network,,,15640031,15640031,NECDC / STATION 1 (L),25228511,247,3246462921,2024-07-21T09:25:09Z,2024-07-21T09:54:45Z,,52.024200,109.241,phone_online,"Payment through mobile app, website, automated phone number or messaging system",USCPIE15640031*1
ChargePoint Network,,,5565251,5565251,7SPC / SCES LECONTE 3,9205121,3,3216747031,2024-07-08T13:18:10Z,2024-07-08T20:39:39Z,,52.178669,7.2153,membership,Payment by membership account and/or membership card,USCPIE5565251*1
ChargePoint Network,,,12754021,12754021,WCMES / CITYHALL1-L,22015241,247,3217108581,2024-07-08T15:52:25Z,2024-07-08T15:56:59Z,,0.000000,0.0,credit_card_terminal,Payment via credit card or debit card terminal,USCPIE12754021*1
ChargePoint Network,,,5363211,5363211,HARTSELLE 1 / HARTSELLE 1,23427581,3,3228900201,2024-07-13T13:39:42Z,2024-07-13T16:23:44Z,,19.202072,7.1385,membership,Payment by membership account and/or membership card,USCPIE5363211*2
ChargePoint Network,,,15640171,15640171,NECDC / STATION 2 (R),25228711,247,3231842811,2024-07-15T03:10:20Z,2024-07-15T03:34:59Z,,21.804701,75.253,membership,Payment by membership account and/or membership card,USCPIE15640171*1
ChargePoint Network,,,12720861,12720861,WRECC / STATION 2,21977121,247,3254465041,2024-07-24T20:26:43Z,2024-07-24T20:29:29Z,,0.000000,0.0,membership,Payment by membership account and/or membership card,USCPIE12720861*1
ChargePoint Network,,,1964521,1964521,EBOFG / GUNTERSVILLE PD,8374211,3,3239700631,2024-07-18T09:46:54Z,2024-07-18T13:37:21Z,,28.401117,7.4716,membership,Payment by membership account and/or membership card,USCPIE1964521*2
ChargePoint Network,,,8851921,8851921,7SPC / SEVIERVILLE DC1,15571271,207,3228429441,2024-07-13T03:02:59Z,2024-07-13T03:49:10Z,,39.911098,59.751,membership,Payment by membership account and/or membership card,USCPIE8851921*1
ChargePoint Network,,,14047321,14047321,JEFFERSON AVE. / OXFORD STA2(R),23514081,247,3234548971,2024-07-16T09:50:17Z,2024-07-16T10:06:58Z,,18.716000,69.934,membership,Payment by membership account and/or membership card,USCPIE14047321*1
ChargePoint Network,,,14359531,14359531,EBOFG / STATION 2 (R),23870331,247,3227541251,2024-07-12T19:51:37Z,2024-07-12T22:03:22Z,,46.418301,88.4,credit_card_terminal,Payment via credit card or debit card terminal,USCPIE14359531*1
ChargePoint Network,,,15548151,15548151,DECATURDOWNTWN / STATION 1 (R),25119511,247,3233238301,2024-07-15T19:27:27Z,2024-07-15T19:32:20Z,,3.626600,54.321,credit_card_terminal,Payment via credit card or debit card terminal,USCPIE15548151*1
ChargePoint Network,,,14083151,14083151,STEMC / STATION 2 (R) H,23554701,247,3247611501,2024-07-22T00:34:39Z,2024-07-22T00:50:07Z,,16.386600,67.62,membership,Payment by membership account and/or membership card,USCPIE14083151*1
ChargePoint Network,,,14047321,14047321,JEFFERSON AVE. / OXFORD STA2(R),23514081,247,3225809551,2024-07-12T00:58:48Z,2024-07-12T01:32:44Z,,22.215500,40.134,membership,Payment by membership account and/or membership card,USCPIE14047321*1
ChargePoint Network,,,14359531,14359531,EBOFG / STATION 2 (R),23870331,247,3219877761,2024-07-09T18:27:18Z,2024-07-09T18:37:33Z,,0.000000,0.0,credit_card_terminal,Payment via credit card or debit card terminal,USCPIE14359531*1
ChargePoint Network,,,15815141,15815141,GEA-1 / STATION 1 (L),25435121,247,3238289861,2024-07-17T19:05:12Z,2024-07-17T19:48:26Z,,40.100899,60.192,membership,Payment by membership account and/or membership card,USCPIE15815141*1
ChargePoint Network,,,15332351,15332351,TUA NW ATLANTIC / STATION 2 (R),24867891,247,3210811661,2024-07-05T00:17:00Z,2024-07-05T00:23:14Z,,6.633400,0.0,membership,Payment by membership account and/or membership card,USCPIE15332351*1
ChargePoint Network,,,15280471,15280471,SPRFLD ELECTRIC / STATION 1 (L),24807681,247,3218374241,2024-07-09T01:30:37Z,2024-07-09T01:39:14Z,,7.577200,0.0,membership,Payment by membership account and/or membership card,USCPIE15280471*1
ChargePoint Network,,,5346231,5346231,CULLMANELECTRIC / STATION2-R,8926271,247,3212695991,2024-07-06T00:50:35Z,2024-07-06T00:51:14Z,,0.000000,0.0,other,Any other payment method not specified above. Additional description should be provided in Payment Method Description.,USCPIE5346231*1
ChargePoint Network,,,13606061,13606061,I24 EXIT11 / STATION 4 (RR),22992511,247,3215054581,2024-07-07T14:59:49Z,2024-07-07T15:07:31Z,,7.636600,0.0,credit_card_terminal,Payment via credit card or debit card terminal,USCPIE13606061*1
ChargePoint Network,,,5466441,5466441,7SPC / NASA USSRC R,9079371,3,3215136971,2024-07-07T16:07:21Z,2024-07-07T16:28:33Z,,1.177070,3.398,membership,Payment by membership account and/or membership card,USCPIE5466441*2
ChargePoint Network,,,8851921,8851921,7SPC / SEVIERVILLE DC1,15571271,207,3210523301,2024-07-04T20:19:29Z,2024-07-04T20:21:07Z,,0.000000,0.0,other,Any other payment method not specified above. Additional description should be provided in Payment Method Description.,USCPIE8851921*1
ChargePoint Network,,,8851921,8851921,7SPC / SEVIERVILLE DC1,15571271,100011,3209272211,2024-07-04T00:55:32Z,2024-07-04T01:31:09Z,,4.135500,27.832,membership,Payment by membership account and/or membership card,USCPIE8851921*1
ChargePoint Network,,,5565241,5565241,7SPC / SCES LECONTE 4,9205101,3,3233919291,2024-07-16T00:29:29Z,2024-07-16T10:11:08Z,,66.483009,6.9677,membership,Payment by membership account and/or membership card,USCPIE5565241*1
ChargePoint Network,,,13026471,13026471,WCMES / CITYHALL2-R,22328331,247,3206199571,2024-07-02T20:41:22Z,2024-07-02T21:35:14Z,,34.946499,72.519,membership,Payment by membership account and/or membership card,USCPIE13026471*1
ChargePoint Network,,,15885151,15885151,TWICKENHAM SQ / HU - STATION 2,25520801,247,3261050141,2024-07-27T16:18:42Z,2024-07-27T16:19:07Z,,0.000000,0.0,credit_card_terminal,Payment via credit card or debit card terminal,USCPIE15885151*1
ChargePoint Network,,,15694081,15694081,BRIGHTRIDGE EV / STATION 2 (R),25291921,247,3248770521,2024-07-22T15:42:16Z,2024-07-22T16:45:10Z,,71.175003,97.959,credit_card_terminal,Payment via credit card or debit card terminal,USCPIE15694081*1
ChargePoint Network,,,15885771,15885771,TWICKENHAM SQ / HU - STATION 4,25521581,247,3215315011,2024-07-07T18:05:54Z,2024-07-07T18:29:34Z,,21.180700,59.436,membership,Payment by membership account and/or membership card,USCPIE15885771*1
ChargePoint Network,,,1844191,1844191,CLW / MAIN ST,23050431,3,3227091471,2024-07-12T16:26:35Z,2024-07-12T21:28:42Z,,34.495316,6.9648,membership,Payment by membership account and/or membership card,USCPIE1844191*1
ChargePoint Network,,,15623211,15623211,CLW / 5TH ST 2 (R),25208281,247,3215483991,2024-07-07T19:48:19Z,2024-07-07T20:33:44Z,,53.643200,76.435,membership,Payment by membership account and/or membership card,USCPIE15623211*1
ChargePoint Network,,,1964521,1964521,EBOFG / GUNTERSVILLE PD,8374211,3,3210487141,2024-07-04T19:50:36Z,2024-07-04T21:04:54Z,,4.686828,3.8497,membership,Payment by membership account and/or membership card,USCPIE1964521*2
ChargePoint Network,,,8851921,8851921,7SPC / SEVIERVILLE DC1,15571271,207,3257190741,2024-07-25T21:25:00Z,2024-07-25T22:05:46Z,,29.541500,58.212,membership,Payment by membership account and/or membership card,USCPIE8851921*1
ChargePoint Network,,,15548151,15548151,DECATURDOWNTWN / STATION 1 (R),25119511,247,3236483611,2024-07-17T00:34:25Z,2024-07-17T01:07:31Z,,32.129501,64.68,credit_card_terminal,Payment via credit card or debit card terminal,USCPIE15548151*1
ChargePoint Network,,,15280441,15280441,SPRFLD ELECTRIC / STATION 2 (R),24807641,247,3210894591,2024-07-05T01:22:46Z,2024-07-05T01:57:17Z,,29.632500,53.279,membership,Payment by membership account and/or membership card,USCPIE15280441*1
ChargePoint Network,,,1932851,1932851,BRIGHTRIDGE EV / BR-JC LIBRARY,23319821,3,3233403321,2024-07-15T20:38:48Z,2024-07-15T21:44:52Z,,7.763594,7.2101,credit_card_terminal,Payment via credit card or debit card terminal,USCPIE1932851*2
ChargePoint Network,,,15623211,15623211,CLW / 5TH ST 2 (R),25208281,247,3263179821,2024-07-28T20:54:45Z,2024-07-28T22:34:33Z,,80.804604,64.152,membership,Payment by membership account and/or membership card,USCPIE15623211*1
ChargePoint Network,,,15623231,15623231,CLW / 5TH ST 1 (L),25208301,247,3224883151,2024-07-11T18:18:29Z,2024-07-11T18:49:28Z,,33.039299,74.447,membership,Payment by membership account and/or membership card,USCPIE15623231*1
ChargePoint Network,,,5619801,5619801,7SPC / WARREN RECC BG,25687261,3,3244145541,2024-07-20T01:29:40Z,2024-07-20T02:18:11Z,,5.008722,6.2732,membership,Payment by membership account and/or membership card,USCPIE5619801*2
ChargePoint Network,,,15885791,15885791,TWICKENHAM SQ / HU - STATION 3,25521611,247,3229304121,2024-07-13T18:19:23Z,2024-07-13T18:45:54Z,,20.717899,54.236,membership,Payment by membership account and/or membership card,USCPIE15885791*1
ChargePoint Network,,,9677521,9677521,UT PARKING / S7 STATION 1,17169341,3,3251330021,2024-07-23T16:14:52Z,2024-07-23T20:12:08Z,,24.276127,7.0409,membership,Payment by membership account and/or membership card,USCPIE9677521*2
ChargePoint Network,,,5346231,5346231,CULLMANELECTRIC / STATION2-R,8926271,247,3245470281,2024-07-20T20:31:47Z,2024-07-20T21:12:38Z,,58.455101,110.11,membership,Payment by membership account and/or membership card,USCPIE5346231*1
ChargePoint Network,,,5466441,5466441,7SPC / NASA USSRC R,9079371,3,3263190541,2024-07-28T21:01:02Z,2024-07-28T21:47:04Z,,4.599472,6.0775,membership,Payment by membership account and/or membership card,USCPIE5466441*2
ChargePoint Network,,,13966031,13966031,BEA / STATION 4 (RR),23419961,247,3233239381,2024-07-15T19:28:16Z,2024-07-15T19:38:17Z,,10.591400,67.62,membership,Payment by membership account and/or membership card,USCPIE13966031*1
ChargePoint Network,,,15836871,15836871,TOMBIGBEE / TEPA CHARGER 1,25462501,247,3212655231,2024-07-06T00:26:02Z,2024-07-06T00:56:05Z,,26.261999,123.045,membership,Payment by membership account and/or membership card,USCPIE15836871*1
ChargePoint Network,,,12720861,12720861,WRECC / STATION 2,21977121,247,3252347671,2024-07-23T23:32:03Z,2024-07-23T23:54:31Z,,42.791500,118.848,phone_online,"Payment through mobile app, website, automated phone number or messaging system",USCPIE12720861*1
ChargePoint Network,,,15548151,15548151,DECATURDOWNTWN / STATION 1 (R),25119511,247,3238841971,2024-07-17T22:59:51Z,2024-07-17T23:53:48Z,,30.903700,54.02,membership,Payment by membership account and/or membership card,USCPIE15548151*1
ChargePoint Network,,,15742641,15742641,GEA-1 / STATION 2 (R),,,3229057541,2024-07-13T15:44:07Z,2024-07-13T15:46:08Z,,0.000000,,membership,Payment by membership account and/or membership card,USCPIE15742641*0
ChargePoint Network,,,15332351,15332351,TUA NW ATLANTIC / STATION 2 (R),24867891,247,3229348831,2024-07-13T18:47:29Z,2024-07-13T19:15:12Z,,31.331200,74.099,other,Any other payment method not specified above. Additional description should be provided in Payment Method Description.,USCPIE15332351*1
ChargePoint Network,,,15694081,15694081,BRIGHTRIDGE EV / STATION 2 (R),25291921,100011,3214799721,2024-07-07T06:29:25Z,2024-07-07T06:47:37Z,,8.784400,49.75,membership,Payment by membership account and/or membership card,USCPIE15694081*1
ChargePoint Network,,,13292801,13292801,LODGE CAST IRON / STORE & MUSEUM,22637561,3,3266797411,2024-07-30T13:23:31Z,2024-07-30T14:10:42Z,,5.319112,6.8934,credit_card_terminal,Payment via credit card or debit card terminal,USCPIE13292801*2
ChargePoint Network,,,13659831,13659831,LAWRENCEBURG / STATION 1 (L),23054881,247,3258984381,2024-07-26T16:23:24Z,2024-07-26T17:50:15Z,,48.129101,54.611,membership,Payment by membership account and/or membership card,USCPIE13659831*1
ChargePoint Network,,,13861891,13861891,BRMEMC / STATION 2,23296321,247,3215551221,2024-07-07T20:28:33Z,2024-07-07T21:23:47Z,,64.312897,76.05,membership,Payment by membership account and/or membership card,USCPIE13861891*1
ChargePoint Network,,,14047321,14047321,JEFFERSON AVE. / OXFORD STA2(R),23514081,247,3242423141,2024-07-19T12:19:06Z,2024-07-19T12:19:49Z,,0.000000,0.0,credit_card_terminal,Payment via credit card or debit card terminal,USCPIE14047321*1
ChargePoint Network,,,13664471,13664471,BTES / STATION 3 (RM),23060511,247,3248818991,2024-07-22T15:59:57Z,2024-07-22T16:10:07Z,,10.845000,0.0,membership,Payment by membership account and/or membership card,USCPIE13664471*1
ChargePoint Network,,,7505851,7505851,JEFFERSON AVE. / OXFORD STA1(L),12955471,247,3218085511,2024-07-08T23:11:10Z,2024-07-08T23:29:15Z,,20.379900,71.676,membership,Payment by membership account and/or membership card,USCPIE7505851*1
ChargePoint Network,,,7505851,7505851,JEFFERSON AVE. / OXFORD STA1(L),12955471,247,3209328621,2024-07-04T01:20:11Z,2024-07-04T01:49:16Z,,34.743698,76.238,membership,Payment by membership account and/or membership card,USCPIE7505851*1
ChargePoint Network,,,15694171,15694171,BRIGHTRIDGE EV / STATION 1 (L),25292041,247,3251773611,2024-07-23T19:28:14Z,2024-07-23T20:21:16Z,,53.822601,74.663,membership,Payment by membership account and/or membership card,USCPIE15694171*1
ChargePoint Network,,,14047321,14047321,JEFFERSON AVE. / OXFORD STA2(R),23514081,247,3235395921,2024-07-16T16:50:52Z,2024-07-16T16:51:31Z,,0.000000,0.0,membership,Payment by membership account and/or membership card,USCPIE14047321*1
ChargePoint Network,,,13803581,13803581,FPU / STATION 1 (L),23227201,247,3250204341,2024-07-23T02:34:15Z,2024-07-23T02:48:36Z,,12.315600,53.437,membership,Payment by membership account and/or membership card,USCPIE13803581*1
ChargePoint Network,,,14047321,14047321,JEFFERSON AVE. / OXFORD STA2(R),23514081,247,3233164081,2024-07-15T18:55:00Z,2024-07-15T19:16:34Z,,22.559200,70.199,membership,Payment by membership account and/or membership card,USCPIE14047321*1
ChargePoint Network,,,5346231,5346231,CULLMANELECTRIC / STATION2-R,8926271,247,3231388081,2024-07-14T22:44:45Z,2024-07-14T22:48:43Z,,0.000000,0.0,membership,Payment by membership account and/or membership card,USCPIE5346231*1
ChargePoint Network,,,15885151,15885151,TWICKENHAM SQ / HU - STATION 2,25520801,247,3221753281,2024-07-10T14:21:38Z,2024-07-10T15:14:57Z,,19.785200,60.917,membership,Payment by membership account and/or membership card,USCPIE15885151*1
ChargePoint Network,,,13664401,13664401,BTES / STATION 1 (LL),23060421,247,3261849131,2024-07-28T00:11:37Z,2024-07-28T00:32:55Z,,21.007099,62.062,membership,Payment by membership account and/or membership card,USCPIE13664401*1
ChargePoint Network,,,13803581,13803581,FPU / STATION 1 (L),23227201,247,3256012991,2024-07-25T13:31:50Z,2024-07-25T14:26:32Z,,31.533199,61.047,membership,Payment by membership account and/or membership card,USCPIE13803581*1
ChargePoint Network,,,16022131,16022131,ACEPA / ACE STATION 1,25683791,247,3249954291,2024-07-23T00:26:03Z,2024-07-23T00:54:43Z,,18.079500,54.682,membership,Payment by membership account and/or membership card,USCPIE16022131*1
ChargePoint Network,,,13606091,13606091,I24 EXIT11 / STATION 3 (RM),22992551,247,3215424381,2024-07-07T19:11:54Z,2024-07-07T19:46:25Z,,33.824699,75.041,membership,Payment by membership account and/or membership card,USCPIE13606091*1
ChargePoint Network,,,5565241,5565241,7SPC / SCES LECONTE 4,9205101,3,3214312361,2024-07-07T00:14:25Z,2024-07-07T12:35:57Z,,57.362568,7.0033,membership,Payment by membership account and/or membership card,USCPIE5565241*1
ChargePoint Network,,,5122191,5122191,CULLMANELECTRIC / STATION1-L,8482151,100011,3205649151,2024-07-02T16:33:50Z,2024-07-02T17:28:08Z,,16.218000,18.423,membership,Payment by membership account and/or membership card,USCPIE5122191*1
ChargePoint Network,,,15885151,15885151,TWICKENHAM SQ / HU - STATION 2,,,3253961751,2024-07-24T16:47:21Z,2024-07-24T16:48:10Z,,0.000000,,membership,Payment by membership account and/or membership card,USCPIE15885151*0
ChargePoint Network,,,13861891,13861891,BRMEMC / STATION 2,23296321,247,3244948621,2024-07-20T15:16:04Z,2024-07-20T15:30:37Z,,17.147800,76.83,membership,Payment by membership account and/or membership card,USCPIE13861891*1
ChargePoint Network,,,13664471,13664471,BTES / STATION 3 (RM),23060511,247,3225027301,2024-07-11T19:23:29Z,2024-07-11T20:06:15Z,,46.614101,68.949,membership,Payment by membership account and/or membership card,USCPIE13664471*1
ChargePoint Network,,,15694081,15694081,BRIGHTRIDGE EV / STATION 2 (R),25291921,247,3229638441,2024-07-13T21:37:53Z,2024-07-13T22:36:04Z,,50.582100,78.0,membership,Payment by membership account and/or membership card,USCPIE15694081*1
ChargePoint Network,,,13966031,13966031,BEA / STATION 4 (RR),23419961,247,3240582821,2024-07-18T17:09:22Z,2024-07-18T18:10:35Z,,63.046799,74.087,credit_card_terminal,Payment via credit card or debit card terminal,USCPIE13966031*1
ChargePoint Network,,,1988061,1988061,7SPC / SCES DOLLYWOOD,25499841,3,3250876901,2024-07-23T13:25:43Z,2024-07-23T20:22:42Z,,48.961227,7.2517,membership,Payment by membership account and/or membership card,USCPIE1988061*2
ChargePoint Network,,,15885771,15885771,TWICKENHAM SQ / HU - STATION 4,25521581,247,3251846721,2024-07-23T19:58:54Z,2024-07-23T22:44:04Z,,52.583401,76.041,membership,Payment by membership account and/or membership card,USCPIE15885771*1
ChargePoint Network,,,1988061,1988061,7SPC / SCES DOLLYWOOD,25499841,3,3260020121,2024-07-27T00:20:51Z,2024-07-27T02:10:40Z,,12.398090,7.2462,membership,Payment by membership account and/or membership card,USCPIE1988061*2
ChargePoint Network,,,13026471,13026471,WCMES / CITYHALL2-R,22328331,247,3232927901,2024-07-15T16:59:37Z,2024-07-15T17:46:27Z,,30.869101,75.851,credit_card_terminal,Payment via credit card or debit card terminal,USCPIE13026471*1
ChargePoint Network,,,7505851,7505851,JEFFERSON AVE. / OXFORD STA1(L),12955471,247,3224417231,2024-07-11T15:14:43Z,2024-07-11T15:59:28Z,,47.345501,76.625,credit_card_terminal,Payment via credit card or debit card terminal,USCPIE7505851*1
ChargePoint Network,,,5346231,5346231,CULLMANELECTRIC / STATION2-R,8926271,247,3229937381,2024-07-14T00:35:28Z,2024-07-14T00:56:32Z,,21.336300,54.008,membership,Payment by membership account and/or membership card,USCPIE5346231*1
ChargePoint Network,,,1964521,1964521,EBOFG / GUNTERSVILLE PD,8374211,3,3262625511,2024-07-28T14:47:56Z,2024-07-28T15:31:26Z,,4.655805,6.4825,membership,Payment by membership account and/or membership card,USCPIE1964521*2
ChargePoint Network,,,15548151,15548151,DECATURDOWNTWN / STATION 1 (R),25119511,247,3264596191,2024-07-29T15:05:15Z,2024-07-29T16:35:50Z,,63.412701,65.797,credit_card_terminal,Payment via credit card or debit card terminal,USCPIE15548151*1
ChargePoint Network,,,15260241,15260241,STEMC / STATION 1 (L) A,24784071,247,3204078911,2024-07-01T22:45:03Z,2024-07-01T22:45:15Z,,0.000000,0.0,membership,Payment by membership account and/or membership card,USCPIE15260241*1
ChargePoint Network,,,1988141,1988141,7SPC / SCES DREAM MORE,2355561,3,3255221561,2024-07-25T01:59:51Z,2024-07-25T11:44:45Z,,60.131981,7.102,membership,Payment by membership account and/or membership card,USCPIE1988141*1
ChargePoint Network,,,13966051,13966051,BEA / STATION 3 (RM),23419981,247,3229913071,2024-07-14T00:20:08Z,2024-07-14T00:43:30Z,,42.517200,113.679,membership,Payment by membership account and/or membership card,USCPIE13966051*1
ChargePoint Network,,,16022131,16022131,ACEPA / ACE STATION 1,,,3241435921,2024-07-18T23:19:23Z,2024-07-18T23:21:24Z,,0.000000,0.0,membership,Payment by membership account and/or membership card,USCPIE16022131*0
ChargePoint Network,,,15836981,15836981,TOMBIGBEE / TEPA CHARGER 2,,,3243594081,2024-07-19T21:05:21Z,2024-07-19T21:07:22Z,,0.000000,,membership,Payment by membership account and/or membership card,USCPIE15836981*0
ChargePoint Network,,,7505851,7505851,JEFFERSON AVE. / OXFORD STA1(L),12955471,247,3244216891,2024-07-20T02:05:44Z,2024-07-20T05:47:49Z,,20.671600,63.712,membership,Payment by membership account and/or membership card,USCPIE7505851*1
ChargePoint Network,,,14047321,14047321,JEFFERSON AVE. / OXFORD STA2(R),23514081,247,3215696201,2024-07-07T21:54:08Z,2024-07-07T22:29:19Z,,39.066200,77.223,membership,Payment by membership account and/or membership card,USCPIE14047321*1
ChargePoint Network,,,14359531,14359531,EBOFG / STATION 2 (R),23870331,247,3217925311,2024-07-08T21:57:53Z,2024-07-08T22:18:07Z,,21.812799,70.875,membership,Payment by membership account and/or membership card,USCPIE14359531*1
ChargePoint Network,,,13423691,13423691,AEC / STATION #1 (L),22787121,247,3219852781,2024-07-09T18:14:24Z,2024-07-09T18:23:08Z,,15.108300,72.82,membership,Payment by membership account and/or membership card,USCPIE13423691*1
ChargePoint Network,,,14337501,14337501,HOLSTONELECTRIC / CHURCH HILL-2,23845091,100011,3253214171,2024-07-24T11:21:15Z,2024-07-24T12:19:54Z,,37.078800,53.06,credit_card_terminal,Payment via credit card or debit card terminal,USCPIE14337501*1
ChargePoint Network,,,13659871,13659871,LAWRENCEBURG / STATION 2 (R),23054921,247,3267508781,2024-07-30T18:03:28Z,2024-07-30T18:22:12Z,,20.007900,68.309,membership,Payment by membership account and/or membership card,USCPIE13659871*1
ChargePoint Network,,,12406491,12406491,FPIA / LEFT STATION,21527781,247,3243634321,2024-07-19T21:25:31Z,2024-07-19T21:56:46Z,,33.268501,74.087,membership,Payment by membership account and/or membership card,USCPIE12406491*1
ChargePoint Network,,,13664501,13664501,BTES / STATION 4 (RR),23060561,247,3247370891,2024-07-21T22:23:58Z,2024-07-21T22:53:09Z,,31.063101,70.952,credit_card_terminal,Payment via credit card or debit card terminal,USCPIE13664501*1
ChargePoint Network,,,15694081,15694081,BRIGHTRIDGE EV / STATION 2 (R),25291921,247,3223205261,2024-07-11T00:33:51Z,2024-07-11T01:10:10Z,,30.663601,53.723,membership,Payment by membership account and/or membership card,USCPIE15694081*1
ChargePoint Network,,,13803581,13803581,FPU / STATION 1 (L),23227201,247,3247433311,2024-07-21T22:59:45Z,2024-07-21T23:00:42Z,,0.000000,0.0,membership,Payment by membership account and/or membership card,USCPIE13803581*1
ChargePoint Network,,,14359531,14359531,EBOFG / STATION 2 (R),23870331,247,3241697011,2024-07-19T01:13:44Z,2024-07-19T01:29:36Z,,16.799999,66.932,membership,Payment by membership account and/or membership card,USCPIE14359531*1
ChargePoint Network,,,5122191,5122191,CULLMANELECTRIC / STATION1-L,8482151,247,3238571621,2024-07-17T21:04:22Z,2024-07-17T21:06:19Z,,0.000000,0.0,membership,Payment by membership account and/or membership card,USCPIE5122191*1
ChargePoint Network,,,13664471,13664471,BTES / STATION 3 (RM),23060511,247,3238829381,2024-07-17T22:54:40Z,2024-07-17T23:55:36Z,,35.890701,54.464,credit_card_terminal,Payment via credit card or debit card terminal,USCPIE13664471*1
ChargePoint Network,,,15640171,15640171,NECDC / STATION 2 (R),25228711,247,3218199461,2024-07-09T00:07:39Z,2024-07-09T01:05:27Z,,59.684898,74.676,membership,Payment by membership account and/or membership card,USCPIE15640171*1
ChargePoint Network,,,14025691,14025691,PARIS BPU / STATION 1(L),23489541,247,3217873431,2024-07-08T21:34:08Z,2024-07-08T21:55:09Z,,22.948000,73.655,membership,Payment by membership account and/or membership card,USCPIE14025691*1
ChargePoint Network,,,15623231,15623231,CLW / 5TH ST 1 (L),25208301,247,3231274161,2024-07-14T21:38:33Z,2024-07-14T22:15:47Z,,22.699600,53.949,membership,Payment by membership account and/or membership card,USCPIE15623231*1
ChargePoint Network,,,5122191,5122191,CULLMANELECTRIC / STATION1-L,8482151,247,3235685881,2024-07-16T19:03:55Z,2024-07-16T19:27:55Z,,25.176600,74.052,membership,Payment by membership account and/or membership card,USCPIE5122191*1
ChargePoint Network,,,15640171,15640171,NECDC / STATION 2 (R),25228711,247,3212134191,2024-07-05T19:32:34Z,2024-07-05T20:25:24Z,,68.187897,88.307,credit_card_terminal,Payment via credit card or debit card terminal,USCPIE15640171*1
ChargePoint Network,,,8851921,8851921,7SPC / SEVIERVILLE DC1,15571271,207,3245434691,2024-07-20T20:11:49Z,2024-07-20T20:38:02Z,,23.436300,56.61,membership,Payment by membership account and/or membership card,USCPIE8851921*1
ChargePoint Network,,,14025691,14025691,PARIS BPU / STATION 1(L),23489541,247,3229603021,2024-07-13T21:16:48Z,2024-07-13T21:54:39Z,,41.046001,77.42,membership,Payment by membership account and/or membership card,USCPIE14025691*1
ChargePoint Network,,,13606061,13606061,I24 EXIT11 / STATION 4 (RR),22992511,247,3245272741,2024-07-20T18:38:07Z,2024-07-20T19:14:57Z,,38.863602,71.904,membership,Payment by membership account and/or membership card,USCPIE13606061*1
ChargePoint Network,,,7505851,7505851,JEFFERSON AVE. / OXFORD STA1(L),12955471,247,3252363241,2024-07-23T23:39:26Z,2024-07-23T23:40:07Z,,0.000000,0.0,membership,Payment by membership account and/or membership card,USCPIE7505851*1
ChargePoint Network,,,15250701,15250701,SES-TN / STATION 2,24772611,247,3238168261,2024-07-17T18:07:08Z,2024-07-17T19:20:29Z,,47.977600,124.464,membership,Payment by membership account and/or membership card,USCPIE15250701*1
ChargePoint Network,,,5346231,5346231,CULLMANELECTRIC / STATION2-R,8926271,247,3263244951,2024-07-28T21:31:04Z,2024-07-28T21:42:24Z,,19.168400,0.0,membership,Payment by membership account and/or membership card,USCPIE5346231*1
ChargePoint Network,,,13861891,13861891,BRMEMC / STATION 2,23296321,247,3222454361,2024-07-10T19:04:38Z,2024-07-10T19:39:20Z,,46.240398,85.847,phone_online,"Payment through mobile app, website, automated phone number or messaging system",USCPIE13861891*1
ChargePoint Network,,,5565191,5565191,7SPC / DOLLYWOOD EMPL,9205031,3,3251617051,2024-07-23T18:19:40Z,2024-07-23T22:44:51Z,,29.672516,6.7875,membership,Payment by membership account and/or membership card,USCPIE5565191*1
ChargePoint Network,,,13292801,13292801,LODGE CAST IRON / STORE & MUSEUM,22637561,3,3224401071,2024-07-11T15:09:48Z,2024-07-11T17:34:24Z,,16.536655,7.1136,credit_card_terminal,Payment via credit card or debit card terminal,USCPIE13292801*2
ChargePoint Network,,,15280471,15280471,SPRFLD ELECTRIC / STATION 1 (L),24807681,247,3213951161,2024-07-06T20:30:21Z,2024-07-06T21:09:13Z,,10.444800,42.625,credit_card_terminal,Payment via credit card or debit card terminal,USCPIE15280471*1
ChargePoint Network,,,5565191,5565191,7SPC / DOLLYWOOD EMPL,9205031,3,3260855411,2024-07-27T13:53:36Z,2024-07-27T16:14:57Z,,15.948020,6.9113,membership,Payment by membership account and/or membership card,USCPIE5565191*1
ChargePoint Network,,,12989161,12989161,BTES / CITY HALL,22285811,3,3252358251,2024-07-23T23:37:00Z,2024-07-24T02:08:08Z,,15.893016,6.9173,membership,Payment by membership account and/or membership card,USCPIE12989161*1
ChargePoint Network,,,5565201,5565201,7SPC / SCES LECONTE 2,9205061,3,3238594551,2024-07-17T21:13:57Z,2024-07-18T13:13:48Z,,63.766373,7.069,membership,Payment by membership account and/or membership card,USCPIE5565201*2
ChargePoint Network,,,13606091,13606091,I24 EXIT11 / STATION 3 (RM),,,3262499211,2024-07-28T12:02:01Z,2024-07-28T12:03:32Z,,0.000000,,credit_card_terminal,Payment via credit card or debit card terminal,USCPIE13606091*0
ChargePoint Network,,,1933211,1933211,BRIGHTRIDGE EV / BR-JONESBOROUGH,2283631,3,3206506761,2024-07-02T22:52:37Z,2024-07-03T08:55:40Z,,54.692905,6.3254,credit_card_terminal,Payment via credit card or debit card terminal,USCPIE1933211*1
ChargePoint Network,,,9677521,9677521,UT PARKING / S7 STATION 1,17169341,3,3224554751,2024-07-11T16:01:03Z,2024-07-11T19:56:39Z,,25.593063,7.1445,membership,Payment by membership account and/or membership card,USCPIE9677521*2
ChargePoint Network,,,5354011,5354011,7SPC / GREENEVILLE TA,8936791,207,3264515381,2024-07-29T14:35:41Z,2024-07-29T15:50:50Z,,37.667999,53.131,membership,Payment by membership account and/or membership card,USCPIE5354011*1
ChargePoint Network,,,13861861,13861861,BRMEMC / STATION 1,23296281,247,3229229091,2024-07-13T17:33:56Z,2024-07-13T18:18:37Z,,46.731300,86.385,credit_card_terminal,Payment via credit card or debit card terminal,USCPIE13861861*1
ChargePoint Network,,,1964521,1964521,EBOFG / GUNTERSVILLE PD,8374201,3,3210300801,2024-07-04T17:24:47Z,2024-07-04T18:20:22Z,,6.457239,7.1937,membership,Payment by membership account and/or membership card,USCPIE1964521*1
ChargePoint Network,,,7505851,7505851,JEFFERSON AVE. / OXFORD STA1(L),12955471,247,3258920241,2024-07-26T16:00:01Z,2024-07-26T16:58:35Z,,52.249901,77.027,membership,Payment by membership account and/or membership card,USCPIE7505851*1
ChargePoint Network,,,15332351,15332351,TUA NW ATLANTIC / STATION 2 (R),24867891,247,3246159221,2024-07-21T03:16:03Z,2024-07-21T05:02:13Z,,110.783401,86.828,membership,Payment by membership account and/or membership card,USCPIE15332351*1
ChargePoint Network,,,14047321,14047321,JEFFERSON AVE. / OXFORD STA2(R),23514081,247,3243386721,2024-07-19T19:37:48Z,2024-07-19T20:00:27Z,,26.101101,72.912,membership,Payment by membership account and/or membership card,USCPIE14047321*1
ChargePoint Network,,,15332321,15332321,TUA NW ATLANTIC / STATION 1 (L),24867861,247,3240998251,2024-07-18T20:13:59Z,2024-07-18T20:40:56Z,,22.374201,52.919,credit_card_terminal,Payment via credit card or debit card terminal,USCPIE15332321*1
ChargePoint Network,,,13606091,13606091,I24 EXIT11 / STATION 3 (RM),22992551,247,3240611351,2024-07-18T17:22:05Z,2024-07-18T18:17:36Z,,33.809799,54.9,membership,Payment by membership account and/or membership card,USCPIE13606091*1
ChargePoint Network,,,5414151,5414151,7SPC / UC - CARTHAGE,9014651,3,3251786351,2024-07-23T19:34:21Z,2024-07-23T21:14:27Z,,12.096997,7.3308,credit_card_terminal,Payment via credit card or debit card terminal,USCPIE5414151*2
ChargePoint Network,,,1921351,1921351,STARKVILLE UTIL / STARKVILLE DWTN,23682581,3,3212454961,2024-07-05T22:28:29Z,2024-07-06T15:10:20Z,,63.599251,7.299,credit_card_terminal,Payment via credit card or debit card terminal,USCPIE1921351*2
ChargePoint Network,,,15623231,15623231,CLW / 5TH ST 1 (L),25208301,247,3230544111,2024-07-14T12:25:48Z,2024-07-14T12:59:51Z,,40.967999,74.302,membership,Payment by membership account and/or membership card,USCPIE15623231*1
ChargePoint Network,,,15260241,15260241,STEMC / STATION 1 (L) A,24784071,247,3268246651,2024-07-30T23:19:46Z,2024-07-31T02:04:14Z,,45.200100,78.407,membership,Payment by membership account and/or membership card,USCPIE15260241*1
ChargePoint Network,,,5445161,5445161,7SPC / UC - LIVINGSTON,9052351,3,3258707571,2024-07-26T14:37:35Z,2024-07-26T15:02:09Z,,2.730536,6.9431,membership,Payment by membership account and/or membership card,USCPIE5445161*2
ChargePoint Network,,,13966031,13966031,BEA / STATION 4 (RR),23419961,247,3203060621,2024-07-01T15:05:13Z,2024-07-01T15:29:12Z,,17.617599,77.815,roaming,Payment via roaming partners,USCPIE13966031*1
ChargePoint Network,,,13966051,13966051,BEA / STATION 3 (RM),23419981,247,3244498361,2024-07-20T04:57:00Z,2024-07-20T05:26:08Z,,32.224201,73.695,membership,Payment by membership account and/or membership card,USCPIE13966051*1
ChargePoint Network,,,12720861,12720861,WRECC / STATION 2,21977121,247,3212514001,2024-07-05T23:02:18Z,2024-07-05T23:12:01Z,,12.287100,0.0,membership,Payment by membership account and/or membership card,USCPIE12720861*1
ChargePoint Network,,,5363211,5363211,HARTSELLE 1 / HARTSELLE 1,23427571,3,3243931121,2024-07-19T23:44:16Z,2024-07-20T00:43:29Z,,7.073479,7.3372,membership,Payment by membership account and/or membership card,USCPIE5363211*1
ChargePoint Network,,,13606061,13606061,I24 EXIT11 / STATION 4 (RR),22992511,247,3203920931,2024-07-01T21:32:22Z,2024-07-01T21:52:48Z,,22.655199,75.056,membership,Payment by membership account and/or membership card,USCPIE13606061*1
ChargePoint Network,,,13643801,13643801,PEPA / STATION 2,23036481,247,3212888401,2024-07-06T02:49:54Z,2024-07-06T03:00:11Z,,11.186700,73.061,membership,Payment by membership account and/or membership card,USCPIE13643801*1
ChargePoint Network,,,1933211,1933211,BRIGHTRIDGE EV / BR-JONESBOROUGH,2283631,3,3225330091,2024-07-11T21:28:56Z,2024-07-12T10:06:48Z,,54.034485,6.3309,credit_card_terminal,Payment via credit card or debit card terminal,USCPIE1933211*1
ChargePoint Network,,,13026471,13026471,WCMES / CITYHALL2-R,22328331,247,3233430721,2024-07-15T20:51:17Z,2024-07-15T21:46:46Z,,37.685299,72.519,membership,Payment by membership account and/or membership card,USCPIE13026471*1
ChargePoint Network,,,1844191,1844191,CLW / MAIN ST,23050431,3,3255035291,2024-07-25T00:33:11Z,2024-07-25T03:36:19Z,,22.068983,7.4007,membership,Payment by membership account and/or membership card,USCPIE1844191*1
ChargePoint Network,,,13026471,13026471,WCMES / CITYHALL2-R,22328331,247,3217153941,2024-07-08T16:07:29Z,2024-07-08T16:10:05Z,,0.000000,0.0,credit_card_terminal,Payment via credit card or debit card terminal,USCPIE13026471*1
ChargePoint Network,,,1964521,1964521,EBOFG / GUNTERSVILLE PD,8374201,3,3264459141,2024-07-29T14:09:12Z,2024-07-29T15:53:44Z,,12.653688,7.3842,membership,Payment by membership account and/or membership card,USCPIE1964521*1
ChargePoint Network,,,13423581,13423581,AEC / STATION #2 (R),22787011,247,3220007061,2024-07-09T19:24:52Z,2024-07-09T19:54:18Z,,30.181999,76.832,membership,Payment by membership account and/or membership card,USCPIE13423581*1
ChargePoint Network,,,15694171,15694171,BRIGHTRIDGE EV / STATION 1 (L),25292041,247,3245884261,2024-07-21T00:28:24Z,2024-07-21T00:29:44Z,,0.000000,0.0,membership,Payment by membership account and/or membership card,USCPIE15694171*1
ChargePoint Network,,,13606121,13606121,I24 EXIT11 / STATION 2 (LM),22992591,247,3250673341,2024-07-23T11:32:33Z,2024-07-23T11:33:10Z,,0.000000,0.0,credit_card_terminal,Payment via credit card or debit card terminal,USCPIE13606121*1
ChargePoint Network,,,16022131,16022131,ACEPA / ACE STATION 1,25683791,247,3257492721,2024-07-25T23:33:08Z,2024-07-26T00:33:18Z,,44.046200,77.419,membership,Payment by membership account and/or membership card,USCPIE16022131*1
ChargePoint Network,,,14337501,14337501,HOLSTONELECTRIC / CHURCH HILL-2,23845091,100011,3210044921,2024-07-04T13:50:34Z,2024-07-04T14:29:52Z,,28.912500,51.986,credit_card_terminal,Payment via credit card or debit card terminal,USCPIE14337501*1
ChargePoint Network,,,5346231,5346231,CULLMANELECTRIC / STATION2-R,8926271,247,3209688021,2024-07-04T04:41:49Z,2024-07-04T04:51:31Z,,7.854900,51.89,membership,Payment by membership account and/or membership card,USCPIE5346231*1
ChargePoint Network,,,13423691,13423691,AEC / STATION #1 (L),22787121,247,3264244931,2024-07-29T12:13:07Z,2024-07-29T12:20:52Z,,8.418000,69.384,membership,Payment by membership account and/or membership card,USCPIE13423691*1
ChargePoint Network,,,5122191,5122191,CULLMANELECTRIC / STATION1-L,8482151,247,3238565341,2024-07-17T21:01:37Z,2024-07-17T21:02:41Z,,0.000000,0.0,membership,Payment by membership account and/or membership card,USCPIE5122191*1
ChargePoint Network,,,1988141,1988141,7SPC / SCES DREAM MORE,2355571,3,3252569531,2024-07-24T01:05:39Z,2024-07-24T01:07:59Z,,0.000000,0.0,membership,Payment by membership account and/or membership card,USCPIE1988141*2
ChargePoint Network,,,12406491,12406491,FPIA / LEFT STATION,21527781,247,3230176311,2024-07-14T03:01:29Z,2024-07-14T03:31:07Z,,43.371300,97.482,membership,Payment by membership account and/or membership card,USCPIE12406491*1
ChargePoint Network,,,15885791,15885791,TWICKENHAM SQ / HU - STATION 3,25521611,247,3251329341,2024-07-23T16:14:37Z,2024-07-23T17:03:40Z,,48.930698,75.438,membership,Payment by membership account and/or membership card,USCPIE15885791*1
ChargePoint Network,,,1988141,1988141,7SPC / SCES DREAM MORE,2355561,3,3222347831,2024-07-10T18:15:27Z,2024-07-10T20:03:44Z,,12.579398,7.0786,membership,Payment by membership account and/or membership card,USCPIE1988141*1
ChargePoint Network,,,15815141,15815141,GEA-1 / STATION 1 (L),25435121,247,3230742071,2024-07-14T15:58:40Z,2024-07-14T16:06:00Z,,5.881100,53.053,membership,Payment by membership account and/or membership card,USCPIE15815141*1
ChargePoint Network,,,13651611,13651611,MLEC / STATION 1 (L) H,23045791,247,3213305831,2024-07-06T12:37:17Z,2024-07-06T13:11:26Z,,35.536499,74.663,membership,Payment by membership account and/or membership card,USCPIE13651611*1
ChargePoint Network,,,12406491,12406491,FPIA / LEFT STATION,21527781,247,3230586781,2024-07-14T13:27:16Z,2024-07-14T14:11:36Z,,51.603600,85.694,membership,Payment by membership account and/or membership card,USCPIE12406491*1
ChargePoint Network,,,5380331,5380331,CULLMAN PB / STATION 1,8970951,3,3232504781,2024-07-15T14:21:44Z,2024-07-15T14:23:01Z,,0.000000,0.0,membership,Payment by membership account and/or membership card,USCPIE5380331*1
ChargePoint Network,,,15885771,15885771,TWICKENHAM SQ / HU - STATION 4,25521581,247,3211851641,2024-07-05T16:58:46Z,2024-07-05T17:18:11Z,,23.164101,76.23,membership,Payment by membership account and/or membership card,USCPIE15885771*1
ChargePoint Network,,,13606091,13606091,I24 EXIT11 / STATION 3 (RM),,,3209542851,2024-07-04T03:04:24Z,2024-07-04T03:06:40Z,,0.000000,,credit_card_terminal,Payment via credit card or debit card terminal,USCPIE13606091*0
ChargePoint Network,,,14047321,14047321,JEFFERSON AVE. / OXFORD STA2(R),23514081,247,3244941951,2024-07-20T15:10:29Z,2024-07-20T15:35:49Z,,28.492500,71.314,credit_card_terminal,Payment via credit card or debit card terminal,USCPIE14047321*1
ChargePoint Network,,,15694171,15694171,BRIGHTRIDGE EV / STATION 1 (L),,,3222192461,2024-07-10T17:01:23Z,2024-07-10T17:03:24Z,,0.000000,,membership,Payment by membership account and/or membership card,USCPIE15694171*0
ChargePoint Network,,,13423691,13423691,AEC / STATION #1 (L),22787121,247,3203012001,2024-07-01T14:46:40Z,2024-07-01T15:12:15Z,,37.513302,121.505,membership,Payment by membership account and/or membership card,USCPIE13423691*1
ChargePoint Network,,,1932851,1932851,BRIGHTRIDGE EV / BR-JC LIBRARY,23319821,3,3204250951,2024-07-02T00:08:04Z,2024-07-02T01:23:42Z,,9.226364,7.4608,membership,Payment by membership account and/or membership card,USCPIE1932851*2
ChargePoint Network,,,13861861,13861861,BRMEMC / STATION 1,23296281,247,3213455631,2024-07-06T15:09:12Z,2024-07-06T15:51:17Z,,32.080200,77.615,membership,Payment by membership account and/or membership card,USCPIE13861861*1
ChargePoint Network,,,12406401,12406401,FPIA / RIGHT STATION,21527671,247,3213798981,2024-07-06T18:56:33Z,2024-07-06T19:30:22Z,,54.963100,122.43,membership,Payment by membership account and/or membership card,USCPIE12406401*1
ChargePoint Network,,,12406401,12406401,FPIA / RIGHT STATION,21527671,247,3247376841,2024-07-21T22:27:02Z,2024-07-21T23:01:49Z,,60.793800,121.941,membership,Payment by membership account and/or membership card,USCPIE12406401*1
ChargePoint Network,,,15250701,15250701,SES-TN / STATION 2,24772611,247,3208669511,2024-07-03T20:22:57Z,2024-07-03T20:23:10Z,,0.000000,0.0,membership,Payment by membership account and/or membership card,USCPIE15250701*1
ChargePoint Network,,,8851921,8851921,7SPC / SEVIERVILLE DC1,15571271,207,3210870781,2024-07-05T01:01:34Z,2024-07-05T01:43:38Z,,38.282398,56.672,membership,Payment by membership account and/or membership card,USCPIE8851921*1
ChargePoint Network,,,13643801,13643801,PEPA / STATION 2,23036481,247,3239227251,2024-07-18T01:56:59Z,2024-07-18T02:37:23Z,,44.543701,74.646,membership,Payment by membership account and/or membership card,USCPIE13643801*1
ChargePoint Network,,,14097801,14097801,SCOTTSBORO EPB / SEPB DCFC (L),23570921,247,3256106501,2024-07-25T14:12:40Z,2024-07-25T15:02:18Z,,49.152699,82.62,membership,Payment by membership account and/or membership card,USCPIE14097801*1
ChargePoint Network,,,12720861,12720861,WRECC / STATION 2,21977121,247,3256657971,2024-07-25T17:36:59Z,2024-07-25T18:24:53Z,,58.766399,76.435,membership,Payment by membership account and/or membership card,USCPIE12720861*1
ChargePoint Network,,,5346231,5346231,CULLMANELECTRIC / STATION2-R,,,3238502441,2024-07-17T20:32:59Z,2024-07-17T20:35:00Z,,0.000000,,membership,Payment by membership account and/or membership card,USCPIE5346231*0
ChargePoint Network,,,15742641,15742641,GEA-1 / STATION 2 (R),25349301,247,3260100031,2024-07-27T01:00:04Z,2024-07-27T01:40:04Z,,31.083700,53.131,membership,Payment by membership account and/or membership card,USCPIE15742641*1
ChargePoint Network,,,15885771,15885771,TWICKENHAM SQ / HU - STATION 4,25521581,247,3245926671,2024-07-21T00:53:59Z,2024-07-21T02:07:57Z,,42.920300,54.534,membership,Payment by membership account and/or membership card,USCPIE15885771*1
ChargePoint Network,,,12720881,12720881,WRECC / STATION 1,,,3229049851,2024-07-13T15:40:19Z,2024-07-13T15:40:49Z,,0.000000,,membership,Payment by membership account and/or membership card,USCPIE12720881*0
ChargePoint Network,,,14083171,14083171,STEMC / STATION 1 (L) H,23554721,247,3217799411,2024-07-08T21:01:03Z,2024-07-08T21:15:16Z,,14.814300,67.227,membership,Payment by membership account and/or membership card,USCPIE14083171*1
ChargePoint Network,,,13606061,13606061,I24 EXIT11 / STATION 4 (RR),22992511,247,3219807241,2024-07-09T17:51:44Z,2024-07-09T18:02:20Z,,12.120400,75.636,membership,Payment by membership account and/or membership card,USCPIE13606061*1
ChargePoint Network,,,15836871,15836871,TOMBIGBEE / TEPA CHARGER 1,,,3245052091,2024-07-20T16:23:35Z,2024-07-20T16:25:36Z,,0.000000,,membership,Payment by membership account and/or membership card,USCPIE15836871*0
ChargePoint Network,,,5122191,5122191,CULLMANELECTRIC / STATION1-L,8482151,247,3264665351,2024-07-29T15:30:36Z,2024-07-29T16:03:18Z,,35.392300,74.052,membership,Payment by membership account and/or membership card,USCPIE5122191*1
ChargePoint Network,,,14047321,14047321,JEFFERSON AVE. / OXFORD STA2(R),23514081,247,3213855051,2024-07-06T19:31:35Z,2024-07-06T20:26:57Z,,51.706501,77.419,membership,Payment by membership account and/or membership card,USCPIE14047321*1
ChargePoint Network,,,15885791,15885791,TWICKENHAM SQ / HU - STATION 3,25521611,247,3233424301,2024-07-15T20:48:10Z,2024-07-15T21:32:45Z,,22.172600,77.022,membership,Payment by membership account and/or membership card,USCPIE15885791*1
ChargePoint Network,,,15548181,15548181,DECATURDOWNTWN / STATION 2 (L),25119551,247,3257050451,2024-07-25T20:25:32Z,2024-07-25T20:43:36Z,,8.323400,47.492,membership,Payment by membership account and/or membership card,USCPIE15548181*1
ChargePoint Network,,,15694081,15694081,BRIGHTRIDGE EV / STATION 2 (R),,,3208380101,2024-07-03T18:20:52Z,2024-07-03T18:21:52Z,,0.000000,,other,Any other payment method not specified above. Additional description should be provided in Payment Method Description.,USCPIE15694081*0
ChargePoint Network,,,1921531,1921531,STARKVILLE UTIL / STARKVILLE REC,2268551,3,3241768871,2024-07-19T01:49:16Z,2024-07-19T01:55:12Z,,0.618926,7.2352,credit_card_terminal,Payment via credit card or debit card terminal,USCPIE1921531*1
ChargePoint Network,,,14337501,14337501,HOLSTONELECTRIC / CHURCH HILL-2,23845091,100011,3222818271,2024-07-10T21:42:23Z,2024-07-10T22:13:55Z,,24.382500,51.013,credit_card_terminal,Payment via credit card or debit card terminal,USCPIE14337501*1
ChargePoint Network,,,15332351,15332351,TUA NW ATLANTIC / STATION 2 (R),24867891,247,3230232641,2024-07-14T03:45:18Z,2024-07-14T04:29:40Z,,55.294102,78.194,membership,Payment by membership account and/or membership card,USCPIE15332351*1
ChargePoint Network,,,9677521,9677521,UT PARKING / S7 STATION 1,17169331,3,3249325741,2024-07-22T19:45:07Z,2024-07-22T20:50:04Z,,7.579862,7.1856,membership,Payment by membership account and/or membership card,USCPIE9677521*1
ChargePoint Network,,,1933211,1933211,BRIGHTRIDGE EV / BR-JONESBOROUGH,2283641,3,3241758701,2024-07-19T01:44:07Z,2024-07-19T02:30:11Z,,4.501123,5.9815,membership,Payment by membership account and/or membership card,USCPIE1933211*2
ChargePoint Network,,,13606141,13606141,I24 EXIT11 / STATION 1 (LL),22992611,247,3264219951,2024-07-29T11:59:06Z,2024-07-29T12:08:58Z,,7.319500,37.275,membership,Payment by membership account and/or membership card,USCPIE13606141*1
ChargePoint Network,,,14337221,14337221,HOLSTONELECTRIC / CHURCH HILL-1,,,3217680241,2024-07-08T20:04:41Z,2024-07-08T20:06:42Z,,0.000000,,other,Any other payment method not specified above. Additional description should be provided in Payment Method Description.,USCPIE14337221*0
ChargePoint Network,,,15885771,15885771,TWICKENHAM SQ / HU - STATION 4,25521581,247,3233470101,2024-07-15T21:08:37Z,2024-07-15T21:48:37Z,,48.110100,76.05,membership,Payment by membership account and/or membership card,USCPIE15885771*1
ChargePoint Network,,,13606141,13606141,I24 EXIT11 / STATION 1 (LL),22992611,247,3230976821,2024-07-14T18:34:55Z,2024-07-14T19:28:15Z,,50.690300,73.26,membership,Payment by membership account and/or membership card,USCPIE13606141*1
ChargePoint Network,,,14047321,14047321,JEFFERSON AVE. / OXFORD STA2(R),,,3229051191,2024-07-13T15:41:34Z,2024-07-13T15:41:46Z,,0.000000,,credit_card_terminal,Payment via credit card or debit card terminal,USCPIE14047321*0
ChargePoint Network,,,5565251,5565251,7SPC / SCES LECONTE 3,9205121,3,3210426891,2024-07-04T19:01:43Z,2024-07-05T00:06:15Z,,34.026531,6.8005,membership,Payment by membership account and/or membership card,USCPIE5565251*1
ChargePoint Network,,,5122191,5122191,CULLMANELECTRIC / STATION1-L,8482151,247,3256589621,2024-07-25T17:05:18Z,2024-07-25T17:43:51Z,,44.395802,72.666,membership,Payment by membership account and/or membership card,USCPIE5122191*1
ChargePoint Network,,,13606061,13606061,I24 EXIT11 / STATION 4 (RR),22992511,247,3251711081,2024-07-23T19:02:15Z,2024-07-23T19:16:52Z,,17.378500,76.633,membership,Payment by membership account and/or membership card,USCPIE13606061*1
ChargePoint Network,,,13861891,13861891,BRMEMC / STATION 2,23296321,247,3246897971,2024-07-21T17:45:59Z,2024-07-21T18:28:16Z,,35.519699,114.76,membership,Payment by membership account and/or membership card,USCPIE13861891*1
ChargePoint Network,,,1988061,1988061,7SPC / SCES DOLLYWOOD,25499831,3,3232789181,2024-07-15T16:07:09Z,2024-07-15T20:40:21Z,,32.300694,7.2072,credit_card_terminal,Payment via credit card or debit card terminal,USCPIE1988061*1
ChargePoint Network,,,1921351,1921351,STARKVILLE UTIL / STARKVILLE DWTN,23682581,3,3230708201,2024-07-14T15:32:35Z,2024-07-14T17:02:44Z,,5.547734,3.7136,membership,Payment by membership account and/or membership card,USCPIE1921351*2
ChargePoint Network,,,1988061,1988061,7SPC / SCES DOLLYWOOD,25499841,3,3210446451,2024-07-04T19:18:01Z,2024-07-04T19:27:41Z,,1.051021,6.9141,membership,Payment by membership account and/or membership card,USCPIE1988061*2
ChargePoint Network,,,13659831,13659831,LAWRENCEBURG / STATION 1 (L),23054881,247,3207734681,2024-07-03T14:08:53Z,2024-07-03T14:51:51Z,,63.186001,122.247,membership,Payment by membership account and/or membership card,USCPIE13659831*1
ChargePoint Network,,,5565241,5565241,7SPC / SCES LECONTE 4,9205101,3,3210557861,2024-07-04T20:46:17Z,2024-07-04T20:52:38Z,,0.572803,6.9726,membership,Payment by membership account and/or membership card,USCPIE5565241*1
ChargePoint Network,,,14337501,14337501,HOLSTONELECTRIC / CHURCH HILL-2,23845091,100011,3218919341,2024-07-09T11:20:42Z,2024-07-09T11:32:05Z,,8.857300,50.457,membership,Payment by membership account and/or membership card,USCPIE14337501*1
ChargePoint Network,,,14337221,14337221,HOLSTONELECTRIC / CHURCH HILL-1,23844801,247,3220100151,2024-07-09T20:04:02Z,2024-07-09T21:03:47Z,,51.042198,74.226,credit_card_terminal,Payment via credit card or debit card terminal,USCPIE14337221*1
ChargePoint Network,,,7505851,7505851,JEFFERSON AVE. / OXFORD STA1(L),,,3253907161,2024-07-24T16:25:00Z,2024-07-24T16:27:00Z,,0.000000,,membership,Payment by membership account and/or membership card,USCPIE7505851*0
ChargePoint Network,,,15623211,15623211,CLW / 5TH ST 2 (R),,,3210010001,2024-07-04T13:06:12Z,2024-07-04T13:08:13Z,,0.000000,,other,Any other payment method not specified above. Additional description should be provided in Payment Method Description.,USCPIE15623211*0
ChargePoint Network,,,5445161,5445161,7SPC / UC - LIVINGSTON,9052351,3,3215562231,2024-07-07T20:35:40Z,2024-07-08T02:03:44Z,,32.186974,7.0313,membership,Payment by membership account and/or membership card,USCPIE5445161*2
ChargePoint Network,,,15836871,15836871,TOMBIGBEE / TEPA CHARGER 1,25462501,247,3250156821,2024-07-23T02:03:26Z,2024-07-23T02:45:11Z,,50.040298,123.353,membership,Payment by membership account and/or membership card,USCPIE15836871*1
ChargePoint Network,,,15885791,15885791,TWICKENHAM SQ / HU - STATION 3,25521611,247,3261276961,2024-07-27T18:38:33Z,2024-07-27T18:46:51Z,,7.020600,56.518,other,Any other payment method not specified above. Additional description should be provided in Payment Method Description.,USCPIE15885791*1
ChargePoint Network,,,15332351,15332351,TUA NW ATLANTIC / STATION 2 (R),24867891,247,3226574261,2024-07-12T12:22:38Z,2024-07-12T13:09:03Z,,72.512497,99.358,membership,Payment by membership account and/or membership card,USCPIE15332351*1
ChargePoint Network,,,5619801,5619801,7SPC / WARREN RECC BG,25687261,3,3208334391,2024-07-03T18:00:55Z,2024-07-03T18:20:40Z,,1.873497,,credit_card_terminal,Payment via credit card or debit card terminal,USCPIE5619801*2
ChargePoint Network,,,5619801,5619801,7SPC / WARREN RECC BG,25687261,3,3244290501,2024-07-20T02:53:39Z,2024-07-20T06:38:05Z,,22.430578,6.2931,membership,Payment by membership account and/or membership card,USCPIE5619801*2
ChargePoint Network,,,5363211,5363211,HARTSELLE 1 / HARTSELLE 1,23427581,3,3260913041,2024-07-27T14:43:07Z,2024-07-27T16:26:10Z,,12.364071,7.3155,membership,Payment by membership account and/or membership card,USCPIE5363211*2
ChargePoint Network,,,13606121,13606121,I24 EXIT11 / STATION 2 (LM),22992591,247,3227588041,2024-07-12T20:12:38Z,2024-07-12T20:51:33Z,,51.927799,84.972,membership,Payment by membership account and/or membership card,USCPIE13606121*1
ChargePoint Network,,,5346231,5346231,CULLMANELECTRIC / STATION2-R,8926271,247,3255774721,2024-07-25T11:07:15Z,2024-07-25T11:31:50Z,,18.788200,68.351,other,Any other payment method not specified above. Additional description should be provided in Payment Method Description.,USCPIE5346231*1
ChargePoint Network,,,5354011,5354011,7SPC / GREENEVILLE TA,8936791,207,3265186611,2024-07-29T19:15:44Z,2024-07-29T19:40:14Z,,22.248100,56.363,membership,Payment by membership account and/or membership card,USCPIE5354011*1
ChargePoint Network,,,14047321,14047321,JEFFERSON AVE. / OXFORD STA2(R),23514081,247,3232716471,2024-07-15T15:42:53Z,2024-07-15T16:41:00Z,,57.863701,123.045,membership,Payment by membership account and/or membership card,USCPIE14047321*1
ChargePoint Network,,,12720861,12720861,WRECC / STATION 2,21977121,247,3211060401,2024-07-05T03:20:47Z,2024-07-05T04:20:50Z,,41.995800,53.937,roaming,Payment via roaming partners,USCPIE12720861*1
ChargePoint Network,,,5466441,5466441,7SPC / NASA USSRC R,9079371,3,3213510451,2024-07-06T15:51:55Z,2024-07-06T18:19:49Z,,8.487203,6.1549,membership,Payment by membership account and/or membership card,USCPIE5466441*2
ChargePoint Network,,,5122191,5122191,CULLMANELECTRIC / STATION1-L,8482151,247,3254143831,2024-07-24T18:08:33Z,2024-07-24T18:42:33Z,,40.358299,73.283,membership,Payment by membership account and/or membership card,USCPIE5122191*1
ChargePoint Network,,,1988141,1988141,7SPC / SCES DREAM MORE,2355561,3,3253206031,2024-07-24T11:11:53Z,2024-07-24T11:12:41Z,,0.000000,0.0,membership,Payment by membership account and/or membership card,USCPIE1988141*1
ChargePoint Network,,,14047321,14047321,JEFFERSON AVE. / OXFORD STA2(R),,,3250374721,2024-07-23T04:09:09Z,2024-07-23T04:09:13Z,,0.000000,,membership,Payment by membership account and/or membership card,USCPIE14047321*0
ChargePoint Network,,,8851921,8851921,7SPC / SEVIERVILLE DC1,15571271,207,3231943981,2024-07-15T04:26:29Z,2024-07-15T04:31:23Z,,2.052700,26.634,membership,Payment by membership account and/or membership card,USCPIE8851921*1
ChargePoint Network,,,5363211,5363211,HARTSELLE 1 / HARTSELLE 1,23427571,3,3261495181,2024-07-27T20:45:09Z,2024-07-27T21:15:46Z,,3.550639,7.2208,membership,Payment by membership account and/or membership card,USCPIE5363211*1
ChargePoint Network,,,5354011,5354011,7SPC / GREENEVILLE TA,8936791,207,3250685441,2024-07-23T11:40:44Z,2024-07-23T12:29:43Z,,39.636501,58.139,phone_online,"Payment through mobile app, website, automated phone number or messaging system",USCPIE5354011*1
ChargePoint Network,,,15815141,15815141,GEA-1 / STATION 1 (L),25435121,247,3263500741,2024-07-28T23:54:31Z,2024-07-29T01:07:43Z,,73.549896,61.863,membership,Payment by membership account and/or membership card,USCPIE15815141*1
ChargePoint Network,,,13026471,13026471,WCMES / CITYHALL2-R,22328331,247,3211452011,2024-07-05T12:49:12Z,2024-07-05T12:50:06Z,,0.000000,0.0,membership,Payment by membership account and/or membership card,USCPIE13026471*1
ChargePoint Network,,,14047321,14047321,JEFFERSON AVE. / OXFORD STA2(R),,,3206197111,2024-07-02T20:40:08Z,2024-07-02T20:40:17Z,,0.000000,,membership,Payment by membership account and/or membership card,USCPIE14047321*0
ChargePoint Network,,,13606141,13606141,I24 EXIT11 / STATION 1 (LL),22992611,247,3222913261,2024-07-10T22:23:24Z,2024-07-10T22:37:58Z,,10.460100,74.226,membership,Payment by membership account and/or membership card,USCPIE13606141*1
ChargePoint Network,,,13664471,13664471,BTES / STATION 3 (RM),23060511,247,3259556741,2024-07-26T20:38:10Z,2024-07-26T21:19:28Z,,34.846001,74.071,membership,Payment by membership account and/or membership card,USCPIE13664471*1
ChargePoint Network,,,13606061,13606061,I24 EXIT11 / STATION 4 (RR),22992511,247,3245257501,2024-07-20T18:28:46Z,2024-07-20T18:36:33Z,,1.568300,68.943,membership,Payment by membership account and/or membership card,USCPIE13606061*1
ChargePoint Network,,,13290491,13290491,7SPC / NASA USSRC L,25742681,3,3232589831,2024-07-15T14:56:36Z,2024-07-15T16:47:59Z,,11.347169,,membership,Payment by membership account and/or membership card,USCPIE13290491*2
ChargePoint Network,,,15332321,15332321,TUA NW ATLANTIC / STATION 1 (L),24867861,247,3210248251,2024-07-04T16:45:56Z,2024-07-04T17:20:51Z,,35.234901,74.283,credit_card_terminal,Payment via credit card or debit card terminal,USCPIE15332321*1
ChargePoint Network,,,15885771,15885771,TWICKENHAM SQ / HU - STATION 4,25521581,247,3206320011,2024-07-02T21:35:06Z,2024-07-02T21:54:34Z,,22.637899,73.655,membership,Payment by membership account and/or membership card,USCPIE15885771*1
ChargePoint Network,,,14047321,14047321,JEFFERSON AVE. / OXFORD STA2(R),,,3253905881,2024-07-24T16:24:29Z,2024-07-24T16:26:31Z,,0.000000,,membership,Payment by membership account and/or membership card,USCPIE14047321*0
ChargePoint Network,,,15332351,15332351,TUA NW ATLANTIC / STATION 2 (R),24867891,247,3246530301,2024-07-21T12:24:15Z,2024-07-21T13:01:01Z,,24.935699,46.986,membership,Payment by membership account and/or membership card,USCPIE15332351*1
ChargePoint Network,,,15885151,15885151,TWICKENHAM SQ / HU - STATION 2,25520801,247,3222253301,2024-07-10T17:30:30Z,2024-07-10T18:01:30Z,,33.302399,96.367,membership,Payment by membership account and/or membership card,USCPIE15885151*1
ChargePoint Network,,,15815141,15815141,GEA-1 / STATION 1 (L),25435121,247,3215237051,2024-07-07T17:17:28Z,2024-07-07T17:57:14Z,,36.180599,58.057,membership,Payment by membership account and/or membership card,USCPIE15815141*1
ChargePoint Network,,,15684341,15684341,MLEC / STATION 2 (R) W,25280201,247,3210782861,2024-07-04T23:53:01Z,2024-07-04T23:54:06Z,,0.000000,0.0,membership,Payment by membership account and/or membership card,USCPIE15684341*1
ChargePoint Network,,,5346231,5346231,CULLMANELECTRIC / STATION2-R,8926271,100011,3210436341,2024-07-04T19:09:43Z,2024-07-04T19:30:47Z,,9.474600,53.155,membership,Payment by membership account and/or membership card,USCPIE5346231*1
ChargePoint Network,,,15684341,15684341,MLEC / STATION 2 (R) W,25280201,247,3210763981,2024-07-04T23:36:21Z,2024-07-04T23:36:56Z,,0.000000,0.0,membership,Payment by membership account and/or membership card,USCPIE15684341*1
ChargePoint Network,,,5466441,5466441,7SPC / NASA USSRC R,9079361,3,3213611271,2024-07-06T16:57:18Z,2024-07-06T17:54:19Z,,5.834024,6.283,membership,Payment by membership account and/or membership card,USCPIE5466441*1
ChargePoint Network,,,13606061,13606061,I24 EXIT11 / STATION 4 (RR),22992511,247,3233901091,2024-07-16T00:20:43Z,2024-07-16T01:08:17Z,,43.753899,74.86,membership,Payment by membership account and/or membership card,USCPIE13606061*1
ChargePoint Network,,,15694171,15694171,BRIGHTRIDGE EV / STATION 1 (L),,,3228769251,2024-07-13T09:42:15Z,2024-07-13T09:44:16Z,,0.000000,0.0,membership,Payment by membership account and/or membership card,USCPIE15694171*0
ChargePoint Network,,,13606061,13606061,I24 EXIT11 / STATION 4 (RR),22992511,247,3230936021,2024-07-14T18:09:06Z,2024-07-14T18:41:22Z,,20.871799,51.303,membership,Payment by membership account and/or membership card,USCPIE13606061*1
ChargePoint Network,,,5397731,5397731,EEDEV / MILLIGAN UNIV,9010261,3,3204414451,2024-07-02T01:25:08Z,2024-07-02T01:31:28Z,,0.361927,3.7838,membership,Payment by membership account and/or membership card,USCPIE5397731*2
ChargePoint Network,,,1921351,1921351,STARKVILLE UTIL / STARKVILLE DWTN,23682581,3,3220208241,2024-07-09T20:50:00Z,2024-07-10T12:16:44Z,,44.676926,7.3763,membership,Payment by membership account and/or membership card,USCPIE1921351*2
ChargePoint Network,,,13423691,13423691,AEC / STATION #1 (L),,,3222476081,2024-07-10T19:13:54Z,2024-07-10T19:14:31Z,,0.000000,,membership,Payment by membership account and/or membership card,USCPIE13423691*0
ChargePoint Network,,,15640031,15640031,NECDC / STATION 1 (L),25228511,247,3266152331,2024-07-30T02:46:59Z,2024-07-30T03:46:18Z,,65.865097,71.904,membership,Payment by membership account and/or membership card,USCPIE15640031*1
ChargePoint Network,,,15623231,15623231,CLW / 5TH ST 1 (L),25208301,247,3203020591,2024-07-01T14:50:17Z,2024-07-01T15:13:15Z,,18.481501,60.758,membership,Payment by membership account and/or membership card,USCPIE15623231*1
ChargePoint Network,,,13664501,13664501,BTES / STATION 4 (RR),23060561,247,3205235631,2024-07-02T13:57:53Z,2024-07-02T14:46:30Z,,49.114101,71.54,membership,Payment by membership account and/or membership card,USCPIE13664501*1
ChargePoint Network,,,12406401,12406401,FPIA / RIGHT STATION,21527671,247,3229322181,2024-07-13T18:29:49Z,2024-07-13T19:49:54Z,,52.726898,54.096,membership,Payment by membership account and/or membership card,USCPIE12406401*1
ChargePoint Network,,,5354011,5354011,7SPC / GREENEVILLE TA,8936791,207,3225777631,2024-07-12T00:44:53Z,2024-07-12T01:56:15Z,,32.748901,29.49,credit_card_terminal,Payment via credit card or debit card terminal,USCPIE5354011*1
ChargePoint Network,,,1933211,1933211,BRIGHTRIDGE EV / BR-JONESBOROUGH,2283631,3,3214346311,2024-07-07T00:36:44Z,2024-07-07T01:24:11Z,,4.877713,6.2673,credit_card_terminal,Payment via credit card or debit card terminal,USCPIE1933211*1
ChargePoint Network,,,13880891,13880891,MU / MUC MAIN OFFICE,23319021,3,3209416661,2024-07-04T02:03:27Z,2024-07-04T03:20:45Z,,9.191347,7.2261,membership,Payment by membership account and/or membership card,USCPIE13880891*2
ChargePoint Network,,,1933211,1933211,BRIGHTRIDGE EV / BR-JONESBOROUGH,2283631,3,3245708621,2024-07-20T22:49:13Z,2024-07-21T08:50:02Z,,48.570206,6.3194,credit_card_terminal,Payment via credit card or debit card terminal,USCPIE1933211*1
ChargePoint Network,,,15280441,15280441,SPRFLD ELECTRIC / STATION 2 (R),24807641,247,3204724011,2024-07-02T04:33:09Z,2024-07-02T06:14:11Z,,39.698502,54.316,membership,Payment by membership account and/or membership card,USCPIE15280441*1
ChargePoint Network,,,1988141,1988141,7SPC / SCES DREAM MORE,2355571,3,3217777731,2024-07-08T20:51:04Z,2024-07-08T23:14:39Z,,15.077226,6.6859,credit_card_terminal,Payment via credit card or debit card terminal,USCPIE1988141*2
ChargePoint Network,,,13643831,13643831,PEPA / STATION 1,,,3245220821,2024-07-20T18:05:30Z,2024-07-20T18:07:31Z,,0.000000,,membership,Payment by membership account and/or membership card,USCPIE13643831*0
ChargePoint Network,,,13664401,13664401,BTES / STATION 1 (LL),23060421,247,3252442821,2024-07-24T00:14:13Z,2024-07-24T01:21:02Z,,67.250000,62.0,credit_card_terminal,Payment via credit card or debit card terminal,USCPIE13664401*1
ChargePoint Network,,,15623211,15623211,CLW / 5TH ST 2 (R),25208281,247,3217731901,2024-07-08T20:29:56Z,2024-07-08T21:01:43Z,,36.824501,74.489,membership,Payment by membership account and/or membership card,USCPIE15623211*1
ChargePoint Network,,,15885771,15885771,TWICKENHAM SQ / HU - STATION 4,25521581,247,3208389791,2024-07-03T18:25:33Z,2024-07-03T18:47:56Z,,29.423401,83.134,membership,Payment by membership account and/or membership card,USCPIE15885771*1
ChargePoint Network,,,5346231,5346231,CULLMANELECTRIC / STATION2-R,8926271,247,3211927581,2024-07-05T17:38:45Z,2024-07-05T17:44:47Z,,0.000000,0.0,credit_card_terminal,Payment via credit card or debit card terminal,USCPIE5346231*1
ChargePoint Network,,,7505851,7505851,JEFFERSON AVE. / OXFORD STA1(L),12955471,247,3252277171,2024-07-23T23:00:56Z,2024-07-23T23:39:15Z,,52.197201,122.094,membership,Payment by membership account and/or membership card,USCPIE7505851*1
ChargePoint Network,,,15332351,15332351,TUA NW ATLANTIC / STATION 2 (R),,,3262459611,2024-07-28T10:26:03Z,2024-07-28T10:26:11Z,,0.000000,,membership,Payment by membership account and/or membership card,USCPIE15332351*0
ChargePoint Network,,,8851921,8851921,7SPC / SEVIERVILLE DC1,15571271,207,3259400901,2024-07-26T19:30:35Z,2024-07-26T20:37:41Z,,48.067402,59.669,membership,Payment by membership account and/or membership card,USCPIE8851921*1
ChargePoint Network,,,13861861,13861861,BRMEMC / STATION 1,23296281,247,3219573661,2024-07-09T16:12:06Z,2024-07-09T16:47:29Z,,32.064499,75.068,membership,Payment by membership account and/or membership card,USCPIE13861861*1
ChargePoint Network,,,13861891,13861891,BRMEMC / STATION 2,,,3240965821,2024-07-18T20:01:16Z,2024-07-18T20:01:25Z,,0.000000,,membership,Payment by membership account and/or membership card,USCPIE13861891*0
ChargePoint Network,,,15885151,15885151,TWICKENHAM SQ / HU - STATION 2,25520801,247,3251912291,2024-07-23T20:25:45Z,2024-07-23T21:18:42Z,,43.455601,73.125,membership,Payment by membership account and/or membership card,USCPIE15885151*1
ChargePoint Network,,,15623211,15623211,CLW / 5TH ST 2 (R),25208281,247,3240611691,2024-07-18T17:22:35Z,2024-07-18T18:46:29Z,,62.690498,64.795,credit_card_terminal,Payment via credit card or debit card terminal,USCPIE15623211*1
ChargePoint Network,,,14097801,14097801,SCOTTSBORO EPB / SEPB DCFC (L),23570921,247,3240764841,2024-07-18T18:33:57Z,2024-07-18T18:43:27Z,,0.000000,0.0,credit_card_terminal,Payment via credit card or debit card terminal,USCPIE14097801*1
ChargePoint Network,,,5625391,5625391,7SPC / VEC JAMESTOWN,9280961,3,3242524931,2024-07-19T13:17:45Z,2024-07-19T18:43:17Z,,40.439175,7.5799,membership,Payment by membership account and/or membership card,USCPIE5625391*1
ChargePoint Network,,,1921351,1921351,STARKVILLE UTIL / STARKVILLE DWTN,23682581,3,3205739171,2024-07-02T17:13:39Z,2024-07-02T21:06:29Z,,27.666801,7.2784,membership,Payment by membership account and/or membership card,USCPIE1921351*2
ChargePoint Network,,,15548181,15548181,DECATURDOWNTWN / STATION 2 (L),25119551,247,3259539671,2024-07-26T20:30:21Z,2024-07-26T21:30:35Z,,91.830597,102.051,membership,Payment by membership account and/or membership card,USCPIE15548181*1
ChargePoint Network,,,5346231,5346231,CULLMANELECTRIC / STATION2-R,,,3238190391,2024-07-17T18:16:33Z,2024-07-17T18:18:35Z,,0.000000,,membership,Payment by membership account and/or membership card,USCPIE5346231*0
ChargePoint Network,,,15885791,15885791,TWICKENHAM SQ / HU - STATION 3,,,3214431061,2024-07-07T01:26:47Z,2024-07-07T01:28:48Z,,0.000000,,membership,Payment by membership account and/or membership card,USCPIE15885791*0
ChargePoint Network,,,16022101,16022101,ACEPA / ACE STATION 2,25683761,247,3238846961,2024-07-17T23:01:26Z,2024-07-17T23:29:44Z,,35.046101,79.36,membership,Payment by membership account and/or membership card,USCPIE16022101*1
ChargePoint Network,,,5350831,5350831,CULLMANELECTRIC / CEC MAIN OFFICE,8932491,3,3211740191,2024-07-05T15:59:44Z,2024-07-05T16:15:19Z,,1.510259,,other,Any other payment method not specified above. Additional description should be provided in Payment Method Description.,USCPIE5350831*1
ChargePoint Network,,,15742641,15742641,GEA-1 / STATION 2 (R),25349301,247,3263448511,2024-07-28T23:23:41Z,2024-07-29T00:30:36Z,,43.700199,57.986,membership,Payment by membership account and/or membership card,USCPIE15742641*1
ChargePoint Network,,,13664471,13664471,BTES / STATION 3 (RM),23060511,247,3225331911,2024-07-11T21:29:29Z,2024-07-11T23:38:13Z,,43.578400,75.253,membership,Payment by membership account and/or membership card,USCPIE13664471*1
ChargePoint Network,,,15332321,15332321,TUA NW ATLANTIC / STATION 1 (L),24867861,247,3251715841,2024-07-23T19:04:41Z,2024-07-23T19:18:32Z,,16.680599,75.66,membership,Payment by membership account and/or membership card,USCPIE15332321*1
ChargePoint Network,,,14097801,14097801,SCOTTSBORO EPB / SEPB DCFC (L),23570921,247,3236575821,2024-07-17T01:10:59Z,2024-07-17T02:09:49Z,,58.126701,71.197,credit_card_terminal,Payment via credit card or debit card terminal,USCPIE14097801*1
ChargePoint Network,,,1988141,1988141,7SPC / SCES DREAM MORE,2355571,3,3208412951,2024-07-03T18:36:14Z,2024-07-03T20:02:56Z,,9.614810,6.8255,membership,Payment by membership account and/or membership card,USCPIE1988141*2
ChargePoint Network,,,5346231,5346231,CULLMANELECTRIC / STATION2-R,8926271,247,3228825271,2024-07-13T12:01:55Z,2024-07-13T13:08:58Z,,64.530502,65.463,membership,Payment by membership account and/or membership card,USCPIE5346231*1
ChargePoint Network,,,15694081,15694081,BRIGHTRIDGE EV / STATION 2 (R),25291921,247,3251701001,2024-07-23T18:58:18Z,2024-07-23T19:40:21Z,,60.268799,123.224,membership,Payment by membership account and/or membership card,USCPIE15694081*1
ChargePoint Network,,,15885151,15885151,TWICKENHAM SQ / HU - STATION 2,25520801,247,3229301121,2024-07-13T18:17:23Z,2024-07-13T18:44:09Z,,34.619499,81.164,membership,Payment by membership account and/or membership card,USCPIE15885151*1
ChargePoint Network,,,1844191,1844191,CLW / MAIN ST,23050431,3,3216641601,2024-07-08T12:19:29Z,2024-07-08T21:26:56Z,,56.190937,7.0168,membership,Payment by membership account and/or membership card,USCPIE1844191*1
ChargePoint Network,,,13292801,13292801,LODGE CAST IRON / STORE & MUSEUM,22637561,3,3227167791,2024-07-12T16:58:26Z,2024-07-12T20:44:18Z,,25.864912,7.0313,credit_card_terminal,Payment via credit card or debit card terminal,USCPIE13292801*2
ChargePoint Network,,,8851921,8851921,7SPC / SEVIERVILLE DC1,15571271,207,3236960011,2024-07-17T04:48:30Z,2024-07-17T05:42:20Z,,40.910099,54.02,membership,Payment by membership account and/or membership card,USCPIE8851921*1
ChargePoint Network,,,15684341,15684341,MLEC / STATION 2 (R) W,25280201,247,3236494531,2024-07-17T00:40:00Z,2024-07-17T01:04:34Z,,27.762800,71.676,membership,Payment by membership account and/or membership card,USCPIE15684341*1
ChargePoint Network,,,13651611,13651611,MLEC / STATION 1 (L) H,23045791,247,3261029131,2024-07-27T16:05:39Z,2024-07-27T16:42:31Z,,40.258301,74.268,membership,Payment by membership account and/or membership card,USCPIE13651611*1
ChargePoint Network,,,14337501,14337501,HOLSTONELECTRIC / CHURCH HILL-2,23845091,100011,3231087891,2024-07-14T19:44:09Z,2024-07-14T19:45:17Z,,0.000000,0.0,credit_card_terminal,Payment via credit card or debit card terminal,USCPIE14337501*1
ChargePoint Network,,,12754021,12754021,WCMES / CITYHALL1-L,22015241,247,3252838271,2024-07-24T03:31:24Z,2024-07-24T03:56:11Z,,14.433000,48.433,membership,Payment by membership account and/or membership card,USCPIE12754021*1
ChargePoint Network,,,13966811,13966811,BEA / STATION 2 (LM),23420881,247,3266040091,2024-07-30T01:41:08Z,2024-07-30T03:00:30Z,,47.365898,52.391,membership,Payment by membership account and/or membership card,USCPIE13966811*1
ChargePoint Network,,,13651631,13651631,MLEC / STATION 2 (R) H,23045821,247,3212013961,2024-07-05T18:29:18Z,2024-07-05T19:10:10Z,,35.058300,77.811,membership,Payment by membership account and/or membership card,USCPIE13651631*1
ChargePoint Network,,,15694171,15694171,BRIGHTRIDGE EV / STATION 1 (L),,,3229917171,2024-07-14T00:21:11Z,2024-07-14T00:23:12Z,,0.000000,,membership,Payment by membership account and/or membership card,USCPIE15694171*0
ChargePoint Network,,,15623211,15623211,CLW / 5TH ST 2 (R),25208281,247,3224917461,2024-07-11T18:34:50Z,2024-07-11T19:08:20Z,,34.809700,75.855,membership,Payment by membership account and/or membership card,USCPIE15623211*1
ChargePoint Network,,,12406491,12406491,FPIA / LEFT STATION,21527781,247,3233903121,2024-07-16T00:21:55Z,2024-07-16T01:14:29Z,,57.303001,76.832,membership,Payment by membership account and/or membership card,USCPIE12406491*1
ChargePoint Network,,,5122191,5122191,CULLMANELECTRIC / STATION1-L,8482151,247,3219809391,2024-07-09T17:52:55Z,2024-07-09T18:40:16Z,,42.971699,81.18,membership,Payment by membership account and/or membership card,USCPIE5122191*1
ChargePoint Network,,,14355251,14355251,HARTSELLE 1 / STATION 2 (R),,,3256404741,2024-07-25T15:56:31Z,2024-07-25T15:58:32Z,,0.000000,,membership,Payment by membership account and/or membership card,USCPIE14355251*0
ChargePoint Network,,,5122191,5122191,CULLMANELECTRIC / STATION1-L,8482151,247,3210361341,2024-07-04T18:11:08Z,2024-07-04T18:26:52Z,,19.789000,79.599,membership,Payment by membership account and/or membership card,USCPIE5122191*1
ChargePoint Network,,,14359531,14359531,EBOFG / STATION 2 (R),23870331,247,3219352481,2024-07-09T14:59:33Z,2024-07-09T15:01:23Z,,0.000000,0.0,credit_card_terminal,Payment via credit card or debit card terminal,USCPIE14359531*1
ChargePoint Network,,,15885771,15885771,TWICKENHAM SQ / HU - STATION 4,25521581,247,3261056731,2024-07-27T16:23:21Z,2024-07-27T16:24:38Z,,0.000000,0.0,membership,Payment by membership account and/or membership card,USCPIE15885771*1
ChargePoint Network,,,13292801,13292801,LODGE CAST IRON / STORE & MUSEUM,22637561,3,3219263121,2024-07-09T14:25:02Z,2024-07-09T15:33:45Z,,4.231666,3.8152,membership,Payment by membership account and/or membership card,USCPIE13292801*2
ChargePoint Network,,,5466441,5466441,7SPC / NASA USSRC R,9079371,3,3221443171,2024-07-10T11:33:41Z,2024-07-10T11:53:36Z,,1.919343,6.2598,credit_card_terminal,Payment via credit card or debit card terminal,USCPIE5466441*2
ChargePoint Network,,,8851921,8851921,7SPC / SEVIERVILLE DC1,15571271,207,3231278241,2024-07-14T21:41:08Z,2024-07-14T22:29:49Z,,28.496901,54.087,membership,Payment by membership account and/or membership card,USCPIE8851921*1
ChargePoint Network,,,15332351,15332351,TUA NW ATLANTIC / STATION 2 (R),24867891,247,3230981571,2024-07-14T18:37:53Z,2024-07-14T19:07:45Z,,47.484100,117.952,membership,Payment by membership account and/or membership card,USCPIE15332351*1
ChargePoint Network,,,13664501,13664501,BTES / STATION 4 (RR),23060561,247,3230533441,2024-07-14T12:02:45Z,2024-07-14T13:14:56Z,,80.880600,76.238,membership,Payment by membership account and/or membership card,USCPIE13664501*1
ChargePoint Network,,,15885771,15885771,TWICKENHAM SQ / HU - STATION 4,25521581,247,3256135661,2024-07-25T14:25:49Z,2024-07-25T15:17:01Z,,55.236698,76.238,membership,Payment by membership account and/or membership card,USCPIE15885771*1
ChargePoint Network,,,13664471,13664471,BTES / STATION 3 (RM),23060511,247,3246913401,2024-07-21T17:55:37Z,2024-07-21T18:49:27Z,,46.527100,75.253,membership,Payment by membership account and/or membership card,USCPIE13664471*1
ChargePoint Network,,,12720881,12720881,WRECC / STATION 1,,,3229049091,2024-07-13T15:38:42Z,2024-07-13T15:40:11Z,,0.000000,,membership,Payment by membership account and/or membership card,USCPIE12720881*0
ChargePoint Network,,,5354011,5354011,7SPC / GREENEVILLE TA,8936791,207,3215566211,2024-07-07T20:38:01Z,2024-07-07T21:12:08Z,,15.647800,28.413,membership,Payment by membership account and/or membership card,USCPIE5354011*1
ChargePoint Network,,,5346231,5346231,CULLMANELECTRIC / STATION2-R,8926271,247,3243289181,2024-07-19T18:54:23Z,2024-07-19T20:06:53Z,,47.259800,73.086,membership,Payment by membership account and/or membership card,USCPIE5346231*1
ChargePoint Network,,,14355251,14355251,HARTSELLE 1 / STATION 2 (R),23865691,247,3267506811,2024-07-30T18:02:22Z,2024-07-30T18:12:58Z,,8.448700,0.0,credit_card_terminal,Payment via credit card or debit card terminal,USCPIE14355251*1
ChargePoint Network,,,5619801,5619801,7SPC / WARREN RECC BG,25687261,3,3211887691,2024-07-05T17:18:59Z,2024-07-05T17:55:13Z,,3.521060,5.9279,membership,Payment by membership account and/or membership card,USCPIE5619801*2
ChargePoint Network,,,5122191,5122191,CULLMANELECTRIC / STATION1-L,8482151,247,3218137101,2024-07-08T23:36:58Z,2024-07-08T23:49:35Z,,19.147800,121.197,credit_card_terminal,Payment via credit card or debit card terminal,USCPIE5122191*1
ChargePoint Network,,,9677521,9677521,UT PARKING / S7 STATION 1,17169341,3,3217401261,2024-07-08T17:56:01Z,2024-07-08T18:44:50Z,,5.631105,7.0317,other,Any other payment method not specified above. Additional description should be provided in Payment Method Description.,USCPIE9677521*2
ChargePoint Network,,,8851921,8851921,7SPC / SEVIERVILLE DC1,15571271,207,3231930371,2024-07-15T04:12:53Z,2024-07-15T04:25:42Z,,6.452700,38.728,membership,Payment by membership account and/or membership card,USCPIE8851921*1
ChargePoint Network,,,5380331,5380331,CULLMAN PB / STATION 1,8970961,3,3246106001,2024-07-21T02:45:05Z,2024-07-21T02:57:18Z,,1.426948,7.3839,credit_card_terminal,Payment via credit card or debit card terminal,USCPIE5380331*2
ChargePoint Network,,,15836871,15836871,TOMBIGBEE / TEPA CHARGER 1,25462501,247,3220427621,2024-07-09T22:25:19Z,2024-07-09T22:30:28Z,,4.955400,75.648,membership,Payment by membership account and/or membership card,USCPIE15836871*1
ChargePoint Network,,,12720881,12720881,WRECC / STATION 1,21977141,247,3219970211,2024-07-09T19:09:01Z,2024-07-09T19:20:47Z,,12.741100,118.73,membership,Payment by membership account and/or membership card,USCPIE12720881*1
ChargePoint Network,,,8851921,8851921,7SPC / SEVIERVILLE DC1,15571271,207,3212605151,2024-07-05T23:57:23Z,2024-07-06T00:20:11Z,,16.953699,47.576,membership,Payment by membership account and/or membership card,USCPIE8851921*1
ChargePoint Network,,,1988141,1988141,7SPC / SCES DREAM MORE,2355561,3,3252571771,2024-07-24T01:08:17Z,2024-07-24T01:08:54Z,,0.000000,0.0,membership,Payment by membership account and/or membership card,USCPIE1988141*1
ChargePoint Network,,,5122191,5122191,CULLMANELECTRIC / STATION1-L,,,3247341031,2024-07-21T22:05:21Z,2024-07-21T22:07:22Z,,0.000000,,membership,Payment by membership account and/or membership card,USCPIE5122191*0
ChargePoint Network,,,13880891,13880891,MU / MUC MAIN OFFICE,23319021,3,3251467861,2024-07-23T17:09:20Z,2024-07-24T18:34:29Z,,38.829266,0.0,membership,Payment by membership account and/or membership card,USCPIE13880891*2
ChargePoint Network,,,7505851,7505851,JEFFERSON AVE. / OXFORD STA1(L),12955471,247,3246609571,2024-07-21T14:10:25Z,2024-07-21T14:28:30Z,,15.100100,76.823,membership,Payment by membership account and/or membership card,USCPIE7505851*1
ChargePoint Network,,,13290491,13290491,7SPC / NASA USSRC L,25742671,3,3268036281,2024-07-30T21:50:00Z,2024-07-30T23:32:08Z,,10.223516,6.1217,membership,Payment by membership account and/or membership card,USCPIE13290491*1
ChargePoint Network,,,15280471,15280471,SPRFLD ELECTRIC / STATION 1 (L),24807681,247,3244732621,2024-07-20T11:31:52Z,2024-07-20T12:33:01Z,,43.916401,62.088,membership,Payment by membership account and/or membership card,USCPIE15280471*1
ChargePoint Network,,,8851921,8851921,7SPC / SEVIERVILLE DC1,15571271,207,3229381761,2024-07-13T19:05:58Z,2024-07-13T19:06:19Z,,0.000000,0.0,membership,Payment by membership account and/or membership card,USCPIE8851921*1
ChargePoint Network,,,15640171,15640171,NECDC / STATION 2 (R),25228711,247,3238907651,2024-07-17T23:28:24Z,2024-07-18T00:12:00Z,,33.138302,73.364,membership,Payment by membership account and/or membership card,USCPIE15640171*1
ChargePoint Network,,,14355251,14355251,HARTSELLE 1 / STATION 2 (R),23865691,247,3239711381,2024-07-18T10:09:06Z,2024-07-18T10:49:14Z,,45.513199,72.555,membership,Payment by membership account and/or membership card,USCPIE14355251*1
ChargePoint Network,,,7505851,7505851,JEFFERSON AVE. / OXFORD STA1(L),12955471,247,3210958501,2024-07-05T02:13:29Z,2024-07-05T02:28:22Z,,27.305201,114.544,membership,Payment by membership account and/or membership card,USCPIE7505851*1
ChargePoint Network,,,15815141,15815141,GEA-1 / STATION 1 (L),25435121,247,3260178951,2024-07-27T01:38:40Z,2024-07-27T02:07:50Z,,26.553801,57.68,phone_online,"Payment through mobile app, website, automated phone number or messaging system",USCPIE15815141*1
ChargePoint Network,,,12720881,12720881,WRECC / STATION 1,21977141,247,3216032371,2024-07-08T01:06:10Z,2024-07-08T01:40:26Z,,25.278099,54.236,membership,Payment by membership account and/or membership card,USCPIE12720881*1
ChargePoint Network,,,5466441,5466441,7SPC / NASA USSRC R,9079371,3,3211698841,2024-07-05T15:38:53Z,2024-07-05T19:02:17Z,,21.027908,6.2937,credit_card_terminal,Payment via credit card or debit card terminal,USCPIE5466441*2
ChargePoint Network,,,8851921,8851921,7SPC / SEVIERVILLE DC1,15571271,100011,3222476041,2024-07-10T19:14:10Z,2024-07-10T19:48:42Z,,3.378400,20.722,membership,Payment by membership account and/or membership card,USCPIE8851921*1
ChargePoint Network,,,15885791,15885791,TWICKENHAM SQ / HU - STATION 3,25521611,100011,3214198591,2024-07-06T23:01:06Z,2024-07-06T23:06:07Z,,3.397400,0.0,credit_card_terminal,Payment via credit card or debit card terminal,USCPIE15885791*1
ChargePoint Network,,,1933211,1933211,BRIGHTRIDGE EV / BR-JONESBOROUGH,2283631,3,3253159291,2024-07-24T10:54:21Z,2024-07-24T20:49:50Z,,49.554489,6.2774,credit_card_terminal,Payment via credit card or debit card terminal,USCPIE1933211*1
ChargePoint Network,,,9777021,9777021,CRMC / CRMC-2- L2RIGHT,17361741,3,3238622111,2024-07-17T21:25:33Z,2024-07-18T02:01:10Z,,33.601894,7.4043,membership,Payment by membership account and/or membership card,USCPIE9777021*1
ChargePoint Network,,,13664471,13664471,BTES / STATION 3 (RM),23060511,247,3214123331,2024-07-06T22:16:59Z,2024-07-06T23:18:54Z,,47.945400,54.464,membership,Payment by membership account and/or membership card,USCPIE13664471*1
ChargePoint Network,,,13606061,13606061,I24 EXIT11 / STATION 4 (RR),22992511,247,3248902001,2024-07-22T16:30:00Z,2024-07-22T17:09:47Z,,63.900002,123.535,membership,Payment by membership account and/or membership card,USCPIE13606061*1
ChargePoint Network,,,15332351,15332351,TUA NW ATLANTIC / STATION 2 (R),24867891,247,3220269451,2024-07-09T21:17:17Z,2024-07-09T21:18:21Z,,0.000000,0.0,membership,Payment by membership account and/or membership card,USCPIE15332351*1
ChargePoint Network,,,15836871,15836871,TOMBIGBEE / TEPA CHARGER 1,25462501,247,3256668231,2024-07-25T17:41:33Z,2024-07-25T18:22:11Z,,15.471200,46.375,membership,Payment by membership account and/or membership card,USCPIE15836871*1
ChargePoint Network,,,12406491,12406491,FPIA / LEFT STATION,21527781,247,3245095891,2024-07-20T16:52:16Z,2024-07-20T17:14:16Z,,26.233400,71.931,membership,Payment by membership account and/or membership card,USCPIE12406491*1
ChargePoint Network,,,1988061,1988061,7SPC / SCES DOLLYWOOD,25499841,3,3228832631,2024-07-13T12:14:52Z,2024-07-13T23:24:03Z,,24.586752,7.3216,credit_card_terminal,Payment via credit card or debit card terminal,USCPIE1988061*2
ChargePoint Network,,,15885151,15885151,TWICKENHAM SQ / HU - STATION 2,25520801,247,3213667551,2024-07-06T17:33:21Z,2024-07-06T18:35:37Z,,44.319302,59.516,membership,Payment by membership account and/or membership card,USCPIE15885151*1
ChargePoint Network,,,12406401,12406401,FPIA / RIGHT STATION,21527671,247,3243847931,2024-07-19T23:02:13Z,2024-07-19T23:38:18Z,,35.993198,75.269,membership,Payment by membership account and/or membership card,USCPIE12406401*1
ChargePoint Network,,,13664401,13664401,BTES / STATION 1 (LL),23060421,247,3210158341,2024-07-04T15:34:01Z,2024-07-04T15:34:43Z,,0.000000,0.0,membership,Payment by membership account and/or membership card,USCPIE13664401*1
ChargePoint Network,,,12720861,12720861,WRECC / STATION 2,21977121,247,3220003361,2024-07-09T19:23:29Z,2024-07-09T19:54:58Z,,45.792400,123.224,membership,Payment by membership account and/or membership card,USCPIE12720861*1
ChargePoint Network,,,12754021,12754021,WCMES / CITYHALL1-L,22015241,247,3259446791,2024-07-26T19:49:20Z,2024-07-26T20:05:16Z,,17.923599,76.05,credit_card_terminal,Payment via credit card or debit card terminal,USCPIE12754021*1
ChargePoint Network,,,15640171,15640171,NECDC / STATION 2 (R),25228711,247,3238721111,2024-07-17T22:08:20Z,2024-07-17T22:51:57Z,,49.190800,73.283,credit_card_terminal,Payment via credit card or debit card terminal,USCPIE15640171*1
ChargePoint Network,,,15623231,15623231,CLW / 5TH ST 1 (L),25208301,247,3223113601,2024-07-10T23:50:47Z,2024-07-11T00:30:21Z,,45.679798,77.599,membership,Payment by membership account and/or membership card,USCPIE15623231*1
ChargePoint Network,,,15280471,15280471,SPRFLD ELECTRIC / STATION 1 (L),24807681,247,3233710371,2024-07-15T22:52:15Z,2024-07-15T23:02:01Z,,7.639900,55.106,membership,Payment by membership account and/or membership card,USCPIE15280471*1
ChargePoint Network,,,13606121,13606121,I24 EXIT11 / STATION 2 (LM),22992591,247,3246878841,2024-07-21T17:33:22Z,2024-07-21T18:11:35Z,,44.664101,73.26,membership,Payment by membership account and/or membership card,USCPIE13606121*1
ChargePoint Network,,,13606061,13606061,I24 EXIT11 / STATION 4 (RR),22992511,247,3232602971,2024-07-15T15:01:52Z,2024-07-15T15:02:32Z,,0.000000,0.0,credit_card_terminal,Payment via credit card or debit card terminal,USCPIE13606061*1
ChargePoint Network,,,5466441,5466441,7SPC / NASA USSRC R,9079371,3,3234957981,2024-07-16T14:14:44Z,2024-07-16T23:02:24Z,,52.492928,6.1438,membership,Payment by membership account and/or membership card,USCPIE5466441*2
ChargePoint Network,,,14337501,14337501,HOLSTONELECTRIC / CHURCH HILL-2,23845091,247,3217682551,2024-07-08T20:06:59Z,2024-07-08T20:24:07Z,,16.589800,72.36,other,Any other payment method not specified above. Additional description should be provided in Payment Method Description.,USCPIE14337501*1
ChargePoint Network,,,15694081,15694081,BRIGHTRIDGE EV / STATION 2 (R),25291921,247,3267424861,2024-07-30T17:22:10Z,2024-07-30T17:22:27Z,,0.000000,0.0,credit_card_terminal,Payment via credit card or debit card terminal,USCPIE15694081*1
ChargePoint Network,,,13664471,13664471,BTES / STATION 3 (RM),23060511,247,3228927971,2024-07-13T14:04:31Z,2024-07-13T14:41:17Z,,25.189600,74.426,membership,Payment by membership account and/or membership card,USCPIE13664471*1
ChargePoint Network,,,1988061,1988061,7SPC / SCES DOLLYWOOD,25499841,3,3237458441,2024-07-17T13:25:14Z,2024-07-17T15:10:55Z,,2.432400,1.4053,membership,Payment by membership account and/or membership card,USCPIE1988061*2
ChargePoint Network,,,1988141,1988141,7SPC / SCES DREAM MORE,2355561,3,3253656811,2024-07-24T15:02:42Z,2024-07-24T20:25:26Z,,0.563571,7.1135,membership,Payment by membership account and/or membership card,USCPIE1988141*1
ChargePoint Network,,,15623211,15623211,CLW / 5TH ST 2 (R),25208281,247,3242966951,2024-07-19T16:27:30Z,2024-07-19T17:43:16Z,,48.835098,64.934,credit_card_terminal,Payment via credit card or debit card terminal,USCPIE15623211*1
ChargePoint Network,,,15885771,15885771,TWICKENHAM SQ / HU - STATION 4,25521581,247,3261109281,2024-07-27T16:56:56Z,2024-07-27T16:58:17Z,,0.272300,0.0,membership,Payment by membership account and/or membership card,USCPIE15885771*1
ChargePoint Network,,,14337221,14337221,HOLSTONELECTRIC / CHURCH HILL-1,23844801,247,3226097161,2024-07-12T03:09:01Z,2024-07-12T04:03:26Z,,48.607899,74.226,credit_card_terminal,Payment via credit card or debit card terminal,USCPIE14337221*1
ChargePoint Network,,,9677521,9677521,UT PARKING / S7 STATION 1,17169331,3,3263058901,2024-07-28T19:42:44Z,2024-07-29T02:53:48Z,,40.410652,7.1892,membership,Payment by membership account and/or membership card,USCPIE9677521*1
ChargePoint Network,,,13664401,13664401,BTES / STATION 1 (LL),,,3253880241,2024-07-24T16:15:41Z,2024-07-24T16:17:42Z,,0.000000,,membership,Payment by membership account and/or membership card,USCPIE13664401*0
ChargePoint Network,,,5354011,5354011,7SPC / GREENEVILLE TA,8936791,207,3252391251,2024-07-23T23:52:23Z,2024-07-23T23:59:10Z,,0.000000,0.0,phone_online,"Payment through mobile app, website, automated phone number or messaging system",USCPIE5354011*1
ChargePoint Network,,,12720861,12720861,WRECC / STATION 2,21977121,247,3246645401,2024-07-21T14:46:21Z,2024-07-21T15:24:36Z,,50.456501,84.177,membership,Payment by membership account and/or membership card,USCPIE12720861*1
ChargePoint Network,,,5414151,5414151,7SPC / UC - CARTHAGE,9014651,3,3251782601,2024-07-23T19:32:41Z,2024-07-23T19:33:46Z,,0.000000,0.0,credit_card_terminal,Payment via credit card or debit card terminal,USCPIE5414151*2
ChargePoint Network,,,15623211,15623211,CLW / 5TH ST 2 (R),25208281,247,3246121541,2024-07-21T02:56:10Z,2024-07-21T03:11:12Z,,13.785600,59.444,membership,Payment by membership account and/or membership card,USCPIE15623211*1
ChargePoint Network,,,15623231,15623231,CLW / 5TH ST 1 (L),25208301,247,3204440151,2024-07-02T01:39:38Z,2024-07-02T01:43:26Z,,0.000000,0.0,credit_card_terminal,Payment via credit card or debit card terminal,USCPIE15623231*1
ChargePoint Network,,,14097801,14097801,SCOTTSBORO EPB / SEPB DCFC (L),23570921,247,3240788101,2024-07-18T18:45:09Z,2024-07-18T18:46:31Z,,0.000000,0.0,membership,Payment by membership account and/or membership card,USCPIE14097801*1
ChargePoint Network,,,15623211,15623211,CLW / 5TH ST 2 (R),25208281,247,3250077221,2024-07-23T01:20:02Z,2024-07-23T01:40:18Z,,17.897800,60.645,membership,Payment by membership account and/or membership card,USCPIE15623211*1
ChargePoint Network,,,15623231,15623231,CLW / 5TH ST 1 (L),25208301,247,3243321261,2024-07-19T19:09:02Z,2024-07-19T19:09:35Z,,0.000000,0.0,membership,Payment by membership account and/or membership card,USCPIE15623231*1
ChargePoint Network,,,5122191,5122191,CULLMANELECTRIC / STATION1-L,8482151,247,3235088221,2024-07-16T15:03:41Z,2024-07-16T17:57:59Z,,43.921501,54.9,membership,Payment by membership account and/or membership card,USCPIE5122191*1
ChargePoint Network,,,13861861,13861861,BRMEMC / STATION 1,23296281,247,3250952571,2024-07-23T14:01:32Z,2024-07-23T14:21:35Z,,24.985001,80.555,membership,Payment by membership account and/or membership card,USCPIE13861861*1
ChargePoint Network,,,5565241,5565241,7SPC / SCES LECONTE 4,9205111,3,3250226331,2024-07-23T02:50:33Z,2024-07-23T12:35:12Z,,35.275959,6.0867,membership,Payment by membership account and/or membership card,USCPIE5565241*2
ChargePoint Network,,,13664501,13664501,BTES / STATION 4 (RR),,,3245296071,2024-07-20T18:50:50Z,2024-07-20T18:52:23Z,,0.000000,,credit_card_terminal,Payment via credit card or debit card terminal,USCPIE13664501*0
ChargePoint Network,,,13606061,13606061,I24 EXIT11 / STATION 4 (RR),22992511,100011,3250329131,2024-07-23T03:50:23Z,2024-07-23T04:58:04Z,,18.757799,17.28,membership,Payment by membership account and/or membership card,USCPIE13606061*1
ChargePoint Network,,,7505851,7505851,JEFFERSON AVE. / OXFORD STA1(L),12955471,247,3214367601,2024-07-07T00:50:02Z,2024-07-07T02:42:50Z,,56.373699,73.458,credit_card_terminal,Payment via credit card or debit card terminal,USCPIE7505851*1
ChargePoint Network,,,1932851,1932851,BRIGHTRIDGE EV / BR-JC LIBRARY,23319811,3,3209227271,2024-07-04T00:32:12Z,2024-07-04T00:34:31Z,,0.000000,0.0,membership,Payment by membership account and/or membership card,USCPIE1932851*1
ChargePoint Network,,,15548151,15548151,DECATURDOWNTWN / STATION 1 (R),25119511,247,3238564831,2024-07-17T21:01:38Z,2024-07-17T21:18:49Z,,6.375300,48.236,membership,Payment by membership account and/or membership card,USCPIE15548151*1
ChargePoint Network,,,1844191,1844191,CLW / MAIN ST,23050431,3,3244973601,2024-07-20T15:34:17Z,2024-07-21T00:01:06Z,,52.188896,7.1209,membership,Payment by membership account and/or membership card,USCPIE1844191*1
ChargePoint Network,,,5346231,5346231,CULLMANELECTRIC / STATION2-R,,,3213309261,2024-07-06T12:42:12Z,2024-07-06T12:42:18Z,,0.000000,,membership,Payment by membership account and/or membership card,USCPIE5346231*0
ChargePoint Network,,,13664501,13664501,BTES / STATION 4 (RR),23060561,247,3267110731,2024-07-30T15:27:46Z,2024-07-30T16:13:05Z,,45.574501,87.713,membership,Payment by membership account and/or membership card,USCPIE13664501*1
ChargePoint Network,,,12720861,12720861,WRECC / STATION 2,21977121,247,3245039121,2024-07-20T16:16:54Z,2024-07-20T16:45:45Z,,31.040300,75.222,membership,Payment by membership account and/or membership card,USCPIE12720861*1
ChargePoint Network,,,13861891,13861891,BRMEMC / STATION 2,23296321,247,3245923151,2024-07-21T00:51:45Z,2024-07-21T01:08:35Z,,20.880800,86.435,membership,Payment by membership account and/or membership card,USCPIE13861891*1
ChargePoint Network,,,12720861,12720861,WRECC / STATION 2,21977121,247,3254472441,2024-07-24T20:29:46Z,2024-07-24T20:29:58Z,,0.000000,0.0,membership,Payment by membership account and/or membership card,USCPIE12720861*1
ChargePoint Network,,,13664401,13664401,BTES / STATION 1 (LL),23060421,247,3258447381,2024-07-26T12:18:44Z,2024-07-26T12:29:23Z,,10.176900,0.0,membership,Payment by membership account and/or membership card,USCPIE13664401*1
ChargePoint Network,,,13606141,13606141,I24 EXIT11 / STATION 1 (LL),22992611,100011,3242141811,2024-07-19T05:35:51Z,2024-07-19T05:38:44Z,,0.487500,0.0,membership,Payment by membership account and/or membership card,USCPIE13606141*1
ChargePoint Network,,,14097801,14097801,SCOTTSBORO EPB / SEPB DCFC (L),23570921,247,3230474681,2024-07-14T08:57:53Z,2024-07-14T09:36:03Z,,22.000099,75.174,membership,Payment by membership account and/or membership card,USCPIE14097801*1
ChargePoint Network,,,15548151,15548151,DECATURDOWNTWN / STATION 1 (R),25119511,247,3229607681,2024-07-13T21:19:37Z,2024-07-13T21:53:17Z,,21.413900,49.875,membership,Payment by membership account and/or membership card,USCPIE15548151*1
ChargePoint Network,,,14047321,14047321,JEFFERSON AVE. / OXFORD STA2(R),23514081,247,3221822391,2024-07-10T14:50:23Z,2024-07-10T15:10:29Z,,22.764700,71.4,membership,Payment by membership account and/or membership card,USCPIE14047321*1
ChargePoint Network,,,12406401,12406401,FPIA / RIGHT STATION,21527671,247,3259074501,2024-07-26T16:59:17Z,2024-07-26T17:29:28Z,,34.536098,73.481,membership,Payment by membership account and/or membership card,USCPIE12406401*1
ChargePoint Network,,,1844191,1844191,CLW / MAIN ST,23050431,3,3206335051,2024-07-02T21:41:24Z,2024-07-02T22:06:31Z,,2.727958,6.9922,membership,Payment by membership account and/or membership card,USCPIE1844191*1
ChargePoint Network,,,1964521,1964521,EBOFG / GUNTERSVILLE PD,8374211,3,3243834841,2024-07-19T22:57:17Z,2024-07-20T00:10:11Z,,4.650040,3.8782,membership,Payment by membership account and/or membership card,USCPIE1964521*2
ChargePoint Network,,,13966811,13966811,BEA / STATION 2 (LM),23420881,247,3232895801,2024-07-15T16:46:56Z,2024-07-15T17:15:13Z,,32.910900,74.69,membership,Payment by membership account and/or membership card,USCPIE13966811*1
ChargePoint Network,,,15885771,15885771,TWICKENHAM SQ / HU - STATION 4,25521581,247,3247120521,2024-07-21T20:01:23Z,2024-07-21T20:02:17Z,,0.000000,0.0,membership,Payment by membership account and/or membership card,USCPIE15885771*1
ChargePoint Network,,,5363211,5363211,HARTSELLE 1 / HARTSELLE 1,23427581,3,3230619071,2024-07-14T14:04:53Z,2024-07-14T14:59:50Z,,3.210843,3.7591,membership,Payment by membership account and/or membership card,USCPIE5363211*2
ChargePoint Network,,,7505851,7505851,JEFFERSON AVE. / OXFORD STA1(L),12955471,247,3227177731,2024-07-12T17:02:49Z,2024-07-12T18:21:44Z,,65.711098,85.768,membership,Payment by membership account and/or membership card,USCPIE7505851*1
ChargePoint Network,,,1844191,1844191,CLW / MAIN ST,23050441,3,3212886681,2024-07-06T02:48:32Z,2024-07-06T07:53:41Z,,35.914455,7.3093,membership,Payment by membership account and/or membership card,USCPIE1844191*2
ChargePoint Network,,,14337221,14337221,HOLSTONELECTRIC / CHURCH HILL-1,23844801,100011,3237242391,2024-07-17T11:25:05Z,2024-07-17T11:50:52Z,,20.974701,52.779,membership,Payment by membership account and/or membership card,USCPIE14337221*1
ChargePoint Network,,,15332351,15332351,TUA NW ATLANTIC / STATION 2 (R),24867891,247,3209788781,2024-07-04T06:13:53Z,2024-07-04T06:18:09Z,,0.000000,0.0,membership,Payment by membership account and/or membership card,USCPIE15332351*1
ChargePoint Network,,,1988141,1988141,7SPC / SCES DREAM MORE,2355561,3,3254630271,2024-07-24T21:35:40Z,2024-07-25T01:53:43Z,,30.788506,7.2415,membership,Payment by membership account and/or membership card,USCPIE1988141*1
ChargePoint Network,,,8851921,8851921,7SPC / SEVIERVILLE DC1,15571271,207,3210782591,2024-07-04T23:52:56Z,2024-07-05T00:29:33Z,,33.235600,56.316,membership,Payment by membership account and/or membership card,USCPIE8851921*1
ChargePoint Network,,,14047321,14047321,JEFFERSON AVE. / OXFORD STA2(R),23514081,247,3219302631,2024-07-09T14:42:04Z,2024-07-09T15:16:35Z,,39.401501,71.874,credit_card_terminal,Payment via credit card or debit card terminal,USCPIE14047321*1
ChargePoint Network,,,15885771,15885771,TWICKENHAM SQ / HU - STATION 4,25521581,247,3261529231,2024-07-27T21:05:28Z,2024-08-01T22:18:20Z,,4.266900,0.0,membership,Payment by membership account and/or membership card,USCPIE15885771*1
ChargePoint Network,,,15836981,15836981,TOMBIGBEE / TEPA CHARGER 2,25462651,247,3242384261,2024-07-19T11:50:23Z,2024-07-19T12:01:31Z,,16.758499,119.504,membership,Payment by membership account and/or membership card,USCPIE15836981*1
ChargePoint Network,,,1988141,1988141,7SPC / SCES DREAM MORE,2355561,3,3252585881,2024-07-24T01:10:56Z,2024-07-24T01:11:45Z,,0.000000,0.0,membership,Payment by membership account and/or membership card,USCPIE1988141*1
ChargePoint Network,,,5619801,5619801,7SPC / WARREN RECC BG,25687251,3,3217502831,2024-07-08T18:46:51Z,2024-07-08T19:10:05Z,,2.306372,6.1714,membership,Payment by membership account and/or membership card,USCPIE5619801*1
ChargePoint Network,,,15885771,15885771,TWICKENHAM SQ / HU - STATION 4,25521581,247,3213582191,2024-07-06T16:39:52Z,2024-07-06T17:32:18Z,,62.164101,122.737,credit_card_terminal,Payment via credit card or debit card terminal,USCPIE15885771*1
ChargePoint Network,,,5384781,5384781,7SPC / TRI-COUNTY EMC,9273701,3,3217934261,2024-07-08T22:02:09Z,2024-07-09T00:30:42Z,,17.946634,7.3457,membership,Payment by membership account and/or membership card,USCPIE5384781*2
ChargePoint Network,,,9677521,9677521,UT PARKING / S7 STATION 1,17169331,3,3235236041,2024-07-16T15:53:21Z,2024-07-16T19:54:15Z,,26.781685,7.1562,membership,Payment by membership account and/or membership card,USCPIE9677521*1
ChargePoint Network,,,5466441,5466441,7SPC / NASA USSRC R,9079361,3,3221747761,2024-07-10T14:19:07Z,2024-07-10T17:00:36Z,,16.648239,6.2774,credit_card_terminal,Payment via credit card or debit card terminal,USCPIE5466441*1
ChargePoint Network,,,13606061,13606061,I24 EXIT11 / STATION 4 (RR),22992511,247,3233072261,2024-07-15T18:11:08Z,2024-07-15T18:35:29Z,,26.959801,75.239,membership,Payment by membership account and/or membership card,USCPIE13606061*1
ChargePoint Network,,,5346231,5346231,CULLMANELECTRIC / STATION2-R,8926271,247,3261693561,2024-07-27T22:42:08Z,2024-07-27T23:06:46Z,,17.026699,48.708,membership,Payment by membership account and/or membership card,USCPIE5346231*1
ChargePoint Network,,,15815141,15815141,GEA-1 / STATION 1 (L),,,3240417141,2024-07-18T16:05:14Z,2024-07-18T16:07:15Z,,0.000000,,membership,Payment by membership account and/or membership card,USCPIE15815141*0
ChargePoint Network,,,5122191,5122191,CULLMANELECTRIC / STATION1-L,8482151,247,3238581301,2024-07-17T21:08:11Z,2024-07-17T21:10:09Z,,0.000000,0.0,membership,Payment by membership account and/or membership card,USCPIE5122191*1
ChargePoint Network,,,13606141,13606141,I24 EXIT11 / STATION 1 (LL),22992611,247,3222904171,2024-07-10T22:18:22Z,2024-07-10T22:21:19Z,,0.000000,0.0,membership,Payment by membership account and/or membership card,USCPIE13606141*1
ChargePoint Network,,,15836981,15836981,TOMBIGBEE / TEPA CHARGER 2,25462651,247,3227881181,2024-07-12T22:27:48Z,2024-07-12T23:33:58Z,,43.683300,53.491,membership,Payment by membership account and/or membership card,USCPIE15836981*1
ChargePoint Network,,,13606061,13606061,I24 EXIT11 / STATION 4 (RR),22992511,247,3205051411,2024-07-02T12:20:53Z,2024-07-02T12:39:23Z,,21.276800,73.26,membership,Payment by membership account and/or membership card,USCPIE13606061*1