provider_id,station_id,site_id,charger_id,evse_id,evse_name,port_id,connector_id,session_id,session_start,session_end,session_error,energy_kwh,peak_power_kw,payment_method,payment_other,eMI3 Port id
ChargePoint Network,,,1964521,1964521,EBOFG / GUNTERSVILLE PD,8374211,3,3145376051,2024-06-05T16:58:12Z,2024-06-05T21:30:23Z,,7.742930,3.6918,membership,Payment by membership account and/or membership card,USCPIE1964521*2
ChargePoint Network,,,15280471,15280471,SPRFLD ELECTRIC / STATION 1 (L),24807681,247,3195838421,2024-06-27T21:11:58Z,2024-06-27T21:47:11Z,,10.167000,43.47,credit_card_terminal,Payment via credit card or debit card terminal,USCPIE15280471*1
ChargePoint Network,,,12720861,12720861,WRECC / STATION 2,,,3173979651,2024-06-18T03:59:31Z,2024-06-18T04:01:32Z,,0.000000,,membership,Payment by membership account and/or membership card,USCPIE12720861*0
ChargePoint Network,,,1964521,1964521,EBOFG / GUNTERSVILLE PD,8374211,3,3200333191,2024-06-29T21:13:19Z,2024-06-29T21:52:39Z,,4.750881,7.384,membership,Payment by membership account and/or membership card,USCPIE1964521*2
ChargePoint Network,,,12720861,12720861,WRECC / STATION 2,21977121,100011,3160622801,2024-06-12T07:58:09Z,2024-06-12T08:49:53Z,,25.646400,38.738,membership,Payment by membership account and/or membership card,USCPIE12720861*1
ChargePoint Network,,,14049761,14049761,PARIS BPU / STATION 2(R),23516951,247,3154636631,2024-06-09T19:57:20Z,2024-06-09T20:04:31Z,,7.528100,70.441,membership,Payment by membership account and/or membership card,USCPIE14049761*1
ChargePoint Network,,,15694081,15694081,BRIGHTRIDGE EV / STATION 2 (R),25291921,247,3182877801,2024-06-21T23:32:05Z,2024-06-22T00:49:32Z,,90.178703,87.515,credit_card_terminal,Payment via credit card or debit card terminal,USCPIE15694081*1
ChargePoint Network,,,14355271,14355271,HARTSELLE 1 / STATION 1 (L),,,3173106781,2024-06-17T20:55:24Z,2024-06-17T20:57:25Z,,0.000000,,membership,Payment by membership account and/or membership card,USCPIE14355271*0
ChargePoint Network,,,12989161,12989161,BTES / CITY HALL,22285821,3,3154522381,2024-06-09T18:46:52Z,2024-06-09T20:10:34Z,,9.856152,7.1548,credit_card_terminal,Payment via credit card or debit card terminal,USCPIE12989161*2
ChargePoint Network,,,13026471,13026471,WCMES / CITYHALL2-R,22328331,247,3195783941,2024-06-27T20:47:59Z,2024-06-27T21:44:26Z,,37.735500,72.889,membership,Payment by membership account and/or membership card,USCPIE13026471*1
ChargePoint Network,,,15885151,15885151,TWICKENHAM SQ / HU - STATION 2,25520801,247,3184650111,2024-06-22T23:10:20Z,2024-06-23T02:20:21Z,,69.333702,61.659,membership,Payment by membership account and/or membership card,USCPIE15885151*1
ChargePoint Network,,,5466441,5466441,7SPC / NASA USSRC R,9079361,3,3190324611,2024-06-25T18:00:35Z,2024-06-25T21:51:35Z,,11.002200,5.9917,membership,Payment by membership account and/or membership card,USCPIE5466441*1
ChargePoint Network,,,1964521,1964521,EBOFG / GUNTERSVILLE PD,8374211,3,3183782221,2024-06-22T14:01:03Z,2024-06-22T15:47:33Z,,12.114985,7.102,membership,Payment by membership account and/or membership card,USCPIE1964521*2
ChargePoint Network,,,12720861,12720861,WRECC / STATION 2,21977121,247,3135795641,2024-06-01T04:19:46Z,2024-06-01T04:22:27Z,,0.000000,0.0,membership,Payment by membership account and/or membership card,USCPIE12720861*1
ChargePoint Network,,,13290491,13290491,7SPC / NASA USSRC L,22634941,3,3164573251,2024-06-13T20:37:02Z,2024-06-13T22:07:02Z,,6.482530,5.9984,membership,Payment by membership account and/or membership card,USCPIE13290491*2
ChargePoint Network,,,5354011,5354011,7SPC / GREENEVILLE TA,8936791,207,3154414561,2024-06-09T17:40:01Z,2024-06-09T18:00:21Z,,15.737400,53.937,membership,Payment by membership account and/or membership card,USCPIE5354011*1
ChargePoint Network,,,1964521,1964521,EBOFG / GUNTERSVILLE PD,8374211,3,3146065001,2024-06-05T22:01:38Z,2024-06-05T22:05:50Z,,0.000000,0.0,membership,Payment by membership account and/or membership card,USCPIE1964521*2
ChargePoint Network,,,1964521,1964521,EBOFG / GUNTERSVILLE PD,8374211,3,3166556641,2024-06-14T16:56:28Z,2024-06-14T21:34:09Z,,8.989956,3.7014,membership,Payment by membership account and/or membership card,USCPIE1964521*2
ChargePoint Network,,,15555831,15555831,FPU / STATION 2 (R),25128511,247,3165452551,2024-06-14T03:04:04Z,2024-06-14T04:18:01Z,,42.711899,73.325,membership,Payment by membership account and/or membership card,USCPIE15555831*1
ChargePoint Network,,,1921531,1921531,STARKVILLE UTIL / STARKVILLE REC,2268561,3,3192680731,2024-06-26T16:42:03Z,2024-06-26T17:10:25Z,,3.241652,7.0225,other,Any other payment method not specified above. Additional description should be provided in Payment Method Description.,USCPIE1921531*2
ChargePoint Network,,,1964521,1964521,EBOFG / GUNTERSVILLE PD,8374201,3,3176761961,2024-06-19T10:40:57Z,2024-06-19T11:11:18Z,,3.641380,7.4809,membership,Payment by membership account and/or membership card,USCPIE1964521*1
ChargePoint Network,,,5346231,5346231,CULLMANELECTRIC / STATION2-R,8926271,247,3159090281,2024-06-11T17:52:02Z,2024-06-11T18:12:08Z,,32.875999,116.424,membership,Payment by membership account and/or membership card,USCPIE5346231*1
ChargePoint Network,,,13606061,13606061,I24 EXIT11 / STATION 4 (RR),22992511,247,3180245571,2024-06-20T21:29:18Z,2024-06-20T21:50:16Z,,25.615601,76.435,membership,Payment by membership account and/or membership card,USCPIE13606061*1
ChargePoint Network,,,13606121,13606121,I24 EXIT11 / STATION 2 (LM),22992591,247,3187885731,2024-06-24T17:50:16Z,2024-06-24T18:02:21Z,,13.137800,70.884,membership,Payment by membership account and/or membership card,USCPIE13606121*1
ChargePoint Network,,,14359491,14359491,EBOFG / STATION 1 (L),23870291,247,3148970551,2024-06-07T00:08:53Z,2024-06-07T00:11:07Z,,0.000000,0.0,membership,Payment by membership account and/or membership card,USCPIE14359491*1
ChargePoint Network,,,5565191,5565191,7SPC / DOLLYWOOD EMPL,9205031,3,3147964691,2024-06-06T16:59:44Z,2024-06-06T20:26:23Z,,20.613596,7.1658,membership,Payment by membership account and/or membership card,USCPIE5565191*1
ChargePoint Network,,,15640031,15640031,NECDC / STATION 1 (L),25228511,247,3170939711,2024-06-16T22:07:02Z,2024-06-16T22:15:06Z,,11.151900,103.795,membership,Payment by membership account and/or membership card,USCPIE15640031*1
ChargePoint Network,,,13606061,13606061,I24 EXIT11 / STATION 4 (RR),22992511,247,3163731241,2024-06-13T14:57:44Z,2024-06-13T15:48:27Z,,57.377602,77.42,membership,Payment by membership account and/or membership card,USCPIE13606061*1
ChargePoint Network,,,5466441,5466441,7SPC / NASA USSRC R,9079361,3,3148212881,2024-06-06T18:54:34Z,2024-06-06T21:48:39Z,,17.714352,6.1702,membership,Payment by membership account and/or membership card,USCPIE5466441*1
ChargePoint Network,,,5414151,5414151,7SPC / UC - CARTHAGE,9014651,3,3170124601,2024-06-16T11:46:13Z,2024-06-16T13:08:06Z,,9.818458,7.3196,credit_card_terminal,Payment via credit card or debit card terminal,USCPIE5414151*2
ChargePoint Network,,,5619801,5619801,7SPC / WARREN RECC BG,9274261,3,3137431481,2024-06-02T01:38:51Z,2024-06-02T02:20:10Z,,4.069220,6.0283,membership,Payment by membership account and/or membership card,USCPIE5619801*2
ChargePoint Network,,,5466441,5466441,7SPC / NASA USSRC R,9079371,3,3175540981,2024-06-18T20:22:46Z,2024-06-18T21:29:48Z,,6.860996,6.2272,membership,Payment by membership account and/or membership card,USCPIE5466441*2
ChargePoint Network,,,5363211,5363211,HARTSELLE 1 / HARTSELLE 1,23427571,3,3148890521,2024-06-06T23:34:12Z,2024-06-06T23:35:18Z,,0.000000,0.0,membership,Payment by membership account and/or membership card,USCPIE5363211*1
ChargePoint Network,,,14097711,14097711,SCOTTSBORO EPB / SEPB DCFC (R),23570811,247,3137085591,2024-06-01T22:24:16Z,2024-06-01T22:25:02Z,,0.000000,0.0,membership,Payment by membership account and/or membership card,USCPIE14097711*1
ChargePoint Network,,,13606141,13606141,I24 EXIT11 / STATION 1 (LL),22992611,247,3170692791,2024-06-16T19:40:49Z,2024-06-16T20:49:05Z,,67.314400,77.027,membership,Payment by membership account and/or membership card,USCPIE13606141*1
ChargePoint Network,,,14097801,14097801,SCOTTSBORO EPB / SEPB DCFC (L),23570921,247,3143101811,2024-06-04T19:00:14Z,2024-06-04T19:01:10Z,,0.000000,0.0,membership,Payment by membership account and/or membership card,USCPIE14097801*1
ChargePoint Network,,,13292801,13292801,LODGE CAST IRON / STORE & MUSEUM,22637561,3,3170174571,2024-06-16T13:07:54Z,2024-06-16T13:10:50Z,,0.325412,6.9392,credit_card_terminal,Payment via credit card or debit card terminal,USCPIE13292801*2
ChargePoint Network,,,15548181,15548181,DECATURDOWNTWN / STATION 2 (L),25119551,247,3149033051,2024-06-07T00:36:35Z,2024-06-07T00:59:14Z,,25.286400,76.23,membership,Payment by membership account and/or membership card,USCPIE15548181*1
ChargePoint Network,,,13606091,13606091,I24 EXIT11 / STATION 3 (RM),22992551,100011,3156267531,2024-06-10T15:31:37Z,2024-06-10T15:49:13Z,,7.626400,55.877,membership,Payment by membership account and/or membership card,USCPIE13606091*1
ChargePoint Network,,,12720861,12720861,WRECC / STATION 2,21977121,247,3199964651,2024-06-29T20:17:30Z,2024-06-29T20:38:03Z,,28.072901,92.069,membership,Payment by membership account and/or membership card,USCPIE12720861*1
ChargePoint Network,,,14047321,14047321,JEFFERSON AVE. / OXFORD STA2(R),23514081,247,3197293921,2024-06-28T14:23:48Z,2024-06-28T14:49:26Z,,29.221300,71.639,credit_card_terminal,Payment via credit card or debit card terminal,USCPIE14047321*1
ChargePoint Network,,,8851921,8851921,7SPC / SEVIERVILLE DC1,15571271,207,3152945111,2024-06-08T20:12:25Z,2024-06-08T21:09:02Z,,38.016899,56.826,membership,Payment by membership account and/or membership card,USCPIE8851921*1
ChargePoint Network,,,14097711,14097711,SCOTTSBORO EPB / SEPB DCFC (R),23570811,247,3138171511,2024-06-02T16:03:27Z,2024-06-02T16:26:59Z,,26.102501,73.319,membership,Payment by membership account and/or membership card,USCPIE14097711*1
ChargePoint Network,,,13664471,13664471,BTES / STATION 3 (RM),23060511,247,3161668851,2024-06-12T18:13:17Z,2024-06-12T19:06:36Z,,56.892700,78.596,credit_card_terminal,Payment via credit card or debit card terminal,USCPIE13664471*1
ChargePoint Network,,,13606091,13606091,I24 EXIT11 / STATION 3 (RM),,,3185514851,2024-06-23T14:53:59Z,2024-06-23T14:56:00Z,,0.000000,0.0,membership,Payment by membership account and/or membership card,USCPIE13606091*0
ChargePoint Network,,,15280441,15280441,SPRFLD ELECTRIC / STATION 2 (R),24807641,247,3170515311,2024-06-16T17:49:36Z,2024-06-16T18:35:42Z,,29.846901,56.11,credit_card_terminal,Payment via credit card or debit card terminal,USCPIE15280441*1
ChargePoint Network,,,5565291,5565291,7SPC / SCES LECONTE 1,9205191,3,3155330451,2024-06-10T02:28:58Z,2024-06-10T13:43:23Z,,55.946007,7.3467,credit_card_terminal,Payment via credit card or debit card terminal,USCPIE5565291*1
ChargePoint Network,,,9677521,9677521,UT PARKING / S7 STATION 1,17169331,3,3185865831,2024-06-23T18:54:02Z,2024-06-23T19:09:39Z,,1.687204,7.0913,credit_card_terminal,Payment via credit card or debit card terminal,USCPIE9677521*1
ChargePoint Network,,,9745721,9745721,CRMC / CRMC-1 - L2LEFT,17301471,3,3176768691,2024-06-19T10:51:41Z,2024-06-19T19:35:24Z,,34.700985,7.4293,membership,Payment by membership account and/or membership card,USCPIE9745721*1
ChargePoint Network,,,13290491,13290491,7SPC / NASA USSRC L,22634941,3,3140649591,2024-06-03T19:08:35Z,2024-06-03T19:16:46Z,,0.652414,5.7443,membership,Payment by membership account and/or membership card,USCPIE13290491*2
ChargePoint Network,,,15548151,15548151,DECATURDOWNTWN / STATION 1 (R),25119511,247,3164754961,2024-06-13T21:56:19Z,2024-06-13T22:23:05Z,,32.251400,76.44,membership,Payment by membership account and/or membership card,USCPIE15548151*1
ChargePoint Network,,,5122191,5122191,CULLMANELECTRIC / STATION1-L,8482151,247,3197744441,2024-06-28T17:37:31Z,2024-06-28T18:55:07Z,,23.599701,72.269,membership,Payment by membership account and/or membership card,USCPIE5122191*1
ChargePoint Network,,,1932851,1932851,BRIGHTRIDGE EV / BR-JC LIBRARY,23319821,3,3159097241,2024-06-11T17:55:12Z,2024-06-11T19:52:05Z,,14.290879,7.4278,other,Any other payment method not specified above. Additional description should be provided in Payment Method Description.,USCPIE1932851*2
ChargePoint Network,,,14083151,14083151,STEMC / STATION 2 (R) H,23554701,247,3138251451,2024-06-02T16:59:36Z,2024-06-02T17:00:17Z,,0.000000,0.0,membership,Payment by membership account and/or membership card,USCPIE14083151*1
ChargePoint Network,,,12406491,12406491,FPIA / LEFT STATION,21527781,247,3198732611,2024-06-29T01:40:10Z,2024-06-29T01:41:30Z,,0.000000,0.0,membership,Payment by membership account and/or membership card,USCPIE12406491*1
ChargePoint Network,,,9777021,9777021,CRMC / CRMC-2- L2RIGHT,17361741,3,3176862581,2024-06-19T12:13:49Z,2024-06-19T18:07:38Z,,28.131609,7.2269,membership,Payment by membership account and/or membership card,USCPIE9777021*1
ChargePoint Network,,,15694081,15694081,BRIGHTRIDGE EV / STATION 2 (R),25291921,247,3137237651,2024-06-01T23:48:04Z,2024-06-02T01:22:58Z,,103.775002,87.515,membership,Payment by membership account and/or membership card,USCPIE15694081*1
ChargePoint Network,,,9677521,9677521,UT PARKING / S7 STATION 1,17169341,3,3181457831,2024-06-21T12:19:15Z,2024-06-21T16:15:15Z,,4.314864,6.5662,other,Any other payment method not specified above. Additional description should be provided in Payment Method Description.,USCPIE9677521*2
ChargePoint Network,,,13026471,13026471,WCMES / CITYHALL2-R,22328331,247,3183307361,2024-06-22T03:17:36Z,2024-06-22T03:19:10Z,,0.000000,0.0,membership,Payment by membership account and/or membership card,USCPIE13026471*1
ChargePoint Network,,,14097801,14097801,SCOTTSBORO EPB / SEPB DCFC (L),23570921,247,3143097661,2024-06-04T18:58:30Z,2024-06-04T19:00:02Z,,0.000000,0.0,membership,Payment by membership account and/or membership card,USCPIE14097801*1
ChargePoint Network,,,15640171,15640171,NECDC / STATION 2 (R),25228711,247,3173201781,2024-06-17T21:40:03Z,2024-06-17T22:07:15Z,,30.748301,73.655,membership,Payment by membership account and/or membership card,USCPIE15640171*1
ChargePoint Network,,,15623231,15623231,CLW / 5TH ST 1 (L),25208301,247,3165911141,2024-06-14T11:49:30Z,2024-06-14T12:50:28Z,,59.102699,76.241,membership,Payment by membership account and/or membership card,USCPIE15623231*1
ChargePoint Network,,,14047321,14047321,JEFFERSON AVE. / OXFORD STA2(R),23514081,247,3165121101,2024-06-14T00:35:18Z,2024-06-14T01:39:15Z,,64.816101,71.708,membership,Payment by membership account and/or membership card,USCPIE14047321*1
ChargePoint Network,,,14359531,14359531,EBOFG / STATION 2 (R),23870331,247,3171195731,2024-06-17T00:28:03Z,2024-06-17T00:59:18Z,,35.562599,72.158,credit_card_terminal,Payment via credit card or debit card terminal,USCPIE14359531*1
ChargePoint Network,,,5122191,5122191,CULLMANELECTRIC / STATION1-L,8482151,247,3168525331,2024-06-15T15:19:15Z,2024-06-15T15:53:34Z,,24.722300,53.872,membership,Payment by membership account and/or membership card,USCPIE5122191*1
ChargePoint Network,,,14355251,14355251,HARTSELLE 1 / STATION 2 (R),23865691,247,3195941671,2024-06-27T21:56:45Z,2024-06-27T22:12:35Z,,18.138201,73.695,membership,Payment by membership account and/or membership card,USCPIE14355251*1
ChargePoint Network,,,1964521,1964521,EBOFG / GUNTERSVILLE PD,8374211,3,3182136241,2024-06-21T17:41:22Z,2024-06-21T18:18:26Z,,2.122907,3.7081,credit_card_terminal,Payment via credit card or debit card terminal,USCPIE1964521*2
ChargePoint Network,,,12448521,12448521,7SPC / WARREN RECC LF,21576911,3,3172218081,2024-06-17T14:46:31Z,2024-06-17T14:47:53Z,,0.000000,,credit_card_terminal,Payment via credit card or debit card terminal,USCPIE12448521*1
ChargePoint Network,,,12406491,12406491,FPIA / LEFT STATION,21527781,247,3149275451,2024-06-07T02:30:23Z,2024-06-07T03:04:23Z,,62.492401,116.578,membership,Payment by membership account and/or membership card,USCPIE12406491*1
ChargePoint Network,,,13026471,13026471,WCMES / CITYHALL2-R,22328331,247,3138966091,2024-06-02T23:54:09Z,2024-06-03T01:01:30Z,,51.653400,68.991,membership,Payment by membership account and/or membership card,USCPIE13026471*1
ChargePoint Network,,,14359491,14359491,EBOFG / STATION 1 (L),23870291,247,3144971141,2024-06-05T14:36:58Z,2024-06-05T14:37:52Z,,0.000000,0.0,membership,Payment by membership account and/or membership card,USCPIE14359491*1
ChargePoint Network,,,5384781,5384781,7SPC / TRI-COUNTY EMC,9273701,3,3152401371,2024-06-08T14:47:22Z,2024-06-08T17:24:04Z,,18.849371,7.2893,membership,Payment by membership account and/or membership card,USCPIE5384781*2
ChargePoint Network,,,12720881,12720881,WRECC / STATION 1,21977141,247,3170947741,2024-06-16T22:11:54Z,2024-06-16T22:31:57Z,,23.222099,76.635,membership,Payment by membership account and/or membership card,USCPIE12720881*1
ChargePoint Network,,,13803581,13803581,FPU / STATION 1 (L),23227201,247,3153469911,2024-06-09T01:08:46Z,2024-06-09T01:40:47Z,,21.870100,67.886,membership,Payment by membership account and/or membership card,USCPIE13803581*1
ChargePoint Network,,,5354011,5354011,7SPC / GREENEVILLE TA,8936791,207,3180244981,2024-06-20T21:29:06Z,2024-06-20T21:50:09Z,,17.315201,59.516,membership,Payment by membership account and/or membership card,USCPIE5354011*1
ChargePoint Network,,,13643801,13643801,PEPA / STATION 2,23036481,247,3194399371,2024-06-27T09:17:27Z,2024-06-27T09:55:44Z,,43.679199,75.023,membership,Payment by membership account and/or membership card,USCPIE13643801*1
ChargePoint Network,,,14047321,14047321,JEFFERSON AVE. / OXFORD STA2(R),23514081,247,3173132621,2024-06-17T21:09:23Z,2024-06-17T21:37:48Z,,29.996401,69.101,membership,Payment by membership account and/or membership card,USCPIE14047321*1
ChargePoint Network,,,14097711,14097711,SCOTTSBORO EPB / SEPB DCFC (R),23570811,247,3148286161,2024-06-06T19:24:53Z,2024-06-06T19:44:59Z,,17.803699,70.884,membership,Payment by membership account and/or membership card,USCPIE14097711*1
ChargePoint Network,,,14097711,14097711,SCOTTSBORO EPB / SEPB DCFC (R),23570811,247,3162202101,2024-06-12T22:03:27Z,2024-06-12T22:57:20Z,,46.624001,92.72,membership,Payment by membership account and/or membership card,USCPIE14097711*1
ChargePoint Network,,,15555831,15555831,FPU / STATION 2 (R),25128511,247,3163014471,2024-06-13T04:41:51Z,2024-06-13T04:42:27Z,,0.000000,0.0,membership,Payment by membership account and/or membership card,USCPIE15555831*1
ChargePoint Network,,,1964521,1964521,EBOFG / GUNTERSVILLE PD,8374211,3,3170886021,2024-06-16T21:36:23Z,2024-06-16T21:58:36Z,,2.612346,7.1547,membership,Payment by membership account and/or membership card,USCPIE1964521*2
ChargePoint Network,,,13606141,13606141,I24 EXIT11 / STATION 1 (LL),22992611,100011,3183166171,2024-06-22T02:03:49Z,2024-06-22T03:34:27Z,,29.856300,20.552,membership,Payment by membership account and/or membership card,USCPIE13606141*1
ChargePoint Network,,,5466441,5466441,7SPC / NASA USSRC R,9079361,3,3150096771,2024-06-07T14:26:16Z,2024-06-07T17:36:29Z,,19.181948,6.1661,membership,Payment by membership account and/or membership card,USCPIE5466441*1
ChargePoint Network,,,15694081,15694081,BRIGHTRIDGE EV / STATION 2 (R),25291921,247,3135797211,2024-06-01T04:20:16Z,2024-06-01T04:49:38Z,,33.320999,122.915,membership,Payment by membership account and/or membership card,USCPIE15694081*1
ChargePoint Network,,,15280441,15280441,SPRFLD ELECTRIC / STATION 2 (R),24807641,247,3168309561,2024-06-15T12:07:34Z,2024-06-15T12:41:16Z,,30.569700,56.672,credit_card_terminal,Payment via credit card or debit card terminal,USCPIE15280441*1
ChargePoint Network,,,5565241,5565241,7SPC / SCES LECONTE 4,9205111,3,3159455931,2024-06-11T20:32:08Z,2024-06-11T21:56:14Z,,4.707921,3.7468,membership,Payment by membership account and/or membership card,USCPIE5565241*2
ChargePoint Network,,,13606061,13606061,I24 EXIT11 / STATION 4 (RR),22992511,247,3169554771,2024-06-16T01:12:51Z,2024-06-16T01:49:34Z,,33.932201,57.814,membership,Payment by membership account and/or membership card,USCPIE13606061*1
ChargePoint Network,,,5354011,5354011,7SPC / GREENEVILLE TA,8936791,207,3199390821,2024-06-29T13:56:13Z,2024-06-29T14:04:41Z,,3.449000,26.18,membership,Payment by membership account and/or membership card,USCPIE5354011*1
ChargePoint Network,,,5525971,5525971,7SPC / SPARTA TN,9154681,3,3152782711,2024-06-08T18:42:07Z,2024-06-08T19:20:04Z,,4.250321,6.9478,membership,Payment by membership account and/or membership card,USCPIE5525971*1
ChargePoint Network,,,5122191,5122191,CULLMANELECTRIC / STATION1-L,8482151,247,3135698451,2024-06-01T03:22:43Z,2024-06-01T03:23:14Z,,0.000000,0.0,membership,Payment by membership account and/or membership card,USCPIE5122191*1
ChargePoint Network,,,12720861,12720861,WRECC / STATION 2,21977121,247,3154270561,2024-06-09T16:02:48Z,2024-06-09T16:04:32Z,,0.000000,0.0,membership,Payment by membership account and/or membership card,USCPIE12720861*1
ChargePoint Network,,,15815141,15815141,GEA-1 / STATION 1 (L),25435121,247,3175295421,2024-06-18T18:39:42Z,2024-06-18T19:19:53Z,,36.634499,56.304,membership,Payment by membership account and/or membership card,USCPIE15815141*1
ChargePoint Network,,,15694081,15694081,BRIGHTRIDGE EV / STATION 2 (R),25291921,247,3168859401,2024-06-15T18:40:33Z,2024-06-15T20:20:25Z,,70.091499,75.599,membership,Payment by membership account and/or membership card,USCPIE15694081*1
ChargePoint Network,,,13664401,13664401,BTES / STATION 1 (LL),23060421,247,3148593781,2024-06-06T21:29:57Z,2024-06-06T21:40:09Z,,8.494800,0.0,membership,Payment by membership account and/or membership card,USCPIE13664401*1
ChargePoint Network,,,15280441,15280441,SPRFLD ELECTRIC / STATION 2 (R),24807641,247,3199523761,2024-06-29T15:43:23Z,2024-06-29T17:40:26Z,,73.278603,53.067,membership,Payment by membership account and/or membership card,USCPIE15280441*1
ChargePoint Network,,,5565251,5565251,7SPC / SCES LECONTE 3,9205131,3,3141395581,2024-06-04T00:45:40Z,2024-06-04T12:09:38Z,,78.252876,7.2441,membership,Payment by membership account and/or membership card,USCPIE5565251*2
ChargePoint Network,,,13803581,13803581,FPU / STATION 1 (L),23227201,247,3185684291,2024-06-23T17:01:17Z,2024-06-23T17:32:03Z,,30.892099,79.39,membership,Payment by membership account and/or membership card,USCPIE13803581*1
ChargePoint Network,,,15694081,15694081,BRIGHTRIDGE EV / STATION 2 (R),25291921,247,3176757171,2024-06-19T10:30:45Z,2024-06-19T10:56:11Z,,30.704599,74.48,membership,Payment by membership account and/or membership card,USCPIE15694081*1
ChargePoint Network,,,5619801,5619801,7SPC / WARREN RECC BG,9274261,3,3136345001,2024-06-01T15:29:19Z,2024-06-01T15:58:00Z,,2.769511,5.9079,membership,Payment by membership account and/or membership card,USCPIE5619801*2
ChargePoint Network,,,15694171,15694171,BRIGHTRIDGE EV / STATION 1 (L),25292041,247,3141086191,2024-06-03T22:21:42Z,2024-06-03T22:39:04Z,,10.386800,50.819,membership,Payment by membership account and/or membership card,USCPIE15694171*1
ChargePoint Network,,,1964521,1964521,EBOFG / GUNTERSVILLE PD,8374211,3,3187876111,2024-06-24T17:45:46Z,2024-06-24T19:34:22Z,,13.154345,7.425,membership,Payment by membership account and/or membership card,USCPIE1964521*2
ChargePoint Network,,,15694171,15694171,BRIGHTRIDGE EV / STATION 1 (L),25292041,100011,3199493061,2024-06-29T15:19:52Z,2024-06-29T15:36:32Z,,1.685200,24.947,membership,Payment by membership account and/or membership card,USCPIE15694171*1
ChargePoint Network,,,5354011,5354011,7SPC / GREENEVILLE TA,8936791,207,3194271341,2024-06-27T05:11:56Z,2024-06-27T05:27:49Z,,6.956900,27.257,membership,Payment by membership account and/or membership card,USCPIE5354011*1
ChargePoint Network,,,15885771,15885771,TWICKENHAM SQ / HU - STATION 4,25521581,100011,3186054151,2024-06-23T20:48:08Z,2024-06-23T21:27:13Z,,12.182100,34.264,credit_card_terminal,Payment via credit card or debit card terminal,USCPIE15885771*1
ChargePoint Network,,,12720861,12720861,WRECC / STATION 2,21977121,247,3151051271,2024-06-07T21:10:38Z,2024-06-07T21:12:32Z,,0.000000,0.0,membership,Payment by membership account and/or membership card,USCPIE12720861*1
ChargePoint Network,,,15280441,15280441,SPRFLD ELECTRIC / STATION 2 (R),24807641,247,3191867691,2024-06-26T10:01:10Z,2024-06-26T12:13:56Z,,65.131500,52.096,membership,Payment by membership account and/or membership card,USCPIE15280441*1
ChargePoint Network,,,9677521,9677521,UT PARKING / S7 STATION 1,17169341,3,3136069611,2024-06-01T11:19:11Z,2024-06-01T21:19:20Z,,53.984222,7.0958,membership,Payment by membership account and/or membership card,USCPIE9677521*2
ChargePoint Network,,,5565291,5565291,7SPC / SCES LECONTE 1,9205191,3,3170789421,2024-06-16T20:38:25Z,2024-06-16T23:22:23Z,,18.993734,7.0272,membership,Payment by membership account and/or membership card,USCPIE5565291*1
ChargePoint Network,,,9677521,9677521,UT PARKING / S7 STATION 1,17169341,3,3165891391,2024-06-14T11:30:50Z,2024-06-14T16:53:45Z,,26.761559,7.1514,membership,Payment by membership account and/or membership card,USCPIE9677521*2
ChargePoint Network,,,15694081,15694081,BRIGHTRIDGE EV / STATION 2 (R),25291921,100011,3149908561,2024-06-07T12:42:48Z,2024-06-07T12:58:29Z,,10.758600,52.992,membership,Payment by membership account and/or membership card,USCPIE15694081*1
ChargePoint Network,,,8851921,8851921,7SPC / SEVIERVILLE DC1,15571271,207,3148313461,2024-06-06T19:35:54Z,2024-06-06T19:49:30Z,,10.623700,53.124,membership,Payment by membership account and/or membership card,USCPIE8851921*1
ChargePoint Network,,,5565241,5565241,7SPC / SCES LECONTE 4,9205111,3,3170677831,2024-06-16T19:31:15Z,2024-06-16T21:15:05Z,,5.495532,3.7575,membership,Payment by membership account and/or membership card,USCPIE5565241*2
ChargePoint Network,,,13423691,13423691,AEC / STATION #1 (L),22787121,247,3137932401,2024-06-02T11:34:38Z,2024-06-02T11:37:33Z,,0.000000,0.0,credit_card_terminal,Payment via credit card or debit card terminal,USCPIE13423691*1
ChargePoint Network,,,12406491,12406491,FPIA / LEFT STATION,21527781,247,3177805851,2024-06-19T21:26:05Z,2024-06-19T21:43:10Z,,13.092300,50.805,membership,Payment by membership account and/or membership card,USCPIE12406491*1
ChargePoint Network,,,13606061,13606061,I24 EXIT11 / STATION 4 (RR),,,3174731711,2024-06-18T14:57:24Z,2024-06-18T14:59:08Z,,0.000000,,membership,Payment by membership account and/or membership card,USCPIE13606061*0
ChargePoint Network,,,1988061,1988061,7SPC / SCES DOLLYWOOD,25499831,3,3177383421,2024-06-19T17:30:39Z,2024-06-20T02:14:20Z,,26.476423,7.0378,credit_card_terminal,Payment via credit card or debit card terminal,USCPIE1988061*1
ChargePoint Network,,,13026471,13026471,WCMES / CITYHALL2-R,22328331,247,3148338041,2024-06-06T19:45:48Z,2024-06-06T20:08:28Z,,21.664000,74.283,credit_card_terminal,Payment via credit card or debit card terminal,USCPIE13026471*1
ChargePoint Network,,,5346231,5346231,CULLMANELECTRIC / STATION2-R,8926271,247,3183700841,2024-06-22T12:29:26Z,2024-06-22T12:30:23Z,,0.000000,0.0,membership,Payment by membership account and/or membership card,USCPIE5346231*1
ChargePoint Network,,,15694081,15694081,BRIGHTRIDGE EV / STATION 2 (R),25291921,247,3182644711,2024-06-21T21:39:01Z,2024-06-21T23:29:00Z,,55.755501,75.62,membership,Payment by membership account and/or membership card,USCPIE15694081*1
ChargePoint Network,,,14359491,14359491,EBOFG / STATION 1 (L),23870291,247,3148926351,2024-06-06T23:50:32Z,2024-06-06T23:51:32Z,,0.000000,0.0,membership,Payment by membership account and/or membership card,USCPIE14359491*1
ChargePoint Network,,,15332321,15332321,TUA NW ATLANTIC / STATION 1 (L),24867861,247,3185644471,2024-06-23T16:34:50Z,2024-06-23T16:35:33Z,,0.000000,0.0,membership,Payment by membership account and/or membership card,USCPIE15332321*1
ChargePoint Network,,,15640031,15640031,NECDC / STATION 1 (L),25228511,247,3179004891,2024-06-20T12:50:09Z,2024-06-20T13:04:34Z,,26.082899,114.08,membership,Payment by membership account and/or membership card,USCPIE15640031*1
ChargePoint Network,,,5619801,5619801,7SPC / WARREN RECC BG,9274261,3,3177939111,2024-06-19T22:33:31Z,2024-06-19T22:50:18Z,,1.525355,5.9453,credit_card_terminal,Payment via credit card or debit card terminal,USCPIE5619801*2
ChargePoint Network,,,5354011,5354011,7SPC / GREENEVILLE TA,8936791,207,3170889161,2024-06-16T21:38:02Z,2024-06-16T22:23:02Z,,38.303101,59.127,membership,Payment by membership account and/or membership card,USCPIE5354011*1
ChargePoint Network,,,1988061,1988061,7SPC / SCES DOLLYWOOD,25499831,3,3194773911,2024-06-27T14:00:01Z,2024-06-27T19:52:17Z,,10.848652,7.0161,membership,Payment by membership account and/or membership card,USCPIE1988061*1
ChargePoint Network,,,15260241,15260241,STEMC / STATION 1 (L) A,24784071,247,3136082341,2024-06-01T11:39:04Z,2024-06-01T12:06:37Z,,28.144899,81.806,credit_card_terminal,Payment via credit card or debit card terminal,USCPIE15260241*1
ChargePoint Network,,,5346231,5346231,CULLMANELECTRIC / STATION2-R,8926271,247,3136349061,2024-06-01T15:31:34Z,2024-06-01T16:28:41Z,,49.877399,74.052,membership,Payment by membership account and/or membership card,USCPIE5346231*1
ChargePoint Network,,,1932851,1932851,BRIGHTRIDGE EV / BR-JC LIBRARY,23319821,3,3182684401,2024-06-21T21:57:34Z,2024-06-22T01:39:26Z,,24.102530,6.5753,membership,Payment by membership account and/or membership card,USCPIE1932851*2
ChargePoint Network,,,15640031,15640031,NECDC / STATION 1 (L),25228511,247,3151050801,2024-06-07T21:10:16Z,2024-06-07T22:03:59Z,,39.424599,53.937,credit_card_terminal,Payment via credit card or debit card terminal,USCPIE15640031*1
ChargePoint Network,,,5354011,5354011,7SPC / GREENEVILLE TA,8936791,207,3185709451,2024-06-23T17:17:03Z,2024-06-23T17:43:50Z,,14.017800,55.692,membership,Payment by membership account and/or membership card,USCPIE5354011*1
ChargePoint Network,,,7505851,7505851,JEFFERSON AVE. / OXFORD STA1(L),12955471,247,3151198331,2024-06-07T22:16:54Z,2024-06-07T23:27:46Z,,65.885201,87.024,membership,Payment by membership account and/or membership card,USCPIE7505851*1
ChargePoint Network,,,15694171,15694171,BRIGHTRIDGE EV / STATION 1 (L),25292041,247,3181383391,2024-06-21T11:18:12Z,2024-06-21T11:31:08Z,,11.790800,68.425,membership,Payment by membership account and/or membership card,USCPIE15694171*1
ChargePoint Network,,,5565191,5565191,7SPC / DOLLYWOOD EMPL,9205041,3,3161086611,2024-06-12T14:27:33Z,2024-06-12T14:48:26Z,,1.283303,3.7782,membership,Payment by membership account and/or membership card,USCPIE5565191*2
ChargePoint Network,,,15260241,15260241,STEMC / STATION 1 (L) A,24784071,247,3170359901,2024-06-16T16:04:42Z,2024-06-16T16:56:13Z,,54.254200,75.056,membership,Payment by membership account and/or membership card,USCPIE15260241*1
ChargePoint Network,,,5346231,5346231,CULLMANELECTRIC / STATION2-R,8926271,247,3199868201,2024-06-29T19:18:16Z,2024-06-29T19:44:36Z,,20.723600,66.0,membership,Payment by membership account and/or membership card,USCPIE5346231*1
ChargePoint Network,,,5525971,5525971,7SPC / SPARTA TN,9154681,3,3160282061,2024-06-12T02:47:09Z,2024-06-12T03:35:11Z,,5.448521,6.9588,membership,Payment by membership account and/or membership card,USCPIE5525971*1
ChargePoint Network,,,13606141,13606141,I24 EXIT11 / STATION 1 (LL),22992611,247,3144773811,2024-06-05T13:03:20Z,2024-06-05T13:06:01Z,,0.000000,0.0,membership,Payment by membership account and/or membership card,USCPIE13606141*1
ChargePoint Network,,,15640171,15640171,NECDC / STATION 2 (R),25228711,247,3170824861,2024-06-16T20:59:20Z,2024-06-16T22:00:20Z,,68.839798,71.477,membership,Payment by membership account and/or membership card,USCPIE15640171*1
ChargePoint Network,,,13966811,13966811,BEA / STATION 2 (LM),23420881,247,3155265501,2024-06-10T01:50:11Z,2024-06-10T02:35:27Z,,54.127201,76.244,credit_card_terminal,Payment via credit card or debit card terminal,USCPIE13966811*1
ChargePoint Network,,,15694081,15694081,BRIGHTRIDGE EV / STATION 2 (R),25291921,247,3136740561,2024-06-01T19:17:15Z,2024-06-01T19:17:32Z,,0.000000,0.0,membership,Payment by membership account and/or membership card,USCPIE15694081*1
ChargePoint Network,,,15640171,15640171,NECDC / STATION 2 (R),25228711,247,3168456131,2024-06-15T14:29:13Z,2024-06-15T15:48:21Z,,73.752403,71.874,membership,Payment by membership account and/or membership card,USCPIE15640171*1
ChargePoint Network,,,12406401,12406401,FPIA / RIGHT STATION,21527671,247,3168715061,2024-06-15T17:17:19Z,2024-06-15T18:20:58Z,,54.121799,116.424,membership,Payment by membership account and/or membership card,USCPIE12406401*1
ChargePoint Network,,,1844191,1844191,CLW / MAIN ST,23050441,3,3162080041,2024-06-12T21:09:39Z,2024-06-13T00:51:14Z,,26.374088,7.2767,credit_card_terminal,Payment via credit card or debit card terminal,USCPIE1844191*2
ChargePoint Network,,,13664401,13664401,BTES / STATION 1 (LL),23060421,247,3170417411,2024-06-16T16:46:25Z,2024-06-16T17:25:10Z,,21.228201,58.366,membership,Payment by membership account and/or membership card,USCPIE13664401*1
ChargePoint Network,,,15694081,15694081,BRIGHTRIDGE EV / STATION 2 (R),25291921,247,3147919611,2024-06-06T16:40:44Z,2024-06-06T16:58:45Z,,20.992100,73.891,membership,Payment by membership account and/or membership card,USCPIE15694081*1
ChargePoint Network,,,12406491,12406491,FPIA / LEFT STATION,21527781,247,3176001751,2024-06-18T23:42:17Z,2024-06-18T23:43:32Z,,0.000000,0.0,membership,Payment by membership account and/or membership card,USCPIE12406491*1
ChargePoint Network,,,15332321,15332321,TUA NW ATLANTIC / STATION 1 (L),24867861,247,3183665331,2024-06-22T11:33:00Z,2024-06-22T12:14:15Z,,47.349201,76.047,membership,Payment by membership account and/or membership card,USCPIE15332321*1
ChargePoint Network,,,5619801,5619801,7SPC / WARREN RECC BG,9274251,3,3141439121,2024-06-04T01:02:37Z,2024-06-04T01:02:40Z,,0.000000,,credit_card_terminal,Payment via credit card or debit card terminal,USCPIE5619801*1
ChargePoint Network,,,13664501,13664501,BTES / STATION 4 (RR),23060561,247,3137206321,2024-06-01T23:29:24Z,2024-06-02T00:22:58Z,,36.677898,54.316,membership,Payment by membership account and/or membership card,USCPIE13664501*1
ChargePoint Network,,,12720861,12720861,WRECC / STATION 2,21977121,100011,3162021231,2024-06-12T20:44:35Z,2024-06-12T21:32:11Z,,19.344200,28.518,membership,Payment by membership account and/or membership card,USCPIE12720861*1
ChargePoint Network,,,8851921,8851921,7SPC / SEVIERVILLE DC1,15571271,207,3137428811,2024-06-02T01:37:20Z,2024-06-02T02:44:40Z,,55.133301,60.344,membership,Payment by membership account and/or membership card,USCPIE8851921*1
ChargePoint Network,,,13423691,13423691,AEC / STATION #1 (L),22787121,247,3198561681,2024-06-29T00:13:29Z,2024-06-29T00:45:15Z,,38.641899,77.61,membership,Payment by membership account and/or membership card,USCPIE13423691*1
ChargePoint Network,,,1932851,1932851,BRIGHTRIDGE EV / BR-JC LIBRARY,23319811,3,3153405111,2024-06-09T00:32:21Z,2024-06-09T00:39:38Z,,0.859852,7.4683,membership,Payment by membership account and/or membership card,USCPIE1932851*1
ChargePoint Network,,,14337501,14337501,HOLSTONELECTRIC / CHURCH HILL-2,23845091,247,3192294131,2024-06-26T14:26:56Z,2024-06-26T16:19:46Z,,59.077301,54.9,membership,Payment by membership account and/or membership card,USCPIE14337501*1
ChargePoint Network,,,5565241,5565241,7SPC / SCES LECONTE 4,9205111,3,3140531731,2024-06-03T18:10:54Z,2024-06-03T20:43:36Z,,17.957699,7.1723,membership,Payment by membership account and/or membership card,USCPIE5565241*2
ChargePoint Network,,,7173851,7173851,SCOTTSBORO EPB / MAIN OFFICE,12310861,3,3162401021,2024-06-12T23:29:51Z,2024-06-13T05:14:55Z,,41.545979,7.3073,membership,Payment by membership account and/or membership card,USCPIE7173851*1
ChargePoint Network,,,13026471,13026471,WCMES / CITYHALL2-R,22328331,247,3167627151,2024-06-15T01:05:23Z,2024-06-15T01:54:46Z,,56.057499,74.108,membership,Payment by membership account and/or membership card,USCPIE13026471*1
ChargePoint Network,,,14047321,14047321,JEFFERSON AVE. / OXFORD STA2(R),,,3184198671,2024-06-22T18:40:55Z,2024-06-22T18:41:27Z,,0.000000,,membership,Payment by membership account and/or membership card,USCPIE14047321*0
ChargePoint Network,,,15623231,15623231,CLW / 5TH ST 1 (L),25208301,247,3158612811,2024-06-11T14:54:42Z,2024-06-11T15:30:45Z,,51.150101,95.76,membership,Payment by membership account and/or membership card,USCPIE15623231*1
ChargePoint Network,,,7173851,7173851,SCOTTSBORO EPB / MAIN OFFICE,12310871,3,3159326641,2024-06-11T19:39:33Z,2024-06-11T19:41:02Z,,0.138656,6.6896,membership,Payment by membership account and/or membership card,USCPIE7173851*2
ChargePoint Network,,,13292801,13292801,LODGE CAST IRON / STORE & MUSEUM,22637561,3,3140452381,2024-06-03T17:31:18Z,2024-06-03T18:22:42Z,,5.871117,6.9588,credit_card_terminal,Payment via credit card or debit card terminal,USCPIE13292801*2
ChargePoint Network,,,5619801,5619801,7SPC / WARREN RECC BG,9274261,3,3168459801,2024-06-15T14:32:09Z,2024-06-15T19:25:09Z,,29.308582,6.3123,membership,Payment by membership account and/or membership card,USCPIE5619801*2
ChargePoint Network,,,13606141,13606141,I24 EXIT11 / STATION 1 (LL),22992611,247,3154431281,2024-06-09T17:50:08Z,2024-06-09T18:43:34Z,,68.217697,122.891,credit_card_terminal,Payment via credit card or debit card terminal,USCPIE13606141*1
ChargePoint Network,,,5346231,5346231,CULLMANELECTRIC / STATION2-R,8926271,247,3139094411,2024-06-03T01:04:26Z,2024-06-03T01:52:13Z,,55.518101,78.189,membership,Payment by membership account and/or membership card,USCPIE5346231*1
ChargePoint Network,,,13290491,13290491,7SPC / NASA USSRC L,22634941,3,3136759301,2024-06-01T19:28:01Z,2024-06-01T20:58:11Z,,0.000000,0.0,credit_card_terminal,Payment via credit card or debit card terminal,USCPIE13290491*2
ChargePoint Network,,,13423581,13423581,AEC / STATION #2 (R),22787011,247,3140280371,2024-06-03T16:16:06Z,2024-06-03T17:26:35Z,,31.779600,53.789,credit_card_terminal,Payment via credit card or debit card terminal,USCPIE13423581*1
ChargePoint Network,,,5466441,5466441,7SPC / NASA USSRC R,9079361,3,3152489661,2024-06-08T15:46:47Z,2024-06-08T19:39:46Z,,24.074865,6.2914,membership,Payment by membership account and/or membership card,USCPIE5466441*1
ChargePoint Network,,,5565291,5565291,7SPC / SCES LECONTE 1,9205201,3,3185472071,2024-06-23T14:13:27Z,2024-06-23T18:20:48Z,,28.240494,7.2328,membership,Payment by membership account and/or membership card,USCPIE5565291*2
ChargePoint Network,,,14097711,14097711,SCOTTSBORO EPB / SEPB DCFC (R),23570811,247,3184437931,2024-06-22T21:04:55Z,2024-06-22T21:31:48Z,,30.190100,73.72,membership,Payment by membership account and/or membership card,USCPIE14097711*1
ChargePoint Network,,,8851921,8851921,7SPC / SEVIERVILLE DC1,15571271,207,3178371141,2024-06-20T02:14:19Z,2024-06-20T02:53:42Z,,23.224899,54.316,membership,Payment by membership account and/or membership card,USCPIE8851921*1
ChargePoint Network,,,8851921,8851921,7SPC / SEVIERVILLE DC1,,,3147862311,2024-06-06T16:17:03Z,2024-06-06T16:18:19Z,,0.000000,,membership,Payment by membership account and/or membership card,USCPIE8851921*0
ChargePoint Network,,,13290491,13290491,7SPC / NASA USSRC L,22634941,3,3176212101,2024-06-19T01:15:56Z,2024-06-19T01:40:45Z,,1.281818,3.1536,membership,Payment by membership account and/or membership card,USCPIE13290491*2
ChargePoint Network,,,15694081,15694081,BRIGHTRIDGE EV / STATION 2 (R),25291921,247,3136743181,2024-06-01T19:18:38Z,2024-06-01T19:19:18Z,,0.000000,0.0,membership,Payment by membership account and/or membership card,USCPIE15694081*1
ChargePoint Network,,,5122191,5122191,CULLMANELECTRIC / STATION1-L,8482151,247,3159968511,2024-06-12T00:13:08Z,2024-06-12T01:31:46Z,,88.333298,78.997,membership,Payment by membership account and/or membership card,USCPIE5122191*1
ChargePoint Network,,,13880891,13880891,MU / MUC MAIN OFFICE,23319021,3,3170210641,2024-06-16T13:52:41Z,2024-06-16T14:59:07Z,,7.917756,7.3006,membership,Payment by membership account and/or membership card,USCPIE13880891*2
ChargePoint Network,,,13290491,13290491,7SPC / NASA USSRC L,22634941,3,3143913081,2024-06-05T00:51:46Z,2024-06-05T02:07:34Z,,1.777792,5.7968,credit_card_terminal,Payment via credit card or debit card terminal,USCPIE13290491*2
ChargePoint Network,,,13966031,13966031,BEA / STATION 4 (RR),23419961,247,3150669061,2024-06-07T18:24:12Z,2024-06-07T18:58:31Z,,27.854300,82.711,membership,Payment by membership account and/or membership card,USCPIE13966031*1
ChargePoint Network,,,14337501,14337501,HOLSTONELECTRIC / CHURCH HILL-2,23845091,100011,3198290251,2024-06-28T21:55:55Z,2024-06-28T22:37:04Z,,28.255699,51.799,credit_card_terminal,Payment via credit card or debit card terminal,USCPIE14337501*1
ChargePoint Network,,,13643801,13643801,PEPA / STATION 2,23036481,247,3175042251,2024-06-18T16:42:42Z,2024-06-18T17:02:11Z,,15.193600,54.682,membership,Payment by membership account and/or membership card,USCPIE13643801*1
ChargePoint Network,,,15332351,15332351,TUA NW ATLANTIC / STATION 2 (R),24867891,247,3190724461,2024-06-25T20:55:41Z,2024-06-25T20:56:09Z,,0.000000,0.0,credit_card_terminal,Payment via credit card or debit card terminal,USCPIE15332351*1
ChargePoint Network,,,1964521,1964521,EBOFG / GUNTERSVILLE PD,8374211,3,3136554751,2024-06-01T17:33:47Z,2024-06-02T02:20:14Z,,61.532501,7.1301,membership,Payment by membership account and/or membership card,USCPIE1964521*2
ChargePoint Network,,,5565291,5565291,7SPC / SCES LECONTE 1,9205191,3,3187657021,2024-06-24T16:11:19Z,2024-06-24T20:50:52Z,,32.932388,7.1866,membership,Payment by membership account and/or membership card,USCPIE5565291*1
ChargePoint Network,,,14359531,14359531,EBOFG / STATION 2 (R),23870331,247,3159862511,2024-06-11T23:27:03Z,2024-06-12T00:22:17Z,,69.029602,88.255,membership,Payment by membership account and/or membership card,USCPIE14359531*1
ChargePoint Network,,,12406491,12406491,FPIA / LEFT STATION,21527781,247,3153004831,2024-06-08T20:44:47Z,2024-06-08T21:10:44Z,,30.328300,72.833,membership,Payment by membership account and/or membership card,USCPIE12406491*1
ChargePoint Network,,,13292801,13292801,LODGE CAST IRON / STORE & MUSEUM,22637561,3,3138085121,2024-06-02T14:54:16Z,2024-06-02T15:41:10Z,,2.852955,3.7941,membership,Payment by membership account and/or membership card,USCPIE13292801*2
ChargePoint Network,,,15694171,15694171,BRIGHTRIDGE EV / STATION 1 (L),25292041,247,3184353711,2024-06-22T20:13:43Z,2024-06-22T20:57:25Z,,51.737099,75.222,membership,Payment by membership account and/or membership card,USCPIE15694171*1
ChargePoint Network,,,12406491,12406491,FPIA / LEFT STATION,21527781,247,3151017571,2024-06-07T20:56:22Z,2024-06-07T21:22:19Z,,29.557899,124.332,membership,Payment by membership account and/or membership card,USCPIE12406491*1
ChargePoint Network,,,5565241,5565241,7SPC / SCES LECONTE 4,9205101,3,3167686861,2024-06-15T01:36:29Z,2024-06-15T02:46:23Z,,3.719586,3.7491,membership,Payment by membership account and/or membership card,USCPIE5565241*1
ChargePoint Network,,,15694171,15694171,BRIGHTRIDGE EV / STATION 1 (L),25292041,247,3198526301,2024-06-28T23:54:56Z,2024-06-28T23:55:16Z,,0.000000,0.0,membership,Payment by membership account and/or membership card,USCPIE15694171*1
ChargePoint Network,,,13606121,13606121,I24 EXIT11 / STATION 2 (LM),22992591,247,3188595931,2024-06-24T23:16:08Z,2024-06-24T23:22:00Z,,6.812300,0.0,membership,Payment by membership account and/or membership card,USCPIE13606121*1
ChargePoint Network,,,5466441,5466441,7SPC / NASA USSRC R,9079371,3,3155126061,2024-06-10T00:28:19Z,2024-06-10T03:21:25Z,,17.520447,6.1378,membership,Payment by membership account and/or membership card,USCPIE5466441*2
ChargePoint Network,,,14097711,14097711,SCOTTSBORO EPB / SEPB DCFC (R),23570811,247,3150518801,2024-06-07T17:13:38Z,2024-06-07T17:59:20Z,,53.459099,76.379,credit_card_terminal,Payment via credit card or debit card terminal,USCPIE14097711*1
ChargePoint Network,,,1921351,1921351,STARKVILLE UTIL / STARKVILLE DWTN,23682581,3,3141023731,2024-06-03T21:55:12Z,2024-06-04T12:58:10Z,,56.885006,7.4467,membership,Payment by membership account and/or membership card,USCPIE1921351*2
ChargePoint Network,,,15694081,15694081,BRIGHTRIDGE EV / STATION 2 (R),25291921,247,3193102411,2024-06-26T19:47:33Z,2024-06-26T20:01:08Z,,15.471000,72.519,membership,Payment by membership account and/or membership card,USCPIE15694081*1
ChargePoint Network,,,13966031,13966031,BEA / STATION 4 (RR),,,3181852221,2024-06-21T15:41:42Z,2024-06-21T15:41:58Z,,0.000000,,membership,Payment by membership account and/or membership card,USCPIE13966031*0
ChargePoint Network,,,13966031,13966031,BEA / STATION 4 (RR),23419961,247,3157167801,2024-06-10T22:03:06Z,2024-06-10T23:04:38Z,,35.483101,54.511,membership,Payment by membership account and/or membership card,USCPIE13966031*1
ChargePoint Network,,,12406491,12406491,FPIA / LEFT STATION,21527781,247,3154581971,2024-06-09T19:23:23Z,2024-06-09T19:24:30Z,,0.005500,0.0,membership,Payment by membership account and/or membership card,USCPIE12406491*1
ChargePoint Network,,,5466441,5466441,7SPC / NASA USSRC R,9079371,3,3168431191,2024-06-15T14:07:09Z,2024-06-15T14:09:11Z,,0.000000,0.0,membership,Payment by membership account and/or membership card,USCPIE5466441*2
ChargePoint Network,,,5346231,5346231,CULLMANELECTRIC / STATION2-R,8926271,247,3160765671,2024-06-12T11:45:22Z,2024-06-12T12:30:32Z,,36.609798,75.833,membership,Payment by membership account and/or membership card,USCPIE5346231*1
ChargePoint Network,,,8851921,8851921,7SPC / SEVIERVILLE DC1,15571271,100011,3193380821,2024-06-26T21:45:07Z,2024-06-26T22:23:49Z,,3.872500,23.52,membership,Payment by membership account and/or membership card,USCPIE8851921*1
ChargePoint Network,,,5354011,5354011,7SPC / GREENEVILLE TA,8936791,207,3138317821,2024-06-02T17:42:21Z,2024-06-02T18:47:25Z,,61.468300,60.249,membership,Payment by membership account and/or membership card,USCPIE5354011*1
ChargePoint Network,,,14049761,14049761,PARIS BPU / STATION 2(R),23516951,247,3145577361,2024-06-05T18:32:51Z,2024-06-05T18:43:44Z,,0.000000,0.0,credit_card_terminal,Payment via credit card or debit card terminal,USCPIE14049761*1
ChargePoint Network,,,1964521,1964521,EBOFG / GUNTERSVILLE PD,8374211,3,3146163951,2024-06-05T22:44:22Z,2024-06-05T23:51:28Z,,3.937562,3.8102,credit_card_terminal,Payment via credit card or debit card terminal,USCPIE1964521*2
ChargePoint Network,,,15548181,15548181,DECATURDOWNTWN / STATION 2 (L),25119551,247,3190083901,2024-06-25T16:15:16Z,2024-06-25T17:20:49Z,,31.206100,54.243,membership,Payment by membership account and/or membership card,USCPIE15548181*1
ChargePoint Network,,,5380331,5380331,CULLMAN PB / STATION 1,8970961,3,3140607371,2024-06-03T18:47:07Z,2024-06-03T18:49:09Z,,0.000000,0.0,membership,Payment by membership account and/or membership card,USCPIE5380331*2
ChargePoint Network,,,12720881,12720881,WRECC / STATION 1,21977141,247,3154274941,2024-06-09T16:05:48Z,2024-06-09T16:08:21Z,,0.000000,0.0,membership,Payment by membership account and/or membership card,USCPIE12720881*1
ChargePoint Network,,,5122191,5122191,CULLMANELECTRIC / STATION1-L,8482151,247,3165078751,2024-06-14T00:16:49Z,2024-06-14T00:29:44Z,,15.257000,0.0,membership,Payment by membership account and/or membership card,USCPIE5122191*1
ChargePoint Network,,,1964521,1964521,EBOFG / GUNTERSVILLE PD,8374201,3,3193517891,2024-06-26T22:44:14Z,2024-06-27T02:17:16Z,,26.450052,7.5552,membership,Payment by membership account and/or membership card,USCPIE1964521*1
ChargePoint Network,,,13966051,13966051,BEA / STATION 3 (RM),,,3143299231,2024-06-04T20:23:33Z,2024-06-04T20:25:34Z,,0.000000,,membership,Payment by membership account and/or membership card,USCPIE13966051*0
ChargePoint Network,,,8851921,8851921,7SPC / SEVIERVILLE DC1,15571271,207,3183798071,2024-06-22T14:14:59Z,2024-06-22T15:08:29Z,,52.339199,62.205,membership,Payment by membership account and/or membership card,USCPIE8851921*1
ChargePoint Network,,,13606061,13606061,I24 EXIT11 / STATION 4 (RR),,,3145764151,2024-06-05T19:51:26Z,2024-06-05T19:53:27Z,,0.000000,,membership,Payment by membership account and/or membership card,USCPIE13606061*0
ChargePoint Network,,,5346231,5346231,CULLMANELECTRIC / STATION2-R,8926271,247,3177584341,2024-06-19T19:27:31Z,2024-06-19T19:34:22Z,,8.340200,78.012,membership,Payment by membership account and/or membership card,USCPIE5346231*1
ChargePoint Network,,,12720881,12720881,WRECC / STATION 1,21977141,247,3174640071,2024-06-18T14:24:23Z,2024-06-18T15:03:23Z,,29.526400,59.032,membership,Payment by membership account and/or membership card,USCPIE12720881*1
ChargePoint Network,,,13651631,13651631,MLEC / STATION 2 (R) H,23045821,247,3184661141,2024-06-22T23:17:06Z,2024-06-22T23:52:04Z,,34.054298,73.43,membership,Payment by membership account and/or membership card,USCPIE13651631*1
ChargePoint Network,,,5466441,5466441,7SPC / NASA USSRC R,9079361,3,3196005791,2024-06-27T22:22:58Z,2024-06-27T22:24:58Z,,0.000000,0.0,membership,Payment by membership account and/or membership card,USCPIE5466441*1
ChargePoint Network,,,13664401,13664401,BTES / STATION 1 (LL),23060421,247,3152523111,2024-06-08T16:08:16Z,2024-06-08T16:08:57Z,,0.000000,0.0,membership,Payment by membership account and/or membership card,USCPIE13664401*1
ChargePoint Network,,,15250771,15250771,SES-TN / STATION 1,24772691,247,3175769021,2024-06-18T22:00:02Z,2024-06-18T22:28:12Z,,21.206699,47.25,membership,Payment by membership account and/or membership card,USCPIE15250771*1
ChargePoint Network,,,12988591,12988591,BTES / BTES OFFICE,22285131,3,3182202271,2024-06-21T18:15:02Z,2024-06-21T18:51:36Z,,4.324656,7.2099,credit_card_terminal,Payment via credit card or debit card terminal,USCPIE12988591*2
ChargePoint Network,,,13664501,13664501,BTES / STATION 4 (RR),23060561,247,3148580501,2024-06-06T21:24:42Z,2024-06-06T21:55:44Z,,37.992599,77.615,membership,Payment by membership account and/or membership card,USCPIE13664501*1
ChargePoint Network,,,8851921,8851921,7SPC / SEVIERVILLE DC1,15571271,207,3159893641,2024-06-11T23:41:05Z,2024-06-12T00:54:50Z,,45.323700,45.969,membership,Payment by membership account and/or membership card,USCPIE8851921*1
ChargePoint Network,,,15694171,15694171,BRIGHTRIDGE EV / STATION 1 (L),25292041,247,3138371361,2024-06-02T18:14:26Z,2024-06-02T19:05:32Z,,64.818703,88.058,membership,Payment by membership account and/or membership card,USCPIE15694171*1
ChargePoint Network,,,9677521,9677521,UT PARKING / S7 STATION 1,17169331,3,3145219331,2024-06-05T15:59:47Z,2024-06-05T20:03:38Z,,26.677094,7.0683,membership,Payment by membership account and/or membership card,USCPIE9677521*1
ChargePoint Network,,,1921351,1921351,STARKVILLE UTIL / STARKVILLE DWTN,23682571,3,3167039701,2024-06-14T20:35:24Z,2024-06-14T21:14:48Z,,4.571197,7.1197,credit_card_terminal,Payment via credit card or debit card terminal,USCPIE1921351*1
ChargePoint Network,,,8851921,8851921,7SPC / SEVIERVILLE DC1,15571271,207,3136194991,2024-06-01T13:36:28Z,2024-06-01T14:24:51Z,,43.572300,56.473,membership,Payment by membership account and/or membership card,USCPIE8851921*1
ChargePoint Network,,,15885251,15885251,TWICKENHAM SQ / HU - STATION 1,25520941,247,3196508271,2024-06-28T02:16:46Z,2024-06-28T02:33:16Z,,15.160700,75.719,membership,Payment by membership account and/or membership card,USCPIE15885251*1
ChargePoint Network,,,8851921,8851921,7SPC / SEVIERVILLE DC1,15571271,207,3159228841,2024-06-11T18:56:52Z,2024-06-11T19:47:59Z,,31.295601,53.341,membership,Payment by membership account and/or membership card,USCPIE8851921*1
ChargePoint Network,,,13664501,13664501,BTES / STATION 4 (RR),23060561,247,3170891491,2024-06-16T21:39:34Z,2024-06-16T21:57:26Z,,3.622700,25.983,membership,Payment by membership account and/or membership card,USCPIE13664501*1
ChargePoint Network,,,14355251,14355251,HARTSELLE 1 / STATION 2 (R),23865691,247,3177698011,2024-06-19T20:29:02Z,2024-06-19T21:30:46Z,,56.427898,73.086,membership,Payment by membership account and/or membership card,USCPIE14355251*1
ChargePoint Network,,,5445161,5445161,7SPC / UC - LIVINGSTON,9052351,3,3175188711,2024-06-18T17:48:50Z,2024-06-19T01:43:23Z,,56.588886,7.2839,membership,Payment by membership account and/or membership card,USCPIE5445161*2
ChargePoint Network,,,12406401,12406401,FPIA / RIGHT STATION,21527671,247,3174501571,2024-06-18T13:21:53Z,2024-06-18T13:45:48Z,,26.681700,81.952,membership,Payment by membership account and/or membership card,USCPIE12406401*1
ChargePoint Network,,,5619801,5619801,7SPC / WARREN RECC BG,9274261,3,3141446691,2024-06-04T01:05:21Z,2024-06-04T10:22:42Z,,56.578823,6.1649,membership,Payment by membership account and/or membership card,USCPIE5619801*2
ChargePoint Network,,,14097711,14097711,SCOTTSBORO EPB / SEPB DCFC (R),23570811,247,3143258351,2024-06-04T20:06:39Z,2024-06-04T20:07:45Z,,0.000000,0.0,membership,Payment by membership account and/or membership card,USCPIE14097711*1
ChargePoint Network,,,5363211,5363211,HARTSELLE 1 / HARTSELLE 1,23427581,3,3148919451,2024-06-06T23:47:21Z,2024-06-06T23:48:55Z,,0.000000,0.0,membership,Payment by membership account and/or membership card,USCPIE5363211*2
ChargePoint Network,,,15280441,15280441,SPRFLD ELECTRIC / STATION 2 (R),24807641,247,3191497891,2024-06-26T02:49:52Z,2024-06-26T03:51:14Z,,41.031399,54.316,membership,Payment by membership account and/or membership card,USCPIE15280441*1
ChargePoint Network,,,13292801,13292801,LODGE CAST IRON / STORE & MUSEUM,22637561,3,3154254091,2024-06-09T15:50:45Z,2024-06-09T16:15:08Z,,2.637922,6.7796,membership,Payment by membership account and/or membership card,USCPIE13292801*2
ChargePoint Network,,,14025691,14025691,PARIS BPU / STATION 1(L),23489541,247,3161817251,2024-06-12T19:19:31Z,2024-06-12T19:41:12Z,,21.987900,69.695,membership,Payment by membership account and/or membership card,USCPIE14025691*1
ChargePoint Network,,,12720861,12720861,WRECC / STATION 2,21977121,247,3195685971,2024-06-27T20:05:09Z,2024-06-27T20:06:12Z,,0.000000,0.0,membership,Payment by membership account and/or membership card,USCPIE12720861*1
ChargePoint Network,,,13606091,13606091,I24 EXIT11 / STATION 3 (RM),22992551,247,3144985621,2024-06-05T14:42:58Z,2024-06-05T15:22:55Z,,36.888401,73.629,membership,Payment by membership account and/or membership card,USCPIE13606091*1
ChargePoint Network,,,15623211,15623211,CLW / 5TH ST 2 (R),25208281,247,3152399381,2024-06-08T14:45:56Z,2024-06-08T14:55:15Z,,0.000000,0.0,membership,Payment by membership account and/or membership card,USCPIE15623211*1
ChargePoint Network,,,1932851,1932851,BRIGHTRIDGE EV / BR-JC LIBRARY,23319821,3,3179605631,2024-06-20T16:46:05Z,2024-06-20T16:56:39Z,,0.655853,3.9072,membership,Payment by membership account and/or membership card,USCPIE1932851*2
ChargePoint Network,,,1988141,1988141,7SPC / SCES DREAM MORE,2355571,3,3169580261,2024-06-16T01:27:25Z,2024-06-16T03:16:27Z,,4.960645,7.1434,membership,Payment by membership account and/or membership card,USCPIE1988141*2
ChargePoint Network,,,15623211,15623211,CLW / 5TH ST 2 (R),25208281,247,3188842441,2024-06-25T01:11:17Z,2024-06-25T01:25:31Z,,24.379499,109.394,membership,Payment by membership account and/or membership card,USCPIE15623211*1
ChargePoint Network,,,5346231,5346231,CULLMANELECTRIC / STATION2-R,8926271,247,3195436481,2024-06-27T18:17:04Z,2024-06-27T18:25:47Z,,8.593900,0.0,membership,Payment by membership account and/or membership card,USCPIE5346231*1
ChargePoint Network,,,5397731,5397731,EEDEV / MILLIGAN UNIV,9010261,3,3177924471,2024-06-19T22:26:24Z,2024-06-19T23:36:42Z,,8.316860,7.2098,membership,Payment by membership account and/or membership card,USCPIE5397731*2
ChargePoint Network,,,12720861,12720861,WRECC / STATION 2,21977121,247,3153940611,2024-06-09T07:10:53Z,2024-06-09T08:01:12Z,,37.901798,46.644,membership,Payment by membership account and/or membership card,USCPIE12720861*1
ChargePoint Network,,,15694081,15694081,BRIGHTRIDGE EV / STATION 2 (R),25291921,247,3154179211,2024-06-09T14:49:59Z,2024-06-09T15:29:30Z,,39.803299,72.962,membership,Payment by membership account and/or membership card,USCPIE15694081*1
ChargePoint Network,,,15885771,15885771,TWICKENHAM SQ / HU - STATION 4,25521581,247,3184812091,2024-06-23T00:50:32Z,2024-06-23T01:43:25Z,,43.962200,51.77,membership,Payment by membership account and/or membership card,USCPIE15885771*1
ChargePoint Network,,,14047321,14047321,JEFFERSON AVE. / OXFORD STA2(R),23514081,247,3187844451,2024-06-24T17:29:50Z,2024-06-24T18:18:04Z,,33.999802,53.789,membership,Payment by membership account and/or membership card,USCPIE14047321*1
ChargePoint Network,,,13966851,13966851,BEA / STATION 1 (LL),23420911,247,3175399141,2024-06-18T19:24:46Z,2024-06-18T20:17:19Z,,57.578098,71.874,credit_card_terminal,Payment via credit card or debit card terminal,USCPIE13966851*1
ChargePoint Network,,,5619801,5619801,7SPC / WARREN RECC BG,9274261,3,3181274411,2024-06-21T07:19:47Z,2024-06-21T11:00:17Z,,19.767624,6.2759,membership,Payment by membership account and/or membership card,USCPIE5619801*2
ChargePoint Network,,,15885771,15885771,TWICKENHAM SQ / HU - STATION 4,25521581,247,3200171691,2024-06-29T22:21:21Z,2024-06-29T23:04:59Z,,51.344799,75.648,membership,Payment by membership account and/or membership card,USCPIE15885771*1
ChargePoint Network,,,5122191,5122191,CULLMANELECTRIC / STATION1-L,,,3170451181,2024-06-16T17:06:21Z,2024-06-16T17:08:22Z,,0.000000,,membership,Payment by membership account and/or membership card,USCPIE5122191*0
ChargePoint Network,,,5350831,5350831,CULLMANELECTRIC / CEC MAIN OFFICE,8932491,3,3184275011,2024-06-22T19:26:32Z,2024-06-22T19:34:48Z,,0.614957,6.0304,credit_card_terminal,Payment via credit card or debit card terminal,USCPIE5350831*1
ChargePoint Network,,,13606121,13606121,I24 EXIT11 / STATION 2 (LM),22992591,247,3173182801,2024-06-17T21:32:26Z,2024-06-17T21:58:25Z,,47.765701,115.5,credit_card_terminal,Payment via credit card or debit card terminal,USCPIE13606121*1
ChargePoint Network,,,13423691,13423691,AEC / STATION #1 (L),22787121,247,3135464371,2024-06-01T01:20:49Z,2024-06-01T01:37:44Z,,11.616400,47.88,membership,Payment by membership account and/or membership card,USCPIE13423691*1
ChargePoint Network,,,15694081,15694081,BRIGHTRIDGE EV / STATION 2 (R),25291921,247,3163601461,2024-06-13T14:05:29Z,2024-06-13T15:38:50Z,,17.971701,67.642,membership,Payment by membership account and/or membership card,USCPIE15694081*1
ChargePoint Network,,,7505851,7505851,JEFFERSON AVE. / OXFORD STA1(L),12955471,247,3135766381,2024-06-01T04:00:34Z,2024-06-01T04:02:24Z,,0.000000,0.0,membership,Payment by membership account and/or membership card,USCPIE7505851*1
ChargePoint Network,,,1932851,1932851,BRIGHTRIDGE EV / BR-JC LIBRARY,23319811,3,3180371011,2024-06-20T22:24:15Z,2024-06-21T00:08:40Z,,8.542112,7.3505,membership,Payment by membership account and/or membership card,USCPIE1932851*1
ChargePoint Network,,,5466441,5466441,7SPC / NASA USSRC R,9079361,3,3170542671,2024-06-16T18:05:39Z,2024-06-16T19:41:51Z,,1.074153,5.9758,membership,Payment by membership account and/or membership card,USCPIE5466441*1
ChargePoint Network,,,14047321,14047321,JEFFERSON AVE. / OXFORD STA2(R),23514081,247,3168972511,2024-06-15T19:46:08Z,2024-06-15T20:26:42Z,,42.935398,69.498,membership,Payment by membership account and/or membership card,USCPIE14047321*1
ChargePoint Network,,,12406401,12406401,FPIA / RIGHT STATION,21527671,247,3198159981,2024-06-28T20:54:45Z,2024-06-28T21:21:00Z,,20.356400,53.576,other,Any other payment method not specified above. Additional description should be provided in Payment Method Description.,USCPIE12406401*1
ChargePoint Network,,,13966811,13966811,BEA / STATION 2 (LM),23420881,247,3199151381,2024-06-29T06:36:22Z,2024-06-29T06:41:14Z,,0.000000,0.0,credit_card_terminal,Payment via credit card or debit card terminal,USCPIE13966811*1
ChargePoint Network,,,15640171,15640171,NECDC / STATION 2 (R),25228711,247,3199954861,2024-06-29T20:11:32Z,2024-06-29T20:32:48Z,,23.040100,68.012,membership,Payment by membership account and/or membership card,USCPIE15640171*1
ChargePoint Network,,,15623231,15623231,CLW / 5TH ST 1 (L),25208301,247,3152728301,2024-06-08T18:11:05Z,2024-06-08T18:11:24Z,,0.000000,0.0,membership,Payment by membership account and/or membership card,USCPIE15623231*1
ChargePoint Network,,,15684341,15684341,MLEC / STATION 2 (R) W,25280201,247,3188858401,2024-06-25T01:19:49Z,2024-06-25T01:21:00Z,,0.000000,0.0,credit_card_terminal,Payment via credit card or debit card terminal,USCPIE15684341*1
ChargePoint Network,,,13606061,13606061,I24 EXIT11 / STATION 4 (RR),22992511,247,3140962561,2024-06-03T21:28:03Z,2024-06-03T21:42:17Z,,19.059700,84.119,membership,Payment by membership account and/or membership card,USCPIE13606061*1
ChargePoint Network,,,1988061,1988061,7SPC / SCES DOLLYWOOD,25499841,3,3190374051,2024-06-25T18:24:57Z,2024-06-25T22:51:09Z,,26.690783,7.0351,credit_card_terminal,Payment via credit card or debit card terminal,USCPIE1988061*2
ChargePoint Network,,,12720861,12720861,WRECC / STATION 2,21977121,247,3136021771,2024-06-01T09:37:29Z,2024-06-01T09:39:34Z,,0.000000,0.0,membership,Payment by membership account and/or membership card,USCPIE12720861*1
ChargePoint Network,,,15260241,15260241,STEMC / STATION 1 (L) A,24784071,247,3163118411,2024-06-13T06:30:09Z,2024-06-13T08:03:36Z,,52.995701,54.682,membership,Payment by membership account and/or membership card,USCPIE15260241*1
ChargePoint Network,,,1844191,1844191,CLW / MAIN ST,23050441,3,3154475571,2024-06-09T18:17:42Z,2024-06-09T23:17:17Z,,35.606934,7.2218,credit_card_terminal,Payment via credit card or debit card terminal,USCPIE1844191*2
ChargePoint Network,,,8851921,8851921,7SPC / SEVIERVILLE DC1,15571271,207,3195338511,2024-06-27T17:30:23Z,2024-06-27T17:47:34Z,,15.081900,57.903,membership,Payment by membership account and/or membership card,USCPIE8851921*1
ChargePoint Network,,,13423581,13423581,AEC / STATION #2 (R),22787011,247,3148913011,2024-06-06T23:44:14Z,2024-06-07T00:42:36Z,,39.605301,54.832,credit_card_terminal,Payment via credit card or debit card terminal,USCPIE13423581*1
ChargePoint Network,,,1988061,1988061,7SPC / SCES DOLLYWOOD,25499831,3,3139868171,2024-06-03T13:38:50Z,2024-06-03T23:23:03Z,,59.050652,7.1022,credit_card_terminal,Payment via credit card or debit card terminal,USCPIE1988061*1
ChargePoint Network,,,12406491,12406491,FPIA / LEFT STATION,21527781,247,3184197741,2024-06-22T18:40:51Z,2024-06-22T19:01:16Z,,21.486799,73.304,membership,Payment by membership account and/or membership card,USCPIE12406491*1
ChargePoint Network,,,1988061,1988061,7SPC / SCES DOLLYWOOD,25499841,3,3176119291,2024-06-19T00:37:10Z,2024-06-19T00:38:38Z,,0.000000,0.0,membership,Payment by membership account and/or membership card,USCPIE1988061*2
ChargePoint Network,,,15694171,15694171,BRIGHTRIDGE EV / STATION 1 (L),25292041,100011,3185686131,2024-06-23T17:02:17Z,2024-06-23T17:34:04Z,,21.236401,52.958,other,Any other payment method not specified above. Additional description should be provided in Payment Method Description.,USCPIE15694171*1
ChargePoint Network,,,13664401,13664401,BTES / STATION 1 (LL),23060421,247,3172751921,2024-06-17T18:20:38Z,2024-06-17T18:54:17Z,,31.221500,59.051,membership,Payment by membership account and/or membership card,USCPIE13664401*1
ChargePoint Network,,,15640171,15640171,NECDC / STATION 2 (R),25228711,247,3153495811,2024-06-09T01:23:28Z,2024-06-09T01:53:46Z,,27.978001,123.379,membership,Payment by membership account and/or membership card,USCPIE15640171*1
ChargePoint Network,,,12406401,12406401,FPIA / RIGHT STATION,21527671,247,3191467171,2024-06-26T02:28:37Z,2024-06-26T02:32:27Z,,0.000000,0.0,membership,Payment by membership account and/or membership card,USCPIE12406401*1
ChargePoint Network,,,15694081,15694081,BRIGHTRIDGE EV / STATION 2 (R),25291921,247,3182394491,2024-06-21T19:44:13Z,2024-06-21T20:29:51Z,,51.338402,70.8,other,Any other payment method not specified above. Additional description should be provided in Payment Method Description.,USCPIE15694081*1
ChargePoint Network,,,1921531,1921531,STARKVILLE UTIL / STARKVILLE REC,2268551,3,3167230451,2024-06-14T21:59:54Z,2024-06-14T22:01:53Z,,0.000000,0.0,other,Any other payment method not specified above. Additional description should be provided in Payment Method Description.,USCPIE1921531*1
ChargePoint Network,,,13966031,13966031,BEA / STATION 4 (RR),23419961,247,3149801321,2024-06-07T11:29:59Z,2024-06-07T11:50:06Z,,21.886999,74.663,membership,Payment by membership account and/or membership card,USCPIE13966031*1
ChargePoint Network,,,13966851,13966851,BEA / STATION 1 (LL),23420911,247,3163308601,2024-06-13T11:29:18Z,2024-06-13T11:54:19Z,,23.843399,73.514,membership,Payment by membership account and/or membership card,USCPIE13966851*1
ChargePoint Network,,,15885151,15885151,TWICKENHAM SQ / HU - STATION 2,25520801,247,3184648891,2024-06-22T23:09:35Z,2024-06-22T23:10:14Z,,0.000000,0.0,membership,Payment by membership account and/or membership card,USCPIE15885151*1
ChargePoint Network,,,12720861,12720861,WRECC / STATION 2,21977121,247,3189839861,2024-06-25T14:54:58Z,2024-06-25T15:44:20Z,,31.720600,73.4,membership,Payment by membership account and/or membership card,USCPIE12720861*1
ChargePoint Network,,,15729991,15729991,AEC / AEC03,25334181,3,3167108561,2024-06-14T21:06:06Z,2024-06-14T21:55:05Z,,5.478873,6.8579,membership,Payment by membership account and/or membership card,USCPIE15729991*2
ChargePoint Network,,,12720861,12720861,WRECC / STATION 2,21977121,247,3179918881,2024-06-20T19:11:54Z,2024-06-20T19:33:06Z,,24.072100,73.032,membership,Payment by membership account and/or membership card,USCPIE12720861*1
ChargePoint Network,,,5122191,5122191,CULLMANELECTRIC / STATION1-L,,,3175203021,2024-06-18T17:53:47Z,2024-06-18T17:55:47Z,,0.000000,,membership,Payment by membership account and/or membership card,USCPIE5122191*0
ChargePoint Network,,,7505851,7505851,JEFFERSON AVE. / OXFORD STA1(L),,,3166525201,2024-06-14T16:41:14Z,2024-06-14T16:43:15Z,,0.000000,,membership,Payment by membership account and/or membership card,USCPIE7505851*0
ChargePoint Network,,,5424051,5424051,EEDEV / ELIZ DOWNTOWN,9027001,3,3167976551,2024-06-15T04:06:18Z,2024-06-15T05:00:49Z,,6.155391,6.8907,membership,Payment by membership account and/or membership card,USCPIE5424051*2
ChargePoint Network,,,14359491,14359491,EBOFG / STATION 1 (L),23870291,247,3136545801,2024-06-01T17:28:07Z,2024-06-01T17:29:05Z,,0.000000,0.0,membership,Payment by membership account and/or membership card,USCPIE14359491*1
ChargePoint Network,,,9677521,9677521,UT PARKING / S7 STATION 1,17169331,3,3142649911,2024-06-04T15:46:09Z,2024-06-04T19:38:49Z,,24.161184,7.1686,membership,Payment by membership account and/or membership card,USCPIE9677521*1
ChargePoint Network,,,13664471,13664471,BTES / STATION 3 (RM),23060511,247,3138598821,2024-06-02T20:29:55Z,2024-06-02T21:09:46Z,,73.648499,116.886,membership,Payment by membership account and/or membership card,USCPIE13664471*1
ChargePoint Network,,,5346231,5346231,CULLMANELECTRIC / STATION2-R,8926271,247,3154626741,2024-06-09T19:51:05Z,2024-06-09T20:04:04Z,,23.634399,120.125,credit_card_terminal,Payment via credit card or debit card terminal,USCPIE5346231*1
ChargePoint Network,,,5346231,5346231,CULLMANELECTRIC / STATION2-R,8926271,247,3179938911,2024-06-20T19:19:56Z,2024-06-20T19:40:52Z,,23.882700,78.602,membership,Payment by membership account and/or membership card,USCPIE5346231*1
ChargePoint Network,,,15280471,15280471,SPRFLD ELECTRIC / STATION 1 (L),24807681,247,3137934681,2024-06-02T11:40:55Z,2024-06-02T12:50:45Z,,35.949799,62.173,membership,Payment by membership account and/or membership card,USCPIE15280471*1
ChargePoint Network,,,5384781,5384781,7SPC / TRI-COUNTY EMC,9273701,3,3151179501,2024-06-07T22:08:17Z,2024-06-07T23:48:04Z,,12.087066,7.3368,membership,Payment by membership account and/or membership card,USCPIE5384781*2
ChargePoint Network,,,15260251,15260251,STEMC / STATION 2 (R) A,24784081,247,3199585741,2024-06-29T16:25:32Z,2024-06-29T16:39:59Z,,7.237100,44.346,membership,Payment by membership account and/or membership card,USCPIE15260251*1
ChargePoint Network,,,1988141,1988141,7SPC / SCES DREAM MORE,2355561,3,3178846811,2024-06-20T11:06:05Z,2024-06-20T13:11:28Z,,14.825523,7.2521,membership,Payment by membership account and/or membership card,USCPIE1988141*1
ChargePoint Network,,,5122191,5122191,CULLMANELECTRIC / STATION1-L,8482151,247,3167493271,2024-06-15T00:04:52Z,2024-06-15T00:37:19Z,,36.341801,70.487,credit_card_terminal,Payment via credit card or debit card terminal,USCPIE5122191*1
ChargePoint Network,,,15640031,15640031,NECDC / STATION 1 (L),25228511,247,3180354381,2024-06-20T22:16:45Z,2024-06-20T22:44:53Z,,46.801899,116.578,membership,Payment by membership account and/or membership card,USCPIE15640031*1
ChargePoint Network,,,7505851,7505851,JEFFERSON AVE. / OXFORD STA1(L),12955471,247,3180864921,2024-06-21T02:03:35Z,2024-06-21T02:39:39Z,,43.143299,76.238,membership,Payment by membership account and/or membership card,USCPIE7505851*1
ChargePoint Network,,,5354011,5354011,7SPC / GREENEVILLE TA,8936791,207,3136496471,2024-06-01T16:59:49Z,2024-06-01T17:45:56Z,,43.913799,60.495,membership,Payment by membership account and/or membership card,USCPIE5354011*1
ChargePoint Network,,,5363211,5363211,HARTSELLE 1 / HARTSELLE 1,23427581,3,3148878471,2024-06-06T23:28:19Z,2024-06-06T23:29:47Z,,0.000000,0.0,credit_card_terminal,Payment via credit card or debit card terminal,USCPIE5363211*2
ChargePoint Network,,,13606061,13606061,I24 EXIT11 / STATION 4 (RR),22992511,247,3192953891,2024-06-26T18:42:55Z,2024-06-26T19:35:25Z,,39.321701,83.753,membership,Payment by membership account and/or membership card,USCPIE13606061*1
ChargePoint Network,,,1932851,1932851,BRIGHTRIDGE EV / BR-JC LIBRARY,23319821,3,3153530791,2024-06-09T01:44:48Z,2024-06-09T04:13:46Z,,4.325695,6.6222,membership,Payment by membership account and/or membership card,USCPIE1932851*2
ChargePoint Network,,,12720861,12720861,WRECC / STATION 2,21977121,247,3176360681,2024-06-19T02:34:29Z,2024-06-19T02:55:18Z,,22.721300,72.435,membership,Payment by membership account and/or membership card,USCPIE12720861*1
ChargePoint Network,,,13606061,13606061,I24 EXIT11 / STATION 4 (RR),22992511,247,3185757231,2024-06-23T17:47:17Z,2024-06-23T18:03:50Z,,19.685200,73.458,membership,Payment by membership account and/or membership card,USCPIE13606061*1
ChargePoint Network,,,15293211,15293211,TRNG CENTER / TRAININGCENTER1,24823111,3,3137518321,2024-06-02T02:29:50Z,2024-06-02T04:57:54Z,,14.848522,6.0731,membership,Payment by membership account and/or membership card,USCPIE15293211*2
ChargePoint Network,,,14359491,14359491,EBOFG / STATION 1 (L),23870291,247,3136532111,2024-06-01T17:19:47Z,2024-06-01T17:21:46Z,,0.000000,0.0,membership,Payment by membership account and/or membership card,USCPIE14359491*1
ChargePoint Network,,,13664501,13664501,BTES / STATION 4 (RR),,,3179414211,2024-06-20T15:38:24Z,2024-06-20T15:40:25Z,,0.000000,0.0,membership,Payment by membership account and/or membership card,USCPIE13664501*0
ChargePoint Network,,,15640031,15640031,NECDC / STATION 1 (L),25228511,247,3150192181,2024-06-07T15:06:52Z,2024-06-07T15:56:31Z,,34.088001,54.599,membership,Payment by membership account and/or membership card,USCPIE15640031*1
ChargePoint Network,,,5619801,5619801,7SPC / WARREN RECC BG,9274261,3,3177980711,2024-06-19T22:56:35Z,2024-06-19T23:52:56Z,,5.816498,6.2562,membership,Payment by membership account and/or membership card,USCPIE5619801*2
ChargePoint Network,,,8851921,8851921,7SPC / SEVIERVILLE DC1,15571271,207,3184347681,2024-06-22T20:09:58Z,2024-06-22T21:33:24Z,,49.737202,60.139,membership,Payment by membership account and/or membership card,USCPIE8851921*1
ChargePoint Network,,,14355251,14355251,HARTSELLE 1 / STATION 2 (R),23865691,247,3147971741,2024-06-06T17:02:30Z,2024-06-06T17:47:57Z,,28.928400,67.875,credit_card_terminal,Payment via credit card or debit card terminal,USCPIE14355251*1
ChargePoint Network,,,12720861,12720861,WRECC / STATION 2,21977121,247,3159227201,2024-06-11T18:56:13Z,2024-06-11T19:31:24Z,,46.043701,84.744,membership,Payment by membership account and/or membership card,USCPIE12720861*1
ChargePoint Network,,,15694081,15694081,BRIGHTRIDGE EV / STATION 2 (R),25291921,247,3181375531,2024-06-21T11:08:47Z,2024-06-21T11:30:47Z,,15.597800,123.863,membership,Payment by membership account and/or membership card,USCPIE15694081*1
ChargePoint Network,,,12720861,12720861,WRECC / STATION 2,21977121,247,3195733431,2024-06-27T20:25:16Z,2024-06-27T20:30:29Z,,5.040000,71.8,membership,Payment by membership account and/or membership card,USCPIE12720861*1
ChargePoint Network,,,15623211,15623211,CLW / 5TH ST 2 (R),,,3185467971,2024-06-23T14:08:00Z,2024-06-23T14:10:01Z,,0.000000,0.0,membership,Payment by membership account and/or membership card,USCPIE15623211*0
ChargePoint Network,,,9677521,9677521,UT PARKING / S7 STATION 1,17169331,3,3182342171,2024-06-21T19:20:24Z,2024-06-21T19:35:52Z,,1.754593,7.0076,membership,Payment by membership account and/or membership card,USCPIE9677521*1
ChargePoint Network,,,15694081,15694081,BRIGHTRIDGE EV / STATION 2 (R),25291921,100011,3169043911,2024-06-15T20:26:16Z,2024-06-15T20:42:33Z,,2.995900,36.523,membership,Payment by membership account and/or membership card,USCPIE15694081*1
ChargePoint Network,,,5363211,5363211,HARTSELLE 1 / HARTSELLE 1,23427581,3,3150264061,2024-06-07T15:33:58Z,2024-06-07T18:51:36Z,,22.400858,7.1265,membership,Payment by membership account and/or membership card,USCPIE5363211*2
ChargePoint Network,,,14047321,14047321,JEFFERSON AVE. / OXFORD STA2(R),23514081,247,3154845081,2024-06-09T21:58:08Z,2024-06-09T22:17:31Z,,20.001600,77.223,membership,Payment by membership account and/or membership card,USCPIE14047321*1
ChargePoint Network,,,1932851,1932851,BRIGHTRIDGE EV / BR-JC LIBRARY,23319811,3,3160379741,2024-06-12T03:37:56Z,2024-06-12T03:47:23Z,,1.042080,7.2951,membership,Payment by membership account and/or membership card,USCPIE1932851*1
ChargePoint Network,,,15694171,15694171,BRIGHTRIDGE EV / STATION 1 (L),,,3199748451,2024-06-29T18:06:12Z,2024-06-29T18:08:13Z,,0.000000,,membership,Payment by membership account and/or membership card,USCPIE15694171*0
ChargePoint Network,,,12720861,12720861,WRECC / STATION 2,21977121,247,3192777051,2024-06-26T17:22:41Z,2024-06-26T17:51:18Z,,24.731701,77.183,membership,Payment by membership account and/or membership card,USCPIE12720861*1
ChargePoint Network,,,14359531,14359531,EBOFG / STATION 2 (R),23870331,247,3168412431,2024-06-15T13:55:15Z,2024-06-15T14:35:31Z,,45.928200,76.23,membership,Payment by membership account and/or membership card,USCPIE14359531*1
ChargePoint Network,,,5466441,5466441,7SPC / NASA USSRC R,9079371,3,3158532251,2024-06-11T14:24:10Z,2024-06-11T23:11:31Z,,53.351887,6.118,membership,Payment by membership account and/or membership card,USCPIE5466441*2
ChargePoint Network,,,682921,682921,7SPC / TVPPA OFFICE,9117261,3,3178942701,2024-06-20T12:15:45Z,2024-06-20T17:36:12Z,,31.965715,6.0482,credit_card_terminal,Payment via credit card or debit card terminal,USCPIE682921*2
ChargePoint Network,,,5346231,5346231,CULLMANELECTRIC / STATION2-R,8926271,247,3181090561,2024-06-21T04:03:06Z,2024-06-21T04:15:56Z,,13.912300,69.344,membership,Payment by membership account and/or membership card,USCPIE5346231*1
ChargePoint Network,,,13292801,13292801,LODGE CAST IRON / STORE & MUSEUM,22637561,3,3140870631,2024-06-03T20:46:10Z,2024-06-03T21:37:55Z,,5.813753,6.8661,membership,Payment by membership account and/or membership card,USCPIE13292801*2
ChargePoint Network,,,13664501,13664501,BTES / STATION 4 (RR),23060561,247,3140516251,2024-06-03T18:02:41Z,2024-06-03T18:41:33Z,,33.854198,63.504,membership,Payment by membership account and/or membership card,USCPIE13664501*1
ChargePoint Network,,,13606121,13606121,I24 EXIT11 / STATION 2 (LM),22992591,247,3172024821,2024-06-17T13:14:20Z,2024-06-17T13:19:52Z,,6.256900,73.364,membership,Payment by membership account and/or membership card,USCPIE13606121*1
ChargePoint Network,,,15640031,15640031,NECDC / STATION 1 (L),25228511,247,3139549781,2024-06-03T09:13:35Z,2024-06-03T10:19:51Z,,27.591700,54.599,credit_card_terminal,Payment via credit card or debit card terminal,USCPIE15640031*1
ChargePoint Network,,,9677521,9677521,UT PARKING / S7 STATION 1,17169341,3,3191363341,2024-06-26T01:34:37Z,2024-06-26T08:35:52Z,,35.988579,7.1699,membership,Payment by membership account and/or membership card,USCPIE9677521*2
ChargePoint Network,,,14047321,14047321,JEFFERSON AVE. / OXFORD STA2(R),23514081,247,3151278031,2024-06-07T22:54:18Z,2024-06-07T23:49:32Z,,61.847301,86.385,membership,Payment by membership account and/or membership card,USCPIE14047321*1
ChargePoint Network,,,15885771,15885771,TWICKENHAM SQ / HU - STATION 4,25521581,247,3185651891,2024-06-23T16:39:30Z,2024-06-23T17:42:13Z,,54.902500,55.18,membership,Payment by membership account and/or membership card,USCPIE15885771*1
ChargePoint Network,,,14359491,14359491,EBOFG / STATION 1 (L),23870291,247,3136501511,2024-06-01T17:02:20Z,2024-06-01T17:08:18Z,,0.000000,0.0,membership,Payment by membership account and/or membership card,USCPIE14359491*1
ChargePoint Network,,,5565241,5565241,7SPC / SCES LECONTE 4,9205111,3,3183803261,2024-06-22T14:18:55Z,2024-06-22T16:19:17Z,,7.512249,3.7972,membership,Payment by membership account and/or membership card,USCPIE5565241*2
ChargePoint Network,,,13290491,13290491,7SPC / NASA USSRC L,22634941,3,3148196151,2024-06-06T18:46:59Z,2024-06-11T17:34:53Z,,0.000000,0.0,membership,Payment by membership account and/or membership card,USCPIE13290491*2
ChargePoint Network,,,5346231,5346231,CULLMANELECTRIC / STATION2-R,8926271,247,3195552521,2024-06-27T19:08:23Z,2024-06-27T20:23:49Z,,50.602001,53.0,membership,Payment by membership account and/or membership card,USCPIE5346231*1
ChargePoint Network,,,5466441,5466441,7SPC / NASA USSRC R,9079361,3,3200027371,2024-06-29T20:54:39Z,2024-06-29T21:38:09Z,,4.419631,6.2,membership,Payment by membership account and/or membership card,USCPIE5466441*1
ChargePoint Network,,,15548151,15548151,DECATURDOWNTWN / STATION 1 (R),,,3170515631,2024-06-16T17:48:25Z,2024-06-16T17:50:14Z,,0.000000,,credit_card_terminal,Payment via credit card or debit card terminal,USCPIE15548151*0
ChargePoint Network,,,15280471,15280471,SPRFLD ELECTRIC / STATION 1 (L),24807681,247,3156786361,2024-06-10T19:14:06Z,2024-06-10T22:00:52Z,,41.009602,62.088,membership,Payment by membership account and/or membership card,USCPIE15280471*1
ChargePoint Network,,,9677521,9677521,UT PARKING / S7 STATION 1,17169341,3,3151421451,2024-06-08T00:03:58Z,2024-06-08T15:55:37Z,,71.208374,7.2184,membership,Payment by membership account and/or membership card,USCPIE9677521*2
ChargePoint Network,,,14083151,14083151,STEMC / STATION 2 (R) H,23554701,247,3138253801,2024-06-02T17:00:40Z,2024-06-02T17:49:09Z,,36.756199,76.83,membership,Payment by membership account and/or membership card,USCPIE14083151*1
ChargePoint Network,,,1933211,1933211,BRIGHTRIDGE EV / BR-JONESBOROUGH,2283631,3,3152606841,2024-06-08T16:59:50Z,2024-06-09T01:23:51Z,,50.444958,6.1029,membership,Payment by membership account and/or membership card,USCPIE1933211*1
ChargePoint Network,,,14097801,14097801,SCOTTSBORO EPB / SEPB DCFC (L),23570921,247,3143104401,2024-06-04T19:01:31Z,2024-06-04T19:08:41Z,,2.963100,0.0,membership,Payment by membership account and/or membership card,USCPIE14097801*1
ChargePoint Network,,,5122191,5122191,CULLMANELECTRIC / STATION1-L,8482151,247,3177573281,2024-06-19T19:21:14Z,2024-06-19T19:25:54Z,,0.000000,0.0,membership,Payment by membership account and/or membership card,USCPIE5122191*1
ChargePoint Network,,,1988061,1988061,7SPC / SCES DOLLYWOOD,25499841,3,3199672151,2024-06-29T17:19:43Z,2024-06-29T19:09:09Z,,10.892956,6.3721,credit_card_terminal,Payment via credit card or debit card terminal,USCPIE1988061*2
ChargePoint Network,,,7173851,7173851,SCOTTSBORO EPB / MAIN OFFICE,12310861,3,3154422061,2024-06-09T17:44:02Z,2024-06-09T19:20:09Z,,11.062080,7.0196,membership,Payment by membership account and/or membership card,USCPIE7173851*1
ChargePoint Network,,,12720881,12720881,WRECC / STATION 1,21977141,247,3147797181,2024-06-06T15:56:30Z,2024-06-06T15:57:41Z,,0.563300,0.0,membership,Payment by membership account and/or membership card,USCPIE12720881*1
ChargePoint Network,,,13606061,13606061,I24 EXIT11 / STATION 4 (RR),22992511,247,3141591961,2024-06-04T02:23:50Z,2024-06-04T02:31:48Z,,7.053600,63.733,credit_card_terminal,Payment via credit card or debit card terminal,USCPIE13606061*1
ChargePoint Network,,,5346231,5346231,CULLMANELECTRIC / STATION2-R,8926271,247,3188767551,2024-06-25T00:40:01Z,2024-06-25T01:31:54Z,,52.324501,74.466,credit_card_terminal,Payment via credit card or debit card terminal,USCPIE5346231*1
ChargePoint Network,,,14047321,14047321,JEFFERSON AVE. / OXFORD STA2(R),23514081,247,3151058271,2024-06-07T21:13:50Z,2024-06-07T21:14:52Z,,0.000000,0.0,credit_card_terminal,Payment via credit card or debit card terminal,USCPIE14047321*1
ChargePoint Network,,,14097711,14097711,SCOTTSBORO EPB / SEPB DCFC (R),23570811,247,3154809191,2024-06-09T21:38:09Z,2024-06-09T23:29:37Z,,68.943398,56.543,credit_card_terminal,Payment via credit card or debit card terminal,USCPIE14097711*1
ChargePoint Network,,,5619801,5619801,7SPC / WARREN RECC BG,9274261,3,3180041321,2024-06-20T20:01:15Z,2024-06-20T20:05:13Z,,0.330968,6.1279,membership,Payment by membership account and/or membership card,USCPIE5619801*2
ChargePoint Network,,,5565291,5565291,7SPC / SCES LECONTE 1,9205191,3,3191989101,2024-06-26T11:56:06Z,2024-06-26T15:07:40Z,,7.519753,3.7402,membership,Payment by membership account and/or membership card,USCPIE5565291*1
ChargePoint Network,,,15694171,15694171,BRIGHTRIDGE EV / STATION 1 (L),,,3198592921,2024-06-29T00:28:42Z,2024-06-29T00:29:18Z,,0.000000,,membership,Payment by membership account and/or membership card,USCPIE15694171*0
ChargePoint Network,,,13606091,13606091,I24 EXIT11 / STATION 3 (RM),22992551,247,3199574971,2024-06-29T16:18:36Z,2024-06-29T16:36:47Z,,20.143999,72.323,membership,Payment by membership account and/or membership card,USCPIE13606091*1
ChargePoint Network,,,12720881,12720881,WRECC / STATION 1,21977141,247,3191556351,2024-06-26T03:08:32Z,2024-06-26T03:56:40Z,,35.336700,53.723,membership,Payment by membership account and/or membership card,USCPIE12720881*1
ChargePoint Network,,,15280471,15280471,SPRFLD ELECTRIC / STATION 1 (L),24807681,247,3175569131,2024-06-18T20:34:22Z,2024-06-18T21:16:24Z,,23.811399,59.502,credit_card_terminal,Payment via credit card or debit card terminal,USCPIE15280471*1
ChargePoint Network,,,13606061,13606061,I24 EXIT11 / STATION 4 (RR),22992511,247,3152692381,2024-06-08T17:49:16Z,2024-06-08T18:50:06Z,,43.496201,54.096,membership,Payment by membership account and/or membership card,USCPIE13606061*1
ChargePoint Network,,,12406401,12406401,FPIA / RIGHT STATION,21527671,247,3197520151,2024-06-28T16:01:12Z,2024-06-28T16:02:51Z,,0.000000,0.0,membership,Payment by membership account and/or membership card,USCPIE12406401*1
ChargePoint Network,,,12720861,12720861,WRECC / STATION 2,21977121,247,3178072461,2024-06-19T23:43:42Z,2024-06-20T00:14:51Z,,40.346100,85.569,membership,Payment by membership account and/or membership card,USCPIE12720861*1
ChargePoint Network,,,5565291,5565291,7SPC / SCES LECONTE 1,9205201,3,3143627481,2024-06-04T22:44:39Z,2024-06-04T23:29:51Z,,4.595494,6.3561,credit_card_terminal,Payment via credit card or debit card terminal,USCPIE5565291*2
ChargePoint Network,,,15694081,15694081,BRIGHTRIDGE EV / STATION 2 (R),25291921,247,3173543401,2024-06-18T00:13:48Z,2024-06-18T00:35:22Z,,25.340000,74.199,membership,Payment by membership account and/or membership card,USCPIE15694081*1
ChargePoint Network,,,13966031,13966031,BEA / STATION 4 (RR),23419961,247,3144607491,2024-06-05T11:27:54Z,2024-06-05T11:48:12Z,,21.250099,74.663,membership,Payment by membership account and/or membership card,USCPIE13966031*1
ChargePoint Network,,,1933211,1933211,BRIGHTRIDGE EV / BR-JONESBOROUGH,2283631,3,3141168251,2024-06-03T22:59:02Z,2024-06-04T09:13:48Z,,50.665836,6.3336,credit_card_terminal,Payment via credit card or debit card terminal,USCPIE1933211*1
ChargePoint Network,,,1844191,1844191,CLW / MAIN ST,23050441,3,3141475151,2024-06-04T01:20:00Z,2024-06-04T08:22:10Z,,50.851780,7.2839,membership,Payment by membership account and/or membership card,USCPIE1844191*2
ChargePoint Network,,,5414151,5414151,7SPC / UC - CARTHAGE,9014651,3,3135309571,2024-06-01T00:08:34Z,2024-06-01T11:19:34Z,,57.423668,7.1521,membership,Payment by membership account and/or membership card,USCPIE5414151*2
ChargePoint Network,,,13606061,13606061,I24 EXIT11 / STATION 4 (RR),22992511,247,3155057941,2024-06-09T23:53:05Z,2024-06-09T23:58:32Z,,5.484800,0.0,credit_card_terminal,Payment via credit card or debit card terminal,USCPIE13606061*1
ChargePoint Network,,,14337501,14337501,HOLSTONELECTRIC / CHURCH HILL-2,23845091,100011,3158139841,2024-06-11T10:46:01Z,2024-06-11T11:26:39Z,,31.165300,53.34,credit_card_terminal,Payment via credit card or debit card terminal,USCPIE14337501*1
ChargePoint Network,,,12406491,12406491,FPIA / LEFT STATION,21527781,100011,3138199981,2024-06-02T16:24:01Z,2024-06-02T17:31:30Z,,32.796001,53.2,membership,Payment by membership account and/or membership card,USCPIE12406491*1
ChargePoint Network,,,13606141,13606141,I24 EXIT11 / STATION 1 (LL),22992611,247,3170394951,2024-06-16T16:30:07Z,2024-06-16T16:31:27Z,,0.000000,0.0,credit_card_terminal,Payment via credit card or debit card terminal,USCPIE13606141*1
ChargePoint Network,,,5363211,5363211,HARTSELLE 1 / HARTSELLE 1,23427571,3,3138057881,2024-06-02T14:29:11Z,2024-06-02T21:10:12Z,,47.638657,7.2844,membership,Payment by membership account and/or membership card,USCPIE5363211*1
ChargePoint Network,,,12448521,12448521,7SPC / WARREN RECC LF,21576921,3,3175464011,2024-06-18T19:52:09Z,2024-06-18T19:55:25Z,,0.243236,5.8311,credit_card_terminal,Payment via credit card or debit card terminal,USCPIE12448521*2
ChargePoint Network,,,14355251,14355251,HARTSELLE 1 / STATION 2 (R),,,3149019311,2024-06-07T00:28:47Z,2024-06-07T00:30:48Z,,0.000000,,membership,Payment by membership account and/or membership card,USCPIE14355251*0
ChargePoint Network,,,14097711,14097711,SCOTTSBORO EPB / SEPB DCFC (R),23570811,247,3156341371,2024-06-10T15:56:07Z,2024-06-10T15:57:27Z,,0.000000,0.0,credit_card_terminal,Payment via credit card or debit card terminal,USCPIE14097711*1
ChargePoint Network,,,7505851,7505851,JEFFERSON AVE. / OXFORD STA1(L),12955471,247,3186345141,2024-06-23T23:30:17Z,2024-06-23T23:31:49Z,,0.000000,0.0,membership,Payment by membership account and/or membership card,USCPIE7505851*1
ChargePoint Network,,,9677521,9677521,UT PARKING / S7 STATION 1,17169331,3,3158471771,2024-06-11T13:58:24Z,2024-06-11T17:44:11Z,,19.782557,6.6491,membership,Payment by membership account and/or membership card,USCPIE9677521*1
ChargePoint Network,,,12460751,12460751,PES / LEFT STATION,22360171,215,3173064881,2024-06-17T20:38:10Z,2024-06-18T12:48:28Z,,44.321899,7.7642,membership,Payment by membership account and/or membership card,USCPIE12460751*1
ChargePoint Network,,,12406491,12406491,FPIA / LEFT STATION,21527781,247,3181554971,2024-06-21T13:19:32Z,2024-06-21T14:38:26Z,,87.833298,73.108,membership,Payment by membership account and/or membership card,USCPIE12406491*1
ChargePoint Network,,,1964521,1964521,EBOFG / GUNTERSVILLE PD,8374211,3,3161625051,2024-06-12T17:52:49Z,2024-06-12T19:37:43Z,,12.745408,7.4063,membership,Payment by membership account and/or membership card,USCPIE1964521*2
ChargePoint Network,,,5350831,5350831,CULLMANELECTRIC / CEC MAIN OFFICE,8932491,3,3148607181,2024-06-06T21:35:24Z,2024-06-07T00:04:54Z,,14.499031,5.8907,membership,Payment by membership account and/or membership card,USCPIE5350831*1
ChargePoint Network,,,15694171,15694171,BRIGHTRIDGE EV / STATION 1 (L),25292041,247,3184659251,2024-06-22T23:15:56Z,2024-06-23T00:05:17Z,,47.786098,79.4,other,Any other payment method not specified above. Additional description should be provided in Payment Method Description.,USCPIE15694171*1
ChargePoint Network,,,13606061,13606061,I24 EXIT11 / STATION 4 (RR),22992511,247,3174376361,2024-06-18T12:20:33Z,2024-06-18T13:21:11Z,,45.547401,83.358,membership,Payment by membership account and/or membership card,USCPIE13606061*1
ChargePoint Network,,,13606091,13606091,I24 EXIT11 / STATION 3 (RM),22992551,247,3154299531,2024-06-09T16:22:59Z,2024-06-09T16:41:59Z,,22.591000,72.863,credit_card_terminal,Payment via credit card or debit card terminal,USCPIE13606091*1
ChargePoint Network,,,15694081,15694081,BRIGHTRIDGE EV / STATION 2 (R),25291921,247,3196543521,2024-06-28T02:41:27Z,2024-06-28T03:17:05Z,,41.261501,74.625,membership,Payment by membership account and/or membership card,USCPIE15694081*1
ChargePoint Network,,,5466441,5466441,7SPC / NASA USSRC R,9079371,3,3164289651,2024-06-13T18:38:59Z,2024-06-13T22:27:07Z,,23.064503,6.1166,membership,Payment by membership account and/or membership card,USCPIE5466441*2
ChargePoint Network,,,14355251,14355251,HARTSELLE 1 / STATION 2 (R),23865691,247,3181922591,2024-06-21T16:08:06Z,2024-06-21T16:33:22Z,,31.281700,79.515,credit_card_terminal,Payment via credit card or debit card terminal,USCPIE14355251*1
ChargePoint Network,,,12406491,12406491,FPIA / LEFT STATION,21527781,247,3183848101,2024-06-22T14:56:03Z,2024-06-22T15:28:11Z,,28.988300,75.648,membership,Payment by membership account and/or membership card,USCPIE12406491*1
ChargePoint Network,,,1988061,1988061,7SPC / SCES DOLLYWOOD,25499831,3,3156189121,2024-06-10T15:04:15Z,2024-06-10T15:05:20Z,,0.000000,0.0,credit_card_terminal,Payment via credit card or debit card terminal,USCPIE1988061*1
ChargePoint Network,,,5619801,5619801,7SPC / WARREN RECC BG,9274261,3,3167659981,2024-06-15T01:22:31Z,2024-06-15T01:27:09Z,,0.425619,6.2141,membership,Payment by membership account and/or membership card,USCPIE5619801*2
ChargePoint Network,,,5346231,5346231,CULLMANELECTRIC / STATION2-R,8926271,247,3173102701,2024-06-17T20:55:24Z,2024-06-17T21:11:56Z,,18.459400,69.147,membership,Payment by membership account and/or membership card,USCPIE5346231*1
ChargePoint Network,,,14025691,14025691,PARIS BPU / STATION 1(L),23489541,247,3185597141,2024-06-23T16:01:41Z,2024-06-23T16:02:11Z,,0.000000,0.0,membership,Payment by membership account and/or membership card,USCPIE14025691*1
ChargePoint Network,,,5346231,5346231,CULLMANELECTRIC / STATION2-R,8926271,247,3186586281,2024-06-24T01:52:26Z,2024-06-24T02:53:48Z,,64.726402,78.008,membership,Payment by membership account and/or membership card,USCPIE5346231*1
ChargePoint Network,,,1988061,1988061,7SPC / SCES DOLLYWOOD,25499831,3,3184000141,2024-06-22T16:40:58Z,2024-06-22T20:11:10Z,,15.085963,6.9928,credit_card_terminal,Payment via credit card or debit card terminal,USCPIE1988061*1
ChargePoint Network,,,13606061,13606061,I24 EXIT11 / STATION 4 (RR),22992511,247,3172493661,2024-06-17T16:23:45Z,2024-06-17T16:46:13Z,,24.899599,71.279,membership,Payment by membership account and/or membership card,USCPIE13606061*1
ChargePoint Network,,,14359531,14359531,EBOFG / STATION 2 (R),23870331,247,3197991051,2024-06-28T19:38:00Z,2024-06-28T20:06:31Z,,21.153500,54.759,membership,Payment by membership account and/or membership card,USCPIE14359531*1
ChargePoint Network,,,1964521,1964521,EBOFG / GUNTERSVILLE PD,8374201,3,3154294381,2024-06-09T16:19:32Z,2024-06-09T17:39:53Z,,9.671170,7.3248,membership,Payment by membership account and/or membership card,USCPIE1964521*1
ChargePoint Network,,,5466441,5466441,7SPC / NASA USSRC R,9079371,3,3142489821,2024-06-04T14:54:24Z,2024-06-04T21:54:05Z,,42.403904,6.1194,membership,Payment by membership account and/or membership card,USCPIE5466441*2
ChargePoint Network,,,9777021,9777021,CRMC / CRMC-2- L2RIGHT,17361751,3,3175272161,2024-06-18T18:28:38Z,2024-06-18T20:42:36Z,,14.929456,6.7601,membership,Payment by membership account and/or membership card,USCPIE9777021*2
ChargePoint Network,,,14097711,14097711,SCOTTSBORO EPB / SEPB DCFC (R),23570811,247,3168937831,2024-06-15T19:25:24Z,2024-06-15T19:25:50Z,,0.000000,0.0,membership,Payment by membership account and/or membership card,USCPIE14097711*1
ChargePoint Network,,,14359491,14359491,EBOFG / STATION 1 (L),23870291,247,3148940811,2024-06-06T23:57:03Z,2024-06-06T23:58:36Z,,0.000000,0.0,membership,Payment by membership account and/or membership card,USCPIE14359491*1
ChargePoint Network,,,13659871,13659871,LAWRENCEBURG / STATION 2 (R),23054921,247,3177602641,2024-06-19T19:37:44Z,2024-06-19T19:50:23Z,,10.781000,53.576,membership,Payment by membership account and/or membership card,USCPIE13659871*1
ChargePoint Network,,,1932851,1932851,BRIGHTRIDGE EV / BR-JC LIBRARY,23319821,3,3181045241,2024-06-21T03:42:57Z,2024-06-21T05:52:51Z,,16.019291,7.4844,membership,Payment by membership account and/or membership card,USCPIE1932851*2
ChargePoint Network,,,12720861,12720861,WRECC / STATION 2,21977121,247,3175332971,2024-06-18T18:57:08Z,2024-06-18T19:36:18Z,,30.236900,51.404,membership,Payment by membership account and/or membership card,USCPIE12720861*1
ChargePoint Network,,,15332321,15332321,TUA NW ATLANTIC / STATION 1 (L),24867861,247,3140414841,2024-06-03T17:13:08Z,2024-06-03T18:30:58Z,,56.073700,75.655,credit_card_terminal,Payment via credit card or debit card terminal,USCPIE15332321*1
ChargePoint Network,,,5122191,5122191,CULLMANELECTRIC / STATION1-L,8482151,247,3147728161,2024-06-06T15:34:22Z,2024-06-06T15:35:34Z,,0.000000,0.0,membership,Payment by membership account and/or membership card,USCPIE5122191*1
ChargePoint Network,,,14359531,14359531,EBOFG / STATION 2 (R),23870331,247,3196055281,2024-06-27T22:46:45Z,2024-06-27T23:06:34Z,,20.804199,67.063,membership,Payment by membership account and/or membership card,USCPIE14359531*1
ChargePoint Network,,,15623211,15623211,CLW / 5TH ST 2 (R),25208281,247,3163494751,2024-06-13T13:14:29Z,2024-06-13T14:09:18Z,,63.989498,77.223,membership,Payment by membership account and/or membership card,USCPIE15623211*1
ChargePoint Network,,,8851921,8851921,7SPC / SEVIERVILLE DC1,15571271,207,3197134901,2024-06-28T12:53:55Z,2024-06-28T13:21:56Z,,23.989500,59.751,membership,Payment by membership account and/or membership card,USCPIE8851921*1
ChargePoint Network,,,14355251,14355251,HARTSELLE 1 / STATION 2 (R),23865691,247,3175662461,2024-06-18T21:14:26Z,2024-06-18T21:28:34Z,,0.000000,0.0,membership,Payment by membership account and/or membership card,USCPIE14355251*1
ChargePoint Network,,,14025691,14025691,PARIS BPU / STATION 1(L),23489541,100011,3179544381,2024-06-20T16:22:15Z,2024-06-20T17:05:46Z,,30.539801,52.577,membership,Payment by membership account and/or membership card,USCPIE14025691*1
ChargePoint Network,,,15694081,15694081,BRIGHTRIDGE EV / STATION 2 (R),25291921,247,3138470091,2024-06-02T19:15:17Z,2024-06-02T19:16:24Z,,0.000000,0.0,membership,Payment by membership account and/or membership card,USCPIE15694081*1
ChargePoint Network,,,15548151,15548151,DECATURDOWNTWN / STATION 1 (R),,,3162692981,2024-06-13T01:38:15Z,2024-06-13T01:39:10Z,,0.000000,,credit_card_terminal,Payment via credit card or debit card terminal,USCPIE15548151*0
ChargePoint Network,,,5346231,5346231,CULLMANELECTRIC / STATION2-R,8926271,247,3136916581,2024-06-01T20:49:45Z,2024-06-01T21:29:02Z,,27.573900,46.617,membership,Payment by membership account and/or membership card,USCPIE5346231*1
ChargePoint Network,,,15250701,15250701,SES-TN / STATION 2,24772611,247,3180537131,2024-06-20T23:37:45Z,2024-06-21T00:01:35Z,,23.972900,75.45,membership,Payment by membership account and/or membership card,USCPIE15250701*1
ChargePoint Network,,,5466441,5466441,7SPC / NASA USSRC R,9079371,3,3152803131,2024-06-08T18:54:14Z,2024-06-08T20:13:45Z,,8.192071,6.2703,membership,Payment by membership account and/or membership card,USCPIE5466441*2
ChargePoint Network,,,12460751,12460751,PES / LEFT STATION,22360171,215,3148429471,2024-06-06T20:21:35Z,2024-06-07T16:09:23Z,,63.367001,7.7984,membership,Payment by membership account and/or membership card,USCPIE12460751*1
ChargePoint Network,,,12720881,12720881,WRECC / STATION 1,21977141,247,3135677881,2024-06-01T03:08:06Z,2024-06-01T03:10:49Z,,0.000000,0.0,membership,Payment by membership account and/or membership card,USCPIE12720881*1
ChargePoint Network,,,13803581,13803581,FPU / STATION 1 (L),23227201,247,3184139691,2024-06-22T18:05:50Z,2024-06-22T18:23:56Z,,23.494400,82.124,membership,Payment by membership account and/or membership card,USCPIE13803581*1
ChargePoint Network,,,12754021,12754021,WCMES / CITYHALL1-L,22015241,247,3183310771,2024-06-22T03:20:26Z,2024-06-22T04:10:02Z,,54.487099,75.269,membership,Payment by membership account and/or membership card,USCPIE12754021*1
ChargePoint Network,,,12720861,12720861,WRECC / STATION 2,21977121,247,3185787911,2024-06-23T18:07:18Z,2024-06-23T19:27:01Z,,75.564903,63.7,membership,Payment by membership account and/or membership card,USCPIE12720861*1
ChargePoint Network,,,13606061,13606061,I24 EXIT11 / STATION 4 (RR),22992511,247,3157907031,2024-06-11T04:15:00Z,2024-06-11T05:19:15Z,,47.157700,54.611,membership,Payment by membership account and/or membership card,USCPIE13606061*1
ChargePoint Network,,,13606091,13606091,I24 EXIT11 / STATION 3 (RM),22992551,247,3175183231,2024-06-18T17:46:15Z,2024-06-18T18:09:12Z,,22.547600,73.458,membership,Payment by membership account and/or membership card,USCPIE13606091*1
ChargePoint Network,,,15548151,15548151,DECATURDOWNTWN / STATION 1 (R),25119511,247,3195202461,2024-06-27T16:31:37Z,2024-06-27T16:34:41Z,,0.000000,0.0,membership,Payment by membership account and/or membership card,USCPIE15548151*1
ChargePoint Network,,,14047321,14047321,JEFFERSON AVE. / OXFORD STA2(R),23514081,247,3189573681,2024-06-25T12:55:08Z,2024-06-25T13:44:11Z,,58.882999,75.438,membership,Payment by membership account and/or membership card,USCPIE14047321*1
ChargePoint Network,,,5619801,5619801,7SPC / WARREN RECC BG,9274261,3,3166913031,2024-06-14T19:40:53Z,2024-06-14T23:20:53Z,,22.215357,6.2389,membership,Payment by membership account and/or membership card,USCPIE5619801*2
ChargePoint Network,,,13606141,13606141,I24 EXIT11 / STATION 1 (LL),22992611,100011,3145489841,2024-06-05T17:50:47Z,2024-06-05T18:34:02Z,,23.990999,42.293,membership,Payment by membership account and/or membership card,USCPIE13606141*1
ChargePoint Network,,,5346231,5346231,CULLMANELECTRIC / STATION2-R,8926271,247,3159579301,2024-06-11T21:26:48Z,2024-06-11T22:05:50Z,,34.945202,76.244,other,Any other payment method not specified above. Additional description should be provided in Payment Method Description.,USCPIE5346231*1
ChargePoint Network,,,14359491,14359491,EBOFG / STATION 1 (L),23870291,247,3171131831,2024-06-16T23:54:14Z,2024-06-16T23:57:34Z,,0.000000,0.0,membership,Payment by membership account and/or membership card,USCPIE14359491*1
ChargePoint Network,,,8851921,8851921,7SPC / SEVIERVILLE DC1,15571271,207,3158782611,2024-06-11T15:49:50Z,2024-06-11T16:21:50Z,,28.559500,56.209,membership,Payment by membership account and/or membership card,USCPIE8851921*1
ChargePoint Network,,,5122191,5122191,CULLMANELECTRIC / STATION1-L,8482151,247,3136098411,2024-06-01T11:57:47Z,2024-06-01T12:09:15Z,,11.156100,64.277,membership,Payment by membership account and/or membership card,USCPIE5122191*1
ChargePoint Network,,,8851921,8851921,7SPC / SEVIERVILLE DC1,15571271,207,3155415411,2024-06-10T03:27:40Z,2024-06-10T04:01:06Z,,32.045898,62.062,membership,Payment by membership account and/or membership card,USCPIE8851921*1
ChargePoint Network,,,5346231,5346231,CULLMANELECTRIC / STATION2-R,8926271,247,3142485251,2024-06-04T14:52:35Z,2024-06-04T15:12:26Z,,16.983700,73.629,membership,Payment by membership account and/or membership card,USCPIE5346231*1
ChargePoint Network,,,5619801,5619801,7SPC / WARREN RECC BG,9274261,3,3136588491,2024-06-01T17:53:24Z,2024-06-01T19:17:45Z,,8.290899,5.9498,membership,Payment by membership account and/or membership card,USCPIE5619801*2
ChargePoint Network,,,15623231,15623231,CLW / 5TH ST 1 (L),25208301,247,3193345691,2024-06-26T21:30:16Z,2024-06-26T22:33:42Z,,83.148499,86.385,other,Any other payment method not specified above. Additional description should be provided in Payment Method Description.,USCPIE15623231*1
ChargePoint Network,,,13606091,13606091,I24 EXIT11 / STATION 3 (RM),22992551,247,3169522901,2024-06-16T00:56:15Z,2024-06-16T00:56:51Z,,0.000000,0.0,membership,Payment by membership account and/or membership card,USCPIE13606091*1
ChargePoint Network,,,15694081,15694081,BRIGHTRIDGE EV / STATION 2 (R),25291921,247,3150685171,2024-06-07T18:31:31Z,2024-06-07T18:43:41Z,,20.643101,0.0,membership,Payment by membership account and/or membership card,USCPIE15694081*1
ChargePoint Network,,,15280441,15280441,SPRFLD ELECTRIC / STATION 2 (R),24807641,247,3183136631,2024-06-22T01:49:58Z,2024-06-22T02:46:28Z,,26.250799,54.316,membership,Payment by membership account and/or membership card,USCPIE15280441*1
ChargePoint Network,,,1988141,1988141,7SPC / SCES DREAM MORE,2355561,3,3140002701,2024-06-03T14:41:57Z,2024-06-03T16:26:36Z,,11.591249,7.086,membership,Payment by membership account and/or membership card,USCPIE1988141*1
ChargePoint Network,,,5424051,5424051,EEDEV / ELIZ DOWNTOWN,9027001,3,3200326651,2024-06-29T23:52:48Z,2024-06-30T01:19:58Z,,5.212960,3.6809,membership,Payment by membership account and/or membership card,USCPIE5424051*2
ChargePoint Network,,,1964521,1964521,EBOFG / GUNTERSVILLE PD,8374211,3,3195267021,2024-06-27T16:58:47Z,2024-06-27T21:42:54Z,,8.094985,3.6935,membership,Payment by membership account and/or membership card,USCPIE1964521*2
ChargePoint Network,,,5397731,5397731,EEDEV / MILLIGAN UNIV,9010251,3,3141378971,2024-06-04T00:37:39Z,2024-06-04T10:00:40Z,,67.900375,7.3389,credit_card_terminal,Payment via credit card or debit card terminal,USCPIE5397731*1
ChargePoint Network,,,13606061,13606061,I24 EXIT11 / STATION 4 (RR),22992511,247,3185589061,2024-06-23T15:56:10Z,2024-06-23T16:03:41Z,,12.441700,120.274,membership,Payment by membership account and/or membership card,USCPIE13606061*1
ChargePoint Network,,,5525971,5525971,7SPC / SPARTA TN,9154681,3,3195423361,2024-06-27T18:10:58Z,2024-06-27T18:46:13Z,,3.954265,6.8686,membership,Payment by membership account and/or membership card,USCPIE5525971*1
ChargePoint Network,,,1988141,1988141,7SPC / SCES DREAM MORE,2355571,3,3184785071,2024-06-23T00:34:02Z,2024-06-23T12:18:33Z,,75.111549,7.2729,membership,Payment by membership account and/or membership card,USCPIE1988141*2
ChargePoint Network,,,15250771,15250771,SES-TN / STATION 1,24772691,247,3187423331,2024-06-24T14:48:05Z,2024-06-24T16:03:10Z,,44.471802,76.238,membership,Payment by membership account and/or membership card,USCPIE15250771*1
ChargePoint Network,,,15885151,15885151,TWICKENHAM SQ / HU - STATION 2,,,3198251001,2024-06-28T21:36:23Z,2024-06-28T21:36:40Z,,0.000000,,membership,Payment by membership account and/or membership card,USCPIE15885151*0
ChargePoint Network,,,5354011,5354011,7SPC / GREENEVILLE TA,8936791,207,3140142101,2024-06-03T15:29:45Z,2024-06-03T16:18:22Z,,29.454000,53.789,membership,Payment by membership account and/or membership card,USCPIE5354011*1
ChargePoint Network,,,13659831,13659831,LAWRENCEBURG / STATION 1 (L),23054881,247,3145378811,2024-06-05T16:59:09Z,2024-06-05T17:03:52Z,,0.000000,0.0,membership,Payment by membership account and/or membership card,USCPIE13659831*1
ChargePoint Network,,,13664401,13664401,BTES / STATION 1 (LL),23060421,247,3156544561,2024-06-10T17:15:58Z,2024-06-10T17:53:55Z,,32.798401,58.981,membership,Payment by membership account and/or membership card,USCPIE13664401*1
ChargePoint Network,,,1988141,1988141,7SPC / SCES DREAM MORE,2355561,3,3161870281,2024-06-12T19:42:22Z,2024-06-12T21:48:32Z,,12.691520,6.999,membership,Payment by membership account and/or membership card,USCPIE1988141*1
ChargePoint Network,,,5122191,5122191,CULLMANELECTRIC / STATION1-L,8482151,247,3135696651,2024-06-01T03:21:28Z,2024-06-01T03:22:23Z,,0.000000,0.0,membership,Payment by membership account and/or membership card,USCPIE5122191*1
ChargePoint Network,,,12754021,12754021,WCMES / CITYHALL1-L,22015241,247,3154054131,2024-06-09T12:17:38Z,2024-06-09T13:55:07Z,,62.360100,76.047,membership,Payment by membership account and/or membership card,USCPIE12754021*1
ChargePoint Network,,,5619801,5619801,7SPC / WARREN RECC BG,9274261,3,3161945701,2024-06-12T20:11:57Z,2024-06-12T20:48:53Z,,3.684072,6.1427,membership,Payment by membership account and/or membership card,USCPIE5619801*2
ChargePoint Network,,,1988141,1988141,7SPC / SCES DREAM MORE,2355571,3,3178011791,2024-06-19T23:11:23Z,2024-06-19T23:21:05Z,,1.056636,7.0034,membership,Payment by membership account and/or membership card,USCPIE1988141*2
ChargePoint Network,,,1844191,1844191,CLW / MAIN ST,23050441,3,3185718431,2024-06-23T17:22:21Z,2024-06-24T01:38:33Z,,57.622150,7.2263,membership,Payment by membership account and/or membership card,USCPIE1844191*2
ChargePoint Network,,,5565191,5565191,7SPC / DOLLYWOOD EMPL,9205031,3,3177531881,2024-06-19T18:57:54Z,2024-06-19T22:02:55Z,,21.471720,7.0299,membership,Payment by membership account and/or membership card,USCPIE5565191*1
ChargePoint Network,,,5565191,5565191,7SPC / DOLLYWOOD EMPL,9205031,3,3152654661,2024-06-08T17:28:13Z,2024-06-08T17:29:23Z,,0.000000,0.0,membership,Payment by membership account and/or membership card,USCPIE5565191*1
ChargePoint Network,,,1844191,1844191,CLW / MAIN ST,23050431,3,3148072411,2024-06-06T17:50:03Z,2024-06-06T21:55:37Z,,28.284632,7.0235,membership,Payment by membership account and/or membership card,USCPIE1844191*1
ChargePoint Network,,,12406491,12406491,FPIA / LEFT STATION,21527781,247,3198712821,2024-06-29T01:29:05Z,2024-06-29T01:36:50Z,,0.000000,0.0,membership,Payment by membership account and/or membership card,USCPIE12406491*1
ChargePoint Network,,,15694171,15694171,BRIGHTRIDGE EV / STATION 1 (L),25292041,247,3138473491,2024-06-02T19:17:18Z,2024-06-02T19:28:55Z,,9.584100,0.0,membership,Payment by membership account and/or membership card,USCPIE15694171*1
ChargePoint Network,,,13966031,13966031,BEA / STATION 4 (RR),23419961,247,3158194281,2024-06-11T11:26:03Z,2024-06-11T11:47:27Z,,21.246401,73.853,membership,Payment by membership account and/or membership card,USCPIE13966031*1
ChargePoint Network,,,15885251,15885251,TWICKENHAM SQ / HU - STATION 1,,,3189814851,2024-06-25T14:43:45Z,2024-06-25T14:45:47Z,,0.000000,,membership,Payment by membership account and/or membership card,USCPIE15885251*0
ChargePoint Network,,,12406401,12406401,FPIA / RIGHT STATION,21527671,247,3153052061,2024-06-08T21:11:01Z,2024-06-08T21:12:58Z,,0.260100,0.0,membership,Payment by membership account and/or membership card,USCPIE12406401*1
ChargePoint Network,,,15250701,15250701,SES-TN / STATION 2,24772611,247,3168698161,2024-06-15T17:06:23Z,2024-06-15T18:40:11Z,,66.805603,122.891,credit_card_terminal,Payment via credit card or debit card terminal,USCPIE15250701*1
ChargePoint Network,,,5397731,5397731,EEDEV / MILLIGAN UNIV,9010251,3,3150063751,2024-06-07T14:09:39Z,2024-06-07T14:09:45Z,,0.000000,0.0018,credit_card_terminal,Payment via credit card or debit card terminal,USCPIE5397731*1
ChargePoint Network,,,12460751,12460751,PES / LEFT STATION,22360171,215,3190711171,2024-06-25T20:49:52Z,2024-06-27T18:06:05Z,,31.624800,7.742,membership,Payment by membership account and/or membership card,USCPIE12460751*1
ChargePoint Network,,,1844191,1844191,CLW / MAIN ST,23050441,3,3155194991,2024-06-10T01:06:11Z,2024-06-10T05:35:25Z,,30.069057,7.3059,membership,Payment by membership account and/or membership card,USCPIE1844191*2
ChargePoint Network,,,13659831,13659831,LAWRENCEBURG / STATION 1 (L),23054881,247,3190938741,2024-06-25T22:25:12Z,2024-06-25T22:40:26Z,,17.184500,72.635,membership,Payment by membership account and/or membership card,USCPIE13659831*1
ChargePoint Network,,,5346231,5346231,CULLMANELECTRIC / STATION2-R,8926271,247,3190413601,2024-06-25T18:43:45Z,2024-06-25T18:59:21Z,,11.111300,51.597,membership,Payment by membership account and/or membership card,USCPIE5346231*1
ChargePoint Network,,,13664471,13664471,BTES / STATION 3 (RM),23060511,247,3169280801,2024-06-15T22:42:31Z,2024-06-15T23:43:12Z,,59.434799,78.405,membership,Payment by membership account and/or membership card,USCPIE13664471*1
ChargePoint Network,,,9677521,9677521,UT PARKING / S7 STATION 1,17169341,3,3197097941,2024-06-28T12:31:10Z,2024-06-28T13:41:17Z,,7.880804,6.8697,membership,Payment by membership account and/or membership card,USCPIE9677521*2
ChargePoint Network,,,14047321,14047321,JEFFERSON AVE. / OXFORD STA2(R),,,3145197531,2024-06-05T15:53:27Z,2024-06-05T15:53:32Z,,0.000000,,membership,Payment by membership account and/or membership card,USCPIE14047321*0
ChargePoint Network,,,15623211,15623211,CLW / 5TH ST 2 (R),25208281,247,3164917651,2024-06-13T23:05:08Z,2024-06-14T00:17:28Z,,68.980598,65.129,membership,Payment by membership account and/or membership card,USCPIE15623211*1
ChargePoint Network,,,1921351,1921351,STARKVILLE UTIL / STARKVILLE DWTN,23682571,3,3195613321,2024-06-27T19:34:28Z,2024-06-27T20:02:09Z,,3.382715,7.4768,credit_card_terminal,Payment via credit card or debit card terminal,USCPIE1921351*1
ChargePoint Network,,,12720861,12720861,WRECC / STATION 2,21977121,247,3153910721,2024-06-09T06:45:39Z,2024-06-09T07:05:30Z,,13.480400,45.279,membership,Payment by membership account and/or membership card,USCPIE12720861*1
ChargePoint Network,,,15694081,15694081,BRIGHTRIDGE EV / STATION 2 (R),25291921,247,3159173451,2024-06-11T18:31:04Z,2024-06-11T18:57:09Z,,28.749901,76.633,membership,Payment by membership account and/or membership card,USCPIE15694081*1
ChargePoint Network,,,15694081,15694081,BRIGHTRIDGE EV / STATION 2 (R),25291921,247,3187064771,2024-06-24T11:35:47Z,2024-06-24T12:26:46Z,,25.308100,67.139,credit_card_terminal,Payment via credit card or debit card terminal,USCPIE15694081*1
ChargePoint Network,,,15332351,15332351,TUA NW ATLANTIC / STATION 2 (R),,,3138702451,2024-06-02T21:27:08Z,2024-06-02T21:29:09Z,,0.000000,,membership,Payment by membership account and/or membership card,USCPIE15332351*0
ChargePoint Network,,,1844191,1844191,CLW / MAIN ST,23050431,3,3137422491,2024-06-02T01:33:21Z,2024-06-02T11:01:04Z,,60.055542,7.1356,membership,Payment by membership account and/or membership card,USCPIE1844191*1
ChargePoint Network,,,13606061,13606061,I24 EXIT11 / STATION 4 (RR),22992511,247,3139867061,2024-06-03T13:38:08Z,2024-06-03T14:00:33Z,,39.154800,111.65,membership,Payment by membership account and/or membership card,USCPIE13606061*1
ChargePoint Network,,,5354011,5354011,7SPC / GREENEVILLE TA,,,3162045001,2024-06-12T20:52:36Z,2024-06-12T20:54:37Z,,0.000000,,membership,Payment by membership account and/or membership card,USCPIE5354011*0
ChargePoint Network,,,14359531,14359531,EBOFG / STATION 2 (R),23870331,247,3196126971,2024-06-27T23:18:59Z,2024-06-27T23:39:27Z,,20.487400,74.226,membership,Payment by membership account and/or membership card,USCPIE14359531*1
ChargePoint Network,,,12754021,12754021,WCMES / CITYHALL1-L,22015241,247,3137776211,2024-06-02T05:47:23Z,2024-06-02T05:57:23Z,,9.681000,0.0,membership,Payment by membership account and/or membership card,USCPIE12754021*1
ChargePoint Network,,,13292801,13292801,LODGE CAST IRON / STORE & MUSEUM,22637551,3,3162926021,2024-06-13T03:42:42Z,2024-06-13T03:44:41Z,,0.000000,0.0,membership,Payment by membership account and/or membership card,USCPIE13292801*1
ChargePoint Network,,,14047321,14047321,JEFFERSON AVE. / OXFORD STA2(R),23514081,247,3169059781,2024-06-15T20:36:16Z,2024-06-15T20:52:51Z,,16.952999,68.752,membership,Payment by membership account and/or membership card,USCPIE14047321*1
ChargePoint Network,,,13664501,13664501,BTES / STATION 4 (RR),23060561,247,3180215201,2024-06-20T21:15:47Z,2024-06-20T21:59:29Z,,62.092701,122.4,membership,Payment by membership account and/or membership card,USCPIE13664501*1
ChargePoint Network,,,1785631,1785631,HOLSTONELECTRIC / STATION 1,22462991,3,3197117501,2024-06-28T12:44:28Z,2024-06-28T14:23:10Z,,11.840286,7.308,membership,Payment by membership account and/or membership card,USCPIE1785631*2
ChargePoint Network,,,1988061,1988061,7SPC / SCES DOLLYWOOD,25499841,3,3167004511,2024-06-14T20:19:44Z,2024-06-14T23:31:26Z,,15.841862,6.7037,membership,Payment by membership account and/or membership card,USCPIE1988061*2
ChargePoint Network,,,5384781,5384781,7SPC / TRI-COUNTY EMC,9273701,3,3175757471,2024-06-18T21:54:56Z,2024-06-18T23:56:39Z,,14.816764,7.356,membership,Payment by membership account and/or membership card,USCPIE5384781*2
ChargePoint Network,,,12720861,12720861,WRECC / STATION 2,21977121,247,3135631491,2024-06-01T02:56:24Z,2024-06-01T02:58:15Z,,0.000000,0.0,credit_card_terminal,Payment via credit card or debit card terminal,USCPIE12720861*1
ChargePoint Network,,,12720881,12720881,WRECC / STATION 1,21977141,247,3135676001,2024-06-01T03:06:38Z,2024-06-01T03:07:30Z,,0.000000,0.0,membership,Payment by membership account and/or membership card,USCPIE12720881*1
ChargePoint Network,,,13606141,13606141,I24 EXIT11 / STATION 1 (LL),22992611,247,3160945351,2024-06-12T13:21:51Z,2024-06-12T13:40:13Z,,26.094700,88.704,membership,Payment by membership account and/or membership card,USCPIE13606141*1
ChargePoint Network,,,13643801,13643801,PEPA / STATION 2,23036481,247,3198742311,2024-06-29T01:46:29Z,2024-06-29T02:09:24Z,,26.421499,73.853,membership,Payment by membership account and/or membership card,USCPIE13643801*1
ChargePoint Network,,,15623211,15623211,CLW / 5TH ST 2 (R),25208281,247,3148912111,2024-06-06T23:44:00Z,2024-06-07T00:00:41Z,,11.658800,47.939,membership,Payment by membership account and/or membership card,USCPIE15623211*1
ChargePoint Network,,,5466441,5466441,7SPC / NASA USSRC R,9079371,3,3191993621,2024-06-26T11:58:53Z,2024-06-26T11:59:47Z,,0.000000,0.0,membership,Payment by membership account and/or membership card,USCPIE5466441*2
ChargePoint Network,,,12720881,12720881,WRECC / STATION 1,21977141,247,3152389721,2024-06-08T14:37:32Z,2024-06-08T15:01:59Z,,16.514999,54.0,membership,Payment by membership account and/or membership card,USCPIE12720881*1
ChargePoint Network,,,5384781,5384781,7SPC / TRI-COUNTY EMC,9273701,3,3190861431,2024-06-25T21:53:03Z,2024-06-26T00:07:01Z,,16.160172,7.3458,membership,Payment by membership account and/or membership card,USCPIE5384781*2
ChargePoint Network,,,13423691,13423691,AEC / STATION #1 (L),22787121,247,3198833511,2024-06-29T02:39:55Z,2024-06-29T02:58:24Z,,32.958500,114.444,membership,Payment by membership account and/or membership card,USCPIE13423691*1
ChargePoint Network,,,5466441,5466441,7SPC / NASA USSRC R,9079361,3,3183856981,2024-06-22T15:02:12Z,2024-06-22T17:23:36Z,,14.522492,6.2731,membership,Payment by membership account and/or membership card,USCPIE5466441*1
ChargePoint Network,,,13643801,13643801,PEPA / STATION 2,23036481,247,3180518261,2024-06-20T23:28:59Z,2024-06-20T23:30:34Z,,0.000000,0.0,membership,Payment by membership account and/or membership card,USCPIE13643801*1
ChargePoint Network,,,12406401,12406401,FPIA / RIGHT STATION,21527671,247,3149784561,2024-06-07T11:13:08Z,2024-06-07T11:41:59Z,,15.474900,53.789,membership,Payment by membership account and/or membership card,USCPIE12406401*1
ChargePoint Network,,,5122191,5122191,CULLMANELECTRIC / STATION1-L,8482151,247,3162922951,2024-06-13T03:41:39Z,2024-06-13T04:47:03Z,,69.448303,78.405,membership,Payment by membership account and/or membership card,USCPIE5122191*1
ChargePoint Network,,,15293211,15293211,TRNG CENTER / TRAININGCENTER1,24823101,3,3164210961,2024-06-13T04:52:55Z,2024-06-13T07:44:03Z,,15.218318,5.9391,membership,Payment by membership account and/or membership card,USCPIE15293211*1
ChargePoint Network,,,15640171,15640171,NECDC / STATION 2 (R),25228711,247,3196966981,2024-06-28T10:51:55Z,2024-06-28T11:40:32Z,,40.980099,73.458,other,Any other payment method not specified above. Additional description should be provided in Payment Method Description.,USCPIE15640171*1
ChargePoint Network,,,12406491,12406491,FPIA / LEFT STATION,21527781,247,3143904231,2024-06-05T00:48:01Z,2024-06-05T00:48:44Z,,0.103500,0.0,membership,Payment by membership account and/or membership card,USCPIE12406491*1
ChargePoint Network,,,12406491,12406491,FPIA / LEFT STATION,21527781,247,3184684911,2024-06-22T23:32:14Z,2024-06-22T23:54:24Z,,23.184099,71.424,membership,Payment by membership account and/or membership card,USCPIE12406491*1
ChargePoint Network,,,15260241,15260241,STEMC / STATION 1 (L) A,,,3155541231,2024-06-10T04:59:34Z,2024-06-10T05:01:36Z,,0.000000,0.0,membership,Payment by membership account and/or membership card,USCPIE15260241*0
ChargePoint Network,,,5565291,5565291,7SPC / SCES LECONTE 1,9205191,3,3182437801,2024-06-21T20:02:57Z,2024-06-21T22:25:32Z,,8.202154,3.7916,membership,Payment by membership account and/or membership card,USCPIE5565291*1
ChargePoint Network,,,14047321,14047321,JEFFERSON AVE. / OXFORD STA2(R),23514081,247,3151081721,2024-06-07T21:24:08Z,2024-06-07T22:42:58Z,,93.702698,85.847,membership,Payment by membership account and/or membership card,USCPIE14047321*1
ChargePoint Network,,,14025691,14025691,PARIS BPU / STATION 1(L),23489541,247,3166844631,2024-06-14T19:10:49Z,2024-06-14T19:13:55Z,,0.000000,0.0,credit_card_terminal,Payment via credit card or debit card terminal,USCPIE14025691*1
ChargePoint Network,,,14047321,14047321,JEFFERSON AVE. / OXFORD STA2(R),23514081,247,3180423181,2024-06-20T22:47:34Z,2024-06-21T00:38:54Z,,101.159698,87.807,credit_card_terminal,Payment via credit card or debit card terminal,USCPIE14047321*1
ChargePoint Network,,,5350831,5350831,CULLMANELECTRIC / CEC MAIN OFFICE,8932491,3,3148440271,2024-06-06T20:25:19Z,2024-06-06T20:26:10Z,,0.000000,,credit_card_terminal,Payment via credit card or debit card terminal,USCPIE5350831*1
ChargePoint Network,,,8851921,8851921,7SPC / SEVIERVILLE DC1,15571271,207,3184837611,2024-06-23T01:04:45Z,2024-06-23T01:06:02Z,,0.000000,0.0,credit_card_terminal,Payment via credit card or debit card terminal,USCPIE8851921*1
ChargePoint Network,,,1964521,1964521,EBOFG / GUNTERSVILLE PD,8374211,3,3178014941,2024-06-19T23:13:18Z,2024-06-20T00:52:40Z,,5.828333,3.71,credit_card_terminal,Payment via credit card or debit card terminal,USCPIE1964521*2
ChargePoint Network,,,12406401,12406401,FPIA / RIGHT STATION,21527671,247,3185346001,2024-06-23T10:53:00Z,2024-06-23T11:48:36Z,,39.171299,73.481,membership,Payment by membership account and/or membership card,USCPIE12406401*1
ChargePoint Network,,,1988141,1988141,7SPC / SCES DREAM MORE,2355561,3,3177586501,2024-06-19T19:28:32Z,2024-06-19T19:53:59Z,,2.919668,7.0418,credit_card_terminal,Payment via credit card or debit card terminal,USCPIE1988141*1
ChargePoint Network,,,1988061,1988061,7SPC / SCES DOLLYWOOD,25499831,3,3179081281,2024-06-20T13:27:34Z,2024-06-20T15:19:13Z,,13.347280,7.3009,membership,Payment by membership account and/or membership card,USCPIE1988061*1
ChargePoint Network,,,682921,682921,7SPC / TVPPA OFFICE,9117251,3,3136900631,2024-06-01T20:42:07Z,2024-06-01T21:13:32Z,,3.058530,5.9417,membership,Payment by membership account and/or membership card,USCPIE682921*1
ChargePoint Network,,,13966031,13966031,BEA / STATION 4 (RR),23419961,247,3154290891,2024-06-09T16:16:49Z,2024-06-09T16:18:25Z,,0.476600,0.0,membership,Payment by membership account and/or membership card,USCPIE13966031*1
ChargePoint Network,,,15694081,15694081,BRIGHTRIDGE EV / STATION 2 (R),25291921,247,3186655371,2024-06-24T02:36:16Z,2024-06-24T03:24:18Z,,25.895000,74.37,membership,Payment by membership account and/or membership card,USCPIE15694081*1
ChargePoint Network,,,14097711,14097711,SCOTTSBORO EPB / SEPB DCFC (R),23570811,247,3143019801,2024-06-04T18:21:20Z,2024-06-04T19:12:27Z,,43.967800,77.223,membership,Payment by membership account and/or membership card,USCPIE14097711*1
ChargePoint Network,,,15548151,15548151,DECATURDOWNTWN / STATION 1 (R),25119511,247,3174151471,2024-06-18T07:20:21Z,2024-06-18T07:38:02Z,,16.977400,64.222,membership,Payment by membership account and/or membership card,USCPIE15548151*1
ChargePoint Network,,,13659871,13659871,LAWRENCEBURG / STATION 2 (R),23054921,247,3145896711,2024-06-05T20:49:48Z,2024-06-05T21:12:08Z,,11.611100,46.375,membership,Payment by membership account and/or membership card,USCPIE13659871*1
ChargePoint Network,,,1964521,1964521,EBOFG / GUNTERSVILLE PD,8374201,3,3164488201,2024-06-13T20:01:29Z,2024-06-13T21:23:42Z,,9.904393,7.3184,membership,Payment by membership account and/or membership card,USCPIE1964521*1
ChargePoint Network,,,14359491,14359491,EBOFG / STATION 1 (L),23870291,247,3188441321,2024-06-24T22:05:13Z,2024-06-24T22:05:56Z,,0.000000,0.0,membership,Payment by membership account and/or membership card,USCPIE14359491*1
ChargePoint Network,,,12460751,12460751,PES / LEFT STATION,22360171,215,3198140131,2024-06-28T20:44:57Z,2024-07-01T15:51:05Z,,28.560699,7.7131,membership,Payment by membership account and/or membership card,USCPIE12460751*1
ChargePoint Network,,,1988141,1988141,7SPC / SCES DREAM MORE,2355571,3,3183802701,2024-06-22T14:19:07Z,2024-06-22T19:21:52Z,,35.398312,7.1411,credit_card_terminal,Payment via credit card or debit card terminal,USCPIE1988141*2
ChargePoint Network,,,7505851,7505851,JEFFERSON AVE. / OXFORD STA1(L),,,3183790801,2024-06-22T14:06:28Z,2024-06-22T14:08:30Z,,0.000000,0.0,membership,Payment by membership account and/or membership card,USCPIE7505851*0
ChargePoint Network,,,15742641,15742641,GEA-1 / STATION 2 (R),,,3179499001,2024-06-20T16:04:49Z,2024-06-20T16:06:52Z,,0.000000,,membership,Payment by membership account and/or membership card,USCPIE15742641*0
ChargePoint Network,,,8851921,8851921,7SPC / SEVIERVILLE DC1,15571271,207,3165403051,2024-06-14T02:50:42Z,2024-06-14T04:03:23Z,,37.723202,61.631,membership,Payment by membership account and/or membership card,USCPIE8851921*1
ChargePoint Network,,,13966031,13966031,BEA / STATION 4 (RR),23419961,247,3157006451,2024-06-10T20:51:20Z,2024-06-10T21:25:40Z,,39.166500,73.695,membership,Payment by membership account and/or membership card,USCPIE13966031*1
ChargePoint Network,,,15640171,15640171,NECDC / STATION 2 (R),25228711,247,3168453641,2024-06-15T14:27:18Z,2024-06-15T14:28:51Z,,0.000000,0.0,membership,Payment by membership account and/or membership card,USCPIE15640171*1
ChargePoint Network,,,7505851,7505851,JEFFERSON AVE. / OXFORD STA1(L),12955471,247,3151048011,2024-06-07T21:09:01Z,2024-06-07T21:11:26Z,,0.000000,0.0,credit_card_terminal,Payment via credit card or debit card terminal,USCPIE7505851*1
ChargePoint Network,,,13664501,13664501,BTES / STATION 4 (RR),23060561,247,3140901391,2024-06-03T20:59:59Z,2024-06-03T21:26:29Z,,37.512699,0.0,membership,Payment by membership account and/or membership card,USCPIE13664501*1
ChargePoint Network,,,1964521,1964521,EBOFG / GUNTERSVILLE PD,8374211,3,3175074551,2024-06-18T16:56:02Z,2024-06-18T21:30:18Z,,10.964762,3.697,membership,Payment by membership account and/or membership card,USCPIE1964521*2
ChargePoint Network,,,5619801,5619801,7SPC / WARREN RECC BG,9274261,3,3145642051,2024-06-05T19:02:37Z,2024-06-05T20:15:08Z,,7.427488,6.2451,credit_card_terminal,Payment via credit card or debit card terminal,USCPIE5619801*2
ChargePoint Network,,,15548181,15548181,DECATURDOWNTWN / STATION 2 (L),25119551,247,3143681001,2024-06-04T23:07:31Z,2024-06-04T23:42:32Z,,53.895000,96.695,membership,Payment by membership account and/or membership card,USCPIE15548181*1
ChargePoint Network,,,1921531,1921531,STARKVILLE UTIL / STARKVILLE REC,2268551,3,3150233751,2024-06-07T15:22:24Z,2024-06-07T15:23:37Z,,0.000000,0.0,membership,Payment by membership account and/or membership card,USCPIE1921531*1
ChargePoint Network,,,5619801,5619801,7SPC / WARREN RECC BG,9274261,3,3169926961,2024-06-16T05:14:15Z,2024-06-16T10:00:38Z,,28.887354,6.3098,membership,Payment by membership account and/or membership card,USCPIE5619801*2
ChargePoint Network,,,15623231,15623231,CLW / 5TH ST 1 (L),25208301,247,3152727251,2024-06-08T18:10:26Z,2024-06-08T18:10:42Z,,0.000000,0.0,membership,Payment by membership account and/or membership card,USCPIE15623231*1
ChargePoint Network,,,15815141,15815141,GEA-1 / STATION 1 (L),,,3198090051,2024-06-28T20:19:47Z,2024-06-28T20:21:48Z,,0.000000,,membership,Payment by membership account and/or membership card,USCPIE15815141*0
ChargePoint Network,,,13966051,13966051,BEA / STATION 3 (RM),23419981,247,3169507841,2024-06-16T00:47:17Z,2024-06-16T01:26:20Z,,40.937500,87.22,membership,Payment by membership account and/or membership card,USCPIE13966051*1
ChargePoint Network,,,13606121,13606121,I24 EXIT11 / STATION 2 (LM),22992591,247,3153006141,2024-06-08T20:45:23Z,2024-06-08T21:19:48Z,,39.786900,74.052,membership,Payment by membership account and/or membership card,USCPIE13606121*1
ChargePoint Network,,,13606091,13606091,I24 EXIT11 / STATION 3 (RM),22992551,247,3140651171,2024-06-03T19:08:55Z,2024-06-03T19:56:52Z,,32.435398,54.682,membership,Payment by membership account and/or membership card,USCPIE13606091*1
ChargePoint Network,,,13966031,13966031,BEA / STATION 4 (RR),23419961,247,3170774811,2024-06-16T20:29:23Z,2024-06-16T20:48:08Z,,28.829901,124.0,membership,Payment by membership account and/or membership card,USCPIE13966031*1
ChargePoint Network,,,12989161,12989161,BTES / CITY HALL,22285821,3,3171178761,2024-06-17T00:18:40Z,2024-06-17T03:32:07Z,,22.485123,7.0367,membership,Payment by membership account and/or membership card,USCPIE12989161*2
ChargePoint Network,,,1964521,1964521,EBOFG / GUNTERSVILLE PD,8374211,3,3169102001,2024-06-15T21:00:02Z,2024-06-15T22:35:36Z,,3.755256,3.8778,membership,Payment by membership account and/or membership card,USCPIE1964521*2
ChargePoint Network,,,14047321,14047321,JEFFERSON AVE. / OXFORD STA2(R),23514081,247,3169208561,2024-06-15T22:00:03Z,2024-06-15T23:11:10Z,,81.827003,97.001,membership,Payment by membership account and/or membership card,USCPIE14047321*1
ChargePoint Network,,,14097711,14097711,SCOTTSBORO EPB / SEPB DCFC (R),23570811,247,3139618481,2024-06-03T11:03:11Z,2024-06-03T11:25:59Z,,25.286800,72.519,membership,Payment by membership account and/or membership card,USCPIE14097711*1
ChargePoint Network,,,13664471,13664471,BTES / STATION 3 (RM),23060511,247,3136245581,2024-06-01T14:17:48Z,2024-06-01T15:05:16Z,,27.443399,74.426,membership,Payment by membership account and/or membership card,USCPIE13664471*1
ChargePoint Network,,,14359531,14359531,EBOFG / STATION 2 (R),23870331,247,3190554331,2024-06-25T19:44:45Z,2024-06-25T20:24:14Z,,43.336800,69.45,membership,Payment by membership account and/or membership card,USCPIE14359531*1
ChargePoint Network,,,5363211,5363211,HARTSELLE 1 / HARTSELLE 1,23427571,3,3148913911,2024-06-06T23:44:49Z,2024-06-06T23:46:01Z,,0.000000,0.0,credit_card_terminal,Payment via credit card or debit card terminal,USCPIE5363211*1
ChargePoint Network,,,8851921,8851921,7SPC / SEVIERVILLE DC1,15571271,207,3180778681,2024-06-21T01:22:53Z,2024-06-21T02:09:19Z,,43.401100,58.9,credit_card_terminal,Payment via credit card or debit card terminal,USCPIE8851921*1
ChargePoint Network,,,15548181,15548181,DECATURDOWNTWN / STATION 2 (L),25119551,247,3170275881,2024-06-16T14:57:29Z,2024-06-16T15:09:38Z,,6.258700,47.478,membership,Payment by membership account and/or membership card,USCPIE15548181*1
ChargePoint Network,,,1988141,1988141,7SPC / SCES DREAM MORE,2355561,3,3195984021,2024-06-27T22:15:20Z,2024-06-27T22:38:22Z,,2.592387,6.9188,membership,Payment by membership account and/or membership card,USCPIE1988141*1
ChargePoint Network,,,682921,682921,7SPC / TVPPA OFFICE,9117261,3,3149845021,2024-06-07T12:02:05Z,2024-06-07T20:09:15Z,,48.593960,6.0233,credit_card_terminal,Payment via credit card or debit card terminal,USCPIE682921*2
ChargePoint Network,,,13423691,13423691,AEC / STATION #1 (L),22787121,247,3198391741,2024-06-28T22:46:22Z,2024-06-28T23:19:59Z,,39.267899,72.889,other,Any other payment method not specified above. Additional description should be provided in Payment Method Description.,USCPIE13423691*1
ChargePoint Network,,,1932851,1932851,BRIGHTRIDGE EV / BR-JC LIBRARY,23319821,3,3161584281,2024-06-12T17:32:39Z,2024-06-12T18:06:24Z,,3.985412,7.2355,membership,Payment by membership account and/or membership card,USCPIE1932851*2
ChargePoint Network,,,1964521,1964521,EBOFG / GUNTERSVILLE PD,8374201,3,3195648611,2024-06-27T19:49:36Z,2024-06-27T20:58:44Z,,8.376925,7.3334,membership,Payment by membership account and/or membership card,USCPIE1964521*1
ChargePoint Network,,,14047321,14047321,JEFFERSON AVE. / OXFORD STA2(R),23514081,247,3177447111,2024-06-19T18:08:59Z,2024-06-19T20:06:34Z,,101.533096,87.271,credit_card_terminal,Payment via credit card or debit card terminal,USCPIE14047321*1
ChargePoint Network,,,15280471,15280471,SPRFLD ELECTRIC / STATION 1 (L),24807681,247,3190793371,2024-06-25T21:24:59Z,2024-06-25T21:46:21Z,,21.671900,62.882,membership,Payment by membership account and/or membership card,USCPIE15280471*1
ChargePoint Network,,,13966851,13966851,BEA / STATION 1 (LL),23420911,247,3164575491,2024-06-13T20:38:03Z,2024-06-13T21:15:07Z,,38.786499,73.319,membership,Payment by membership account and/or membership card,USCPIE13966851*1
ChargePoint Network,,,9677521,9677521,UT PARKING / S7 STATION 1,17169341,3,3180432441,2024-06-20T22:52:05Z,2024-06-21T01:11:03Z,,9.212175,6.6011,other,Any other payment method not specified above. Additional description should be provided in Payment Method Description.,USCPIE9677521*2
ChargePoint Network,,,13606061,13606061,I24 EXIT11 / STATION 4 (RR),22992511,247,3164759721,2024-06-13T21:57:46Z,2024-06-13T22:29:54Z,,40.681198,80.783,membership,Payment by membership account and/or membership card,USCPIE13606061*1
ChargePoint Network,,,12720861,12720861,WRECC / STATION 2,21977121,247,3184351111,2024-06-22T20:12:24Z,2024-06-22T20:15:40Z,,0.000000,0.0,membership,Payment by membership account and/or membership card,USCPIE12720861*1
ChargePoint Network,,,1988061,1988061,7SPC / SCES DOLLYWOOD,25499841,3,3147405771,2024-06-06T13:29:07Z,2024-06-06T21:23:53Z,,16.271063,7.0714,credit_card_terminal,Payment via credit card or debit card terminal,USCPIE1988061*2
ChargePoint Network,,,8851921,8851921,7SPC / SEVIERVILLE DC1,15571271,207,3159431501,2024-06-11T20:22:35Z,2024-06-11T20:39:02Z,,10.529500,39.9,membership,Payment by membership account and/or membership card,USCPIE8851921*1
ChargePoint Network,,,5466441,5466441,7SPC / NASA USSRC R,9079371,3,3197172961,2024-06-28T13:15:25Z,2024-06-28T15:59:18Z,,16.266575,6.0845,membership,Payment by membership account and/or membership card,USCPIE5466441*2
ChargePoint Network,,,15280441,15280441,SPRFLD ELECTRIC / STATION 2 (R),24807641,247,3153184341,2024-06-08T22:28:05Z,2024-06-09T01:05:48Z,,63.239300,54.389,membership,Payment by membership account and/or membership card,USCPIE15280441*1
ChargePoint Network,,,5346231,5346231,CULLMANELECTRIC / STATION2-R,8926271,247,3193856521,2024-06-27T01:12:19Z,2024-06-27T01:58:07Z,,41.800701,71.116,membership,Payment by membership account and/or membership card,USCPIE5346231*1
ChargePoint Network,,,12448521,12448521,7SPC / WARREN RECC LF,21576911,3,3154355191,2024-06-09T16:59:03Z,2024-06-09T17:01:02Z,,0.000000,0.0,membership,Payment by membership account and/or membership card,USCPIE12448521*1
ChargePoint Network,,,14359531,14359531,EBOFG / STATION 2 (R),23870331,247,3163530071,2024-06-13T13:31:26Z,2024-06-13T14:48:40Z,,2.315800,111.537,membership,Payment by membership account and/or membership card,USCPIE14359531*1
ChargePoint Network,,,15623211,15623211,CLW / 5TH ST 2 (R),25208281,247,3172733301,2024-06-17T18:10:45Z,2024-06-18T11:57:24Z,,54.470901,54.167,membership,Payment by membership account and/or membership card,USCPIE15623211*1
ChargePoint Network,,,5122191,5122191,CULLMANELECTRIC / STATION1-L,8482151,247,3139059211,2024-06-03T00:46:22Z,2024-06-03T00:57:23Z,,3.624200,0.0,membership,Payment by membership account and/or membership card,USCPIE5122191*1
ChargePoint Network,,,5466441,5466441,7SPC / NASA USSRC R,9079361,3,3154684241,2024-06-09T20:25:15Z,2024-06-09T20:33:39Z,,0.788932,6.0153,membership,Payment by membership account and/or membership card,USCPIE5466441*1
ChargePoint Network,,,5525971,5525971,7SPC / SPARTA TN,9154691,3,3149310611,2024-06-07T02:52:51Z,2024-06-07T03:53:06Z,,6.708484,6.8812,membership,Payment by membership account and/or membership card,USCPIE5525971*2
ChargePoint Network,,,14097711,14097711,SCOTTSBORO EPB / SEPB DCFC (R),23570811,247,3137087451,2024-06-01T22:25:33Z,2024-06-01T22:27:15Z,,0.000000,0.0,membership,Payment by membership account and/or membership card,USCPIE14097711*1
ChargePoint Network,,,13606061,13606061,I24 EXIT11 / STATION 4 (RR),22992511,247,3200225131,2024-06-29T22:54:36Z,2024-06-29T23:08:16Z,,16.881500,78.606,membership,Payment by membership account and/or membership card,USCPIE13606061*1
ChargePoint Network,,,15280471,15280471,SPRFLD ELECTRIC / STATION 1 (L),24807681,247,3170519311,2024-06-16T17:52:13Z,2024-06-16T18:15:45Z,,21.631901,57.932,credit_card_terminal,Payment via credit card or debit card terminal,USCPIE15280471*1
ChargePoint Network,,,8851921,8851921,7SPC / SEVIERVILLE DC1,15571271,207,3167915481,2024-06-15T03:37:36Z,2024-06-15T04:34:17Z,,36.098202,44.849,membership,Payment by membership account and/or membership card,USCPIE8851921*1
ChargePoint Network,,,13026471,13026471,WCMES / CITYHALL2-R,22328331,247,3185722971,2024-06-23T17:25:28Z,2024-06-23T17:40:05Z,,15.931900,68.288,membership,Payment by membership account and/or membership card,USCPIE13026471*1
ChargePoint Network,,,13606061,13606061,I24 EXIT11 / STATION 4 (RR),22992511,247,3170977321,2024-06-16T22:29:56Z,2024-06-16T22:39:53Z,,8.053600,0.0,membership,Payment by membership account and/or membership card,USCPIE13606061*1
ChargePoint Network,,,14359491,14359491,EBOFG / STATION 1 (L),23870291,247,3144939651,2024-06-05T14:23:16Z,2024-06-05T14:36:22Z,,0.000000,0.0,membership,Payment by membership account and/or membership card,USCPIE14359491*1
ChargePoint Network,,,1844191,1844191,CLW / MAIN ST,23050441,3,3166922421,2024-06-14T19:45:20Z,2024-06-14T19:46:17Z,,0.029256,7.0404,membership,Payment by membership account and/or membership card,USCPIE1844191*2
ChargePoint Network,,,14047321,14047321,JEFFERSON AVE. / OXFORD STA2(R),23514081,247,3183792611,2024-06-22T14:09:55Z,2024-06-22T14:52:05Z,,49.364601,73.655,membership,Payment by membership account and/or membership card,USCPIE14047321*1
ChargePoint Network,,,15640031,15640031,NECDC / STATION 1 (L),25228511,247,3137100051,2024-06-01T22:32:52Z,2024-06-01T22:50:13Z,,16.946699,62.495,membership,Payment by membership account and/or membership card,USCPIE15640031*1
ChargePoint Network,,,8851921,8851921,7SPC / SEVIERVILLE DC1,15571271,207,3170856861,2024-06-16T21:18:34Z,2024-06-16T21:52:45Z,,30.752001,56.209,membership,Payment by membership account and/or membership card,USCPIE8851921*1
ChargePoint Network,,,13659831,13659831,LAWRENCEBURG / STATION 1 (L),23054881,247,3187220021,2024-06-24T13:09:18Z,2024-06-24T14:03:36Z,,57.925098,122.122,membership,Payment by membership account and/or membership card,USCPIE13659831*1
ChargePoint Network,,,13664401,13664401,BTES / STATION 1 (LL),23060421,247,3138293751,2024-06-02T17:26:31Z,2024-06-02T18:19:00Z,,33.160702,61.445,credit_card_terminal,Payment via credit card or debit card terminal,USCPIE13664401*1
ChargePoint Network,,,1933211,1933211,BRIGHTRIDGE EV / BR-JONESBOROUGH,2283631,3,3159815321,2024-06-11T23:04:17Z,2024-06-11T23:06:17Z,,0.000000,0.0,credit_card_terminal,Payment via credit card or debit card terminal,USCPIE1933211*1
ChargePoint Network,,,1988061,1988061,7SPC / SCES DOLLYWOOD,25499841,3,3168440511,2024-06-15T14:16:41Z,2024-06-15T22:36:12Z,,54.104893,7.1686,membership,Payment by membership account and/or membership card,USCPIE1988061*2
ChargePoint Network,,,5619801,5619801,7SPC / WARREN RECC BG,9274251,3,3149624981,2024-06-07T06:53:25Z,2024-06-07T09:49:09Z,,18.386889,6.3655,membership,Payment by membership account and/or membership card,USCPIE5619801*1
ChargePoint Network,,,13966811,13966811,BEA / STATION 2 (LM),23420881,247,3175019891,2024-06-18T16:33:23Z,2024-06-18T17:12:42Z,,38.389599,121.482,membership,Payment by membership account and/or membership card,USCPIE13966811*1
ChargePoint Network,,,8851921,8851921,7SPC / SEVIERVILLE DC1,15571271,207,3190483521,2024-06-25T19:14:31Z,2024-06-25T19:14:43Z,,0.000000,0.0,membership,Payment by membership account and/or membership card,USCPIE8851921*1
ChargePoint Network,,,12720861,12720861,WRECC / STATION 2,21977121,247,3197626641,2024-06-28T16:43:08Z,2024-06-28T17:24:42Z,,48.858200,73.629,membership,Payment by membership account and/or membership card,USCPIE12720861*1
ChargePoint Network,,,13290491,13290491,7SPC / NASA USSRC L,22634941,3,3166432671,2024-06-14T16:06:19Z,2024-06-14T17:20:24Z,,3.952429,4.8424,membership,Payment by membership account and/or membership card,USCPIE13290491*2
ChargePoint Network,,,15694081,15694081,BRIGHTRIDGE EV / STATION 2 (R),25291921,247,3196926241,2024-06-28T09:18:24Z,2024-06-28T09:19:08Z,,0.000000,0.0,membership,Payment by membership account and/or membership card,USCPIE15694081*1
ChargePoint Network,,,15250771,15250771,SES-TN / STATION 1,24772691,247,3186181681,2024-06-23T22:02:05Z,2024-06-23T22:17:36Z,,17.668501,73.678,membership,Payment by membership account and/or membership card,USCPIE15250771*1
ChargePoint Network,,,13606091,13606091,I24 EXIT11 / STATION 3 (RM),22992551,247,3183676451,2024-06-22T11:53:20Z,2024-06-22T12:34:58Z,,19.420700,53.436,membership,Payment by membership account and/or membership card,USCPIE13606091*1
ChargePoint Network,,,15280471,15280471,SPRFLD ELECTRIC / STATION 1 (L),24807681,247,3150945061,2024-06-07T20:25:40Z,2024-06-07T21:03:41Z,,9.631100,43.375,credit_card_terminal,Payment via credit card or debit card terminal,USCPIE15280471*1
ChargePoint Network,,,12406491,12406491,FPIA / LEFT STATION,21527781,247,3179359701,2024-06-20T15:21:42Z,2024-06-20T16:20:38Z,,50.671398,74.663,membership,Payment by membership account and/or membership card,USCPIE12406491*1
ChargePoint Network,,,12754021,12754021,WCMES / CITYHALL1-L,22015241,247,3152964251,2024-06-08T20:22:35Z,2024-06-08T20:54:31Z,,25.926901,61.374,credit_card_terminal,Payment via credit card or debit card terminal,USCPIE12754021*1
ChargePoint Network,,,13606121,13606121,I24 EXIT11 / STATION 2 (LM),22992591,247,3158552511,2024-06-11T14:32:17Z,2024-06-11T14:55:51Z,,14.516500,54.04,membership,Payment by membership account and/or membership card,USCPIE13606121*1
ChargePoint Network,,,13664471,13664471,BTES / STATION 3 (RM),23060511,247,3186090131,2024-06-23T21:09:04Z,2024-06-23T22:16:41Z,,46.605499,75.056,membership,Payment by membership account and/or membership card,USCPIE13664471*1
ChargePoint Network,,,14097711,14097711,SCOTTSBORO EPB / SEPB DCFC (R),23570811,247,3156348771,2024-06-10T15:58:08Z,2024-06-10T15:59:50Z,,0.000000,0.0,credit_card_terminal,Payment via credit card or debit card terminal,USCPIE14097711*1
ChargePoint Network,,,1921351,1921351,STARKVILLE UTIL / STARKVILLE DWTN,23682571,3,3199467601,2024-06-29T15:00:10Z,2024-06-29T17:27:43Z,,17.964546,7.3788,membership,Payment by membership account and/or membership card,USCPIE1921351*1
ChargePoint Network,,,5414151,5414151,7SPC / UC - CARTHAGE,9014651,3,3173210961,2024-06-17T21:44:10Z,2024-06-18T12:41:29Z,,58.441189,7.18,membership,Payment by membership account and/or membership card,USCPIE5414151*2
ChargePoint Network,,,15694081,15694081,BRIGHTRIDGE EV / STATION 2 (R),25291921,247,3161661931,2024-06-12T18:10:02Z,2024-06-12T20:15:53Z,,66.914299,75.222,membership,Payment by membership account and/or membership card,USCPIE15694081*1
ChargePoint Network,,,1964521,1964521,EBOFG / GUNTERSVILLE PD,8374211,3,3152275741,2024-06-08T12:55:55Z,2024-06-08T14:18:34Z,,10.103936,7.3997,credit_card_terminal,Payment via credit card or debit card terminal,USCPIE1964521*2
ChargePoint Network,,,13664401,13664401,BTES / STATION 1 (LL),23060421,247,3182534871,2024-06-21T20:47:38Z,2024-06-21T21:34:44Z,,44.459702,61.2,membership,Payment by membership account and/or membership card,USCPIE13664401*1
ChargePoint Network,,,1988141,1988141,7SPC / SCES DREAM MORE,2355571,3,3136480661,2024-06-01T16:50:29Z,2024-06-01T18:52:21Z,,11.940363,7.0827,membership,Payment by membership account and/or membership card,USCPIE1988141*2
ChargePoint Network,,,14047321,14047321,JEFFERSON AVE. / OXFORD STA2(R),23514081,247,3154600301,2024-06-09T19:34:56Z,2024-06-09T19:48:23Z,,14.645700,73.032,membership,Payment by membership account and/or membership card,USCPIE14047321*1
ChargePoint Network,,,12406491,12406491,FPIA / LEFT STATION,21527781,100011,3167259591,2024-06-14T22:15:27Z,2024-06-14T22:48:59Z,,20.162399,53.543,membership,Payment by membership account and/or membership card,USCPIE12406491*1
ChargePoint Network,,,13966031,13966031,BEA / STATION 4 (RR),23419961,247,3142076051,2024-06-04T11:26:51Z,2024-06-04T11:45:35Z,,19.589899,74.466,membership,Payment by membership account and/or membership card,USCPIE13966031*1
ChargePoint Network,,,14097711,14097711,SCOTTSBORO EPB / SEPB DCFC (R),23570811,100011,3184532381,2024-06-22T22:02:19Z,2024-06-22T22:27:16Z,,13.703300,53.792,membership,Payment by membership account and/or membership card,USCPIE14097711*1
ChargePoint Network,,,14097711,14097711,SCOTTSBORO EPB / SEPB DCFC (R),23570811,247,3159251571,2024-06-11T19:07:08Z,2024-06-11T19:29:24Z,,21.584801,65.834,membership,Payment by membership account and/or membership card,USCPIE14097711*1
ChargePoint Network,,,12406491,12406491,FPIA / LEFT STATION,21527781,247,3149784531,2024-06-07T11:13:26Z,2024-06-07T11:41:27Z,,29.057199,59.136,membership,Payment by membership account and/or membership card,USCPIE12406491*1
ChargePoint Network,,,15623231,15623231,CLW / 5TH ST 1 (L),25208301,247,3150630181,2024-06-07T18:06:16Z,2024-06-07T18:21:15Z,,16.960400,69.809,membership,Payment by membership account and/or membership card,USCPIE15623231*1
ChargePoint Network,,,15694081,15694081,BRIGHTRIDGE EV / STATION 2 (R),25291921,247,3172705381,2024-06-17T17:57:04Z,2024-06-17T18:25:02Z,,19.695499,123.69,membership,Payment by membership account and/or membership card,USCPIE15694081*1
ChargePoint Network,,,1844191,1844191,CLW / MAIN ST,23050441,3,3171285541,2024-06-17T01:16:07Z,2024-06-17T01:16:39Z,,0.000000,0.0,credit_card_terminal,Payment via credit card or debit card terminal,USCPIE1844191*2
ChargePoint Network,,,13966031,13966031,BEA / STATION 4 (RR),23419961,247,3156735061,2024-06-10T18:51:56Z,2024-06-10T18:57:28Z,,8.841500,0.0,membership,Payment by membership account and/or membership card,USCPIE13966031*1
ChargePoint Network,,,5565291,5565291,7SPC / SCES LECONTE 1,9205201,3,3160061921,2024-06-12T00:56:39Z,2024-06-12T01:35:41Z,,1.865567,3.7337,membership,Payment by membership account and/or membership card,USCPIE5565291*2
ChargePoint Network,,,12720861,12720861,WRECC / STATION 2,21977121,247,3135686781,2024-06-01T03:14:20Z,2024-06-01T03:21:45Z,,0.000000,0.0,membership,Payment by membership account and/or membership card,USCPIE12720861*1
ChargePoint Network,,,12754021,12754021,WCMES / CITYHALL1-L,22015241,247,3199864621,2024-06-29T19:17:31Z,2024-06-29T19:50:22Z,,35.322701,76.241,credit_card_terminal,Payment via credit card or debit card terminal,USCPIE12754021*1
ChargePoint Network,,,13290491,13290491,7SPC / NASA USSRC L,22634931,3,3145693981,2024-06-05T19:24:30Z,2024-06-05T22:08:45Z,,15.897350,5.8631,membership,Payment by membership account and/or membership card,USCPIE13290491*1
ChargePoint Network,,,14083151,14083151,STEMC / STATION 2 (R) H,23554701,247,3158505031,2024-06-11T14:12:24Z,2024-06-11T14:25:41Z,,7.126800,36.662,membership,Payment by membership account and/or membership card,USCPIE14083151*1
ChargePoint Network,,,14097711,14097711,SCOTTSBORO EPB / SEPB DCFC (R),23570811,247,3150780381,2024-06-07T19:15:06Z,2024-06-07T19:47:23Z,,29.123800,73.655,membership,Payment by membership account and/or membership card,USCPIE14097711*1
ChargePoint Network,,,1988061,1988061,7SPC / SCES DOLLYWOOD,25499841,3,3157065431,2024-06-10T21:17:40Z,2024-06-11T00:25:11Z,,22.909615,7.4357,membership,Payment by membership account and/or membership card,USCPIE1988061*2
ChargePoint Network,,,5466441,5466441,7SPC / NASA USSRC R,9079371,3,3181675661,2024-06-21T14:25:48Z,2024-06-21T17:59:31Z,,22.100250,6.2746,credit_card_terminal,Payment via credit card or debit card terminal,USCPIE5466441*2
ChargePoint Network,,,14337501,14337501,HOLSTONELECTRIC / CHURCH HILL-2,23845091,100011,3173267411,2024-06-17T22:08:55Z,2024-06-17T23:02:51Z,,32.839600,51.986,credit_card_terminal,Payment via credit card or debit card terminal,USCPIE14337501*1
ChargePoint Network,,,15885151,15885151,TWICKENHAM SQ / HU - STATION 2,25520801,247,3195874641,2024-06-27T21:27:53Z,2024-06-27T21:34:31Z,,4.936100,52.54,credit_card_terminal,Payment via credit card or debit card terminal,USCPIE15885151*1
ChargePoint Network,,,12406491,12406491,FPIA / LEFT STATION,21527781,247,3180900151,2024-06-21T02:23:40Z,2024-06-21T02:42:25Z,,24.227900,85.374,membership,Payment by membership account and/or membership card,USCPIE12406491*1
ChargePoint Network,,,8851921,8851921,7SPC / SEVIERVILLE DC1,,,3195337321,2024-06-27T17:30:02Z,2024-06-27T17:30:10Z,,0.000000,,membership,Payment by membership account and/or membership card,USCPIE8851921*0
ChargePoint Network,,,13664471,13664471,BTES / STATION 3 (RM),23060511,247,3181789441,2024-06-21T15:16:39Z,2024-06-21T15:57:29Z,,42.282299,71.676,membership,Payment by membership account and/or membership card,USCPIE13664471*1
ChargePoint Network,,,12406491,12406491,FPIA / LEFT STATION,21527781,247,3176004761,2024-06-18T23:44:00Z,2024-06-19T00:11:18Z,,34.166302,80.36,membership,Payment by membership account and/or membership card,USCPIE12406491*1
ChargePoint Network,,,13664501,13664501,BTES / STATION 4 (RR),23060561,247,3152328321,2024-06-08T13:47:19Z,2024-06-08T13:48:33Z,,0.000000,0.0,credit_card_terminal,Payment via credit card or debit card terminal,USCPIE13664501*1
ChargePoint Network,,,12989161,12989161,BTES / CITY HALL,22285821,3,3193488181,2024-06-26T22:31:35Z,2024-06-27T01:13:23Z,,7.219656,3.7312,membership,Payment by membership account and/or membership card,USCPIE12989161*2
ChargePoint Network,,,15260241,15260241,STEMC / STATION 1 (L) A,24784071,247,3170861081,2024-06-16T21:21:04Z,2024-06-16T22:08:16Z,,31.248699,73.875,membership,Payment by membership account and/or membership card,USCPIE15260241*1
ChargePoint Network,,,13606121,13606121,I24 EXIT11 / STATION 2 (LM),22992591,247,3159412701,2024-06-11T20:14:23Z,2024-06-11T20:54:46Z,,47.265400,74.426,membership,Payment by membership account and/or membership card,USCPIE13606121*1
ChargePoint Network,,,15885791,15885791,TWICKENHAM SQ / HU - STATION 3,25521611,247,3190368641,2024-06-25T18:22:32Z,2024-06-25T18:42:47Z,,22.739799,75.222,membership,Payment by membership account and/or membership card,USCPIE15885791*1
ChargePoint Network,,,13966031,13966031,BEA / STATION 4 (RR),23419961,247,3167006841,2024-06-14T20:19:45Z,2024-06-14T20:37:35Z,,9.764800,46.956,membership,Payment by membership account and/or membership card,USCPIE13966031*1
ChargePoint Network,,,12406401,12406401,FPIA / RIGHT STATION,21527671,247,3148098931,2024-06-06T18:01:30Z,2024-06-06T18:32:49Z,,23.233900,54.599,membership,Payment by membership account and/or membership card,USCPIE12406401*1
ChargePoint Network,,,14097711,14097711,SCOTTSBORO EPB / SEPB DCFC (R),23570811,247,3136051881,2024-06-01T10:57:13Z,2024-06-01T11:27:57Z,,34.725498,86.723,credit_card_terminal,Payment via credit card or debit card terminal,USCPIE14097711*1
ChargePoint Network,,,12676071,12676071,NEMEPA / NEMEPA EMPLOYEE,21923351,3,3145887251,2024-06-05T20:45:27Z,2024-06-06T12:30:19Z,,52.999821,6.2485,membership,Payment by membership account and/or membership card,USCPIE12676071*1
ChargePoint Network,,,13606091,13606091,I24 EXIT11 / STATION 3 (RM),22992551,247,3184503211,2024-06-22T21:45:17Z,2024-06-22T22:00:30Z,,26.990700,118.11,phone_online,"Payment through mobile app, website, automated phone number or messaging system",USCPIE13606091*1
ChargePoint Network,,,15694171,15694171,BRIGHTRIDGE EV / STATION 1 (L),25292041,247,3138368081,2024-06-02T18:10:42Z,2024-06-02T18:14:22Z,,0.000000,0.0,membership,Payment by membership account and/or membership card,USCPIE15694171*1
ChargePoint Network,,,1988061,1988061,7SPC / SCES DOLLYWOOD,25499841,3,3172388801,2024-06-17T15:48:01Z,2024-06-17T19:40:31Z,,27.660133,7.2922,membership,Payment by membership account and/or membership card,USCPIE1988061*2
ChargePoint Network,,,9677521,9677521,UT PARKING / S7 STATION 1,17169341,3,3166775561,2024-06-14T18:39:39Z,2024-06-14T18:53:15Z,,1.557063,7.1797,credit_card_terminal,Payment via credit card or debit card terminal,USCPIE9677521*2
ChargePoint Network,,,5565191,5565191,7SPC / DOLLYWOOD EMPL,9205031,3,3168807181,2024-06-15T18:10:24Z,2024-06-16T03:05:59Z,,36.149105,6.9906,membership,Payment by membership account and/or membership card,USCPIE5565191*1
ChargePoint Network,,,5466441,5466441,7SPC / NASA USSRC R,9079361,3,3200279091,2024-06-29T23:23:11Z,2024-06-30T00:13:56Z,,5.255452,6.2648,membership,Payment by membership account and/or membership card,USCPIE5466441*1
ChargePoint Network,,,13606091,13606091,I24 EXIT11 / STATION 3 (RM),22992551,247,3175814601,2024-06-18T22:19:26Z,2024-06-18T22:39:11Z,,23.524599,73.304,credit_card_terminal,Payment via credit card or debit card terminal,USCPIE13606091*1
ChargePoint Network,,,15694081,15694081,BRIGHTRIDGE EV / STATION 2 (R),25291921,247,3149272981,2024-06-07T02:28:45Z,2024-06-07T03:30:46Z,,52.482800,74.25,membership,Payment by membership account and/or membership card,USCPIE15694081*1
ChargePoint Network,,,5346231,5346231,CULLMANELECTRIC / STATION2-R,8926271,247,3145797731,2024-06-05T20:07:04Z,2024-06-05T20:40:21Z,,20.487801,123.69,membership,Payment by membership account and/or membership card,USCPIE5346231*1
ChargePoint Network,,,14337501,14337501,HOLSTONELECTRIC / CHURCH HILL-2,23845091,247,3200290341,2024-06-29T23:30:10Z,2024-06-29T23:30:32Z,,0.000000,0.0,membership,Payment by membership account and/or membership card,USCPIE14337501*1
ChargePoint Network,,,15260251,15260251,STEMC / STATION 2 (R) A,24784081,247,3177976681,2024-06-19T22:54:30Z,2024-06-19T23:13:40Z,,21.664900,76.047,membership,Payment by membership account and/or membership card,USCPIE15260251*1
ChargePoint Network,,,13423691,13423691,AEC / STATION #1 (L),22787121,247,3191607091,2024-06-26T03:49:33Z,2024-06-26T04:03:07Z,,9.721400,61.722,membership,Payment by membership account and/or membership card,USCPIE13423691*1
ChargePoint Network,,,14359491,14359491,EBOFG / STATION 1 (L),23870291,247,3148928551,2024-06-06T23:51:48Z,2024-06-06T23:52:16Z,,0.000000,0.0,membership,Payment by membership account and/or membership card,USCPIE14359491*1
ChargePoint Network,,,15332321,15332321,TUA NW ATLANTIC / STATION 1 (L),24867861,247,3138687761,2024-06-02T21:21:24Z,2024-06-02T21:24:19Z,,0.000100,0.0,membership,Payment by membership account and/or membership card,USCPIE15332321*1
ChargePoint Network,,,5346231,5346231,CULLMANELECTRIC / STATION2-R,8926271,247,3145287331,2024-06-05T16:22:43Z,2024-06-05T17:20:20Z,,62.003899,72.299,other,Any other payment method not specified above. Additional description should be provided in Payment Method Description.,USCPIE5346231*1
ChargePoint Network,,,1933211,1933211,BRIGHTRIDGE EV / BR-JONESBOROUGH,2283631,3,3170096851,2024-06-16T10:50:56Z,2024-06-16T19:43:55Z,,50.950466,6.3128,credit_card_terminal,Payment via credit card or debit card terminal,USCPIE1933211*1
ChargePoint Network,,,12720881,12720881,WRECC / STATION 1,21977141,247,3188287471,2024-06-24T20:56:06Z,2024-06-24T21:48:04Z,,38.094601,71.639,membership,Payment by membership account and/or membership card,USCPIE12720881*1
ChargePoint Network,,,5354011,5354011,7SPC / GREENEVILLE TA,8936791,207,3156995601,2024-06-10T20:46:26Z,2024-06-10T21:10:26Z,,21.410500,54.773,membership,Payment by membership account and/or membership card,USCPIE5354011*1
ChargePoint Network,,,13606091,13606091,I24 EXIT11 / STATION 3 (RM),22992551,247,3199603661,2024-06-29T16:37:11Z,2024-06-29T16:38:58Z,,0.000000,0.0,membership,Payment by membership account and/or membership card,USCPIE13606091*1
ChargePoint Network,,,5466441,5466441,7SPC / NASA USSRC R,9079361,3,3199405021,2024-06-29T14:07:48Z,2024-06-29T16:53:32Z,,17.155188,6.3008,membership,Payment by membership account and/or membership card,USCPIE5466441*1
ChargePoint Network,,,14355251,14355251,HARTSELLE 1 / STATION 2 (R),23865691,247,3159001771,2024-06-11T17:10:31Z,2024-06-11T17:50:44Z,,27.483900,65.625,credit_card_terminal,Payment via credit card or debit card terminal,USCPIE14355251*1
ChargePoint Network,,,12406401,12406401,FPIA / RIGHT STATION,21527671,247,3159415011,2024-06-11T20:15:29Z,2024-06-11T20:39:13Z,,23.651899,61.625,membership,Payment by membership account and/or membership card,USCPIE12406401*1
ChargePoint Network,,,1921351,1921351,STARKVILLE UTIL / STARKVILLE DWTN,23682571,3,3182896831,2024-06-21T23:42:42Z,2024-06-22T01:18:51Z,,11.704747,7.3924,membership,Payment by membership account and/or membership card,USCPIE1921351*1
ChargePoint Network,,,1988141,1988141,7SPC / SCES DREAM MORE,2355561,3,3195554531,2024-06-26T19:39:10Z,2024-06-26T22:25:14Z,,14.095856,6.9379,membership,Payment by membership account and/or membership card,USCPIE1988141*1
ChargePoint Network,,,5354011,5354011,7SPC / GREENEVILLE TA,8936791,100011,3184646891,2024-06-22T23:08:14Z,2024-06-23T00:24:24Z,,38.865002,50.553,credit_card_terminal,Payment via credit card or debit card terminal,USCPIE5354011*1
ChargePoint Network,,,5565201,5565201,7SPC / SCES LECONTE 2,9205051,3,3188934851,2024-06-25T02:00:42Z,2024-06-25T02:01:13Z,,0.000000,,membership,Payment by membership account and/or membership card,USCPIE5565201*1
ChargePoint Network,,,5565191,5565191,7SPC / DOLLYWOOD EMPL,9205031,3,3199352241,2024-06-29T13:16:02Z,2024-06-29T21:50:15Z,,22.221844,7.1377,membership,Payment by membership account and/or membership card,USCPIE5565191*1
ChargePoint Network,,,15548151,15548151,DECATURDOWNTWN / STATION 1 (R),,,3157612481,2024-06-11T01:27:11Z,2024-06-11T01:28:45Z,,0.000000,,membership,Payment by membership account and/or membership card,USCPIE15548151*0
ChargePoint Network,,,15280441,15280441,SPRFLD ELECTRIC / STATION 2 (R),24807641,247,3189717701,2024-06-25T14:04:21Z,2024-06-25T15:24:38Z,,49.823101,54.096,membership,Payment by membership account and/or membership card,USCPIE15280441*1
ChargePoint Network,,,8851921,8851921,7SPC / SEVIERVILLE DC1,15571271,207,3151307801,2024-06-07T23:08:24Z,2024-06-08T00:01:53Z,,38.804001,59.152,membership,Payment by membership account and/or membership card,USCPIE8851921*1
ChargePoint Network,,,13606061,13606061,I24 EXIT11 / STATION 4 (RR),22992511,247,3190824361,2024-06-25T21:37:27Z,2024-06-25T21:59:52Z,,24.696800,76.435,membership,Payment by membership account and/or membership card,USCPIE13606061*1
ChargePoint Network,,,15332321,15332321,TUA NW ATLANTIC / STATION 1 (L),24867861,247,3180426401,2024-06-20T22:48:27Z,2024-06-20T23:11:57Z,,41.325500,116.279,membership,Payment by membership account and/or membership card,USCPIE15332321*1
ChargePoint Network,,,13803581,13803581,FPU / STATION 1 (L),23227201,247,3165996791,2024-06-14T12:46:30Z,2024-06-14T12:47:29Z,,0.000000,0.0,membership,Payment by membership account and/or membership card,USCPIE13803581*1
ChargePoint Network,,,15694171,15694171,BRIGHTRIDGE EV / STATION 1 (L),,,3168819541,2024-06-15T18:16:41Z,2024-06-15T18:17:59Z,,0.000000,,membership,Payment by membership account and/or membership card,USCPIE15694171*0
ChargePoint Network,,,5346231,5346231,CULLMANELECTRIC / STATION2-R,8926271,247,3197268551,2024-06-28T14:09:06Z,2024-06-28T14:16:50Z,,7.527300,75.45,credit_card_terminal,Payment via credit card or debit card terminal,USCPIE5346231*1
ChargePoint Network,,,13606061,13606061,I24 EXIT11 / STATION 4 (RR),22992511,247,3154871981,2024-06-09T22:13:15Z,2024-06-09T22:32:59Z,,15.953700,53.131,membership,Payment by membership account and/or membership card,USCPIE13606061*1
ChargePoint Network,,,1844191,1844191,CLW / MAIN ST,23050441,3,3164587151,2024-06-13T20:43:16Z,2024-06-14T02:14:40Z,,38.251511,7.1376,membership,Payment by membership account and/or membership card,USCPIE1844191*2
ChargePoint Network,,,15694081,15694081,BRIGHTRIDGE EV / STATION 2 (R),,,3167298471,2024-06-14T22:31:50Z,2024-06-14T22:34:04Z,,0.000000,,credit_card_terminal,Payment via credit card or debit card terminal,USCPIE15694081*0
ChargePoint Network,,,15548151,15548151,DECATURDOWNTWN / STATION 1 (R),,,3166815571,2024-06-14T18:56:08Z,2024-06-14T18:58:09Z,,0.000000,,membership,Payment by membership account and/or membership card,USCPIE15548151*0
ChargePoint Network,,,13966811,13966811,BEA / STATION 2 (LM),23420881,247,3199614121,2024-06-29T16:44:25Z,2024-06-29T16:46:02Z,,0.680500,19.256,credit_card_terminal,Payment via credit card or debit card terminal,USCPIE13966811*1
ChargePoint Network,,,15623211,15623211,CLW / 5TH ST 2 (R),25208281,247,3178478641,2024-06-20T03:10:36Z,2024-06-20T04:18:57Z,,79.784698,75.056,membership,Payment by membership account and/or membership card,USCPIE15623211*1
ChargePoint Network,,,13966051,13966051,BEA / STATION 3 (RM),23419981,247,3199595241,2024-06-29T16:31:45Z,2024-06-29T16:32:25Z,,0.000000,0.0,credit_card_terminal,Payment via credit card or debit card terminal,USCPIE13966051*1
ChargePoint Network,,,13659831,13659831,LAWRENCEBURG / STATION 1 (L),23054881,247,3140452601,2024-06-03T17:31:33Z,2024-06-03T18:03:07Z,,34.236401,81.536,membership,Payment by membership account and/or membership card,USCPIE13659831*1
ChargePoint Network,,,5346231,5346231,CULLMANELECTRIC / STATION2-R,8926271,247,3158809201,2024-06-11T15:56:40Z,2024-06-11T16:49:45Z,,32.181900,74.447,membership,Payment by membership account and/or membership card,USCPIE5346231*1
ChargePoint Network,,,8851921,8851921,7SPC / SEVIERVILLE DC1,15571271,207,3140205361,2024-06-03T15:50:15Z,2024-06-03T16:11:16Z,,17.515400,53.723,membership,Payment by membership account and/or membership card,USCPIE8851921*1
ChargePoint Network,,,13659871,13659871,LAWRENCEBURG / STATION 2 (R),23054921,247,3164058701,2024-06-13T16:51:42Z,2024-06-13T17:23:41Z,,29.760201,62.205,membership,Payment by membership account and/or membership card,USCPIE13659871*1
ChargePoint Network,,,15623211,15623211,CLW / 5TH ST 2 (R),25208281,247,3147184381,2024-06-06T11:26:49Z,2024-06-06T11:52:28Z,,21.129801,75.8,membership,Payment by membership account and/or membership card,USCPIE15623211*1
ChargePoint Network,,,13664471,13664471,BTES / STATION 3 (RM),23060511,247,3199920961,2024-06-29T19:51:30Z,2024-06-29T21:12:01Z,,47.171398,53.193,membership,Payment by membership account and/or membership card,USCPIE13664471*1
ChargePoint Network,,,5565191,5565191,7SPC / DOLLYWOOD EMPL,9205031,3,3192066591,2024-06-26T12:41:33Z,2024-06-26T17:08:48Z,,10.389388,6.8385,membership,Payment by membership account and/or membership card,USCPIE5565191*1
ChargePoint Network,,,5346231,5346231,CULLMANELECTRIC / STATION2-R,8926271,247,3166927071,2024-06-14T19:46:55Z,2024-06-14T20:02:45Z,,17.155300,71.116,credit_card_terminal,Payment via credit card or debit card terminal,USCPIE5346231*1
ChargePoint Network,,,13966811,13966811,BEA / STATION 2 (LM),23420881,247,3173351641,2024-06-17T22:46:23Z,2024-06-17T22:46:50Z,,0.000000,0.0,credit_card_terminal,Payment via credit card or debit card terminal,USCPIE13966811*1
ChargePoint Network,,,13664501,13664501,BTES / STATION 4 (RR),23060561,247,3144789181,2024-06-05T13:11:20Z,2024-06-05T13:28:01Z,,10.731200,67.497,membership,Payment by membership account and/or membership card,USCPIE13664501*1
ChargePoint Network,,,13290491,13290491,7SPC / NASA USSRC L,22634931,3,3166299991,2024-06-14T15:15:43Z,2024-06-14T16:38:36Z,,4.357713,5.7232,membership,Payment by membership account and/or membership card,USCPIE13290491*1
ChargePoint Network,,,1988061,1988061,7SPC / SCES DOLLYWOOD,25499841,3,3154112381,2024-06-09T13:41:37Z,2024-06-09T22:29:52Z,,43.783455,7.08,membership,Payment by membership account and/or membership card,USCPIE1988061*2
ChargePoint Network,,,15280441,15280441,SPRFLD ELECTRIC / STATION 2 (R),24807641,247,3168702411,2024-06-15T17:09:09Z,2024-06-15T18:27:17Z,,49.572601,54.167,membership,Payment by membership account and/or membership card,USCPIE15280441*1
ChargePoint Network,,,682921,682921,7SPC / TVPPA OFFICE,9117261,3,3152300301,2024-06-08T13:20:20Z,2024-06-08T13:22:34Z,,0.169978,6.1084,membership,Payment by membership account and/or membership card,USCPIE682921*2
ChargePoint Network,,,5346231,5346231,CULLMANELECTRIC / STATION2-R,8926271,247,3154883421,2024-06-09T22:19:29Z,2024-06-09T22:48:20Z,,20.286400,51.683,membership,Payment by membership account and/or membership card,USCPIE5346231*1
ChargePoint Network,,,15260241,15260241,STEMC / STATION 1 (L) A,24784071,247,3151796551,2024-06-08T03:05:48Z,2024-06-08T04:08:20Z,,70.306999,76.23,membership,Payment by membership account and/or membership card,USCPIE15260241*1
ChargePoint Network,,,5380331,5380331,CULLMAN PB / STATION 1,8970951,3,3190698441,2024-06-25T20:44:08Z,2024-06-25T21:47:19Z,,7.671057,7.3553,membership,Payment by membership account and/or membership card,USCPIE5380331*1
ChargePoint Network,,,15684301,15684301,MLEC / STATION 1 (L) W,25280151,247,3190529411,2024-06-25T19:34:10Z,2024-06-25T19:54:58Z,,19.371901,57.72,membership,Payment by membership account and/or membership card,USCPIE15684301*1
ChargePoint Network,,,12720881,12720881,WRECC / STATION 1,21977141,247,3148872351,2024-06-06T23:25:55Z,2024-06-06T23:38:47Z,,7.971000,43.736,membership,Payment by membership account and/or membership card,USCPIE12720881*1
ChargePoint Network,,,7505851,7505851,JEFFERSON AVE. / OXFORD STA1(L),12955471,247,3138302181,2024-06-02T17:32:14Z,2024-06-02T18:06:01Z,,28.312599,124.487,membership,Payment by membership account and/or membership card,USCPIE7505851*1
ChargePoint Network,,,15694081,15694081,BRIGHTRIDGE EV / STATION 2 (R),25291921,247,3152960201,2024-06-08T20:20:26Z,2024-06-08T21:17:02Z,,33.902100,87.861,membership,Payment by membership account and/or membership card,USCPIE15694081*1
ChargePoint Network,,,1844191,1844191,CLW / MAIN ST,23050431,3,3151091661,2024-06-07T21:28:20Z,2024-06-08T01:47:09Z,,30.472870,7.3391,credit_card_terminal,Payment via credit card or debit card terminal,USCPIE1844191*1
ChargePoint Network,,,13606061,13606061,I24 EXIT11 / STATION 4 (RR),22992511,247,3168954721,2024-06-15T19:35:20Z,2024-06-15T20:11:02Z,,49.127800,119.504,credit_card_terminal,Payment via credit card or debit card terminal,USCPIE13606061*1
ChargePoint Network,,,14097711,14097711,SCOTTSBORO EPB / SEPB DCFC (R),23570811,247,3138053171,2024-06-02T14:24:46Z,2024-06-02T14:54:52Z,,39.235199,82.739,credit_card_terminal,Payment via credit card or debit card terminal,USCPIE14097711*1
ChargePoint Network,,,15623211,15623211,CLW / 5TH ST 2 (R),25208281,247,3152412551,2024-06-08T14:55:48Z,2024-06-08T14:56:25Z,,0.000000,0.0,membership,Payment by membership account and/or membership card,USCPIE15623211*1
ChargePoint Network,,,12720881,12720881,WRECC / STATION 1,21977141,247,3182550431,2024-06-21T20:54:10Z,2024-06-21T21:52:10Z,,62.885899,77.027,membership,Payment by membership account and/or membership card,USCPIE12720881*1
ChargePoint Network,,,5346231,5346231,CULLMANELECTRIC / STATION2-R,8926271,247,3181692361,2024-06-21T14:33:58Z,2024-06-21T15:23:26Z,,42.645199,74.25,membership,Payment by membership account and/or membership card,USCPIE5346231*1
ChargePoint Network,,,12406491,12406491,FPIA / LEFT STATION,21527781,247,3183686451,2024-06-22T12:08:11Z,2024-06-22T13:03:10Z,,39.134800,76.435,membership,Payment by membership account and/or membership card,USCPIE12406491*1
ChargePoint Network,,,5466441,5466441,7SPC / NASA USSRC R,9079371,3,3184549151,2024-06-22T22:12:18Z,2024-06-22T22:35:30Z,,2.218118,6.0363,membership,Payment by membership account and/or membership card,USCPIE5466441*2
ChargePoint Network,,,15694171,15694171,BRIGHTRIDGE EV / STATION 1 (L),25292041,247,3175931801,2024-06-18T23:10:21Z,2024-06-19T01:27:54Z,,56.312000,55.115,membership,Payment by membership account and/or membership card,USCPIE15694171*1
ChargePoint Network,,,8851921,8851921,7SPC / SEVIERVILLE DC1,15571271,207,3139111561,2024-06-03T01:14:21Z,2024-06-03T01:46:06Z,,25.369600,60.344,membership,Payment by membership account and/or membership card,USCPIE8851921*1
ChargePoint Network,,,15694081,15694081,BRIGHTRIDGE EV / STATION 2 (R),25291921,247,3176831641,2024-06-19T11:47:54Z,2024-06-19T12:12:33Z,,15.958400,123.708,membership,Payment by membership account and/or membership card,USCPIE15694081*1
ChargePoint Network,,,5122191,5122191,CULLMANELECTRIC / STATION1-L,8482151,247,3139083271,2024-06-03T00:59:44Z,2024-06-03T01:03:19Z,,3.093800,0.0,credit_card_terminal,Payment via credit card or debit card terminal,USCPIE5122191*1
ChargePoint Network,,,13803581,13803581,FPU / STATION 1 (L),23227201,247,3158692161,2024-06-11T15:21:35Z,2024-06-11T15:50:20Z,,32.338200,77.617,membership,Payment by membership account and/or membership card,USCPIE13803581*1
ChargePoint Network,,,15885151,15885151,TWICKENHAM SQ / HU - STATION 2,25520801,247,3195950941,2024-06-27T22:00:40Z,2024-06-27T22:55:21Z,,44.609402,78.997,membership,Payment by membership account and/or membership card,USCPIE15885151*1
ChargePoint Network,,,1844191,1844191,CLW / MAIN ST,23050441,3,3149162271,2024-06-07T01:32:10Z,2024-06-07T03:25:18Z,,13.596662,7.2853,membership,Payment by membership account and/or membership card,USCPIE1844191*2
ChargePoint Network,,,13292801,13292801,LODGE CAST IRON / STORE & MUSEUM,22637551,3,3147099441,2024-06-06T09:59:33Z,2024-06-06T10:25:14Z,,2.895063,6.9728,credit_card_terminal,Payment via credit card or debit card terminal,USCPIE13292801*1
ChargePoint Network,,,15694171,15694171,BRIGHTRIDGE EV / STATION 1 (L),25292041,247,3165335961,2024-06-14T02:09:28Z,2024-06-14T02:32:05Z,,23.194799,71.477,membership,Payment by membership account and/or membership card,USCPIE15694171*1
ChargePoint Network,,,5424051,5424051,EEDEV / ELIZ DOWNTOWN,9027001,3,3170643381,2024-06-16T19:10:42Z,2024-06-16T19:32:36Z,,2.357586,7.1385,other,Any other payment method not specified above. Additional description should be provided in Payment Method Description.,USCPIE5424051*2
ChargePoint Network,,,5122191,5122191,CULLMANELECTRIC / STATION1-L,8482151,247,3161539041,2024-06-12T17:11:56Z,2024-06-12T17:54:27Z,,45.544899,75.438,membership,Payment by membership account and/or membership card,USCPIE5122191*1
ChargePoint Network,,,14097801,14097801,SCOTTSBORO EPB / SEPB DCFC (L),23570921,247,3175334391,2024-06-18T18:57:44Z,2024-06-18T19:26:29Z,,33.935398,75.078,membership,Payment by membership account and/or membership card,USCPIE14097801*1
ChargePoint Network,,,14359491,14359491,EBOFG / STATION 1 (L),23870291,247,3188445851,2024-06-24T22:07:17Z,2024-06-24T22:07:36Z,,0.000000,0.0,membership,Payment by membership account and/or membership card,USCPIE14359491*1
ChargePoint Network,,,15548151,15548151,DECATURDOWNTWN / STATION 1 (R),25119511,247,3166819771,2024-06-14T19:00:01Z,2024-06-14T19:00:14Z,,0.000000,0.0,membership,Payment by membership account and/or membership card,USCPIE15548151*1
ChargePoint Network,,,8851921,8851921,7SPC / SEVIERVILLE DC1,15571271,207,3192212101,2024-06-26T13:51:07Z,2024-06-26T14:48:39Z,,56.707001,62.0,membership,Payment by membership account and/or membership card,USCPIE8851921*1
ChargePoint Network,,,15885791,15885791,TWICKENHAM SQ / HU - STATION 3,25521611,100011,3183294891,2024-06-22T03:08:56Z,2024-06-22T03:53:56Z,,7.695000,49.352,membership,Payment by membership account and/or membership card,USCPIE15885791*1
ChargePoint Network,,,5346231,5346231,CULLMANELECTRIC / STATION2-R,8926271,247,3165043471,2024-06-14T00:01:27Z,2024-06-14T00:02:18Z,,0.000000,0.0,membership,Payment by membership account and/or membership card,USCPIE5346231*1
ChargePoint Network,,,5565241,5565241,7SPC / SCES LECONTE 4,9205111,3,3194944051,2024-06-27T15:05:09Z,2024-06-27T23:25:14Z,,39.691807,7.2229,credit_card_terminal,Payment via credit card or debit card terminal,USCPIE5565241*2
ChargePoint Network,,,5565201,5565201,7SPC / SCES LECONTE 2,9205061,3,3178137981,2024-06-20T00:16:28Z,2024-06-20T10:20:17Z,,60.973450,7.0553,membership,Payment by membership account and/or membership card,USCPIE5565201*2
ChargePoint Network,,,5354011,5354011,7SPC / GREENEVILLE TA,8936791,207,3137404961,2024-06-02T01:24:48Z,2024-06-02T01:34:01Z,,8.004500,55.285,membership,Payment by membership account and/or membership card,USCPIE5354011*1
ChargePoint Network,,,1988141,1988141,7SPC / SCES DREAM MORE,2355561,3,3167195141,2024-06-14T21:45:37Z,2024-06-15T03:09:01Z,,37.481113,7.1457,membership,Payment by membership account and/or membership card,USCPIE1988141*1
ChargePoint Network,,,15640031,15640031,NECDC / STATION 1 (L),25228511,247,3198439901,2024-06-28T23:09:36Z,2024-06-29T00:28:05Z,,48.504902,53.043,membership,Payment by membership account and/or membership card,USCPIE15640031*1
ChargePoint Network,,,1932851,1932851,BRIGHTRIDGE EV / BR-JC LIBRARY,23319811,3,3148030971,2024-06-06T17:30:19Z,2024-06-06T18:44:43Z,,9.130963,7.4819,membership,Payment by membership account and/or membership card,USCPIE1932851*1
ChargePoint Network,,,5619801,5619801,7SPC / WARREN RECC BG,25687251,3,3199743711,2024-06-29T18:05:11Z,2024-06-29T18:25:38Z,,2.125259,6.3788,credit_card_terminal,Payment via credit card or debit card terminal,USCPIE5619801*1
ChargePoint Network,,,15623211,15623211,CLW / 5TH ST 2 (R),25208281,247,3170134431,2024-06-16T12:05:41Z,2024-06-16T14:44:31Z,,60.509499,76.635,membership,Payment by membership account and/or membership card,USCPIE15623211*1
ChargePoint Network,,,15694081,15694081,BRIGHTRIDGE EV / STATION 2 (R),25291921,247,3170590521,2024-06-16T18:37:43Z,2024-06-16T19:24:45Z,,45.920502,71.252,membership,Payment by membership account and/or membership card,USCPIE15694081*1
ChargePoint Network,,,5565241,5565241,7SPC / SCES LECONTE 4,9205111,3,3175704161,2024-06-18T21:33:01Z,2024-06-18T23:01:48Z,,4.456841,3.7692,membership,Payment by membership account and/or membership card,USCPIE5565241*2
ChargePoint Network,,,14097711,14097711,SCOTTSBORO EPB / SEPB DCFC (R),23570811,247,3198843371,2024-06-29T02:47:02Z,2024-06-29T02:52:36Z,,5.349900,0.0,membership,Payment by membership account and/or membership card,USCPIE14097711*1
ChargePoint Network,,,15332321,15332321,TUA NW ATLANTIC / STATION 1 (L),24867861,247,3166620311,2024-06-14T17:25:09Z,2024-06-14T18:15:47Z,,49.819199,80.535,membership,Payment by membership account and/or membership card,USCPIE15332321*1
ChargePoint Network,,,15548151,15548151,DECATURDOWNTWN / STATION 1 (R),25119511,247,3176223571,2024-06-19T01:21:05Z,2024-06-19T02:50:00Z,,46.379501,73.458,credit_card_terminal,Payment via credit card or debit card terminal,USCPIE15548151*1
ChargePoint Network,,,15623231,15623231,CLW / 5TH ST 1 (L),25208301,247,3140319951,2024-06-03T16:32:09Z,2024-06-03T17:01:29Z,,44.186699,122.706,membership,Payment by membership account and/or membership card,USCPIE15623231*1
ChargePoint Network,,,13664401,13664401,BTES / STATION 1 (LL),,,3152528931,2024-06-08T16:10:00Z,2024-06-08T16:12:00Z,,0.000000,,membership,Payment by membership account and/or membership card,USCPIE13664401*0
ChargePoint Network,,,5619801,5619801,7SPC / WARREN RECC BG,9274251,3,3149027321,2024-06-07T00:34:25Z,2024-06-07T01:32:29Z,,5.897493,6.1661,other,Any other payment method not specified above. Additional description should be provided in Payment Method Description.,USCPIE5619801*1
ChargePoint Network,,,5625391,5625391,7SPC / VEC JAMESTOWN,9280971,3,3168586171,2024-06-15T15:59:07Z,2024-06-15T16:17:50Z,,2.183854,7.2594,credit_card_terminal,Payment via credit card or debit card terminal,USCPIE5625391*2
ChargePoint Network,,,13606061,13606061,I24 EXIT11 / STATION 4 (RR),22992511,247,3182779151,2024-06-21T22:43:46Z,2024-06-21T22:55:48Z,,13.097600,70.844,membership,Payment by membership account and/or membership card,USCPIE13606061*1
ChargePoint Network,,,13664471,13664471,BTES / STATION 3 (RM),23060511,247,3165136221,2024-06-14T00:41:30Z,2024-06-14T01:11:42Z,,32.188400,78.012,membership,Payment by membership account and/or membership card,USCPIE13664471*1
ChargePoint Network,,,14047321,14047321,JEFFERSON AVE. / OXFORD STA2(R),23514081,247,3145198301,2024-06-05T15:53:43Z,2024-06-05T16:27:23Z,,37.122200,68.257,membership,Payment by membership account and/or membership card,USCPIE14047321*1
ChargePoint Network,,,12448521,12448521,7SPC / WARREN RECC LF,21576911,3,3171793071,2024-06-17T10:41:52Z,2024-06-17T12:40:53Z,,11.708712,5.9886,membership,Payment by membership account and/or membership card,USCPIE12448521*1
ChargePoint Network,,,1964521,1964521,EBOFG / GUNTERSVILLE PD,8374201,3,3176810201,2024-06-19T11:23:33Z,2024-06-19T15:01:27Z,,26.698835,7.4573,membership,Payment by membership account and/or membership card,USCPIE1964521*1
ChargePoint Network,,,15640171,15640171,NECDC / STATION 2 (R),25228711,247,3148541981,2024-06-06T21:08:03Z,2024-06-06T21:38:42Z,,35.030899,71.279,membership,Payment by membership account and/or membership card,USCPIE15640171*1
ChargePoint Network,,,14047321,14047321,JEFFERSON AVE. / OXFORD STA2(R),23514081,247,3199854771,2024-06-29T19:11:57Z,2024-06-29T20:11:23Z,,44.606701,75.239,credit_card_terminal,Payment via credit card or debit card terminal,USCPIE14047321*1
ChargePoint Network,,,15694171,15694171,BRIGHTRIDGE EV / STATION 1 (L),25292041,247,3165330271,2024-06-14T02:05:53Z,2024-06-14T02:06:18Z,,0.000000,0.0,membership,Payment by membership account and/or membership card,USCPIE15694171*1
ChargePoint Network,,,15332351,15332351,TUA NW ATLANTIC / STATION 2 (R),24867891,247,3150607461,2024-06-07T17:54:16Z,2024-06-07T17:56:47Z,,0.000000,0.0,membership,Payment by membership account and/or membership card,USCPIE15332351*1
ChargePoint Network,,,13659871,13659871,LAWRENCEBURG / STATION 2 (R),23054921,247,3166783701,2024-06-14T18:43:29Z,2024-06-14T19:07:13Z,,43.146301,116.279,credit_card_terminal,Payment via credit card or debit card terminal,USCPIE13659871*1
ChargePoint Network,,,5619801,5619801,7SPC / WARREN RECC BG,9274261,3,3177070381,2024-06-19T14:38:26Z,2024-06-19T15:32:50Z,,5.461178,6.3349,credit_card_terminal,Payment via credit card or debit card terminal,USCPIE5619801*2
ChargePoint Network,,,12720861,12720861,WRECC / STATION 2,21977121,100011,3154684471,2024-06-09T20:25:30Z,2024-06-09T21:25:29Z,,38.250599,52.779,membership,Payment by membership account and/or membership card,USCPIE12720861*1
ChargePoint Network,,,12720881,12720881,WRECC / STATION 1,,,3167384581,2024-06-14T23:12:18Z,2024-06-14T23:14:19Z,,0.000000,,membership,Payment by membership account and/or membership card,USCPIE12720881*0
ChargePoint Network,,,5354011,5354011,7SPC / GREENEVILLE TA,8936791,207,3185549891,2024-06-23T15:26:31Z,2024-06-23T16:35:32Z,,55.718300,58.824,membership,Payment by membership account and/or membership card,USCPIE5354011*1
ChargePoint Network,,,1933211,1933211,BRIGHTRIDGE EV / BR-JONESBOROUGH,2283631,3,3150849871,2024-06-07T19:45:11Z,2024-06-08T01:54:33Z,,38.244984,6.3171,credit_card_terminal,Payment via credit card or debit card terminal,USCPIE1933211*1
ChargePoint Network,,,8851921,8851921,7SPC / SEVIERVILLE DC1,15571271,100011,3191436851,2024-06-26T02:09:45Z,2024-06-26T03:04:11Z,,3.882100,19.94,membership,Payment by membership account and/or membership card,USCPIE8851921*1
ChargePoint Network,,,5466441,5466441,7SPC / NASA USSRC R,9079361,3,3182458521,2024-06-21T20:12:14Z,2024-06-22T01:56:06Z,,34.620296,6.0981,membership,Payment by membership account and/or membership card,USCPIE5466441*1
ChargePoint Network,,,15260241,15260241,STEMC / STATION 1 (L) A,24784071,247,3155541741,2024-06-10T05:02:04Z,2024-06-10T06:28:50Z,,45.024200,53.193,membership,Payment by membership account and/or membership card,USCPIE15260241*1
ChargePoint Network,,,1844191,1844191,CLW / MAIN ST,23050441,3,3182362691,2024-06-21T19:30:06Z,2024-06-21T21:02:11Z,,10.868613,7.1614,membership,Payment by membership account and/or membership card,USCPIE1844191*2
ChargePoint Network,,,13803581,13803581,FPU / STATION 1 (L),23227201,247,3190247301,2024-06-25T17:22:48Z,2024-06-25T17:23:20Z,,0.000000,0.0,membership,Payment by membership account and/or membership card,USCPIE13803581*1
ChargePoint Network,,,1844191,1844191,CLW / MAIN ST,23050431,3,3193330671,2024-06-26T21:23:37Z,2024-06-27T01:11:47Z,,24.649323,7.2321,credit_card_terminal,Payment via credit card or debit card terminal,USCPIE1844191*1
ChargePoint Network,,,1932851,1932851,BRIGHTRIDGE EV / BR-JC LIBRARY,23319821,3,3182446871,2024-06-21T20:06:13Z,2024-06-21T21:50:23Z,,12.189348,7.1926,credit_card_terminal,Payment via credit card or debit card terminal,USCPIE1932851*2
ChargePoint Network,,,1988141,1988141,7SPC / SCES DREAM MORE,2355571,3,3186420201,2024-06-24T00:13:18Z,2024-06-24T02:51:22Z,,17.940142,6.918,membership,Payment by membership account and/or membership card,USCPIE1988141*2
ChargePoint Network,,,12406401,12406401,FPIA / RIGHT STATION,21527671,247,3144837611,2024-06-05T13:36:32Z,2024-06-05T14:09:30Z,,29.853399,71.676,membership,Payment by membership account and/or membership card,USCPIE12406401*1
ChargePoint Network,,,682921,682921,7SPC / TVPPA OFFICE,9117261,3,3136352751,2024-06-01T15:34:00Z,2024-06-01T20:15:50Z,,28.140257,6.0458,credit_card_terminal,Payment via credit card or debit card terminal,USCPIE682921*2
ChargePoint Network,,,15684341,15684341,MLEC / STATION 2 (R) W,25280201,247,3164546821,2024-06-13T20:25:50Z,2024-06-13T20:50:08Z,,22.966000,59.055,credit_card_terminal,Payment via credit card or debit card terminal,USCPIE15684341*1
ChargePoint Network,,,13966031,13966031,BEA / STATION 4 (RR),23419961,247,3138023421,2024-06-02T13:53:36Z,2024-06-02T14:10:23Z,,18.649900,70.722,roaming,Payment via roaming partners,USCPIE13966031*1
ChargePoint Network,,,5466441,5466441,7SPC / NASA USSRC R,9079371,3,3195984431,2024-06-27T22:15:21Z,2024-06-28T11:18:24Z,,59.967129,6.2384,membership,Payment by membership account and/or membership card,USCPIE5466441*2
ChargePoint Network,,,13290491,13290491,7SPC / NASA USSRC L,22634931,3,3147535061,2024-06-06T14:29:01Z,2024-06-06T16:23:50Z,,11.086672,5.8693,membership,Payment by membership account and/or membership card,USCPIE13290491*1
ChargePoint Network,,,15332351,15332351,TUA NW ATLANTIC / STATION 2 (R),,,3178147371,2024-06-20T00:19:25Z,2024-06-20T00:21:24Z,,0.000000,,credit_card_terminal,Payment via credit card or debit card terminal,USCPIE15332351*0
ChargePoint Network,,,5619801,5619801,7SPC / WARREN RECC BG,9274261,3,3193294911,2024-06-26T21:07:59Z,2024-06-26T22:33:35Z,,8.873287,6.2811,membership,Payment by membership account and/or membership card,USCPIE5619801*2
ChargePoint Network,,,15250701,15250701,SES-TN / STATION 2,,,3180535571,2024-06-20T23:35:18Z,2024-06-20T23:37:19Z,,0.000000,,membership,Payment by membership account and/or membership card,USCPIE15250701*0
ChargePoint Network,,,13651611,13651611,MLEC / STATION 1 (L) H,23045791,247,3168919841,2024-06-15T19:15:05Z,2024-06-15T20:01:23Z,,53.762600,75.253,membership,Payment by membership account and/or membership card,USCPIE13651611*1
ChargePoint Network,,,14097801,14097801,SCOTTSBORO EPB / SEPB DCFC (L),23570921,247,3138615901,2024-06-02T20:39:42Z,2024-06-02T21:12:31Z,,38.763100,110.655,membership,Payment by membership account and/or membership card,USCPIE14097801*1
ChargePoint Network,,,13606061,13606061,I24 EXIT11 / STATION 4 (RR),22992511,247,3175246211,2024-06-18T18:16:08Z,2024-06-18T18:23:30Z,,7.514200,0.0,membership,Payment by membership account and/or membership card,USCPIE13606061*1
ChargePoint Network,,,12720861,12720861,WRECC / STATION 2,21977121,247,3151033221,2024-06-07T21:02:43Z,2024-06-07T21:04:30Z,,0.000000,0.0,membership,Payment by membership account and/or membership card,USCPIE12720861*1
ChargePoint Network,,,5619801,5619801,7SPC / WARREN RECC BG,9274251,3,3138892491,2024-06-02T23:12:37Z,2024-06-03T02:58:25Z,,21.432762,6.4037,membership,Payment by membership account and/or membership card,USCPIE5619801*1
ChargePoint Network,,,8851921,8851921,7SPC / SEVIERVILLE DC1,15571271,207,3155947021,2024-06-10T13:21:40Z,2024-06-10T14:07:51Z,,42.970299,58.291,membership,Payment by membership account and/or membership card,USCPIE8851921*1
ChargePoint Network,,,5565291,5565291,7SPC / SCES LECONTE 1,9205201,3,3146276621,2024-06-05T23:33:40Z,2024-06-06T00:11:10Z,,3.906313,6.3345,credit_card_terminal,Payment via credit card or debit card terminal,USCPIE5565291*2
ChargePoint Network,,,1844191,1844191,CLW / MAIN ST,23050441,3,3193485301,2024-06-26T22:30:17Z,2024-06-26T22:39:47Z,,1.014368,6.9437,membership,Payment by membership account and/or membership card,USCPIE1844191*2
ChargePoint Network,,,12720861,12720861,WRECC / STATION 2,21977121,247,3135800791,2024-06-01T04:24:23Z,2024-06-01T04:25:46Z,,0.000000,0.0,membership,Payment by membership account and/or membership card,USCPIE12720861*1
ChargePoint Network,,,15885151,15885151,TWICKENHAM SQ / HU - STATION 2,25520801,100011,3198638481,2024-06-29T00:53:58Z,2024-06-29T01:15:45Z,,5.240400,15.225,membership,Payment by membership account and/or membership card,USCPIE15885151*1
ChargePoint Network,,,5380331,5380331,CULLMAN PB / STATION 1,8970951,3,3168395901,2024-06-15T13:41:17Z,2024-06-15T14:53:06Z,,8.682999,7.3899,membership,Payment by membership account and/or membership card,USCPIE5380331*1
ChargePoint Network,,,1988061,1988061,7SPC / SCES DOLLYWOOD,25499831,3,3150031131,2024-06-07T13:52:58Z,2024-06-07T23:38:21Z,,30.651518,7.3076,credit_card_terminal,Payment via credit card or debit card terminal,USCPIE1988061*1
ChargePoint Network,,,5380331,5380331,CULLMAN PB / STATION 1,8970961,3,3148850081,2024-06-06T23:16:02Z,2024-06-06T23:48:41Z,,3.941047,7.4333,membership,Payment by membership account and/or membership card,USCPIE5380331*2
ChargePoint Network,,,14047321,14047321,JEFFERSON AVE. / OXFORD STA2(R),23514081,247,3135791031,2024-06-01T04:15:49Z,2024-06-01T05:55:35Z,,110.942902,87.318,membership,Payment by membership account and/or membership card,USCPIE14047321*1
ChargePoint Network,,,5466441,5466441,7SPC / NASA USSRC R,9079361,3,3168658081,2024-06-15T16:41:30Z,2024-06-15T17:08:00Z,,2.614333,6.2105,credit_card_terminal,Payment via credit card or debit card terminal,USCPIE5466441*1
ChargePoint Network,,,5565241,5565241,7SPC / SCES LECONTE 4,9205111,3,3168669801,2024-06-15T16:49:02Z,2024-06-15T18:07:26Z,,4.496355,3.775,membership,Payment by membership account and/or membership card,USCPIE5565241*2
ChargePoint Network,,,15694171,15694171,BRIGHTRIDGE EV / STATION 1 (L),25292041,100011,3156695341,2024-06-10T18:31:59Z,2024-06-10T19:23:55Z,,22.272301,53.097,other,Any other payment method not specified above. Additional description should be provided in Payment Method Description.,USCPIE15694171*1
ChargePoint Network,,,13606141,13606141,I24 EXIT11 / STATION 1 (LL),22992611,247,3169543221,2024-06-16T01:06:15Z,2024-06-16T01:38:18Z,,45.152302,95.48,membership,Payment by membership account and/or membership card,USCPIE13606141*1
ChargePoint Network,,,15280441,15280441,SPRFLD ELECTRIC / STATION 2 (R),24807641,247,3163894361,2024-06-13T15:51:43Z,2024-06-13T17:29:16Z,,55.087898,54.759,membership,Payment by membership account and/or membership card,USCPIE15280441*1
ChargePoint Network,,,12754021,12754021,WCMES / CITYHALL1-L,22015241,247,3160752571,2024-06-12T11:35:18Z,2024-06-12T12:02:42Z,,28.910299,68.25,membership,Payment by membership account and/or membership card,USCPIE12754021*1
ChargePoint Network,,,1988061,1988061,7SPC / SCES DOLLYWOOD,25499841,3,3142309991,2024-06-04T13:36:52Z,2024-06-04T20:25:26Z,,47.314186,7.0752,membership,Payment by membership account and/or membership card,USCPIE1988061*2
ChargePoint Network,,,15694081,15694081,BRIGHTRIDGE EV / STATION 2 (R),25291921,247,3138465631,2024-06-02T19:12:31Z,2024-06-02T19:13:38Z,,0.000000,0.0,membership,Payment by membership account and/or membership card,USCPIE15694081*1
ChargePoint Network,,,13606141,13606141,I24 EXIT11 / STATION 1 (LL),22992611,247,3170687311,2024-06-16T19:37:23Z,2024-06-16T19:39:41Z,,0.000000,0.0,membership,Payment by membership account and/or membership card,USCPIE13606141*1
ChargePoint Network,,,13643801,13643801,PEPA / STATION 2,23036481,247,3190870901,2024-06-25T21:57:06Z,2024-06-25T22:23:38Z,,29.400499,73.26,membership,Payment by membership account and/or membership card,USCPIE13643801*1
ChargePoint Network,,,14355251,14355251,HARTSELLE 1 / STATION 2 (R),23865691,247,3152277201,2024-06-08T12:56:50Z,2024-06-08T13:00:58Z,,0.000000,0.0,membership,Payment by membership account and/or membership card,USCPIE14355251*1
ChargePoint Network,,,13026471,13026471,WCMES / CITYHALL2-R,22328331,247,3136970641,2024-06-01T21:21:49Z,2024-06-01T22:10:36Z,,62.354000,90.275,membership,Payment by membership account and/or membership card,USCPIE13026471*1
ChargePoint Network,,,8851921,8851921,7SPC / SEVIERVILLE DC1,15571271,207,3192087191,2024-06-26T12:50:37Z,2024-06-26T13:16:13Z,,22.667000,62.205,membership,Payment by membership account and/or membership card,USCPIE8851921*1
ChargePoint Network,,,13659871,13659871,LAWRENCEBURG / STATION 2 (R),23054921,247,3143205221,2024-06-04T19:45:54Z,2024-06-04T19:59:30Z,,14.986200,0.0,membership,Payment by membership account and/or membership card,USCPIE13659871*1
ChargePoint Network,,,8851921,8851921,7SPC / SEVIERVILLE DC1,15571271,207,3141245391,2024-06-03T23:34:37Z,2024-06-04T00:23:11Z,,46.127102,61.758,membership,Payment by membership account and/or membership card,USCPIE8851921*1
ChargePoint Network,,,14097801,14097801,SCOTTSBORO EPB / SEPB DCFC (L),23570921,247,3149246261,2024-06-07T02:12:21Z,2024-06-07T02:33:55Z,,23.678200,72.56,credit_card_terminal,Payment via credit card or debit card terminal,USCPIE14097801*1
ChargePoint Network,,,15280441,15280441,SPRFLD ELECTRIC / STATION 2 (R),24807641,247,3169945581,2024-06-16T05:37:36Z,2024-06-16T07:11:22Z,,62.784100,54.464,membership,Payment by membership account and/or membership card,USCPIE15280441*1
ChargePoint Network,,,682921,682921,7SPC / TVPPA OFFICE,9117261,3,3198028311,2024-06-28T19:54:47Z,2024-06-29T10:36:52Z,,86.400757,6.1221,credit_card_terminal,Payment via credit card or debit card terminal,USCPIE682921*2
ChargePoint Network,,,15694081,15694081,BRIGHTRIDGE EV / STATION 2 (R),25291921,247,3136308731,2024-06-01T15:04:37Z,2024-06-01T15:26:57Z,,23.454300,74.739,membership,Payment by membership account and/or membership card,USCPIE15694081*1
ChargePoint Network,,,8851921,8851921,7SPC / SEVIERVILLE DC1,15571271,207,3184845271,2024-06-23T01:09:41Z,2024-06-23T02:06:51Z,,52.482399,56.826,membership,Payment by membership account and/or membership card,USCPIE8851921*1
ChargePoint Network,,,1988061,1988061,7SPC / SCES DOLLYWOOD,25499831,3,3154647731,2024-06-09T20:03:53Z,2024-06-09T21:30:09Z,,10.208031,7.2106,membership,Payment by membership account and/or membership card,USCPIE1988061*1
ChargePoint Network,,,15260251,15260251,STEMC / STATION 2 (R) A,24784081,247,3182276791,2024-06-21T18:49:59Z,2024-06-21T19:01:53Z,,20.266300,112.164,membership,Payment by membership account and/or membership card,USCPIE15260251*1
ChargePoint Network,,,5346231,5346231,CULLMANELECTRIC / STATION2-R,8926271,247,3194550641,2024-06-27T12:06:16Z,2024-06-27T12:47:40Z,,45.361698,77.617,membership,Payment by membership account and/or membership card,USCPIE5346231*1
ChargePoint Network,,,1932851,1932851,BRIGHTRIDGE EV / BR-JC LIBRARY,23319811,3,3187682621,2024-06-24T16:18:55Z,2024-06-24T16:20:54Z,,0.000000,0.0,membership,Payment by membership account and/or membership card,USCPIE1932851*1
ChargePoint Network,,,5565241,5565241,7SPC / SCES LECONTE 4,9205111,3,3177015861,2024-06-19T14:03:15Z,2024-06-19T14:37:12Z,,3.858932,7.0391,credit_card_terminal,Payment via credit card or debit card terminal,USCPIE5565241*2
ChargePoint Network,,,7505851,7505851,JEFFERSON AVE. / OXFORD STA1(L),12955471,247,3167348241,2024-06-14T22:57:43Z,2024-06-14T23:36:57Z,,17.869400,85.185,credit_card_terminal,Payment via credit card or debit card terminal,USCPIE7505851*1
ChargePoint Network,,,12989161,12989161,BTES / CITY HALL,22285821,3,3186088831,2024-06-23T21:09:17Z,2024-06-23T22:14:29Z,,7.605553,7.0591,membership,Payment by membership account and/or membership card,USCPIE12989161*2
ChargePoint Network,,,8851921,8851921,7SPC / SEVIERVILLE DC1,15571271,207,3190484251,2024-06-25T19:14:57Z,2024-06-25T20:22:41Z,,26.547600,31.406,membership,Payment by membership account and/or membership card,USCPIE8851921*1
ChargePoint Network,,,15548151,15548151,DECATURDOWNTWN / STATION 1 (R),25119511,247,3140986541,2024-06-03T21:39:24Z,2024-06-03T22:23:28Z,,53.815601,76.44,membership,Payment by membership account and/or membership card,USCPIE15548151*1
ChargePoint Network,,,12720881,12720881,WRECC / STATION 1,21977141,247,3157198251,2024-06-10T22:16:37Z,2024-06-10T22:47:42Z,,19.836300,53.849,membership,Payment by membership account and/or membership card,USCPIE12720881*1
ChargePoint Network,,,13659831,13659831,LAWRENCEBURG / STATION 1 (L),23054881,247,3190522331,2024-06-25T19:31:05Z,2024-06-25T19:38:46Z,,7.801300,0.0,membership,Payment by membership account and/or membership card,USCPIE13659831*1
ChargePoint Network,,,13606121,13606121,I24 EXIT11 / STATION 2 (LM),22992591,247,3142780421,2024-06-04T16:30:57Z,2024-06-04T16:32:13Z,,0.000000,0.0,credit_card_terminal,Payment via credit card or debit card terminal,USCPIE13606121*1
ChargePoint Network,,,14337501,14337501,HOLSTONELECTRIC / CHURCH HILL-2,23845091,247,3192284171,2024-06-26T14:22:55Z,2024-06-26T14:26:28Z,,0.000000,0.0,membership,Payment by membership account and/or membership card,USCPIE14337501*1
ChargePoint Network,,,14083151,14083151,STEMC / STATION 2 (R) H,23554701,247,3198785691,2024-06-29T02:08:48Z,2024-06-29T03:17:42Z,,72.963799,77.811,membership,Payment by membership account and/or membership card,USCPIE14083151*1
ChargePoint Network,,,5122191,5122191,CULLMANELECTRIC / STATION1-L,8482151,247,3169476991,2024-06-16T00:28:55Z,2024-06-16T01:19:59Z,,26.575100,54.908,membership,Payment by membership account and/or membership card,USCPIE5122191*1
ChargePoint Network,,,14359531,14359531,EBOFG / STATION 2 (R),23870331,247,3182817281,2024-06-21T23:02:20Z,2024-06-21T23:15:20Z,,15.020400,76.4,membership,Payment by membership account and/or membership card,USCPIE14359531*1
ChargePoint Network,,,15332351,15332351,TUA NW ATLANTIC / STATION 2 (R),24867891,247,3140861001,2024-06-03T20:41:19Z,2024-06-03T21:44:09Z,,56.237400,77.415,membership,Payment by membership account and/or membership card,USCPIE15332351*1
ChargePoint Network,,,15280441,15280441,SPRFLD ELECTRIC / STATION 2 (R),24807641,247,3142217501,2024-06-04T12:52:58Z,2024-06-04T13:43:24Z,,42.154099,57.68,other,Any other payment method not specified above. Additional description should be provided in Payment Method Description.,USCPIE15280441*1
ChargePoint Network,,,15548181,15548181,DECATURDOWNTWN / STATION 2 (L),25119551,247,3170759281,2024-06-16T20:19:38Z,2024-06-16T20:52:28Z,,36.514400,77.027,credit_card_terminal,Payment via credit card or debit card terminal,USCPIE15548181*1
ChargePoint Network,,,5122191,5122191,CULLMANELECTRIC / STATION1-L,8482151,247,3177340101,2024-06-19T17:07:32Z,2024-06-19T17:46:44Z,,40.395199,123.69,membership,Payment by membership account and/or membership card,USCPIE5122191*1
ChargePoint Network,,,13880891,13880891,MU / MUC MAIN OFFICE,23319021,3,3170178091,2024-06-16T13:11:42Z,2024-06-16T13:31:18Z,,2.259629,7.2763,phone_online,"Payment through mobile app, website, automated phone number or messaging system",USCPIE13880891*2
ChargePoint Network,,,14083151,14083151,STEMC / STATION 2 (R) H,23554701,100011,3139003831,2024-06-03T00:14:33Z,2024-06-03T01:35:19Z,,18.738400,15.246,membership,Payment by membership account and/or membership card,USCPIE14083151*1
ChargePoint Network,,,5346231,5346231,CULLMANELECTRIC / STATION2-R,8926271,247,3194335561,2024-06-27T06:57:06Z,2024-06-27T07:20:23Z,,33.242199,90.728,credit_card_terminal,Payment via credit card or debit card terminal,USCPIE5346231*1
ChargePoint Network,,,12720881,12720881,WRECC / STATION 1,21977141,247,3154358161,2024-06-09T17:02:45Z,2024-06-09T17:06:23Z,,0.000000,0.0,membership,Payment by membership account and/or membership card,USCPIE12720881*1
ChargePoint Network,,,15260251,15260251,STEMC / STATION 2 (R) A,24784081,247,3152302251,2024-06-08T13:22:24Z,2024-06-08T13:57:02Z,,48.359699,87.731,credit_card_terminal,Payment via credit card or debit card terminal,USCPIE15260251*1
ChargePoint Network,,,13292801,13292801,LODGE CAST IRON / STORE & MUSEUM,22637561,3,3182031221,2024-06-21T16:52:25Z,2024-06-21T18:14:45Z,,9.358254,6.9538,credit_card_terminal,Payment via credit card or debit card terminal,USCPIE13292801*2
ChargePoint Network,,,13026471,13026471,WCMES / CITYHALL2-R,22328331,247,3147501321,2024-06-06T14:13:53Z,2024-06-06T14:20:18Z,,3.832600,38.023,membership,Payment by membership account and/or membership card,USCPIE13026471*1
ChargePoint Network,,,15548151,15548151,DECATURDOWNTWN / STATION 1 (R),,,3168760821,2024-06-15T17:41:56Z,2024-06-15T17:43:57Z,,0.000000,,membership,Payment by membership account and/or membership card,USCPIE15548151*0
ChargePoint Network,,,7505851,7505851,JEFFERSON AVE. / OXFORD STA1(L),12955471,247,3148408691,2024-06-06T20:12:36Z,2024-06-06T20:56:12Z,,50.232201,76.416,membership,Payment by membership account and/or membership card,USCPIE7505851*1
ChargePoint Network,,,13651631,13651631,MLEC / STATION 2 (R) H,23045821,247,3163571581,2024-06-13T13:52:13Z,2024-06-13T14:30:07Z,,64.714699,123.199,credit_card_terminal,Payment via credit card or debit card terminal,USCPIE13651631*1
ChargePoint Network,,,1988141,1988141,7SPC / SCES DREAM MORE,2355561,3,3145451761,2024-06-05T17:32:30Z,2024-06-05T18:37:25Z,,7.665867,7.1866,membership,Payment by membership account and/or membership card,USCPIE1988141*1
ChargePoint Network,,,7505851,7505851,JEFFERSON AVE. / OXFORD STA1(L),,,3166519681,2024-06-14T16:38:59Z,2024-06-14T16:41:00Z,,0.000000,,membership,Payment by membership account and/or membership card,USCPIE7505851*0
ChargePoint Network,,,12406491,12406491,FPIA / LEFT STATION,21527781,247,3154577901,2024-06-09T19:20:57Z,2024-06-09T19:21:22Z,,0.000000,0.0,membership,Payment by membership account and/or membership card,USCPIE12406491*1
ChargePoint Network,,,5619801,5619801,7SPC / WARREN RECC BG,9274261,3,3185405031,2024-06-23T12:48:47Z,2024-06-23T16:27:33Z,,20.856527,6.2639,other,Any other payment method not specified above. Additional description should be provided in Payment Method Description.,USCPIE5619801*2
ChargePoint Network,,,5346231,5346231,CULLMANELECTRIC / STATION2-R,8926271,247,3170987751,2024-06-16T22:36:24Z,2024-06-16T23:39:13Z,,53.977798,68.055,credit_card_terminal,Payment via credit card or debit card terminal,USCPIE5346231*1
ChargePoint Network,,,5565191,5565191,7SPC / DOLLYWOOD EMPL,9205031,3,3162033641,2024-06-12T20:49:48Z,2024-06-12T20:50:24Z,,0.000000,0.0,membership,Payment by membership account and/or membership card,USCPIE5565191*1
ChargePoint Network,,,1964521,1964521,EBOFG / GUNTERSVILLE PD,8374211,3,3173566211,2024-06-18T00:24:35Z,2024-06-18T01:27:37Z,,3.661487,3.7107,credit_card_terminal,Payment via credit card or debit card terminal,USCPIE1964521*2
ChargePoint Network,,,1988061,1988061,7SPC / SCES DOLLYWOOD,25499841,3,3169348561,2024-06-15T23:17:38Z,2024-06-16T00:58:51Z,,4.513305,6.9171,credit_card_terminal,Payment via credit card or debit card terminal,USCPIE1988061*2
ChargePoint Network,,,15548151,15548151,DECATURDOWNTWN / STATION 1 (R),25119511,247,3159767901,2024-06-11T22:46:38Z,2024-06-11T22:47:14Z,,0.000000,0.0,membership,Payment by membership account and/or membership card,USCPIE15548151*1
ChargePoint Network,,,9677521,9677521,UT PARKING / S7 STATION 1,17169331,3,3194890531,2024-06-27T14:46:42Z,2024-06-27T18:50:02Z,,23.752537,7.1214,membership,Payment by membership account and/or membership card,USCPIE9677521*1
ChargePoint Network,,,15694081,15694081,BRIGHTRIDGE EV / STATION 2 (R),25291921,247,3139784081,2024-06-03T12:54:13Z,2024-06-03T13:34:45Z,,53.326599,123.535,membership,Payment by membership account and/or membership card,USCPIE15694081*1
ChargePoint Network,,,12406401,12406401,FPIA / RIGHT STATION,21527671,247,3138213711,2024-06-02T16:33:34Z,2024-06-02T16:59:16Z,,22.034599,62.456,membership,Payment by membership account and/or membership card,USCPIE12406401*1
ChargePoint Network,,,15640031,15640031,NECDC / STATION 1 (L),25228511,247,3172445221,2024-06-17T16:06:45Z,2024-06-17T17:01:26Z,,35.123901,73.532,membership,Payment by membership account and/or membership card,USCPIE15640031*1
ChargePoint Network,,,9677521,9677521,UT PARKING / S7 STATION 1,17169341,3,3136998271,2024-06-01T21:36:59Z,2024-06-01T21:42:36Z,,0.584487,7.1105,credit_card_terminal,Payment via credit card or debit card terminal,USCPIE9677521*2
ChargePoint Network,,,1932851,1932851,BRIGHTRIDGE EV / BR-JC LIBRARY,23319821,3,3185667301,2024-06-23T16:50:07Z,2024-06-23T18:59:14Z,,14.878814,7.1229,membership,Payment by membership account and/or membership card,USCPIE1932851*2
ChargePoint Network,,,5619801,5619801,7SPC / WARREN RECC BG,9274261,3,3157889001,2024-06-11T04:01:38Z,2024-06-11T10:48:38Z,,38.586048,6.3295,membership,Payment by membership account and/or membership card,USCPIE5619801*2
ChargePoint Network,,,13606061,13606061,I24 EXIT11 / STATION 4 (RR),22992511,247,3183925111,2024-06-22T15:53:05Z,2024-06-22T15:55:21Z,,0.000000,0.0,membership,Payment by membership account and/or membership card,USCPIE13606061*1
ChargePoint Network,,,13966811,13966811,BEA / STATION 2 (LM),23420881,247,3146234141,2024-06-05T23:14:08Z,2024-06-06T00:07:32Z,,50.735401,70.421,membership,Payment by membership account and/or membership card,USCPIE13966811*1
ChargePoint Network,,,15694081,15694081,BRIGHTRIDGE EV / STATION 2 (R),25291921,247,3173397741,2024-06-17T23:06:02Z,2024-06-17T23:44:54Z,,35.160099,123.845,membership,Payment by membership account and/or membership card,USCPIE15694081*1
ChargePoint Network,,,5466441,5466441,7SPC / NASA USSRC R,9079371,3,3160023221,2024-06-12T00:38:28Z,2024-06-12T01:08:30Z,,3.022897,6.2305,membership,Payment by membership account and/or membership card,USCPIE5466441*2
ChargePoint Network,,,15742641,15742641,GEA-1 / STATION 2 (R),25349301,247,3170834161,2024-06-16T21:04:59Z,2024-06-16T21:54:24Z,,29.268200,55.748,membership,Payment by membership account and/or membership card,USCPIE15742641*1
ChargePoint Network,,,5384781,5384781,7SPC / TRI-COUNTY EMC,9273701,3,3158315641,2024-06-11T12:41:13Z,2024-06-11T20:13:53Z,,51.829617,7.4638,membership,Payment by membership account and/or membership card,USCPIE5384781*2
ChargePoint Network,,,13606091,13606091,I24 EXIT11 / STATION 3 (RM),22992551,247,3147671861,2024-06-06T15:17:30Z,2024-06-06T16:04:18Z,,22.454201,54.087,membership,Payment by membership account and/or membership card,USCPIE13606091*1
ChargePoint Network,,,14025691,14025691,PARIS BPU / STATION 1(L),23489541,247,3158405331,2024-06-11T13:25:59Z,2024-06-11T13:52:16Z,,29.893101,70.919,membership,Payment by membership account and/or membership card,USCPIE14025691*1
ChargePoint Network,,,14359491,14359491,EBOFG / STATION 1 (L),23870291,247,3150520731,2024-06-07T17:14:45Z,2024-06-07T17:15:12Z,,0.000000,0.0,membership,Payment by membership account and/or membership card,USCPIE14359491*1
ChargePoint Network,,,5619801,5619801,7SPC / WARREN RECC BG,25687261,3,3194186611,2024-06-27T04:05:06Z,2024-06-27T09:14:15Z,,31.497738,6.2571,membership,Payment by membership account and/or membership card,USCPIE5619801*2
ChargePoint Network,,,14049761,14049761,PARIS BPU / STATION 2(R),23516951,247,3152423441,2024-06-08T15:02:24Z,2024-06-08T15:10:02Z,,6.079200,0.0,credit_card_terminal,Payment via credit card or debit card terminal,USCPIE14049761*1
ChargePoint Network,,,8851921,8851921,7SPC / SEVIERVILLE DC1,15571271,207,3161813171,2024-06-12T19:17:42Z,2024-06-12T19:47:03Z,,24.427200,54.534,membership,Payment by membership account and/or membership card,USCPIE8851921*1
ChargePoint Network,,,9677521,9677521,UT PARKING / S7 STATION 1,17169331,3,3185709161,2024-06-23T17:16:38Z,2024-06-23T17:44:03Z,,3.206327,7.2589,membership,Payment by membership account and/or membership card,USCPIE9677521*1
ChargePoint Network,,,14097711,14097711,SCOTTSBORO EPB / SEPB DCFC (R),23570811,247,3178262911,2024-06-20T01:14:47Z,2024-06-20T01:30:56Z,,20.078199,80.947,credit_card_terminal,Payment via credit card or debit card terminal,USCPIE14097711*1
ChargePoint Network,,,15548181,15548181,DECATURDOWNTWN / STATION 2 (L),25119551,247,3190925261,2024-06-25T22:19:27Z,2024-06-25T22:36:36Z,,6.908900,47.97,membership,Payment by membership account and/or membership card,USCPIE15548181*1
ChargePoint Network,,,15694081,15694081,BRIGHTRIDGE EV / STATION 2 (R),25291921,247,3164910211,2024-06-13T23:02:24Z,2024-06-14T00:07:04Z,,44.635101,123.535,membership,Payment by membership account and/or membership card,USCPIE15694081*1
ChargePoint Network,,,5346231,5346231,CULLMANELECTRIC / STATION2-R,8926271,247,3144826091,2024-06-05T13:30:04Z,2024-06-05T14:20:54Z,,32.049599,73.061,membership,Payment by membership account and/or membership card,USCPIE5346231*1
ChargePoint Network,,,14359491,14359491,EBOFG / STATION 1 (L),23870291,247,3145952181,2024-06-05T21:14:38Z,2024-06-05T21:16:25Z,,0.000000,0.0,membership,Payment by membership account and/or membership card,USCPIE14359491*1
ChargePoint Network,,,5565241,5565241,7SPC / SCES LECONTE 4,9205101,3,3200316381,2024-06-29T23:45:56Z,2024-06-30T00:53:57Z,,4.228066,3.7707,membership,Payment by membership account and/or membership card,USCPIE5565241*1
ChargePoint Network,,,8851921,8851921,7SPC / SEVIERVILLE DC1,15571271,207,3193003461,2024-06-26T19:05:31Z,2024-06-26T19:54:46Z,,37.863998,61.908,membership,Payment by membership account and/or membership card,USCPIE8851921*1
ChargePoint Network,,,1988061,1988061,7SPC / SCES DOLLYWOOD,25499831,3,3148101861,2024-06-06T18:03:11Z,2024-06-06T20:04:10Z,,14.250956,7.2046,credit_card_terminal,Payment via credit card or debit card terminal,USCPIE1988061*1
ChargePoint Network,,,5565241,5565241,7SPC / SCES LECONTE 4,9205111,3,3185094781,2024-06-23T03:57:43Z,2024-06-23T04:22:14Z,,1.492814,3.7421,membership,Payment by membership account and/or membership card,USCPIE5565241*2
ChargePoint Network,,,14047321,14047321,JEFFERSON AVE. / OXFORD STA2(R),23514081,247,3138370931,2024-06-02T18:14:24Z,2024-06-02T18:46:23Z,,19.234400,82.51,membership,Payment by membership account and/or membership card,USCPIE14047321*1
ChargePoint Network,,,12720881,12720881,WRECC / STATION 1,21977141,247,3155396891,2024-06-10T03:11:38Z,2024-06-10T03:13:03Z,,0.000000,0.0,membership,Payment by membership account and/or membership card,USCPIE12720881*1
ChargePoint Network,,,13292801,13292801,LODGE CAST IRON / STORE & MUSEUM,22637561,3,3175597351,2024-06-18T20:47:16Z,2024-06-18T21:16:09Z,,3.206292,6.7684,membership,Payment by membership account and/or membership card,USCPIE13292801*2
ChargePoint Network,,,14047321,14047321,JEFFERSON AVE. / OXFORD STA2(R),23514081,247,3189456151,2024-06-25T11:49:37Z,2024-06-25T12:18:41Z,,24.398300,72.236,membership,Payment by membership account and/or membership card,USCPIE14047321*1
ChargePoint Network,,,8851921,8851921,7SPC / SEVIERVILLE DC1,15571271,207,3151737591,2024-06-08T02:46:05Z,2024-06-08T03:18:58Z,,28.263901,53.849,membership,Payment by membership account and/or membership card,USCPIE8851921*1
ChargePoint Network,,,5384781,5384781,7SPC / TRI-COUNTY EMC,9273701,3,3183771761,2024-06-22T13:52:28Z,2024-06-22T15:20:14Z,,10.441852,7.3255,membership,Payment by membership account and/or membership card,USCPIE5384781*2
ChargePoint Network,,,13659871,13659871,LAWRENCEBURG / STATION 2 (R),23054921,247,3151032841,2024-06-07T21:02:43Z,2024-06-07T21:26:56Z,,25.269699,73.304,membership,Payment by membership account and/or membership card,USCPIE13659871*1
ChargePoint Network,,,8851921,8851921,7SPC / SEVIERVILLE DC1,15571271,100011,3185032991,2024-06-23T03:05:07Z,2024-06-23T03:33:24Z,,3.737700,28.615,membership,Payment by membership account and/or membership card,USCPIE8851921*1
ChargePoint Network,,,14337221,14337221,HOLSTONELECTRIC / CHURCH HILL-1,23844801,247,3154097081,2024-06-09T13:20:59Z,2024-06-09T13:37:37Z,,15.599100,124.643,membership,Payment by membership account and/or membership card,USCPIE14337221*1
ChargePoint Network,,,12406491,12406491,FPIA / LEFT STATION,21527781,247,3148312641,2024-06-06T19:36:10Z,2024-06-06T20:03:35Z,,36.565102,87.12,membership,Payment by membership account and/or membership card,USCPIE12406491*1
ChargePoint Network,,,5619801,5619801,7SPC / WARREN RECC BG,9274261,3,3171101811,2024-06-16T23:37:16Z,2024-06-17T02:03:15Z,,13.824649,6.2043,other,Any other payment method not specified above. Additional description should be provided in Payment Method Description.,USCPIE5619801*2
ChargePoint Network,,,14359531,14359531,EBOFG / STATION 2 (R),23870331,247,3162593201,2024-06-13T00:55:50Z,2024-06-13T01:17:55Z,,27.274599,88.953,membership,Payment by membership account and/or membership card,USCPIE14359531*1
ChargePoint Network,,,15260241,15260241,STEMC / STATION 1 (L) A,24784071,247,3154874101,2024-06-09T22:14:30Z,2024-06-09T23:08:03Z,,41.401199,54.682,membership,Payment by membership account and/or membership card,USCPIE15260241*1
ChargePoint Network,,,12406401,12406401,FPIA / RIGHT STATION,21527671,247,3198747631,2024-06-29T01:49:57Z,2024-06-29T01:53:51Z,,0.000000,0.0,membership,Payment by membership account and/or membership card,USCPIE12406401*1
ChargePoint Network,,,5363211,5363211,HARTSELLE 1 / HARTSELLE 1,23427571,3,3135559981,2024-06-01T02:10:26Z,2024-06-01T04:21:47Z,,11.471430,6.3403,membership,Payment by membership account and/or membership card,USCPIE5363211*1
ChargePoint Network,,,15684341,15684341,MLEC / STATION 2 (R) W,25280201,247,3160110821,2024-06-12T01:14:28Z,2024-06-12T01:47:43Z,,28.474199,54.534,credit_card_terminal,Payment via credit card or debit card terminal,USCPIE15684341*1
ChargePoint Network,,,15815141,15815141,GEA-1 / STATION 1 (L),,,3158075821,2024-06-11T07:58:08Z,2024-06-11T07:59:33Z,,0.000000,,credit_card_terminal,Payment via credit card or debit card terminal,USCPIE15815141*0
ChargePoint Network,,,15260241,15260241,STEMC / STATION 1 (L) A,24784071,247,3153109031,2024-06-08T21:44:54Z,2024-06-08T22:21:48Z,,39.057400,75.056,membership,Payment by membership account and/or membership card,USCPIE15260241*1
ChargePoint Network,,,14359491,14359491,EBOFG / STATION 1 (L),23870291,247,3197643851,2024-06-28T16:50:01Z,2024-06-28T16:51:53Z,,0.000000,0.0,membership,Payment by membership account and/or membership card,USCPIE14359491*1
ChargePoint Network,,,1964521,1964521,EBOFG / GUNTERSVILLE PD,8374211,3,3171074691,2024-06-16T23:21:50Z,2024-06-17T00:07:54Z,,4.971490,6.9808,membership,Payment by membership account and/or membership card,USCPIE1964521*2
ChargePoint Network,,,13643801,13643801,PEPA / STATION 2,23036481,247,3140037811,2024-06-03T14:55:39Z,2024-06-03T15:09:02Z,,16.900900,83.753,membership,Payment by membership account and/or membership card,USCPIE13643801*1
ChargePoint Network,,,15640031,15640031,NECDC / STATION 1 (L),25228511,247,3195339521,2024-06-27T17:30:35Z,2024-06-27T18:43:41Z,,41.198799,54.464,membership,Payment by membership account and/or membership card,USCPIE15640031*1
ChargePoint Network,,,13664471,13664471,BTES / STATION 3 (RM),23060511,247,3173331071,2024-06-17T22:37:06Z,2024-06-17T22:57:40Z,,20.135900,60.563,credit_card_terminal,Payment via credit card or debit card terminal,USCPIE13664471*1
ChargePoint Network,,,1932851,1932851,BRIGHTRIDGE EV / BR-JC LIBRARY,23319821,3,3145653911,2024-06-05T19:06:54Z,2024-06-05T20:51:53Z,,12.849019,7.4776,membership,Payment by membership account and/or membership card,USCPIE1932851*2
ChargePoint Network,,,5466441,5466441,7SPC / NASA USSRC R,9079361,3,3150605151,2024-06-07T17:53:41Z,2024-06-07T20:23:47Z,,15.434368,6.2392,credit_card_terminal,Payment via credit card or debit card terminal,USCPIE5466441*1
ChargePoint Network,,,5363211,5363211,HARTSELLE 1 / HARTSELLE 1,23427571,3,3136668411,2024-06-01T18:35:59Z,2024-06-01T20:24:28Z,,12.588742,7.2283,membership,Payment by membership account and/or membership card,USCPIE5363211*1
ChargePoint Network,,,12720861,12720861,WRECC / STATION 2,21977121,247,3152871371,2024-06-08T19:32:46Z,2024-06-08T19:33:59Z,,0.000000,0.0,membership,Payment by membership account and/or membership card,USCPIE12720861*1
ChargePoint Network,,,15694081,15694081,BRIGHTRIDGE EV / STATION 2 (R),25291921,247,3170162691,2024-06-16T12:52:03Z,2024-06-16T13:14:18Z,,15.924300,123.535,membership,Payment by membership account and/or membership card,USCPIE15694081*1
ChargePoint Network,,,1964521,1964521,EBOFG / GUNTERSVILLE PD,8374211,3,3168306911,2024-06-15T12:03:40Z,2024-06-15T13:50:05Z,,12.989548,7.4093,membership,Payment by membership account and/or membership card,USCPIE1964521*2
ChargePoint Network,,,13026471,13026471,WCMES / CITYHALL2-R,22328331,247,3138708531,2024-06-02T21:32:19Z,2024-06-02T22:13:03Z,,31.476400,72.15,membership,Payment by membership account and/or membership card,USCPIE13026471*1
ChargePoint Network,,,14359531,14359531,EBOFG / STATION 2 (R),23870331,247,3183851911,2024-06-22T14:59:00Z,2024-06-22T15:35:23Z,,42.421501,75.4,membership,Payment by membership account and/or membership card,USCPIE14359531*1
ChargePoint Network,,,9677521,9677521,UT PARKING / S7 STATION 1,17169331,3,3161215091,2024-06-12T15:14:29Z,2024-06-12T19:11:36Z,,23.047148,7.0446,membership,Payment by membership account and/or membership card,USCPIE9677521*1
ChargePoint Network,,,5466441,5466441,7SPC / NASA USSRC R,9079371,3,3152488291,2024-06-08T15:44:31Z,2024-06-08T15:46:33Z,,0.000000,0.0,membership,Payment by membership account and/or membership card,USCPIE5466441*2
ChargePoint Network,,,5466441,5466441,7SPC / NASA USSRC R,9079361,3,3152488001,2024-06-08T15:44:31Z,2024-06-08T15:46:30Z,,0.000000,0.0,membership,Payment by membership account and/or membership card,USCPIE5466441*1
ChargePoint Network,,,14097711,14097711,SCOTTSBORO EPB / SEPB DCFC (R),23570811,247,3140240671,2024-06-03T16:01:47Z,2024-06-03T16:20:22Z,,18.277399,75.263,membership,Payment by membership account and/or membership card,USCPIE14097711*1
ChargePoint Network,,,5354011,5354011,7SPC / GREENEVILLE TA,8936791,100011,3171851951,2024-06-17T11:28:54Z,2024-06-17T11:43:17Z,,11.273300,48.023,credit_card_terminal,Payment via credit card or debit card terminal,USCPIE5354011*1
ChargePoint Network,,,8851921,8851921,7SPC / SEVIERVILLE DC1,15571271,207,3195496491,2024-06-27T18:43:01Z,2024-06-27T19:19:27Z,,32.591900,59.516,membership,Payment by membership account and/or membership card,USCPIE8851921*1
ChargePoint Network,,,15280441,15280441,SPRFLD ELECTRIC / STATION 2 (R),24807641,247,3198992811,2024-06-29T04:03:35Z,2024-06-29T05:57:19Z,,58.604401,52.919,membership,Payment by membership account and/or membership card,USCPIE15280441*1
ChargePoint Network,,,8851921,8851921,7SPC / SEVIERVILLE DC1,15571271,207,3162706381,2024-06-13T01:46:07Z,2024-06-13T01:52:57Z,,5.282500,0.0,membership,Payment by membership account and/or membership card,USCPIE8851921*1
ChargePoint Network,,,1785631,1785631,HOLSTONELECTRIC / STATION 1,22462991,3,3170441971,2024-06-16T17:01:55Z,2024-06-16T21:05:05Z,,29.523321,7.4014,membership,Payment by membership account and/or membership card,USCPIE1785631*2
ChargePoint Network,,,13606141,13606141,I24 EXIT11 / STATION 1 (LL),22992611,247,3179979041,2024-06-20T19:36:48Z,2024-06-20T20:09:24Z,,14.816100,45.513,membership,Payment by membership account and/or membership card,USCPIE13606141*1
ChargePoint Network,,,14025691,14025691,PARIS BPU / STATION 1(L),23489541,247,3145295351,2024-06-05T16:25:57Z,2024-06-05T18:10:59Z,,110.567001,88.953,phone_online,"Payment through mobile app, website, automated phone number or messaging system",USCPIE14025691*1
ChargePoint Network,,,14337501,14337501,HOLSTONELECTRIC / CHURCH HILL-2,23845091,247,3192157321,2024-06-26T13:24:15Z,2024-06-26T13:44:56Z,,27.647100,120.889,membership,Payment by membership account and/or membership card,USCPIE14337501*1
ChargePoint Network,,,13659831,13659831,LAWRENCEBURG / STATION 1 (L),23054881,247,3200129711,2024-06-29T21:55:58Z,2024-06-29T22:24:51Z,,33.017300,71.148,membership,Payment by membership account and/or membership card,USCPIE13659831*1
ChargePoint Network,,,1932851,1932851,BRIGHTRIDGE EV / BR-JC LIBRARY,23319821,3,3148582381,2024-06-06T21:25:19Z,2024-06-07T01:12:37Z,,26.423674,7.2235,membership,Payment by membership account and/or membership card,USCPIE1932851*2
ChargePoint Network,,,13966851,13966851,BEA / STATION 1 (LL),23420911,247,3154389741,2024-06-09T17:23:00Z,2024-06-09T17:24:39Z,,0.000000,0.0,membership,Payment by membership account and/or membership card,USCPIE13966851*1
ChargePoint Network,,,5619801,5619801,7SPC / WARREN RECC BG,9274261,3,3188175011,2024-06-24T20:05:21Z,2024-06-24T20:27:48Z,,2.336834,6.3576,credit_card_terminal,Payment via credit card or debit card terminal,USCPIE5619801*2
ChargePoint Network,,,5363211,5363211,HARTSELLE 1 / HARTSELLE 1,23427571,3,3180145121,2024-06-20T20:44:20Z,2024-06-20T22:30:05Z,,12.527958,7.2996,membership,Payment by membership account and/or membership card,USCPIE5363211*1
ChargePoint Network,,,13664471,13664471,BTES / STATION 3 (RM),23060511,247,3173303071,2024-06-17T22:24:16Z,2024-06-17T22:36:32Z,,9.890400,59.2,credit_card_terminal,Payment via credit card or debit card terminal,USCPIE13664471*1
ChargePoint Network,,,12720861,12720861,WRECC / STATION 2,,,3168881341,2024-06-15T18:51:28Z,2024-06-15T18:53:29Z,,0.000000,,membership,Payment by membership account and/or membership card,USCPIE12720861*0
ChargePoint Network,,,7505851,7505851,JEFFERSON AVE. / OXFORD STA1(L),12955471,247,3151057701,2024-06-07T21:13:27Z,2024-06-07T21:27:04Z,,13.555000,74.625,membership,Payment by membership account and/or membership card,USCPIE7505851*1
ChargePoint Network,,,5122191,5122191,CULLMANELECTRIC / STATION1-L,8482151,247,3177582001,2024-06-19T19:26:09Z,2024-06-19T19:26:42Z,,0.000000,0.0,membership,Payment by membership account and/or membership card,USCPIE5122191*1
ChargePoint Network,,,14025691,14025691,PARIS BPU / STATION 1(L),23489541,247,3185600671,2024-06-23T16:04:17Z,2024-06-23T16:10:25Z,,6.831300,0.0,membership,Payment by membership account and/or membership card,USCPIE14025691*1
ChargePoint Network,,,13643831,13643831,PEPA / STATION 1,23036511,247,3195401201,2024-06-27T17:59:59Z,2024-06-27T18:45:44Z,,52.152500,75.041,credit_card_terminal,Payment via credit card or debit card terminal,USCPIE13643831*1
ChargePoint Network,,,5466441,5466441,7SPC / NASA USSRC R,9079371,3,3182984131,2024-06-22T00:29:41Z,2024-06-22T01:15:23Z,,4.544986,6.0741,phone_online,"Payment through mobile app, website, automated phone number or messaging system",USCPIE5466441*2
ChargePoint Network,,,12720861,12720861,WRECC / STATION 2,21977121,247,3154348911,2024-06-09T16:57:12Z,2024-06-09T17:00:01Z,,0.000000,0.0,membership,Payment by membership account and/or membership card,USCPIE12720861*1
ChargePoint Network,,,8851921,8851921,7SPC / SEVIERVILLE DC1,15571271,207,3172873111,2024-06-17T19:15:30Z,2024-06-17T20:04:25Z,,43.893002,57.442,membership,Payment by membership account and/or membership card,USCPIE8851921*1
ChargePoint Network,,,14359491,14359491,EBOFG / STATION 1 (L),23870291,247,3145960581,2024-06-05T21:18:14Z,2024-06-05T21:19:11Z,,0.000000,0.0,membership,Payment by membership account and/or membership card,USCPIE14359491*1
ChargePoint Network,,,15548181,15548181,DECATURDOWNTWN / STATION 2 (L),25119551,247,3159313081,2024-06-11T19:33:14Z,2024-06-11T20:05:12Z,,36.167801,75.041,membership,Payment by membership account and/or membership card,USCPIE15548181*1
ChargePoint Network,,,13423691,13423691,AEC / STATION #1 (L),22787121,247,3139978821,2024-06-03T14:31:56Z,2024-06-03T14:58:07Z,,22.108000,123.045,membership,Payment by membership account and/or membership card,USCPIE13423691*1
ChargePoint Network,,,15694081,15694081,BRIGHTRIDGE EV / STATION 2 (R),25291921,247,3172704281,2024-06-17T17:56:15Z,2024-06-17T17:56:35Z,,0.000000,0.0,membership,Payment by membership account and/or membership card,USCPIE15694081*1
ChargePoint Network,,,15332321,15332321,TUA NW ATLANTIC / STATION 1 (L),24867861,247,3178315001,2024-06-20T01:45:31Z,2024-06-20T01:45:48Z,,0.000000,0.0,membership,Payment by membership account and/or membership card,USCPIE15332321*1
ChargePoint Network,,,12676411,12676411,NEMEPA / NEMEPA CUSTOMER,21923891,3,3153729261,2024-06-09T03:54:15Z,2024-06-09T04:55:53Z,,6.193245,6.1446,credit_card_terminal,Payment via credit card or debit card terminal,USCPIE12676411*1
ChargePoint Network,,,9777021,9777021,CRMC / CRMC-2- L2RIGHT,17361741,3,3158246721,2024-06-11T12:01:21Z,2024-06-11T13:28:25Z,,6.889531,7.081,membership,Payment by membership account and/or membership card,USCPIE9777021*1
ChargePoint Network,,,5363211,5363211,HARTSELLE 1 / HARTSELLE 1,23427581,3,3184901851,2024-06-23T01:43:28Z,2024-06-23T03:00:02Z,,9.225287,7.3605,credit_card_terminal,Payment via credit card or debit card terminal,USCPIE5363211*2
ChargePoint Network,,,12720861,12720861,WRECC / STATION 2,21977121,247,3152348381,2024-06-08T14:03:51Z,2024-06-08T14:44:52Z,,34.188000,55.735,membership,Payment by membership account and/or membership card,USCPIE12720861*1
ChargePoint Network,,,14337501,14337501,HOLSTONELECTRIC / CHURCH HILL-2,23845091,100011,3193548181,2024-06-26T22:57:43Z,2024-06-26T23:15:01Z,,13.915600,51.847,credit_card_terminal,Payment via credit card or debit card terminal,USCPIE14337501*1
ChargePoint Network,,,13606121,13606121,I24 EXIT11 / STATION 2 (LM),22992591,247,3170610331,2024-06-16T18:49:58Z,2024-06-16T19:30:53Z,,33.693699,75.62,membership,Payment by membership account and/or membership card,USCPIE13606121*1
ChargePoint Network,,,15548181,15548181,DECATURDOWNTWN / STATION 2 (L),25119551,247,3159773791,2024-06-11T22:49:10Z,2024-06-11T22:50:14Z,,0.000000,0.0,membership,Payment by membership account and/or membership card,USCPIE15548181*1
ChargePoint Network,,,14097801,14097801,SCOTTSBORO EPB / SEPB DCFC (L),23570921,247,3140760561,2024-06-03T19:56:53Z,2024-06-03T20:14:05Z,,20.729500,82.012,membership,Payment by membership account and/or membership card,USCPIE14097801*1
ChargePoint Network,,,13966031,13966031,BEA / STATION 4 (RR),23419961,247,3145859351,2024-06-05T20:33:24Z,2024-06-05T21:04:14Z,,34.945301,74.676,membership,Payment by membership account and/or membership card,USCPIE13966031*1
ChargePoint Network,,,1921351,1921351,STARKVILLE UTIL / STARKVILLE DWTN,23682581,3,3199686911,2024-06-29T17:28:46Z,2024-06-29T18:24:12Z,,6.692104,7.3158,membership,Payment by membership account and/or membership card,USCPIE1921351*2
ChargePoint Network,,,12720861,12720861,WRECC / STATION 2,21977121,247,3148937001,2024-06-06T23:55:35Z,2024-06-06T23:57:01Z,,0.000000,0.0,membership,Payment by membership account and/or membership card,USCPIE12720861*1
ChargePoint Network,,,14337501,14337501,HOLSTONELECTRIC / CHURCH HILL-2,23845091,100011,3197006301,2024-06-28T11:14:49Z,2024-06-28T11:34:19Z,,15.493800,50.959,credit_card_terminal,Payment via credit card or debit card terminal,USCPIE14337501*1
ChargePoint Network,,,5346231,5346231,CULLMANELECTRIC / STATION2-R,8926271,247,3149237551,2024-06-07T02:08:04Z,2024-06-07T03:30:13Z,,90.802902,88.058,membership,Payment by membership account and/or membership card,USCPIE5346231*1
ChargePoint Network,,,12720861,12720861,WRECC / STATION 2,21977121,247,3175811741,2024-06-18T22:18:10Z,2024-06-18T22:26:35Z,,8.741400,0.0,membership,Payment by membership account and/or membership card,USCPIE12720861*1
ChargePoint Network,,,12720861,12720861,WRECC / STATION 2,21977121,100011,3199442161,2024-06-29T14:39:57Z,2024-06-29T15:16:49Z,,19.085199,40.925,membership,Payment by membership account and/or membership card,USCPIE12720861*1
ChargePoint Network,,,13803581,13803581,FPU / STATION 1 (L),23227201,247,3190248561,2024-06-25T17:23:43Z,2024-06-25T17:25:29Z,,0.000000,0.0,membership,Payment by membership account and/or membership card,USCPIE13803581*1
ChargePoint Network,,,5466441,5466441,7SPC / NASA USSRC R,9079361,3,3167780211,2024-06-15T02:25:56Z,2024-06-15T02:52:27Z,,2.659993,6.2263,credit_card_terminal,Payment via credit card or debit card terminal,USCPIE5466441*1
ChargePoint Network,,,9777021,9777021,CRMC / CRMC-2- L2RIGHT,17361741,3,3136719871,2024-06-01T19:05:16Z,2024-06-01T22:07:27Z,,22.023657,7.3342,membership,Payment by membership account and/or membership card,USCPIE9777021*1
ChargePoint Network,,,1988141,1988141,7SPC / SCES DREAM MORE,2355561,3,3153442691,2024-06-09T00:54:18Z,2024-06-09T17:28:10Z,,117.218979,7.2141,credit_card_terminal,Payment via credit card or debit card terminal,USCPIE1988141*1
ChargePoint Network,,,14097801,14097801,SCOTTSBORO EPB / SEPB DCFC (L),23570921,247,3170774851,2024-06-16T20:29:15Z,2024-06-16T20:38:27Z,,7.418100,52.298,credit_card_terminal,Payment via credit card or debit card terminal,USCPIE14097801*1
ChargePoint Network,,,13606061,13606061,I24 EXIT11 / STATION 4 (RR),22992511,247,3177993331,2024-06-19T23:01:51Z,2024-06-19T23:10:03Z,,13.815500,0.0,membership,Payment by membership account and/or membership card,USCPIE13606061*1
ChargePoint Network,,,13861891,13861891,BRMEMC / STATION 2,23296321,247,3200216271,2024-06-29T22:48:26Z,2024-06-29T23:53:43Z,,32.732899,86.876,membership,Payment by membership account and/or membership card,USCPIE13861891*1
ChargePoint Network,,,1844191,1844191,CLW / MAIN ST,23050431,3,3140513941,2024-06-03T18:01:37Z,2024-06-03T18:44:30Z,,4.881183,6.9873,membership,Payment by membership account and/or membership card,USCPIE1844191*1
ChargePoint Network,,,15260241,15260241,STEMC / STATION 1 (L) A,24784071,247,3166999861,2024-06-14T20:17:46Z,2024-06-14T21:21:30Z,,68.133003,75.636,membership,Payment by membership account and/or membership card,USCPIE15260241*1
ChargePoint Network,,,13606061,13606061,I24 EXIT11 / STATION 4 (RR),22992511,247,3140772881,2024-06-03T20:02:03Z,2024-06-03T20:24:59Z,,17.717600,65.065,membership,Payment by membership account and/or membership card,USCPIE13606061*1
ChargePoint Network,,,13026471,13026471,WCMES / CITYHALL2-R,22328331,247,3170872051,2024-06-16T21:27:44Z,2024-06-16T21:59:21Z,,21.691900,72.15,membership,Payment by membership account and/or membership card,USCPIE13026471*1
ChargePoint Network,,,12720861,12720861,WRECC / STATION 2,21977121,247,3149414001,2024-06-07T03:43:56Z,2024-06-07T03:46:14Z,,0.000000,0.0,membership,Payment by membership account and/or membership card,USCPIE12720861*1
ChargePoint Network,,,13606141,13606141,I24 EXIT11 / STATION 1 (LL),22992611,247,3166917721,2024-06-14T19:43:28Z,2024-06-14T19:58:45Z,,18.875900,91.321,membership,Payment by membership account and/or membership card,USCPIE13606141*1
ChargePoint Network,,,15260241,15260241,STEMC / STATION 1 (L) A,,,3196675491,2024-06-28T03:55:20Z,2024-06-28T03:56:29Z,,0.000000,,membership,Payment by membership account and/or membership card,USCPIE15260241*0
ChargePoint Network,,,12720881,12720881,WRECC / STATION 1,21977141,247,3154081751,2024-06-09T13:00:42Z,2024-06-09T13:34:25Z,,31.624701,59.046,credit_card_terminal,Payment via credit card or debit card terminal,USCPIE12720881*1
ChargePoint Network,,,15332321,15332321,TUA NW ATLANTIC / STATION 1 (L),24867861,247,3158107981,2024-06-11T09:49:06Z,2024-06-11T09:50:28Z,,0.000000,0.0,membership,Payment by membership account and/or membership card,USCPIE15332321*1
ChargePoint Network,,,12754021,12754021,WCMES / CITYHALL1-L,22015241,247,3170989301,2024-06-16T22:37:45Z,2024-06-16T23:08:05Z,,35.062500,72.54,membership,Payment by membership account and/or membership card,USCPIE12754021*1
ChargePoint Network,,,13664401,13664401,BTES / STATION 1 (LL),23060421,247,3136969871,2024-06-01T21:21:21Z,2024-06-01T21:37:31Z,,13.714100,54.25,membership,Payment by membership account and/or membership card,USCPIE13664401*1
ChargePoint Network,,,15280471,15280471,SPRFLD ELECTRIC / STATION 1 (L),24807681,247,3141903191,2024-06-04T06:50:53Z,2024-06-04T07:15:35Z,,24.276400,62.784,membership,Payment by membership account and/or membership card,USCPIE15280471*1
ChargePoint Network,,,12720881,12720881,WRECC / STATION 1,21977141,247,3147762801,2024-06-06T15:45:48Z,2024-06-06T15:46:11Z,,0.000000,0.0,membership,Payment by membership account and/or membership card,USCPIE12720881*1
ChargePoint Network,,,8851921,8851921,7SPC / SEVIERVILLE DC1,15571271,207,3161491571,2024-06-12T16:51:44Z,2024-06-12T17:42:30Z,,33.262798,59.964,membership,Payment by membership account and/or membership card,USCPIE8851921*1
ChargePoint Network,,,13664401,13664401,BTES / STATION 1 (LL),23060421,247,3188287581,2024-06-24T20:56:10Z,2024-06-24T21:20:47Z,,21.478800,54.208,membership,Payment by membership account and/or membership card,USCPIE13664401*1
ChargePoint Network,,,15694081,15694081,BRIGHTRIDGE EV / STATION 2 (R),25291921,247,3175861391,2024-06-18T22:40:12Z,2024-06-18T23:43:41Z,,74.359200,121.968,membership,Payment by membership account and/or membership card,USCPIE15694081*1
ChargePoint Network,,,13606061,13606061,I24 EXIT11 / STATION 4 (RR),22992511,247,3157203451,2024-06-10T22:18:53Z,2024-06-10T22:42:46Z,,24.589800,75.845,membership,Payment by membership account and/or membership card,USCPIE13606061*1
ChargePoint Network,,,15694171,15694171,BRIGHTRIDGE EV / STATION 1 (L),,,3173264931,2024-06-17T22:05:59Z,2024-06-17T22:08:01Z,,0.000000,0.0,membership,Payment by membership account and/or membership card,USCPIE15694171*0
ChargePoint Network,,,1933211,1933211,BRIGHTRIDGE EV / BR-JONESBOROUGH,2283631,3,3166908961,2024-06-14T19:39:16Z,2024-06-15T01:45:15Z,,36.733238,6.0919,membership,Payment by membership account and/or membership card,USCPIE1933211*1
ChargePoint Network,,,13026471,13026471,WCMES / CITYHALL2-R,22328331,247,3136969361,2024-06-01T21:21:05Z,2024-06-01T21:21:28Z,,0.000000,0.0,membership,Payment by membership account and/or membership card,USCPIE13026471*1
ChargePoint Network,,,15548181,15548181,DECATURDOWNTWN / STATION 2 (L),25119551,247,3195861911,2024-06-27T21:22:18Z,2024-06-27T21:37:13Z,,11.351400,54.464,membership,Payment by membership account and/or membership card,USCPIE15548181*1
ChargePoint Network,,,15623231,15623231,CLW / 5TH ST 1 (L),25208301,247,3172984981,2024-06-17T20:02:15Z,2024-06-17T20:22:49Z,,23.261101,71.973,membership,Payment by membership account and/or membership card,USCPIE15623231*1
ChargePoint Network,,,14047321,14047321,JEFFERSON AVE. / OXFORD STA2(R),23514081,247,3159769551,2024-06-11T22:47:13Z,2024-06-11T23:25:59Z,,43.489498,69.498,membership,Payment by membership account and/or membership card,USCPIE14047321*1
ChargePoint Network,,,5619801,5619801,7SPC / WARREN RECC BG,9274251,3,3156363041,2024-06-10T16:03:22Z,2024-06-10T18:11:54Z,,13.047573,6.1935,membership,Payment by membership account and/or membership card,USCPIE5619801*1
ChargePoint Network,,,15694081,15694081,BRIGHTRIDGE EV / STATION 2 (R),25291921,247,3158956651,2024-06-11T16:51:24Z,2024-06-11T17:51:26Z,,56.012699,77.42,membership,Payment by membership account and/or membership card,USCPIE15694081*1
ChargePoint Network,,,1964521,1964521,EBOFG / GUNTERSVILLE PD,8374211,3,3146076371,2024-06-05T22:07:06Z,2024-06-05T22:11:58Z,,0.555383,7.3646,membership,Payment by membership account and/or membership card,USCPIE1964521*2
ChargePoint Network,,,13803581,13803581,FPU / STATION 1 (L),23227201,247,3182582301,2024-06-21T21:09:24Z,2024-06-21T21:48:03Z,,39.174301,73.875,credit_card_terminal,Payment via credit card or debit card terminal,USCPIE13803581*1
ChargePoint Network,,,1988141,1988141,7SPC / SCES DREAM MORE,2355561,3,3136442501,2024-06-01T16:27:17Z,2024-06-01T16:49:20Z,,0.264271,7.1821,membership,Payment by membership account and/or membership card,USCPIE1988141*1provider_id,station_id,site_id,charger_id,evse_id,evse_name,port_id,connector_id,session_id,session_start,session_end,session_error,energy_kwh,peak_power_kw,payment_method,payment_other,eMI3 Port id
ChargePoint Network,,,15623211,15623211,CLW / 5TH ST 2 (R),25208281,247,3168504041,2024-06-15T15:04:23Z,2024-06-15T15:29:24Z,,28.469999,69.188,membership,Payment by membership account and/or membership card,USCPIE15623211*1
ChargePoint Network,,,12406401,12406401,FPIA / RIGHT STATION,21527671,247,3159889801,2024-06-11T23:39:24Z,2024-06-12T00:01:03Z,,41.301800,122.094,membership,Payment by membership account and/or membership card,USCPIE12406401*1
ChargePoint Network,,,12406401,12406401,FPIA / RIGHT STATION,21527671,247,3159411721,2024-06-11T20:12:44Z,2024-06-11T20:14:56Z,,0.000000,0.0,membership,Payment by membership account and/or membership card,USCPIE12406401*1
ChargePoint Network,,,14097711,14097711,SCOTTSBORO EPB / SEPB DCFC (R),23570811,247,3167514391,2024-06-15T00:14:29Z,2024-06-15T00:37:18Z,,17.288200,53.801,credit_card_terminal,Payment via credit card or debit card terminal,USCPIE14097711*1
ChargePoint Network,,,13664471,13664471,BTES / STATION 3 (RM),23060511,247,3150534561,2024-06-07T17:21:11Z,2024-06-07T17:31:36Z,,12.001700,75.056,membership,Payment by membership account and/or membership card,USCPIE13664471*1
ChargePoint Network,,,14097801,14097801,SCOTTSBORO EPB / SEPB DCFC (L),23570921,247,3172717211,2024-06-17T18:02:47Z,2024-06-17T18:04:10Z,,0.000000,0.0,membership,Payment by membership account and/or membership card,USCPIE14097801*1
ChargePoint Network,,,1964521,1964521,EBOFG / GUNTERSVILLE PD,8374211,3,3135571441,2024-06-01T02:17:46Z,2024-06-01T03:17:24Z,,3.483222,3.7151,credit_card_terminal,Payment via credit card or debit card terminal,USCPIE1964521*2
ChargePoint Network,,,1988141,1988141,7SPC / SCES DREAM MORE,2355561,3,3175394331,2024-06-18T19:22:39Z,2024-06-18T21:11:33Z,,7.458848,6.9708,membership,Payment by membership account and/or membership card,USCPIE1988141*1
ChargePoint Network,,,15694171,15694171,BRIGHTRIDGE EV / STATION 1 (L),25292041,247,3159584701,2024-06-11T21:29:22Z,2024-06-11T22:07:26Z,,37.128700,76.23,membership,Payment by membership account and/or membership card,USCPIE15694171*1
ChargePoint Network,,,1933211,1933211,BRIGHTRIDGE EV / BR-JONESBOROUGH,2283641,3,3184273461,2024-06-22T19:26:46Z,2024-06-23T00:55:04Z,,32.274879,6.0791,membership,Payment by membership account and/or membership card,USCPIE1933211*2
ChargePoint Network,,,9745721,9745721,CRMC / CRMC-1 - L2LEFT,17301471,3,3156540911,2024-06-10T17:12:24Z,2024-06-10T17:14:23Z,,0.000000,0.0,membership,Payment by membership account and/or membership card,USCPIE9745721*1
ChargePoint Network,,,5384781,5384781,7SPC / TRI-COUNTY EMC,9273701,3,3164778081,2024-06-13T22:05:41Z,2024-06-13T23:56:10Z,,13.441830,7.3547,membership,Payment by membership account and/or membership card,USCPIE5384781*2
ChargePoint Network,,,5619801,5619801,7SPC / WARREN RECC BG,9274261,3,3167695911,2024-06-15T01:41:31Z,2024-06-15T01:44:47Z,,0.290349,6.2785,membership,Payment by membership account and/or membership card,USCPIE5619801*2
ChargePoint Network,,,13651631,13651631,MLEC / STATION 2 (R) H,23045821,247,3182689211,2024-06-21T21:59:41Z,2024-06-21T22:27:54Z,,16.098200,54.243,membership,Payment by membership account and/or membership card,USCPIE13651631*1
ChargePoint Network,,,13643801,13643801,PEPA / STATION 2,23036481,247,3164657371,2024-06-13T21:14:29Z,2024-06-13T21:33:03Z,,29.634199,122.583,membership,Payment by membership account and/or membership card,USCPIE13643801*1
ChargePoint Network,,,8851921,8851921,7SPC / SEVIERVILLE DC1,15571271,207,3155721881,2024-06-10T11:00:48Z,2024-06-10T11:20:25Z,,17.767599,58.279,membership,Payment by membership account and/or membership card,USCPIE8851921*1
ChargePoint Network,,,13664471,13664471,BTES / STATION 3 (RM),23060511,247,3200201841,2024-06-29T22:39:36Z,2024-06-29T23:03:03Z,,24.140400,65.797,membership,Payment by membership account and/or membership card,USCPIE13664471*1
ChargePoint Network,,,15623211,15623211,CLW / 5TH ST 2 (R),25208281,247,3138230101,2024-06-02T16:45:03Z,2024-06-02T16:52:03Z,,0.000000,0.0,other,Any other payment method not specified above. Additional description should be provided in Payment Method Description.,USCPIE15623211*1
ChargePoint Network,,,15623211,15623211,CLW / 5TH ST 2 (R),25208281,247,3185295321,2024-06-23T07:32:06Z,2024-06-23T08:40:23Z,,69.936600,97.154,membership,Payment by membership account and/or membership card,USCPIE15623211*1
ChargePoint Network,,,13880891,13880891,MU / MUC MAIN OFFICE,23319021,3,3166518221,2024-06-14T16:40:22Z,2024-06-14T20:30:33Z,,10.481586,7.1425,membership,Payment by membership account and/or membership card,USCPIE13880891*2
ChargePoint Network,,,1921351,1921351,STARKVILLE UTIL / STARKVILLE DWTN,23682571,3,3161502081,2024-06-12T16:53:53Z,2024-06-12T16:55:52Z,,0.000000,,credit_card_terminal,Payment via credit card or debit card terminal,USCPIE1921351*1
ChargePoint Network,,,14359491,14359491,EBOFG / STATION 1 (L),23870291,247,3136512161,2024-06-01T17:08:22Z,2024-06-01T17:13:34Z,,0.000000,0.0,membership,Payment by membership account and/or membership card,USCPIE14359491*1
ChargePoint Network,,,1964521,1964521,EBOFG / GUNTERSVILLE PD,8374211,3,3156491991,2024-06-10T16:52:35Z,2024-06-10T21:31:30Z,,10.352975,3.691,membership,Payment by membership account and/or membership card,USCPIE1964521*2
ChargePoint Network,,,13606121,13606121,I24 EXIT11 / STATION 2 (LM),22992591,247,3156115401,2024-06-10T14:39:15Z,2024-06-10T15:24:57Z,,45.091000,73.566,membership,Payment by membership account and/or membership card,USCPIE13606121*1
ChargePoint Network,,,14047321,14047321,JEFFERSON AVE. / OXFORD STA2(R),23514081,247,3153645451,2024-06-09T02:57:02Z,2024-06-09T03:21:34Z,,28.881100,88.156,membership,Payment by membership account and/or membership card,USCPIE14047321*1
ChargePoint Network,,,15280471,15280471,SPRFLD ELECTRIC / STATION 1 (L),24807681,247,3193103621,2024-06-26T19:48:03Z,2024-06-26T20:17:46Z,,30.263201,63.231,membership,Payment by membership account and/or membership card,USCPIE15280471*1
ChargePoint Network,,,5380331,5380331,CULLMAN PB / STATION 1,8970961,3,3138710231,2024-06-02T21:31:16Z,2024-06-02T21:33:18Z,,0.000000,0.0,membership,Payment by membership account and/or membership card,USCPIE5380331*2
ChargePoint Network,,,5619801,5619801,7SPC / WARREN RECC BG,9274261,3,3151400231,2024-06-07T23:54:43Z,2024-06-08T00:03:32Z,,0.865040,6.1709,credit_card_terminal,Payment via credit card or debit card terminal,USCPIE5619801*2
ChargePoint Network,,,5466441,5466441,7SPC / NASA USSRC R,9079361,3,3138235261,2024-06-02T16:47:46Z,2024-06-02T18:21:39Z,,9.594926,,credit_card_terminal,Payment via credit card or debit card terminal,USCPIE5466441*1
ChargePoint Network,,,15885771,15885771,TWICKENHAM SQ / HU - STATION 4,25521581,247,3190925271,2024-06-25T22:19:14Z,2024-06-25T22:30:32Z,,10.452800,76.781,membership,Payment by membership account and/or membership card,USCPIE15885771*1
ChargePoint Network,,,13292801,13292801,LODGE CAST IRON / STORE & MUSEUM,22637561,3,3138573751,2024-06-02T20:15:16Z,2024-06-02T21:00:35Z,,5.083698,7.0519,membership,Payment by membership account and/or membership card,USCPIE13292801*2
ChargePoint Network,,,12720881,12720881,WRECC / STATION 1,21977141,100011,3199994521,2024-06-29T20:35:15Z,2024-06-29T21:18:23Z,,27.132000,52.958,membership,Payment by membership account and/or membership card,USCPIE12720881*1
ChargePoint Network,,,13643801,13643801,PEPA / STATION 2,23036481,247,3177411041,2024-06-19T17:47:29Z,2024-06-19T17:48:09Z,,0.000000,0.0,membership,Payment by membership account and/or membership card,USCPIE13643801*1
ChargePoint Network,,,12676411,12676411,NEMEPA / NEMEPA CUSTOMER,21923891,3,3153011521,2024-06-08T20:48:51Z,2024-06-08T21:28:28Z,,3.872348,5.9706,credit_card_terminal,Payment via credit card or debit card terminal,USCPIE12676411*1
ChargePoint Network,,,13026471,13026471,WCMES / CITYHALL2-R,22328331,247,3191342791,2024-06-26T01:24:20Z,2024-06-26T01:52:10Z,,22.020300,72.519,membership,Payment by membership account and/or membership card,USCPIE13026471*1
ChargePoint Network,,,7505851,7505851,JEFFERSON AVE. / OXFORD STA1(L),12955471,247,3167634301,2024-06-15T01:09:08Z,2024-06-15T01:23:37Z,,18.185200,78.208,membership,Payment by membership account and/or membership card,USCPIE7505851*1
ChargePoint Network,,,15260251,15260251,STEMC / STATION 2 (R) A,24784081,247,3195320651,2024-06-27T17:21:34Z,2024-06-27T17:24:01Z,,0.000000,0.0,membership,Payment by membership account and/or membership card,USCPIE15260251*1
ChargePoint Network,,,13292801,13292801,LODGE CAST IRON / STORE & MUSEUM,22637561,3,3164253921,2024-06-13T18:21:17Z,2024-06-13T19:42:38Z,,9.193427,6.9094,membership,Payment by membership account and/or membership card,USCPIE13292801*2
ChargePoint Network,,,5346231,5346231,CULLMANELECTRIC / STATION2-R,8926271,247,3135702701,2024-06-01T03:25:49Z,2024-06-01T03:26:25Z,,0.000000,0.0,membership,Payment by membership account and/or membership card,USCPIE5346231*1
ChargePoint Network,,,1988061,1988061,7SPC / SCES DOLLYWOOD,25499831,3,3184363921,2024-06-22T20:20:23Z,2024-06-23T01:52:53Z,,35.966331,6.5225,membership,Payment by membership account and/or membership card,USCPIE1988061*1
ChargePoint Network,,,13606141,13606141,I24 EXIT11 / STATION 1 (LL),22992611,247,3137987761,2024-06-02T13:09:41Z,2024-06-02T14:33:31Z,,39.759399,53.099,membership,Payment by membership account and/or membership card,USCPIE13606141*1
ChargePoint Network,,,8851921,8851921,7SPC / SEVIERVILLE DC1,15571271,207,3138599701,2024-06-02T20:30:22Z,2024-06-02T21:26:22Z,,50.215099,56.923,membership,Payment by membership account and/or membership card,USCPIE8851921*1
ChargePoint Network,,,15694171,15694171,BRIGHTRIDGE EV / STATION 1 (L),25292041,247,3197401691,2024-06-28T15:13:17Z,2024-06-28T15:35:18Z,,15.654400,104.0,membership,Payment by membership account and/or membership card,USCPIE15694171*1
ChargePoint Network,,,5466441,5466441,7SPC / NASA USSRC R,9079361,3,3154154721,2024-06-09T14:24:16Z,2024-06-09T19:58:26Z,,34.179806,6.2636,membership,Payment by membership account and/or membership card,USCPIE5466441*1
ChargePoint Network,,,14097711,14097711,SCOTTSBORO EPB / SEPB DCFC (R),23570811,247,3143279471,2024-06-04T20:16:52Z,2024-06-04T20:53:16Z,,37.634899,70.455,membership,Payment by membership account and/or membership card,USCPIE14097711*1
ChargePoint Network,,,13290491,13290491,7SPC / NASA USSRC L,22634931,3,3166549411,2024-06-14T16:53:26Z,2024-06-14T18:47:15Z,,5.267640,6.0087,membership,Payment by membership account and/or membership card,USCPIE13290491*1
ChargePoint Network,,,13966031,13966031,BEA / STATION 4 (RR),,,3196550231,2024-06-28T02:44:13Z,2024-06-28T02:46:15Z,,0.000000,,membership,Payment by membership account and/or membership card,USCPIE13966031*0
ChargePoint Network,,,5619801,5619801,7SPC / WARREN RECC BG,9274261,3,3155942251,2024-06-10T13:19:00Z,2024-06-10T13:22:32Z,,0.285559,6.0783,credit_card_terminal,Payment via credit card or debit card terminal,USCPIE5619801*2
ChargePoint Network,,,13664501,13664501,BTES / STATION 4 (RR),23060561,247,3193910231,2024-06-27T01:41:10Z,2024-06-27T01:42:47Z,,0.000000,0.0,membership,Payment by membership account and/or membership card,USCPIE13664501*1
ChargePoint Network,,,12720861,12720861,WRECC / STATION 2,21977121,247,3199772851,2024-06-29T18:22:31Z,2024-06-29T19:06:30Z,,36.496899,73.629,credit_card_terminal,Payment via credit card or debit card terminal,USCPIE12720861*1
ChargePoint Network,,,7505851,7505851,JEFFERSON AVE. / OXFORD STA1(L),12955471,247,3135777371,2024-06-01T04:05:25Z,2024-06-01T04:06:33Z,,0.000000,0.0,membership,Payment by membership account and/or membership card,USCPIE7505851*1
ChargePoint Network,,,1932851,1932851,BRIGHTRIDGE EV / BR-JC LIBRARY,23319811,3,3159095741,2024-06-11T17:54:14Z,2024-06-11T17:54:48Z,,0.000000,,other,Any other payment method not specified above. Additional description should be provided in Payment Method Description.,USCPIE1932851*1
ChargePoint Network,,,12406491,12406491,FPIA / LEFT STATION,21527781,247,3154563461,2024-06-09T19:12:15Z,2024-06-09T19:13:00Z,,0.000000,0.0,membership,Payment by membership account and/or membership card,USCPIE12406491*1
ChargePoint Network,,,15332351,15332351,TUA NW ATLANTIC / STATION 2 (R),24867891,247,3187529081,2024-06-24T15:26:26Z,2024-06-24T16:32:34Z,,64.265701,64.407,credit_card_terminal,Payment via credit card or debit card terminal,USCPIE15332351*1
ChargePoint Network,,,15280471,15280471,SPRFLD ELECTRIC / STATION 1 (L),24807681,247,3198174771,2024-06-28T21:01:21Z,2024-06-28T22:10:26Z,,48.159801,61.368,membership,Payment by membership account and/or membership card,USCPIE15280471*1
ChargePoint Network,,,14047321,14047321,JEFFERSON AVE. / OXFORD STA2(R),23514081,247,3191397671,2024-06-26T01:52:35Z,2024-06-26T02:24:28Z,,34.199799,66.388,membership,Payment by membership account and/or membership card,USCPIE14047321*1
ChargePoint Network,,,1988141,1988141,7SPC / SCES DREAM MORE,2355561,3,3169192361,2024-06-15T21:51:15Z,2024-06-16T01:55:41Z,,28.495203,7.0793,phone_online,"Payment through mobile app, website, automated phone number or messaging system",USCPIE1988141*1
ChargePoint Network,,,5466441,5466441,7SPC / NASA USSRC R,9079361,3,3151001601,2024-06-07T20:49:11Z,2024-06-07T22:07:37Z,,8.001059,6.2017,membership,Payment by membership account and/or membership card,USCPIE5466441*1
ChargePoint Network,,,15640171,15640171,NECDC / STATION 2 (R),25228711,247,3168435681,2024-06-15T14:12:51Z,2024-06-15T14:20:25Z,,6.682900,63.726,membership,Payment by membership account and/or membership card,USCPIE15640171*1
ChargePoint Network,,,15742641,15742641,GEA-1 / STATION 2 (R),25349301,100011,3142750991,2024-06-04T16:19:49Z,2024-06-04T17:22:38Z,,21.461100,52.439,membership,Payment by membership account and/or membership card,USCPIE15742641*1
ChargePoint Network,,,13606121,13606121,I24 EXIT11 / STATION 2 (LM),22992591,247,3180266561,2024-06-20T21:37:58Z,2024-06-20T22:04:33Z,,30.794701,85.371,membership,Payment by membership account and/or membership card,USCPIE13606121*1
ChargePoint Network,,,14359531,14359531,EBOFG / STATION 2 (R),23870331,247,3185673771,2024-06-23T16:54:39Z,2024-06-23T17:19:44Z,,29.019300,73.629,membership,Payment by membership account and/or membership card,USCPIE14359531*1
ChargePoint Network,,,13606141,13606141,I24 EXIT11 / STATION 1 (LL),22992611,247,3170391041,2024-06-16T16:26:48Z,2024-06-16T16:29:21Z,,0.085300,0.0,credit_card_terminal,Payment via credit card or debit card terminal,USCPIE13606141*1
ChargePoint Network,,,13606091,13606091,I24 EXIT11 / STATION 3 (RM),22992551,247,3165325531,2024-06-14T02:03:36Z,2024-06-14T02:56:46Z,,44.389500,73.283,membership,Payment by membership account and/or membership card,USCPIE13606091*1
ChargePoint Network,,,5445161,5445161,7SPC / UC - LIVINGSTON,9052351,3,3170873531,2024-06-16T21:28:41Z,2024-06-16T23:32:26Z,,14.489774,7.1076,membership,Payment by membership account and/or membership card,USCPIE5445161*2
ChargePoint Network,,,15332321,15332321,TUA NW ATLANTIC / STATION 1 (L),24867861,247,3158106551,2024-06-11T09:45:21Z,2024-06-11T09:48:30Z,,0.000000,0.0,membership,Payment by membership account and/or membership card,USCPIE15332321*1
ChargePoint Network,,,5122191,5122191,CULLMANELECTRIC / STATION1-L,8482151,247,3145324621,2024-06-05T16:37:10Z,2024-06-05T16:53:02Z,,13.875200,55.38,membership,Payment by membership account and/or membership card,USCPIE5122191*1
ChargePoint Network,,,5397731,5397731,EEDEV / MILLIGAN UNIV,9010261,3,3170219681,2024-06-16T14:01:42Z,2024-06-16T16:19:43Z,,16.387426,7.2125,membership,Payment by membership account and/or membership card,USCPIE5397731*2
ChargePoint Network,,,5466441,5466441,7SPC / NASA USSRC R,9079361,3,3184624581,2024-06-22T22:58:33Z,2024-06-23T03:24:08Z,,15.215118,6.2588,membership,Payment by membership account and/or membership card,USCPIE5466441*1
ChargePoint Network,,,5346231,5346231,CULLMANELECTRIC / STATION2-R,8926271,247,3157187491,2024-06-10T22:11:27Z,2024-06-10T22:57:38Z,,59.696098,123.845,membership,Payment by membership account and/or membership card,USCPIE5346231*1
ChargePoint Network,,,8851921,8851921,7SPC / SEVIERVILLE DC1,15571271,207,3179873031,2024-06-20T18:51:59Z,2024-06-20T20:29:33Z,,51.902901,55.998,membership,Payment by membership account and/or membership card,USCPIE8851921*1
ChargePoint Network,,,13606091,13606091,I24 EXIT11 / STATION 3 (RM),22992551,247,3173341461,2024-06-17T22:41:38Z,2024-06-17T22:53:51Z,,13.424600,71.148,membership,Payment by membership account and/or membership card,USCPIE13606091*1
ChargePoint Network,,,13606091,13606091,I24 EXIT11 / STATION 3 (RM),22992551,247,3160533721,2024-06-12T05:35:33Z,2024-06-12T07:59:08Z,,49.056400,76.814,membership,Payment by membership account and/or membership card,USCPIE13606091*1
ChargePoint Network,,,14097711,14097711,SCOTTSBORO EPB / SEPB DCFC (R),23570811,247,3138720301,2024-06-02T21:39:06Z,2024-06-02T22:15:45Z,,23.528799,69.188,credit_card_terminal,Payment via credit card or debit card terminal,USCPIE14097711*1
ChargePoint Network,,,15548151,15548151,DECATURDOWNTWN / STATION 1 (R),25119511,247,3166823021,2024-06-14T19:01:21Z,2024-06-14T19:25:44Z,,18.823900,75.648,membership,Payment by membership account and/or membership card,USCPIE15548151*1
ChargePoint Network,,,15623211,15623211,CLW / 5TH ST 2 (R),25208281,247,3152415251,2024-06-08T14:57:44Z,2024-06-08T15:09:36Z,,10.277300,52.667,membership,Payment by membership account and/or membership card,USCPIE15623211*1
ChargePoint Network,,,13664471,13664471,BTES / STATION 3 (RM),23060511,247,3196306191,2024-06-28T00:39:35Z,2024-06-28T00:53:23Z,,22.038500,119.194,membership,Payment by membership account and/or membership card,USCPIE13664471*1
ChargePoint Network,,,5122191,5122191,CULLMANELECTRIC / STATION1-L,8482151,247,3175272271,2024-06-18T18:28:32Z,2024-06-18T19:30:01Z,,57.875801,123.069,membership,Payment by membership account and/or membership card,USCPIE5122191*1
ChargePoint Network,,,12406401,12406401,FPIA / RIGHT STATION,21527671,247,3151070351,2024-06-07T21:19:17Z,2024-06-07T22:10:20Z,,49.046101,73.678,membership,Payment by membership account and/or membership card,USCPIE12406401*1
ChargePoint Network,,,5625391,5625391,7SPC / VEC JAMESTOWN,9280961,3,3164326301,2024-06-13T18:54:29Z,2024-06-13T20:22:39Z,,10.861570,7.4985,membership,Payment by membership account and/or membership card,USCPIE5625391*1
ChargePoint Network,,,13664401,13664401,BTES / STATION 1 (LL),23060421,247,3146086691,2024-06-05T22:11:22Z,2024-06-05T22:18:23Z,,5.871700,54.284,membership,Payment by membership account and/or membership card,USCPIE13664401*1
ChargePoint Network,,,13664401,13664401,BTES / STATION 1 (LL),23060421,247,3199891161,2024-06-29T19:33:14Z,2024-06-29T20:00:59Z,,27.641899,62.0,membership,Payment by membership account and/or membership card,USCPIE13664401*1
ChargePoint Network,,,14097801,14097801,SCOTTSBORO EPB / SEPB DCFC (L),23570921,247,3145617041,2024-06-05T18:52:13Z,2024-06-05T19:29:24Z,,38.443100,69.93,membership,Payment by membership account and/or membership card,USCPIE14097801*1
ChargePoint Network,,,14355251,14355251,HARTSELLE 1 / STATION 2 (R),23865691,247,3179655011,2024-06-20T17:07:26Z,2024-06-20T17:51:06Z,,25.700300,65.36,credit_card_terminal,Payment via credit card or debit card terminal,USCPIE14355251*1
ChargePoint Network,,,7173851,7173851,SCOTTSBORO EPB / MAIN OFFICE,12310861,3,3152245511,2024-06-08T12:19:17Z,2024-06-08T16:24:17Z,,28.614532,7.0793,membership,Payment by membership account and/or membership card,USCPIE7173851*1
ChargePoint Network,,,15694081,15694081,BRIGHTRIDGE EV / STATION 2 (R),25291921,247,3158210331,2024-06-11T11:38:57Z,2024-06-11T12:07:24Z,,22.095301,123.379,membership,Payment by membership account and/or membership card,USCPIE15694081*1
ChargePoint Network,,,15280471,15280471,SPRFLD ELECTRIC / STATION 1 (L),24807681,247,3153023561,2024-06-08T20:55:59Z,2024-06-08T21:32:03Z,,9.021100,43.5,credit_card_terminal,Payment via credit card or debit card terminal,USCPIE15280471*1
ChargePoint Network,,,5346231,5346231,CULLMANELECTRIC / STATION2-R,8926271,247,3148453881,2024-06-06T20:31:50Z,2024-06-06T20:39:42Z,,13.345400,0.0,membership,Payment by membership account and/or membership card,USCPIE5346231*1
ChargePoint Network,,,1988141,1988141,7SPC / SCES DREAM MORE,2355561,3,3187470981,2024-06-24T15:04:26Z,2024-06-24T22:48:29Z,,51.964405,6.8026,membership,Payment by membership account and/or membership card,USCPIE1988141*1
ChargePoint Network,,,14097711,14097711,SCOTTSBORO EPB / SEPB DCFC (R),23570811,247,3155098111,2024-06-10T00:12:48Z,2024-06-10T00:50:37Z,,33.551800,60.249,membership,Payment by membership account and/or membership card,USCPIE14097711*1
ChargePoint Network,,,15623231,15623231,CLW / 5TH ST 1 (L),25208301,247,3182412941,2024-06-21T19:52:25Z,2024-06-21T20:21:25Z,,27.560699,58.976,membership,Payment by membership account and/or membership card,USCPIE15623231*1
ChargePoint Network,,,15885151,15885151,TWICKENHAM SQ / HU - STATION 2,25520801,247,3193088941,2024-06-26T19:41:31Z,2024-06-26T19:53:10Z,,8.014500,52.243,membership,Payment by membership account and/or membership card,USCPIE15885151*1
ChargePoint Network,,,14025691,14025691,PARIS BPU / STATION 1(L),23489541,247,3166852141,2024-06-14T19:14:08Z,2024-06-14T20:10:09Z,,24.344101,54.98,credit_card_terminal,Payment via credit card or debit card terminal,USCPIE14025691*1
ChargePoint Network,,,1988141,1988141,7SPC / SCES DREAM MORE,2355561,3,3180290171,2024-06-20T21:48:13Z,2024-06-21T12:01:50Z,,62.451519,6.9695,membership,Payment by membership account and/or membership card,USCPIE1988141*1
ChargePoint Network,,,8851921,8851921,7SPC / SEVIERVILLE DC1,15571271,207,3194555871,2024-06-27T12:09:52Z,2024-06-27T12:51:48Z,,36.844601,59.905,membership,Payment by membership account and/or membership card,USCPIE8851921*1
ChargePoint Network,,,5625391,5625391,7SPC / VEC JAMESTOWN,9280971,3,3161979301,2024-06-12T20:26:05Z,2024-06-12T23:19:43Z,,21.064268,7.4199,credit_card_terminal,Payment via credit card or debit card terminal,USCPIE5625391*2
ChargePoint Network,,,5363211,5363211,HARTSELLE 1 / HARTSELLE 1,23427581,3,3173065291,2024-06-17T20:38:16Z,2024-06-17T20:50:16Z,,1.320552,6.798,membership,Payment by membership account and/or membership card,USCPIE5363211*2
ChargePoint Network,,,13966811,13966811,BEA / STATION 2 (LM),23420881,247,3183995981,2024-06-22T16:38:07Z,2024-06-22T17:43:34Z,,35.762901,53.874,membership,Payment by membership account and/or membership card,USCPIE13966811*1
ChargePoint Network,,,5424051,5424051,EEDEV / ELIZ DOWNTOWN,9026991,3,3142686161,2024-06-04T15:57:33Z,2024-06-04T18:11:38Z,,6.889098,3.6072,membership,Payment by membership account and/or membership card,USCPIE5424051*1
ChargePoint Network,,,5122191,5122191,CULLMANELECTRIC / STATION1-L,8482151,247,3179983801,2024-06-20T19:39:30Z,2024-06-20T19:54:44Z,,17.325701,70.685,membership,Payment by membership account and/or membership card,USCPIE5122191*1
ChargePoint Network,,,15548181,15548181,DECATURDOWNTWN / STATION 2 (L),25119551,247,3157093331,2024-06-10T21:30:27Z,2024-06-10T22:20:13Z,,56.467499,75.239,credit_card_terminal,Payment via credit card or debit card terminal,USCPIE15548181*1
ChargePoint Network,,,15332321,15332321,TUA NW ATLANTIC / STATION 1 (L),24867861,247,3178317111,2024-06-20T01:46:44Z,2024-06-20T02:06:51Z,,26.464300,84.044,membership,Payment by membership account and/or membership card,USCPIE15332321*1
ChargePoint Network,,,13966031,13966031,BEA / STATION 4 (RR),23419961,247,3143315281,2024-06-04T20:32:39Z,2024-06-04T20:49:51Z,,19.875601,74.071,membership,Payment by membership account and/or membership card,USCPIE13966031*1
ChargePoint Network,,,15623231,15623231,CLW / 5TH ST 1 (L),25208301,247,3180658341,2024-06-21T00:30:43Z,2024-06-21T03:40:27Z,,46.442699,53.654,membership,Payment by membership account and/or membership card,USCPIE15623231*1
ChargePoint Network,,,5384781,5384781,7SPC / TRI-COUNTY EMC,9273701,3,3154571901,2024-06-09T19:17:29Z,2024-06-09T20:54:20Z,,11.666665,7.2716,membership,Payment by membership account and/or membership card,USCPIE5384781*2
ChargePoint Network,,,13606061,13606061,I24 EXIT11 / STATION 4 (RR),22992511,247,3189094341,2024-06-25T03:38:15Z,2024-06-25T04:24:31Z,,33.112099,82.739,membership,Payment by membership account and/or membership card,USCPIE13606061*1
ChargePoint Network,,,13966851,13966851,BEA / STATION 1 (LL),23420911,247,3154415751,2024-06-09T17:40:21Z,2024-06-09T17:41:14Z,,0.000000,0.0,membership,Payment by membership account and/or membership card,USCPIE13966851*1
ChargePoint Network,,,13606091,13606091,I24 EXIT11 / STATION 3 (RM),22992551,247,3199630081,2024-06-29T16:54:50Z,2024-06-29T17:09:39Z,,13.405200,76.041,membership,Payment by membership account and/or membership card,USCPIE13606091*1
ChargePoint Network,,,1932851,1932851,BRIGHTRIDGE EV / BR-JC LIBRARY,23319811,3,3199603211,2024-06-29T16:36:24Z,2024-06-29T16:37:26Z,,0.005664,3.892,membership,Payment by membership account and/or membership card,USCPIE1932851*1
ChargePoint Network,,,8851921,8851921,7SPC / SEVIERVILLE DC1,15571271,207,3166903521,2024-06-14T19:37:08Z,2024-06-14T21:14:30Z,,59.198399,59.751,membership,Payment by membership account and/or membership card,USCPIE8851921*1
ChargePoint Network,,,12720861,12720861,WRECC / STATION 2,21977121,247,3177493721,2024-06-19T18:36:16Z,2024-06-19T18:58:42Z,,25.813801,73.4,membership,Payment by membership account and/or membership card,USCPIE12720861*1
ChargePoint Network,,,8851921,8851921,7SPC / SEVIERVILLE DC1,15571271,207,3174344701,2024-06-18T12:01:59Z,2024-06-18T13:35:56Z,,58.204201,60.097,membership,Payment by membership account and/or membership card,USCPIE8851921*1
ChargePoint Network,,,1844191,1844191,CLW / MAIN ST,23050431,3,3159630351,2024-06-11T21:48:13Z,2024-06-12T00:02:35Z,,16.115007,7.2999,credit_card_terminal,Payment via credit card or debit card terminal,USCPIE1844191*1
ChargePoint Network,,,8851921,8851921,7SPC / SEVIERVILLE DC1,15571271,207,3197996841,2024-06-28T19:40:46Z,2024-06-28T20:32:37Z,,50.497601,61.715,membership,Payment by membership account and/or membership card,USCPIE8851921*1
ChargePoint Network,,,15623231,15623231,CLW / 5TH ST 1 (L),25208301,247,3192033511,2024-06-26T12:23:39Z,2024-06-26T13:21:48Z,,69.354401,86.385,membership,Payment by membership account and/or membership card,USCPIE15623231*1
ChargePoint Network,,,682921,682921,7SPC / TVPPA OFFICE,9117261,3,3170579901,2024-06-16T18:30:56Z,2024-06-16T21:21:29Z,,17.495255,6.2347,membership,Payment by membership account and/or membership card,USCPIE682921*2
ChargePoint Network,,,13664501,13664501,BTES / STATION 4 (RR),23060561,247,3165990531,2024-06-14T12:42:58Z,2024-06-14T12:48:48Z,,9.621400,109.494,membership,Payment by membership account and/or membership card,USCPIE13664501*1
ChargePoint Network,,,13664471,13664471,BTES / STATION 3 (RM),23060511,247,3169575461,2024-06-16T01:24:22Z,2024-06-16T01:53:58Z,,32.424801,75.845,credit_card_terminal,Payment via credit card or debit card terminal,USCPIE13664471*1
ChargePoint Network,,,13606141,13606141,I24 EXIT11 / STATION 1 (LL),22992611,247,3166966151,2024-06-14T20:03:55Z,2024-06-14T20:05:38Z,,0.160400,0.0,membership,Payment by membership account and/or membership card,USCPIE13606141*1
ChargePoint Network,,,13803581,13803581,FPU / STATION 1 (L),23227201,247,3194855241,2024-06-27T14:29:43Z,2024-06-27T15:17:01Z,,31.081100,61.047,membership,Payment by membership account and/or membership card,USCPIE13803581*1
ChargePoint Network,,,13664471,13664471,BTES / STATION 3 (RM),23060511,247,3172594481,2024-06-17T17:03:22Z,2024-06-17T17:40:51Z,,29.651600,73.283,membership,Payment by membership account and/or membership card,USCPIE13664471*1
ChargePoint Network,,,12406491,12406491,FPIA / LEFT STATION,21527781,247,3154554971,2024-06-09T19:06:49Z,2024-06-09T19:11:55Z,,0.000000,0.0,membership,Payment by membership account and/or membership card,USCPIE12406491*1
ChargePoint Network,,,13664471,13664471,BTES / STATION 3 (RM),23060511,247,3154147171,2024-06-09T14:18:00Z,2024-06-09T14:47:02Z,,20.964100,74.25,membership,Payment by membership account and/or membership card,USCPIE13664471*1
ChargePoint Network,,,5466441,5466441,7SPC / NASA USSRC R,9079361,3,3195331671,2024-06-27T17:25:21Z,2024-06-27T17:27:21Z,,0.000000,0.0,membership,Payment by membership account and/or membership card,USCPIE5466441*1
ChargePoint Network,,,14359531,14359531,EBOFG / STATION 2 (R),23870331,247,3185668431,2024-06-23T16:51:07Z,2024-06-23T16:52:52Z,,0.000000,0.0,membership,Payment by membership account and/or membership card,USCPIE14359531*1
ChargePoint Network,,,14097711,14097711,SCOTTSBORO EPB / SEPB DCFC (R),23570811,247,3172731631,2024-06-17T18:10:06Z,2024-06-17T18:23:50Z,,15.001500,72.912,membership,Payment by membership account and/or membership card,USCPIE14097711*1
ChargePoint Network,,,15280471,15280471,SPRFLD ELECTRIC / STATION 1 (L),24807681,247,3144635441,2024-06-05T11:49:13Z,2024-06-05T13:17:28Z,,55.675098,62.088,membership,Payment by membership account and/or membership card,USCPIE15280471*1
ChargePoint Network,,,15332351,15332351,TUA NW ATLANTIC / STATION 2 (R),24867891,247,3158109091,2024-06-11T09:51:33Z,2024-06-11T12:11:08Z,,68.778099,54.096,membership,Payment by membership account and/or membership card,USCPIE15332351*1
ChargePoint Network,,,13659831,13659831,LAWRENCEBURG / STATION 1 (L),23054881,247,3147396811,2024-06-06T13:24:29Z,2024-06-06T13:44:29Z,,22.806000,71.279,membership,Payment by membership account and/or membership card,USCPIE13659831*1
ChargePoint Network,,,5565241,5565241,7SPC / SCES LECONTE 4,9205101,3,3195371331,2024-06-27T17:45:56Z,2024-06-27T19:13:52Z,,3.360194,3.7516,membership,Payment by membership account and/or membership card,USCPIE5565241*1
ChargePoint Network,,,13290491,13290491,7SPC / NASA USSRC L,22634941,3,3166717771,2024-06-14T18:12:04Z,2024-06-14T21:46:20Z,,5.537285,5.8897,membership,Payment by membership account and/or membership card,USCPIE13290491*2
ChargePoint Network,,,13606091,13606091,I24 EXIT11 / STATION 3 (RM),22992551,247,3159036561,2024-06-11T17:26:39Z,2024-06-11T18:26:30Z,,45.889801,54.9,membership,Payment by membership account and/or membership card,USCPIE13606091*1
ChargePoint Network,,,5380331,5380331,CULLMAN PB / STATION 1,8970951,3,3175902421,2024-06-18T22:58:05Z,2024-06-19T00:20:22Z,,9.796190,7.2042,credit_card_terminal,Payment via credit card or debit card terminal,USCPIE5380331*1
ChargePoint Network,,,5445161,5445161,7SPC / UC - LIVINGSTON,9052351,3,3198082591,2024-06-28T20:18:15Z,2024-06-29T16:38:28Z,,60.037304,7.0944,membership,Payment by membership account and/or membership card,USCPIE5445161*2
ChargePoint Network,,,5424051,5424051,EEDEV / ELIZ DOWNTOWN,9026991,3,3168355611,2024-06-15T13:01:02Z,2024-06-15T13:22:29Z,,2.583974,7.4015,membership,Payment by membership account and/or membership card,USCPIE5424051*1
ChargePoint Network,,,15684341,15684341,MLEC / STATION 2 (R) W,25280201,247,3183613441,2024-06-22T09:18:38Z,2024-06-22T10:30:36Z,,60.487202,58.212,membership,Payment by membership account and/or membership card,USCPIE15684341*1
ChargePoint Network,,,15332351,15332351,TUA NW ATLANTIC / STATION 2 (R),24867891,247,3200071341,2024-06-29T21:20:56Z,2024-06-29T21:33:13Z,,14.299800,81.9,membership,Payment by membership account and/or membership card,USCPIE15332351*1
ChargePoint Network,,,13664471,13664471,BTES / STATION 3 (RM),23060511,247,3179707471,2024-06-20T17:31:27Z,2024-06-20T17:56:18Z,,39.754002,118.426,membership,Payment by membership account and/or membership card,USCPIE13664471*1
ChargePoint Network,,,13664471,13664471,BTES / STATION 3 (RM),23060511,247,3137539301,2024-06-02T02:43:58Z,2024-06-02T05:39:59Z,,30.630501,74.052,membership,Payment by membership account and/or membership card,USCPIE13664471*1
ChargePoint Network,,,15548181,15548181,DECATURDOWNTWN / STATION 2 (L),25119551,247,3188899431,2024-06-25T01:43:42Z,2024-06-25T01:49:49Z,,7.269700,83.627,membership,Payment by membership account and/or membership card,USCPIE15548181*1
ChargePoint Network,,,5565291,5565291,7SPC / SCES LECONTE 1,9205191,3,3169456821,2024-06-16T00:17:37Z,2024-06-16T11:45:47Z,,72.653748,7.3581,membership,Payment by membership account and/or membership card,USCPIE5565291*1
ChargePoint Network,,,15885771,15885771,TWICKENHAM SQ / HU - STATION 4,25521581,247,3185768371,2024-06-23T17:54:22Z,2024-06-23T18:06:36Z,,8.385100,48.5,membership,Payment by membership account and/or membership card,USCPIE15885771*1
ChargePoint Network,,,1933211,1933211,BRIGHTRIDGE EV / BR-JONESBOROUGH,2283631,3,3138150401,2024-06-02T15:48:02Z,2024-06-02T23:06:02Z,,43.972343,6.0814,membership,Payment by membership account and/or membership card,USCPIE1933211*1
ChargePoint Network,,,15640031,15640031,NECDC / STATION 1 (L),25228511,247,3174405171,2024-06-18T12:36:05Z,2024-06-18T13:48:46Z,,63.566601,84.744,membership,Payment by membership account and/or membership card,USCPIE15640031*1
ChargePoint Network,,,13664401,13664401,BTES / STATION 1 (LL),23060421,247,3182269371,2024-06-21T18:46:16Z,2024-06-21T19:06:16Z,,17.275900,55.403,membership,Payment by membership account and/or membership card,USCPIE13664401*1
ChargePoint Network,,,5619801,5619801,7SPC / WARREN RECC BG,9274261,3,3186719231,2024-06-24T03:18:48Z,2024-06-24T07:27:03Z,,24.652555,6.2938,membership,Payment by membership account and/or membership card,USCPIE5619801*2
ChargePoint Network,,,5354011,5354011,7SPC / GREENEVILLE TA,8936791,207,3184905901,2024-06-23T01:46:19Z,2024-06-23T02:48:06Z,,50.343399,60.723,membership,Payment by membership account and/or membership card,USCPIE5354011*1
ChargePoint Network,,,12720881,12720881,WRECC / STATION 1,21977141,247,3193120891,2024-06-26T19:54:46Z,2024-06-26T20:34:46Z,,55.655499,124.0,membership,Payment by membership account and/or membership card,USCPIE12720881*1
ChargePoint Network,,,5122191,5122191,CULLMANELECTRIC / STATION1-L,8482151,247,3152707751,2024-06-08T17:59:03Z,2024-06-08T18:34:07Z,,29.943501,54.464,membership,Payment by membership account and/or membership card,USCPIE5122191*1
ChargePoint Network,,,13606061,13606061,I24 EXIT11 / STATION 4 (RR),22992511,247,3144797061,2024-06-05T13:15:04Z,2024-06-05T14:06:00Z,,38.384499,76.031,membership,Payment by membership account and/or membership card,USCPIE13606061*1
ChargePoint Network,,,5346231,5346231,CULLMANELECTRIC / STATION2-R,8926271,247,3142059731,2024-06-04T11:11:05Z,2024-06-04T11:39:12Z,,15.882000,50.049,other,Any other payment method not specified above. Additional description should be provided in Payment Method Description.,USCPIE5346231*1
ChargePoint Network,,,12720861,12720861,WRECC / STATION 2,21977121,247,3184364221,2024-06-22T20:20:41Z,2024-06-22T21:24:21Z,,34.304501,74.625,membership,Payment by membership account and/or membership card,USCPIE12720861*1
ChargePoint Network,,,15694081,15694081,BRIGHTRIDGE EV / STATION 2 (R),25291921,247,3146539231,2024-06-06T01:26:50Z,2024-06-06T02:21:59Z,,64.903702,77.199,credit_card_terminal,Payment via credit card or debit card terminal,USCPIE15694081*1
ChargePoint Network,,,15623211,15623211,CLW / 5TH ST 2 (R),25208281,247,3140084141,2024-06-03T15:10:56Z,2024-06-03T15:24:29Z,,15.247900,72.299,membership,Payment by membership account and/or membership card,USCPIE15623211*1
ChargePoint Network,,,5122191,5122191,CULLMANELECTRIC / STATION1-L,8482151,247,3195569581,2024-06-27T19:15:52Z,2024-06-27T19:43:32Z,,24.876101,55.223,membership,Payment by membership account and/or membership card,USCPIE5122191*1
ChargePoint Network,,,15885151,15885151,TWICKENHAM SQ / HU - STATION 2,25520801,247,3193287891,2024-06-26T21:05:19Z,2024-06-26T21:41:30Z,,49.308701,85.26,membership,Payment by membership account and/or membership card,USCPIE15885151*1
ChargePoint Network,,,15694171,15694171,BRIGHTRIDGE EV / STATION 1 (L),25292041,247,3163441011,2024-06-13T12:48:32Z,2024-06-13T12:49:00Z,,0.000000,0.0,membership,Payment by membership account and/or membership card,USCPIE15694171*1
ChargePoint Network,,,1933211,1933211,BRIGHTRIDGE EV / BR-JONESBOROUGH,2283641,3,3167776601,2024-06-15T02:23:50Z,2024-06-15T03:27:39Z,,6.225514,6.0432,membership,Payment by membership account and/or membership card,USCPIE1933211*2
ChargePoint Network,,,15885251,15885251,TWICKENHAM SQ / HU - STATION 1,25520941,247,3198592481,2024-06-29T00:29:01Z,2024-06-29T00:50:05Z,,37.154400,119.811,membership,Payment by membership account and/or membership card,USCPIE15885251*1
ChargePoint Network,,,15694171,15694171,BRIGHTRIDGE EV / STATION 1 (L),25292041,247,3163651391,2024-06-13T14:27:28Z,2024-06-13T15:16:05Z,,34.075500,54.384,membership,Payment by membership account and/or membership card,USCPIE15694171*1
ChargePoint Network,,,14047321,14047321,JEFFERSON AVE. / OXFORD STA2(R),23514081,247,3151063701,2024-06-07T21:15:56Z,2024-06-07T21:18:33Z,,0.000000,0.0,credit_card_terminal,Payment via credit card or debit card terminal,USCPIE14047321*1
ChargePoint Network,,,13659871,13659871,LAWRENCEBURG / STATION 2 (R),23054921,247,3169043401,2024-06-15T20:26:26Z,2024-06-15T21:14:17Z,,45.269001,123.353,membership,Payment by membership account and/or membership card,USCPIE13659871*1
ChargePoint Network,,,14047321,14047321,JEFFERSON AVE. / OXFORD STA2(R),23514081,247,3190582611,2024-06-25T19:55:56Z,2024-06-25T20:11:58Z,,16.346701,68.111,membership,Payment by membership account and/or membership card,USCPIE14047321*1
ChargePoint Network,,,5625391,5625391,7SPC / VEC JAMESTOWN,9280971,3,3198326481,2024-06-28T22:13:40Z,2024-06-28T22:15:03Z,,0.000085,0.0108,credit_card_terminal,Payment via credit card or debit card terminal,USCPIE5625391*2
ChargePoint Network,,,7505851,7505851,JEFFERSON AVE. / OXFORD STA1(L),12955471,247,3151044211,2024-06-07T21:07:30Z,2024-06-07T21:08:38Z,,0.000000,0.0,credit_card_terminal,Payment via credit card or debit card terminal,USCPIE7505851*1
ChargePoint Network,,,14359531,14359531,EBOFG / STATION 2 (R),23870331,247,3188152271,2024-06-24T19:55:53Z,2024-06-24T20:48:08Z,,56.598598,70.247,membership,Payment by membership account and/or membership card,USCPIE14359531*1
ChargePoint Network,,,8851921,8851921,7SPC / SEVIERVILLE DC1,15571271,207,3181696101,2024-06-21T14:36:19Z,2024-06-21T15:38:15Z,,52.702702,58.125,membership,Payment by membership account and/or membership card,USCPIE8851921*1
ChargePoint Network,,,15280471,15280471,SPRFLD ELECTRIC / STATION 1 (L),24807681,247,3188786921,2024-06-25T00:49:11Z,2024-06-25T02:30:39Z,,50.600399,62.166,membership,Payment by membership account and/or membership card,USCPIE15280471*1
ChargePoint Network,,,12720861,12720861,WRECC / STATION 2,21977121,247,3174586271,2024-06-18T14:02:12Z,2024-06-18T14:03:10Z,,0.000000,0.0,membership,Payment by membership account and/or membership card,USCPIE12720861*1
ChargePoint Network,,,5565191,5565191,7SPC / DOLLYWOOD EMPL,9205041,3,3152658871,2024-06-08T17:30:47Z,2024-06-08T23:07:45Z,,28.564468,7.1593,membership,Payment by membership account and/or membership card,USCPIE5565191*2
ChargePoint Network,,,12754021,12754021,WCMES / CITYHALL1-L,22015241,247,3197007711,2024-06-28T11:16:35Z,2024-06-28T11:59:49Z,,46.003799,66.736,membership,Payment by membership account and/or membership card,USCPIE12754021*1
ChargePoint Network,,,13606091,13606091,I24 EXIT11 / STATION 3 (RM),22992551,247,3199710531,2024-06-29T17:44:04Z,2024-06-29T18:54:03Z,,43.960201,73.283,membership,Payment by membership account and/or membership card,USCPIE13606091*1
ChargePoint Network,,,5565191,5565191,7SPC / DOLLYWOOD EMPL,9205031,3,3181605241,2024-06-21T13:48:33Z,2024-06-21T18:19:38Z,,25.465858,7.1547,membership,Payment by membership account and/or membership card,USCPIE5565191*1
ChargePoint Network,,,13966031,13966031,BEA / STATION 4 (RR),23419961,247,3175575151,2024-06-18T20:37:33Z,2024-06-18T20:58:23Z,,23.958799,71.736,membership,Payment by membership account and/or membership card,USCPIE13966031*1
ChargePoint Network,,,14097711,14097711,SCOTTSBORO EPB / SEPB DCFC (R),23570811,247,3175430051,2024-06-18T19:38:14Z,2024-06-18T19:54:46Z,,11.537500,65.526,membership,Payment by membership account and/or membership card,USCPIE14097711*1
ChargePoint Network,,,15694171,15694171,BRIGHTRIDGE EV / STATION 1 (L),25292041,247,3161954961,2024-06-12T20:15:58Z,2024-06-12T20:45:35Z,,35.510899,77.615,membership,Payment by membership account and/or membership card,USCPIE15694171*1
ChargePoint Network,,,14097711,14097711,SCOTTSBORO EPB / SEPB DCFC (R),23570811,247,3184335241,2024-06-22T20:02:07Z,2024-06-22T20:17:13Z,,15.570800,69.344,membership,Payment by membership account and/or membership card,USCPIE14097711*1
ChargePoint Network,,,13664501,13664501,BTES / STATION 4 (RR),23060561,247,3195743181,2024-06-27T20:29:33Z,2024-06-27T21:05:43Z,,45.323399,123.845,membership,Payment by membership account and/or membership card,USCPIE13664501*1
ChargePoint Network,,,12720861,12720861,WRECC / STATION 2,21977121,247,3183102181,2024-06-22T01:29:14Z,2024-06-22T01:51:45Z,,39.832001,121.209,membership,Payment by membership account and/or membership card,USCPIE12720861*1
ChargePoint Network,,,13423691,13423691,AEC / STATION #1 (L),22787121,247,3137933681,2024-06-02T11:38:02Z,2024-06-02T11:39:04Z,,0.000000,0.0,credit_card_terminal,Payment via credit card or debit card terminal,USCPIE13423691*1
ChargePoint Network,,,5466441,5466441,7SPC / NASA USSRC R,9079361,3,3177114361,2024-06-19T15:01:38Z,2024-06-19T17:12:29Z,,13.326130,,membership,Payment by membership account and/or membership card,USCPIE5466441*1
ChargePoint Network,,,15694081,15694081,BRIGHTRIDGE EV / STATION 2 (R),25291921,247,3169341781,2024-06-15T23:13:38Z,2024-06-15T23:45:01Z,,20.598700,56.722,membership,Payment by membership account and/or membership card,USCPIE15694081*1
ChargePoint Network,,,13606141,13606141,I24 EXIT11 / STATION 1 (LL),22992611,247,3166961021,2024-06-14T20:01:39Z,2024-06-14T20:03:22Z,,0.184100,0.0,membership,Payment by membership account and/or membership card,USCPIE13606141*1
ChargePoint Network,,,15280471,15280471,SPRFLD ELECTRIC / STATION 1 (L),24807681,247,3194391841,2024-06-27T08:52:14Z,2024-06-27T09:13:16Z,,8.006400,43.276,credit_card_terminal,Payment via credit card or debit card terminal,USCPIE15280471*1
ChargePoint Network,,,13966051,13966051,BEA / STATION 3 (RM),23419981,247,3165132391,2024-06-14T00:40:09Z,2024-06-14T01:03:01Z,,18.190100,87.665,membership,Payment by membership account and/or membership card,USCPIE13966051*1
ChargePoint Network,,,15694171,15694171,BRIGHTRIDGE EV / STATION 1 (L),25292041,247,3166481471,2024-06-14T16:25:01Z,2024-06-14T17:39:56Z,,71.043999,74.86,membership,Payment by membership account and/or membership card,USCPIE15694171*1
ChargePoint Network,,,15280441,15280441,SPRFLD ELECTRIC / STATION 2 (R),24807641,247,3139023481,2024-06-03T00:26:09Z,2024-06-03T01:10:40Z,,39.620899,56.61,other,Any other payment method not specified above. Additional description should be provided in Payment Method Description.,USCPIE15280441*1
ChargePoint Network,,,1921531,1921531,STARKVILLE UTIL / STARKVILLE REC,2268561,3,3167230621,2024-06-14T21:59:54Z,2024-06-14T22:01:56Z,,0.000000,0.0,other,Any other payment method not specified above. Additional description should be provided in Payment Method Description.,USCPIE1921531*2
ChargePoint Network,,,13966051,13966051,BEA / STATION 3 (RM),23419981,247,3157127111,2024-06-10T21:45:24Z,2024-06-10T22:07:05Z,,37.349499,120.717,membership,Payment by membership account and/or membership card,USCPIE13966051*1
ChargePoint Network,,,1964521,1964521,EBOFG / GUNTERSVILLE PD,8374211,3,3183628251,2024-06-22T10:12:59Z,2024-06-22T13:47:05Z,,26.266459,7.4459,membership,Payment by membership account and/or membership card,USCPIE1964521*2
ChargePoint Network,,,9745721,9745721,CRMC / CRMC-1 - L2LEFT,17301481,3,3157426821,2024-06-11T00:00:26Z,2024-06-11T04:48:46Z,,35.104073,7.3814,membership,Payment by membership account and/or membership card,USCPIE9745721*2
ChargePoint Network,,,5363211,5363211,HARTSELLE 1 / HARTSELLE 1,23427581,3,3148894061,2024-06-06T23:36:02Z,2024-06-06T23:38:31Z,,0.000000,0.0,credit_card_terminal,Payment via credit card or debit card terminal,USCPIE5363211*2
ChargePoint Network,,,8851921,8851921,7SPC / SEVIERVILLE DC1,15571271,207,3191733541,2024-06-26T05:11:35Z,2024-06-26T05:32:34Z,,17.577200,54.236,membership,Payment by membership account and/or membership card,USCPIE8851921*1
ChargePoint Network,,,14097801,14097801,SCOTTSBORO EPB / SEPB DCFC (L),23570921,247,3143120021,2024-06-04T19:08:57Z,2024-06-04T19:13:55Z,,3.912800,0.0,membership,Payment by membership account and/or membership card,USCPIE14097801*1
ChargePoint Network,,,5122191,5122191,CULLMANELECTRIC / STATION1-L,,,3192800161,2024-06-26T17:31:07Z,2024-06-26T17:33:08Z,,0.000000,,membership,Payment by membership account and/or membership card,USCPIE5122191*0
ChargePoint Network,,,15694171,15694171,BRIGHTRIDGE EV / STATION 1 (L),25292041,247,3182788161,2024-06-21T22:48:25Z,2024-06-21T22:48:42Z,,0.000000,,membership,Payment by membership account and/or membership card,USCPIE15694171*1
ChargePoint Network,,,15548151,15548151,DECATURDOWNTWN / STATION 1 (R),25119511,247,3165120761,2024-06-14T00:35:08Z,2024-06-14T00:46:24Z,,11.588900,75.45,membership,Payment by membership account and/or membership card,USCPIE15548151*1
ChargePoint Network,,,8851921,8851921,7SPC / SEVIERVILLE DC1,15571271,207,3159004901,2024-06-11T17:12:17Z,2024-06-11T18:22:24Z,,51.688499,46.74,membership,Payment by membership account and/or membership card,USCPIE8851921*1
ChargePoint Network,,,15640031,15640031,NECDC / STATION 1 (L),25228511,247,3154558201,2024-06-09T19:09:00Z,2024-06-09T20:10:19Z,,63.273800,84.942,membership,Payment by membership account and/or membership card,USCPIE15640031*1
ChargePoint Network,,,15260241,15260241,STEMC / STATION 1 (L) A,24784071,247,3169450511,2024-06-16T00:14:03Z,2024-06-16T01:14:09Z,,70.642303,74.052,membership,Payment by membership account and/or membership card,USCPIE15260241*1
ChargePoint Network,,,5466441,5466441,7SPC / NASA USSRC R,9079361,3,3191997381,2024-06-26T12:00:58Z,2024-06-26T16:36:01Z,,21.871458,5.912,membership,Payment by membership account and/or membership card,USCPIE5466441*1
ChargePoint Network,,,13606141,13606141,I24 EXIT11 / STATION 1 (LL),22992611,247,3137082711,2024-06-01T22:21:45Z,2024-06-01T22:59:47Z,,31.255100,53.341,other,Any other payment method not specified above. Additional description should be provided in Payment Method Description.,USCPIE13606141*1
ChargePoint Network,,,15623211,15623211,CLW / 5TH ST 2 (R),25208281,247,3179701691,2024-06-20T17:28:27Z,2024-06-20T17:44:32Z,,15.613200,74.872,credit_card_terminal,Payment via credit card or debit card terminal,USCPIE15623211*1
ChargePoint Network,,,14025691,14025691,PARIS BPU / STATION 1(L),,,3199526601,2024-06-29T15:43:40Z,2024-06-29T15:45:41Z,,0.000000,,membership,Payment by membership account and/or membership card,USCPIE14025691*0
ChargePoint Network,,,15640031,15640031,NECDC / STATION 1 (L),,,3171140601,2024-06-16T23:59:00Z,2024-06-16T23:59:08Z,,0.000000,,membership,Payment by membership account and/or membership card,USCPIE15640031*0
ChargePoint Network,,,1921531,1921531,STARKVILLE UTIL / STARKVILLE REC,2268561,3,3193681321,2024-06-26T23:57:19Z,2024-06-27T00:26:03Z,,3.363470,7.1431,credit_card_terminal,Payment via credit card or debit card terminal,USCPIE1921531*2
ChargePoint Network,,,5363211,5363211,HARTSELLE 1 / HARTSELLE 1,23427581,3,3183847581,2024-06-22T14:55:31Z,2024-06-22T15:45:42Z,,5.861972,7.0981,membership,Payment by membership account and/or membership card,USCPIE5363211*2
ChargePoint Network,,,15694081,15694081,BRIGHTRIDGE EV / STATION 2 (R),25291921,247,3138464211,2024-06-02T19:11:45Z,2024-06-02T19:12:20Z,,0.000000,0.0,membership,Payment by membership account and/or membership card,USCPIE15694081*1
ChargePoint Network,,,13292801,13292801,LODGE CAST IRON / STORE & MUSEUM,22637561,3,3170873491,2024-06-16T21:28:26Z,2024-06-16T22:03:39Z,,3.900781,6.7759,membership,Payment by membership account and/or membership card,USCPIE13292801*2
ChargePoint Network,,,1844191,1844191,CLW / MAIN ST,23050441,3,3145965821,2024-06-05T21:20:33Z,2024-06-06T01:27:51Z,,28.743532,7.3357,credit_card_terminal,Payment via credit card or debit card terminal,USCPIE1844191*2
ChargePoint Network,,,15694081,15694081,BRIGHTRIDGE EV / STATION 2 (R),25291921,247,3170111261,2024-06-16T11:17:11Z,2024-06-16T12:21:45Z,,44.408501,74.027,credit_card_terminal,Payment via credit card or debit card terminal,USCPIE15694081*1
ChargePoint Network,,,13606091,13606091,I24 EXIT11 / STATION 3 (RM),,,3150142221,2024-06-07T14:47:05Z,2024-06-07T14:47:16Z,,0.000000,,membership,Payment by membership account and/or membership card,USCPIE13606091*0
ChargePoint Network,,,5122191,5122191,CULLMANELECTRIC / STATION1-L,8482151,247,3154340041,2024-06-09T16:51:21Z,2024-06-09T17:32:58Z,,54.087200,87.162,membership,Payment by membership account and/or membership card,USCPIE5122191*1
ChargePoint Network,,,13664401,13664401,BTES / STATION 1 (LL),23060421,247,3143804091,2024-06-05T00:01:28Z,2024-06-05T00:30:55Z,,25.876699,56.847,membership,Payment by membership account and/or membership card,USCPIE13664401*1
ChargePoint Network,,,13606091,13606091,I24 EXIT11 / STATION 3 (RM),22992551,247,3181327801,2024-06-21T10:27:47Z,2024-06-21T11:07:42Z,,12.033300,38.709,credit_card_terminal,Payment via credit card or debit card terminal,USCPIE13606091*1
ChargePoint Network,,,13659831,13659831,LAWRENCEBURG / STATION 1 (L),23054881,247,3185947531,2024-06-23T19:42:58Z,2024-06-23T20:09:15Z,,34.790100,84.906,membership,Payment by membership account and/or membership card,USCPIE13659831*1
ChargePoint Network,,,15623231,15623231,CLW / 5TH ST 1 (L),25208301,247,3185471471,2024-06-23T14:12:51Z,2024-06-23T14:38:34Z,,29.808901,86.828,membership,Payment by membership account and/or membership card,USCPIE15623231*1
ChargePoint Network,,,13659831,13659831,LAWRENCEBURG / STATION 1 (L),23054881,247,3135298981,2024-06-01T00:03:19Z,2024-06-01T00:09:55Z,,7.459300,0.0,membership,Payment by membership account and/or membership card,USCPIE13659831*1
ChargePoint Network,,,8851921,8851921,7SPC / SEVIERVILLE DC1,15571271,207,3175200481,2024-06-18T17:54:32Z,2024-06-18T18:42:20Z,,32.158298,54.02,membership,Payment by membership account and/or membership card,USCPIE8851921*1
ChargePoint Network,,,13026471,13026471,WCMES / CITYHALL2-R,22328331,247,3162063561,2024-06-12T21:02:31Z,2024-06-12T21:37:30Z,,31.740200,71.955,membership,Payment by membership account and/or membership card,USCPIE13026471*1
ChargePoint Network,,,15885771,15885771,TWICKENHAM SQ / HU - STATION 4,25521581,100011,3183286661,2024-06-22T03:03:53Z,2024-06-22T03:04:40Z,,0.000000,0.0,membership,Payment by membership account and/or membership card,USCPIE15885771*1
ChargePoint Network,,,15694171,15694171,BRIGHTRIDGE EV / STATION 1 (L),,,3148011191,2024-06-06T17:19:05Z,2024-06-06T17:21:07Z,,0.000000,,membership,Payment by membership account and/or membership card,USCPIE15694171*0
ChargePoint Network,,,1964521,1964521,EBOFG / GUNTERSVILLE PD,8374211,3,3180594281,2024-06-21T00:02:55Z,2024-06-21T01:07:47Z,,3.766005,3.7964,credit_card_terminal,Payment via credit card or debit card terminal,USCPIE1964521*2
ChargePoint Network,,,15640031,15640031,NECDC / STATION 1 (L),25228511,247,3148795821,2024-06-06T22:54:35Z,2024-06-07T00:00:21Z,,55.439098,85.498,membership,Payment by membership account and/or membership card,USCPIE15640031*1
ChargePoint Network,,,5424051,5424051,EEDEV / ELIZ DOWNTOWN,9027001,3,3143416061,2024-06-04T21:15:39Z,2024-06-05T09:50:48Z,,46.658924,7.1988,other,Any other payment method not specified above. Additional description should be provided in Payment Method Description.,USCPIE5424051*2
ChargePoint Network,,,15694081,15694081,BRIGHTRIDGE EV / STATION 2 (R),25291921,247,3170460001,2024-06-16T17:14:13Z,2024-06-16T17:52:41Z,,56.827099,95.944,membership,Payment by membership account and/or membership card,USCPIE15694081*1
ChargePoint Network,,,15694171,15694171,BRIGHTRIDGE EV / STATION 1 (L),,,3168329611,2024-06-15T12:31:12Z,2024-06-15T12:32:29Z,,0.000000,,membership,Payment by membership account and/or membership card,USCPIE15694171*0
ChargePoint Network,,,15260241,15260241,STEMC / STATION 1 (L) A,24784071,247,3166491441,2024-06-14T16:28:49Z,2024-06-14T18:00:58Z,,46.127602,54.682,membership,Payment by membership account and/or membership card,USCPIE15260241*1
ChargePoint Network,,,1785631,1785631,HOLSTONELECTRIC / STATION 1,22462991,3,3186186671,2024-06-23T22:04:41Z,2024-06-23T22:13:38Z,,1.014416,7.5249,credit_card_terminal,Payment via credit card or debit card terminal,USCPIE1785631*2
ChargePoint Network,,,12720861,12720861,WRECC / STATION 2,21977121,247,3196531321,2024-06-28T02:32:26Z,2024-06-28T03:20:26Z,,26.226700,54.384,roaming,Payment via roaming partners,USCPIE12720861*1
ChargePoint Network,,,1988061,1988061,7SPC / SCES DOLLYWOOD,25499831,3,3168931531,2024-06-15T19:21:49Z,2024-06-15T22:24:10Z,,14.635863,6.8974,credit_card_terminal,Payment via credit card or debit card terminal,USCPIE1988061*1
ChargePoint Network,,,15694171,15694171,BRIGHTRIDGE EV / STATION 1 (L),25292041,100011,3188610231,2024-06-24T23:22:29Z,2024-06-25T00:20:39Z,,34.092800,51.986,membership,Payment by membership account and/or membership card,USCPIE15694171*1
ChargePoint Network,,,12720861,12720861,WRECC / STATION 2,21977121,247,3142227501,2024-06-04T12:57:33Z,2024-06-04T13:50:12Z,,45.000500,55.748,other,Any other payment method not specified above. Additional description should be provided in Payment Method Description.,USCPIE12720861*1
ChargePoint Network,,,15640031,15640031,NECDC / STATION 1 (L),25228511,247,3177804471,2024-06-19T21:25:32Z,2024-06-19T22:04:57Z,,28.417700,54.384,membership,Payment by membership account and/or membership card,USCPIE15640031*1
ChargePoint Network,,,1932851,1932851,BRIGHTRIDGE EV / BR-JC LIBRARY,23319821,3,3199722391,2024-06-29T17:51:44Z,2024-06-29T17:55:39Z,,0.405799,7.3449,membership,Payment by membership account and/or membership card,USCPIE1932851*2
ChargePoint Network,,,5122191,5122191,CULLMANELECTRIC / STATION1-L,8482151,247,3164796771,2024-06-13T22:13:34Z,2024-06-13T22:33:52Z,,37.194901,121.209,membership,Payment by membership account and/or membership card,USCPIE5122191*1
ChargePoint Network,,,12406401,12406401,FPIA / RIGHT STATION,21527671,247,3158177991,2024-06-11T11:10:09Z,2024-06-11T11:26:52Z,,29.982000,119.041,membership,Payment by membership account and/or membership card,USCPIE12406401*1
ChargePoint Network,,,14025691,14025691,PARIS BPU / STATION 1(L),,,3170240251,2024-06-16T14:21:26Z,2024-06-16T14:23:27Z,,0.000000,,membership,Payment by membership account and/or membership card,USCPIE14025691*0
ChargePoint Network,,,13606141,13606141,I24 EXIT11 / STATION 1 (LL),22992611,247,3198315691,2024-06-28T22:08:25Z,2024-06-28T22:26:54Z,,18.651899,87.912,membership,Payment by membership account and/or membership card,USCPIE13606141*1
ChargePoint Network,,,5122191,5122191,CULLMANELECTRIC / STATION1-L,8482151,247,3184353271,2024-06-22T20:13:34Z,2024-06-22T20:49:38Z,,46.800201,88.356,membership,Payment by membership account and/or membership card,USCPIE5122191*1
ChargePoint Network,,,15684341,15684341,MLEC / STATION 2 (R) W,25280201,247,3150427691,2024-06-07T16:35:13Z,2024-06-07T18:42:17Z,,99.434898,49.779,credit_card_terminal,Payment via credit card or debit card terminal,USCPIE15684341*1
ChargePoint Network,,,8851921,8851921,7SPC / SEVIERVILLE DC1,15571271,207,3140444691,2024-06-03T17:27:46Z,2024-06-03T18:13:52Z,,30.068300,54.167,membership,Payment by membership account and/or membership card,USCPIE8851921*1
ChargePoint Network,,,13664471,13664471,BTES / STATION 3 (RM),23060511,247,3199877781,2024-06-29T19:25:40Z,2024-06-29T19:25:54Z,,0.000000,0.0,membership,Payment by membership account and/or membership card,USCPIE13664471*1
ChargePoint Network,,,12720861,12720861,WRECC / STATION 2,21977121,247,3168886281,2024-06-15T18:56:17Z,2024-06-15T19:34:57Z,,38.311798,62.916,membership,Payment by membership account and/or membership card,USCPIE12720861*1
ChargePoint Network,,,15640171,15640171,NECDC / STATION 2 (R),25228711,247,3143164881,2024-06-04T19:28:16Z,2024-06-04T20:11:21Z,,27.318300,54.464,membership,Payment by membership account and/or membership card,USCPIE15640171*1
ChargePoint Network,,,13606061,13606061,I24 EXIT11 / STATION 4 (RR),22992511,247,3153904971,2024-06-09T06:33:20Z,2024-06-09T07:15:49Z,,33.642101,54.316,membership,Payment by membership account and/or membership card,USCPIE13606061*1
ChargePoint Network,,,14359491,14359491,EBOFG / STATION 1 (L),,,3188335861,2024-06-24T21:16:36Z,2024-06-24T21:18:37Z,,0.000000,,phone_online,"Payment through mobile app, website, automated phone number or messaging system",USCPIE14359491*0
ChargePoint Network,,,14359531,14359531,EBOFG / STATION 2 (R),23870331,247,3166296001,2024-06-14T15:14:06Z,2024-06-14T15:43:21Z,,31.132700,66.466,membership,Payment by membership account and/or membership card,USCPIE14359531*1
ChargePoint Network,,,14359531,14359531,EBOFG / STATION 2 (R),23870331,247,3187863641,2024-06-24T17:39:39Z,2024-06-24T17:40:47Z,,0.187400,0.0,membership,Payment by membership account and/or membership card,USCPIE14359531*1
ChargePoint Network,,,1988061,1988061,7SPC / SCES DOLLYWOOD,25499841,3,3185416811,2024-06-23T13:05:02Z,2024-06-23T13:06:09Z,,0.021770,5.3607,membership,Payment by membership account and/or membership card,USCPIE1988061*2
ChargePoint Network,,,13606061,13606061,I24 EXIT11 / STATION 4 (RR),22992511,247,3142437811,2024-06-04T14:34:26Z,2024-06-04T15:17:43Z,,41.235401,83.58,membership,Payment by membership account and/or membership card,USCPIE13606061*1
ChargePoint Network,,,13606121,13606121,I24 EXIT11 / STATION 2 (LM),22992591,247,3170342881,2024-06-16T15:52:59Z,2024-06-16T16:08:28Z,,14.568000,88.156,membership,Payment by membership account and/or membership card,USCPIE13606121*1
ChargePoint Network,,,12720861,12720861,WRECC / STATION 2,21977121,247,3148941251,2024-06-06T23:57:30Z,2024-06-06T23:58:48Z,,0.000000,0.0,membership,Payment by membership account and/or membership card,USCPIE12720861*1
ChargePoint Network,,,1932851,1932851,BRIGHTRIDGE EV / BR-JC LIBRARY,23319821,3,3152961711,2024-06-08T20:21:14Z,2024-06-08T23:05:51Z,,11.109775,6.9479,membership,Payment by membership account and/or membership card,USCPIE1932851*2
ChargePoint Network,,,14047321,14047321,JEFFERSON AVE. / OXFORD STA2(R),,,3189455901,2024-06-25T11:49:22Z,2024-06-25T11:49:26Z,,0.000000,,membership,Payment by membership account and/or membership card,USCPIE14047321*0
ChargePoint Network,,,12720861,12720861,WRECC / STATION 2,21977121,247,3180895381,2024-06-21T02:20:59Z,2024-06-21T02:34:40Z,,17.392000,90.0,membership,Payment by membership account and/or membership card,USCPIE12720861*1
ChargePoint Network,,,12720861,12720861,WRECC / STATION 2,21977121,100011,3184150881,2024-06-22T18:12:39Z,2024-06-22T19:11:20Z,,27.232500,32.668,phone_online,"Payment through mobile app, website, automated phone number or messaging system",USCPIE12720861*1
ChargePoint Network,,,14047321,14047321,JEFFERSON AVE. / OXFORD STA2(R),23514081,247,3195631471,2024-06-27T19:42:00Z,2024-06-27T20:23:42Z,,48.934502,73.061,membership,Payment by membership account and/or membership card,USCPIE14047321*1
ChargePoint Network,,,15548181,15548181,DECATURDOWNTWN / STATION 2 (L),25119551,100011,3143516341,2024-06-04T21:58:38Z,2024-06-04T22:10:16Z,,3.414000,18.408,membership,Payment by membership account and/or membership card,USCPIE15548181*1
ChargePoint Network,,,13290491,13290491,7SPC / NASA USSRC L,22634931,3,3159215371,2024-06-11T18:37:38Z,2024-06-11T18:38:35Z,,0.000000,,other,Any other payment method not specified above. Additional description should be provided in Payment Method Description.,USCPIE13290491*1
ChargePoint Network,,,5354011,5354011,7SPC / GREENEVILLE TA,8936791,207,3144309971,2024-06-05T04:14:24Z,2024-06-05T04:57:27Z,,32.372799,46.055,membership,Payment by membership account and/or membership card,USCPIE5354011*1
ChargePoint Network,,,15684341,15684341,MLEC / STATION 2 (R) W,25280201,247,3170288331,2024-06-16T15:08:23Z,2024-06-16T15:27:06Z,,17.463600,57.194,membership,Payment by membership account and/or membership card,USCPIE15684341*1
ChargePoint Network,,,5363211,5363211,HARTSELLE 1 / HARTSELLE 1,23427581,3,3167146051,2024-06-14T21:22:59Z,2024-06-14T23:03:51Z,,5.511179,3.7023,membership,Payment by membership account and/or membership card,USCPIE5363211*2
ChargePoint Network,,,13026471,13026471,WCMES / CITYHALL2-R,22328331,247,3146015591,2024-06-05T21:42:01Z,2024-06-05T22:32:33Z,,34.053699,72.15,membership,Payment by membership account and/or membership card,USCPIE13026471*1
ChargePoint Network,,,5525971,5525971,7SPC / SPARTA TN,9154691,3,3169157411,2024-06-15T21:31:11Z,2024-06-15T21:54:13Z,,2.663391,7.0951,credit_card_terminal,Payment via credit card or debit card terminal,USCPIE5525971*2
ChargePoint Network,,,14355251,14355251,HARTSELLE 1 / STATION 2 (R),23865691,247,3142454391,2024-06-04T14:41:07Z,2024-06-04T15:17:48Z,,36.778599,67.124,membership,Payment by membership account and/or membership card,USCPIE14355251*1
ChargePoint Network,,,12720861,12720861,WRECC / STATION 2,21977121,247,3151028611,2024-06-07T21:00:43Z,2024-06-07T21:02:33Z,,0.000000,0.0,membership,Payment by membership account and/or membership card,USCPIE12720861*1
ChargePoint Network,,,13606141,13606141,I24 EXIT11 / STATION 1 (LL),22992611,247,3166970611,2024-06-14T20:05:56Z,2024-06-14T20:17:43Z,,16.286200,93.942,membership,Payment by membership account and/or membership card,USCPIE13606141*1
ChargePoint Network,,,12720861,12720861,WRECC / STATION 2,21977121,247,3171066481,2024-06-16T23:16:55Z,2024-06-17T00:32:31Z,,99.547501,85.694,membership,Payment by membership account and/or membership card,USCPIE12720861*1
ChargePoint Network,,,12720881,12720881,WRECC / STATION 1,21977141,247,3182247911,2024-06-21T18:36:37Z,2024-06-21T19:58:31Z,,53.306900,85.931,membership,Payment by membership account and/or membership card,USCPIE12720881*1
ChargePoint Network,,,5466441,5466441,7SPC / NASA USSRC R,9079361,3,3182287271,2024-06-21T18:54:51Z,2024-06-21T20:09:51Z,,2.363123,6.0011,membership,Payment by membership account and/or membership card,USCPIE5466441*1
ChargePoint Network,,,15260241,15260241,STEMC / STATION 1 (L) A,,,3158293211,2024-06-11T12:27:22Z,2024-06-11T12:29:23Z,,0.000000,,membership,Payment by membership account and/or membership card,USCPIE15260241*0
ChargePoint Network,,,1921351,1921351,STARKVILLE UTIL / STARKVILLE DWTN,23682571,3,3200178671,2024-06-29T22:25:00Z,2024-06-29T22:55:02Z,,3.612256,7.4039,membership,Payment by membership account and/or membership card,USCPIE1921351*1
ChargePoint Network,,,1964521,1964521,EBOFG / GUNTERSVILLE PD,8374211,3,3142832181,2024-06-04T16:53:19Z,2024-06-04T21:31:16Z,,6.299682,3.6818,membership,Payment by membership account and/or membership card,USCPIE1964521*2
ChargePoint Network,,,5619801,5619801,7SPC / WARREN RECC BG,9274261,3,3151488471,2024-06-08T00:37:51Z,2024-06-08T00:44:49Z,,0.660170,6.1816,credit_card_terminal,Payment via credit card or debit card terminal,USCPIE5619801*2
ChargePoint Network,,,5565291,5565291,7SPC / SCES LECONTE 1,9205201,3,3144819111,2024-06-05T13:26:26Z,2024-06-05T14:54:09Z,,9.085940,6.2995,credit_card_terminal,Payment via credit card or debit card terminal,USCPIE5565291*2
ChargePoint Network,,,9777021,9777021,CRMC / CRMC-2- L2RIGHT,17361741,3,3179058611,2024-06-20T13:15:10Z,2024-06-20T20:56:52Z,,52.204643,7.3568,membership,Payment by membership account and/or membership card,USCPIE9777021*1
ChargePoint Network,,,15640171,15640171,NECDC / STATION 2 (R),25228711,247,3135453521,2024-06-01T01:15:15Z,2024-06-01T01:39:00Z,,22.698999,60.527,membership,Payment by membership account and/or membership card,USCPIE15640171*1
ChargePoint Network,,,1988141,1988141,7SPC / SCES DREAM MORE,2355571,3,3142837351,2024-06-04T16:55:18Z,2024-06-04T17:48:16Z,,6.025761,6.9398,credit_card_terminal,Payment via credit card or debit card terminal,USCPIE1988141*2
ChargePoint Network,,,13966851,13966851,BEA / STATION 1 (LL),23420911,247,3179375431,2024-06-20T15:27:06Z,2024-06-20T15:54:15Z,,15.113100,53.214,membership,Payment by membership account and/or membership card,USCPIE13966851*1
ChargePoint Network,,,15694171,15694171,BRIGHTRIDGE EV / STATION 1 (L),25292041,247,3137405601,2024-06-02T01:25:06Z,2024-06-02T02:09:19Z,,23.584499,77.199,other,Any other payment method not specified above. Additional description should be provided in Payment Method Description.,USCPIE15694171*1
ChargePoint Network,,,15293211,15293211,TRNG CENTER / TRAININGCENTER1,24823101,3,3157239961,2024-06-10T22:33:00Z,2024-06-10T22:35:01Z,,0.000000,0.0,membership,Payment by membership account and/or membership card,USCPIE15293211*1
ChargePoint Network,,,5619801,5619801,7SPC / WARREN RECC BG,9274261,3,3177319081,2024-06-19T16:55:32Z,2024-06-19T17:25:49Z,,3.115975,6.3014,credit_card_terminal,Payment via credit card or debit card terminal,USCPIE5619801*2
ChargePoint Network,,,1933211,1933211,BRIGHTRIDGE EV / BR-JONESBOROUGH,2283641,3,3137374771,2024-06-02T01:07:34Z,2024-06-02T02:21:46Z,,7.297382,6.0727,membership,Payment by membership account and/or membership card,USCPIE1933211*2
ChargePoint Network,,,15815141,15815141,GEA-1 / STATION 1 (L),25435121,100011,3174922261,2024-06-18T16:00:47Z,2024-06-18T17:00:44Z,,33.996300,52.301,membership,Payment by membership account and/or membership card,USCPIE15815141*1
ChargePoint Network,,,15332321,15332321,TUA NW ATLANTIC / STATION 1 (L),24867861,247,3152531351,2024-06-08T16:13:14Z,2024-06-08T16:28:55Z,,9.793300,55.484,credit_card_terminal,Payment via credit card or debit card terminal,USCPIE15332321*1
ChargePoint Network,,,13966031,13966031,BEA / STATION 4 (RR),23419961,247,3160749711,2024-06-12T11:33:01Z,2024-06-12T11:56:55Z,,23.174500,73.481,membership,Payment by membership account and/or membership card,USCPIE13966031*1
ChargePoint Network,,,13423581,13423581,AEC / STATION #2 (R),,,3169124041,2024-06-15T21:10:29Z,2024-06-15T21:12:30Z,,0.000000,,membership,Payment by membership account and/or membership card,USCPIE13423581*0
ChargePoint Network,,,13664501,13664501,BTES / STATION 4 (RR),23060561,247,3169232311,2024-06-15T22:14:22Z,2024-06-15T23:10:35Z,,33.968201,70.669,membership,Payment by membership account and/or membership card,USCPIE13664501*1
ChargePoint Network,,,12406491,12406491,FPIA / LEFT STATION,21527781,247,3136431801,2024-06-01T16:20:52Z,2024-06-01T16:39:51Z,,21.034500,71.599,membership,Payment by membership account and/or membership card,USCPIE12406491*1
ChargePoint Network,,,13606061,13606061,I24 EXIT11 / STATION 4 (RR),22992511,247,3152922631,2024-06-08T20:00:07Z,2024-06-08T20:13:24Z,,13.064100,0.0,membership,Payment by membership account and/or membership card,USCPIE13606061*1
ChargePoint Network,,,14025691,14025691,PARIS BPU / STATION 1(L),,,3145607741,2024-06-05T18:46:00Z,2024-06-05T18:48:01Z,,0.000000,,membership,Payment by membership account and/or membership card,USCPIE14025691*0
ChargePoint Network,,,13606091,13606091,I24 EXIT11 / STATION 3 (RM),22992551,247,3168970941,2024-06-15T19:44:39Z,2024-06-15T19:56:12Z,,8.877200,0.0,membership,Payment by membership account and/or membership card,USCPIE13606091*1
ChargePoint Network,,,1964521,1964521,EBOFG / GUNTERSVILLE PD,8374211,3,3186659011,2024-06-24T02:39:21Z,2024-06-24T04:17:02Z,,5.715255,3.6912,credit_card_terminal,Payment via credit card or debit card terminal,USCPIE1964521*2
ChargePoint Network,,,13290491,13290491,7SPC / NASA USSRC L,22634931,3,3143053151,2024-06-04T18:36:01Z,2024-06-04T20:24:41Z,,5.698130,3.2556,membership,Payment by membership account and/or membership card,USCPIE13290491*1
ChargePoint Network,,,5354011,5354011,7SPC / GREENEVILLE TA,8936791,207,3171715001,2024-06-17T07:07:43Z,2024-06-17T07:18:17Z,,8.968500,54.978,membership,Payment by membership account and/or membership card,USCPIE5354011*1
ChargePoint Network,,,1988061,1988061,7SPC / SCES DOLLYWOOD,25499831,3,3161042351,2024-06-12T14:08:27Z,2024-06-12T22:46:36Z,,60.532661,7.2839,membership,Payment by membership account and/or membership card,USCPIE1988061*1
ChargePoint Network,,,1988061,1988061,7SPC / SCES DOLLYWOOD,25499841,3,3152549141,2024-06-08T16:24:50Z,2024-06-08T20:42:34Z,,18.846615,7.1672,credit_card_terminal,Payment via credit card or debit card terminal,USCPIE1988061*2
ChargePoint Network,,,13803581,13803581,FPU / STATION 1 (L),23227201,247,3194835401,2024-06-27T14:26:25Z,2024-06-27T14:27:21Z,,0.000000,0.0,membership,Payment by membership account and/or membership card,USCPIE13803581*1
ChargePoint Network,,,5346231,5346231,CULLMANELECTRIC / STATION2-R,8926271,247,3142476541,2024-06-04T14:49:41Z,2024-06-04T14:52:02Z,,0.000000,0.0,membership,Payment by membership account and/or membership card,USCPIE5346231*1
ChargePoint Network,,,7173851,7173851,SCOTTSBORO EPB / MAIN OFFICE,12310861,3,3183332041,2024-06-22T03:35:54Z,2024-06-22T12:17:05Z,,38.890373,7.0422,membership,Payment by membership account and/or membership card,USCPIE7173851*1
ChargePoint Network,,,14097711,14097711,SCOTTSBORO EPB / SEPB DCFC (R),23570811,247,3185684611,2024-06-23T17:00:54Z,2024-06-23T17:15:12Z,,19.381599,106.181,credit_card_terminal,Payment via credit card or debit card terminal,USCPIE14097711*1
ChargePoint Network,,,15885771,15885771,TWICKENHAM SQ / HU - STATION 4,25521581,247,3187357351,2024-06-24T14:18:24Z,2024-06-24T14:43:14Z,,22.709499,58.422,membership,Payment by membership account and/or membership card,USCPIE15885771*1
ChargePoint Network,,,13966851,13966851,BEA / STATION 1 (LL),23420911,100011,3196313601,2024-06-28T00:43:10Z,2024-06-28T03:27:08Z,,48.908100,19.85,membership,Payment by membership account and/or membership card,USCPIE13966851*1
ChargePoint Network,,,13290491,13290491,7SPC / NASA USSRC L,22634941,3,3168530281,2024-06-15T15:22:20Z,2024-06-15T18:39:12Z,,10.436836,3.2092,credit_card_terminal,Payment via credit card or debit card terminal,USCPIE13290491*2
ChargePoint Network,,,5619801,5619801,7SPC / WARREN RECC BG,9274261,3,3165812211,2024-06-14T10:03:45Z,2024-06-14T10:18:23Z,,1.423734,6.006,membership,Payment by membership account and/or membership card,USCPIE5619801*2
ChargePoint Network,,,5122191,5122191,CULLMANELECTRIC / STATION1-L,8482151,247,3193862401,2024-06-27T01:16:27Z,2024-06-27T01:17:03Z,,0.000000,0.0,membership,Payment by membership account and/or membership card,USCPIE5122191*1
ChargePoint Network,,,5346231,5346231,CULLMANELECTRIC / STATION2-R,8926271,247,3187953381,2024-06-24T18:24:36Z,2024-06-24T18:37:52Z,,15.927200,88.11,membership,Payment by membership account and/or membership card,USCPIE5346231*1
ChargePoint Network,,,15332351,15332351,TUA NW ATLANTIC / STATION 2 (R),24867891,247,3150615811,2024-06-07T17:59:00Z,2024-06-07T18:36:50Z,,34.191700,73.319,membership,Payment by membership account and/or membership card,USCPIE15332351*1
ChargePoint Network,,,12406401,12406401,FPIA / RIGHT STATION,21527671,247,3194319251,2024-06-27T06:15:05Z,2024-06-27T06:16:12Z,,0.000000,0.0,membership,Payment by membership account and/or membership card,USCPIE12406401*1
ChargePoint Network,,,15555831,15555831,FPU / STATION 2 (R),25128511,247,3163015331,2024-06-13T04:42:49Z,2024-06-13T05:35:27Z,,71.203796,86.088,membership,Payment by membership account and/or membership card,USCPIE15555831*1
ChargePoint Network,,,1844191,1844191,CLW / MAIN ST,23050441,3,3164493391,2024-06-13T20:02:59Z,2024-06-13T20:41:04Z,,4.232997,7.166,membership,Payment by membership account and/or membership card,USCPIE1844191*2
ChargePoint Network,,,13664471,13664471,BTES / STATION 3 (RM),23060511,247,3136934091,2024-06-01T21:00:52Z,2024-06-01T22:08:13Z,,53.028301,75.636,membership,Payment by membership account and/or membership card,USCPIE13664471*1
ChargePoint Network,,,8851921,8851921,7SPC / SEVIERVILLE DC1,,,3169419581,2024-06-15T23:56:06Z,2024-06-15T23:58:08Z,,0.000000,,membership,Payment by membership account and/or membership card,USCPIE8851921*0
ChargePoint Network,,,15623211,15623211,CLW / 5TH ST 2 (R),25208281,247,3150262941,2024-06-07T15:33:35Z,2024-06-07T15:44:26Z,,8.408100,0.0,membership,Payment by membership account and/or membership card,USCPIE15623211*1
ChargePoint Network,,,1844191,1844191,CLW / MAIN ST,23050431,3,3138606441,2024-06-02T20:34:17Z,2024-06-03T00:36:10Z,,23.283979,7.2441,credit_card_terminal,Payment via credit card or debit card terminal,USCPIE1844191*1
ChargePoint Network,,,14355271,14355271,HARTSELLE 1 / STATION 1 (L),23865711,247,3177718181,2024-06-19T20:39:40Z,2024-06-19T21:37:16Z,,47.980301,92.25,membership,Payment by membership account and/or membership card,USCPIE14355271*1
ChargePoint Network,,,15623211,15623211,CLW / 5TH ST 2 (R),25208281,247,3194782711,2024-06-27T14:03:21Z,2024-06-27T14:46:43Z,,49.634201,77.419,membership,Payment by membership account and/or membership card,USCPIE15623211*1
ChargePoint Network,,,13606061,13606061,I24 EXIT11 / STATION 4 (RR),22992511,247,3195583211,2024-06-27T19:22:03Z,2024-06-27T19:46:04Z,,28.467699,73.086,membership,Payment by membership account and/or membership card,USCPIE13606061*1
ChargePoint Network,,,5122191,5122191,CULLMANELECTRIC / STATION1-L,8482151,247,3182920881,2024-06-21T23:55:56Z,2024-06-22T00:23:33Z,,30.701300,72.101,membership,Payment by membership account and/or membership card,USCPIE5122191*1
ChargePoint Network,,,13651631,13651631,MLEC / STATION 2 (R) H,23045821,100011,3185875301,2024-06-23T18:59:51Z,2024-06-23T19:06:40Z,,3.285100,0.0,membership,Payment by membership account and/or membership card,USCPIE13651631*1
ChargePoint Network,,,13292801,13292801,LODGE CAST IRON / STORE & MUSEUM,22637561,3,3154227781,2024-06-09T15:30:51Z,2024-06-09T15:49:09Z,,1.972800,6.6391,membership,Payment by membership account and/or membership card,USCPIE13292801*2
ChargePoint Network,,,13643801,13643801,PEPA / STATION 2,23036481,247,3150889591,2024-06-07T20:01:19Z,2024-06-07T20:33:28Z,,36.488602,75.438,membership,Payment by membership account and/or membership card,USCPIE13643801*1
ChargePoint Network,,,5363211,5363211,HARTSELLE 1 / HARTSELLE 1,23427571,3,3177665461,2024-06-19T20:11:26Z,2024-06-19T20:15:08Z,,0.332995,7.3295,other,Any other payment method not specified above. Additional description should be provided in Payment Method Description.,USCPIE5363211*1
ChargePoint Network,,,13966051,13966051,BEA / STATION 3 (RM),23419981,100011,3195759761,2024-06-27T20:36:38Z,2024-06-27T21:43:59Z,,35.789501,50.005,membership,Payment by membership account and/or membership card,USCPIE13966051*1
ChargePoint Network,,,8851921,8851921,7SPC / SEVIERVILLE DC1,15571271,207,3198460091,2024-06-28T23:20:08Z,2024-06-28T23:21:21Z,,0.000000,0.0,membership,Payment by membership account and/or membership card,USCPIE8851921*1
ChargePoint Network,,,15885771,15885771,TWICKENHAM SQ / HU - STATION 4,25521581,247,3199586851,2024-06-29T16:26:31Z,2024-06-29T16:57:30Z,,57.004902,116.115,membership,Payment by membership account and/or membership card,USCPIE15885771*1
ChargePoint Network,,,13664401,13664401,BTES / STATION 1 (LL),23060421,247,3154713871,2024-06-09T20:42:29Z,2024-06-09T21:42:09Z,,30.737499,53.639,other,Any other payment method not specified above. Additional description should be provided in Payment Method Description.,USCPIE13664401*1
ChargePoint Network,,,12720861,12720861,WRECC / STATION 2,21977121,247,3135799281,2024-06-01T04:22:59Z,2024-06-01T04:23:53Z,,0.000000,0.0,membership,Payment by membership account and/or membership card,USCPIE12720861*1
ChargePoint Network,,,5619801,5619801,7SPC / WARREN RECC BG,9274261,3,3172784891,2024-06-17T18:35:33Z,2024-06-17T23:18:54Z,,26.635057,6.2801,membership,Payment by membership account and/or membership card,USCPIE5619801*2
ChargePoint Network,,,13966051,13966051,BEA / STATION 3 (RM),23419981,247,3138265731,2024-06-02T17:07:52Z,2024-06-02T17:31:14Z,,18.243200,76.047,membership,Payment by membership account and/or membership card,USCPIE13966051*1
ChargePoint Network,,,7505851,7505851,JEFFERSON AVE. / OXFORD STA1(L),,,3199516211,2024-06-29T15:36:07Z,2024-06-29T15:38:08Z,,0.000000,,membership,Payment by membership account and/or membership card,USCPIE7505851*0
ChargePoint Network,,,8851921,8851921,7SPC / SEVIERVILLE DC1,15571271,207,3197556391,2024-06-28T16:15:36Z,2024-06-28T16:19:25Z,,0.000000,0.0,membership,Payment by membership account and/or membership card,USCPIE8851921*1
ChargePoint Network,,,13659871,13659871,LAWRENCEBURG / STATION 2 (R),23054921,247,3197116751,2024-06-28T12:44:00Z,2024-06-28T12:56:10Z,,13.282600,69.498,membership,Payment by membership account and/or membership card,USCPIE13659871*1
ChargePoint Network,,,5380331,5380331,CULLMAN PB / STATION 1,8970951,3,3138698341,2024-06-02T21:25:01Z,2024-06-02T21:27:02Z,,0.000000,0.0,membership,Payment by membership account and/or membership card,USCPIE5380331*1
ChargePoint Network,,,13643801,13643801,PEPA / STATION 2,23036481,247,3153184871,2024-06-08T22:28:36Z,2024-06-08T23:00:52Z,,23.307199,75.438,membership,Payment by membership account and/or membership card,USCPIE13643801*1
ChargePoint Network,,,15623211,15623211,CLW / 5TH ST 2 (R),25208281,247,3177888761,2024-06-19T22:08:06Z,2024-06-19T23:05:41Z,,80.809097,95.456,membership,Payment by membership account and/or membership card,USCPIE15623211*1
ChargePoint Network,,,13966051,13966051,BEA / STATION 3 (RM),23419981,247,3173343381,2024-06-17T22:42:15Z,2024-06-17T22:45:08Z,,0.000600,4.857,membership,Payment by membership account and/or membership card,USCPIE13966051*1
ChargePoint Network,,,1932851,1932851,BRIGHTRIDGE EV / BR-JC LIBRARY,23319821,3,3156064981,2024-06-10T14:17:15Z,2024-06-10T14:22:18Z,,0.483478,7.1317,membership,Payment by membership account and/or membership card,USCPIE1932851*2
ChargePoint Network,,,15332351,15332351,TUA NW ATLANTIC / STATION 2 (R),24867891,100011,3186417861,2024-06-24T00:11:35Z,2024-06-24T01:08:02Z,,24.689199,28.302,membership,Payment by membership account and/or membership card,USCPIE15332351*1
ChargePoint Network,,,14337501,14337501,HOLSTONELECTRIC / CHURCH HILL-2,23845091,100011,3168702681,2024-06-15T17:09:30Z,2024-06-15T17:57:52Z,,35.080898,52.541,membership,Payment by membership account and/or membership card,USCPIE14337501*1
ChargePoint Network,,,14355251,14355251,HARTSELLE 1 / STATION 2 (R),23865691,247,3152281761,2024-06-08T13:01:42Z,2024-06-08T13:14:43Z,,13.092100,0.0,membership,Payment by membership account and/or membership card,USCPIE14355251*1
ChargePoint Network,,,5466441,5466441,7SPC / NASA USSRC R,9079371,3,3198204701,2024-06-28T20:49:09Z,2024-06-28T22:25:09Z,,9.806422,6.2219,membership,Payment by membership account and/or membership card,USCPIE5466441*2
ChargePoint Network,,,13290491,13290491,7SPC / NASA USSRC L,22634941,3,3136407511,2024-06-01T16:05:26Z,2024-06-01T17:43:57Z,,1.497622,5.8712,membership,Payment by membership account and/or membership card,USCPIE13290491*2
ChargePoint Network,,,15623211,15623211,CLW / 5TH ST 2 (R),25208281,247,3199279851,2024-06-29T11:36:39Z,2024-06-29T14:52:42Z,,60.053600,76.635,membership,Payment by membership account and/or membership card,USCPIE15623211*1
ChargePoint Network,,,15694081,15694081,BRIGHTRIDGE EV / STATION 2 (R),25291921,247,3159597031,2024-06-11T21:34:32Z,2024-06-11T22:24:01Z,,34.277699,59.946,membership,Payment by membership account and/or membership card,USCPIE15694081*1
ChargePoint Network,,,5466441,5466441,7SPC / NASA USSRC R,9079361,3,3196010281,2024-06-27T22:26:47Z,2024-06-27T23:08:21Z,,4.138280,6.0775,membership,Payment by membership account and/or membership card,USCPIE5466441*1
ChargePoint Network,,,5466441,5466441,7SPC / NASA USSRC R,9079361,3,3181934081,2024-06-21T16:12:06Z,2024-06-21T17:05:28Z,,5.429276,6.2325,credit_card_terminal,Payment via credit card or debit card terminal,USCPIE5466441*1
ChargePoint Network,,,1933211,1933211,BRIGHTRIDGE EV / BR-JONESBOROUGH,2283631,3,3162124091,2024-06-12T21:29:37Z,2024-06-13T02:34:01Z,,30.665638,6.1111,membership,Payment by membership account and/or membership card,USCPIE1933211*1
ChargePoint Network,,,13880891,13880891,MU / MUC MAIN OFFICE,23319021,3,3185644371,2024-06-23T16:34:33Z,2024-06-23T18:29:57Z,,12.418238,6.9007,membership,Payment by membership account and/or membership card,USCPIE13880891*2
ChargePoint Network,,,5414151,5414151,7SPC / UC - CARTHAGE,9014651,3,3184775811,2024-06-23T00:28:09Z,2024-06-23T12:24:31Z,,46.685509,7.18,membership,Payment by membership account and/or membership card,USCPIE5414151*2
ChargePoint Network,,,13664401,13664401,BTES / STATION 1 (LL),23060421,247,3167743801,2024-06-15T02:03:47Z,2024-06-15T02:04:52Z,,0.000000,0.0,phone_online,"Payment through mobile app, website, automated phone number or messaging system",USCPIE13664401*1
ChargePoint Network,,,5122191,5122191,CULLMANELECTRIC / STATION1-L,8482151,247,3138708291,2024-06-02T21:32:12Z,2024-06-02T22:31:56Z,,65.672203,87.713,membership,Payment by membership account and/or membership card,USCPIE5122191*1
ChargePoint Network,,,13292801,13292801,LODGE CAST IRON / STORE & MUSEUM,22637561,3,3137025601,2024-06-01T21:51:52Z,2024-06-02T00:38:06Z,,16.269142,7.1611,membership,Payment by membership account and/or membership card,USCPIE13292801*2
ChargePoint Network,,,12406491,12406491,FPIA / LEFT STATION,21527781,247,3149778841,2024-06-07T11:07:31Z,2024-06-07T11:12:09Z,,7.506700,0.0,membership,Payment by membership account and/or membership card,USCPIE12406491*1
ChargePoint Network,,,1964521,1964521,EBOFG / GUNTERSVILLE PD,8374201,3,3196098361,2024-06-27T23:05:24Z,2024-06-28T02:55:59Z,,27.155411,7.1895,membership,Payment by membership account and/or membership card,USCPIE1964521*1
ChargePoint Network,,,14047321,14047321,JEFFERSON AVE. / OXFORD STA2(R),23514081,247,3193339621,2024-06-26T21:27:48Z,2024-06-26T22:12:44Z,,49.414600,73.655,credit_card_terminal,Payment via credit card or debit card terminal,USCPIE14047321*1
ChargePoint Network,,,5346231,5346231,CULLMANELECTRIC / STATION2-R,8926271,247,3153647421,2024-06-09T02:57:39Z,2024-06-09T03:48:29Z,,51.160301,71.082,membership,Payment by membership account and/or membership card,USCPIE5346231*1
ChargePoint Network,,,13664471,13664471,BTES / STATION 3 (RM),23060511,247,3150448831,2024-06-07T16:43:41Z,2024-06-07T17:18:28Z,,46.287998,84.942,credit_card_terminal,Payment via credit card or debit card terminal,USCPIE13664471*1
ChargePoint Network,,,15885151,15885151,TWICKENHAM SQ / HU - STATION 2,25520801,100011,3199658641,2024-06-29T17:11:30Z,2024-06-29T17:55:31Z,,19.290501,27.965,membership,Payment by membership account and/or membership card,USCPIE15885151*1
ChargePoint Network,,,5619801,5619801,7SPC / WARREN RECC BG,9274261,3,3165406451,2024-06-14T02:53:42Z,2024-06-14T05:19:08Z,,15.082191,6.2991,membership,Payment by membership account and/or membership card,USCPIE5619801*2
ChargePoint Network,,,15694081,15694081,BRIGHTRIDGE EV / STATION 2 (R),25291921,247,3185357151,2024-06-23T11:02:41Z,2024-06-23T11:53:12Z,,14.892400,123.69,membership,Payment by membership account and/or membership card,USCPIE15694081*1
ChargePoint Network,,,5384781,5384781,7SPC / TRI-COUNTY EMC,9273701,3,3143821481,2024-06-05T00:09:27Z,2024-06-05T00:39:44Z,,3.615921,7.2532,membership,Payment by membership account and/or membership card,USCPIE5384781*2
ChargePoint Network,,,7505851,7505851,JEFFERSON AVE. / OXFORD STA1(L),12955471,247,3150370211,2024-06-07T16:12:31Z,2024-06-07T16:13:13Z,,0.000000,0.0,membership,Payment by membership account and/or membership card,USCPIE7505851*1
ChargePoint Network,,,13803581,13803581,FPU / STATION 1 (L),23227201,247,3147535741,2024-06-06T14:29:36Z,2024-06-06T14:55:21Z,,30.341200,75.855,membership,Payment by membership account and/or membership card,USCPIE13803581*1
ChargePoint Network,,,5122191,5122191,CULLMANELECTRIC / STATION1-L,8482151,247,3136538141,2024-06-01T17:23:56Z,2024-06-01T18:16:16Z,,34.698898,53.193,membership,Payment by membership account and/or membership card,USCPIE5122191*1
ChargePoint Network,,,9777021,9777021,CRMC / CRMC-2- L2RIGHT,17361741,3,3155787561,2024-06-10T11:52:34Z,2024-06-10T15:00:48Z,,15.117800,7.137,membership,Payment by membership account and/or membership card,USCPIE9777021*1
ChargePoint Network,,,14047321,14047321,JEFFERSON AVE. / OXFORD STA2(R),23514081,247,3154634811,2024-06-09T19:56:16Z,2024-06-09T20:18:25Z,,33.169601,96.099,membership,Payment by membership account and/or membership card,USCPIE14047321*1
ChargePoint Network,,,13966031,13966031,BEA / STATION 4 (RR),23419961,247,3171853301,2024-06-17T11:30:02Z,2024-06-17T11:49:56Z,,20.525499,74.86,membership,Payment by membership account and/or membership card,USCPIE13966031*1
ChargePoint Network,,,13292801,13292801,LODGE CAST IRON / STORE & MUSEUM,22637561,3,3162928831,2024-06-13T03:46:46Z,2024-06-13T04:17:42Z,,3.300385,6.4974,membership,Payment by membership account and/or membership card,USCPIE13292801*2
ChargePoint Network,,,5346231,5346231,CULLMANELECTRIC / STATION2-R,8926271,247,3197985591,2024-06-28T19:35:04Z,2024-06-28T19:41:45Z,,6.116100,0.0,credit_card_terminal,Payment via credit card or debit card terminal,USCPIE5346231*1
ChargePoint Network,,,13290491,13290491,7SPC / NASA USSRC L,22634941,3,3181728311,2024-06-21T14:49:15Z,2024-06-21T14:51:15Z,,0.000000,0.0,membership,Payment by membership account and/or membership card,USCPIE13290491*2
ChargePoint Network,,,13659871,13659871,LAWRENCEBURG / STATION 2 (R),23054921,247,3163392931,2024-06-13T12:23:36Z,2024-06-13T12:31:14Z,,8.036300,71.314,membership,Payment by membership account and/or membership card,USCPIE13659871*1
ChargePoint Network,,,14025691,14025691,PARIS BPU / STATION 1(L),,,3145601561,2024-06-05T18:43:01Z,2024-06-05T18:45:02Z,,0.000000,0.0,membership,Payment by membership account and/or membership card,USCPIE14025691*0
ChargePoint Network,,,15548151,15548151,DECATURDOWNTWN / STATION 1 (R),25119511,247,3166961741,2024-06-14T20:01:58Z,2024-06-14T20:03:49Z,,0.000000,0.0,membership,Payment by membership account and/or membership card,USCPIE15548151*1
ChargePoint Network,,,15885791,15885791,TWICKENHAM SQ / HU - STATION 3,,,3189799361,2024-06-25T14:39:11Z,2024-06-25T14:39:27Z,,0.000000,,membership,Payment by membership account and/or membership card,USCPIE15885791*0
ChargePoint Network,,,5363211,5363211,HARTSELLE 1 / HARTSELLE 1,23427571,3,3153372691,2024-06-09T00:13:59Z,2024-06-09T01:17:31Z,,7.650517,7.3001,membership,Payment by membership account and/or membership card,USCPIE5363211*1
ChargePoint Network,,,14359491,14359491,EBOFG / STATION 1 (L),23870291,247,3150518291,2024-06-07T17:13:24Z,2024-06-07T17:14:09Z,,0.000000,0.0,membership,Payment by membership account and/or membership card,USCPIE14359491*1
ChargePoint Network,,,14355251,14355251,HARTSELLE 1 / STATION 2 (R),23865691,247,3135322831,2024-06-01T00:15:05Z,2024-06-01T00:43:27Z,,27.256599,66.98,membership,Payment by membership account and/or membership card,USCPIE14355251*1
ChargePoint Network,,,1921531,1921531,STARKVILLE UTIL / STARKVILLE REC,2268551,3,3199794601,2024-06-29T18:35:52Z,2024-06-29T18:37:58Z,,0.000000,0.0,membership,Payment by membership account and/or membership card,USCPIE1921531*1
ChargePoint Network,,,14097711,14097711,SCOTTSBORO EPB / SEPB DCFC (R),23570811,247,3161573291,2024-06-12T17:27:42Z,2024-06-12T17:48:31Z,,24.030199,76.238,membership,Payment by membership account and/or membership card,USCPIE14097711*1
ChargePoint Network,,,5346231,5346231,CULLMANELECTRIC / STATION2-R,,,3192259271,2024-06-26T14:09:55Z,2024-06-26T14:11:56Z,,0.000000,,other,Any other payment method not specified above. Additional description should be provided in Payment Method Description.,USCPIE5346231*0
ChargePoint Network,,,15640171,15640171,NECDC / STATION 2 (R),25228711,247,3199050211,2024-06-29T04:56:34Z,2024-06-29T05:15:01Z,,19.857401,68.555,membership,Payment by membership account and/or membership card,USCPIE15640171*1
ChargePoint Network,,,15742641,15742641,GEA-1 / STATION 2 (R),,,3177957061,2024-06-19T22:41:43Z,2024-06-19T22:43:44Z,,0.000000,,phone_online,"Payment through mobile app, website, automated phone number or messaging system",USCPIE15742641*0
ChargePoint Network,,,15280441,15280441,SPRFLD ELECTRIC / STATION 2 (R),24807641,247,3177045551,2024-06-19T14:22:35Z,2024-06-19T14:42:02Z,,16.337700,52.984,membership,Payment by membership account and/or membership card,USCPIE15280441*1
ChargePoint Network,,,13664501,13664501,BTES / STATION 4 (RR),23060561,247,3172026041,2024-06-17T13:14:15Z,2024-06-17T14:19:05Z,,35.378300,62.72,credit_card_terminal,Payment via credit card or debit card terminal,USCPIE13664501*1
ChargePoint Network,,,13292801,13292801,LODGE CAST IRON / STORE & MUSEUM,22637561,3,3179395391,2024-06-20T15:33:32Z,2024-06-20T16:28:28Z,,5.944267,6.5768,credit_card_terminal,Payment via credit card or debit card terminal,USCPIE13292801*2
ChargePoint Network,,,5346231,5346231,CULLMANELECTRIC / STATION2-R,8926271,247,3177716891,2024-06-19T20:39:00Z,2024-06-19T21:08:24Z,,33.644402,70.919,other,Any other payment method not specified above. Additional description should be provided in Payment Method Description.,USCPIE5346231*1
ChargePoint Network,,,12406491,12406491,FPIA / LEFT STATION,21527781,247,3172364411,2024-06-17T15:39:47Z,2024-06-17T16:00:38Z,,24.391001,75.041,membership,Payment by membership account and/or membership card,USCPIE12406491*1
ChargePoint Network,,,5122191,5122191,CULLMANELECTRIC / STATION1-L,8482151,247,3148957111,2024-06-07T00:02:51Z,2024-06-07T00:56:08Z,,49.223099,70.855,credit_card_terminal,Payment via credit card or debit card terminal,USCPIE5122191*1
ChargePoint Network,,,5122191,5122191,CULLMANELECTRIC / STATION1-L,8482151,247,3151184761,2024-06-07T22:10:34Z,2024-06-07T23:10:22Z,,29.654699,54.682,membership,Payment by membership account and/or membership card,USCPIE5122191*1
ChargePoint Network,,,5346231,5346231,CULLMANELECTRIC / STATION2-R,8926271,247,3183701691,2024-06-22T12:30:55Z,2024-06-22T13:09:38Z,,45.380798,87.515,membership,Payment by membership account and/or membership card,USCPIE5346231*1
ChargePoint Network,,,14047321,14047321,JEFFERSON AVE. / OXFORD STA2(R),23514081,247,3167054591,2024-06-14T20:41:29Z,2024-06-14T21:33:23Z,,54.621799,73.108,membership,Payment by membership account and/or membership card,USCPIE14047321*1
ChargePoint Network,,,15623211,15623211,CLW / 5TH ST 2 (R),25208281,247,3149555501,2024-06-07T05:12:09Z,2024-06-07T05:31:13Z,,15.255400,51.948,membership,Payment by membership account and/or membership card,USCPIE15623211*1
ChargePoint Network,,,13643831,13643831,PEPA / STATION 1,23036511,100011,3168954941,2024-06-15T19:34:54Z,2024-06-15T19:45:20Z,,6.035400,40.553,membership,Payment by membership account and/or membership card,USCPIE13643831*1
ChargePoint Network,,,15332321,15332321,TUA NW ATLANTIC / STATION 1 (L),24867861,247,3180137781,2024-06-20T20:42:32Z,2024-06-20T21:09:27Z,,30.682100,76.832,membership,Payment by membership account and/or membership card,USCPIE15332321*1
ChargePoint Network,,,1785631,1785631,HOLSTONELECTRIC / STATION 1,22462981,3,3145808231,2024-06-05T20:10:58Z,2024-06-05T22:44:27Z,,19.019388,7.5201,membership,Payment by membership account and/or membership card,USCPIE1785631*1
ChargePoint Network,,,12720861,12720861,WRECC / STATION 2,21977121,247,3135625331,2024-06-01T02:52:45Z,2024-06-01T02:55:29Z,,0.000000,0.0,credit_card_terminal,Payment via credit card or debit card terminal,USCPIE12720861*1
ChargePoint Network,,,13664501,13664501,BTES / STATION 4 (RR),23060561,247,3163995231,2024-06-13T16:26:23Z,2024-06-13T16:46:40Z,,16.293800,53.723,membership,Payment by membership account and/or membership card,USCPIE13664501*1
ChargePoint Network,,,5565191,5565191,7SPC / DOLLYWOOD EMPL,9205031,3,3175046291,2024-06-18T16:44:45Z,2024-06-18T23:10:21Z,,38.625046,7.1548,membership,Payment by membership account and/or membership card,USCPIE5565191*1
ChargePoint Network,,,15332351,15332351,TUA NW ATLANTIC / STATION 2 (R),24867891,247,3181723241,2024-06-21T14:49:05Z,2024-06-21T15:43:19Z,,84.150597,97.244,membership,Payment by membership account and/or membership card,USCPIE15332351*1
ChargePoint Network,,,14047321,14047321,JEFFERSON AVE. / OXFORD STA2(R),,,3135787921,2024-06-01T04:13:41Z,2024-06-01T04:13:44Z,,0.000000,,membership,Payment by membership account and/or membership card,USCPIE14047321*0
ChargePoint Network,,,5625391,5625391,7SPC / VEC JAMESTOWN,9280971,3,3184050321,2024-06-22T17:10:47Z,2024-06-23T01:55:39Z,,62.850025,7.2812,credit_card_terminal,Payment via credit card or debit card terminal,USCPIE5625391*2
ChargePoint Network,,,13659831,13659831,LAWRENCEBURG / STATION 1 (L),23054881,247,3185138801,2024-06-23T04:22:51Z,2024-06-23T05:05:31Z,,47.313599,73.891,membership,Payment by membership account and/or membership card,USCPIE13659831*1
ChargePoint Network,,,12720861,12720861,WRECC / STATION 2,21977121,247,3170881611,2024-06-16T21:33:28Z,2024-06-16T21:57:51Z,,27.781500,71.116,membership,Payment by membership account and/or membership card,USCPIE12720861*1
ChargePoint Network,,,12720881,12720881,WRECC / STATION 1,21977141,247,3164447501,2024-06-13T19:44:24Z,2024-06-13T20:07:07Z,,31.738400,91.629,other,Any other payment method not specified above. Additional description should be provided in Payment Method Description.,USCPIE12720881*1
ChargePoint Network,,,12720861,12720861,WRECC / STATION 2,21977121,247,3155083671,2024-06-10T00:05:15Z,2024-06-10T00:30:53Z,,23.211599,57.659,membership,Payment by membership account and/or membership card,USCPIE12720861*1
ChargePoint Network,,,13643801,13643801,PEPA / STATION 2,23036481,247,3170047101,2024-06-16T08:11:59Z,2024-06-16T08:59:59Z,,44.657101,122.276,membership,Payment by membership account and/or membership card,USCPIE13643801*1
ChargePoint Network,,,13606091,13606091,I24 EXIT11 / STATION 3 (RM),22992551,247,3192154941,2024-06-26T13:23:40Z,2024-06-26T13:41:34Z,,32.224998,111.496,credit_card_terminal,Payment via credit card or debit card terminal,USCPIE13606091*1
ChargePoint Network,,,1932851,1932851,BRIGHTRIDGE EV / BR-JC LIBRARY,23319821,3,3172687221,2024-06-17T17:47:53Z,2024-06-17T18:39:49Z,,2.639983,6.6344,membership,Payment by membership account and/or membership card,USCPIE1932851*2
ChargePoint Network,,,8851921,8851921,7SPC / SEVIERVILLE DC1,15571271,207,3151422161,2024-06-08T00:04:12Z,2024-06-08T01:38:28Z,,59.384102,55.539,membership,Payment by membership account and/or membership card,USCPIE8851921*1
ChargePoint Network,,,5565191,5565191,7SPC / DOLLYWOOD EMPL,9205041,3,3190201151,2024-06-25T17:01:18Z,2024-06-25T22:56:41Z,,40.646038,6.9935,membership,Payment by membership account and/or membership card,USCPIE5565191*2
ChargePoint Network,,,1964521,1964521,EBOFG / GUNTERSVILLE PD,8374201,3,3145443801,2024-06-05T17:28:18Z,2024-06-05T19:33:27Z,,15.006173,7.276,credit_card_terminal,Payment via credit card or debit card terminal,USCPIE1964521*1
ChargePoint Network,,,15694171,15694171,BRIGHTRIDGE EV / STATION 1 (L),25292041,247,3137301211,2024-06-02T00:25:35Z,2024-06-02T00:25:53Z,,0.000000,0.0,membership,Payment by membership account and/or membership card,USCPIE15694171*1
ChargePoint Network,,,14097711,14097711,SCOTTSBORO EPB / SEPB DCFC (R),23570811,247,3145594971,2024-06-05T18:41:54Z,2024-06-05T18:58:05Z,,14.665500,76.047,membership,Payment by membership account and/or membership card,USCPIE14097711*1
ChargePoint Network,,,8851921,8851921,7SPC / SEVIERVILLE DC1,15571271,207,3138207411,2024-06-02T16:28:51Z,2024-06-02T17:40:13Z,,61.456600,55.285,membership,Payment by membership account and/or membership card,USCPIE8851921*1
ChargePoint Network,,,12720881,12720881,WRECC / STATION 1,21977141,247,3160834811,2024-06-12T12:26:28Z,2024-06-12T12:55:11Z,,26.174801,74.0,membership,Payment by membership account and/or membership card,USCPIE12720881*1
ChargePoint Network,,,12406401,12406401,FPIA / RIGHT STATION,21527671,247,3160027181,2024-06-12T00:40:32Z,2024-06-12T01:46:03Z,,44.266998,95.375,membership,Payment by membership account and/or membership card,USCPIE12406401*1
ChargePoint Network,,,15640171,15640171,NECDC / STATION 2 (R),25228711,247,3173186191,2024-06-17T21:33:59Z,2024-06-17T21:39:33Z,,4.312300,0.0,membership,Payment by membership account and/or membership card,USCPIE15640171*1
ChargePoint Network,,,5122191,5122191,CULLMANELECTRIC / STATION1-L,8482151,247,3166370191,2024-06-14T15:43:20Z,2024-06-14T16:20:02Z,,39.680500,77.617,membership,Payment by membership account and/or membership card,USCPIE5122191*1
ChargePoint Network,,,15885151,15885151,TWICKENHAM SQ / HU - STATION 2,25520801,247,3192648671,2024-06-26T16:30:18Z,2024-06-26T17:38:37Z,,48.772999,73.086,other,Any other payment method not specified above. Additional description should be provided in Payment Method Description.,USCPIE15885151*1
ChargePoint Network,,,5397731,5397731,EEDEV / MILLIGAN UNIV,9010261,3,3181551691,2024-06-21T13:17:39Z,2024-06-21T14:59:10Z,,11.996181,7.2193,membership,Payment by membership account and/or membership card,USCPIE5397731*2
ChargePoint Network,,,1921351,1921351,STARKVILLE UTIL / STARKVILLE DWTN,23682581,3,3167073071,2024-06-14T20:50:14Z,2024-06-14T20:51:04Z,,0.000000,,other,Any other payment method not specified above. Additional description should be provided in Payment Method Description.,USCPIE1921351*2
ChargePoint Network,,,15623211,15623211,CLW / 5TH ST 2 (R),25208281,247,3148484881,2024-06-06T20:44:50Z,2024-06-06T21:33:14Z,,46.962898,64.934,membership,Payment by membership account and/or membership card,USCPIE15623211*1
ChargePoint Network,,,13606061,13606061,I24 EXIT11 / STATION 4 (RR),22992511,247,3161199881,2024-06-12T15:09:05Z,2024-06-12T15:56:32Z,,48.215698,73.26,membership,Payment by membership account and/or membership card,USCPIE13606061*1
ChargePoint Network,,,15280471,15280471,SPRFLD ELECTRIC / STATION 1 (L),24807681,100011,3200162121,2024-06-29T22:15:21Z,2024-06-29T22:37:43Z,,13.853200,40.5,credit_card_terminal,Payment via credit card or debit card terminal,USCPIE15280471*1
ChargePoint Network,,,12720881,12720881,WRECC / STATION 1,21977141,247,3187072671,2024-06-24T11:41:45Z,2024-06-24T12:33:19Z,,20.759199,38.325,membership,Payment by membership account and/or membership card,USCPIE12720881*1
ChargePoint Network,,,5424051,5424051,EEDEV / ELIZ DOWNTOWN,9027001,3,3175120171,2024-06-18T17:16:35Z,2024-06-18T18:17:53Z,,3.439401,3.6029,membership,Payment by membership account and/or membership card,USCPIE5424051*2
ChargePoint Network,,,13292801,13292801,LODGE CAST IRON / STORE & MUSEUM,22637551,3,3154383541,2024-06-09T17:19:21Z,2024-06-09T18:33:01Z,,7.417631,6.9339,credit_card_terminal,Payment via credit card or debit card terminal,USCPIE13292801*1
ChargePoint Network,,,1988061,1988061,7SPC / SCES DOLLYWOOD,25499841,3,3161482861,2024-06-12T16:47:56Z,2024-06-12T23:47:37Z,,15.434221,6.9311,credit_card_terminal,Payment via credit card or debit card terminal,USCPIE1988061*2
ChargePoint Network,,,5466441,5466441,7SPC / NASA USSRC R,9079361,3,3182154651,2024-06-21T17:50:42Z,2024-06-21T18:19:16Z,,2.940539,6.2716,membership,Payment by membership account and/or membership card,USCPIE5466441*1
ChargePoint Network,,,5122191,5122191,CULLMANELECTRIC / STATION1-L,8482151,247,3155023741,2024-06-09T23:33:54Z,2024-06-10T00:17:27Z,,48.751301,78.997,membership,Payment by membership account and/or membership card,USCPIE5122191*1
ChargePoint Network,,,1844191,1844191,CLW / MAIN ST,23050441,3,3137940431,2024-06-02T11:52:53Z,2024-06-02T17:32:14Z,,38.770782,7.3558,credit_card_terminal,Payment via credit card or debit card terminal,USCPIE1844191*2
ChargePoint Network,,,5346231,5346231,CULLMANELECTRIC / STATION2-R,8926271,247,3151170331,2024-06-07T22:04:20Z,2024-06-07T22:47:47Z,,37.340698,64.222,membership,Payment by membership account and/or membership card,USCPIE5346231*1
ChargePoint Network,,,8851921,8851921,7SPC / SEVIERVILLE DC1,15571271,207,3197218641,2024-06-28T13:41:41Z,2024-06-28T15:13:04Z,,82.961304,57.68,membership,Payment by membership account and/or membership card,USCPIE8851921*1
ChargePoint Network,,,14337501,14337501,HOLSTONELECTRIC / CHURCH HILL-2,23845091,247,3189734871,2024-06-25T14:12:12Z,2024-06-25T14:33:02Z,,23.270700,71.355,other,Any other payment method not specified above. Additional description should be provided in Payment Method Description.,USCPIE14337501*1
ChargePoint Network,,,8851921,8851921,7SPC / SEVIERVILLE DC1,15571271,207,3141128031,2024-06-03T22:40:48Z,2024-06-03T23:02:20Z,,17.827801,55.902,membership,Payment by membership account and/or membership card,USCPIE8851921*1
ChargePoint Network,,,13643831,13643831,PEPA / STATION 1,23036511,247,3184940631,2024-06-23T02:05:18Z,2024-06-23T02:34:31Z,,31.351500,74.426,membership,Payment by membership account and/or membership card,USCPIE13643831*1
ChargePoint Network,,,15548181,15548181,DECATURDOWNTWN / STATION 2 (L),,,3166695111,2024-06-14T18:00:14Z,2024-06-14T18:02:04Z,,0.000000,,membership,Payment by membership account and/or membership card,USCPIE15548181*0
ChargePoint Network,,,8851921,8851921,7SPC / SEVIERVILLE DC1,15571271,207,3196510251,2024-06-28T02:18:04Z,2024-06-28T02:36:14Z,,15.064400,53.872,membership,Payment by membership account and/or membership card,USCPIE8851921*1
ChargePoint Network,,,15640171,15640171,NECDC / STATION 2 (R),25228711,247,3138658371,2024-06-02T21:04:14Z,2024-06-02T21:44:44Z,,26.647100,54.534,membership,Payment by membership account and/or membership card,USCPIE15640171*1
ChargePoint Network,,,1988061,1988061,7SPC / SCES DOLLYWOOD,25499831,3,3162415621,2024-06-12T23:36:35Z,2024-06-13T00:34:21Z,,7.005439,7.3962,membership,Payment by membership account and/or membership card,USCPIE1988061*1
ChargePoint Network,,,15332321,15332321,TUA NW ATLANTIC / STATION 1 (L),24867861,247,3138705581,2024-06-02T21:30:41Z,2024-06-02T23:09:09Z,,64.796303,71.237,membership,Payment by membership account and/or membership card,USCPIE15332321*1
ChargePoint Network,,,13606061,13606061,I24 EXIT11 / STATION 4 (RR),22992511,247,3180353591,2024-06-20T22:15:08Z,2024-06-20T22:31:20Z,,24.136499,123.199,credit_card_terminal,Payment via credit card or debit card terminal,USCPIE13606061*1
ChargePoint Network,,,13606121,13606121,I24 EXIT11 / STATION 2 (LM),22992591,247,3142785291,2024-06-04T16:33:10Z,2024-06-04T16:49:05Z,,17.607401,78.405,credit_card_terminal,Payment via credit card or debit card terminal,USCPIE13606121*1
ChargePoint Network,,,5424051,5424051,EEDEV / ELIZ DOWNTOWN,9027001,3,3149137151,2024-06-07T01:20:25Z,2024-06-07T01:34:00Z,,1.277184,5.8594,credit_card_terminal,Payment via credit card or debit card terminal,USCPIE5424051*2
ChargePoint Network,,,15694171,15694171,BRIGHTRIDGE EV / STATION 1 (L),25292041,247,3169021521,2024-06-15T20:13:41Z,2024-06-15T20:45:35Z,,50.079300,122.891,credit_card_terminal,Payment via credit card or debit card terminal,USCPIE15694171*1
ChargePoint Network,,,13664501,13664501,BTES / STATION 4 (RR),23060561,247,3172637571,2024-06-17T17:24:07Z,2024-06-17T18:31:31Z,,60.880501,72.353,credit_card_terminal,Payment via credit card or debit card terminal,USCPIE13664501*1
ChargePoint Network,,,13606141,13606141,I24 EXIT11 / STATION 1 (LL),22992611,247,3185847151,2024-06-23T18:43:09Z,2024-06-23T19:13:08Z,,34.387501,72.269,membership,Payment by membership account and/or membership card,USCPIE13606141*1
ChargePoint Network,,,5525971,5525971,7SPC / SPARTA TN,9154691,3,3169422121,2024-06-15T23:59:10Z,2024-06-16T04:11:23Z,,29.867228,7.1768,credit_card_terminal,Payment via credit card or debit card terminal,USCPIE5525971*2
ChargePoint Network,,,1932851,1932851,BRIGHTRIDGE EV / BR-JC LIBRARY,23319821,3,3153259701,2024-06-08T23:09:01Z,2024-06-09T01:31:02Z,,12.680381,7.2231,membership,Payment by membership account and/or membership card,USCPIE1932851*2
ChargePoint Network,,,15694171,15694171,BRIGHTRIDGE EV / STATION 1 (L),25292041,247,3200141421,2024-06-29T22:02:48Z,2024-06-29T23:42:10Z,,26.529800,76.635,credit_card_terminal,Payment via credit card or debit card terminal,USCPIE15694171*1
ChargePoint Network,,,12720861,12720861,WRECC / STATION 2,21977121,247,3197872291,2024-06-28T18:42:14Z,2024-06-28T19:22:07Z,,20.955601,54.682,membership,Payment by membership account and/or membership card,USCPIE12720861*1
ChargePoint Network,,,15280471,15280471,SPRFLD ELECTRIC / STATION 1 (L),24807681,247,3157170051,2024-06-10T22:04:09Z,2024-06-10T23:32:53Z,,66.963303,59.502,membership,Payment by membership account and/or membership card,USCPIE15280471*1
ChargePoint Network,,,5466441,5466441,7SPC / NASA USSRC R,9079371,3,3185772841,2024-06-23T17:57:36Z,2024-06-23T20:08:09Z,,9.122268,4.2327,membership,Payment by membership account and/or membership card,USCPIE5466441*2
ChargePoint Network,,,15548151,15548151,DECATURDOWNTWN / STATION 1 (R),25119511,247,3143511391,2024-06-04T21:56:54Z,2024-06-04T23:02:24Z,,49.896801,71.708,membership,Payment by membership account and/or membership card,USCPIE15548151*1
ChargePoint Network,,,12720881,12720881,WRECC / STATION 1,21977141,247,3196438381,2024-06-27T20:17:51Z,2024-06-27T20:20:29Z,,0.000000,0.0,membership,Payment by membership account and/or membership card,USCPIE12720881*1
ChargePoint Network,,,15623231,15623231,CLW / 5TH ST 1 (L),25208301,247,3183823001,2024-06-22T14:35:46Z,2024-06-22T14:59:42Z,,20.158001,52.625,membership,Payment by membership account and/or membership card,USCPIE15623231*1
ChargePoint Network,,,13664401,13664401,BTES / STATION 1 (LL),23060421,247,3200059411,2024-06-29T21:14:04Z,2024-06-29T21:45:47Z,,19.959000,59.751,membership,Payment by membership account and/or membership card,USCPIE13664401*1
ChargePoint Network,,,1988141,1988141,7SPC / SCES DREAM MORE,2355561,3,3156125601,2024-06-10T14:43:27Z,2024-06-10T16:08:48Z,,9.702594,6.9237,membership,Payment by membership account and/or membership card,USCPIE1988141*1
ChargePoint Network,,,14359531,14359531,EBOFG / STATION 2 (R),23870331,247,3185671431,2024-06-23T16:53:03Z,2024-06-23T16:54:10Z,,0.000000,0.0,membership,Payment by membership account and/or membership card,USCPIE14359531*1
ChargePoint Network,,,15548151,15548151,DECATURDOWNTWN / STATION 1 (R),25119511,247,3171437321,2024-06-17T02:52:27Z,2024-06-17T04:31:17Z,,106.748497,87.713,credit_card_terminal,Payment via credit card or debit card terminal,USCPIE15548151*1
ChargePoint Network,,,13606141,13606141,I24 EXIT11 / STATION 1 (LL),22992611,247,3178709621,2024-06-20T06:50:59Z,2024-06-20T08:23:27Z,,42.844501,75.056,membership,Payment by membership account and/or membership card,USCPIE13606141*1
ChargePoint Network,,,1921531,1921531,STARKVILLE UTIL / STARKVILLE REC,2268561,3,3150240921,2024-06-07T15:24:51Z,2024-06-07T15:30:23Z,,0.000000,0.0,membership,Payment by membership account and/or membership card,USCPIE1921531*2
ChargePoint Network,,,1988061,1988061,7SPC / SCES DOLLYWOOD,25499841,3,3194615341,2024-06-27T12:44:02Z,2024-06-27T19:20:51Z,,42.217976,0.6812,membership,Payment by membership account and/or membership card,USCPIE1988061*2
ChargePoint Network,,,8851921,8851921,7SPC / SEVIERVILLE DC1,15571271,100011,3194681471,2024-06-27T13:15:39Z,2024-06-27T17:10:06Z,,4.661600,24.242,membership,Payment by membership account and/or membership card,USCPIE8851921*1
ChargePoint Network,,,14083171,14083171,STEMC / STATION 1 (L) H,23554721,247,3167552441,2024-06-15T00:32:14Z,2024-06-15T00:42:34Z,,12.059000,0.0,membership,Payment by membership account and/or membership card,USCPIE14083171*1
ChargePoint Network,,,7505851,7505851,JEFFERSON AVE. / OXFORD STA1(L),12955471,247,3161796221,2024-06-12T19:10:38Z,2024-06-12T19:44:57Z,,24.984800,62.439,credit_card_terminal,Payment via credit card or debit card terminal,USCPIE7505851*1
ChargePoint Network,,,12989161,12989161,BTES / CITY HALL,22285821,3,3155037371,2024-06-09T23:41:27Z,2024-06-10T12:50:52Z,,61.801342,7.2565,membership,Payment by membership account and/or membership card,USCPIE12989161*2
ChargePoint Network,,,5363211,5363211,HARTSELLE 1 / HARTSELLE 1,23427581,3,3182715921,2024-06-21T22:12:08Z,2024-06-21T23:04:09Z,,5.896537,6.9471,credit_card_terminal,Payment via credit card or debit card terminal,USCPIE5363211*2
ChargePoint Network,,,5565251,5565251,7SPC / SCES LECONTE 3,9205121,3,3149946501,2024-06-07T13:03:39Z,2024-06-07T13:36:52Z,,3.645208,6.7993,credit_card_terminal,Payment via credit card or debit card terminal,USCPIE5565251*1
ChargePoint Network,,,13664501,13664501,BTES / STATION 4 (RR),23060561,247,3185746861,2024-06-23T17:39:01Z,2024-06-23T18:28:15Z,,57.198002,87.271,other,Any other payment method not specified above. Additional description should be provided in Payment Method Description.,USCPIE13664501*1
ChargePoint Network,,,12720861,12720861,WRECC / STATION 2,21977121,247,3149406641,2024-06-07T03:38:05Z,2024-06-07T03:43:48Z,,0.000000,0.0,membership,Payment by membership account and/or membership card,USCPIE12720861*1
ChargePoint Network,,,5354011,5354011,7SPC / GREENEVILLE TA,8936791,207,3140507121,2024-06-03T17:58:43Z,2024-06-03T18:11:47Z,,12.410300,60.368,membership,Payment by membership account and/or membership card,USCPIE5354011*1
ChargePoint Network,,,15885771,15885771,TWICKENHAM SQ / HU - STATION 4,,,3197622681,2024-06-28T16:41:28Z,2024-06-28T16:41:44Z,,0.000000,,membership,Payment by membership account and/or membership card,USCPIE15885771*0
ChargePoint Network,,,15640171,15640171,NECDC / STATION 2 (R),25228711,247,3198457591,2024-06-28T23:18:52Z,2024-06-28T23:34:51Z,,10.518100,42.0,membership,Payment by membership account and/or membership card,USCPIE15640171*1
ChargePoint Network,,,8851921,8851921,7SPC / SEVIERVILLE DC1,15571271,207,3199680201,2024-06-29T17:24:46Z,2024-06-29T18:12:35Z,,37.262501,60.06,membership,Payment by membership account and/or membership card,USCPIE8851921*1
ChargePoint Network,,,13803581,13803581,FPU / STATION 1 (L),23227201,247,3190294311,2024-06-25T17:45:44Z,2024-06-25T17:46:12Z,,0.000000,0.0,membership,Payment by membership account and/or membership card,USCPIE13803581*1
ChargePoint Network,,,5363211,5363211,HARTSELLE 1 / HARTSELLE 1,23427571,3,3148885281,2024-06-06T23:32:00Z,2024-06-06T23:33:22Z,,0.000000,0.0,membership,Payment by membership account and/or membership card,USCPIE5363211*1
ChargePoint Network,,,1844191,1844191,CLW / MAIN ST,23050441,3,3157089391,2024-06-10T21:28:40Z,2024-06-11T02:47:39Z,,37.608124,7.2798,credit_card_terminal,Payment via credit card or debit card terminal,USCPIE1844191*2
ChargePoint Network,,,14359531,14359531,EBOFG / STATION 2 (R),23870331,247,3159227861,2024-06-11T18:56:15Z,2024-06-11T20:22:01Z,,11.590800,63.428,membership,Payment by membership account and/or membership card,USCPIE14359531*1
ChargePoint Network,,,15684341,15684341,MLEC / STATION 2 (R) W,25280201,247,3164427211,2024-06-13T19:37:16Z,2024-06-13T20:25:13Z,,37.487598,56.11,credit_card_terminal,Payment via credit card or debit card terminal,USCPIE15684341*1
ChargePoint Network,,,15250701,15250701,SES-TN / STATION 2,24772611,100011,3154459301,2024-06-09T18:07:27Z,2024-06-09T18:27:59Z,,12.613200,48.339,membership,Payment by membership account and/or membership card,USCPIE15250701*1
ChargePoint Network,,,13664501,13664501,BTES / STATION 4 (RR),,,3167180161,2024-06-14T21:38:04Z,2024-06-14T21:38:43Z,,0.000000,,membership,Payment by membership account and/or membership card,USCPIE13664501*0
ChargePoint Network,,,13966031,13966031,BEA / STATION 4 (RR),23419961,247,3196550741,2024-06-28T02:46:37Z,2024-06-28T03:07:42Z,,18.892401,55.902,membership,Payment by membership account and/or membership card,USCPIE13966031*1
ChargePoint Network,,,13290491,13290491,7SPC / NASA USSRC L,22634941,3,3136580151,2024-06-01T17:48:33Z,2024-06-01T18:09:23Z,,1.947007,5.861,membership,Payment by membership account and/or membership card,USCPIE13290491*2
ChargePoint Network,,,12720861,12720861,WRECC / STATION 2,21977121,247,3150580351,2024-06-07T17:41:48Z,2024-06-07T17:49:07Z,,5.420700,54.111,other,Any other payment method not specified above. Additional description should be provided in Payment Method Description.,USCPIE12720861*1
ChargePoint Network,,,13606061,13606061,I24 EXIT11 / STATION 4 (RR),,,3166901481,2024-06-14T19:34:10Z,2024-06-14T19:36:12Z,,0.000000,0.0,membership,Payment by membership account and/or membership card,USCPIE13606061*0
ChargePoint Network,,,15548151,15548151,DECATURDOWNTWN / STATION 1 (R),25119511,247,3193116811,2024-06-26T19:53:03Z,2024-06-26T20:51:44Z,,90.434097,102.564,membership,Payment by membership account and/or membership card,USCPIE15548151*1
ChargePoint Network,,,1932851,1932851,BRIGHTRIDGE EV / BR-JC LIBRARY,23319821,3,3199637061,2024-06-29T16:57:02Z,2024-06-29T16:59:02Z,,0.000000,0.0,membership,Payment by membership account and/or membership card,USCPIE1932851*2
ChargePoint Network,,,12720861,12720861,WRECC / STATION 2,21977121,247,3200233081,2024-06-29T22:59:07Z,2024-06-29T23:51:52Z,,47.006901,73.458,credit_card_terminal,Payment via credit card or debit card terminal,USCPIE12720861*1
ChargePoint Network,,,12406401,12406401,FPIA / RIGHT STATION,21527671,247,3186590851,2024-06-24T01:56:03Z,2024-06-24T02:43:04Z,,39.649399,77.415,membership,Payment by membership account and/or membership card,USCPIE12406401*1
ChargePoint Network,,,8851921,8851921,7SPC / SEVIERVILLE DC1,15571271,207,3154444211,2024-06-09T17:57:38Z,2024-06-09T18:54:25Z,,38.262901,44.155,credit_card_terminal,Payment via credit card or debit card terminal,USCPIE8851921*1
ChargePoint Network,,,12720861,12720861,WRECC / STATION 2,21977121,247,3148999481,2024-06-07T00:20:34Z,2024-06-07T00:23:22Z,,0.000000,0.0,membership,Payment by membership account and/or membership card,USCPIE12720861*1
ChargePoint Network,,,5122191,5122191,CULLMANELECTRIC / STATION1-L,8482151,247,3192295201,2024-06-26T14:27:29Z,2024-06-26T15:21:28Z,,20.070801,77.987,membership,Payment by membership account and/or membership card,USCPIE5122191*1
ChargePoint Network,,,15694171,15694171,BRIGHTRIDGE EV / STATION 1 (L),25292041,247,3166885421,2024-06-14T19:29:08Z,2024-06-14T19:36:37Z,,3.675100,34.967,membership,Payment by membership account and/or membership card,USCPIE15694171*1
ChargePoint Network,,,13606091,13606091,I24 EXIT11 / STATION 3 (RM),22992551,247,3190500761,2024-06-25T19:21:38Z,2024-06-25T19:28:30Z,,4.481300,0.0,credit_card_terminal,Payment via credit card or debit card terminal,USCPIE13606091*1
ChargePoint Network,,,12460751,12460751,PES / LEFT STATION,22360171,215,3162153711,2024-06-12T21:42:45Z,2024-06-13T13:53:37Z,,73.477303,7.8115,membership,Payment by membership account and/or membership card,USCPIE12460751*1
ChargePoint Network,,,13861891,13861891,BRMEMC / STATION 2,23296321,247,3197550821,2024-06-28T16:13:11Z,2024-06-28T16:54:33Z,,21.733200,58.459,credit_card_terminal,Payment via credit card or debit card terminal,USCPIE13861891*1
ChargePoint Network,,,5397731,5397731,EEDEV / MILLIGAN UNIV,9010261,3,3195872141,2024-06-27T21:26:57Z,2024-06-27T23:19:17Z,,13.245551,7.1658,membership,Payment by membership account and/or membership card,USCPIE5397731*2
ChargePoint Network,,,5565291,5565291,7SPC / SCES LECONTE 1,9205191,3,3195147691,2024-06-27T16:13:02Z,2024-06-27T21:20:37Z,,36.778408,7.229,membership,Payment by membership account and/or membership card,USCPIE5565291*1
ChargePoint Network,,,14097711,14097711,SCOTTSBORO EPB / SEPB DCFC (R),23570811,247,3147278281,2024-06-06T12:27:48Z,2024-06-06T13:24:33Z,,34.878502,71.565,membership,Payment by membership account and/or membership card,USCPIE14097711*1
ChargePoint Network,,,13606061,13606061,I24 EXIT11 / STATION 4 (RR),22992511,247,3178706921,2024-06-20T06:42:43Z,2024-06-20T06:43:08Z,,0.000000,0.0,membership,Payment by membership account and/or membership card,USCPIE13606061*1
ChargePoint Network,,,1933211,1933211,BRIGHTRIDGE EV / BR-JONESBOROUGH,2283641,3,3144316351,2024-06-05T04:19:25Z,2024-06-05T05:17:05Z,,5.626357,6.0117,membership,Payment by membership account and/or membership card,USCPIE1933211*2
ChargePoint Network,,,1932851,1932851,BRIGHTRIDGE EV / BR-JC LIBRARY,23319811,3,3198557561,2024-06-29T00:11:00Z,2024-06-29T02:32:59Z,,12.230451,6.6536,membership,Payment by membership account and/or membership card,USCPIE1932851*1
ChargePoint Network,,,14355271,14355271,HARTSELLE 1 / STATION 1 (L),23865711,247,3175707191,2024-06-18T21:34:31Z,2024-06-18T21:58:29Z,,27.294500,71.197,membership,Payment by membership account and/or membership card,USCPIE14355271*1
ChargePoint Network,,,14049761,14049761,PARIS BPU / STATION 2(R),23516951,247,3170238721,2024-06-16T14:21:53Z,2024-06-16T14:40:46Z,,32.481300,117.489,membership,Payment by membership account and/or membership card,USCPIE14049761*1
ChargePoint Network,,,5397731,5397731,EEDEV / MILLIGAN UNIV,9010261,3,3151323901,2024-06-07T23:16:08Z,2024-06-07T23:39:00Z,,2.697591,7.4778,membership,Payment by membership account and/or membership card,USCPIE5397731*2
ChargePoint Network,,,14337221,14337221,HOLSTONELECTRIC / CHURCH HILL-1,23844801,247,3200294671,2024-06-29T23:32:48Z,2024-06-30T00:12:29Z,,39.462002,75.819,membership,Payment by membership account and/or membership card,USCPIE14337221*1
ChargePoint Network,,,8851921,8851921,7SPC / SEVIERVILLE DC1,15571271,207,3173544621,2024-06-18T00:14:31Z,2024-06-18T01:29:24Z,,66.730698,56.055,membership,Payment by membership account and/or membership card,USCPIE8851921*1
ChargePoint Network,,,8851921,8851921,7SPC / SEVIERVILLE DC1,15571271,207,3186484231,2024-06-24T00:51:14Z,2024-06-24T02:19:18Z,,83.812302,62.215,membership,Payment by membership account and/or membership card,USCPIE8851921*1
ChargePoint Network,,,12406401,12406401,FPIA / RIGHT STATION,21527671,247,3166560901,2024-06-14T16:57:57Z,2024-06-14T17:26:40Z,,32.994400,71.54,membership,Payment by membership account and/or membership card,USCPIE12406401*1
ChargePoint Network,,,13803581,13803581,FPU / STATION 1 (L),23227201,247,3138423321,2024-06-02T18:46:20Z,2024-06-02T18:53:22Z,,4.401100,0.0,membership,Payment by membership account and/or membership card,USCPIE13803581*1
ChargePoint Network,,,5354011,5354011,7SPC / GREENEVILLE TA,8936791,207,3199500911,2024-06-29T15:26:38Z,2024-06-29T16:29:34Z,,28.692900,27.874,membership,Payment by membership account and/or membership card,USCPIE5354011*1
ChargePoint Network,,,15280441,15280441,SPRFLD ELECTRIC / STATION 2 (R),24807641,247,3196822431,2024-06-28T05:47:35Z,2024-06-28T05:48:39Z,,0.000000,0.0,membership,Payment by membership account and/or membership card,USCPIE15280441*1
ChargePoint Network,,,14337501,14337501,HOLSTONELECTRIC / CHURCH HILL-2,23845091,247,3161489641,2024-06-12T16:50:52Z,2024-06-12T17:19:50Z,,20.222000,58.59,membership,Payment by membership account and/or membership card,USCPIE14337501*1
ChargePoint Network,,,12720861,12720861,WRECC / STATION 2,21977121,247,3154077151,2024-06-09T12:54:43Z,2024-06-09T12:56:15Z,,0.000000,0.0,membership,Payment by membership account and/or membership card,USCPIE12720861*1
ChargePoint Network,,,12720861,12720861,WRECC / STATION 2,21977121,247,3149420961,2024-06-07T03:49:30Z,2024-06-07T04:09:05Z,,17.114401,55.577,membership,Payment by membership account and/or membership card,USCPIE12720861*1
ChargePoint Network,,,5625391,5625391,7SPC / VEC JAMESTOWN,9280971,3,3198330191,2024-06-28T22:15:36Z,2024-06-28T22:19:31Z,,0.000052,0.0058,credit_card_terminal,Payment via credit card or debit card terminal,USCPIE5625391*2
ChargePoint Network,,,12406401,12406401,FPIA / RIGHT STATION,21527671,247,3198745091,2024-06-29T01:48:08Z,2024-06-29T01:48:55Z,,0.000000,0.0,membership,Payment by membership account and/or membership card,USCPIE12406401*1
ChargePoint Network,,,12406491,12406491,FPIA / LEFT STATION,21527781,247,3154575391,2024-06-09T19:19:27Z,2024-06-09T19:20:26Z,,0.003400,0.0,membership,Payment by membership account and/or membership card,USCPIE12406491*1
ChargePoint Network,,,13803581,13803581,FPU / STATION 1 (L),23227201,247,3190253701,2024-06-25T17:26:11Z,2024-06-25T17:27:05Z,,0.000000,0.0,membership,Payment by membership account and/or membership card,USCPIE13803581*1
ChargePoint Network,,,12720861,12720861,WRECC / STATION 2,21977121,247,3148021131,2024-06-06T17:25:54Z,2024-06-06T18:26:18Z,,61.474499,74.676,membership,Payment by membership account and/or membership card,USCPIE12720861*1
ChargePoint Network,,,12406491,12406491,FPIA / LEFT STATION,21527781,247,3151347941,2024-06-07T23:28:17Z,2024-06-07T23:37:27Z,,0.000000,0.0,membership,Payment by membership account and/or membership card,USCPIE12406491*1
ChargePoint Network,,,5466441,5466441,7SPC / NASA USSRC R,9079371,3,3182324011,2024-06-21T19:11:41Z,2024-06-21T21:11:28Z,,12.399075,6.348,credit_card_terminal,Payment via credit card or debit card terminal,USCPIE5466441*2
ChargePoint Network,,,13606091,13606091,I24 EXIT11 / STATION 3 (RM),22992551,247,3179976831,2024-06-20T19:36:55Z,2024-06-20T19:59:09Z,,15.688000,41.653,membership,Payment by membership account and/or membership card,USCPIE13606091*1
ChargePoint Network,,,13606091,13606091,I24 EXIT11 / STATION 3 (RM),22992551,247,3170262931,2024-06-16T14:45:26Z,2024-06-16T15:04:49Z,,25.324301,84.545,membership,Payment by membership account and/or membership card,USCPIE13606091*1
ChargePoint Network,,,12406491,12406491,FPIA / LEFT STATION,21527781,100011,3184483461,2024-06-22T21:33:20Z,2024-06-22T22:07:15Z,,14.420400,26.499,membership,Payment by membership account and/or membership card,USCPIE12406491*1
ChargePoint Network,,,13664501,13664501,BTES / STATION 4 (RR),23060561,100011,3197493841,2024-06-28T15:51:06Z,2024-06-28T16:06:44Z,,6.546200,49.625,membership,Payment by membership account and/or membership card,USCPIE13664501*1
ChargePoint Network,,,13803581,13803581,FPU / STATION 1 (L),23227201,247,3190295121,2024-06-25T17:46:28Z,2024-06-25T18:51:40Z,,24.781500,73.695,membership,Payment by membership account and/or membership card,USCPIE13803581*1
ChargePoint Network,,,15885771,15885771,TWICKENHAM SQ / HU - STATION 4,25521581,100011,3188704801,2024-06-25T00:08:53Z,2024-06-25T00:33:40Z,,9.148400,49.228,membership,Payment by membership account and/or membership card,USCPIE15885771*1
ChargePoint Network,,,5565291,5565291,7SPC / SCES LECONTE 1,9205191,3,3180872861,2024-06-21T02:07:43Z,2024-06-21T03:14:50Z,,3.759043,3.7491,membership,Payment by membership account and/or membership card,USCPIE5565291*1
ChargePoint Network,,,13966051,13966051,BEA / STATION 3 (RM),23419981,247,3175441261,2024-06-18T19:42:54Z,2024-06-18T19:51:22Z,,4.088300,72.199,membership,Payment by membership account and/or membership card,USCPIE13966051*1
ChargePoint Network,,,13423581,13423581,AEC / STATION #2 (R),22787011,247,3137492411,2024-06-02T02:12:25Z,2024-06-02T03:21:00Z,,17.453199,41.104,credit_card_terminal,Payment via credit card or debit card terminal,USCPIE13423581*1
ChargePoint Network,,,15694081,15694081,BRIGHTRIDGE EV / STATION 2 (R),25291921,247,3196926491,2024-06-28T09:19:20Z,2024-06-28T09:53:49Z,,38.424099,74.646,membership,Payment by membership account and/or membership card,USCPIE15694081*1
ChargePoint Network,,,15280471,15280471,SPRFLD ELECTRIC / STATION 1 (L),24807681,247,3168999491,2024-06-15T20:01:19Z,2024-06-15T20:50:56Z,,11.381000,36.63,credit_card_terminal,Payment via credit card or debit card terminal,USCPIE15280471*1
ChargePoint Network,,,15280441,15280441,SPRFLD ELECTRIC / STATION 2 (R),24807641,247,3181562211,2024-06-21T13:24:00Z,2024-06-21T14:14:03Z,,31.625401,54.611,membership,Payment by membership account and/or membership card,USCPIE15280441*1
ChargePoint Network,,,5466441,5466441,7SPC / NASA USSRC R,9079361,3,3176224701,2024-06-19T01:20:08Z,2024-06-19T01:22:09Z,,0.000000,0.0,membership,Payment by membership account and/or membership card,USCPIE5466441*1
ChargePoint Network,,,13659871,13659871,LAWRENCEBURG / STATION 2 (R),23054921,247,3145356081,2024-06-05T16:49:47Z,2024-06-05T16:59:38Z,,10.158500,0.0,membership,Payment by membership account and/or membership card,USCPIE13659871*1
ChargePoint Network,,,1921351,1921351,STARKVILLE UTIL / STARKVILLE DWTN,23682571,3,3142302601,2024-06-04T13:33:18Z,2024-06-04T16:18:44Z,,19.962425,7.348,membership,Payment by membership account and/or membership card,USCPIE1921351*1
ChargePoint Network,,,1921531,1921531,STARKVILLE UTIL / STARKVILLE REC,2268561,3,3199798201,2024-06-29T18:38:19Z,2024-06-30T02:31:43Z,,55.468784,7.1857,membership,Payment by membership account and/or membership card,USCPIE1921531*2
ChargePoint Network,,,13606061,13606061,I24 EXIT11 / STATION 4 (RR),22992511,247,3156704201,2024-06-10T18:36:31Z,2024-06-10T19:26:02Z,,23.932699,60.84,membership,Payment by membership account and/or membership card,USCPIE13606061*1
ChargePoint Network,,,12720861,12720861,WRECC / STATION 2,21977121,247,3183998081,2024-06-22T16:39:55Z,2024-06-22T16:43:36Z,,0.000000,0.0,membership,Payment by membership account and/or membership card,USCPIE12720861*1
ChargePoint Network,,,1988061,1988061,7SPC / SCES DOLLYWOOD,25499841,3,3179080781,2024-06-20T13:26:55Z,2024-06-20T19:38:09Z,,43.861549,7.332,membership,Payment by membership account and/or membership card,USCPIE1988061*2
ChargePoint Network,,,682921,682921,7SPC / TVPPA OFFICE,9117261,3,3169514411,2024-06-16T00:51:06Z,2024-06-16T11:26:48Z,,63.980480,6.0992,credit_card_terminal,Payment via credit card or debit card terminal,USCPIE682921*2
ChargePoint Network,,,13664501,13664501,BTES / STATION 4 (RR),23060561,247,3159455731,2024-06-11T20:32:44Z,2024-06-11T21:07:50Z,,55.994701,122.276,membership,Payment by membership account and/or membership card,USCPIE13664501*1
ChargePoint Network,,,15623211,15623211,CLW / 5TH ST 2 (R),25208281,247,3180549211,2024-06-20T23:42:45Z,2024-06-21T01:13:37Z,,79.255798,60.84,membership,Payment by membership account and/or membership card,USCPIE15623211*1
ChargePoint Network,,,5354011,5354011,7SPC / GREENEVILLE TA,8936791,207,3172345291,2024-06-17T15:32:39Z,2024-06-17T15:55:00Z,,19.948500,55.327,membership,Payment by membership account and/or membership card,USCPIE5354011*1
ChargePoint Network,,,12406491,12406491,FPIA / LEFT STATION,21527781,247,3172674701,2024-06-17T17:42:06Z,2024-06-17T18:02:53Z,,24.183901,75.845,membership,Payment by membership account and/or membership card,USCPIE12406491*1
ChargePoint Network,,,1964521,1964521,EBOFG / GUNTERSVILLE PD,8374201,3,3195323341,2024-06-27T17:23:24Z,2024-06-27T19:28:58Z,,15.407811,7.424,membership,Payment by membership account and/or membership card,USCPIE1964521*1
ChargePoint Network,,,1988141,1988141,7SPC / SCES DREAM MORE,2355561,3,3164412311,2024-06-13T19:30:32Z,2024-06-13T21:23:37Z,,10.641471,6.9529,membership,Payment by membership account and/or membership card,USCPIE1988141*1
ChargePoint Network,,,5363211,5363211,HARTSELLE 1 / HARTSELLE 1,23427571,3,3148903001,2024-06-06T23:39:41Z,2024-06-06T23:42:53Z,,0.000000,0.0,membership,Payment by membership account and/or membership card,USCPIE5363211*1
ChargePoint Network,,,15640171,15640171,NECDC / STATION 2 (R),25228711,247,3138502911,2024-06-02T19:34:40Z,2024-06-02T20:34:43Z,,56.481499,59.436,other,Any other payment method not specified above. Additional description should be provided in Payment Method Description.,USCPIE15640171*1
ChargePoint Network,,,14047321,14047321,JEFFERSON AVE. / OXFORD STA2(R),23514081,247,3168341991,2024-06-15T12:47:00Z,2024-06-15T13:46:59Z,,36.698700,54.682,membership,Payment by membership account and/or membership card,USCPIE14047321*1
ChargePoint Network,,,13606121,13606121,I24 EXIT11 / STATION 2 (LM),22992591,247,3158549541,2024-06-11T14:31:07Z,2024-06-11T14:31:55Z,,0.000000,0.0,membership,Payment by membership account and/or membership card,USCPIE13606121*1
ChargePoint Network,,,13803581,13803581,FPU / STATION 1 (L),23227201,247,3150276211,2024-06-07T15:38:49Z,2024-06-07T16:06:40Z,,32.070599,77.42,membership,Payment by membership account and/or membership card,USCPIE13803581*1
ChargePoint Network,,,15623211,15623211,CLW / 5TH ST 2 (R),25208281,247,3152697061,2024-06-08T17:52:58Z,2024-06-08T18:56:42Z,,79.232101,96.519,membership,Payment by membership account and/or membership card,USCPIE15623211*1
ChargePoint Network,,,12460751,12460751,PES / LEFT STATION,22360171,215,3188340771,2024-06-24T21:20:44Z,2024-06-25T16:40:55Z,,65.704803,7.8073,membership,Payment by membership account and/or membership card,USCPIE12460751*1
ChargePoint Network,,,5466441,5466441,7SPC / NASA USSRC R,9079371,3,3168854101,2024-06-15T18:37:37Z,2024-06-15T22:00:45Z,,20.496418,6.1258,membership,Payment by membership account and/or membership card,USCPIE5466441*2
ChargePoint Network,,,12720861,12720861,WRECC / STATION 2,21977121,247,3182219041,2024-06-21T18:23:00Z,2024-06-21T19:21:06Z,,26.554300,53.789,membership,Payment by membership account and/or membership card,USCPIE12720861*1
ChargePoint Network,,,15694081,15694081,BRIGHTRIDGE EV / STATION 2 (R),25291921,247,3186172341,2024-06-23T21:57:07Z,2024-06-23T22:49:17Z,,37.137100,78.405,membership,Payment by membership account and/or membership card,USCPIE15694081*1
ChargePoint Network,,,1844191,1844191,CLW / MAIN ST,23050441,3,3167807881,2024-06-15T02:43:46Z,2024-06-15T13:17:09Z,,76.191628,7.299,membership,Payment by membership account and/or membership card,USCPIE1844191*2
ChargePoint Network,,,13664501,13664501,BTES / STATION 4 (RR),23060561,247,3154912411,2024-06-09T22:35:21Z,2024-06-09T23:04:43Z,,47.710701,121.635,membership,Payment by membership account and/or membership card,USCPIE13664501*1
ChargePoint Network,,,1932851,1932851,BRIGHTRIDGE EV / BR-JC LIBRARY,23319811,3,3160867281,2024-06-12T12:43:31Z,2024-06-12T19:40:56Z,,47.911793,7.4844,membership,Payment by membership account and/or membership card,USCPIE1932851*1
ChargePoint Network,,,14337501,14337501,HOLSTONELECTRIC / CHURCH HILL-2,23845091,247,3200288101,2024-06-29T23:28:33Z,2024-06-29T23:29:51Z,,0.000000,0.0,membership,Payment by membership account and/or membership card,USCPIE14337501*1
ChargePoint Network,,,15623231,15623231,CLW / 5TH ST 1 (L),25208301,247,3152729451,2024-06-08T18:11:44Z,2024-06-08T18:20:43Z,,7.612900,52.784,membership,Payment by membership account and/or membership card,USCPIE15623231*1
ChargePoint Network,,,15694171,15694171,BRIGHTRIDGE EV / STATION 1 (L),25292041,247,3187058641,2024-06-24T11:29:55Z,2024-06-24T11:33:47Z,,0.000000,0.0,credit_card_terminal,Payment via credit card or debit card terminal,USCPIE15694171*1
ChargePoint Network,,,5122191,5122191,CULLMANELECTRIC / STATION1-L,8482151,247,3167590531,2024-06-15T00:51:03Z,2024-06-15T00:51:47Z,,0.000000,0.0,membership,Payment by membership account and/or membership card,USCPIE5122191*1
ChargePoint Network,,,15694081,15694081,BRIGHTRIDGE EV / STATION 2 (R),25291921,247,3168820221,2024-06-15T18:17:30Z,2024-06-15T18:22:03Z,,3.743100,0.0,membership,Payment by membership account and/or membership card,USCPIE15694081*1
ChargePoint Network,,,1964521,1964521,EBOFG / GUNTERSVILLE PD,8374201,3,3200333071,2024-06-29T00:56:10Z,2024-06-29T02:17:21Z,,9.809858,7.4604,membership,Payment by membership account and/or membership card,USCPIE1964521*1
ChargePoint Network,,,15694171,15694171,BRIGHTRIDGE EV / STATION 1 (L),25292041,247,3189872211,2024-06-25T15:05:27Z,2024-06-25T15:51:12Z,,42.630299,76.832,credit_card_terminal,Payment via credit card or debit card terminal,USCPIE15694171*1
ChargePoint Network,,,12406401,12406401,FPIA / RIGHT STATION,21527671,247,3151393201,2024-06-07T23:51:18Z,2024-06-07T23:52:36Z,,0.000000,0.0,membership,Payment by membership account and/or membership card,USCPIE12406401*1
ChargePoint Network,,,15280441,15280441,SPRFLD ELECTRIC / STATION 2 (R),24807641,247,3180805871,2024-06-21T01:36:48Z,2024-06-21T02:52:20Z,,49.241299,54.167,membership,Payment by membership account and/or membership card,USCPIE15280441*1
ChargePoint Network,,,1988141,1988141,7SPC / SCES DREAM MORE,2355571,3,3169263681,2024-06-15T22:32:19Z,2024-06-15T22:58:51Z,,1.551595,3.6788,membership,Payment by membership account and/or membership card,USCPIE1988141*2
ChargePoint Network,,,1785631,1785631,HOLSTONELECTRIC / STATION 1,22462981,3,3136414701,2024-06-01T16:10:07Z,2024-06-01T18:07:37Z,,14.027291,7.2419,credit_card_terminal,Payment via credit card or debit card terminal,USCPIE1785631*1
ChargePoint Network,,,15280471,15280471,SPRFLD ELECTRIC / STATION 1 (L),24807681,247,3183612361,2024-06-22T09:13:20Z,2024-06-22T09:31:56Z,,7.070100,43.722,credit_card_terminal,Payment via credit card or debit card terminal,USCPIE15280471*1
ChargePoint Network,,,8851921,8851921,7SPC / SEVIERVILLE DC1,15571271,207,3183004081,2024-06-22T00:41:02Z,2024-06-22T01:10:24Z,,21.121700,52.984,membership,Payment by membership account and/or membership card,USCPIE8851921*1
ChargePoint Network,,,7505851,7505851,JEFFERSON AVE. / OXFORD STA1(L),12955471,247,3167529731,2024-06-15T00:21:48Z,2024-06-15T00:54:39Z,,37.499199,73.061,membership,Payment by membership account and/or membership card,USCPIE7505851*1
ChargePoint Network,,,15260241,15260241,STEMC / STATION 1 (L) A,,,3152303761,2024-06-08T13:21:55Z,2024-06-08T13:23:56Z,,0.000000,,membership,Payment by membership account and/or membership card,USCPIE15260241*0
ChargePoint Network,,,8851921,8851921,7SPC / SEVIERVILLE DC1,15571271,207,3152286121,2024-06-08T13:06:19Z,2024-06-08T14:04:40Z,,53.058300,58.748,membership,Payment by membership account and/or membership card,USCPIE8851921*1
ChargePoint Network,,,13966031,13966031,BEA / STATION 4 (RR),23419961,247,3147937891,2024-06-06T16:47:56Z,2024-06-06T17:24:10Z,,21.175800,46.995,membership,Payment by membership account and/or membership card,USCPIE13966031*1
ChargePoint Network,,,5414151,5414151,7SPC / UC - CARTHAGE,9014641,3,3184501171,2024-06-22T21:43:59Z,2024-06-23T03:41:05Z,,41.303795,7.0089,credit_card_terminal,Payment via credit card or debit card terminal,USCPIE5414151*1
ChargePoint Network,,,12720861,12720861,WRECC / STATION 2,21977121,247,3138295851,2024-06-02T17:28:00Z,2024-06-02T18:28:04Z,,53.710999,54.824,membership,Payment by membership account and/or membership card,USCPIE12720861*1
ChargePoint Network,,,13606141,13606141,I24 EXIT11 / STATION 1 (LL),22992611,247,3170668641,2024-06-16T19:26:14Z,2024-06-16T19:36:48Z,,0.000000,0.0,membership,Payment by membership account and/or membership card,USCPIE13606141*1
ChargePoint Network,,,5354011,5354011,7SPC / GREENEVILLE TA,8936791,207,3171211151,2024-06-17T00:36:27Z,2024-06-17T01:20:12Z,,40.257000,60.097,membership,Payment by membership account and/or membership card,USCPIE5354011*1
ChargePoint Network,,,15694171,15694171,BRIGHTRIDGE EV / STATION 1 (L),25292041,247,3198594331,2024-06-29T00:30:08Z,2024-06-29T00:36:07Z,,5.487600,0.0,membership,Payment by membership account and/or membership card,USCPIE15694171*1
ChargePoint Network,,,12406491,12406491,FPIA / LEFT STATION,21527781,247,3172360331,2024-06-17T15:38:16Z,2024-06-17T15:39:21Z,,0.000000,0.0,membership,Payment by membership account and/or membership card,USCPIE12406491*1
ChargePoint Network,,,13606061,13606061,I24 EXIT11 / STATION 4 (RR),22992511,247,3183970271,2024-06-22T16:21:42Z,2024-06-22T17:19:44Z,,47.395302,85.599,membership,Payment by membership account and/or membership card,USCPIE13606061*1
ChargePoint Network,,,13803581,13803581,FPU / STATION 1 (L),23227201,247,3190256751,2024-06-25T17:27:37Z,2024-06-25T17:45:11Z,,3.086700,72.912,membership,Payment by membership account and/or membership card,USCPIE13803581*1
ChargePoint Network,,,1932851,1932851,BRIGHTRIDGE EV / BR-JC LIBRARY,23319821,3,3199914401,2024-06-29T19:47:14Z,2024-06-29T22:30:37Z,,4.489881,3.7234,membership,Payment by membership account and/or membership card,USCPIE1932851*2
ChargePoint Network,,,15332351,15332351,TUA NW ATLANTIC / STATION 2 (R),,,3138706841,2024-06-02T21:29:22Z,2024-06-02T21:31:23Z,,0.000000,,membership,Payment by membership account and/or membership card,USCPIE15332351*0
ChargePoint Network,,,15280441,15280441,SPRFLD ELECTRIC / STATION 2 (R),24807641,247,3145534351,2024-06-05T18:11:54Z,2024-06-05T18:21:33Z,,8.193500,54.161,membership,Payment by membership account and/or membership card,USCPIE15280441*1
ChargePoint Network,,,12720861,12720861,WRECC / STATION 2,21977121,247,3147600131,2024-06-06T14:53:49Z,2024-06-06T15:51:31Z,,74.218597,87.416,membership,Payment by membership account and/or membership card,USCPIE12720861*1
ChargePoint Network,,,5346231,5346231,CULLMANELECTRIC / STATION2-R,8926271,247,3154392281,2024-06-09T17:25:10Z,2024-06-09T18:32:26Z,,41.845200,71.982,membership,Payment by membership account and/or membership card,USCPIE5346231*1
ChargePoint Network,,,13606091,13606091,I24 EXIT11 / STATION 3 (RM),22992551,247,3150143101,2024-06-07T14:47:19Z,2024-06-07T15:28:05Z,,38.727100,73.629,membership,Payment by membership account and/or membership card,USCPIE13606091*1
ChargePoint Network,,,12720861,12720861,WRECC / STATION 2,21977121,247,3154178081,2024-06-09T14:49:00Z,2024-06-09T14:50:20Z,,0.000000,0.0,membership,Payment by membership account and/or membership card,USCPIE12720861*1
ChargePoint Network,,,12406491,12406491,FPIA / LEFT STATION,21527781,247,3175608961,2024-06-18T20:52:20Z,2024-06-18T21:33:30Z,,46.348701,73.5,membership,Payment by membership account and/or membership card,USCPIE12406491*1
ChargePoint Network,,,12720861,12720861,WRECC / STATION 2,21977121,247,3178613691,2024-06-20T04:51:02Z,2024-06-20T05:12:24Z,,26.736601,87.958,membership,Payment by membership account and/or membership card,USCPIE12720861*1
ChargePoint Network,,,5122191,5122191,CULLMANELECTRIC / STATION1-L,8482151,247,3161533991,2024-06-12T17:09:41Z,2024-06-12T17:10:57Z,,0.000000,0.0,membership,Payment by membership account and/or membership card,USCPIE5122191*1
ChargePoint Network,,,5466441,5466441,7SPC / NASA USSRC R,9079371,3,3147565031,2024-06-06T14:41:15Z,2024-06-06T19:53:29Z,,31.484119,6.0971,membership,Payment by membership account and/or membership card,USCPIE5466441*2
ChargePoint Network,,,13880891,13880891,MU / MUC MAIN OFFICE,23319011,3,3169261471,2024-06-15T22:31:44Z,2024-06-15T22:33:19Z,,0.000000,0.0,credit_card_terminal,Payment via credit card or debit card terminal,USCPIE13880891*1
ChargePoint Network,,,1844191,1844191,CLW / MAIN ST,23050431,3,3188368081,2024-06-24T21:32:38Z,2024-06-25T01:00:40Z,,23.491339,7.1075,credit_card_terminal,Payment via credit card or debit card terminal,USCPIE1844191*1
ChargePoint Network,,,13606141,13606141,I24 EXIT11 / STATION 1 (LL),22992611,247,3164556861,2024-06-13T20:30:07Z,2024-06-13T21:26:16Z,,74.153900,123.045,credit_card_terminal,Payment via credit card or debit card terminal,USCPIE13606141*1
ChargePoint Network,,,5122191,5122191,CULLMANELECTRIC / STATION1-L,8482151,247,3139747951,2024-06-03T12:36:40Z,2024-06-03T13:10:08Z,,34.158401,75.222,membership,Payment by membership account and/or membership card,USCPIE5122191*1
ChargePoint Network,,,5619801,5619801,7SPC / WARREN RECC BG,9274251,3,3192487821,2024-06-26T15:35:08Z,2024-06-26T15:37:07Z,,0.000000,0.0,other,Any other payment method not specified above. Additional description should be provided in Payment Method Description.,USCPIE5619801*1
ChargePoint Network,,,5466441,5466441,7SPC / NASA USSRC R,9079361,3,3185803511,2024-06-23T18:16:47Z,2024-06-23T21:12:27Z,,10.346132,3.5661,membership,Payment by membership account and/or membership card,USCPIE5466441*1
ChargePoint Network,,,1932851,1932851,BRIGHTRIDGE EV / BR-JC LIBRARY,23319821,3,3187686461,2024-06-24T16:22:25Z,2024-06-24T17:25:18Z,,7.571468,7.31,membership,Payment by membership account and/or membership card,USCPIE1932851*2
ChargePoint Network,,,1964521,1964521,EBOFG / GUNTERSVILLE PD,8374211,3,3170559211,2024-06-16T18:16:52Z,2024-06-16T19:59:07Z,,11.857396,7.1545,membership,Payment by membership account and/or membership card,USCPIE1964521*2
ChargePoint Network,,,5619801,5619801,7SPC / WARREN RECC BG,9274261,3,3166175371,2024-06-14T14:19:19Z,2024-06-14T14:21:18Z,,0.000000,0.0,membership,Payment by membership account and/or membership card,USCPIE5619801*2
ChargePoint Network,,,5466441,5466441,7SPC / NASA USSRC R,9079371,3,3150671161,2024-06-07T18:25:27Z,2024-06-07T21:07:17Z,,16.338055,6.114,credit_card_terminal,Payment via credit card or debit card terminal,USCPIE5466441*2
ChargePoint Network,,,5363211,5363211,HARTSELLE 1 / HARTSELLE 1,23427581,3,3158486071,2024-06-11T14:04:22Z,2024-06-11T17:25:17Z,,23.675936,7.1631,membership,Payment by membership account and/or membership card,USCPIE5363211*2
ChargePoint Network,,,5122191,5122191,CULLMANELECTRIC / STATION1-L,8482151,247,3157453381,2024-06-11T00:13:01Z,2024-06-11T00:15:38Z,,0.000000,0.0,membership,Payment by membership account and/or membership card,USCPIE5122191*1
ChargePoint Network,,,5346231,5346231,CULLMANELECTRIC / STATION2-R,8926271,247,3162491401,2024-06-13T00:09:42Z,2024-06-13T01:09:40Z,,71.852898,97.79,membership,Payment by membership account and/or membership card,USCPIE5346231*1
ChargePoint Network,,,14047321,14047321,JEFFERSON AVE. / OXFORD STA2(R),23514081,247,3163964111,2024-06-13T16:14:54Z,2024-06-13T17:01:19Z,,35.048500,76.599,membership,Payment by membership account and/or membership card,USCPIE14047321*1
ChargePoint Network,,,14337501,14337501,HOLSTONELECTRIC / CHURCH HILL-2,23845091,247,3150852971,2024-06-07T19:46:17Z,2024-06-07T19:46:56Z,,0.000000,0.0,membership,Payment by membership account and/or membership card,USCPIE14337501*1
ChargePoint Network,,,15548181,15548181,DECATURDOWNTWN / STATION 2 (L),25119551,247,3161533861,2024-06-12T17:09:36Z,2024-06-12T18:03:41Z,,47.041599,75.023,membership,Payment by membership account and/or membership card,USCPIE15548181*1
ChargePoint Network,,,13606091,13606091,I24 EXIT11 / STATION 3 (RM),22992551,247,3185814961,2024-06-23T18:23:36Z,2024-06-23T18:42:22Z,,22.538401,74.335,membership,Payment by membership account and/or membership card,USCPIE13606091*1
ChargePoint Network,,,13606091,13606091,I24 EXIT11 / STATION 3 (RM),22992551,247,3193146061,2024-06-26T20:04:55Z,2024-06-26T20:17:25Z,,14.566500,76.047,membership,Payment by membership account and/or membership card,USCPIE13606091*1
ChargePoint Network,,,9677521,9677521,UT PARKING / S7 STATION 1,17169341,3,3174460801,2024-06-18T13:01:40Z,2024-06-18T16:10:26Z,,9.864475,6.5894,other,Any other payment method not specified above. Additional description should be provided in Payment Method Description.,USCPIE9677521*2
ChargePoint Network,,,1932851,1932851,BRIGHTRIDGE EV / BR-JC LIBRARY,23319821,3,3176836611,2024-06-19T11:52:20Z,2024-06-19T13:02:13Z,,8.107493,7.1656,credit_card_terminal,Payment via credit card or debit card terminal,USCPIE1932851*2
ChargePoint Network,,,12720861,12720861,WRECC / STATION 2,21977121,247,3135672711,2024-06-01T03:04:56Z,2024-06-01T03:05:10Z,,0.000000,0.0,membership,Payment by membership account and/or membership card,USCPIE12720861*1
ChargePoint Network,,,12448521,12448521,7SPC / WARREN RECC LF,21576921,3,3200057241,2024-06-29T21:12:44Z,2024-06-30T01:32:37Z,,25.952095,6.0741,credit_card_terminal,Payment via credit card or debit card terminal,USCPIE12448521*2
ChargePoint Network,,,5466441,5466441,7SPC / NASA USSRC R,9079361,3,3181791071,2024-06-21T15:17:02Z,2024-06-21T15:42:51Z,,0.824213,6.1955,membership,Payment by membership account and/or membership card,USCPIE5466441*1
ChargePoint Network,,,9677521,9677521,UT PARKING / S7 STATION 1,17169341,3,3199273781,2024-06-29T11:22:01Z,2024-06-29T20:51:42Z,,49.730743,7.1342,membership,Payment by membership account and/or membership card,USCPIE9677521*2
ChargePoint Network,,,5363211,5363211,HARTSELLE 1 / HARTSELLE 1,23427571,3,3164224911,2024-06-13T18:07:41Z,2024-06-13T19:05:20Z,,6.663350,7.085,membership,Payment by membership account and/or membership card,USCPIE5363211*1
ChargePoint Network,,,5346231,5346231,CULLMANELECTRIC / STATION2-R,8926271,247,3191015981,2024-06-25T22:59:13Z,2024-06-26T00:01:54Z,,52.770901,85.694,credit_card_terminal,Payment via credit card or debit card terminal,USCPIE5346231*1
ChargePoint Network,,,1988061,1988061,7SPC / SCES DOLLYWOOD,25499831,3,3163693131,2024-06-13T14:43:55Z,2024-06-13T22:08:27Z,,29.260391,6.9565,phone_online,"Payment through mobile app, website, automated phone number or messaging system",USCPIE1988061*1
ChargePoint Network,,,15640171,15640171,NECDC / STATION 2 (R),25228711,247,3138499101,2024-06-02T19:32:44Z,2024-06-02T19:33:27Z,,0.000000,0.0,other,Any other payment method not specified above. Additional description should be provided in Payment Method Description.,USCPIE15640171*1
ChargePoint Network,,,14083151,14083151,STEMC / STATION 2 (R) H,23554701,247,3136178971,2024-06-01T13:20:47Z,2024-06-01T14:37:57Z,,67.851303,77.815,membership,Payment by membership account and/or membership card,USCPIE14083151*1
ChargePoint Network,,,1964521,1964521,EBOFG / GUNTERSVILLE PD,8374211,3,3141044171,2024-06-03T22:03:40Z,2024-06-04T00:34:13Z,,18.042290,7.2736,membership,Payment by membership account and/or membership card,USCPIE1964521*2
ChargePoint Network,,,15640031,15640031,NECDC / STATION 1 (L),25228511,247,3192318151,2024-06-26T14:37:09Z,2024-06-26T14:38:36Z,,0.000000,0.0,membership,Payment by membership account and/or membership card,USCPIE15640031*1
ChargePoint Network,,,14337501,14337501,HOLSTONELECTRIC / CHURCH HILL-2,23845091,100011,3190868541,2024-06-25T21:56:12Z,2024-06-25T22:35:48Z,,27.834499,51.291,credit_card_terminal,Payment via credit card or debit card terminal,USCPIE14337501*1
ChargePoint Network,,,12406491,12406491,FPIA / LEFT STATION,21527781,247,3163715611,2024-06-13T14:53:18Z,2024-06-13T15:38:18Z,,58.283401,123.199,membership,Payment by membership account and/or membership card,USCPIE12406491*1
ChargePoint Network,,,12720881,12720881,WRECC / STATION 1,21977141,247,3196438171,2024-06-27T19:51:25Z,2024-06-27T20:15:13Z,,19.019800,54.661,membership,Payment by membership account and/or membership card,USCPIE12720881*1
ChargePoint Network,,,13606121,13606121,I24 EXIT11 / STATION 2 (LM),22992591,247,3188592421,2024-06-24T23:14:31Z,2024-06-24T23:15:15Z,,0.000000,0.0,membership,Payment by membership account and/or membership card,USCPIE13606121*1
ChargePoint Network,,,13423691,13423691,AEC / STATION #1 (L),22787121,247,3150891951,2024-06-07T20:02:31Z,2024-06-07T20:20:04Z,,20.114000,72.889,membership,Payment by membership account and/or membership card,USCPIE13423691*1
ChargePoint Network,,,15280441,15280441,SPRFLD ELECTRIC / STATION 2 (R),24807641,247,3194441921,2024-06-27T10:47:55Z,2024-06-27T13:23:10Z,,61.686699,54.611,membership,Payment by membership account and/or membership card,USCPIE15280441*1
ChargePoint Network,,,14337501,14337501,HOLSTONELECTRIC / CHURCH HILL-2,23845091,100011,3138378371,2024-06-02T18:19:07Z,2024-06-02T18:42:25Z,,14.250800,53.34,membership,Payment by membership account and/or membership card,USCPIE14337501*1
ChargePoint Network,,,9677521,9677521,UT PARKING / S7 STATION 1,17169331,3,3156589221,2024-06-10T17:37:56Z,2024-06-10T19:42:38Z,,14.651452,7.1246,membership,Payment by membership account and/or membership card,USCPIE9677521*1
ChargePoint Network,,,12720881,12720881,WRECC / STATION 1,21977141,247,3193595081,2024-06-26T23:17:35Z,2024-06-26T23:41:36Z,,24.621700,71.241,membership,Payment by membership account and/or membership card,USCPIE12720881*1
ChargePoint Network,,,15548151,15548151,DECATURDOWNTWN / STATION 1 (R),25119511,247,3153563471,2024-06-09T02:02:18Z,2024-06-09T02:24:51Z,,19.150000,53.789,membership,Payment by membership account and/or membership card,USCPIE15548151*1
ChargePoint Network,,,15694081,15694081,BRIGHTRIDGE EV / STATION 2 (R),25291921,247,3196007511,2024-06-27T22:25:11Z,2024-06-27T23:26:15Z,,39.122101,71.838,membership,Payment by membership account and/or membership card,USCPIE15694081*1
ChargePoint Network,,,14359531,14359531,EBOFG / STATION 2 (R),23870331,247,3194598341,2024-06-27T12:35:16Z,2024-06-27T13:05:29Z,,35.735100,78.208,membership,Payment by membership account and/or membership card,USCPIE14359531*1
ChargePoint Network,,,13292801,13292801,LODGE CAST IRON / STORE & MUSEUM,22637561,3,3172927991,2024-06-17T19:39:50Z,2024-06-17T20:58:26Z,,8.977946,6.9509,membership,Payment by membership account and/or membership card,USCPIE13292801*2
ChargePoint Network,,,15260241,15260241,STEMC / STATION 1 (L) A,24784071,247,3136105951,2024-06-01T12:06:56Z,2024-06-01T12:30:15Z,,28.018299,83.778,credit_card_terminal,Payment via credit card or debit card terminal,USCPIE15260241*1
ChargePoint Network,,,1964521,1964521,EBOFG / GUNTERSVILLE PD,8374211,3,3154385131,2024-06-09T17:20:30Z,2024-06-09T19:17:02Z,,13.574550,7.0709,membership,Payment by membership account and/or membership card,USCPIE1964521*2
ChargePoint Network,,,15694081,15694081,BRIGHTRIDGE EV / STATION 2 (R),25291921,247,3183720401,2024-06-22T12:56:27Z,2024-06-22T13:38:01Z,,23.304800,123.69,membership,Payment by membership account and/or membership card,USCPIE15694081*1
ChargePoint Network,,,5346231,5346231,CULLMANELECTRIC / STATION2-R,8926271,247,3166859711,2024-06-14T19:17:20Z,2024-06-14T19:32:22Z,,19.304800,87.073,membership,Payment by membership account and/or membership card,USCPIE5346231*1
ChargePoint Network,,,15623231,15623231,CLW / 5TH ST 1 (L),,,3158604501,2024-06-11T14:52:04Z,2024-06-11T14:52:16Z,,0.000000,,membership,Payment by membership account and/or membership card,USCPIE15623231*0
ChargePoint Network,,,15548181,15548181,DECATURDOWNTWN / STATION 2 (L),25119551,247,3163879691,2024-06-13T15:47:15Z,2024-06-13T16:10:46Z,,41.430801,119.652,membership,Payment by membership account and/or membership card,USCPIE15548181*1
ChargePoint Network,,,13606061,13606061,I24 EXIT11 / STATION 4 (RR),22992511,247,3154056481,2024-06-09T12:21:58Z,2024-06-09T12:46:28Z,,18.133801,53.341,membership,Payment by membership account and/or membership card,USCPIE13606061*1
ChargePoint Network,,,5346231,5346231,CULLMANELECTRIC / STATION2-R,8926271,247,3154290161,2024-06-09T16:16:17Z,2024-06-09T16:36:31Z,,28.007799,123.662,membership,Payment by membership account and/or membership card,USCPIE5346231*1
ChargePoint Network,,,12720881,12720881,WRECC / STATION 1,21977141,247,3154364901,2024-06-09T17:06:58Z,2024-06-09T18:10:34Z,,30.542101,53.491,membership,Payment by membership account and/or membership card,USCPIE12720881*1
ChargePoint Network,,,15280441,15280441,SPRFLD ELECTRIC / STATION 2 (R),24807641,247,3152673951,2024-06-08T17:39:37Z,2024-06-08T18:07:35Z,,24.746099,58.279,membership,Payment by membership account and/or membership card,USCPIE15280441*1
ChargePoint Network,,,15332321,15332321,TUA NW ATLANTIC / STATION 1 (L),24867861,247,3197002991,2024-06-28T11:10:53Z,2024-06-28T12:14:35Z,,97.410698,98.753,membership,Payment by membership account and/or membership card,USCPIE15332321*1
ChargePoint Network,,,13664501,13664501,BTES / STATION 4 (RR),23060561,247,3193908851,2024-06-27T01:40:17Z,2024-06-27T01:40:50Z,,0.000000,0.0,membership,Payment by membership account and/or membership card,USCPIE13664501*1
ChargePoint Network,,,13664501,13664501,BTES / STATION 4 (RR),23060561,247,3161455701,2024-06-12T16:36:56Z,2024-06-12T16:58:26Z,,24.812099,71.279,membership,Payment by membership account and/or membership card,USCPIE13664501*1
ChargePoint Network,,,5625391,5625391,7SPC / VEC JAMESTOWN,9280961,3,3166201271,2024-06-14T14:34:02Z,2024-06-14T14:44:50Z,,1.262297,7.4906,membership,Payment by membership account and/or membership card,USCPIE5625391*1
ChargePoint Network,,,12720861,12720861,WRECC / STATION 2,21977121,247,3152869961,2024-06-08T19:31:57Z,2024-06-08T19:32:28Z,,0.000000,0.0,membership,Payment by membership account and/or membership card,USCPIE12720861*1
ChargePoint Network,,,15623211,15623211,CLW / 5TH ST 2 (R),25208281,247,3182562061,2024-06-21T21:00:02Z,2024-06-21T21:31:45Z,,52.932301,121.447,membership,Payment by membership account and/or membership card,USCPIE15623211*1
ChargePoint Network,,,8851921,8851921,7SPC / SEVIERVILLE DC1,15571271,207,3150829511,2024-06-07T19:36:23Z,2024-06-07T19:56:14Z,,17.803600,56.672,membership,Payment by membership account and/or membership card,USCPIE8851921*1
ChargePoint Network,,,13606061,13606061,I24 EXIT11 / STATION 4 (RR),22992511,247,3194442411,2024-06-27T10:48:28Z,2024-06-27T11:18:25Z,,35.721802,78.008,membership,Payment by membership account and/or membership card,USCPIE13606061*1
ChargePoint Network,,,13659831,13659831,LAWRENCEBURG / STATION 1 (L),23054881,247,3152890951,2024-06-08T19:42:46Z,2024-06-08T20:03:44Z,,18.076700,54.978,credit_card_terminal,Payment via credit card or debit card terminal,USCPIE13659831*1
ChargePoint Network,,,15694081,15694081,BRIGHTRIDGE EV / STATION 2 (R),25291921,247,3168291221,2024-06-15T11:39:51Z,2024-06-15T12:07:38Z,,19.276899,123.863,membership,Payment by membership account and/or membership card,USCPIE15694081*1
ChargePoint Network,,,5384781,5384781,7SPC / TRI-COUNTY EMC,9273701,3,3167755251,2024-06-15T02:10:29Z,2024-06-15T12:16:39Z,,54.672401,7.3499,membership,Payment by membership account and/or membership card,USCPIE5384781*2
ChargePoint Network,,,5122191,5122191,CULLMANELECTRIC / STATION1-L,8482151,247,3170389391,2024-06-16T16:26:10Z,2024-06-16T17:01:49Z,,37.638802,77.617,membership,Payment by membership account and/or membership card,USCPIE5122191*1
ChargePoint Network,,,14337221,14337221,HOLSTONELECTRIC / CHURCH HILL-1,23844801,247,3173041151,2024-06-17T20:25:51Z,2024-06-17T21:13:08Z,,51.687801,124.332,credit_card_terminal,Payment via credit card or debit card terminal,USCPIE14337221*1
ChargePoint Network,,,13659831,13659831,LAWRENCEBURG / STATION 1 (L),23054881,247,3197060421,2024-06-28T12:03:02Z,2024-06-28T12:34:37Z,,36.593399,81.952,membership,Payment by membership account and/or membership card,USCPIE13659831*1
ChargePoint Network,,,13026471,13026471,WCMES / CITYHALL2-R,22328331,247,3166310331,2024-06-14T15:20:00Z,2024-06-14T16:06:13Z,,21.360901,29.488,membership,Payment by membership account and/or membership card,USCPIE13026471*1
ChargePoint Network,,,12720861,12720861,WRECC / STATION 2,21977121,247,3149404201,2024-06-07T03:36:09Z,2024-06-07T03:37:56Z,,0.000000,0.0,membership,Payment by membership account and/or membership card,USCPIE12720861*1
ChargePoint Network,,,12754021,12754021,WCMES / CITYHALL1-L,22015241,247,3195984821,2024-06-27T22:14:24Z,2024-06-27T22:40:14Z,,33.685799,86.183,credit_card_terminal,Payment via credit card or debit card terminal,USCPIE12754021*1
ChargePoint Network,,,12406491,12406491,FPIA / LEFT STATION,21527781,247,3169076161,2024-06-15T20:45:38Z,2024-06-15T22:00:29Z,,74.342499,121.788,membership,Payment by membership account and/or membership card,USCPIE12406491*1
ChargePoint Network,,,1785631,1785631,HOLSTONELECTRIC / STATION 1,22462981,3,3150185181,2024-06-07T15:04:13Z,2024-06-07T18:36:33Z,,26.149424,7.4377,membership,Payment by membership account and/or membership card,USCPIE1785631*1
ChargePoint Network,,,1844191,1844191,CLW / MAIN ST,23050431,3,3170211831,2024-06-16T13:54:01Z,2024-06-16T22:44:37Z,,56.968384,7.0854,membership,Payment by membership account and/or membership card,USCPIE1844191*1
ChargePoint Network,,,13664501,13664501,BTES / STATION 4 (RR),23060561,247,3136848851,2024-06-01T20:14:46Z,2024-06-01T20:49:26Z,,33.459099,122.891,membership,Payment by membership account and/or membership card,USCPIE13664501*1
ChargePoint Network,,,5565191,5565191,7SPC / DOLLYWOOD EMPL,9205041,3,3162035901,2024-06-12T20:50:32Z,2024-06-12T23:14:45Z,,16.765144,7.0827,membership,Payment by membership account and/or membership card,USCPIE5565191*2
ChargePoint Network,,,5346231,5346231,CULLMANELECTRIC / STATION2-R,8926271,247,3144062671,2024-06-05T01:59:04Z,2024-06-05T03:04:21Z,,76.352097,87.861,membership,Payment by membership account and/or membership card,USCPIE5346231*1
ChargePoint Network,,,15280441,15280441,SPRFLD ELECTRIC / STATION 2 (R),24807641,247,3181281191,2024-06-21T07:45:05Z,2024-06-21T09:23:23Z,,63.382500,54.464,membership,Payment by membership account and/or membership card,USCPIE15280441*1
ChargePoint Network,,,13606141,13606141,I24 EXIT11 / STATION 1 (LL),22992611,247,3190877371,2024-06-25T22:00:04Z,2024-06-25T22:45:23Z,,52.876701,75.636,membership,Payment by membership account and/or membership card,USCPIE13606141*1
ChargePoint Network,,,13659871,13659871,LAWRENCEBURG / STATION 2 (R),23054921,247,3187208481,2024-06-24T13:03:00Z,2024-06-24T13:24:18Z,,20.635300,71.477,membership,Payment by membership account and/or membership card,USCPIE13659871*1
ChargePoint Network,,,14337501,14337501,HOLSTONELECTRIC / CHURCH HILL-2,23845091,247,3198125401,2024-06-28T20:37:31Z,2024-06-28T20:38:55Z,,0.000000,0.0,other,Any other payment method not specified above. Additional description should be provided in Payment Method Description.,USCPIE14337501*1
ChargePoint Network,,,1932851,1932851,BRIGHTRIDGE EV / BR-JC LIBRARY,23319811,3,3197180121,2024-06-28T13:19:21Z,2024-06-28T15:30:17Z,,16.153988,7.6266,membership,Payment by membership account and/or membership card,USCPIE1932851*1
ChargePoint Network,,,13664401,13664401,BTES / STATION 1 (LL),23060421,247,3175378081,2024-06-18T19:16:04Z,2024-06-18T19:23:43Z,,6.616900,0.0,membership,Payment by membership account and/or membership card,USCPIE13664401*1
ChargePoint Network,,,1988061,1988061,7SPC / SCES DOLLYWOOD,25499831,3,3136243381,2024-06-01T14:16:40Z,2024-06-01T21:22:45Z,,15.700190,7.3649,credit_card_terminal,Payment via credit card or debit card terminal,USCPIE1988061*1
ChargePoint Network,,,13606061,13606061,I24 EXIT11 / STATION 4 (RR),22992511,247,3142719591,2024-06-04T16:08:28Z,2024-06-04T16:25:33Z,,14.781200,75.636,credit_card_terminal,Payment via credit card or debit card terminal,USCPIE13606061*1
ChargePoint Network,,,8851921,8851921,7SPC / SEVIERVILLE DC1,15571271,207,3157140201,2024-06-10T21:50:35Z,2024-06-10T22:02:13Z,,9.093300,51.924,membership,Payment by membership account and/or membership card,USCPIE8851921*1
ChargePoint Network,,,13659871,13659871,LAWRENCEBURG / STATION 2 (R),23054921,247,3175799401,2024-06-18T22:12:42Z,2024-06-18T23:27:56Z,,52.170101,74.663,membership,Payment by membership account and/or membership card,USCPIE13659871*1
ChargePoint Network,,,13664501,13664501,BTES / STATION 4 (RR),23060561,247,3152434481,2024-06-08T15:09:46Z,2024-06-08T16:04:36Z,,45.623299,72.693,membership,Payment by membership account and/or membership card,USCPIE13664501*1
ChargePoint Network,,,15640171,15640171,NECDC / STATION 2 (R),,,3148047451,2024-06-06T17:37:05Z,2024-06-06T17:39:06Z,,0.000000,0.0,membership,Payment by membership account and/or membership card,USCPIE15640171*0
ChargePoint Network,,,15640171,15640171,NECDC / STATION 2 (R),25228711,247,3146077121,2024-06-05T22:07:22Z,2024-06-05T23:32:36Z,,65.143204,58.812,membership,Payment by membership account and/or membership card,USCPIE15640171*1
ChargePoint Network,,,5466441,5466441,7SPC / NASA USSRC R,9079371,3,3148933871,2024-06-06T23:54:04Z,2024-06-07T01:02:51Z,,7.071187,6.2247,membership,Payment by membership account and/or membership card,USCPIE5466441*2
ChargePoint Network,,,14359491,14359491,EBOFG / STATION 1 (L),23870291,247,3144740091,2024-06-05T12:49:10Z,2024-06-05T12:49:48Z,,0.000000,0.0,membership,Payment by membership account and/or membership card,USCPIE14359491*1
ChargePoint Network,,,13643831,13643831,PEPA / STATION 1,23036511,247,3172786811,2024-06-17T18:36:31Z,2024-06-17T19:10:02Z,,15.281900,42.066,membership,Payment by membership account and/or membership card,USCPIE13643831*1
ChargePoint Network,,,5363211,5363211,HARTSELLE 1 / HARTSELLE 1,23427581,3,3137261261,2024-06-02T00:01:03Z,2024-06-02T00:12:24Z,,1.325311,7.2496,credit_card_terminal,Payment via credit card or debit card terminal,USCPIE5363211*2
ChargePoint Network,,,12720881,12720881,WRECC / STATION 1,21977141,100011,3151379371,2024-06-07T23:44:11Z,2024-06-08T00:38:00Z,,32.565601,52.08,membership,Payment by membership account and/or membership card,USCPIE12720881*1
ChargePoint Network,,,1964521,1964521,EBOFG / GUNTERSVILLE PD,8374201,3,3136933971,2024-06-01T21:00:33Z,2024-06-02T01:34:02Z,,32.652733,7.2624,membership,Payment by membership account and/or membership card,USCPIE1964521*1
ChargePoint Network,,,15815141,15815141,GEA-1 / STATION 1 (L),25435121,247,3177964971,2024-06-19T22:47:53Z,2024-06-20T00:14:20Z,,21.376101,60.675,phone_online,"Payment through mobile app, website, automated phone number or messaging system",USCPIE15815141*1
ChargePoint Network,,,5346231,5346231,CULLMANELECTRIC / STATION2-R,8926271,247,3172165071,2024-06-17T14:24:22Z,2024-06-17T14:43:22Z,,20.920601,68.706,other,Any other payment method not specified above. Additional description should be provided in Payment Method Description.,USCPIE5346231*1
ChargePoint Network,,,13966031,13966031,BEA / STATION 4 (RR),23419961,247,3174292651,2024-06-18T11:26:07Z,2024-06-18T11:50:42Z,,23.328800,74.663,membership,Payment by membership account and/or membership card,USCPIE13966031*1
ChargePoint Network,,,14359491,14359491,EBOFG / STATION 1 (L),23870291,247,3148967171,2024-06-07T00:07:32Z,2024-06-07T00:08:11Z,,0.000000,0.0,membership,Payment by membership account and/or membership card,USCPIE14359491*1
ChargePoint Network,,,15623231,15623231,CLW / 5TH ST 1 (L),,,3166925031,2024-06-14T19:44:44Z,2024-06-14T19:46:32Z,,0.000000,,credit_card_terminal,Payment via credit card or debit card terminal,USCPIE15623231*0
ChargePoint Network,,,5397731,5397731,EEDEV / MILLIGAN UNIV,9010251,3,3149552891,2024-06-07T05:09:29Z,2024-06-07T14:09:06Z,,64.964378,7.3834,credit_card_terminal,Payment via credit card or debit card terminal,USCPIE5397731*1
ChargePoint Network,,,5363211,5363211,HARTSELLE 1 / HARTSELLE 1,23427571,3,3182572041,2024-06-21T21:04:27Z,2024-06-21T21:46:13Z,,4.775561,7.0365,credit_card_terminal,Payment via credit card or debit card terminal,USCPIE5363211*1
ChargePoint Network,,,13606091,13606091,I24 EXIT11 / STATION 3 (RM),22992551,247,3139653471,2024-06-03T11:38:11Z,2024-06-03T12:35:28Z,,51.401402,83.778,membership,Payment by membership account and/or membership card,USCPIE13606091*1
ChargePoint Network,,,12754021,12754021,WCMES / CITYHALL1-L,22015241,247,3152285261,2024-06-08T13:05:19Z,2024-06-08T13:29:11Z,,25.010300,69.48,membership,Payment by membership account and/or membership card,USCPIE12754021*1
ChargePoint Network,,,15332351,15332351,TUA NW ATLANTIC / STATION 2 (R),24867891,247,3136749721,2024-06-01T19:22:30Z,2024-06-01T19:35:26Z,,7.545700,52.8,membership,Payment by membership account and/or membership card,USCPIE15332351*1
ChargePoint Network,,,14097801,14097801,SCOTTSBORO EPB / SEPB DCFC (L),23570921,100011,3159333621,2024-06-11T19:42:19Z,2024-06-11T20:15:52Z,,19.663300,52.744,membership,Payment by membership account and/or membership card,USCPIE14097801*1
ChargePoint Network,,,1988061,1988061,7SPC / SCES DOLLYWOOD,25499831,3,3168428251,2024-06-15T14:06:36Z,2024-06-15T18:32:10Z,,31.574423,7.299,credit_card_terminal,Payment via credit card or debit card terminal,USCPIE1988061*1
ChargePoint Network,,,13664471,13664471,BTES / STATION 3 (RM),23060511,247,3184101321,2024-06-22T17:42:30Z,2024-06-22T18:50:25Z,,59.179298,74.663,membership,Payment by membership account and/or membership card,USCPIE13664471*1
ChargePoint Network,,,15694081,15694081,BRIGHTRIDGE EV / STATION 2 (R),25291921,247,3162869591,2024-06-13T03:02:54Z,2024-06-13T03:33:41Z,,48.177601,123.379,credit_card_terminal,Payment via credit card or debit card terminal,USCPIE15694081*1
ChargePoint Network,,,13664471,13664471,BTES / STATION 3 (RM),23060511,247,3154678121,2024-06-09T20:21:30Z,2024-06-09T20:50:43Z,,33.366199,72.101,membership,Payment by membership account and/or membership card,USCPIE13664471*1
ChargePoint Network,,,12720881,12720881,WRECC / STATION 1,21977141,100011,3154656381,2024-06-09T20:08:58Z,2024-06-09T20:10:32Z,,0.000000,0.0,membership,Payment by membership account and/or membership card,USCPIE12720881*1
ChargePoint Network,,,1933211,1933211,BRIGHTRIDGE EV / BR-JONESBOROUGH,2283631,3,3145920401,2024-06-05T21:00:06Z,2024-06-05T23:22:35Z,,14.351761,6.0947,membership,Payment by membership account and/or membership card,USCPIE1933211*1
ChargePoint Network,,,13423691,13423691,AEC / STATION #1 (L),22787121,247,3199880061,2024-06-29T19:26:00Z,2024-06-29T20:24:31Z,,53.773102,73.629,other,Any other payment method not specified above. Additional description should be provided in Payment Method Description.,USCPIE13423691*1
ChargePoint Network,,,13966051,13966051,BEA / STATION 3 (RM),23419981,247,3162340671,2024-06-12T23:01:18Z,2024-06-12T23:34:46Z,,34.327499,88.199,membership,Payment by membership account and/or membership card,USCPIE13966051*1
ChargePoint Network,,,5346231,5346231,CULLMANELECTRIC / STATION2-R,8926271,247,3182507191,2024-06-21T20:34:27Z,2024-06-21T20:42:51Z,,6.348400,0.0,membership,Payment by membership account and/or membership card,USCPIE5346231*1
ChargePoint Network,,,13026471,13026471,WCMES / CITYHALL2-R,22328331,247,3198028181,2024-06-28T19:54:40Z,2024-06-28T20:31:23Z,,34.186901,75.074,membership,Payment by membership account and/or membership card,USCPIE13026471*1
ChargePoint Network,,,14359491,14359491,EBOFG / STATION 1 (L),23870291,247,3163524851,2024-06-13T13:29:10Z,2024-06-13T13:30:12Z,,0.000000,0.0,membership,Payment by membership account and/or membership card,USCPIE14359491*1
ChargePoint Network,,,5525971,5525971,7SPC / SPARTA TN,9154691,3,3186864771,2024-06-24T05:19:52Z,2024-06-24T06:16:00Z,,6.355436,6.9671,membership,Payment by membership account and/or membership card,USCPIE5525971*2
ChargePoint Network,,,5565291,5565291,7SPC / SCES LECONTE 1,9205201,3,3186436391,2024-06-24T00:23:16Z,2024-06-24T01:00:39Z,,4.346979,7.1098,membership,Payment by membership account and/or membership card,USCPIE5565291*2
ChargePoint Network,,,13606061,13606061,I24 EXIT11 / STATION 4 (RR),22992511,247,3186589501,2024-06-24T01:55:16Z,2024-06-24T02:42:51Z,,42.427601,73.481,membership,Payment by membership account and/or membership card,USCPIE13606061*1
ChargePoint Network,,,1988061,1988061,7SPC / SCES DOLLYWOOD,25499841,3,3143491471,2024-06-04T21:47:59Z,2024-06-04T23:34:36Z,,12.337652,7.0822,membership,Payment by membership account and/or membership card,USCPIE1988061*2
ChargePoint Network,,,1964521,1964521,EBOFG / GUNTERSVILLE PD,8374201,3,3152368821,2024-06-08T14:18:26Z,2024-06-08T14:20:26Z,,0.000000,0.0,membership,Payment by membership account and/or membership card,USCPIE1964521*1
ChargePoint Network,,,1964521,1964521,EBOFG / GUNTERSVILLE PD,8374201,3,3175462881,2024-06-18T19:51:41Z,2024-06-18T21:01:29Z,,8.463344,7.3814,membership,Payment by membership account and/or membership card,USCPIE1964521*1
ChargePoint Network,,,13292801,13292801,LODGE CAST IRON / STORE & MUSEUM,22637551,3,3174512491,2024-06-18T13:27:31Z,2024-06-18T14:07:52Z,,4.520763,6.9823,membership,Payment by membership account and/or membership card,USCPIE13292801*1
ChargePoint Network,,,13803581,13803581,FPU / STATION 1 (L),23227201,247,3172285751,2024-06-17T15:11:51Z,2024-06-17T17:02:01Z,,33.495201,76.635,membership,Payment by membership account and/or membership card,USCPIE13803581*1
ChargePoint Network,,,13966051,13966051,BEA / STATION 3 (RM),23419981,247,3188600621,2024-06-24T23:18:36Z,2024-06-24T23:23:20Z,,7.580400,0.0,membership,Payment by membership account and/or membership card,USCPIE13966051*1
ChargePoint Network,,,15694081,15694081,BRIGHTRIDGE EV / STATION 2 (R),25291921,247,3199841301,2024-06-29T19:04:33Z,2024-06-29T20:28:55Z,,51.009800,124.0,membership,Payment by membership account and/or membership card,USCPIE15694081*1
ChargePoint Network,,,1932851,1932851,BRIGHTRIDGE EV / BR-JC LIBRARY,23319821,3,3199869031,2024-06-29T19:20:26Z,2024-06-29T19:28:41Z,,0.852220,7.1074,credit_card_terminal,Payment via credit card or debit card terminal,USCPIE1932851*2
ChargePoint Network,,,15332351,15332351,TUA NW ATLANTIC / STATION 2 (R),,,3138698431,2024-06-02T21:25:02Z,2024-06-02T21:27:03Z,,0.000000,0.0,membership,Payment by membership account and/or membership card,USCPIE15332351*0
ChargePoint Network,,,8851921,8851921,7SPC / SEVIERVILLE DC1,15571271,207,3182562531,2024-06-21T21:00:18Z,2024-06-21T21:33:27Z,,24.050900,52.096,membership,Payment by membership account and/or membership card,USCPIE8851921*1
ChargePoint Network,,,15332321,15332321,TUA NW ATLANTIC / STATION 1 (L),24867861,247,3187705321,2024-06-24T16:29:17Z,2024-06-24T17:11:30Z,,27.674400,53.728,credit_card_terminal,Payment via credit card or debit card terminal,USCPIE15332321*1
ChargePoint Network,,,15280471,15280471,SPRFLD ELECTRIC / STATION 1 (L),24807681,247,3152152691,2024-06-08T09:20:05Z,2024-06-08T09:54:28Z,,7.791000,43.75,credit_card_terminal,Payment via credit card or debit card terminal,USCPIE15280471*1
ChargePoint Network,,,1988141,1988141,7SPC / SCES DREAM MORE,2355571,3,3160749941,2024-06-12T11:33:14Z,2024-06-12T20:31:15Z,,59.281822,7.1327,membership,Payment by membership account and/or membership card,USCPIE1988141*2
ChargePoint Network,,,12406401,12406401,FPIA / RIGHT STATION,21527671,247,3148792451,2024-06-06T22:53:13Z,2024-06-06T23:22:46Z,,33.155998,70.722,membership,Payment by membership account and/or membership card,USCPIE12406401*1
ChargePoint Network,,,5565241,5565241,7SPC / SCES LECONTE 4,9205111,3,3197648461,2024-06-28T16:51:54Z,2024-06-28T18:33:35Z,,11.680924,6.9542,membership,Payment by membership account and/or membership card,USCPIE5565241*2
ChargePoint Network,,,14097711,14097711,SCOTTSBORO EPB / SEPB DCFC (R),23570811,247,3156525741,2024-06-10T17:07:02Z,2024-06-10T18:01:55Z,,64.824303,105.944,membership,Payment by membership account and/or membership card,USCPIE14097711*1
ChargePoint Network,,,13290491,13290491,7SPC / NASA USSRC L,22634941,3,3159506451,2024-06-11T20:55:24Z,2024-06-11T22:37:47Z,,8.530805,6.0159,membership,Payment by membership account and/or membership card,USCPIE13290491*2
ChargePoint Network,,,12720861,12720861,WRECC / STATION 2,21977121,247,3159173091,2024-06-11T18:31:16Z,2024-06-11T18:54:55Z,,31.968201,124.176,membership,Payment by membership account and/or membership card,USCPIE12720861*1
ChargePoint Network,,,1988061,1988061,7SPC / SCES DOLLYWOOD,25499841,3,3136254081,2024-06-01T14:25:18Z,2024-06-01T20:49:49Z,,43.801720,6.8944,membership,Payment by membership account and/or membership card,USCPIE1988061*2
ChargePoint Network,,,15885791,15885791,TWICKENHAM SQ / HU - STATION 3,25521611,100011,3183291541,2024-06-22T03:06:38Z,2024-06-22T03:07:14Z,,0.000000,0.0,membership,Payment by membership account and/or membership card,USCPIE15885791*1
ChargePoint Network,,,15742641,15742641,GEA-1 / STATION 2 (R),25349301,247,3185699241,2024-06-23T17:10:15Z,2024-06-23T17:18:58Z,,7.337600,61.548,membership,Payment by membership account and/or membership card,USCPIE15742641*1
ChargePoint Network,,,9677521,9677521,UT PARKING / S7 STATION 1,17169331,3,3165804571,2024-06-14T09:52:27Z,2024-06-14T11:29:36Z,,1.722154,8.0528,membership,Payment by membership account and/or membership card,USCPIE9677521*1
ChargePoint Network,,,5354011,5354011,7SPC / GREENEVILLE TA,8936791,207,3171751451,2024-06-17T09:06:00Z,2024-06-17T09:37:06Z,,28.308599,56.151,membership,Payment by membership account and/or membership card,USCPIE5354011*1
ChargePoint Network,,,1844191,1844191,CLW / MAIN ST,23050431,3,3141012431,2024-06-03T21:50:26Z,2024-06-04T01:11:53Z,,24.167330,7.2798,credit_card_terminal,Payment via credit card or debit card terminal,USCPIE1844191*1
ChargePoint Network,,,15694081,15694081,BRIGHTRIDGE EV / STATION 2 (R),25291921,247,3188141121,2024-06-24T19:51:15Z,2024-06-24T20:23:16Z,,35.854301,75.0,membership,Payment by membership account and/or membership card,USCPIE15694081*1
ChargePoint Network,,,9745721,9745721,CRMC / CRMC-1 - L2LEFT,17301481,3,3174452731,2024-06-18T12:58:19Z,2024-06-18T20:29:52Z,,15.350902,7.1064,membership,Payment by membership account and/or membership card,USCPIE9745721*2
ChargePoint Network,,,5354011,5354011,7SPC / GREENEVILLE TA,8936791,207,3187916551,2024-06-24T18:06:07Z,2024-06-24T18:36:09Z,,13.865900,28.489,membership,Payment by membership account and/or membership card,USCPIE5354011*1
ChargePoint Network,,,14359531,14359531,EBOFG / STATION 2 (R),23870331,100011,3197579521,2024-06-28T16:24:44Z,2024-06-28T17:02:37Z,,18.349199,30.535,membership,Payment by membership account and/or membership card,USCPIE14359531*1
ChargePoint Network,,,15548151,15548151,DECATURDOWNTWN / STATION 1 (R),25119511,247,3150576581,2024-06-07T17:40:39Z,2024-06-07T18:26:05Z,,51.489799,75.239,membership,Payment by membership account and/or membership card,USCPIE15548151*1
ChargePoint Network,,,13606121,13606121,I24 EXIT11 / STATION 2 (LM),22992591,247,3140974821,2024-06-03T21:33:49Z,2024-06-03T22:11:09Z,,44.990700,76.625,credit_card_terminal,Payment via credit card or debit card terminal,USCPIE13606121*1
ChargePoint Network,,,15694081,15694081,BRIGHTRIDGE EV / STATION 2 (R),25291921,247,3173696231,2024-06-18T01:23:55Z,2024-06-18T01:48:32Z,,27.008801,70.445,membership,Payment by membership account and/or membership card,USCPIE15694081*1
ChargePoint Network,,,12406401,12406401,FPIA / RIGHT STATION,21527671,247,3174991571,2024-06-18T16:23:06Z,2024-06-18T17:07:42Z,,24.697100,54.236,membership,Payment by membership account and/or membership card,USCPIE12406401*1
ChargePoint Network,,,5466441,5466441,7SPC / NASA USSRC R,9079371,3,3168434561,2024-06-15T14:12:02Z,2024-06-15T16:30:11Z,,7.591938,3.3793,membership,Payment by membership account and/or membership card,USCPIE5466441*2
ChargePoint Network,,,15694081,15694081,BRIGHTRIDGE EV / STATION 2 (R),25291921,247,3191879111,2024-06-26T10:24:33Z,2024-06-26T11:11:28Z,,27.339600,76.017,membership,Payment by membership account and/or membership card,USCPIE15694081*1
ChargePoint Network,,,15640031,15640031,NECDC / STATION 1 (L),25228511,247,3170690901,2024-06-16T19:39:25Z,2024-06-16T20:44:21Z,,81.483597,123.045,membership,Payment by membership account and/or membership card,USCPIE15640031*1
ChargePoint Network,,,15694171,15694171,BRIGHTRIDGE EV / STATION 1 (L),25292041,247,3170621381,2024-06-16T18:55:59Z,2024-06-16T19:16:47Z,,15.041000,55.115,membership,Payment by membership account and/or membership card,USCPIE15694171*1
ChargePoint Network,,,13664401,13664401,BTES / STATION 1 (LL),23060421,247,3177215251,2024-06-19T15:59:28Z,2024-06-19T16:57:45Z,,59.047600,62.0,membership,Payment by membership account and/or membership card,USCPIE13664401*1
ChargePoint Network,,,13966851,13966851,BEA / STATION 1 (LL),23420911,247,3179370191,2024-06-20T15:25:25Z,2024-06-20T15:26:57Z,,0.000000,0.0,membership,Payment by membership account and/or membership card,USCPIE13966851*1
ChargePoint Network,,,13606121,13606121,I24 EXIT11 / STATION 2 (LM),22992591,247,3152412991,2024-06-08T14:55:33Z,2024-06-08T15:15:51Z,,22.805599,74.052,membership,Payment by membership account and/or membership card,USCPIE13606121*1
ChargePoint Network,,,15694171,15694171,BRIGHTRIDGE EV / STATION 1 (L),25292041,247,3197306081,2024-06-28T14:29:33Z,2024-06-28T15:09:44Z,,37.590000,91.494,membership,Payment by membership account and/or membership card,USCPIE15694171*1
ChargePoint Network,,,14049761,14049761,PARIS BPU / STATION 2(R),23516951,247,3182433371,2024-06-21T20:01:32Z,2024-06-21T20:31:04Z,,33.289799,78.012,membership,Payment by membership account and/or membership card,USCPIE14049761*1
ChargePoint Network,,,12720881,12720881,WRECC / STATION 1,21977141,247,3153938551,2024-06-09T07:06:43Z,2024-06-09T07:08:42Z,,0.000000,0.0,membership,Payment by membership account and/or membership card,USCPIE12720881*1
ChargePoint Network,,,8851921,8851921,7SPC / SEVIERVILLE DC1,15571271,207,3174560661,2024-06-18T13:51:41Z,2024-06-18T14:49:37Z,,21.212700,59.669,membership,Payment by membership account and/or membership card,USCPIE8851921*1
ChargePoint Network,,,14097801,14097801,SCOTTSBORO EPB / SEPB DCFC (L),23570921,247,3189548311,2024-06-25T12:42:06Z,2024-06-25T13:34:57Z,,67.499001,106.606,membership,Payment by membership account and/or membership card,USCPIE14097801*1
ChargePoint Network,,,13966851,13966851,BEA / STATION 1 (LL),23420911,247,3192248251,2024-06-26T14:06:35Z,2024-06-26T14:48:28Z,,48.506199,74.48,credit_card_terminal,Payment via credit card or debit card terminal,USCPIE13966851*1
ChargePoint Network,,,8851921,8851921,7SPC / SEVIERVILLE DC1,15571271,207,3199256311,2024-06-29T10:54:38Z,2024-06-29T11:50:35Z,,48.383701,57.833,membership,Payment by membership account and/or membership card,USCPIE8851921*1
ChargePoint Network,,,8851921,8851921,7SPC / SEVIERVILLE DC1,15571271,100011,3136370391,2024-06-01T15:45:36Z,2024-06-01T16:24:36Z,,1.288000,7.8,membership,Payment by membership account and/or membership card,USCPIE8851921*1
ChargePoint Network,,,8851921,8851921,7SPC / SEVIERVILLE DC1,15571271,207,3192207331,2024-06-26T13:48:59Z,2024-06-26T13:50:38Z,,0.000000,0.0,other,Any other payment method not specified above. Additional description should be provided in Payment Method Description.,USCPIE8851921*1
ChargePoint Network,,,13423581,13423581,AEC / STATION #2 (R),22787011,247,3172468811,2024-06-17T16:14:43Z,2024-06-17T16:22:09Z,,7.276800,0.0,membership,Payment by membership account and/or membership card,USCPIE13423581*1
ChargePoint Network,,,12406491,12406491,FPIA / LEFT STATION,21527781,247,3169001401,2024-06-15T20:02:20Z,2024-06-15T20:11:18Z,,10.241900,0.0,membership,Payment by membership account and/or membership card,USCPIE12406491*1
ChargePoint Network,,,14337501,14337501,HOLSTONELECTRIC / CHURCH HILL-2,23845091,100011,3183755821,2024-06-22T13:37:21Z,2024-06-22T13:51:02Z,,11.048000,52.22,credit_card_terminal,Payment via credit card or debit card terminal,USCPIE14337501*1
ChargePoint Network,,,15694171,15694171,BRIGHTRIDGE EV / STATION 1 (L),25292041,247,3163443311,2024-06-13T12:49:26Z,2024-06-13T13:22:58Z,,41.581001,84.744,membership,Payment by membership account and/or membership card,USCPIE15694171*1
ChargePoint Network,,,1921351,1921351,STARKVILLE UTIL / STARKVILLE DWTN,23682581,3,3193398581,2024-06-26T21:53:15Z,2024-06-27T13:02:38Z,,46.649597,7.3567,membership,Payment by membership account and/or membership card,USCPIE1921351*2
ChargePoint Network,,,1932851,1932851,BRIGHTRIDGE EV / BR-JC LIBRARY,23319811,3,3166949331,2024-06-14T19:56:37Z,2024-06-14T19:57:39Z,,0.000000,0.0,credit_card_terminal,Payment via credit card or debit card terminal,USCPIE1932851*1
ChargePoint Network,,,7505851,7505851,JEFFERSON AVE. / OXFORD STA1(L),12955471,247,3171059971,2024-06-16T23:12:52Z,2024-06-16T23:42:59Z,,35.076698,76.625,membership,Payment by membership account and/or membership card,USCPIE7505851*1
ChargePoint Network,,,12406491,12406491,FPIA / LEFT STATION,21527781,247,3144804491,2024-06-05T13:18:20Z,2024-06-05T13:52:23Z,,37.905602,85.768,membership,Payment by membership account and/or membership card,USCPIE12406491*1
ChargePoint Network,,,13659871,13659871,LAWRENCEBURG / STATION 2 (R),23054921,247,3199481161,2024-06-29T15:11:02Z,2024-06-29T15:20:26Z,,9.937300,72.912,membership,Payment by membership account and/or membership card,USCPIE13659871*1
ChargePoint Network,,,8851921,8851921,7SPC / SEVIERVILLE DC1,15571271,207,3140433861,2024-06-03T17:22:38Z,2024-06-03T17:26:26Z,,0.000000,0.0,membership,Payment by membership account and/or membership card,USCPIE8851921*1
ChargePoint Network,,,5122191,5122191,CULLMANELECTRIC / STATION1-L,8482151,247,3139885001,2024-06-03T13:47:52Z,2024-06-03T14:59:28Z,,81.080200,76.823,other,Any other payment method not specified above. Additional description should be provided in Payment Method Description.,USCPIE5122191*1
ChargePoint Network,,,9677521,9677521,UT PARKING / S7 STATION 1,17169341,3,3190441051,2024-06-25T18:55:46Z,2024-06-25T21:37:59Z,,12.104969,6.6025,other,Any other payment method not specified above. Additional description should be provided in Payment Method Description.,USCPIE9677521*2
ChargePoint Network,,,15623211,15623211,CLW / 5TH ST 2 (R),25208281,247,3142250121,2024-06-04T13:06:27Z,2024-06-04T13:29:57Z,,33.794498,89.198,membership,Payment by membership account and/or membership card,USCPIE15623211*1
ChargePoint Network,,,13606091,13606091,I24 EXIT11 / STATION 3 (RM),22992551,247,3152977041,2024-06-08T20:29:42Z,2024-06-08T21:00:24Z,,26.181999,55.416,other,Any other payment method not specified above. Additional description should be provided in Payment Method Description.,USCPIE13606091*1
ChargePoint Network,,,5619801,5619801,7SPC / WARREN RECC BG,9274261,3,3173912841,2024-06-18T03:21:48Z,2024-06-18T04:39:59Z,,8.089624,6.2931,membership,Payment by membership account and/or membership card,USCPIE5619801*2
ChargePoint Network,,,682921,682921,7SPC / TVPPA OFFICE,9117261,3,3196633851,2024-06-28T03:23:30Z,2024-06-28T05:06:38Z,,10.134384,5.9498,membership,Payment by membership account and/or membership card,USCPIE682921*2
ChargePoint Network,,,13606061,13606061,I24 EXIT11 / STATION 4 (RR),22992511,247,3154747521,2024-06-09T21:02:25Z,2024-06-09T21:33:23Z,,40.875500,84.744,credit_card_terminal,Payment via credit card or debit card terminal,USCPIE13606061*1
ChargePoint Network,,,13606061,13606061,I24 EXIT11 / STATION 4 (RR),22992511,247,3143583761,2024-06-04T22:27:00Z,2024-06-04T23:01:42Z,,40.892601,78.405,membership,Payment by membership account and/or membership card,USCPIE13606061*1
ChargePoint Network,,,5565241,5565241,7SPC / SCES LECONTE 4,9205111,3,3178333941,2024-06-20T01:56:04Z,2024-06-20T03:23:26Z,,4.697478,3.7449,membership,Payment by membership account and/or membership card,USCPIE5565241*2
ChargePoint Network,,,12720861,12720861,WRECC / STATION 2,21977121,247,3148817761,2024-06-06T23:02:57Z,2024-06-06T23:24:10Z,,15.013800,44.002,membership,Payment by membership account and/or membership card,USCPIE12720861*1
ChargePoint Network,,,1988141,1988141,7SPC / SCES DREAM MORE,2355561,3,3195865521,2024-06-27T21:24:06Z,2024-06-27T22:03:26Z,,4.430747,6.9773,membership,Payment by membership account and/or membership card,USCPIE1988141*1
ChargePoint Network,,,5354011,5354011,7SPC / GREENEVILLE TA,8936791,207,3167297101,2024-06-14T22:33:10Z,2024-06-14T23:07:52Z,,32.140202,59.363,membership,Payment by membership account and/or membership card,USCPIE5354011*1
ChargePoint Network,,,14097711,14097711,SCOTTSBORO EPB / SEPB DCFC (R),23570811,247,3153059941,2024-06-08T21:16:40Z,2024-06-08T21:48:37Z,,28.963600,58.215,membership,Payment by membership account and/or membership card,USCPIE14097711*1
ChargePoint Network,,,14359491,14359491,EBOFG / STATION 1 (L),23870291,247,3159221441,2024-06-11T18:52:49Z,2024-06-11T18:55:45Z,,0.000000,0.0,membership,Payment by membership account and/or membership card,USCPIE14359491*1
ChargePoint Network,,,13606091,13606091,I24 EXIT11 / STATION 3 (RM),22992551,247,3174990731,2024-06-18T16:23:06Z,2024-06-18T16:40:54Z,,21.705500,74.447,credit_card_terminal,Payment via credit card or debit card terminal,USCPIE13606091*1
ChargePoint Network,,,14097711,14097711,SCOTTSBORO EPB / SEPB DCFC (R),23570811,247,3160936391,2024-06-12T13:16:39Z,2024-06-12T13:42:50Z,,30.552900,75.45,membership,Payment by membership account and/or membership card,USCPIE14097711*1
ChargePoint Network,,,13664401,13664401,BTES / STATION 1 (LL),23060421,247,3198571781,2024-06-29T00:18:47Z,2024-06-29T00:28:39Z,,8.063400,0.0,membership,Payment by membership account and/or membership card,USCPIE13664401*1
ChargePoint Network,,,13966051,13966051,BEA / STATION 3 (RM),23419981,247,3175464151,2024-06-18T19:52:16Z,2024-06-18T20:10:30Z,,21.757799,74.646,membership,Payment by membership account and/or membership card,USCPIE13966051*1
ChargePoint Network,,,13026471,13026471,WCMES / CITYHALL2-R,22328331,247,3141451831,2024-06-04T01:07:51Z,2024-06-04T01:17:59Z,,10.486800,69.452,membership,Payment by membership account and/or membership card,USCPIE13026471*1
ChargePoint Network,,,13423691,13423691,AEC / STATION #1 (L),,,3169119191,2024-06-15T21:08:37Z,2024-06-15T21:09:48Z,,0.000000,,membership,Payment by membership account and/or membership card,USCPIE13423691*0
ChargePoint Network,,,15694171,15694171,BRIGHTRIDGE EV / STATION 1 (L),25292041,247,3137303091,2024-06-02T00:26:46Z,2024-06-02T00:54:38Z,,26.998301,60.215,membership,Payment by membership account and/or membership card,USCPIE15694171*1
ChargePoint Network,,,15260251,15260251,STEMC / STATION 2 (R) A,24784081,247,3197917461,2024-06-28T19:04:10Z,2024-06-28T19:42:20Z,,40.278801,77.599,membership,Payment by membership account and/or membership card,USCPIE15260251*1
ChargePoint Network,,,1921351,1921351,STARKVILLE UTIL / STARKVILLE DWTN,23682581,3,3182681151,2024-06-21T21:55:50Z,2024-06-21T22:56:40Z,,7.354881,7.3595,membership,Payment by membership account and/or membership card,USCPIE1921351*2
ChargePoint Network,,,15623211,15623211,CLW / 5TH ST 2 (R),25208281,247,3151130471,2024-06-07T21:46:23Z,2024-06-07T22:01:38Z,,23.290600,123.045,membership,Payment by membership account and/or membership card,USCPIE15623211*1
ChargePoint Network,,,5346231,5346231,CULLMANELECTRIC / STATION2-R,8926271,247,3183480861,2024-06-22T05:15:18Z,2024-06-22T05:25:19Z,,16.001499,0.0,membership,Payment by membership account and/or membership card,USCPIE5346231*1
ChargePoint Network,,,13606091,13606091,I24 EXIT11 / STATION 3 (RM),22992551,247,3190988091,2024-06-25T22:45:21Z,2024-06-25T23:35:11Z,,32.125401,53.576,membership,Payment by membership account and/or membership card,USCPIE13606091*1
ChargePoint Network,,,14359491,14359491,EBOFG / STATION 1 (L),23870291,247,3144975081,2024-06-05T14:38:29Z,2024-06-05T14:39:22Z,,0.000000,0.0,membership,Payment by membership account and/or membership card,USCPIE14359491*1
ChargePoint Network,,,8851921,8851921,7SPC / SEVIERVILLE DC1,15571271,207,3146411571,2024-06-06T00:32:29Z,2024-06-06T01:14:17Z,,29.987600,54.167,membership,Payment by membership account and/or membership card,USCPIE8851921*1
ChargePoint Network,,,14359491,14359491,EBOFG / STATION 1 (L),23870291,247,3148976641,2024-06-07T00:11:39Z,2024-06-07T00:13:05Z,,0.000000,0.0,membership,Payment by membership account and/or membership card,USCPIE14359491*1
ChargePoint Network,,,12460811,12460811,PES / RIGHT STATION,22948831,215,3195637361,2024-06-27T19:44:47Z,2024-06-27T22:07:08Z,,18.198999,7.7995,membership,Payment by membership account and/or membership card,USCPIE12460811*1
ChargePoint Network,,,13664471,13664471,BTES / STATION 3 (RM),23060511,247,3166153671,2024-06-14T14:09:59Z,2024-06-14T14:26:20Z,,18.426800,70.685,membership,Payment by membership account and/or membership card,USCPIE13664471*1
ChargePoint Network,,,7505851,7505851,JEFFERSON AVE. / OXFORD STA1(L),12955471,247,3184900801,2024-06-23T01:43:03Z,2024-06-23T02:03:15Z,,23.423901,77.617,membership,Payment by membership account and/or membership card,USCPIE7505851*1
ChargePoint Network,,,12406491,12406491,FPIA / LEFT STATION,21527781,247,3168748691,2024-06-15T17:37:00Z,2024-06-15T18:00:22Z,,24.573900,83.103,membership,Payment by membership account and/or membership card,USCPIE12406491*1
ChargePoint Network,,,12406491,12406491,FPIA / LEFT STATION,21527781,247,3177416831,2024-06-19T17:50:43Z,2024-06-19T18:02:16Z,,8.797200,51.723,membership,Payment by membership account and/or membership card,USCPIE12406491*1
ChargePoint Network,,,5380331,5380331,CULLMAN PB / STATION 1,8970951,3,3138710121,2024-06-02T21:31:16Z,2024-06-02T21:33:15Z,,0.000000,0.0,membership,Payment by membership account and/or membership card,USCPIE5380331*1
ChargePoint Network,,,7173851,7173851,SCOTTSBORO EPB / MAIN OFFICE,12310861,3,3199855511,2024-06-29T19:12:30Z,2024-06-30T01:22:20Z,,42.434227,7.0615,membership,Payment by membership account and/or membership card,USCPIE7173851*1
ChargePoint Network,,,12720861,12720861,WRECC / STATION 2,21977121,247,3192911631,2024-06-26T18:24:19Z,2024-06-26T18:25:08Z,,0.000000,0.0,membership,Payment by membership account and/or membership card,USCPIE12720861*1
ChargePoint Network,,,13606061,13606061,I24 EXIT11 / STATION 4 (RR),22992511,247,3159747041,2024-06-11T22:37:25Z,2024-06-11T23:30:18Z,,49.715500,72.101,membership,Payment by membership account and/or membership card,USCPIE13606061*1
ChargePoint Network,,,13606061,13606061,I24 EXIT11 / STATION 4 (RR),22992511,247,3178707111,2024-06-20T06:43:37Z,2024-06-20T06:45:47Z,,0.000000,0.0,membership,Payment by membership account and/or membership card,USCPIE13606061*1
ChargePoint Network,,,14097711,14097711,SCOTTSBORO EPB / SEPB DCFC (R),23570811,247,3143133441,2024-06-04T19:15:02Z,2024-06-04T19:15:38Z,,0.000000,0.0,membership,Payment by membership account and/or membership card,USCPIE14097711*1
ChargePoint Network,,,14083171,14083171,STEMC / STATION 1 (L) H,23554721,247,3185812321,2024-06-23T18:22:04Z,2024-06-23T19:22:58Z,,44.291401,51.683,membership,Payment by membership account and/or membership card,USCPIE14083171*1
ChargePoint Network,,,13606061,13606061,I24 EXIT11 / STATION 4 (RR),22992511,100011,3137020581,2024-06-01T21:49:40Z,2024-06-01T22:30:49Z,,29.968300,46.617,membership,Payment by membership account and/or membership card,USCPIE13606061*1
ChargePoint Network,,,9677521,9677521,UT PARKING / S7 STATION 1,17169331,3,3165463811,2024-06-14T03:11:12Z,2024-06-14T09:52:02Z,,3.915435,4.1746,membership,Payment by membership account and/or membership card,USCPIE9677521*1
ChargePoint Network,,,14097711,14097711,SCOTTSBORO EPB / SEPB DCFC (R),23570811,247,3143135561,2024-06-04T19:15:46Z,2024-06-04T19:31:11Z,,14.886800,74.052,membership,Payment by membership account and/or membership card,USCPIE14097711*1
ChargePoint Network,,,13290491,13290491,7SPC / NASA USSRC L,22634941,3,3182710271,2024-06-21T22:08:29Z,2024-06-21T22:09:35Z,,0.000000,,membership,Payment by membership account and/or membership card,USCPIE13290491*2
ChargePoint Network,,,15623211,15623211,CLW / 5TH ST 2 (R),25208281,247,3182174041,2024-06-21T18:00:19Z,2024-06-21T18:42:38Z,,32.845299,52.54,membership,Payment by membership account and/or membership card,USCPIE15623211*1
ChargePoint Network,,,8851921,8851921,7SPC / SEVIERVILLE DC1,15571271,207,3182953251,2024-06-22T00:12:37Z,2024-06-22T00:38:13Z,,15.517000,54.534,membership,Payment by membership account and/or membership card,USCPIE8851921*1
ChargePoint Network,,,1932851,1932851,BRIGHTRIDGE EV / BR-JC LIBRARY,23319821,3,3158655151,2024-06-11T15:09:16Z,2024-06-11T16:20:44Z,,7.686715,6.6351,membership,Payment by membership account and/or membership card,USCPIE1932851*2
ChargePoint Network,,,13606091,13606091,I24 EXIT11 / STATION 3 (RM),22992551,247,3192295811,2024-06-26T14:27:58Z,2024-06-26T15:08:20Z,,32.780701,54.316,membership,Payment by membership account and/or membership card,USCPIE13606091*1
ChargePoint Network,,,15623231,15623231,CLW / 5TH ST 1 (L),25208301,247,3195279061,2024-06-27T17:04:00Z,2024-06-27T18:08:30Z,,50.389099,74.879,membership,Payment by membership account and/or membership card,USCPIE15623231*1
ChargePoint Network,,,15280441,15280441,SPRFLD ELECTRIC / STATION 2 (R),24807641,247,3184094061,2024-06-22T17:38:20Z,2024-06-22T18:00:58Z,,20.353300,55.902,membership,Payment by membership account and/or membership card,USCPIE15280441*1
ChargePoint Network,,,5466441,5466441,7SPC / NASA USSRC R,9079371,3,3156709761,2024-06-10T18:39:04Z,2024-06-10T21:17:12Z,,16.172150,6.209,membership,Payment by membership account and/or membership card,USCPIE5466441*2
ChargePoint Network,,,1921351,1921351,STARKVILLE UTIL / STARKVILLE DWTN,23682571,3,3199756271,2024-06-29T18:11:13Z,2024-06-29T18:13:13Z,,0.000000,0.0,membership,Payment by membership account and/or membership card,USCPIE1921351*1
ChargePoint Network,,,13664471,13664471,BTES / STATION 3 (RM),23060511,247,3152597471,2024-06-08T16:53:50Z,2024-06-08T17:40:49Z,,40.047100,74.646,credit_card_terminal,Payment via credit card or debit card terminal,USCPIE13664471*1
ChargePoint Network,,,14355251,14355251,HARTSELLE 1 / STATION 2 (R),23865691,247,3192705741,2024-06-26T16:51:54Z,2024-06-26T17:47:32Z,,45.586800,73.919,credit_card_terminal,Payment via credit card or debit card terminal,USCPIE14355251*1
ChargePoint Network,,,12720861,12720861,WRECC / STATION 2,21977121,247,3181646091,2024-06-21T14:10:04Z,2024-06-21T15:04:39Z,,43.335701,85.599,membership,Payment by membership account and/or membership card,USCPIE12720861*1
ChargePoint Network,,,5466441,5466441,7SPC / NASA USSRC R,9079371,3,3136789821,2024-06-01T19:43:56Z,2024-06-01T19:57:09Z,,1.222540,5.9411,membership,Payment by membership account and/or membership card,USCPIE5466441*2
ChargePoint Network,,,1988141,1988141,7SPC / SCES DREAM MORE,2355571,3,3200208111,2024-06-29T22:43:16Z,2024-06-30T00:58:14Z,,14.940620,6.7173,membership,Payment by membership account and/or membership card,USCPIE1988141*2
ChargePoint Network,,,13606061,13606061,I24 EXIT11 / STATION 4 (RR),22992511,247,3164987771,2024-06-13T23:37:51Z,2024-06-13T23:57:30Z,,21.210600,77.815,membership,Payment by membership account and/or membership card,USCPIE13606061*1
ChargePoint Network,,,12720881,12720881,WRECC / STATION 1,21977141,247,3148928241,2024-06-06T23:51:36Z,2024-06-06T23:52:45Z,,0.000000,0.0,membership,Payment by membership account and/or membership card,USCPIE12720881*1
ChargePoint Network,,,5363211,5363211,HARTSELLE 1 / HARTSELLE 1,23427571,3,3148881631,2024-06-06T23:29:58Z,2024-06-06T23:31:19Z,,0.000000,0.0,membership,Payment by membership account and/or membership card,USCPIE5363211*1
ChargePoint Network,,,8851921,8851921,7SPC / SEVIERVILLE DC1,15571271,207,3162056501,2024-06-12T20:59:40Z,2024-06-12T22:23:28Z,,50.955101,60.139,membership,Payment by membership account and/or membership card,USCPIE8851921*1
ChargePoint Network,,,1964521,1964521,EBOFG / GUNTERSVILLE PD,8374201,3,3175317991,2024-06-18T18:50:04Z,2024-06-18T19:21:16Z,,3.633254,7.1321,credit_card_terminal,Payment via credit card or debit card terminal,USCPIE1964521*1
ChargePoint Network,,,14047321,14047321,JEFFERSON AVE. / OXFORD STA2(R),,,3177445811,2024-06-19T18:07:48Z,2024-06-19T18:08:17Z,,0.000000,,credit_card_terminal,Payment via credit card or debit card terminal,USCPIE14047321*0
ChargePoint Network,,,15548181,15548181,DECATURDOWNTWN / STATION 2 (L),25119551,247,3147984631,2024-06-06T17:08:38Z,2024-06-06T18:12:32Z,,62.729000,75.222,credit_card_terminal,Payment via credit card or debit card terminal,USCPIE15548181*1
ChargePoint Network,,,8851921,8851921,7SPC / SEVIERVILLE DC1,15571271,207,3138702211,2024-06-02T21:28:14Z,2024-06-02T21:51:06Z,,21.743200,61.659,membership,Payment by membership account and/or membership card,USCPIE8851921*1
ChargePoint Network,,,13803581,13803581,FPU / STATION 1 (L),23227201,247,3142515221,2024-06-04T15:01:51Z,2024-06-04T16:15:15Z,,29.297001,61.445,membership,Payment by membership account and/or membership card,USCPIE13803581*1
ChargePoint Network,,,15332321,15332321,TUA NW ATLANTIC / STATION 1 (L),24867861,247,3190729551,2024-06-25T20:57:44Z,2024-06-25T21:13:27Z,,8.182800,39.962,credit_card_terminal,Payment via credit card or debit card terminal,USCPIE15332321*1
ChargePoint Network,,,1964521,1964521,EBOFG / GUNTERSVILLE PD,8374201,3,3184718901,2024-06-22T23:54:17Z,2024-06-23T01:43:14Z,,12.808601,7.2364,membership,Payment by membership account and/or membership card,USCPIE1964521*1
ChargePoint Network,,,15694081,15694081,BRIGHTRIDGE EV / STATION 2 (R),,,3185683681,2024-06-23T16:58:55Z,2024-06-23T17:00:56Z,,0.000000,,other,Any other payment method not specified above. Additional description should be provided in Payment Method Description.,USCPIE15694081*0
ChargePoint Network,,,15694171,15694171,BRIGHTRIDGE EV / STATION 1 (L),25292041,247,3152487891,2024-06-08T15:45:58Z,2024-06-08T16:07:16Z,,23.809500,76.636,credit_card_terminal,Payment via credit card or debit card terminal,USCPIE15694171*1
ChargePoint Network,,,12406401,12406401,FPIA / RIGHT STATION,21527671,247,3153054921,2024-06-08T21:13:46Z,2024-06-08T21:26:19Z,,13.970000,71.477,membership,Payment by membership account and/or membership card,USCPIE12406401*1
ChargePoint Network,,,5346231,5346231,CULLMANELECTRIC / STATION2-R,8926271,247,3147181381,2024-06-06T11:23:42Z,2024-06-06T11:38:19Z,,8.824400,48.895,other,Any other payment method not specified above. Additional description should be provided in Payment Method Description.,USCPIE5346231*1
ChargePoint Network,,,5445161,5445161,7SPC / UC - LIVINGSTON,9052341,3,3144808301,2024-06-05T13:20:53Z,2024-06-05T13:48:45Z,,3.216146,7.1486,membership,Payment by membership account and/or membership card,USCPIE5445161*1
ChargePoint Network,,,8851921,8851921,7SPC / SEVIERVILLE DC1,15571271,207,3189549971,2024-06-25T12:42:45Z,2024-06-25T12:50:58Z,,5.759700,48.806,membership,Payment by membership account and/or membership card,USCPIE8851921*1
ChargePoint Network,,,9745721,9745721,CRMC / CRMC-1 - L2LEFT,17301481,3,3166027651,2024-06-14T13:01:28Z,2024-06-14T14:48:31Z,,12.637648,7.198,membership,Payment by membership account and/or membership card,USCPIE9745721*2
ChargePoint Network,,,15694081,15694081,BRIGHTRIDGE EV / STATION 2 (R),25291921,247,3166908561,2024-06-14T19:39:05Z,2024-06-14T19:48:07Z,,6.175000,46.826,membership,Payment by membership account and/or membership card,USCPIE15694081*1
ChargePoint Network,,,15694171,15694171,BRIGHTRIDGE EV / STATION 1 (L),,,3152736281,2024-06-08T18:13:40Z,2024-06-08T18:15:39Z,,0.000000,,credit_card_terminal,Payment via credit card or debit card terminal,USCPIE15694171*0
ChargePoint Network,,,7505851,7505851,JEFFERSON AVE. / OXFORD STA1(L),12955471,247,3185944111,2024-06-23T19:40:37Z,2024-06-23T20:24:38Z,,41.208000,71.441,credit_card_terminal,Payment via credit card or debit card terminal,USCPIE7505851*1
ChargePoint Network,,,1932851,1932851,BRIGHTRIDGE EV / BR-JC LIBRARY,23319821,3,3183699931,2024-06-22T12:28:20Z,2024-06-22T12:50:35Z,,2.589731,7.1308,membership,Payment by membership account and/or membership card,USCPIE1932851*2
ChargePoint Network,,,1932851,1932851,BRIGHTRIDGE EV / BR-JC LIBRARY,23319811,3,3139934061,2024-06-03T14:10:29Z,2024-06-03T15:19:17Z,,8.273380,7.3928,membership,Payment by membership account and/or membership card,USCPIE1932851*1
ChargePoint Network,,,12406491,12406491,FPIA / LEFT STATION,,,3139376711,2024-06-03T04:10:08Z,2024-06-03T04:12:09Z,,0.000000,,membership,Payment by membership account and/or membership card,USCPIE12406491*0
ChargePoint Network,,,8851921,8851921,7SPC / SEVIERVILLE DC1,15571271,100011,3180707171,2024-06-21T00:53:17Z,2024-06-21T01:19:05Z,,2.687200,21.114,membership,Payment by membership account and/or membership card,USCPIE8851921*1
ChargePoint Network,,,12406491,12406491,FPIA / LEFT STATION,21527781,247,3168942671,2024-06-15T19:28:26Z,2024-06-15T20:02:15Z,,35.117199,74.676,membership,Payment by membership account and/or membership card,USCPIE12406491*1
ChargePoint Network,,,682921,682921,7SPC / TVPPA OFFICE,9117251,3,3184068771,2024-06-22T17:22:17Z,2024-06-22T20:21:27Z,,8.016627,3.4626,membership,Payment by membership account and/or membership card,USCPIE682921*1
ChargePoint Network,,,15548181,15548181,DECATURDOWNTWN / STATION 2 (L),25119551,247,3159777141,2024-06-11T22:50:31Z,2024-06-11T22:51:01Z,,0.000000,0.0,membership,Payment by membership account and/or membership card,USCPIE15548181*1
ChargePoint Network,,,5346231,5346231,CULLMANELECTRIC / STATION2-R,8926271,247,3178326101,2024-06-20T01:51:36Z,2024-06-20T02:13:42Z,,21.708900,122.891,membership,Payment by membership account and/or membership card,USCPIE5346231*1
ChargePoint Network,,,5384781,5384781,7SPC / TRI-COUNTY EMC,9273701,3,3146052391,2024-06-05T21:57:16Z,2024-06-06T00:08:28Z,,15.878433,7.3389,membership,Payment by membership account and/or membership card,USCPIE5384781*2
ChargePoint Network,,,12406491,12406491,FPIA / LEFT STATION,21527781,100011,3168476031,2024-06-15T14:44:39Z,2024-06-15T15:41:41Z,,23.888100,29.148,membership,Payment by membership account and/or membership card,USCPIE12406491*1
ChargePoint Network,,,5122191,5122191,CULLMANELECTRIC / STATION1-L,8482151,247,3193860611,2024-06-27T01:15:48Z,2024-06-27T01:16:03Z,,0.000000,0.0,membership,Payment by membership account and/or membership card,USCPIE5122191*1
ChargePoint Network,,,15548151,15548151,DECATURDOWNTWN / STATION 1 (R),25119511,247,3166974311,2024-06-14T20:07:24Z,2024-06-14T20:52:47Z,,37.738499,72.269,membership,Payment by membership account and/or membership card,USCPIE15548151*1
ChargePoint Network,,,13643801,13643801,PEPA / STATION 2,23036481,247,3174181111,2024-06-18T08:55:51Z,2024-06-18T09:20:31Z,,28.450399,73.086,membership,Payment by membership account and/or membership card,USCPIE13643801*1
ChargePoint Network,,,13966851,13966851,BEA / STATION 1 (LL),23420911,247,3199589071,2024-06-29T16:27:53Z,2024-06-29T16:54:44Z,,22.266600,75.056,membership,Payment by membership account and/or membership card,USCPIE13966851*1
ChargePoint Network,,,1964521,1964521,EBOFG / GUNTERSVILLE PD,8374201,3,3139255981,2024-06-03T02:50:39Z,2024-06-03T02:57:23Z,,0.732810,7.4342,membership,Payment by membership account and/or membership card,USCPIE1964521*1
ChargePoint Network,,,5466441,5466441,7SPC / NASA USSRC R,9079361,3,3184266391,2024-06-22T19:23:03Z,2024-06-22T20:08:54Z,,4.717029,6.2728,membership,Payment by membership account and/or membership card,USCPIE5466441*1
ChargePoint Network,,,14025691,14025691,PARIS BPU / STATION 1(L),23489541,100011,3138671711,2024-06-02T21:11:43Z,2024-06-02T21:41:56Z,,23.549101,52.68,membership,Payment by membership account and/or membership card,USCPIE14025691*1
ChargePoint Network,,,5619801,5619801,7SPC / WARREN RECC BG,9274261,3,3188243061,2024-06-24T20:35:32Z,2024-06-25T01:26:51Z,,30.166491,6.2869,membership,Payment by membership account and/or membership card,USCPIE5619801*2
ChargePoint Network,,,5466441,5466441,7SPC / NASA USSRC R,9079361,3,3142996861,2024-06-04T18:10:29Z,2024-06-04T19:16:53Z,,6.604763,6.0571,credit_card_terminal,Payment via credit card or debit card terminal,USCPIE5466441*1
ChargePoint Network,,,12406401,12406401,FPIA / RIGHT STATION,21527671,247,3139375791,2024-06-03T04:10:26Z,2024-06-03T04:56:25Z,,48.541698,66.782,membership,Payment by membership account and/or membership card,USCPIE12406401*1
ChargePoint Network,,,13606061,13606061,I24 EXIT11 / STATION 4 (RR),22992511,247,3191889201,2024-06-26T10:41:19Z,2024-06-26T11:15:12Z,,34.343700,74.844,membership,Payment by membership account and/or membership card,USCPIE13606061*1
ChargePoint Network,,,14047321,14047321,JEFFERSON AVE. / OXFORD STA2(R),23514081,247,3161875791,2024-06-12T19:44:33Z,2024-06-12T19:46:35Z,,0.000000,0.0,membership,Payment by membership account and/or membership card,USCPIE14047321*1
ChargePoint Network,,,15694081,15694081,BRIGHTRIDGE EV / STATION 2 (R),25291921,247,3196926121,2024-06-28T09:17:19Z,2024-06-28T09:18:03Z,,0.000000,,membership,Payment by membership account and/or membership card,USCPIE15694081*1
ChargePoint Network,,,13664501,13664501,BTES / STATION 4 (RR),23060561,247,3173030871,2024-06-17T20:22:09Z,2024-06-17T20:32:16Z,,17.627701,115.653,membership,Payment by membership account and/or membership card,USCPIE13664501*1
ChargePoint Network,,,1921351,1921351,STARKVILLE UTIL / STARKVILLE DWTN,23682581,3,3175757591,2024-06-18T21:54:57Z,2024-06-19T13:04:58Z,,58.808208,7.3512,membership,Payment by membership account and/or membership card,USCPIE1921351*2
ChargePoint Network,,,1988141,1988141,7SPC / SCES DREAM MORE,2355571,3,3167594561,2024-06-15T00:50:27Z,2024-06-15T10:44:11Z,,66.303513,6.9351,membership,Payment by membership account and/or membership card,USCPIE1988141*2
ChargePoint Network,,,1932851,1932851,BRIGHTRIDGE EV / BR-JC LIBRARY,23319821,3,3168671621,2024-06-15T16:50:15Z,2024-06-15T19:49:04Z,,10.552888,3.6928,membership,Payment by membership account and/or membership card,USCPIE1932851*2
ChargePoint Network,,,15293211,15293211,TRNG CENTER / TRAININGCENTER1,24823111,3,3156761101,2024-06-10T19:03:22Z,2024-06-10T20:13:51Z,,6.956313,6.0451,membership,Payment by membership account and/or membership card,USCPIE15293211*2
ChargePoint Network,,,5565191,5565191,7SPC / DOLLYWOOD EMPL,9205041,3,3163317601,2024-06-13T11:36:15Z,2024-06-13T16:10:08Z,,15.861452,3.5498,membership,Payment by membership account and/or membership card,USCPIE5565191*2
ChargePoint Network,,,14355271,14355271,HARTSELLE 1 / STATION 1 (L),23865711,247,3173543571,2024-06-18T00:14:02Z,2024-06-18T00:24:16Z,,17.501200,107.964,membership,Payment by membership account and/or membership card,USCPIE14355271*1
ChargePoint Network,,,13664501,13664501,BTES / STATION 4 (RR),23060561,247,3193913451,2024-06-27T01:43:08Z,2024-06-27T02:52:57Z,,31.549000,66.324,membership,Payment by membership account and/or membership card,USCPIE13664501*1
ChargePoint Network,,,12754021,12754021,WCMES / CITYHALL1-L,22015241,247,3159555221,2024-06-11T21:16:37Z,2024-06-11T22:07:08Z,,53.977299,75.253,credit_card_terminal,Payment via credit card or debit card terminal,USCPIE12754021*1
ChargePoint Network,,,12406401,12406401,FPIA / RIGHT STATION,21527671,247,3198243571,2024-06-28T21:33:08Z,2024-06-28T21:33:59Z,,0.000000,0.0,membership,Payment by membership account and/or membership card,USCPIE12406401*1
ChargePoint Network,,,15623211,15623211,CLW / 5TH ST 2 (R),25208281,247,3160250371,2024-06-12T02:25:48Z,2024-06-12T04:14:49Z,,48.793900,54.02,membership,Payment by membership account and/or membership card,USCPIE15623211*1
ChargePoint Network,,,12406491,12406491,FPIA / LEFT STATION,21527781,247,3199270471,2024-06-29T11:13:18Z,2024-06-29T11:14:31Z,,0.000000,0.0,membership,Payment by membership account and/or membership card,USCPIE12406491*1
ChargePoint Network,,,8851921,8851921,7SPC / SEVIERVILLE DC1,15571271,207,3181443851,2024-06-21T12:08:13Z,2024-06-21T13:21:11Z,,65.493797,60.588,membership,Payment by membership account and/or membership card,USCPIE8851921*1
ChargePoint Network,,,5565191,5565191,7SPC / DOLLYWOOD EMPL,9205041,3,3192047461,2024-06-26T12:31:29Z,2024-06-26T20:54:58Z,,56.819340,6.9201,credit_card_terminal,Payment via credit card or debit card terminal,USCPIE5565191*2
ChargePoint Network,,,13606061,13606061,I24 EXIT11 / STATION 4 (RR),22992511,247,3180294771,2024-06-20T21:50:40Z,2024-06-20T21:55:24Z,,5.180500,0.0,membership,Payment by membership account and/or membership card,USCPIE13606061*1
ChargePoint Network,,,1964521,1964521,EBOFG / GUNTERSVILLE PD,8374211,3,3143949501,2024-06-05T01:03:45Z,2024-06-05T01:53:20Z,,2.883834,3.7277,credit_card_terminal,Payment via credit card or debit card terminal,USCPIE1964521*2
ChargePoint Network,,,8851921,8851921,7SPC / SEVIERVILLE DC1,15571271,207,3170326781,2024-06-16T15:40:13Z,2024-06-16T17:29:49Z,,45.368099,54.02,other,Any other payment method not specified above. Additional description should be provided in Payment Method Description.,USCPIE8851921*1
ChargePoint Network,,,9677521,9677521,UT PARKING / S7 STATION 1,17169341,3,3171804491,2024-06-17T10:56:44Z,2024-06-17T11:59:10Z,,7.395880,7.2232,membership,Payment by membership account and/or membership card,USCPIE9677521*2
ChargePoint Network,,,13966811,13966811,BEA / STATION 2 (LM),23420881,247,3141151581,2024-06-03T22:51:31Z,2024-06-03T23:58:31Z,,62.562500,70.785,membership,Payment by membership account and/or membership card,USCPIE13966811*1
ChargePoint Network,,,13290491,13290491,7SPC / NASA USSRC L,22634931,3,3150330601,2024-06-07T15:58:07Z,2024-06-07T18:28:24Z,,8.714376,5.7926,membership,Payment by membership account and/or membership card,USCPIE13290491*1
ChargePoint Network,,,13423581,13423581,AEC / STATION #2 (R),22787011,247,3166279141,2024-06-14T15:06:51Z,2024-06-14T15:14:02Z,,6.389600,0.0,membership,Payment by membership account and/or membership card,USCPIE13423581*1
ChargePoint Network,,,14359491,14359491,EBOFG / STATION 1 (L),23870291,247,3148983801,2024-06-07T00:15:13Z,2024-06-07T00:15:54Z,,0.000000,0.0,membership,Payment by membership account and/or membership card,USCPIE14359491*1
ChargePoint Network,,,15623211,15623211,CLW / 5TH ST 2 (R),25208281,247,3170495131,2024-06-16T17:36:34Z,2024-06-16T19:18:55Z,,45.919399,43.438,credit_card_terminal,Payment via credit card or debit card terminal,USCPIE15623211*1
ChargePoint Network,,,15332321,15332321,TUA NW ATLANTIC / STATION 1 (L),24867861,247,3181145701,2024-06-21T04:56:41Z,2024-06-21T05:41:15Z,,21.499500,53.29,credit_card_terminal,Payment via credit card or debit card terminal,USCPIE15332321*1
ChargePoint Network,,,14097711,14097711,SCOTTSBORO EPB / SEPB DCFC (R),23570811,247,3168938431,2024-06-15T19:26:05Z,2024-06-15T20:01:29Z,,36.078499,75.074,membership,Payment by membership account and/or membership card,USCPIE14097711*1
ChargePoint Network,,,5466441,5466441,7SPC / NASA USSRC R,9079371,3,3187408791,2024-06-24T14:42:09Z,2024-06-24T22:22:36Z,,45.492798,6.1255,membership,Payment by membership account and/or membership card,USCPIE5466441*2
ChargePoint Network,,,14355251,14355251,HARTSELLE 1 / STATION 2 (R),23865691,247,3175075471,2024-06-18T16:56:41Z,2024-06-18T17:50:34Z,,27.697001,72.388,credit_card_terminal,Payment via credit card or debit card terminal,USCPIE14355251*1
ChargePoint Network,,,1932851,1932851,BRIGHTRIDGE EV / BR-JC LIBRARY,23319821,3,3198357631,2024-06-28T22:29:29Z,2024-06-29T00:45:57Z,,8.125010,3.6069,membership,Payment by membership account and/or membership card,USCPIE1932851*2
ChargePoint Network,,,13966031,13966031,BEA / STATION 4 (RR),23419961,247,3153449761,2024-06-09T00:58:53Z,2024-06-09T01:51:40Z,,13.472000,79.575,membership,Payment by membership account and/or membership card,USCPIE13966031*1
ChargePoint Network,,,5466441,5466441,7SPC / NASA USSRC R,9079361,3,3158881261,2024-06-11T16:20:27Z,2024-06-11T16:29:02Z,,0.675516,5.9871,membership,Payment by membership account and/or membership card,USCPIE5466441*1
ChargePoint Network,,,14337501,14337501,HOLSTONELECTRIC / CHURCH HILL-2,,,3189739211,2024-06-25T14:12:13Z,2024-06-25T14:14:14Z,,0.000000,0.0,other,Any other payment method not specified above. Additional description should be provided in Payment Method Description.,USCPIE14337501*0
ChargePoint Network,,,15260241,15260241,STEMC / STATION 1 (L) A,24784071,247,3161033151,2024-06-12T14:04:31Z,2024-06-12T14:26:07Z,,13.391400,53.639,membership,Payment by membership account and/or membership card,USCPIE15260241*1
ChargePoint Network,,,14047321,14047321,JEFFERSON AVE. / OXFORD STA2(R),,,3185940661,2024-06-23T19:39:01Z,2024-06-23T19:39:04Z,,0.000000,,membership,Payment by membership account and/or membership card,USCPIE14047321*0
ChargePoint Network,,,13606061,13606061,I24 EXIT11 / STATION 4 (RR),22992511,247,3156015981,2024-06-10T13:55:38Z,2024-06-10T14:52:28Z,,63.463100,84.942,membership,Payment by membership account and/or membership card,USCPIE13606061*1
ChargePoint Network,,,14355251,14355251,HARTSELLE 1 / STATION 2 (R),23865691,247,3142848111,2024-06-04T16:59:35Z,2024-06-04T17:43:25Z,,34.720200,71.904,credit_card_terminal,Payment via credit card or debit card terminal,USCPIE14355251*1
ChargePoint Network,,,14355251,14355251,HARTSELLE 1 / STATION 2 (R),23865691,247,3187777281,2024-06-24T16:58:11Z,2024-06-24T17:41:06Z,,24.921301,68.96,credit_card_terminal,Payment via credit card or debit card terminal,USCPIE14355251*1
ChargePoint Network,,,14047321,14047321,JEFFERSON AVE. / OXFORD STA2(R),23514081,247,3199514831,2024-06-29T15:37:05Z,2024-06-29T15:51:28Z,,26.004700,113.723,membership,Payment by membership account and/or membership card,USCPIE14047321*1
ChargePoint Network,,,5363211,5363211,HARTSELLE 1 / HARTSELLE 1,23427581,3,3190241521,2024-06-25T17:20:09Z,2024-06-25T17:51:12Z,,3.550883,7.039,membership,Payment by membership account and/or membership card,USCPIE5363211*2
ChargePoint Network,,,12406491,12406491,FPIA / LEFT STATION,21527781,247,3182998651,2024-06-22T00:38:06Z,2024-06-22T00:42:01Z,,0.000000,0.0,membership,Payment by membership account and/or membership card,USCPIE12406491*1
ChargePoint Network,,,13026471,13026471,WCMES / CITYHALL2-R,22328331,247,3153435741,2024-06-09T00:50:28Z,2024-06-09T01:18:58Z,,15.469900,33.63,membership,Payment by membership account and/or membership card,USCPIE13026471*1
ChargePoint Network,,,13026471,13026471,WCMES / CITYHALL2-R,22328331,247,3183309171,2024-06-22T03:19:16Z,2024-06-22T03:19:35Z,,0.000000,0.0,membership,Payment by membership account and/or membership card,USCPIE13026471*1
ChargePoint Network,,,13643801,13643801,PEPA / STATION 2,23036481,247,3176221341,2024-06-19T01:20:30Z,2024-06-19T01:47:23Z,,30.114300,74.447,membership,Payment by membership account and/or membership card,USCPIE13643801*1
ChargePoint Network,,,13966031,13966031,BEA / STATION 4 (RR),23419961,247,3181858091,2024-06-21T15:44:09Z,2024-06-21T16:16:13Z,,15.124000,45.509,membership,Payment by membership account and/or membership card,USCPIE13966031*1
ChargePoint Network,,,5122191,5122191,CULLMANELECTRIC / STATION1-L,8482151,247,3182483021,2024-06-21T20:23:15Z,2024-06-21T20:36:24Z,,10.667500,82.961,membership,Payment by membership account and/or membership card,USCPIE5122191*1
ChargePoint Network,,,5346231,5346231,CULLMANELECTRIC / STATION2-R,8926271,247,3143444491,2024-06-04T21:27:54Z,2024-06-04T22:04:00Z,,30.893499,76.244,other,Any other payment method not specified above. Additional description should be provided in Payment Method Description.,USCPIE5346231*1
ChargePoint Network,,,5122191,5122191,CULLMANELECTRIC / STATION1-L,8482151,100011,3140564231,2024-06-03T18:27:53Z,2024-06-03T18:56:30Z,,15.498200,54.18,membership,Payment by membership account and/or membership card,USCPIE5122191*1
ChargePoint Network,,,15694081,15694081,BRIGHTRIDGE EV / STATION 2 (R),25291921,247,3166481561,2024-06-14T16:24:55Z,2024-06-14T17:23:48Z,,41.664200,61.368,membership,Payment by membership account and/or membership card,USCPIE15694081*1
ChargePoint Network,,,15640031,15640031,NECDC / STATION 1 (L),25228511,247,3183424631,2024-06-22T04:35:53Z,2024-06-22T05:43:09Z,,67.531799,74.86,membership,Payment by membership account and/or membership card,USCPIE15640031*1
ChargePoint Network,,,13659831,13659831,LAWRENCEBURG / STATION 1 (L),23054881,247,3140623621,2024-06-03T18:56:48Z,2024-06-03T19:14:14Z,,19.706600,70.487,credit_card_terminal,Payment via credit card or debit card terminal,USCPIE13659831*1
ChargePoint Network,,,1932851,1932851,BRIGHTRIDGE EV / BR-JC LIBRARY,23319811,3,3198280521,2024-06-28T21:51:02Z,2024-06-28T23:41:37Z,,13.608976,7.5096,membership,Payment by membership account and/or membership card,USCPIE1932851*1
ChargePoint Network,,,13966851,13966851,BEA / STATION 1 (LL),23420911,247,3143379741,2024-06-04T21:00:45Z,2024-06-04T21:53:45Z,,49.523701,68.834,membership,Payment by membership account and/or membership card,USCPIE13966851*1
ChargePoint Network,,,14097711,14097711,SCOTTSBORO EPB / SEPB DCFC (R),23570811,247,3170708401,2024-06-16T19:49:55Z,2024-06-16T19:57:09Z,,7.559600,0.0,membership,Payment by membership account and/or membership card,USCPIE14097711*1
ChargePoint Network,,,15260241,15260241,STEMC / STATION 1 (L) A,24784071,247,3145907051,2024-06-05T20:54:35Z,2024-06-05T21:48:12Z,,41.643700,54.832,membership,Payment by membership account and/or membership card,USCPIE15260241*1
ChargePoint Network,,,14337501,14337501,HOLSTONELECTRIC / CHURCH HILL-2,23845091,247,3198128591,2024-06-28T20:39:11Z,2024-06-28T20:51:59Z,,12.154600,70.751,other,Any other payment method not specified above. Additional description should be provided in Payment Method Description.,USCPIE14337501*1
ChargePoint Network,,,14355271,14355271,HARTSELLE 1 / STATION 1 (L),23865711,247,3138326221,2024-06-02T17:47:41Z,2024-06-02T18:07:30Z,,32.960602,108.632,membership,Payment by membership account and/or membership card,USCPIE14355271*1
ChargePoint Network,,,8851921,8851921,7SPC / SEVIERVILLE DC1,15571271,207,3152655551,2024-06-08T17:27:50Z,2024-06-08T17:58:41Z,,26.179600,54.008,membership,Payment by membership account and/or membership card,USCPIE8851921*1
ChargePoint Network,,,5122191,5122191,CULLMANELECTRIC / STATION1-L,8482151,247,3166797961,2024-06-14T18:50:08Z,2024-06-14T19:20:32Z,,34.578999,73.26,membership,Payment by membership account and/or membership card,USCPIE5122191*1
ChargePoint Network,,,14025691,14025691,PARIS BPU / STATION 1(L),23489541,247,3173017921,2024-06-17T20:16:21Z,2024-06-17T20:42:16Z,,47.687698,113.652,credit_card_terminal,Payment via credit card or debit card terminal,USCPIE14025691*1
ChargePoint Network,,,15280441,15280441,SPRFLD ELECTRIC / STATION 2 (R),24807641,247,3185284201,2024-06-23T07:04:44Z,2024-06-23T11:55:35Z,,45.366501,54.316,membership,Payment by membership account and/or membership card,USCPIE15280441*1
ChargePoint Network,,,13966811,13966811,BEA / STATION 2 (LM),23420881,247,3187899471,2024-06-24T17:57:14Z,2024-06-24T18:29:39Z,,23.852400,52.56,membership,Payment by membership account and/or membership card,USCPIE13966811*1
ChargePoint Network,,,14025691,14025691,PARIS BPU / STATION 1(L),23489541,247,3185598211,2024-06-23T16:02:40Z,2024-06-23T16:03:05Z,,0.000000,0.0,membership,Payment by membership account and/or membership card,USCPIE14025691*1
ChargePoint Network,,,13966811,13966811,BEA / STATION 2 (LM),23420881,247,3148623951,2024-06-06T21:42:55Z,2024-06-06T22:40:15Z,,56.435501,70.421,membership,Payment by membership account and/or membership card,USCPIE13966811*1
ChargePoint Network,,,15640171,15640171,NECDC / STATION 2 (R),25228711,247,3181705161,2024-06-21T14:40:39Z,2024-06-21T15:07:08Z,,19.703501,123.535,membership,Payment by membership account and/or membership card,USCPIE15640171*1
ChargePoint Network,,,8851921,8851921,7SPC / SEVIERVILLE DC1,15571271,207,3158763161,2024-06-11T15:44:01Z,2024-06-11T15:49:23Z,,0.000000,0.0,membership,Payment by membership account and/or membership card,USCPIE8851921*1
ChargePoint Network,,,15694171,15694171,BRIGHTRIDGE EV / STATION 1 (L),25292041,247,3167214161,2024-06-14T21:54:02Z,2024-06-14T22:39:18Z,,34.410400,61.776,membership,Payment by membership account and/or membership card,USCPIE15694171*1
ChargePoint Network,,,13966851,13966851,BEA / STATION 1 (LL),23420911,247,3154418651,2024-06-09T17:42:21Z,2024-06-09T17:43:35Z,,0.000000,0.0,membership,Payment by membership account and/or membership card,USCPIE13966851*1
ChargePoint Network,,,13606091,13606091,I24 EXIT11 / STATION 3 (RM),22992551,247,3200039181,2024-06-29T21:02:18Z,2024-06-29T21:27:15Z,,19.666901,50.832,membership,Payment by membership account and/or membership card,USCPIE13606091*1
ChargePoint Network,,,15260251,15260251,STEMC / STATION 2 (R) A,24784081,247,3152601781,2024-06-08T16:56:50Z,2024-06-08T19:47:04Z,,148.023407,99.755,credit_card_terminal,Payment via credit card or debit card terminal,USCPIE15260251*1
ChargePoint Network,,,1988141,1988141,7SPC / SCES DREAM MORE,2355571,3,3199979041,2024-06-28T20:55:20Z,2024-06-29T02:10:01Z,,34.463917,6.867,membership,Payment by membership account and/or membership card,USCPIE1988141*2
ChargePoint Network,,,15548151,15548151,DECATURDOWNTWN / STATION 1 (R),25119511,247,3195209521,2024-06-27T16:35:15Z,2024-06-27T17:43:35Z,,55.778801,73.481,membership,Payment by membership account and/or membership card,USCPIE15548151*1
ChargePoint Network,,,13423581,13423581,AEC / STATION #2 (R),22787011,247,3199889391,2024-06-29T19:31:35Z,2024-06-29T19:59:07Z,,24.872400,59.976,membership,Payment by membership account and/or membership card,USCPIE13423581*1
ChargePoint Network,,,1988141,1988141,7SPC / SCES DREAM MORE,2355571,3,3178352731,2024-06-20T02:02:49Z,2024-06-20T13:25:24Z,,74.459267,7.0422,membership,Payment by membership account and/or membership card,USCPIE1988141*2
ChargePoint Network,,,5565291,5565291,7SPC / SCES LECONTE 1,9205201,3,3135374691,2024-06-01T00:41:02Z,2024-06-01T12:05:34Z,,53.976223,7.2379,membership,Payment by membership account and/or membership card,USCPIE5565291*2
ChargePoint Network,,,12720861,12720861,WRECC / STATION 2,21977121,247,3136027081,2024-06-01T09:54:26Z,2024-06-01T10:56:18Z,,21.274700,40.548,membership,Payment by membership account and/or membership card,USCPIE12720861*1
ChargePoint Network,,,14097711,14097711,SCOTTSBORO EPB / SEPB DCFC (R),23570811,247,3143259321,2024-06-04T20:08:07Z,2024-06-04T20:16:26Z,,6.862000,67.275,membership,Payment by membership account and/or membership card,USCPIE14097711*1
ChargePoint Network,,,1844191,1844191,CLW / MAIN ST,23050431,3,3162295581,2024-06-12T22:43:27Z,2024-06-13T05:37:53Z,,47.759445,7.2894,membership,Payment by membership account and/or membership card,USCPIE1844191*1
ChargePoint Network,,,13664401,13664401,BTES / STATION 1 (LL),23060421,247,3182665141,2024-06-21T21:48:47Z,2024-06-21T22:46:03Z,,47.866501,60.571,membership,Payment by membership account and/or membership card,USCPIE13664401*1
ChargePoint Network,,,1932851,1932851,BRIGHTRIDGE EV / BR-JC LIBRARY,23319811,3,3153399651,2024-06-09T00:27:14Z,2024-06-09T00:29:13Z,,0.000000,0.0,membership,Payment by membership account and/or membership card,USCPIE1932851*1
ChargePoint Network,,,15548181,15548181,DECATURDOWNTWN / STATION 2 (L),25119551,247,3150676911,2024-06-07T18:27:47Z,2024-06-07T19:42:35Z,,116.726303,99.638,membership,Payment by membership account and/or membership card,USCPIE15548181*1
ChargePoint Network,,,15280441,15280441,SPRFLD ELECTRIC / STATION 2 (R),24807641,247,3184087531,2024-06-22T17:34:20Z,2024-06-22T17:37:51Z,,0.000000,0.0,membership,Payment by membership account and/or membership card,USCPIE15280441*1
ChargePoint Network,,,13966051,13966051,BEA / STATION 3 (RM),23419981,247,3173555751,2024-06-18T00:19:37Z,2024-06-18T00:33:04Z,,14.751200,70.132,membership,Payment by membership account and/or membership card,USCPIE13966051*1
ChargePoint Network,,,14047321,14047321,JEFFERSON AVE. / OXFORD STA2(R),23514081,247,3170837221,2024-06-16T21:06:55Z,2024-06-16T21:35:17Z,,31.085199,70.685,membership,Payment by membership account and/or membership card,USCPIE14047321*1
ChargePoint Network,,,1964521,1964521,EBOFG / GUNTERSVILLE PD,8374201,3,3152504611,2024-06-08T15:56:58Z,2024-06-08T18:16:20Z,,16.804642,7.3091,membership,Payment by membership account and/or membership card,USCPIE1964521*1
ChargePoint Network,,,13803581,13803581,FPU / STATION 1 (L),23227201,247,3187899201,2024-06-24T17:57:09Z,2024-06-24T18:43:49Z,,46.914101,61.812,membership,Payment by membership account and/or membership card,USCPIE13803581*1
ChargePoint Network,,,5354011,5354011,7SPC / GREENEVILLE TA,8936791,207,3182854431,2024-06-21T23:20:42Z,2024-06-22T00:19:43Z,,44.056400,59.849,membership,Payment by membership account and/or membership card,USCPIE5354011*1
ChargePoint Network,,,14359531,14359531,EBOFG / STATION 2 (R),23870331,247,3184664751,2024-06-22T23:18:54Z,2024-06-22T23:24:47Z,,5.510300,0.0,membership,Payment by membership account and/or membership card,USCPIE14359531*1
ChargePoint Network,,,5619801,5619801,7SPC / WARREN RECC BG,9274261,3,3141347881,2024-06-04T00:22:48Z,2024-06-04T00:33:14Z,,0.966454,6.1177,credit_card_terminal,Payment via credit card or debit card terminal,USCPIE5619801*2
ChargePoint Network,,,14049761,14049761,PARIS BPU / STATION 2(R),23516951,247,3182431251,2024-06-21T20:00:35Z,2024-06-21T20:00:48Z,,0.000000,0.0,membership,Payment by membership account and/or membership card,USCPIE14049761*1
ChargePoint Network,,,12754021,12754021,WCMES / CITYHALL1-L,,,3136484291,2024-06-01T16:50:41Z,2024-06-01T16:52:42Z,,0.000000,,membership,Payment by membership account and/or membership card,USCPIE12754021*0
ChargePoint Network,,,1964521,1964521,EBOFG / GUNTERSVILLE PD,8374201,3,3179933391,2024-06-20T19:18:01Z,2024-06-20T20:04:10Z,,5.554250,7.3971,membership,Payment by membership account and/or membership card,USCPIE1964521*1
ChargePoint Network,,,13026471,13026471,WCMES / CITYHALL2-R,,,3139111011,2024-06-03T01:11:49Z,2024-06-03T01:14:02Z,,0.000000,,credit_card_terminal,Payment via credit card or debit card terminal,USCPIE13026471*0
ChargePoint Network,,,13606061,13606061,I24 EXIT11 / STATION 4 (RR),22992511,100011,3170775991,2024-06-16T20:29:56Z,2024-06-16T21:08:20Z,,20.743999,38.305,credit_card_terminal,Payment via credit card or debit card terminal,USCPIE13606061*1
ChargePoint Network,,,14359531,14359531,EBOFG / STATION 2 (R),23870331,100011,3198289791,2024-06-28T21:55:36Z,2024-06-28T22:24:40Z,,7.810400,16.905,membership,Payment by membership account and/or membership card,USCPIE14359531*1
ChargePoint Network,,,5565191,5565191,7SPC / DOLLYWOOD EMPL,9205031,3,3194614961,2024-06-27T12:43:58Z,2024-06-27T17:36:00Z,,30.933895,7.1612,membership,Payment by membership account and/or membership card,USCPIE5565191*1
ChargePoint Network,,,15885791,15885791,TWICKENHAM SQ / HU - STATION 3,,,3197719151,2024-06-28T17:22:41Z,2024-06-28T17:24:43Z,,0.000000,,membership,Payment by membership account and/or membership card,USCPIE15885791*0
ChargePoint Network,,,12720881,12720881,WRECC / STATION 1,21977141,247,3185641731,2024-06-23T16:32:42Z,2024-06-23T17:08:22Z,,42.213501,78.804,membership,Payment by membership account and/or membership card,USCPIE12720881*1
ChargePoint Network,,,14097801,14097801,SCOTTSBORO EPB / SEPB DCFC (L),23570921,100011,3164884401,2024-06-13T22:51:31Z,2024-06-13T22:57:12Z,,3.881500,0.0,membership,Payment by membership account and/or membership card,USCPIE14097801*1
ChargePoint Network,,,12720861,12720861,WRECC / STATION 2,21977121,247,3195724181,2024-06-27T20:15:17Z,2024-06-27T20:16:28Z,,0.000000,0.0,membership,Payment by membership account and/or membership card,USCPIE12720861*1
ChargePoint Network,,,13026471,13026471,WCMES / CITYHALL2-R,22328331,247,3162593911,2024-06-13T00:55:31Z,2024-06-13T01:09:19Z,,16.286100,75.269,credit_card_terminal,Payment via credit card or debit card terminal,USCPIE13026471*1
ChargePoint Network,,,1932851,1932851,BRIGHTRIDGE EV / BR-JC LIBRARY,23319811,3,3166943631,2024-06-14T19:54:20Z,2024-06-14T19:55:57Z,,0.000000,0.0,credit_card_terminal,Payment via credit card or debit card terminal,USCPIE1932851*1
ChargePoint Network,,,15694081,15694081,BRIGHTRIDGE EV / STATION 2 (R),25291921,247,3197330771,2024-06-28T14:42:32Z,2024-06-28T15:21:06Z,,26.533100,55.049,membership,Payment by membership account and/or membership card,USCPIE15694081*1
ChargePoint Network,,,12406401,12406401,FPIA / RIGHT STATION,21527671,247,3146864001,2024-06-06T04:20:12Z,2024-06-06T04:40:26Z,,22.504601,73.655,membership,Payment by membership account and/or membership card,USCPIE12406401*1
ChargePoint Network,,,1785631,1785631,HOLSTONELECTRIC / STATION 1,22462991,3,3136729281,2024-06-01T19:10:41Z,2024-06-01T23:25:12Z,,31.003820,7.398,membership,Payment by membership account and/or membership card,USCPIE1785631*2
ChargePoint Network,,,15280441,15280441,SPRFLD ELECTRIC / STATION 2 (R),24807641,247,3196823191,2024-06-28T05:49:01Z,2024-06-28T07:50:03Z,,51.620701,54.167,membership,Payment by membership account and/or membership card,USCPIE15280441*1
ChargePoint Network,,,5346231,5346231,CULLMANELECTRIC / STATION2-R,8926271,247,3143164011,2024-06-04T19:28:01Z,2024-06-04T20:26:04Z,,45.141102,49.096,membership,Payment by membership account and/or membership card,USCPIE5346231*1
ChargePoint Network,,,5445161,5445161,7SPC / UC - LIVINGSTON,9052341,3,3193800791,2024-06-27T00:51:58Z,2024-06-27T01:47:53Z,,6.324869,7.0165,credit_card_terminal,Payment via credit card or debit card terminal,USCPIE5445161*1
ChargePoint Network,,,5346231,5346231,CULLMANELECTRIC / STATION2-R,8926271,247,3135712781,2024-06-01T03:32:44Z,2024-06-01T04:13:52Z,,49.281799,73.853,membership,Payment by membership account and/or membership card,USCPIE5346231*1
ChargePoint Network,,,14049761,14049761,PARIS BPU / STATION 2(R),23516951,247,3161846601,2024-06-12T19:31:58Z,2024-06-12T19:59:03Z,,16.798700,60.444,membership,Payment by membership account and/or membership card,USCPIE14049761*1
ChargePoint Network,,,12720881,12720881,WRECC / STATION 1,,,3159224651,2024-06-11T18:53:13Z,2024-06-11T18:55:15Z,,0.000000,0.0,membership,Payment by membership account and/or membership card,USCPIE12720881*0
ChargePoint Network,,,12720881,12720881,WRECC / STATION 1,,,3147786751,2024-06-06T15:51:27Z,2024-06-06T15:53:30Z,,0.000000,,membership,Payment by membership account and/or membership card,USCPIE12720881*0
ChargePoint Network,,,15885771,15885771,TWICKENHAM SQ / HU - STATION 4,25521581,100011,3186736701,2024-06-24T03:33:37Z,2024-06-24T03:45:26Z,,8.352400,49.5,membership,Payment by membership account and/or membership card,USCPIE15885771*1
ChargePoint Network,,,1964521,1964521,EBOFG / GUNTERSVILLE PD,8374211,3,3153444621,2024-06-09T00:56:04Z,2024-06-09T03:22:44Z,,17.342617,7.1837,membership,Payment by membership account and/or membership card,USCPIE1964521*2
ChargePoint Network,,,5346231,5346231,CULLMANELECTRIC / STATION2-R,8926271,247,3146982231,2024-06-06T06:13:32Z,2024-06-06T06:30:09Z,,30.605900,119.66,membership,Payment by membership account and/or membership card,USCPIE5346231*1
ChargePoint Network,,,1988061,1988061,7SPC / SCES DOLLYWOOD,25499841,3,3139863861,2024-06-03T13:36:16Z,2024-06-03T19:04:59Z,,37.607857,7.0161,membership,Payment by membership account and/or membership card,USCPIE1988061*2
ChargePoint Network,,,13026471,13026471,WCMES / CITYHALL2-R,22328331,247,3186195151,2024-06-23T22:10:21Z,2024-06-23T23:12:31Z,,58.670700,73.891,membership,Payment by membership account and/or membership card,USCPIE13026471*1
ChargePoint Network,,,14359491,14359491,EBOFG / STATION 1 (L),23870291,247,3144743631,2024-06-05T12:50:59Z,2024-06-05T12:51:38Z,,0.000000,0.0,membership,Payment by membership account and/or membership card,USCPIE14359491*1
ChargePoint Network,,,5414151,5414151,7SPC / UC - CARTHAGE,9014651,3,3183819151,2024-06-22T14:31:48Z,2024-06-22T15:05:42Z,,3.975841,7.3251,credit_card_terminal,Payment via credit card or debit card terminal,USCPIE5414151*2
ChargePoint Network,,,13659831,13659831,LAWRENCEBURG / STATION 1 (L),23054881,247,3136271721,2024-06-01T14:38:16Z,2024-06-01T14:53:53Z,,7.926800,55.875,credit_card_terminal,Payment via credit card or debit card terminal,USCPIE13659831*1
ChargePoint Network,,,14359491,14359491,EBOFG / STATION 1 (L),23870291,247,3150999811,2024-06-07T20:48:28Z,2024-06-07T20:57:07Z,,0.000000,0.0,membership,Payment by membership account and/or membership card,USCPIE14359491*1provider_id,station_id,site_id,charger_id,evse_id,evse_name,port_id,connector_id,session_id,session_start,session_end,session_error,energy_kwh,peak_power_kw,payment_method,payment_other,eMI3 Port id
ChargePoint Network,,,5346231,5346231,CULLMANELECTRIC / STATION2-R,8926271,247,3164585891,2024-06-13T20:42:32Z,2024-06-13T21:00:24Z,,23.765200,87.073,membership,Payment by membership account and/or membership card,USCPIE5346231*1
ChargePoint Network,,,13292801,13292801,LODGE CAST IRON / STORE & MUSEUM,22637551,3,3154209731,2024-06-09T15:15:35Z,2024-06-09T16:18:06Z,,6.984561,7.0599,membership,Payment by membership account and/or membership card,USCPIE13292801*1
ChargePoint Network,,,15293211,15293211,TRNG CENTER / TRAININGCENTER1,24823101,3,3157235101,2024-06-10T22:30:47Z,2024-06-10T22:32:46Z,,0.000000,0.0,membership,Payment by membership account and/or membership card,USCPIE15293211*1
ChargePoint Network,,,1933211,1933211,BRIGHTRIDGE EV / BR-JONESBOROUGH,2283631,3,3159818331,2024-06-11T23:07:19Z,2024-06-12T09:02:16Z,,51.533283,6.3309,credit_card_terminal,Payment via credit card or debit card terminal,USCPIE1933211*1
ChargePoint Network,,,1988061,1988061,7SPC / SCES DOLLYWOOD,25499831,3,3168424231,2024-06-15T14:02:59Z,2024-06-15T14:04:48Z,,0.141831,7.2877,credit_card_terminal,Payment via credit card or debit card terminal,USCPIE1988061*1
ChargePoint Network,,,1921351,1921351,STARKVILLE UTIL / STARKVILLE DWTN,23682571,3,3154950931,2024-06-09T22:56:45Z,2024-06-10T07:26:39Z,,61.071991,7.2441,credit_card_terminal,Payment via credit card or debit card terminal,USCPIE1921351*1
ChargePoint Network,,,12720861,12720861,WRECC / STATION 2,21977121,247,3153910111,2024-06-09T06:43:54Z,2024-06-09T06:45:02Z,,0.001400,10.097,membership,Payment by membership account and/or membership card,USCPIE12720861*1
ChargePoint Network,,,14355251,14355251,HARTSELLE 1 / STATION 2 (R),23865691,247,3164070981,2024-06-13T16:57:02Z,2024-06-13T17:51:03Z,,45.152901,73.339,credit_card_terminal,Payment via credit card or debit card terminal,USCPIE14355251*1
ChargePoint Network,,,12406401,12406401,FPIA / RIGHT STATION,21527671,247,3197510691,2024-06-28T15:57:31Z,2024-06-28T15:58:28Z,,0.000000,0.0,membership,Payment by membership account and/or membership card,USCPIE12406401*1
ChargePoint Network,,,12720881,12720881,WRECC / STATION 1,21977141,100011,3154667691,2024-06-09T20:15:36Z,2024-06-09T20:17:22Z,,0.000000,0.0,membership,Payment by membership account and/or membership card,USCPIE12720881*1
ChargePoint Network,,,7173851,7173851,SCOTTSBORO EPB / MAIN OFFICE,12310861,3,3136217581,2024-06-01T13:55:56Z,2024-06-01T23:10:26Z,,49.476086,7.0147,membership,Payment by membership account and/or membership card,USCPIE7173851*1
ChargePoint Network,,,13880891,13880891,MU / MUC MAIN OFFICE,23319021,3,3184804061,2024-06-23T00:45:13Z,2024-06-23T01:02:41Z,,1.973454,7.2968,credit_card_terminal,Payment via credit card or debit card terminal,USCPIE13880891*2
ChargePoint Network,,,15548181,15548181,DECATURDOWNTWN / STATION 2 (L),25119551,247,3136569931,2024-06-01T17:42:02Z,2024-06-01T17:43:34Z,,0.000000,0.0,credit_card_terminal,Payment via credit card or debit card terminal,USCPIE15548181*1
ChargePoint Network,,,13606061,13606061,I24 EXIT11 / STATION 4 (RR),22992511,247,3184367221,2024-06-22T20:22:23Z,2024-06-22T21:06:06Z,,39.773499,72.003,membership,Payment by membership account and/or membership card,USCPIE13606061*1
ChargePoint Network,,,13290491,13290491,7SPC / NASA USSRC L,22634941,3,3170324421,2024-06-16T15:38:09Z,2024-06-16T18:13:38Z,,8.256027,3.211,credit_card_terminal,Payment via credit card or debit card terminal,USCPIE13290491*2
ChargePoint Network,,,8851921,8851921,7SPC / SEVIERVILLE DC1,15571271,207,3170490071,2024-06-16T17:33:18Z,2024-06-16T17:53:36Z,,16.968800,52.597,membership,Payment by membership account and/or membership card,USCPIE8851921*1
ChargePoint Network,,,14359531,14359531,EBOFG / STATION 2 (R),23870331,247,3185543771,2024-06-23T15:21:13Z,2024-06-23T15:55:15Z,,35.605202,66.068,membership,Payment by membership account and/or membership card,USCPIE14359531*1
ChargePoint Network,,,15332321,15332321,TUA NW ATLANTIC / STATION 1 (L),24867861,247,3168652881,2024-06-15T16:39:00Z,2024-06-15T18:30:06Z,,41.792099,75.66,credit_card_terminal,Payment via credit card or debit card terminal,USCPIE15332321*1
ChargePoint Network,,,13651631,13651631,MLEC / STATION 2 (R) H,23045821,247,3185534951,2024-06-23T15:13:55Z,2024-06-23T15:24:49Z,,13.062000,82.386,membership,Payment by membership account and/or membership card,USCPIE13651631*1
ChargePoint Network,,,1932851,1932851,BRIGHTRIDGE EV / BR-JC LIBRARY,23319811,3,3167057291,2024-06-14T20:43:23Z,2024-06-14T21:18:43Z,,4.165252,7.3087,membership,Payment by membership account and/or membership card,USCPIE1932851*1
ChargePoint Network,,,14355271,14355271,HARTSELLE 1 / STATION 1 (L),23865711,247,3148030621,2024-06-06T17:30:20Z,2024-06-06T18:50:09Z,,62.651798,59.784,membership,Payment by membership account and/or membership card,USCPIE14355271*1
ChargePoint Network,,,15815141,15815141,GEA-1 / STATION 1 (L),25435121,247,3149109501,2024-06-07T01:06:40Z,2024-06-07T01:16:50Z,,8.392000,55.708,membership,Payment by membership account and/or membership card,USCPIE15815141*1
ChargePoint Network,,,14097711,14097711,SCOTTSBORO EPB / SEPB DCFC (R),23570811,247,3138532841,2024-06-02T19:50:54Z,2024-06-02T20:33:44Z,,38.059399,73.319,membership,Payment by membership account and/or membership card,USCPIE14097711*1
ChargePoint Network,,,1988141,1988141,7SPC / SCES DREAM MORE,2355561,3,3143767981,2024-06-04T23:46:36Z,2024-06-05T02:10:48Z,,16.521591,6.9516,membership,Payment by membership account and/or membership card,USCPIE1988141*1
ChargePoint Network,,,5363211,5363211,HARTSELLE 1 / HARTSELLE 1,23427581,3,3138380281,2024-06-02T18:18:22Z,2024-06-02T18:20:22Z,,0.000000,,membership,Payment by membership account and/or membership card,USCPIE5363211*2
ChargePoint Network,,,15694081,15694081,BRIGHTRIDGE EV / STATION 2 (R),25291921,247,3196542221,2024-06-28T02:39:32Z,2024-06-28T02:41:11Z,,0.000000,0.0,membership,Payment by membership account and/or membership card,USCPIE15694081*1
ChargePoint Network,,,14097801,14097801,SCOTTSBORO EPB / SEPB DCFC (L),23570921,247,3166911891,2024-06-14T19:40:15Z,2024-06-14T19:52:00Z,,6.379800,47.25,membership,Payment by membership account and/or membership card,USCPIE14097801*1
ChargePoint Network,,,15694081,15694081,BRIGHTRIDGE EV / STATION 2 (R),25291921,247,3187000861,2024-06-24T10:44:22Z,2024-06-24T11:29:23Z,,51.374199,123.224,membership,Payment by membership account and/or membership card,USCPIE15694081*1
ChargePoint Network,,,5384781,5384781,7SPC / TRI-COUNTY EMC,9273691,3,3169061681,2024-06-15T20:37:00Z,2024-06-15T20:38:41Z,,0.141933,7.1882,credit_card_terminal,Payment via credit card or debit card terminal,USCPIE5384781*1
ChargePoint Network,,,1844191,1844191,CLW / MAIN ST,23050431,3,3190904261,2024-06-25T22:10:41Z,2024-06-26T02:28:42Z,,29.114569,7.1741,credit_card_terminal,Payment via credit card or debit card terminal,USCPIE1844191*1
ChargePoint Network,,,5466441,5466441,7SPC / NASA USSRC R,9079361,3,3168431121,2024-06-15T14:07:09Z,2024-06-15T14:09:08Z,,0.000000,0.0,membership,Payment by membership account and/or membership card,USCPIE5466441*1
ChargePoint Network,,,5619801,5619801,7SPC / WARREN RECC BG,9274261,3,3190664861,2024-06-25T20:29:23Z,2024-06-26T02:41:50Z,,37.820877,6.3062,membership,Payment by membership account and/or membership card,USCPIE5619801*2
ChargePoint Network,,,13659871,13659871,LAWRENCEBURG / STATION 2 (R),23054921,247,3141357661,2024-06-04T00:27:28Z,2024-06-04T00:47:06Z,,10.746400,47.0,membership,Payment by membership account and/or membership card,USCPIE13659871*1
ChargePoint Network,,,13659831,13659831,LAWRENCEBURG / STATION 1 (L),23054881,247,3162110381,2024-06-12T21:23:42Z,2024-06-12T22:01:02Z,,43.312801,122.553,membership,Payment by membership account and/or membership card,USCPIE13659831*1
ChargePoint Network,,,14097711,14097711,SCOTTSBORO EPB / SEPB DCFC (R),23570811,247,3169143911,2024-06-15T21:23:52Z,2024-06-15T21:40:35Z,,18.340300,73.481,membership,Payment by membership account and/or membership card,USCPIE14097711*1
ChargePoint Network,,,8851921,8851921,7SPC / SEVIERVILLE DC1,15571271,207,3177924171,2024-06-19T22:26:28Z,2024-06-19T23:46:44Z,,74.101997,59.52,membership,Payment by membership account and/or membership card,USCPIE8851921*1
ChargePoint Network,,,1988141,1988141,7SPC / SCES DREAM MORE,2355561,3,3148281471,2024-06-06T19:22:51Z,2024-06-06T19:24:02Z,,0.000000,0.0,membership,Payment by membership account and/or membership card,USCPIE1988141*1
ChargePoint Network,,,8851921,8851921,7SPC / SEVIERVILLE DC1,15571271,207,3183867201,2024-06-22T15:10:33Z,2024-06-22T16:26:48Z,,49.750198,60.097,other,Any other payment method not specified above. Additional description should be provided in Payment Method Description.,USCPIE8851921*1
ChargePoint Network,,,15623231,15623231,CLW / 5TH ST 1 (L),25208301,247,3183922161,2024-06-22T15:51:30Z,2024-06-22T15:59:35Z,,0.000000,0.0,membership,Payment by membership account and/or membership card,USCPIE15623231*1
ChargePoint Network,,,15250771,15250771,SES-TN / STATION 1,24772691,247,3196321461,2024-06-28T00:46:41Z,2024-06-28T00:59:57Z,,13.714700,0.0,membership,Payment by membership account and/or membership card,USCPIE15250771*1
ChargePoint Network,,,8851921,8851921,7SPC / SEVIERVILLE DC1,15571271,207,3198141631,2024-06-28T20:45:46Z,2024-06-28T21:24:41Z,,30.626699,59.905,membership,Payment by membership account and/or membership card,USCPIE8851921*1
ChargePoint Network,,,1921351,1921351,STARKVILLE UTIL / STARKVILLE DWTN,23682581,3,3162184671,2024-06-12T21:55:59Z,2024-06-13T12:58:25Z,,47.171375,7.3626,membership,Payment by membership account and/or membership card,USCPIE1921351*2
ChargePoint Network,,,9777021,9777021,CRMC / CRMC-2- L2RIGHT,17361741,3,3166039371,2024-06-14T13:07:48Z,2024-06-14T15:20:49Z,,11.941289,7.116,membership,Payment by membership account and/or membership card,USCPIE9777021*1
ChargePoint Network,,,1964521,1964521,EBOFG / GUNTERSVILLE PD,8374211,3,3138610301,2024-06-02T20:36:18Z,2024-06-02T23:40:15Z,,19.991989,7.3437,membership,Payment by membership account and/or membership card,USCPIE1964521*2
ChargePoint Network,,,15623231,15623231,CLW / 5TH ST 1 (L),25208301,247,3152372591,2024-06-08T14:23:45Z,2024-06-08T15:12:55Z,,18.784401,39.852,membership,Payment by membership account and/or membership card,USCPIE15623231*1
ChargePoint Network,,,5565241,5565241,7SPC / SCES LECONTE 4,9205111,3,3166953881,2024-06-14T19:58:27Z,2024-06-15T01:32:26Z,,37.704571,7.0347,credit_card_terminal,Payment via credit card or debit card terminal,USCPIE5565241*2
ChargePoint Network,,,13643831,13643831,PEPA / STATION 1,23036511,247,3172032771,2024-06-17T13:18:04Z,2024-06-17T14:29:22Z,,24.038099,43.423,membership,Payment by membership account and/or membership card,USCPIE13643831*1
ChargePoint Network,,,13606061,13606061,I24 EXIT11 / STATION 4 (RR),22992511,247,3142812561,2024-06-04T16:45:02Z,2024-06-04T17:13:13Z,,30.398899,74.25,membership,Payment by membership account and/or membership card,USCPIE13606061*1
ChargePoint Network,,,15694081,15694081,BRIGHTRIDGE EV / STATION 2 (R),25291921,100011,3188365871,2024-06-24T21:31:55Z,2024-06-24T22:09:50Z,,28.854601,52.577,other,Any other payment method not specified above. Additional description should be provided in Payment Method Description.,USCPIE15694081*1
ChargePoint Network,,,5122191,5122191,CULLMANELECTRIC / STATION1-L,8482151,247,3148789701,2024-06-06T22:52:02Z,2024-06-06T23:28:30Z,,38.308102,73.458,membership,Payment by membership account and/or membership card,USCPIE5122191*1
ChargePoint Network,,,5424051,5424051,EEDEV / ELIZ DOWNTOWN,9026991,3,3184589831,2024-06-22T22:36:19Z,2024-06-22T23:05:35Z,,3.467543,7.3517,membership,Payment by membership account and/or membership card,USCPIE5424051*1
ChargePoint Network,,,15332351,15332351,TUA NW ATLANTIC / STATION 2 (R),24867891,247,3199862891,2024-06-29T19:16:58Z,2024-06-29T19:38:21Z,,24.299999,70.394,membership,Payment by membership account and/or membership card,USCPIE15332351*1
ChargePoint Network,,,1933211,1933211,BRIGHTRIDGE EV / BR-JONESBOROUGH,2283641,3,3179390601,2024-06-20T15:32:07Z,2024-06-20T18:17:46Z,,16.314003,6.1003,credit_card_terminal,Payment via credit card or debit card terminal,USCPIE1933211*2
ChargePoint Network,,,12754021,12754021,WCMES / CITYHALL1-L,22015241,247,3168817641,2024-06-15T18:16:38Z,2024-06-15T18:52:44Z,,25.386900,60.83,credit_card_terminal,Payment via credit card or debit card terminal,USCPIE12754021*1
ChargePoint Network,,,13664401,13664401,BTES / STATION 1 (LL),23060421,247,3196244001,2024-06-28T00:12:28Z,2024-06-28T01:36:18Z,,70.752998,59.597,membership,Payment by membership account and/or membership card,USCPIE13664401*1
ChargePoint Network,,,1932851,1932851,BRIGHTRIDGE EV / BR-JC LIBRARY,23319821,3,3174736231,2024-06-18T15:00:32Z,2024-06-18T17:01:17Z,,10.678975,7.1988,membership,Payment by membership account and/or membership card,USCPIE1932851*2
ChargePoint Network,,,8851921,8851921,7SPC / SEVIERVILLE DC1,15571271,207,3184521631,2024-06-22T21:55:16Z,2024-06-22T22:34:49Z,,18.823200,51.054,membership,Payment by membership account and/or membership card,USCPIE8851921*1
ChargePoint Network,,,9677521,9677521,UT PARKING / S7 STATION 1,17169341,3,3194835071,2024-06-27T14:26:20Z,2024-06-27T14:45:01Z,,2.008696,6.5791,membership,Payment by membership account and/or membership card,USCPIE9677521*2
ChargePoint Network,,,9677521,9677521,UT PARKING / S7 STATION 1,17169341,3,3187585921,2024-06-24T15:46:30Z,2024-06-24T18:45:02Z,,20.388769,6.9815,membership,Payment by membership account and/or membership card,USCPIE9677521*2
ChargePoint Network,,,9745721,9745721,CRMC / CRMC-1 - L2LEFT,17301471,3,3189714101,2024-06-25T13:16:40Z,2024-06-25T15:00:34Z,,12.175086,7.0802,membership,Payment by membership account and/or membership card,USCPIE9745721*1
ChargePoint Network,,,5565241,5565241,7SPC / SCES LECONTE 4,9205111,3,3200313751,2024-06-29T23:44:12Z,2024-06-29T23:45:34Z,,0.000000,0.0,membership,Payment by membership account and/or membership card,USCPIE5565241*2
ChargePoint Network,,,14025691,14025691,PARIS BPU / STATION 1(L),23489541,247,3176376851,2024-06-19T02:45:58Z,2024-06-19T02:59:35Z,,24.169100,0.0,credit_card_terminal,Payment via credit card or debit card terminal,USCPIE14025691*1
ChargePoint Network,,,1933211,1933211,BRIGHTRIDGE EV / BR-JONESBOROUGH,2283641,3,3182184181,2024-06-21T18:03:45Z,2024-06-21T18:05:45Z,,0.000000,0.0,membership,Payment by membership account and/or membership card,USCPIE1933211*2
ChargePoint Network,,,8851921,8851921,7SPC / SEVIERVILLE DC1,15571271,207,3170237971,2024-06-16T14:21:00Z,2024-06-16T14:33:21Z,,8.195300,56.549,membership,Payment by membership account and/or membership card,USCPIE8851921*1
ChargePoint Network,,,1988141,1988141,7SPC / SCES DREAM MORE,2355571,3,3180244501,2024-06-20T21:28:43Z,2024-06-21T00:30:25Z,,14.495134,6.7235,membership,Payment by membership account and/or membership card,USCPIE1988141*2
ChargePoint Network,,,5565291,5565291,7SPC / SCES LECONTE 1,9205201,3,3193168721,2024-06-26T20:14:30Z,2024-06-27T00:45:02Z,,30.288830,6.8318,membership,Payment by membership account and/or membership card,USCPIE5565291*2
ChargePoint Network,,,15548151,15548151,DECATURDOWNTWN / STATION 1 (R),25119511,247,3188137811,2024-06-24T19:49:49Z,2024-06-24T20:32:25Z,,62.872200,93.483,membership,Payment by membership account and/or membership card,USCPIE15548151*1
ChargePoint Network,,,8851921,8851921,7SPC / SEVIERVILLE DC1,15571271,207,3171477431,2024-06-17T03:13:50Z,2024-06-17T03:54:59Z,,38.334999,58.291,membership,Payment by membership account and/or membership card,USCPIE8851921*1
ChargePoint Network,,,1988141,1988141,7SPC / SCES DREAM MORE,2355561,3,3196256921,2024-06-28T00:17:59Z,2024-06-28T12:15:03Z,,65.425949,7.229,membership,Payment by membership account and/or membership card,USCPIE1988141*1
ChargePoint Network,,,5384781,5384781,7SPC / TRI-COUNTY EMC,9273701,3,3176287521,2024-06-19T01:55:40Z,2024-06-19T11:41:08Z,,47.248196,7.3317,membership,Payment by membership account and/or membership card,USCPIE5384781*2
ChargePoint Network,,,15885251,15885251,TWICKENHAM SQ / HU - STATION 1,25520941,247,3185996461,2024-06-23T20:13:26Z,2024-06-23T21:14:12Z,,55.062199,56.419,membership,Payment by membership account and/or membership card,USCPIE15885251*1
ChargePoint Network,,,13803581,13803581,FPU / STATION 1 (L),23227201,247,3195067411,2024-06-27T15:46:53Z,2024-06-27T16:07:48Z,,20.058300,60.588,membership,Payment by membership account and/or membership card,USCPIE13803581*1
ChargePoint Network,,,13606061,13606061,I24 EXIT11 / STATION 4 (RR),22992511,247,3188411361,2024-06-24T21:51:33Z,2024-06-24T22:16:56Z,,32.303600,82.763,membership,Payment by membership account and/or membership card,USCPIE13606061*1
ChargePoint Network,,,1988141,1988141,7SPC / SCES DREAM MORE,2355561,3,3154790321,2024-06-09T21:27:00Z,2024-06-09T22:03:34Z,,4.210069,7.1899,membership,Payment by membership account and/or membership card,USCPIE1988141*1
ChargePoint Network,,,13606091,13606091,I24 EXIT11 / STATION 3 (RM),22992551,247,3182285451,2024-06-21T18:53:38Z,2024-06-21T19:22:41Z,,25.605900,62.957,credit_card_terminal,Payment via credit card or debit card terminal,USCPIE13606091*1
ChargePoint Network,,,5122191,5122191,CULLMANELECTRIC / STATION1-L,,,3167424441,2024-06-14T23:31:19Z,2024-06-14T23:33:19Z,,0.000000,,other,Any other payment method not specified above. Additional description should be provided in Payment Method Description.,USCPIE5122191*0
ChargePoint Network,,,13290491,13290491,7SPC / NASA USSRC L,22634941,3,3172199691,2024-06-17T14:40:12Z,2024-06-17T16:57:26Z,,6.927910,3.066,membership,Payment by membership account and/or membership card,USCPIE13290491*2
ChargePoint Network,,,5466441,5466441,7SPC / NASA USSRC R,9079371,3,3154143101,2024-06-09T14:12:02Z,2024-06-09T17:19:51Z,,18.858526,6.1622,membership,Payment by membership account and/or membership card,USCPIE5466441*2
ChargePoint Network,,,8851921,8851921,7SPC / SEVIERVILLE DC1,15571271,207,3158883711,2024-06-11T16:22:27Z,2024-06-11T16:57:06Z,,23.119499,57.608,membership,Payment by membership account and/or membership card,USCPIE8851921*1
ChargePoint Network,,,13966031,13966031,BEA / STATION 4 (RR),23419961,247,3150945791,2024-06-07T20:25:54Z,2024-06-07T20:52:27Z,,30.531300,73.695,membership,Payment by membership account and/or membership card,USCPIE13966031*1
ChargePoint Network,,,5619801,5619801,7SPC / WARREN RECC BG,9274251,3,3153948481,2024-06-09T07:31:46Z,2024-06-09T07:37:15Z,,0.473223,6.1893,membership,Payment by membership account and/or membership card,USCPIE5619801*1
ChargePoint Network,,,13643801,13643801,PEPA / STATION 2,23036481,247,3167349581,2024-06-14T22:58:37Z,2024-06-14T23:17:09Z,,20.952400,72.269,membership,Payment by membership account and/or membership card,USCPIE13643801*1
ChargePoint Network,,,15684301,15684301,MLEC / STATION 1 (L) W,25280151,247,3179720361,2024-06-20T17:38:00Z,2024-06-20T17:44:16Z,,5.897500,0.0,membership,Payment by membership account and/or membership card,USCPIE15684301*1
ChargePoint Network,,,13290491,13290491,7SPC / NASA USSRC L,22634941,3,3176199891,2024-06-19T01:08:31Z,2024-06-19T01:10:32Z,,0.000000,0.0,credit_card_terminal,Payment via credit card or debit card terminal,USCPIE13290491*2
ChargePoint Network,,,15280441,15280441,SPRFLD ELECTRIC / STATION 2 (R),24807641,247,3172634531,2024-06-17T17:22:44Z,2024-06-17T17:41:56Z,,16.903099,54.824,membership,Payment by membership account and/or membership card,USCPIE15280441*1
ChargePoint Network,,,15548181,15548181,DECATURDOWNTWN / STATION 2 (L),25119551,247,3182539391,2024-06-21T20:49:35Z,2024-06-21T21:11:15Z,,28.251801,80.196,membership,Payment by membership account and/or membership card,USCPIE15548181*1
ChargePoint Network,,,12720861,12720861,WRECC / STATION 2,21977121,247,3154079261,2024-06-09T12:57:59Z,2024-06-09T12:58:32Z,,0.000000,0.0,membership,Payment by membership account and/or membership card,USCPIE12720861*1
ChargePoint Network,,,5466441,5466441,7SPC / NASA USSRC R,9079361,3,3166501831,2024-06-14T16:32:57Z,2024-06-14T17:20:28Z,,4.591396,6.0507,membership,Payment by membership account and/or membership card,USCPIE5466441*1
ChargePoint Network,,,1964521,1964521,EBOFG / GUNTERSVILLE PD,8374201,3,3190432371,2024-06-25T18:51:56Z,2024-06-25T18:52:18Z,,0.000000,0.0,membership,Payment by membership account and/or membership card,USCPIE1964521*1
ChargePoint Network,,,13664401,13664401,BTES / STATION 1 (LL),23060421,247,3141468231,2024-06-04T01:16:17Z,2024-06-04T01:25:35Z,,7.448700,0.0,membership,Payment by membership account and/or membership card,USCPIE13664401*1
ChargePoint Network,,,15555831,15555831,FPU / STATION 2 (R),25128511,247,3177821581,2024-06-19T21:34:33Z,2024-06-19T21:44:36Z,,7.987900,0.0,membership,Payment by membership account and/or membership card,USCPIE15555831*1
ChargePoint Network,,,14359491,14359491,EBOFG / STATION 1 (L),23870291,247,3145947341,2024-06-05T21:12:19Z,2024-06-05T21:13:12Z,,0.000000,0.0,membership,Payment by membership account and/or membership card,USCPIE14359491*1
ChargePoint Network,,,12406491,12406491,FPIA / LEFT STATION,21527781,247,3200286231,2024-06-29T23:27:37Z,2024-06-30T00:19:49Z,,39.499599,54.464,membership,Payment by membership account and/or membership card,USCPIE12406491*1
ChargePoint Network,,,1844191,1844191,CLW / MAIN ST,23050431,3,3143437871,2024-06-04T21:25:06Z,2024-06-05T01:27:15Z,,29.052561,7.2908,credit_card_terminal,Payment via credit card or debit card terminal,USCPIE1844191*1
ChargePoint Network,,,15548151,15548151,DECATURDOWNTWN / STATION 1 (R),25119511,247,3136668751,2024-06-01T18:36:29Z,2024-06-01T19:01:43Z,,20.472601,53.341,membership,Payment by membership account and/or membership card,USCPIE15548151*1
ChargePoint Network,,,9677521,9677521,UT PARKING / S7 STATION 1,17169331,3,3192388991,2024-06-26T15:02:32Z,2024-06-26T18:54:32Z,,27.251331,7.1703,membership,Payment by membership account and/or membership card,USCPIE9677521*1
ChargePoint Network,,,1988141,1988141,7SPC / SCES DREAM MORE,2355561,3,3173271781,2024-06-17T22:10:42Z,2024-06-18T15:21:36Z,,91.067757,7.3128,credit_card_terminal,Payment via credit card or debit card terminal,USCPIE1988141*1
ChargePoint Network,,,13966811,13966811,BEA / STATION 2 (LM),23420881,247,3146519971,2024-06-06T01:18:04Z,2024-06-06T02:15:32Z,,67.943604,77.025,credit_card_terminal,Payment via credit card or debit card terminal,USCPIE13966811*1
ChargePoint Network,,,15694081,15694081,BRIGHTRIDGE EV / STATION 2 (R),25291921,247,3196669381,2024-06-28T03:50:58Z,2024-06-28T04:36:40Z,,19.762600,66.216,membership,Payment by membership account and/or membership card,USCPIE15694081*1
ChargePoint Network,,,5397731,5397731,EEDEV / MILLIGAN UNIV,9010261,3,3197271701,2024-06-28T14:11:16Z,2024-06-28T15:33:18Z,,9.685228,7.2314,membership,Payment by membership account and/or membership card,USCPIE5397731*2
ChargePoint Network,,,5122191,5122191,CULLMANELECTRIC / STATION1-L,8482151,247,3145726761,2024-06-05T19:37:50Z,2024-06-05T19:55:54Z,,20.100201,70.685,membership,Payment by membership account and/or membership card,USCPIE5122191*1
ChargePoint Network,,,15280471,15280471,SPRFLD ELECTRIC / STATION 1 (L),,,3184096081,2024-06-22T17:37:20Z,2024-06-22T17:39:21Z,,0.000000,,membership,Payment by membership account and/or membership card,USCPIE15280471*0
ChargePoint Network,,,13966851,13966851,BEA / STATION 1 (LL),23420911,247,3153525371,2024-06-09T01:41:36Z,2024-06-09T02:31:59Z,,49.210800,70.785,membership,Payment by membership account and/or membership card,USCPIE13966851*1
ChargePoint Network,,,14355271,14355271,HARTSELLE 1 / STATION 1 (L),23865711,247,3148025021,2024-06-06T17:27:58Z,2024-06-06T17:29:34Z,,0.000000,0.0,membership,Payment by membership account and/or membership card,USCPIE14355271*1
ChargePoint Network,,,15260241,15260241,STEMC / STATION 1 (L) A,,,3185386591,2024-06-23T12:14:40Z,2024-06-23T12:15:52Z,,0.000000,,membership,Payment by membership account and/or membership card,USCPIE15260241*0
ChargePoint Network,,,12406491,12406491,FPIA / LEFT STATION,21527781,100011,3199967651,2024-06-29T20:19:01Z,2024-06-29T21:04:00Z,,10.877100,15.222,membership,Payment by membership account and/or membership card,USCPIE12406491*1
ChargePoint Network,,,5619801,5619801,7SPC / WARREN RECC BG,9274251,3,3135885451,2024-06-01T05:32:47Z,2024-06-01T06:30:33Z,,5.826114,6.1313,membership,Payment by membership account and/or membership card,USCPIE5619801*1
ChargePoint Network,,,15729991,15729991,AEC / AEC03,25334181,3,3185869781,2024-06-23T18:56:26Z,2024-06-23T19:51:20Z,,4.033457,6.8484,membership,Payment by membership account and/or membership card,USCPIE15729991*2
ChargePoint Network,,,14337221,14337221,HOLSTONELECTRIC / CHURCH HILL-1,23844801,247,3194936881,2024-06-27T15:02:17Z,2024-06-27T15:59:02Z,,65.028397,78.8,membership,Payment by membership account and/or membership card,USCPIE14337221*1
ChargePoint Network,,,1932851,1932851,BRIGHTRIDGE EV / BR-JC LIBRARY,23319821,3,3140091091,2024-06-03T15:13:26Z,2024-06-03T16:20:06Z,,7.844206,7.369,membership,Payment by membership account and/or membership card,USCPIE1932851*2
ChargePoint Network,,,5619801,5619801,7SPC / WARREN RECC BG,9274261,3,3154024471,2024-06-09T11:18:39Z,2024-06-09T12:14:47Z,,5.664948,6.1688,credit_card_terminal,Payment via credit card or debit card terminal,USCPIE5619801*2
ChargePoint Network,,,13423691,13423691,AEC / STATION #1 (L),22787121,247,3198558981,2024-06-29T00:11:58Z,2024-06-29T00:12:25Z,,0.000000,0.0,membership,Payment by membership account and/or membership card,USCPIE13423691*1
ChargePoint Network,,,15280441,15280441,SPRFLD ELECTRIC / STATION 2 (R),24807641,247,3155504851,2024-06-10T04:34:10Z,2024-06-10T06:47:59Z,,50.114899,53.193,membership,Payment by membership account and/or membership card,USCPIE15280441*1
ChargePoint Network,,,15694081,15694081,BRIGHTRIDGE EV / STATION 2 (R),25291921,247,3136076441,2024-06-01T11:30:35Z,2024-06-01T11:54:09Z,,19.271799,111.58,membership,Payment by membership account and/or membership card,USCPIE15694081*1
ChargePoint Network,,,15280471,15280471,SPRFLD ELECTRIC / STATION 1 (L),24807681,247,3184591221,2024-06-22T22:37:34Z,2024-06-23T00:27:46Z,,57.309700,62.166,membership,Payment by membership account and/or membership card,USCPIE15280471*1
ChargePoint Network,,,7505851,7505851,JEFFERSON AVE. / OXFORD STA1(L),12955471,247,3179728171,2024-06-20T17:41:45Z,2024-06-20T18:47:03Z,,24.380600,77.808,membership,Payment by membership account and/or membership card,USCPIE7505851*1
ChargePoint Network,,,1988061,1988061,7SPC / SCES DOLLYWOOD,25499841,3,3183936521,2024-06-22T16:00:03Z,2024-06-22T21:56:57Z,,41.329334,7.1329,membership,Payment by membership account and/or membership card,USCPIE1988061*2
ChargePoint Network,,,15548151,15548151,DECATURDOWNTWN / STATION 1 (R),25119511,247,3143508111,2024-06-04T21:55:22Z,2024-06-04T21:56:00Z,,0.000000,0.0,membership,Payment by membership account and/or membership card,USCPIE15548151*1
ChargePoint Network,,,14047321,14047321,JEFFERSON AVE. / OXFORD STA2(R),23514081,247,3197859811,2024-06-28T18:36:23Z,2024-06-28T19:41:13Z,,67.694298,71.904,membership,Payment by membership account and/or membership card,USCPIE14047321*1
ChargePoint Network,,,7505851,7505851,JEFFERSON AVE. / OXFORD STA1(L),12955471,247,3182801441,2024-06-21T22:55:24Z,2024-06-21T23:18:45Z,,26.577600,75.62,membership,Payment by membership account and/or membership card,USCPIE7505851*1
ChargePoint Network,,,13026471,13026471,WCMES / CITYHALL2-R,22328331,247,3173490501,2024-06-17T23:49:42Z,2024-06-18T00:31:36Z,,45.573299,74.69,membership,Payment by membership account and/or membership card,USCPIE13026471*1
ChargePoint Network,,,14097711,14097711,SCOTTSBORO EPB / SEPB DCFC (R),23570811,247,3154688201,2024-06-09T20:27:43Z,2024-06-09T21:30:05Z,,55.567799,57.974,membership,Payment by membership account and/or membership card,USCPIE14097711*1
ChargePoint Network,,,12720881,12720881,WRECC / STATION 1,21977141,247,3187226441,2024-06-24T13:12:21Z,2024-06-24T13:20:59Z,,9.429400,74.027,membership,Payment by membership account and/or membership card,USCPIE12720881*1
ChargePoint Network,,,13664401,13664401,BTES / STATION 1 (LL),23060421,247,3178794591,2024-06-20T10:25:23Z,2024-06-20T10:31:35Z,,5.071500,55.594,membership,Payment by membership account and/or membership card,USCPIE13664401*1
ChargePoint Network,,,12406401,12406401,FPIA / RIGHT STATION,21527671,247,3154210711,2024-06-09T15:16:12Z,2024-06-09T15:31:04Z,,17.196400,76.017,other,Any other payment method not specified above. Additional description should be provided in Payment Method Description.,USCPIE12406401*1
ChargePoint Network,,,14049761,14049761,PARIS BPU / STATION 2(R),23516951,247,3184131341,2024-06-22T18:00:41Z,2024-06-22T18:34:52Z,,23.598000,74.739,membership,Payment by membership account and/or membership card,USCPIE14049761*1
ChargePoint Network,,,14097711,14097711,SCOTTSBORO EPB / SEPB DCFC (R),23570811,247,3193470301,2024-06-26T22:23:35Z,2024-06-26T22:31:56Z,,8.293100,69.564,membership,Payment by membership account and/or membership card,USCPIE14097711*1
ChargePoint Network,,,13606121,13606121,I24 EXIT11 / STATION 2 (LM),22992591,247,3148880471,2024-06-06T23:29:40Z,2024-06-07T00:00:11Z,,50.873199,123.353,credit_card_terminal,Payment via credit card or debit card terminal,USCPIE13606121*1
ChargePoint Network,,,13966051,13966051,BEA / STATION 3 (RM),23419981,247,3177218281,2024-06-19T16:00:34Z,2024-06-19T16:35:46Z,,40.989899,75.655,membership,Payment by membership account and/or membership card,USCPIE13966051*1
ChargePoint Network,,,15555831,15555831,FPU / STATION 2 (R),25128511,247,3181947441,2024-06-21T16:17:23Z,2024-06-21T17:25:48Z,,39.920101,54.316,membership,Payment by membership account and/or membership card,USCPIE15555831*1
ChargePoint Network,,,13880891,13880891,MU / MUC MAIN OFFICE,23319021,3,3167317951,2024-06-14T22:43:02Z,2024-06-15T00:07:45Z,,9.595850,6.9331,membership,Payment by membership account and/or membership card,USCPIE13880891*2
ChargePoint Network,,,8851921,8851921,7SPC / SEVIERVILLE DC1,,,3185031491,2024-06-23T03:03:51Z,2024-06-23T03:04:08Z,,0.000000,,membership,Payment by membership account and/or membership card,USCPIE8851921*0
ChargePoint Network,,,5122191,5122191,CULLMANELECTRIC / STATION1-L,8482151,247,3154336971,2024-06-09T16:49:22Z,2024-06-09T16:51:02Z,,0.000000,0.0,membership,Payment by membership account and/or membership card,USCPIE5122191*1
ChargePoint Network,,,15694081,15694081,BRIGHTRIDGE EV / STATION 2 (R),25291921,247,3138467791,2024-06-02T19:13:51Z,2024-06-02T19:15:13Z,,0.000000,0.0,membership,Payment by membership account and/or membership card,USCPIE15694081*1
ChargePoint Network,,,5122191,5122191,CULLMANELECTRIC / STATION1-L,8482151,247,3136243581,2024-06-01T14:16:31Z,2024-06-01T15:45:23Z,,80.397797,76.823,other,Any other payment method not specified above. Additional description should be provided in Payment Method Description.,USCPIE5122191*1
ChargePoint Network,,,13643801,13643801,PEPA / STATION 2,23036481,247,3170438031,2024-06-16T16:59:37Z,2024-06-16T17:38:43Z,,43.965900,72.889,credit_card_terminal,Payment via credit card or debit card terminal,USCPIE13643801*1
ChargePoint Network,,,14359531,14359531,EBOFG / STATION 2 (R),23870331,100011,3197576091,2024-06-28T16:23:19Z,2024-06-28T16:24:27Z,,0.000000,0.0,membership,Payment by membership account and/or membership card,USCPIE14359531*1
ChargePoint Network,,,15548181,15548181,DECATURDOWNTWN / STATION 2 (L),25119551,247,3150345891,2024-06-07T16:03:31Z,2024-06-07T17:00:39Z,,54.494801,75.222,credit_card_terminal,Payment via credit card or debit card terminal,USCPIE15548181*1
ChargePoint Network,,,12720861,12720861,WRECC / STATION 2,21977121,247,3149417881,2024-06-07T03:47:14Z,2024-06-07T03:48:52Z,,0.000000,0.0,membership,Payment by membership account and/or membership card,USCPIE12720861*1
ChargePoint Network,,,15694081,15694081,BRIGHTRIDGE EV / STATION 2 (R),25291921,247,3137902121,2024-06-02T10:23:45Z,2024-06-02T11:03:51Z,,43.953899,120.276,membership,Payment by membership account and/or membership card,USCPIE15694081*1
ChargePoint Network,,,5346231,5346231,CULLMANELECTRIC / STATION2-R,8926271,247,3163804341,2024-06-13T15:22:31Z,2024-06-13T16:24:13Z,,70.130302,71.314,membership,Payment by membership account and/or membership card,USCPIE5346231*1
ChargePoint Network,,,12406491,12406491,FPIA / LEFT STATION,21527781,247,3169664041,2024-06-16T02:15:47Z,2024-06-16T02:53:57Z,,46.005402,76.44,membership,Payment by membership account and/or membership card,USCPIE12406491*1
ChargePoint Network,,,1988061,1988061,7SPC / SCES DOLLYWOOD,25499831,3,3200186581,2024-06-29T22:29:32Z,2024-06-30T02:07:44Z,,25.213247,7.2702,membership,Payment by membership account and/or membership card,USCPIE1988061*1
ChargePoint Network,,,1988141,1988141,7SPC / SCES DREAM MORE,2355561,3,3138703451,2024-06-02T21:28:46Z,2024-06-03T01:18:46Z,,26.248983,6.9571,membership,Payment by membership account and/or membership card,USCPIE1988141*1
ChargePoint Network,,,1964521,1964521,EBOFG / GUNTERSVILLE PD,8374211,3,3162417851,2024-06-12T23:37:28Z,2024-06-13T01:18:09Z,,5.703818,3.806,credit_card_terminal,Payment via credit card or debit card terminal,USCPIE1964521*2
ChargePoint Network,,,1988061,1988061,7SPC / SCES DOLLYWOOD,25499841,3,3180474381,2024-06-20T23:09:30Z,2024-06-21T01:38:56Z,,17.420515,7.1177,membership,Payment by membership account and/or membership card,USCPIE1988061*2
ChargePoint Network,,,1785631,1785631,HOLSTONELECTRIC / STATION 1,22462991,3,3182381051,2024-06-21T19:38:32Z,2024-06-21T20:19:25Z,,5.022293,7.4686,membership,Payment by membership account and/or membership card,USCPIE1785631*2
ChargePoint Network,,,15885251,15885251,TWICKENHAM SQ / HU - STATION 1,25520941,247,3187513991,2024-06-24T15:21:01Z,2024-06-24T16:19:47Z,,43.312099,61.65,membership,Payment by membership account and/or membership card,USCPIE15885251*1
ChargePoint Network,,,13966031,13966031,BEA / STATION 4 (RR),23419961,247,3199618521,2024-06-29T16:47:01Z,2024-06-29T17:20:33Z,,41.048100,85.064,credit_card_terminal,Payment via credit card or debit card terminal,USCPIE13966031*1
ChargePoint Network,,,5565291,5565291,7SPC / SCES LECONTE 1,9205191,3,3183147621,2024-06-22T01:56:07Z,2024-06-22T03:12:33Z,,4.695591,3.7461,membership,Payment by membership account and/or membership card,USCPIE5565291*1
ChargePoint Network,,,13606061,13606061,I24 EXIT11 / STATION 4 (RR),22992511,247,3188506471,2024-06-24T22:34:45Z,2024-06-24T23:15:48Z,,47.606400,78.008,membership,Payment by membership account and/or membership card,USCPIE13606061*1
ChargePoint Network,,,15280471,15280471,SPRFLD ELECTRIC / STATION 1 (L),24807681,247,3137218521,2024-06-01T23:36:24Z,2024-06-02T00:18:30Z,,12.677100,43.75,credit_card_terminal,Payment via credit card or debit card terminal,USCPIE15280471*1
ChargePoint Network,,,5619801,5619801,7SPC / WARREN RECC BG,25687261,3,3199478691,2024-06-29T15:09:29Z,2024-06-29T15:19:20Z,,0.891314,6.1677,membership,Payment by membership account and/or membership card,USCPIE5619801*2
ChargePoint Network,,,13966031,13966031,BEA / STATION 4 (RR),23419961,247,3148472911,2024-06-06T20:39:54Z,2024-06-06T21:05:55Z,,29.926399,74.48,membership,Payment by membership account and/or membership card,USCPIE13966031*1
ChargePoint Network,,,13643831,13643831,PEPA / STATION 1,23036511,247,3199781401,2024-06-29T18:28:22Z,2024-06-29T19:45:47Z,,55.179798,73.086,membership,Payment by membership account and/or membership card,USCPIE13643831*1
ChargePoint Network,,,5424051,5424051,EEDEV / ELIZ DOWNTOWN,9026991,3,3167256491,2024-06-14T22:13:47Z,2024-06-14T23:31:55Z,,9.259388,7.3904,membership,Payment by membership account and/or membership card,USCPIE5424051*1
ChargePoint Network,,,12406401,12406401,FPIA / RIGHT STATION,21527671,247,3154548061,2024-06-09T19:02:23Z,2024-06-09T19:05:24Z,,0.000000,0.0,membership,Payment by membership account and/or membership card,USCPIE12406401*1
ChargePoint Network,,,1844191,1844191,CLW / MAIN ST,23050431,3,3147183811,2024-06-06T11:24:19Z,2024-06-06T11:26:18Z,,0.000000,0.0,membership,Payment by membership account and/or membership card,USCPIE1844191*1
ChargePoint Network,,,5122191,5122191,CULLMANELECTRIC / STATION1-L,8482151,247,3140641691,2024-06-03T19:04:58Z,2024-06-03T19:32:37Z,,23.387400,53.279,membership,Payment by membership account and/or membership card,USCPIE5122191*1
ChargePoint Network,,,5414151,5414151,7SPC / UC - CARTHAGE,9014641,3,3169365791,2024-06-15T23:26:16Z,2024-06-15T23:42:27Z,,1.769362,7.4136,membership,Payment by membership account and/or membership card,USCPIE5414151*1
ChargePoint Network,,,5380331,5380331,CULLMAN PB / STATION 1,8970951,3,3138690071,2024-06-02T21:20:37Z,2024-06-02T21:22:37Z,,0.000000,0.0,membership,Payment by membership account and/or membership card,USCPIE5380331*1
ChargePoint Network,,,5619801,5619801,7SPC / WARREN RECC BG,9274261,3,3151272961,2024-06-07T22:51:52Z,2024-06-07T23:01:52Z,,0.950696,6.2127,membership,Payment by membership account and/or membership card,USCPIE5619801*2
ChargePoint Network,,,15694171,15694171,BRIGHTRIDGE EV / STATION 1 (L),25292041,247,3154194611,2024-06-09T15:02:21Z,2024-06-09T16:02:40Z,,59.876999,122.891,credit_card_terminal,Payment via credit card or debit card terminal,USCPIE15694171*1
ChargePoint Network,,,14083151,14083151,STEMC / STATION 2 (R) H,23554701,247,3138214491,2024-06-02T16:33:50Z,2024-06-02T16:34:26Z,,0.000000,0.0,membership,Payment by membership account and/or membership card,USCPIE14083151*1
ChargePoint Network,,,8851921,8851921,7SPC / SEVIERVILLE DC1,15571271,207,3183797131,2024-06-22T14:14:04Z,2024-06-22T14:14:19Z,,0.000000,0.0,membership,Payment by membership account and/or membership card,USCPIE8851921*1
ChargePoint Network,,,15623211,15623211,CLW / 5TH ST 2 (R),25208281,247,3138240821,2024-06-02T16:52:17Z,2024-06-02T17:44:21Z,,52.488201,74.283,membership,Payment by membership account and/or membership card,USCPIE15623211*1
ChargePoint Network,,,8851921,8851921,7SPC / SEVIERVILLE DC1,15571271,207,3193790101,2024-06-27T00:47:22Z,2024-06-27T01:33:25Z,,40.051601,59.751,membership,Payment by membership account and/or membership card,USCPIE8851921*1
ChargePoint Network,,,15694081,15694081,BRIGHTRIDGE EV / STATION 2 (R),25291921,247,3167211271,2024-06-14T21:52:42Z,2024-06-14T22:21:39Z,,27.265301,75.041,membership,Payment by membership account and/or membership card,USCPIE15694081*1
ChargePoint Network,,,8851921,8851921,7SPC / SEVIERVILLE DC1,15571271,207,3166546891,2024-06-14T16:52:17Z,2024-06-14T17:02:47Z,,7.822300,53.428,membership,Payment by membership account and/or membership card,USCPIE8851921*1
ChargePoint Network,,,12406491,12406491,FPIA / LEFT STATION,21527781,247,3182577111,2024-06-21T21:07:01Z,2024-06-21T21:22:27Z,,16.701599,71.904,membership,Payment by membership account and/or membership card,USCPIE12406491*1
ChargePoint Network,,,13659831,13659831,LAWRENCEBURG / STATION 1 (L),23054881,247,3145391341,2024-06-05T17:04:21Z,2024-06-05T17:25:08Z,,23.690599,72.889,membership,Payment by membership account and/or membership card,USCPIE13659831*1
ChargePoint Network,,,15640031,15640031,NECDC / STATION 1 (L),25228511,247,3155983741,2024-06-10T13:39:28Z,2024-06-10T14:15:53Z,,12.388200,31.583,membership,Payment by membership account and/or membership card,USCPIE15640031*1
ChargePoint Network,,,13659871,13659871,LAWRENCEBURG / STATION 2 (R),23054921,247,3150060271,2024-06-07T14:07:49Z,2024-06-07T14:21:51Z,,14.576600,73.061,membership,Payment by membership account and/or membership card,USCPIE13659871*1
ChargePoint Network,,,7505851,7505851,JEFFERSON AVE. / OXFORD STA1(L),12955471,247,3179652911,2024-06-20T17:06:47Z,2024-06-20T17:28:33Z,,25.230400,71.441,membership,Payment by membership account and/or membership card,USCPIE7505851*1
ChargePoint Network,,,5603971,5603971,7SPC / VEC BYRDSTOWN,9254231,3,3140633111,2024-06-03T19:00:41Z,2024-06-03T19:18:11Z,,2.052810,7.3402,credit_card_terminal,Payment via credit card or debit card terminal,USCPIE5603971*2
ChargePoint Network,,,1964521,1964521,EBOFG / GUNTERSVILLE PD,8374211,3,3179620871,2024-06-20T16:52:47Z,2024-06-20T21:36:45Z,,7.032147,3.6942,membership,Payment by membership account and/or membership card,USCPIE1964521*2
ChargePoint Network,,,1921351,1921351,STARKVILLE UTIL / STARKVILLE DWTN,23682581,3,3161506551,2024-06-12T16:57:51Z,2024-06-12T18:20:18Z,,10.289556,7.5381,credit_card_terminal,Payment via credit card or debit card terminal,USCPIE1921351*2
ChargePoint Network,,,15885771,15885771,TWICKENHAM SQ / HU - STATION 4,25521581,247,3182984711,2024-06-22T00:29:51Z,2024-06-22T01:16:25Z,,42.091499,58.59,membership,Payment by membership account and/or membership card,USCPIE15885771*1
ChargePoint Network,,,1988061,1988061,7SPC / SCES DOLLYWOOD,25499831,3,3152388101,2024-06-08T14:35:37Z,2024-06-09T00:28:40Z,,57.687645,7.3251,membership,Payment by membership account and/or membership card,USCPIE1988061*1
ChargePoint Network,,,12406401,12406401,FPIA / RIGHT STATION,21527671,247,3198736551,2024-06-29T01:42:32Z,2024-06-29T01:47:34Z,,0.000000,0.0,membership,Payment by membership account and/or membership card,USCPIE12406401*1
ChargePoint Network,,,5380331,5380331,CULLMAN PB / STATION 1,8970961,3,3169224581,2024-06-15T22:09:31Z,2024-06-15T22:25:18Z,,1.856546,7.3232,membership,Payment by membership account and/or membership card,USCPIE5380331*2
ChargePoint Network,,,14097801,14097801,SCOTTSBORO EPB / SEPB DCFC (L),23570921,247,3148289001,2024-06-06T19:26:19Z,2024-06-06T19:54:57Z,,18.886999,57.096,membership,Payment by membership account and/or membership card,USCPIE14097801*1
ChargePoint Network,,,14047321,14047321,JEFFERSON AVE. / OXFORD STA2(R),23514081,247,3172710601,2024-06-17T17:59:28Z,2024-06-17T18:34:30Z,,35.105202,85.968,membership,Payment by membership account and/or membership card,USCPIE14047321*1
ChargePoint Network,,,13643801,13643801,PEPA / STATION 2,23036481,247,3196555491,2024-06-28T02:50:06Z,2024-06-28T03:30:26Z,,39.538601,74.823,membership,Payment by membership account and/or membership card,USCPIE13643801*1
ChargePoint Network,,,1933211,1933211,BRIGHTRIDGE EV / BR-JONESBOROUGH,2283641,3,3182187531,2024-06-21T18:06:57Z,2024-06-21T23:54:08Z,,33.848297,6.0312,membership,Payment by membership account and/or membership card,USCPIE1933211*2
ChargePoint Network,,,14355251,14355251,HARTSELLE 1 / STATION 2 (R),23865691,247,3169105111,2024-06-15T21:01:58Z,2024-06-15T21:27:56Z,,26.207100,74.111,membership,Payment by membership account and/or membership card,USCPIE14355251*1
ChargePoint Network,,,14097711,14097711,SCOTTSBORO EPB / SEPB DCFC (R),23570811,247,3172636781,2024-06-17T17:23:54Z,2024-06-17T17:41:58Z,,13.083200,51.764,membership,Payment by membership account and/or membership card,USCPIE14097711*1
ChargePoint Network,,,13606091,13606091,I24 EXIT11 / STATION 3 (RM),22992551,247,3199606501,2024-06-29T16:39:22Z,2024-06-29T16:54:32Z,,17.952700,75.263,membership,Payment by membership account and/or membership card,USCPIE13606091*1
ChargePoint Network,,,1964521,1964521,EBOFG / GUNTERSVILLE PD,8374201,3,3170400081,2024-06-16T16:33:44Z,2024-06-16T18:09:33Z,,11.556032,7.3525,membership,Payment by membership account and/or membership card,USCPIE1964521*1
ChargePoint Network,,,1932851,1932851,BRIGHTRIDGE EV / BR-JC LIBRARY,23319821,3,3160357691,2024-06-12T03:19:40Z,2024-06-12T04:30:56Z,,8.273148,7.2198,membership,Payment by membership account and/or membership card,USCPIE1932851*2
ChargePoint Network,,,14355251,14355251,HARTSELLE 1 / STATION 2 (R),23865691,247,3144082991,2024-06-05T02:06:03Z,2024-06-05T02:28:48Z,,22.311300,67.227,membership,Payment by membership account and/or membership card,USCPIE14355251*1
ChargePoint Network,,,1964521,1964521,EBOFG / GUNTERSVILLE PD,8374211,3,3184683371,2024-06-22T23:31:01Z,2024-06-23T00:55:20Z,,9.814599,7.0695,membership,Payment by membership account and/or membership card,USCPIE1964521*2
ChargePoint Network,,,15623211,15623211,CLW / 5TH ST 2 (R),25208281,247,3183937801,2024-06-22T16:00:46Z,2024-06-22T16:47:10Z,,37.922798,73.891,membership,Payment by membership account and/or membership card,USCPIE15623211*1
ChargePoint Network,,,1964521,1964521,EBOFG / GUNTERSVILLE PD,8374201,3,3200333281,2024-06-29T14:23:13Z,2024-06-29T22:24:42Z,,35.702503,7.1969,membership,Payment by membership account and/or membership card,USCPIE1964521*1
ChargePoint Network,,,13651611,13651611,MLEC / STATION 1 (L) H,23045791,247,3170577221,2024-06-16T18:29:21Z,2024-06-16T18:47:29Z,,19.636600,72.889,credit_card_terminal,Payment via credit card or debit card terminal,USCPIE13651611*1
ChargePoint Network,,,13664501,13664501,BTES / STATION 4 (RR),23060561,247,3190623411,2024-06-25T20:12:41Z,2024-06-25T20:47:26Z,,41.453300,123.224,membership,Payment by membership account and/or membership card,USCPIE13664501*1
ChargePoint Network,,,15684341,15684341,MLEC / STATION 2 (R) W,25280201,247,3185810111,2024-06-23T18:20:45Z,2024-06-23T18:34:58Z,,10.944900,54.611,membership,Payment by membership account and/or membership card,USCPIE15684341*1
ChargePoint Network,,,5466441,5466441,7SPC / NASA USSRC R,9079361,3,3197305751,2024-06-28T14:16:51Z,2024-06-28T17:11:22Z,,17.813969,6.2656,membership,Payment by membership account and/or membership card,USCPIE5466441*1
ChargePoint Network,,,12406491,12406491,FPIA / LEFT STATION,21527781,247,3198782891,2024-06-29T02:06:45Z,2024-06-29T02:08:22Z,,0.000000,0.0,membership,Payment by membership account and/or membership card,USCPIE12406491*1
ChargePoint Network,,,12406401,12406401,FPIA / RIGHT STATION,21527671,247,3140629651,2024-06-03T18:59:13Z,2024-06-03T19:26:15Z,,34.666901,86.526,membership,Payment by membership account and/or membership card,USCPIE12406401*1
ChargePoint Network,,,8851921,8851921,7SPC / SEVIERVILLE DC1,15571271,207,3173388701,2024-06-17T23:01:56Z,2024-06-18T00:12:57Z,,51.340801,60.06,membership,Payment by membership account and/or membership card,USCPIE8851921*1
ChargePoint Network,,,12720861,12720861,WRECC / STATION 2,21977121,247,3155386941,2024-06-10T03:03:42Z,2024-06-10T03:07:43Z,,0.000000,0.0,membership,Payment by membership account and/or membership card,USCPIE12720861*1
ChargePoint Network,,,15332321,15332321,TUA NW ATLANTIC / STATION 1 (L),24867861,247,3148331991,2024-06-06T19:43:39Z,2024-06-06T20:03:54Z,,28.968300,121.599,membership,Payment by membership account and/or membership card,USCPIE15332321*1
ChargePoint Network,,,5619801,5619801,7SPC / WARREN RECC BG,9274261,3,3157197371,2024-06-10T22:16:06Z,2024-06-11T00:28:52Z,,13.421074,6.1661,credit_card_terminal,Payment via credit card or debit card terminal,USCPIE5619801*2
ChargePoint Network,,,14359491,14359491,EBOFG / STATION 1 (L),23870291,247,3144737811,2024-06-05T12:48:14Z,2024-06-05T12:48:55Z,,0.000000,0.0,membership,Payment by membership account and/or membership card,USCPIE14359491*1
ChargePoint Network,,,1988061,1988061,7SPC / SCES DOLLYWOOD,25499831,3,3143021201,2024-06-04T18:21:40Z,2024-06-05T00:21:44Z,,42.118214,7.3814,membership,Payment by membership account and/or membership card,USCPIE1988061*1
ChargePoint Network,,,13423691,13423691,AEC / STATION #1 (L),22787121,247,3198560001,2024-06-29T00:12:38Z,2024-06-29T00:13:17Z,,0.000000,0.0,membership,Payment by membership account and/or membership card,USCPIE13423691*1
ChargePoint Network,,,8851921,8851921,7SPC / SEVIERVILLE DC1,15571271,207,3163992091,2024-06-13T16:25:09Z,2024-06-13T16:56:11Z,,30.969200,61.845,membership,Payment by membership account and/or membership card,USCPIE8851921*1
ChargePoint Network,,,15623211,15623211,CLW / 5TH ST 2 (R),25208281,247,3152065181,2024-06-08T06:36:58Z,2024-06-08T07:59:30Z,,50.724800,53.872,membership,Payment by membership account and/or membership card,USCPIE15623211*1
ChargePoint Network,,,7505851,7505851,JEFFERSON AVE. / OXFORD STA1(L),12955471,247,3153080121,2024-06-08T21:28:01Z,2024-06-08T21:53:41Z,,28.431499,75.819,membership,Payment by membership account and/or membership card,USCPIE7505851*1
ChargePoint Network,,,15548181,15548181,DECATURDOWNTWN / STATION 2 (L),25119551,247,3175271071,2024-06-18T18:28:21Z,2024-06-18T18:39:41Z,,7.038100,46.74,membership,Payment by membership account and/or membership card,USCPIE15548181*1
ChargePoint Network,,,5122191,5122191,CULLMANELECTRIC / STATION1-L,,,3170448281,2024-06-16T17:04:09Z,2024-06-16T17:06:10Z,,0.000000,,membership,Payment by membership account and/or membership card,USCPIE5122191*0
ChargePoint Network,,,1921351,1921351,STARKVILLE UTIL / STARKVILLE DWTN,23682571,3,3184709811,2024-06-22T23:48:38Z,2024-06-23T14:14:20Z,,79.017685,7.2771,credit_card_terminal,Payment via credit card or debit card terminal,USCPIE1921351*1
ChargePoint Network,,,5354011,5354011,7SPC / GREENEVILLE TA,8936791,207,3154452091,2024-06-09T18:02:54Z,2024-06-09T18:23:56Z,,19.122999,55.692,membership,Payment by membership account and/or membership card,USCPIE5354011*1
ChargePoint Network,,,5354011,5354011,7SPC / GREENEVILLE TA,8936791,207,3140505841,2024-06-03T17:58:14Z,2024-06-03T17:58:25Z,,0.000000,0.0,membership,Payment by membership account and/or membership card,USCPIE5354011*1
ChargePoint Network,,,1988061,1988061,7SPC / SCES DOLLYWOOD,25499841,3,3196927211,2024-06-27T22:56:48Z,2024-06-28T02:45:55Z,,27.832899,7.4158,membership,Payment by membership account and/or membership card,USCPIE1988061*2
ChargePoint Network,,,15260241,15260241,STEMC / STATION 1 (L) A,24784071,247,3147380671,2024-06-06T13:16:03Z,2024-06-06T14:41:33Z,,49.179901,54.682,membership,Payment by membership account and/or membership card,USCPIE15260241*1
ChargePoint Network,,,1932851,1932851,BRIGHTRIDGE EV / BR-JC LIBRARY,23319811,3,3182556541,2024-06-21T20:57:36Z,2024-06-22T01:09:30Z,,30.330019,7.3979,membership,Payment by membership account and/or membership card,USCPIE1932851*1
ChargePoint Network,,,14083171,14083171,STEMC / STATION 1 (L) H,23554721,100011,3138900751,2024-06-02T23:17:15Z,2024-06-02T23:23:15Z,,1.291100,0.0,membership,Payment by membership account and/or membership card,USCPIE14083171*1
ChargePoint Network,,,8851921,8851921,7SPC / SEVIERVILLE DC1,15571271,100011,3195910791,2024-06-27T21:44:09Z,2024-06-27T22:45:13Z,,3.413600,18.815,membership,Payment by membership account and/or membership card,USCPIE8851921*1
ChargePoint Network,,,12720881,12720881,WRECC / STATION 1,21977141,247,3159989601,2024-06-12T00:22:59Z,2024-06-12T01:10:16Z,,46.285702,74.844,other,Any other payment method not specified above. Additional description should be provided in Payment Method Description.,USCPIE12720881*1
ChargePoint Network,,,15694081,15694081,BRIGHTRIDGE EV / STATION 2 (R),25291921,247,3136745131,2024-06-01T19:19:50Z,2024-06-01T19:35:54Z,,18.837099,75.068,membership,Payment by membership account and/or membership card,USCPIE15694081*1
ChargePoint Network,,,14047321,14047321,JEFFERSON AVE. / OXFORD STA2(R),23514081,247,3161882331,2024-06-12T19:47:35Z,2024-06-12T20:25:12Z,,41.023201,67.57,membership,Payment by membership account and/or membership card,USCPIE14047321*1
ChargePoint Network,,,15694171,15694171,BRIGHTRIDGE EV / STATION 1 (L),25292041,247,3183796661,2024-06-22T14:13:23Z,2024-06-22T14:30:55Z,,19.631500,72.038,membership,Payment by membership account and/or membership card,USCPIE15694171*1
ChargePoint Network,,,15280441,15280441,SPRFLD ELECTRIC / STATION 2 (R),24807641,247,3165477111,2024-06-14T03:20:08Z,2024-06-14T06:55:43Z,,61.359402,54.02,membership,Payment by membership account and/or membership card,USCPIE15280441*1
ChargePoint Network,,,1988061,1988061,7SPC / SCES DOLLYWOOD,25499841,3,3159663871,2024-06-11T22:02:21Z,2024-06-11T23:30:02Z,,10.619418,7.4151,credit_card_terminal,Payment via credit card or debit card terminal,USCPIE1988061*2
ChargePoint Network,,,15332351,15332351,TUA NW ATLANTIC / STATION 2 (R),24867891,100011,3138896211,2024-06-02T23:14:36Z,2024-06-02T23:28:43Z,,2.264200,0.0,membership,Payment by membership account and/or membership card,USCPIE15332351*1
ChargePoint Network,,,14097711,14097711,SCOTTSBORO EPB / SEPB DCFC (R),23570811,247,3180341041,2024-06-20T22:11:00Z,2024-06-20T22:33:51Z,,30.790400,110.772,membership,Payment by membership account and/or membership card,USCPIE14097711*1
ChargePoint Network,,,12406491,12406491,FPIA / LEFT STATION,21527781,247,3188499221,2024-06-24T22:31:10Z,2024-06-24T22:42:22Z,,11.141200,0.0,membership,Payment by membership account and/or membership card,USCPIE12406491*1
ChargePoint Network,,,8851921,8851921,7SPC / SEVIERVILLE DC1,15571271,207,3190039851,2024-06-25T16:00:31Z,2024-06-25T17:20:15Z,,69.924004,61.689,membership,Payment by membership account and/or membership card,USCPIE8851921*1
ChargePoint Network,,,13290491,13290491,7SPC / NASA USSRC L,22634941,3,3172794241,2024-06-17T18:40:04Z,2024-06-17T21:04:54Z,,7.508348,3.1661,membership,Payment by membership account and/or membership card,USCPIE13290491*2
ChargePoint Network,,,15623211,15623211,CLW / 5TH ST 2 (R),,,3171268321,2024-06-17T01:04:19Z,2024-06-17T01:06:26Z,,0.000000,,credit_card_terminal,Payment via credit card or debit card terminal,USCPIE15623211*0
ChargePoint Network,,,13423691,13423691,AEC / STATION #1 (L),22787121,247,3182945021,2024-06-22T00:08:19Z,2024-06-22T00:43:50Z,,42.107201,122.583,membership,Payment by membership account and/or membership card,USCPIE13423691*1
ChargePoint Network,,,5565191,5565191,7SPC / DOLLYWOOD EMPL,9205041,3,3187469791,2024-06-24T15:04:44Z,2024-06-24T19:28:25Z,,29.731264,6.8466,credit_card_terminal,Payment via credit card or debit card terminal,USCPIE5565191*2
ChargePoint Network,,,13966031,13966031,BEA / STATION 4 (RR),23419961,247,3173121751,2024-06-17T21:04:08Z,2024-06-17T21:30:48Z,,29.584299,74.86,membership,Payment by membership account and/or membership card,USCPIE13966031*1
ChargePoint Network,,,5424051,5424051,EEDEV / ELIZ DOWNTOWN,9026991,3,3153047251,2024-06-08T21:09:22Z,2024-06-08T22:18:07Z,,8.048394,7.1027,membership,Payment by membership account and/or membership card,USCPIE5424051*1
ChargePoint Network,,,15332351,15332351,TUA NW ATLANTIC / STATION 2 (R),,,3138689551,2024-06-02T21:20:21Z,2024-06-02T21:22:22Z,,0.000000,,membership,Payment by membership account and/or membership card,USCPIE15332351*0
ChargePoint Network,,,13026471,13026471,WCMES / CITYHALL2-R,22328331,247,3154799291,2024-06-09T21:32:22Z,2024-06-09T22:04:57Z,,17.918800,47.501,membership,Payment by membership account and/or membership card,USCPIE13026471*1
ChargePoint Network,,,12720861,12720861,WRECC / STATION 2,21977121,247,3199963881,2024-06-29T20:16:59Z,2024-06-29T20:17:12Z,,0.000000,0.0,membership,Payment by membership account and/or membership card,USCPIE12720861*1
ChargePoint Network,,,7505851,7505851,JEFFERSON AVE. / OXFORD STA1(L),12955471,247,3146235471,2024-06-05T23:14:25Z,2024-06-06T00:08:29Z,,54.862999,88.704,membership,Payment by membership account and/or membership card,USCPIE7505851*1
ChargePoint Network,,,5424051,5424051,EEDEV / ELIZ DOWNTOWN,9027001,3,3156360381,2024-06-10T16:02:34Z,2024-06-10T18:22:10Z,,6.778286,3.5545,membership,Payment by membership account and/or membership card,USCPIE5424051*2
ChargePoint Network,,,15885771,15885771,TWICKENHAM SQ / HU - STATION 4,25521581,247,3189698761,2024-06-25T13:56:25Z,2024-06-25T14:19:38Z,,16.501400,47.25,membership,Payment by membership account and/or membership card,USCPIE15885771*1
ChargePoint Network,,,5354011,5354011,7SPC / GREENEVILLE TA,8936791,207,3150911271,2024-06-07T20:11:04Z,2024-06-07T20:32:08Z,,19.681700,58.598,membership,Payment by membership account and/or membership card,USCPIE5354011*1
ChargePoint Network,,,13606121,13606121,I24 EXIT11 / STATION 2 (LM),22992591,247,3172936131,2024-06-17T19:43:13Z,2024-06-17T20:18:10Z,,42.106602,78.606,credit_card_terminal,Payment via credit card or debit card terminal,USCPIE13606121*1
ChargePoint Network,,,12754021,12754021,WCMES / CITYHALL1-L,22015241,247,3184276801,2024-06-22T19:28:58Z,2024-06-22T20:11:20Z,,43.893700,68.87,membership,Payment by membership account and/or membership card,USCPIE12754021*1
ChargePoint Network,,,12406401,12406401,FPIA / RIGHT STATION,21527671,247,3198246701,2024-06-28T21:34:29Z,2024-06-28T21:35:54Z,,0.000000,0.0,membership,Payment by membership account and/or membership card,USCPIE12406401*1
ChargePoint Network,,,7173851,7173851,SCOTTSBORO EPB / MAIN OFFICE,12310871,3,3195825331,2024-06-27T21:06:21Z,2024-06-28T02:10:16Z,,35.021435,7.0673,membership,Payment by membership account and/or membership card,USCPIE7173851*2
ChargePoint Network,,,14337221,14337221,HOLSTONELECTRIC / CHURCH HILL-1,23844801,247,3183180261,2024-06-22T02:11:07Z,2024-06-22T02:45:34Z,,36.242500,124.332,membership,Payment by membership account and/or membership card,USCPIE14337221*1
ChargePoint Network,,,5424051,5424051,EEDEV / ELIZ DOWNTOWN,9027001,3,3169243781,2024-06-15T22:21:20Z,2024-06-15T23:52:33Z,,10.907264,7.298,membership,Payment by membership account and/or membership card,USCPIE5424051*2
ChargePoint Network,,,5363211,5363211,HARTSELLE 1 / HARTSELLE 1,23427581,3,3181666271,2024-06-21T14:20:49Z,2024-06-21T15:50:34Z,,10.521231,7.0954,membership,Payment by membership account and/or membership card,USCPIE5363211*2
ChargePoint Network,,,15548181,15548181,DECATURDOWNTWN / STATION 2 (L),25119551,247,3164350941,2024-06-13T19:04:54Z,2024-06-13T19:39:24Z,,31.511900,66.132,membership,Payment by membership account and/or membership card,USCPIE15548181*1
ChargePoint Network,,,1964521,1964521,EBOFG / GUNTERSVILLE PD,8374211,3,3175884651,2024-06-18T22:50:49Z,2024-06-19T11:11:16Z,,26.565695,7.0793,membership,Payment by membership account and/or membership card,USCPIE1964521*2
ChargePoint Network,,,15332351,15332351,TUA NW ATLANTIC / STATION 2 (R),24867891,247,3190719281,2024-06-25T20:53:19Z,2024-06-25T20:54:24Z,,0.000000,0.0,credit_card_terminal,Payment via credit card or debit card terminal,USCPIE15332351*1
ChargePoint Network,,,7505851,7505851,JEFFERSON AVE. / OXFORD STA1(L),12955471,247,3179275081,2024-06-20T14:52:50Z,2024-06-20T14:53:30Z,,0.000000,0.0,membership,Payment by membership account and/or membership card,USCPIE7505851*1
ChargePoint Network,,,15694171,15694171,BRIGHTRIDGE EV / STATION 1 (L),25292041,247,3185796641,2024-06-23T18:11:42Z,2024-06-23T19:26:57Z,,44.188599,69.322,membership,Payment by membership account and/or membership card,USCPIE15694171*1
ChargePoint Network,,,13423691,13423691,AEC / STATION #1 (L),22787121,247,3156044671,2024-06-10T14:07:41Z,2024-06-10T14:21:25Z,,17.755100,86.328,membership,Payment by membership account and/or membership card,USCPIE13423691*1
ChargePoint Network,,,12406491,12406491,FPIA / LEFT STATION,21527781,247,3179698571,2024-06-20T17:27:22Z,2024-06-20T17:43:04Z,,19.250099,78.8,membership,Payment by membership account and/or membership card,USCPIE12406491*1
ChargePoint Network,,,1964521,1964521,EBOFG / GUNTERSVILLE PD,8374211,3,3164067241,2024-06-13T16:55:40Z,2024-06-13T21:32:42Z,,10.818714,3.6993,membership,Payment by membership account and/or membership card,USCPIE1964521*2
ChargePoint Network,,,5346231,5346231,CULLMANELECTRIC / STATION2-R,8926271,247,3187408401,2024-06-24T14:42:06Z,2024-06-24T15:10:50Z,,31.155500,73.853,membership,Payment by membership account and/or membership card,USCPIE5346231*1
ChargePoint Network,,,13966031,13966031,BEA / STATION 4 (RR),23419961,247,3163183131,2024-06-13T08:39:08Z,2024-06-13T09:33:55Z,,20.367599,58.359,credit_card_terminal,Payment via credit card or debit card terminal,USCPIE13966031*1
ChargePoint Network,,,14047321,14047321,JEFFERSON AVE. / OXFORD STA2(R),,,3140574741,2024-06-03T18:31:42Z,2024-06-03T18:33:31Z,,0.000000,,membership,Payment by membership account and/or membership card,USCPIE14047321*0
ChargePoint Network,,,15885771,15885771,TWICKENHAM SQ / HU - STATION 4,25521581,247,3197713151,2024-06-28T17:21:49Z,2024-06-28T17:35:13Z,,19.236799,105.434,membership,Payment by membership account and/or membership card,USCPIE15885771*1
ChargePoint Network,,,5346231,5346231,CULLMANELECTRIC / STATION2-R,8926271,247,3173100501,2024-06-17T20:54:25Z,2024-06-17T20:55:06Z,,0.000000,0.0,membership,Payment by membership account and/or membership card,USCPIE5346231*1
ChargePoint Network,,,15640031,15640031,NECDC / STATION 1 (L),25228511,247,3156922381,2024-06-10T20:12:31Z,2024-06-10T20:47:56Z,,41.678699,88.11,membership,Payment by membership account and/or membership card,USCPIE15640031*1
ChargePoint Network,,,8851921,8851921,7SPC / SEVIERVILLE DC1,15571271,207,3170202221,2024-06-16T13:43:17Z,2024-06-16T14:17:29Z,,32.659401,61.845,membership,Payment by membership account and/or membership card,USCPIE8851921*1
ChargePoint Network,,,13664471,13664471,BTES / STATION 3 (RM),23060511,247,3199878611,2024-06-29T19:26:05Z,2024-06-29T19:26:28Z,,0.000000,0.0,membership,Payment by membership account and/or membership card,USCPIE13664471*1
ChargePoint Network,,,15694081,15694081,BRIGHTRIDGE EV / STATION 2 (R),25291921,247,3183034361,2024-06-22T00:58:13Z,2024-06-22T01:07:17Z,,9.112800,76.179,membership,Payment by membership account and/or membership card,USCPIE15694081*1
ChargePoint Network,,,13966051,13966051,BEA / STATION 3 (RM),23419981,247,3173551871,2024-06-18T00:17:06Z,2024-06-18T00:19:17Z,,0.000000,0.0,membership,Payment by membership account and/or membership card,USCPIE13966051*1
ChargePoint Network,,,15548181,15548181,DECATURDOWNTWN / STATION 2 (L),25119551,247,3164033531,2024-06-13T16:42:08Z,2024-06-13T16:57:18Z,,8.296600,47.354,membership,Payment by membership account and/or membership card,USCPIE15548181*1
ChargePoint Network,,,13803581,13803581,FPU / STATION 1 (L),23227201,247,3194839601,2024-06-27T14:28:18Z,2024-06-27T14:29:17Z,,0.000000,0.0,membership,Payment by membership account and/or membership card,USCPIE13803581*1
ChargePoint Network,,,7505851,7505851,JEFFERSON AVE. / OXFORD STA1(L),12955471,247,3150373601,2024-06-07T16:13:43Z,2024-06-07T17:24:01Z,,55.465500,88.4,membership,Payment by membership account and/or membership card,USCPIE7505851*1
ChargePoint Network,,,7505851,7505851,JEFFERSON AVE. / OXFORD STA1(L),12955471,247,3151041291,2024-06-07T21:05:46Z,2024-06-07T21:06:45Z,,0.000000,0.0,credit_card_terminal,Payment via credit card or debit card terminal,USCPIE7505851*1
ChargePoint Network,,,13966811,13966811,BEA / STATION 2 (LM),23420881,247,3177588951,2024-06-19T19:29:50Z,2024-06-19T20:04:17Z,,37.387199,68.639,credit_card_terminal,Payment via credit card or debit card terminal,USCPIE13966811*1
ChargePoint Network,,,15260241,15260241,STEMC / STATION 1 (L) A,,,3177979571,2024-06-19T22:54:04Z,2024-06-19T22:56:05Z,,0.000000,0.0,membership,Payment by membership account and/or membership card,USCPIE15260241*0
ChargePoint Network,,,15694171,15694171,BRIGHTRIDGE EV / STATION 1 (L),25292041,247,3138195081,2024-06-02T16:19:56Z,2024-06-02T16:35:16Z,,20.903799,91.188,membership,Payment by membership account and/or membership card,USCPIE15694171*1
ChargePoint Network,,,13606091,13606091,I24 EXIT11 / STATION 3 (RM),22992551,247,3167365781,2024-06-14T23:05:55Z,2024-06-14T23:57:16Z,,55.660400,77.42,membership,Payment by membership account and/or membership card,USCPIE13606091*1
ChargePoint Network,,,15332351,15332351,TUA NW ATLANTIC / STATION 2 (R),24867891,247,3190328381,2024-06-25T18:02:38Z,2024-06-25T18:18:10Z,,15.604800,65.324,credit_card_terminal,Payment via credit card or debit card terminal,USCPIE15332351*1
ChargePoint Network,,,13966051,13966051,BEA / STATION 3 (RM),23419981,247,3138955871,2024-06-02T23:47:54Z,2024-06-03T00:54:41Z,,57.021702,84.906,membership,Payment by membership account and/or membership card,USCPIE13966051*1
ChargePoint Network,,,5424051,5424051,EEDEV / ELIZ DOWNTOWN,9027001,3,3159488601,2024-06-11T20:46:55Z,2024-06-12T09:37:47Z,,81.202026,7.218,other,Any other payment method not specified above. Additional description should be provided in Payment Method Description.,USCPIE5424051*2
ChargePoint Network,,,5363211,5363211,HARTSELLE 1 / HARTSELLE 1,23427581,3,3170893721,2024-06-16T21:40:39Z,2024-06-16T21:45:38Z,,0.543253,7.1465,credit_card_terminal,Payment via credit card or debit card terminal,USCPIE5363211*2
ChargePoint Network,,,1921351,1921351,STARKVILLE UTIL / STARKVILLE DWTN,23682581,3,3183707501,2024-06-22T12:38:34Z,2024-06-22T12:45:45Z,,0.696683,7.2356,credit_card_terminal,Payment via credit card or debit card terminal,USCPIE1921351*2
ChargePoint Network,,,13292801,13292801,LODGE CAST IRON / STORE & MUSEUM,22637561,3,3161647671,2024-06-12T18:02:55Z,2024-06-12T18:08:06Z,,0.503889,6.8586,credit_card_terminal,Payment via credit card or debit card terminal,USCPIE13292801*2
ChargePoint Network,,,15640031,15640031,NECDC / STATION 1 (L),25228511,247,3171145371,2024-06-17T00:00:13Z,2024-06-17T00:43:22Z,,68.295700,98.378,membership,Payment by membership account and/or membership card,USCPIE15640031*1
ChargePoint Network,,,5384781,5384781,7SPC / TRI-COUNTY EMC,9273691,3,3167036541,2024-06-14T20:34:01Z,2024-06-15T00:35:38Z,,30.426683,7.6263,membership,Payment by membership account and/or membership card,USCPIE5384781*1
ChargePoint Network,,,13966051,13966051,BEA / STATION 3 (RM),23419981,247,3199597961,2024-06-29T16:33:28Z,2024-06-29T16:43:06Z,,11.681700,0.0,credit_card_terminal,Payment via credit card or debit card terminal,USCPIE13966051*1
ChargePoint Network,,,13659831,13659831,LAWRENCEBURG / STATION 1 (L),23054881,247,3149728341,2024-06-07T10:23:59Z,2024-06-07T10:50:39Z,,30.510900,82.149,membership,Payment by membership account and/or membership card,USCPIE13659831*1
ChargePoint Network,,,1844191,1844191,CLW / MAIN ST,23050431,3,3199251461,2024-06-29T10:41:52Z,2024-06-29T16:11:37Z,,39.001892,7.2636,credit_card_terminal,Payment via credit card or debit card terminal,USCPIE1844191*1
ChargePoint Network,,,13606061,13606061,I24 EXIT11 / STATION 4 (RR),22992511,247,3138759501,2024-06-02T22:00:34Z,2024-06-02T22:38:48Z,,42.920502,70.884,membership,Payment by membership account and/or membership card,USCPIE13606061*1
ChargePoint Network,,,8851921,8851921,7SPC / SEVIERVILLE DC1,15571271,207,3164470381,2024-06-13T19:54:06Z,2024-06-13T20:51:15Z,,38.336300,59.669,membership,Payment by membership account and/or membership card,USCPIE8851921*1
ChargePoint Network,,,5122191,5122191,CULLMANELECTRIC / STATION1-L,8482151,247,3161016541,2024-06-12T13:57:33Z,2024-06-12T14:02:32Z,,3.886000,50.958,membership,Payment by membership account and/or membership card,USCPIE5122191*1
ChargePoint Network,,,15332321,15332321,TUA NW ATLANTIC / STATION 1 (L),24867861,247,3181144601,2024-06-21T04:55:23Z,2024-06-21T04:56:33Z,,0.000000,0.0,credit_card_terminal,Payment via credit card or debit card terminal,USCPIE15332321*1
ChargePoint Network,,,5380331,5380331,CULLMAN PB / STATION 1,8970951,3,3140607271,2024-06-03T18:47:06Z,2024-06-03T18:49:05Z,,0.000000,0.0,membership,Payment by membership account and/or membership card,USCPIE5380331*1
ChargePoint Network,,,13290491,13290491,7SPC / NASA USSRC L,22634941,3,3176209121,2024-06-19T01:14:32Z,2024-06-19T01:14:47Z,,0.000000,,membership,Payment by membership account and/or membership card,USCPIE13290491*2
ChargePoint Network,,,12720861,12720861,WRECC / STATION 2,21977121,247,3151045621,2024-06-07T21:08:07Z,2024-06-07T21:10:25Z,,0.000000,0.0,membership,Payment by membership account and/or membership card,USCPIE12720861*1
ChargePoint Network,,,12406491,12406491,FPIA / LEFT STATION,21527781,247,3198727461,2024-06-29T01:37:16Z,2024-06-29T01:39:50Z,,0.000000,0.0,membership,Payment by membership account and/or membership card,USCPIE12406491*1
ChargePoint Network,,,15250701,15250701,SES-TN / STATION 2,24772611,247,3199266721,2024-06-29T11:05:53Z,2024-06-29T12:42:53Z,,133.699493,101.898,credit_card_terminal,Payment via credit card or debit card terminal,USCPIE15250701*1
ChargePoint Network,,,13606061,13606061,I24 EXIT11 / STATION 4 (RR),22992511,100011,3137344271,2024-06-02T00:51:23Z,2024-06-02T01:47:09Z,,31.948200,49.776,membership,Payment by membership account and/or membership card,USCPIE13606061*1
ChargePoint Network,,,13803581,13803581,FPU / STATION 1 (L),23227201,247,3157757741,2024-06-11T02:55:47Z,2024-06-11T03:54:16Z,,51.197800,74.646,membership,Payment by membership account and/or membership card,USCPIE13803581*1
ChargePoint Network,,,12720861,12720861,WRECC / STATION 2,21977121,247,3148945861,2024-06-06T23:59:27Z,2024-06-07T00:00:51Z,,0.000000,0.0,membership,Payment by membership account and/or membership card,USCPIE12720861*1
ChargePoint Network,,,15332321,15332321,TUA NW ATLANTIC / STATION 1 (L),24867861,247,3176968811,2024-06-19T13:33:07Z,2024-06-19T14:41:32Z,,32.967499,75.851,credit_card_terminal,Payment via credit card or debit card terminal,USCPIE15332321*1
ChargePoint Network,,,5122191,5122191,CULLMANELECTRIC / STATION1-L,8482151,247,3139156291,2024-06-03T01:43:06Z,2024-06-03T01:54:53Z,,11.001100,56.316,membership,Payment by membership account and/or membership card,USCPIE5122191*1
ChargePoint Network,,,13966031,13966031,BEA / STATION 4 (RR),23419961,247,3147470981,2024-06-06T14:00:41Z,2024-06-06T14:15:17Z,,10.953500,48.953,membership,Payment by membership account and/or membership card,USCPIE13966031*1
ChargePoint Network,,,1988061,1988061,7SPC / SCES DOLLYWOOD,25499841,3,3185541601,2024-06-23T15:19:37Z,2024-06-24T00:19:48Z,,15.377912,7.0048,membership,Payment by membership account and/or membership card,USCPIE1988061*2
ChargePoint Network,,,7505851,7505851,JEFFERSON AVE. / OXFORD STA1(L),12955471,247,3135745201,2024-06-01T03:58:53Z,2024-06-01T04:00:17Z,,0.000000,0.0,membership,Payment by membership account and/or membership card,USCPIE7505851*1
ChargePoint Network,,,15623211,15623211,CLW / 5TH ST 2 (R),25208281,247,3154364451,2024-06-09T17:06:39Z,2024-06-09T17:22:06Z,,18.788799,78.008,credit_card_terminal,Payment via credit card or debit card terminal,USCPIE15623211*1
ChargePoint Network,,,15293211,15293211,TRNG CENTER / TRAININGCENTER1,24823101,3,3197929321,2024-06-28T15:58:39Z,2024-06-28T19:54:29Z,,23.053808,5.9491,membership,Payment by membership account and/or membership card,USCPIE15293211*1
ChargePoint Network,,,9777021,9777021,CRMC / CRMC-2- L2RIGHT,17361741,3,3166627401,2024-06-14T17:28:27Z,2024-06-14T19:02:17Z,,7.019613,7.1789,membership,Payment by membership account and/or membership card,USCPIE9777021*1
ChargePoint Network,,,12989161,12989161,BTES / CITY HALL,22285821,3,3137578221,2024-06-02T03:05:46Z,2024-06-02T03:13:43Z,,0.928924,7.4141,other,Any other payment method not specified above. Additional description should be provided in Payment Method Description.,USCPIE12989161*2
ChargePoint Network,,,15280471,15280471,SPRFLD ELECTRIC / STATION 1 (L),,,3144634851,2024-06-05T11:48:50Z,2024-06-05T11:49:06Z,,0.000000,,membership,Payment by membership account and/or membership card,USCPIE15280471*0
ChargePoint Network,,,15742641,15742641,GEA-1 / STATION 2 (R),25349301,247,3170831451,2024-06-16T21:03:13Z,2024-06-16T21:04:46Z,,0.000000,0.0,membership,Payment by membership account and/or membership card,USCPIE15742641*1
ChargePoint Network,,,5354011,5354011,7SPC / GREENEVILLE TA,8936791,207,3172261101,2024-06-17T15:03:08Z,2024-06-17T15:14:17Z,,10.146800,0.0,membership,Payment by membership account and/or membership card,USCPIE5354011*1
ChargePoint Network,,,5565291,5565291,7SPC / SCES LECONTE 1,9205191,3,3166432971,2024-06-14T16:05:04Z,2024-06-14T17:13:17Z,,7.026744,6.989,other,Any other payment method not specified above. Additional description should be provided in Payment Method Description.,USCPIE5565291*1
ChargePoint Network,,,13606091,13606091,I24 EXIT11 / STATION 3 (RM),22992551,247,3199571591,2024-06-29T16:16:25Z,2024-06-29T16:18:15Z,,0.000000,0.0,membership,Payment by membership account and/or membership card,USCPIE13606091*1
ChargePoint Network,,,1964521,1964521,EBOFG / GUNTERSVILLE PD,8374201,3,3152288061,2024-06-08T13:06:44Z,2024-06-08T13:08:43Z,,0.000000,0.0,membership,Payment by membership account and/or membership card,USCPIE1964521*1
ChargePoint Network,,,5346231,5346231,CULLMANELECTRIC / STATION2-R,8926271,247,3140560901,2024-06-03T18:26:32Z,2024-06-03T19:03:25Z,,39.296101,74.071,other,Any other payment method not specified above. Additional description should be provided in Payment Method Description.,USCPIE5346231*1
ChargePoint Network,,,13606061,13606061,I24 EXIT11 / STATION 4 (RR),22992511,247,3156514851,2024-06-10T17:02:17Z,2024-06-10T17:20:20Z,,20.546000,74.447,membership,Payment by membership account and/or membership card,USCPIE13606061*1
ChargePoint Network,,,7173851,7173851,SCOTTSBORO EPB / MAIN OFFICE,12310871,3,3137112351,2024-06-01T22:39:07Z,2024-06-01T23:06:08Z,,3.165650,7.2883,membership,Payment by membership account and/or membership card,USCPIE7173851*2
ChargePoint Network,,,8851921,8851921,7SPC / SEVIERVILLE DC1,,,3195909561,2024-06-27T21:42:55Z,2024-06-27T21:43:36Z,,0.000000,,membership,Payment by membership account and/or membership card,USCPIE8851921*0
ChargePoint Network,,,1932851,1932851,BRIGHTRIDGE EV / BR-JC LIBRARY,23319811,3,3183661621,2024-06-22T11:25:10Z,2024-06-22T19:53:38Z,,61.290058,7.5142,credit_card_terminal,Payment via credit card or debit card terminal,USCPIE1932851*1
ChargePoint Network,,,5346231,5346231,CULLMANELECTRIC / STATION2-R,8926271,247,3165037751,2024-06-13T23:59:52Z,2024-06-14T00:00:53Z,,0.000000,0.0,membership,Payment by membership account and/or membership card,USCPIE5346231*1
ChargePoint Network,,,14049761,14049761,PARIS BPU / STATION 2(R),23516951,247,3154257161,2024-06-09T15:53:24Z,2024-06-09T16:22:30Z,,33.506699,74.226,credit_card_terminal,Payment via credit card or debit card terminal,USCPIE14049761*1
ChargePoint Network,,,15280441,15280441,SPRFLD ELECTRIC / STATION 2 (R),24807641,247,3185010921,2024-06-23T02:55:11Z,2024-06-23T03:30:05Z,,17.352200,45.375,membership,Payment by membership account and/or membership card,USCPIE15280441*1
ChargePoint Network,,,15694171,15694171,BRIGHTRIDGE EV / STATION 1 (L),,,3182949161,2024-06-22T00:08:25Z,2024-06-22T00:10:33Z,,0.000000,,credit_card_terminal,Payment via credit card or debit card terminal,USCPIE15694171*0
ChargePoint Network,,,12720861,12720861,WRECC / STATION 2,21977121,247,3189992411,2024-06-25T15:46:40Z,2024-06-25T16:27:55Z,,46.032902,76.428,membership,Payment by membership account and/or membership card,USCPIE12720861*1
ChargePoint Network,,,13664501,13664501,BTES / STATION 4 (RR),23060561,247,3180113351,2024-06-20T20:31:46Z,2024-06-20T20:57:21Z,,28.149401,68.599,membership,Payment by membership account and/or membership card,USCPIE13664501*1
ChargePoint Network,,,1921531,1921531,STARKVILLE UTIL / STARKVILLE REC,2268551,3,3137335751,2024-06-02T00:46:11Z,2024-06-02T00:55:52Z,,0.878141,5.7978,credit_card_terminal,Payment via credit card or debit card terminal,USCPIE1921531*1
ChargePoint Network,,,5424051,5424051,EEDEV / ELIZ DOWNTOWN,9026991,3,3184351191,2024-06-22T20:12:02Z,2024-06-22T21:16:51Z,,7.323031,6.8878,membership,Payment by membership account and/or membership card,USCPIE5424051*1
ChargePoint Network,,,14359531,14359531,EBOFG / STATION 2 (R),23870331,100011,3152548811,2024-06-08T16:24:04Z,2024-06-08T16:53:24Z,,11.477100,32.937,membership,Payment by membership account and/or membership card,USCPIE14359531*1
ChargePoint Network,,,15694171,15694171,BRIGHTRIDGE EV / STATION 1 (L),25292041,247,3137299921,2024-06-02T00:24:43Z,2024-06-02T00:24:56Z,,0.000000,0.0,membership,Payment by membership account and/or membership card,USCPIE15694171*1
ChargePoint Network,,,13606061,13606061,I24 EXIT11 / STATION 4 (RR),22992511,247,3177120711,2024-06-19T15:06:27Z,2024-06-19T15:46:48Z,,40.145699,75.438,membership,Payment by membership account and/or membership card,USCPIE13606061*1
ChargePoint Network,,,15684301,15684301,MLEC / STATION 1 (L) W,25280151,247,3148777511,2024-06-06T22:46:58Z,2024-06-06T22:53:40Z,,5.518600,0.0,membership,Payment by membership account and/or membership card,USCPIE15684301*1
ChargePoint Network,,,1988061,1988061,7SPC / SCES DOLLYWOOD,25499841,3,3138102791,2024-06-02T15:09:20Z,2024-06-02T18:04:57Z,,17.728069,6.8851,membership,Payment by membership account and/or membership card,USCPIE1988061*2
ChargePoint Network,,,1933211,1933211,BRIGHTRIDGE EV / BR-JONESBOROUGH,2283641,3,3136252681,2024-06-01T14:24:01Z,2024-06-01T16:35:31Z,,0.776520,6.1814,membership,Payment by membership account and/or membership card,USCPIE1933211*2
ChargePoint Network,,,13880891,13880891,MU / MUC MAIN OFFICE,23319011,3,3154250171,2024-06-09T15:47:33Z,2024-06-09T19:10:19Z,,22.333950,7.1741,membership,Payment by membership account and/or membership card,USCPIE13880891*1
ChargePoint Network,,,12720861,12720861,WRECC / STATION 2,21977121,247,3173920051,2024-06-18T03:27:45Z,2024-06-18T03:45:30Z,,19.720501,72.599,membership,Payment by membership account and/or membership card,USCPIE12720861*1
ChargePoint Network,,,15332351,15332351,TUA NW ATLANTIC / STATION 2 (R),24867891,247,3180907871,2024-06-21T02:28:38Z,2024-06-21T02:46:10Z,,9.044300,47.25,membership,Payment by membership account and/or membership card,USCPIE15332351*1
ChargePoint Network,,,15684341,15684341,MLEC / STATION 2 (R) W,25280201,247,3150808461,2024-06-07T19:26:36Z,2024-06-07T19:59:50Z,,21.858801,58.212,membership,Payment by membership account and/or membership card,USCPIE15684341*1
ChargePoint Network,,,5619801,5619801,7SPC / WARREN RECC BG,9274261,3,3170326401,2024-06-16T15:39:47Z,2024-06-16T23:30:39Z,,39.897011,6.3034,membership,Payment by membership account and/or membership card,USCPIE5619801*2
ChargePoint Network,,,15885251,15885251,TWICKENHAM SQ / HU - STATION 1,25520941,247,3188254881,2024-06-24T20:41:14Z,2024-06-24T21:30:43Z,,40.467800,58.435,membership,Payment by membership account and/or membership card,USCPIE15885251*1
ChargePoint Network,,,15260241,15260241,STEMC / STATION 1 (L) A,24784071,247,3195338351,2024-06-27T17:28:56Z,2024-06-27T17:31:01Z,,0.000000,0.0,membership,Payment by membership account and/or membership card,USCPIE15260241*1
ChargePoint Network,,,15694171,15694171,BRIGHTRIDGE EV / STATION 1 (L),,,3195197081,2024-06-27T16:28:56Z,2024-06-27T16:30:57Z,,0.000000,,membership,Payment by membership account and/or membership card,USCPIE15694171*0
ChargePoint Network,,,13606061,13606061,I24 EXIT11 / STATION 4 (RR),22992511,247,3195529081,2024-06-27T18:57:29Z,2024-06-27T19:05:44Z,,7.413300,70.615,credit_card_terminal,Payment via credit card or debit card terminal,USCPIE13606061*1
ChargePoint Network,,,15260241,15260241,STEMC / STATION 1 (L) A,24784071,247,3138294011,2024-06-02T17:26:53Z,2024-06-02T18:46:45Z,,44.148102,73.629,membership,Payment by membership account and/or membership card,USCPIE15260241*1
ChargePoint Network,,,5619801,5619801,7SPC / WARREN RECC BG,9274261,3,3173780681,2024-06-18T02:06:42Z,2024-06-18T02:08:42Z,,0.000000,0.0,membership,Payment by membership account and/or membership card,USCPIE5619801*2
ChargePoint Network,,,13643801,13643801,PEPA / STATION 2,23036481,247,3199926091,2024-06-29T19:54:20Z,2024-06-29T20:45:00Z,,60.077900,78.012,membership,Payment by membership account and/or membership card,USCPIE13643801*1
ChargePoint Network,,,15694171,15694171,BRIGHTRIDGE EV / STATION 1 (L),25292041,247,3191402701,2024-06-26T01:54:50Z,2024-06-26T03:10:16Z,,83.039101,76.428,membership,Payment by membership account and/or membership card,USCPIE15694171*1
ChargePoint Network,,,5350831,5350831,CULLMANELECTRIC / CEC MAIN OFFICE,8932501,3,3148464671,2024-06-06T20:36:31Z,2024-06-07T00:23:55Z,,22.996246,6.1482,credit_card_terminal,Payment via credit card or debit card terminal,USCPIE5350831*2
ChargePoint Network,,,8851921,8851921,7SPC / SEVIERVILLE DC1,15571271,207,3145500471,2024-06-05T17:55:51Z,2024-06-05T18:00:19Z,,0.000000,0.0,membership,Payment by membership account and/or membership card,USCPIE8851921*1
ChargePoint Network,,,13966811,13966811,BEA / STATION 2 (LM),23420881,247,3141467551,2024-06-04T01:15:58Z,2024-06-04T01:40:36Z,,28.567600,73.514,membership,Payment by membership account and/or membership card,USCPIE13966811*1
ChargePoint Network,,,5346231,5346231,CULLMANELECTRIC / STATION2-R,8926271,247,3190759051,2024-06-25T21:10:34Z,2024-06-25T21:50:43Z,,30.802200,53.428,membership,Payment by membership account and/or membership card,USCPIE5346231*1
ChargePoint Network,,,682921,682921,7SPC / TVPPA OFFICE,9117261,3,3158388941,2024-06-11T13:17:37Z,2024-06-11T15:43:29Z,,14.491323,6.0364,credit_card_terminal,Payment via credit card or debit card terminal,USCPIE682921*2
ChargePoint Network,,,8851921,8851921,7SPC / SEVIERVILLE DC1,15571271,207,3148412531,2024-06-06T20:14:12Z,2024-06-06T21:36:28Z,,68.033302,60.571,membership,Payment by membership account and/or membership card,USCPIE8851921*1
ChargePoint Network,,,13966031,13966031,BEA / STATION 4 (RR),23419961,247,3155751671,2024-06-10T11:25:28Z,2024-06-10T11:48:53Z,,23.777100,73.678,membership,Payment by membership account and/or membership card,USCPIE13966031*1
ChargePoint Network,,,5466441,5466441,7SPC / NASA USSRC R,9079361,3,3186299161,2024-06-23T23:03:08Z,2024-06-23T23:31:21Z,,2.727224,6.1079,membership,Payment by membership account and/or membership card,USCPIE5466441*1
ChargePoint Network,,,13803581,13803581,FPU / STATION 1 (L),23227201,247,3138965291,2024-06-02T23:53:51Z,2024-06-03T00:11:06Z,,7.461900,48.111,membership,Payment by membership account and/or membership card,USCPIE13803581*1
ChargePoint Network,,,12720861,12720861,WRECC / STATION 2,21977121,247,3184005461,2024-06-22T16:44:29Z,2024-06-22T17:37:44Z,,45.655998,76.814,membership,Payment by membership account and/or membership card,USCPIE12720861*1
ChargePoint Network,,,12406401,12406401,FPIA / RIGHT STATION,21527671,247,3198256691,2024-06-28T21:39:06Z,2024-06-28T22:06:03Z,,29.307600,69.614,membership,Payment by membership account and/or membership card,USCPIE12406401*1
ChargePoint Network,,,14359491,14359491,EBOFG / STATION 1 (L),23870291,247,3148917721,2024-06-06T23:46:54Z,2024-06-06T23:47:15Z,,0.000000,0.0,membership,Payment by membership account and/or membership card,USCPIE14359491*1
ChargePoint Network,,,14359491,14359491,EBOFG / STATION 1 (L),23870291,247,3148923711,2024-06-06T23:49:31Z,2024-06-06T23:50:06Z,,0.000000,0.0,membership,Payment by membership account and/or membership card,USCPIE14359491*1
ChargePoint Network,,,5122191,5122191,CULLMANELECTRIC / STATION1-L,8482151,247,3143124931,2024-06-04T19:10:34Z,2024-06-04T20:24:50Z,,69.332603,72.496,membership,Payment by membership account and/or membership card,USCPIE5122191*1
ChargePoint Network,,,13664401,13664401,BTES / STATION 1 (LL),23060421,247,3152580261,2024-06-08T16:43:33Z,2024-06-08T16:46:03Z,,0.000000,0.0,credit_card_terminal,Payment via credit card or debit card terminal,USCPIE13664401*1
ChargePoint Network,,,12720861,12720861,WRECC / STATION 2,21977121,247,3148972031,2024-06-07T00:09:17Z,2024-06-07T00:11:19Z,,0.000000,0.0,membership,Payment by membership account and/or membership card,USCPIE12720861*1
ChargePoint Network,,,5619801,5619801,7SPC / WARREN RECC BG,9274261,3,3140766991,2024-06-03T19:59:27Z,2024-06-03T23:11:34Z,,18.292667,6.1787,other,Any other payment method not specified above. Additional description should be provided in Payment Method Description.,USCPIE5619801*2
ChargePoint Network,,,12676071,12676071,NEMEPA / NEMEPA EMPLOYEE,21923351,3,3182196551,2024-06-21T18:11:40Z,2024-06-23T13:26:51Z,,17.253866,0.0,membership,Payment by membership account and/or membership card,USCPIE12676071*1
ChargePoint Network,,,12720861,12720861,WRECC / STATION 2,21977121,247,3154266851,2024-06-09T16:00:11Z,2024-06-09T16:02:21Z,,0.000000,0.0,membership,Payment by membership account and/or membership card,USCPIE12720861*1
ChargePoint Network,,,15815141,15815141,GEA-1 / STATION 1 (L),25435121,247,3152263631,2024-06-08T12:42:58Z,2024-06-08T13:53:04Z,,67.863098,61.65,membership,Payment by membership account and/or membership card,USCPIE15815141*1
ChargePoint Network,,,14337221,14337221,HOLSTONELECTRIC / CHURCH HILL-1,23844801,247,3136426061,2024-06-01T16:17:14Z,2024-06-01T16:28:46Z,,13.505100,0.0,other,Any other payment method not specified above. Additional description should be provided in Payment Method Description.,USCPIE14337221*1
ChargePoint Network,,,15623231,15623231,CLW / 5TH ST 1 (L),25208301,247,3195907601,2024-06-27T21:42:27Z,2024-06-27T22:09:44Z,,29.569300,72.15,membership,Payment by membership account and/or membership card,USCPIE15623231*1
ChargePoint Network,,,12720881,12720881,WRECC / STATION 1,21977141,247,3152890731,2024-06-08T19:42:44Z,2024-06-08T19:43:38Z,,0.000000,0.0,membership,Payment by membership account and/or membership card,USCPIE12720881*1
ChargePoint Network,,,8851921,8851921,7SPC / SEVIERVILLE DC1,15571271,207,3154302081,2024-06-09T16:25:02Z,2024-06-09T17:49:41Z,,68.754204,61.291,membership,Payment by membership account and/or membership card,USCPIE8851921*1
ChargePoint Network,,,15694171,15694171,BRIGHTRIDGE EV / STATION 1 (L),25292041,247,3193414941,2024-06-26T21:59:49Z,2024-06-26T22:31:18Z,,32.670200,77.417,credit_card_terminal,Payment via credit card or debit card terminal,USCPIE15694171*1
ChargePoint Network,,,5122191,5122191,CULLMANELECTRIC / STATION1-L,8482151,247,3188694891,2024-06-25T00:03:57Z,2024-06-25T00:50:16Z,,39.683399,69.498,credit_card_terminal,Payment via credit card or debit card terminal,USCPIE5122191*1
ChargePoint Network,,,15742641,15742641,GEA-1 / STATION 2 (R),25349301,247,3199418531,2024-06-29T14:20:10Z,2024-06-29T15:05:50Z,,33.259300,49.067,roaming,Payment via roaming partners,USCPIE15742641*1
ChargePoint Network,,,15332321,15332321,TUA NW ATLANTIC / STATION 1 (L),24867861,247,3199740211,2024-06-29T18:02:47Z,2024-06-29T18:53:19Z,,36.693600,54.243,credit_card_terminal,Payment via credit card or debit card terminal,USCPIE15332321*1
ChargePoint Network,,,15694171,15694171,BRIGHTRIDGE EV / STATION 1 (L),25292041,247,3196141741,2024-06-27T23:25:02Z,2024-06-27T23:56:39Z,,26.497299,71.964,credit_card_terminal,Payment via credit card or debit card terminal,USCPIE15694171*1
ChargePoint Network,,,5384781,5384781,7SPC / TRI-COUNTY EMC,9273701,3,3180316811,2024-06-20T22:00:20Z,2024-06-21T00:18:07Z,,16.640055,7.3608,membership,Payment by membership account and/or membership card,USCPIE5384781*2
ChargePoint Network,,,13643801,13643801,PEPA / STATION 2,23036481,247,3177412511,2024-06-19T17:48:24Z,2024-06-19T19:04:08Z,,41.294800,54.464,membership,Payment by membership account and/or membership card,USCPIE13643801*1
ChargePoint Network,,,15885771,15885771,TWICKENHAM SQ / HU - STATION 4,25521581,100011,3185987381,2024-06-23T20:08:04Z,2024-06-23T20:32:30Z,,17.789200,53.34,credit_card_terminal,Payment via credit card or debit card terminal,USCPIE15885771*1
ChargePoint Network,,,5466441,5466441,7SPC / NASA USSRC R,9079371,3,3189532601,2024-06-25T12:32:39Z,2024-06-25T18:54:18Z,,37.240635,6.2535,membership,Payment by membership account and/or membership card,USCPIE5466441*2
ChargePoint Network,,,15694171,15694171,BRIGHTRIDGE EV / STATION 1 (L),25292041,247,3186565241,2024-06-24T01:36:51Z,2024-06-24T02:13:52Z,,36.950600,76.83,credit_card_terminal,Payment via credit card or debit card terminal,USCPIE15694171*1
ChargePoint Network,,,15260241,15260241,STEMC / STATION 1 (L) A,24784071,247,3196676061,2024-06-28T03:57:02Z,2024-06-28T04:30:10Z,,31.910700,76.017,membership,Payment by membership account and/or membership card,USCPIE15260241*1
ChargePoint Network,,,5565191,5565191,7SPC / DOLLYWOOD EMPL,9205031,3,3166279741,2024-06-14T15:07:17Z,2024-06-14T17:28:52Z,,16.444052,7.1214,membership,Payment by membership account and/or membership card,USCPIE5565191*1
ChargePoint Network,,,1988061,1988061,7SPC / SCES DOLLYWOOD,25499841,3,3181569591,2024-06-21T13:28:21Z,2024-06-22T02:09:29Z,,0.000031,0.0088,membership,Payment by membership account and/or membership card,USCPIE1988061*2
ChargePoint Network,,,5619801,5619801,7SPC / WARREN RECC BG,9274251,3,3135883441,2024-06-01T05:30:31Z,2024-06-01T05:30:34Z,,0.000000,,other,Any other payment method not specified above. Additional description should be provided in Payment Method Description.,USCPIE5619801*1
ChargePoint Network,,,14025691,14025691,PARIS BPU / STATION 1(L),23489541,247,3145612811,2024-06-05T18:50:17Z,2024-06-05T21:27:46Z,,29.374399,54.02,membership,Payment by membership account and/or membership card,USCPIE14025691*1
ChargePoint Network,,,1932851,1932851,BRIGHTRIDGE EV / BR-JC LIBRARY,23319821,3,3199632921,2024-06-29T16:54:36Z,2024-06-29T16:56:36Z,,0.000000,,membership,Payment by membership account and/or membership card,USCPIE1932851*2
ChargePoint Network,,,5346231,5346231,CULLMANELECTRIC / STATION2-R,8926271,247,3148833561,2024-06-06T23:09:08Z,2024-06-06T23:40:47Z,,28.269199,64.078,membership,Payment by membership account and/or membership card,USCPIE5346231*1
ChargePoint Network,,,13664471,13664471,BTES / STATION 3 (RM),23060511,247,3140417731,2024-06-03T17:14:40Z,2024-06-03T18:22:17Z,,67.641296,71.874,membership,Payment by membership account and/or membership card,USCPIE13664471*1
ChargePoint Network,,,15623211,15623211,CLW / 5TH ST 2 (R),25208281,247,3156349291,2024-06-10T15:58:53Z,2024-06-10T16:43:21Z,,38.709599,75.648,membership,Payment by membership account and/or membership card,USCPIE15623211*1
ChargePoint Network,,,5384781,5384781,7SPC / TRI-COUNTY EMC,9273701,3,3154254771,2024-06-09T15:51:29Z,2024-06-09T16:23:00Z,,3.702905,7.2856,credit_card_terminal,Payment via credit card or debit card terminal,USCPIE5384781*2
ChargePoint Network,,,12720881,12720881,WRECC / STATION 1,21977141,247,3193729401,2024-06-27T00:18:48Z,2024-06-27T00:19:03Z,,0.000000,0.0,membership,Payment by membership account and/or membership card,USCPIE12720881*1
ChargePoint Network,,,13290491,13290491,7SPC / NASA USSRC L,22634931,3,3148179961,2024-06-06T18:39:58Z,2024-06-06T20:25:52Z,,5.804968,5.9626,credit_card_terminal,Payment via credit card or debit card terminal,USCPIE13290491*1
ChargePoint Network,,,13664471,13664471,BTES / STATION 3 (RM),23060511,247,3182043951,2024-06-21T16:57:46Z,2024-06-21T17:17:03Z,,29.699499,123.508,membership,Payment by membership account and/or membership card,USCPIE13664471*1
ChargePoint Network,,,13966851,13966851,BEA / STATION 1 (LL),23420911,247,3195797981,2024-06-27T20:53:25Z,2024-06-27T22:03:02Z,,62.496498,79.183,membership,Payment by membership account and/or membership card,USCPIE13966851*1
ChargePoint Network,,,12720881,12720881,WRECC / STATION 1,21977141,247,3151004451,2024-06-07T20:50:33Z,2024-06-07T20:51:50Z,,0.000000,0.0,membership,Payment by membership account and/or membership card,USCPIE12720881*1
ChargePoint Network,,,8851921,8851921,7SPC / SEVIERVILLE DC1,15571271,207,3196119521,2024-06-27T23:15:39Z,2024-06-28T00:01:24Z,,44.562099,61.712,membership,Payment by membership account and/or membership card,USCPIE8851921*1
ChargePoint Network,,,15684341,15684341,MLEC / STATION 2 (R) W,25280201,247,3188861191,2024-06-25T01:21:11Z,2024-06-25T01:35:56Z,,12.294500,53.789,credit_card_terminal,Payment via credit card or debit card terminal,USCPIE15684341*1
ChargePoint Network,,,14083151,14083151,STEMC / STATION 2 (R) H,23554701,247,3180629031,2024-06-21T00:18:02Z,2024-06-21T01:25:24Z,,75.686302,78.0,membership,Payment by membership account and/or membership card,USCPIE14083151*1
ChargePoint Network,,,15548151,15548151,DECATURDOWNTWN / STATION 1 (R),25119511,247,3139927081,2024-06-03T14:07:21Z,2024-06-03T14:25:14Z,,16.338699,75.833,membership,Payment by membership account and/or membership card,USCPIE15548151*1
ChargePoint Network,,,15694171,15694171,BRIGHTRIDGE EV / STATION 1 (L),25292041,247,3200007521,2024-06-29T20:42:43Z,2024-06-29T21:51:52Z,,54.808498,75.041,membership,Payment by membership account and/or membership card,USCPIE15694171*1
ChargePoint Network,,,5122191,5122191,CULLMANELECTRIC / STATION1-L,8482151,247,3180364241,2024-06-20T22:21:15Z,2024-06-20T22:36:34Z,,19.997801,81.774,membership,Payment by membership account and/or membership card,USCPIE5122191*1
ChargePoint Network,,,15694081,15694081,BRIGHTRIDGE EV / STATION 2 (R),25291921,247,3192199131,2024-06-26T13:43:54Z,2024-06-26T13:59:07Z,,24.159700,0.0,membership,Payment by membership account and/or membership card,USCPIE15694081*1
ChargePoint Network,,,5466441,5466441,7SPC / NASA USSRC R,9079371,3,3199946771,2024-06-29T20:06:59Z,2024-06-30T04:48:31Z,,52.764812,6.1276,membership,Payment by membership account and/or membership card,USCPIE5466441*2
ChargePoint Network,,,12406491,12406491,FPIA / LEFT STATION,21527781,247,3143910281,2024-06-05T00:50:39Z,2024-06-05T00:55:04Z,,3.402000,0.0,membership,Payment by membership account and/or membership card,USCPIE12406491*1
ChargePoint Network,,,15694081,15694081,BRIGHTRIDGE EV / STATION 2 (R),25291921,247,3182639781,2024-06-21T21:36:17Z,2024-06-21T21:38:51Z,,0.000000,0.0,membership,Payment by membership account and/or membership card,USCPIE15694081*1
ChargePoint Network,,,13966851,13966851,BEA / STATION 1 (LL),23420911,247,3151267961,2024-06-07T22:49:40Z,2024-06-07T23:48:20Z,,56.138599,70.421,membership,Payment by membership account and/or membership card,USCPIE13966851*1
ChargePoint Network,,,15332351,15332351,TUA NW ATLANTIC / STATION 2 (R),24867891,247,3190646801,2024-06-25T20:22:06Z,2024-06-25T20:52:34Z,,20.513000,54.243,credit_card_terminal,Payment via credit card or debit card terminal,USCPIE15332351*1
ChargePoint Network,,,1988141,1988141,7SPC / SCES DREAM MORE,2355561,3,3182904171,2024-06-21T23:46:45Z,2024-06-22T10:14:09Z,,37.559105,6.9592,membership,Payment by membership account and/or membership card,USCPIE1988141*1
ChargePoint Network,,,5122191,5122191,CULLMANELECTRIC / STATION1-L,8482151,247,3157277621,2024-06-10T22:52:34Z,2024-06-10T23:09:26Z,,17.937799,70.685,membership,Payment by membership account and/or membership card,USCPIE5122191*1
ChargePoint Network,,,12720861,12720861,WRECC / STATION 2,21977121,247,3195689541,2024-06-27T20:06:30Z,2024-06-27T20:10:40Z,,0.000000,0.0,membership,Payment by membership account and/or membership card,USCPIE12720861*1
ChargePoint Network,,,5466441,5466441,7SPC / NASA USSRC R,9079371,3,3165900771,2024-06-14T11:40:22Z,2024-06-14T21:10:59Z,,26.617973,5.9678,membership,Payment by membership account and/or membership card,USCPIE5466441*2
ChargePoint Network,,,15694171,15694171,BRIGHTRIDGE EV / STATION 1 (L),25292041,247,3170539631,2024-06-16T18:05:27Z,2024-06-16T18:49:11Z,,38.069401,76.635,membership,Payment by membership account and/or membership card,USCPIE15694171*1
ChargePoint Network,,,12406401,12406401,FPIA / RIGHT STATION,21527671,247,3143946501,2024-06-05T01:02:15Z,2024-06-05T01:33:58Z,,32.252899,78.208,membership,Payment by membership account and/or membership card,USCPIE12406401*1
ChargePoint Network,,,8851921,8851921,7SPC / SEVIERVILLE DC1,15571271,207,3139798151,2024-06-03T13:00:35Z,2024-06-03T13:34:50Z,,25.252300,53.193,membership,Payment by membership account and/or membership card,USCPIE8851921*1
ChargePoint Network,,,12406491,12406491,FPIA / LEFT STATION,21527781,247,3189716541,2024-06-25T14:02:08Z,2024-06-25T14:36:08Z,,32.042099,74.663,credit_card_terminal,Payment via credit card or debit card terminal,USCPIE12406491*1
ChargePoint Network,,,15623231,15623231,CLW / 5TH ST 1 (L),25208301,247,3182125601,2024-06-21T17:36:04Z,2024-06-21T18:01:22Z,,29.782700,75.853,membership,Payment by membership account and/or membership card,USCPIE15623231*1
ChargePoint Network,,,5346231,5346231,CULLMANELECTRIC / STATION2-R,8926271,247,3143044021,2024-06-04T18:32:45Z,2024-06-04T18:49:21Z,,18.571800,72.468,membership,Payment by membership account and/or membership card,USCPIE5346231*1
ChargePoint Network,,,15885771,15885771,TWICKENHAM SQ / HU - STATION 4,25521581,100011,3183289871,2024-06-22T03:05:33Z,2024-06-22T03:06:06Z,,0.000000,0.0,membership,Payment by membership account and/or membership card,USCPIE15885771*1
ChargePoint Network,,,5384781,5384781,7SPC / TRI-COUNTY EMC,9273701,3,3199409921,2024-06-29T14:12:40Z,2024-06-29T15:57:45Z,,12.649746,7.2804,membership,Payment by membership account and/or membership card,USCPIE5384781*2
ChargePoint Network,,,15623231,15623231,CLW / 5TH ST 1 (L),25208301,247,3198189211,2024-06-28T21:08:07Z,2024-06-28T21:33:05Z,,23.159901,72.468,membership,Payment by membership account and/or membership card,USCPIE15623231*1
ChargePoint Network,,,15280441,15280441,SPRFLD ELECTRIC / STATION 2 (R),24807641,247,3145056171,2024-06-05T15:07:34Z,2024-06-05T15:52:15Z,,36.179798,57.986,other,Any other payment method not specified above. Additional description should be provided in Payment Method Description.,USCPIE15280441*1
ChargePoint Network,,,12720861,12720861,WRECC / STATION 2,21977121,247,3175680251,2024-06-18T21:22:19Z,2024-06-18T22:10:29Z,,54.562099,73.283,membership,Payment by membership account and/or membership card,USCPIE12720861*1
ChargePoint Network,,,12989161,12989161,BTES / CITY HALL,22285821,3,3194572601,2024-06-27T12:20:28Z,2024-06-27T21:06:55Z,,29.861279,7.0877,membership,Payment by membership account and/or membership card,USCPIE12989161*2
ChargePoint Network,,,13423581,13423581,AEC / STATION #2 (R),22787011,247,3188299001,2024-06-24T21:01:02Z,2024-06-24T22:00:40Z,,55.132301,71.344,credit_card_terminal,Payment via credit card or debit card terminal,USCPIE13423581*1
ChargePoint Network,,,1988061,1988061,7SPC / SCES DOLLYWOOD,25499841,3,3155999071,2024-06-10T13:47:26Z,2024-06-10T18:59:46Z,,14.598483,7.0688,credit_card_terminal,Payment via credit card or debit card terminal,USCPIE1988061*2
ChargePoint Network,,,15885251,15885251,TWICKENHAM SQ / HU - STATION 1,25520941,247,3192781731,2024-06-26T17:24:44Z,2024-06-26T17:37:35Z,,14.433800,70.0,membership,Payment by membership account and/or membership card,USCPIE15885251*1
ChargePoint Network,,,13651631,13651631,MLEC / STATION 2 (R) H,23045821,247,3182266361,2024-06-21T18:44:47Z,2024-06-21T19:27:20Z,,47.523899,69.737,membership,Payment by membership account and/or membership card,USCPIE13651631*1
ChargePoint Network,,,8851921,8851921,7SPC / SEVIERVILLE DC1,15571271,207,3160733431,2024-06-12T11:18:13Z,2024-06-12T12:04:16Z,,26.411400,56.363,membership,Payment by membership account and/or membership card,USCPIE8851921*1
ChargePoint Network,,,1932851,1932851,BRIGHTRIDGE EV / BR-JC LIBRARY,23319821,3,3151694331,2024-06-08T02:18:14Z,2024-06-08T03:00:02Z,,4.792060,7.2252,membership,Payment by membership account and/or membership card,USCPIE1932851*2
ChargePoint Network,,,14359491,14359491,EBOFG / STATION 1 (L),23870291,247,3144987921,2024-06-05T14:42:40Z,2024-06-05T14:44:45Z,,0.000000,0.0,membership,Payment by membership account and/or membership card,USCPIE14359491*1
ChargePoint Network,,,13643801,13643801,PEPA / STATION 2,23036481,247,3177397061,2024-06-19T17:39:32Z,2024-06-19T17:40:49Z,,0.000000,0.0,membership,Payment by membership account and/or membership card,USCPIE13643801*1
ChargePoint Network,,,15280441,15280441,SPRFLD ELECTRIC / STATION 2 (R),24807641,247,3188718241,2024-06-25T00:15:12Z,2024-06-25T01:53:20Z,,58.720200,53.279,membership,Payment by membership account and/or membership card,USCPIE15280441*1
ChargePoint Network,,,15694171,15694171,BRIGHTRIDGE EV / STATION 1 (L),25292041,247,3193024581,2024-06-26T19:14:25Z,2024-06-26T19:39:55Z,,15.593700,73.655,credit_card_terminal,Payment via credit card or debit card terminal,USCPIE15694171*1
ChargePoint Network,,,15694081,15694081,BRIGHTRIDGE EV / STATION 2 (R),25291921,247,3200002781,2024-06-29T20:40:00Z,2024-06-29T21:23:21Z,,38.945099,68.8,membership,Payment by membership account and/or membership card,USCPIE15694081*1
ChargePoint Network,,,1844191,1844191,CLW / MAIN ST,23050431,3,3145610081,2024-06-05T18:48:39Z,2024-06-05T21:33:16Z,,18.854879,6.9845,membership,Payment by membership account and/or membership card,USCPIE1844191*1
ChargePoint Network,,,5619801,5619801,7SPC / WARREN RECC BG,9274261,3,3167754501,2024-06-15T02:08:09Z,2024-06-15T02:10:09Z,,0.000000,0.0,membership,Payment by membership account and/or membership card,USCPIE5619801*2
ChargePoint Network,,,8851921,8851921,7SPC / SEVIERVILLE DC1,15571271,207,3168306701,2024-06-15T12:03:38Z,2024-06-15T12:37:17Z,,30.091299,55.386,membership,Payment by membership account and/or membership card,USCPIE8851921*1
ChargePoint Network,,,15742641,15742641,GEA-1 / STATION 2 (R),,,3177963561,2024-06-19T22:45:09Z,2024-06-19T22:47:10Z,,0.000000,,phone_online,"Payment through mobile app, website, automated phone number or messaging system",USCPIE15742641*0
ChargePoint Network,,,15694081,15694081,BRIGHTRIDGE EV / STATION 2 (R),25291921,247,3195644371,2024-06-27T19:46:46Z,2024-06-27T20:12:29Z,,21.351999,76.633,credit_card_terminal,Payment via credit card or debit card terminal,USCPIE15694081*1
ChargePoint Network,,,1988061,1988061,7SPC / SCES DOLLYWOOD,25499841,3,3171240641,2024-06-17T00:52:52Z,2024-06-17T02:24:18Z,,10.961510,7.3328,membership,Payment by membership account and/or membership card,USCPIE1988061*2
ChargePoint Network,,,8851921,8851921,7SPC / SEVIERVILLE DC1,15571271,207,3197566861,2024-06-28T16:19:41Z,2024-06-28T17:07:03Z,,36.223701,57.833,membership,Payment by membership account and/or membership card,USCPIE8851921*1
ChargePoint Network,,,7173851,7173851,SCOTTSBORO EPB / MAIN OFFICE,12310861,3,3168598331,2024-06-15T16:06:16Z,2024-06-15T20:26:52Z,,31.267376,7.3239,membership,Payment by membership account and/or membership card,USCPIE7173851*1
ChargePoint Network,,,15555831,15555831,FPU / STATION 2 (R),25128511,247,3163013731,2024-06-13T04:40:59Z,2024-06-13T04:41:19Z,,0.000000,0.0,membership,Payment by membership account and/or membership card,USCPIE15555831*1
ChargePoint Network,,,14097711,14097711,SCOTTSBORO EPB / SEPB DCFC (R),23570811,247,3190075701,2024-06-25T16:12:39Z,2024-06-25T16:35:49Z,,14.895100,52.772,membership,Payment by membership account and/or membership card,USCPIE14097711*1
ChargePoint Network,,,15694081,15694081,BRIGHTRIDGE EV / STATION 2 (R),25291921,247,3138098321,2024-06-02T15:05:15Z,2024-06-02T16:11:46Z,,58.700901,71.082,membership,Payment by membership account and/or membership card,USCPIE15694081*1
ChargePoint Network,,,5346231,5346231,CULLMANELECTRIC / STATION2-R,8926271,247,3167714111,2024-06-15T01:50:42Z,2024-06-15T02:17:24Z,,47.953701,123.199,membership,Payment by membership account and/or membership card,USCPIE5346231*1
ChargePoint Network,,,14097801,14097801,SCOTTSBORO EPB / SEPB DCFC (L),23570921,247,3184521281,2024-06-22T21:55:46Z,2024-06-22T22:21:54Z,,7.596500,73.199,membership,Payment by membership account and/or membership card,USCPIE14097801*1
ChargePoint Network,,,5350831,5350831,CULLMANELECTRIC / CEC MAIN OFFICE,8932491,3,3148984821,2024-06-07T00:15:19Z,2024-06-07T01:21:07Z,,6.621145,6.1383,membership,Payment by membership account and/or membership card,USCPIE5350831*1
ChargePoint Network,,,15548151,15548151,DECATURDOWNTWN / STATION 1 (R),,,3182800901,2024-06-21T22:53:18Z,2024-06-21T22:55:19Z,,0.000000,,membership,Payment by membership account and/or membership card,USCPIE15548151*0
ChargePoint Network,,,5466441,5466441,7SPC / NASA USSRC R,9079371,3,3199425181,2024-06-29T14:25:23Z,2024-06-29T17:35:01Z,,12.422368,6.0655,membership,Payment by membership account and/or membership card,USCPIE5466441*2
ChargePoint Network,,,1988141,1988141,7SPC / SCES DREAM MORE,2355571,3,3136870961,2024-06-01T20:26:47Z,2024-06-02T00:53:02Z,,15.621819,3.7752,membership,Payment by membership account and/or membership card,USCPIE1988141*2
ChargePoint Network,,,8851921,8851921,7SPC / SEVIERVILLE DC1,,,3177908041,2024-06-19T22:16:18Z,2024-06-19T22:18:19Z,,0.000000,,membership,Payment by membership account and/or membership card,USCPIE8851921*0
ChargePoint Network,,,5363211,5363211,HARTSELLE 1 / HARTSELLE 1,23427581,3,3140946871,2024-06-03T21:21:00Z,2024-06-03T21:34:32Z,,1.503408,7.0738,credit_card_terminal,Payment via credit card or debit card terminal,USCPIE5363211*2
ChargePoint Network,,,1921531,1921531,STARKVILLE UTIL / STARKVILLE REC,2268551,3,3167269841,2024-06-14T22:20:25Z,2024-06-14T22:21:43Z,,0.000000,0.0,membership,Payment by membership account and/or membership card,USCPIE1921531*1
ChargePoint Network,,,5346231,5346231,CULLMANELECTRIC / STATION2-R,8926271,247,3158181391,2024-06-11T11:13:17Z,2024-06-11T11:41:44Z,,17.645100,54.102,other,Any other payment method not specified above. Additional description should be provided in Payment Method Description.,USCPIE5346231*1
ChargePoint Network,,,12720881,12720881,WRECC / STATION 1,21977141,247,3193730881,2024-06-27T00:19:35Z,2024-06-27T01:17:07Z,,38.759800,54.9,membership,Payment by membership account and/or membership card,USCPIE12720881*1
ChargePoint Network,,,13664401,13664401,BTES / STATION 1 (LL),23060421,247,3177892141,2024-06-19T22:09:58Z,2024-06-19T22:35:08Z,,24.963800,61.799,membership,Payment by membership account and/or membership card,USCPIE13664401*1
ChargePoint Network,,,13606091,13606091,I24 EXIT11 / STATION 3 (RM),22992551,247,3185812761,2024-06-23T18:22:19Z,2024-06-23T18:23:15Z,,0.000000,0.0,membership,Payment by membership account and/or membership card,USCPIE13606091*1
ChargePoint Network,,,15694171,15694171,BRIGHTRIDGE EV / STATION 1 (L),25292041,247,3137299061,2024-06-02T00:24:16Z,2024-06-02T00:24:31Z,,0.000000,0.0,membership,Payment by membership account and/or membership card,USCPIE15694171*1
ChargePoint Network,,,13606141,13606141,I24 EXIT11 / STATION 1 (LL),22992611,247,3199625241,2024-06-29T16:50:46Z,2024-06-29T17:10:42Z,,9.353900,44.159,membership,Payment by membership account and/or membership card,USCPIE13606141*1
ChargePoint Network,,,5466441,5466441,7SPC / NASA USSRC R,9079361,3,3176348101,2024-06-19T02:27:06Z,2024-06-19T12:24:29Z,,59.938606,6.1295,membership,Payment by membership account and/or membership card,USCPIE5466441*1
ChargePoint Network,,,5565191,5565191,7SPC / DOLLYWOOD EMPL,9205041,3,3158514511,2024-06-11T14:16:35Z,2024-06-11T15:19:54Z,,3.954153,3.7772,membership,Payment by membership account and/or membership card,USCPIE5565191*2
ChargePoint Network,,,14337501,14337501,HOLSTONELECTRIC / CHURCH HILL-2,23845091,100011,3146064481,2024-06-05T22:02:15Z,2024-06-05T22:56:03Z,,39.527699,52.958,membership,Payment by membership account and/or membership card,USCPIE14337501*1
ChargePoint Network,,,15293211,15293211,TRNG CENTER / TRAININGCENTER1,24823101,3,3156932001,2024-06-10T20:16:06Z,2024-06-10T20:26:44Z,,0.900039,6.0156,membership,Payment by membership account and/or membership card,USCPIE15293211*1
ChargePoint Network,,,9677521,9677521,UT PARKING / S7 STATION 1,17169341,3,3182050921,2024-06-21T17:00:43Z,2024-06-22T14:19:23Z,,94.694565,7.0862,membership,Payment by membership account and/or membership card,USCPIE9677521*2
ChargePoint Network,,,1988061,1988061,7SPC / SCES DOLLYWOOD,25499841,3,3149997381,2024-06-07T13:33:31Z,2024-06-07T15:29:16Z,,10.724319,7.0436,membership,Payment by membership account and/or membership card,USCPIE1988061*2
ChargePoint Network,,,13651631,13651631,MLEC / STATION 2 (R) H,23045821,100011,3184195791,2024-06-22T18:39:09Z,2024-06-22T19:52:29Z,,12.565500,11.748,membership,Payment by membership account and/or membership card,USCPIE13651631*1
ChargePoint Network,,,5354011,5354011,7SPC / GREENEVILLE TA,8936791,207,3156637021,2024-06-10T18:01:44Z,2024-06-10T19:38:21Z,,80.449501,57.0,membership,Payment by membership account and/or membership card,USCPIE5354011*1
ChargePoint Network,,,5466441,5466441,7SPC / NASA USSRC R,9079371,3,3138116761,2024-06-02T15:20:26Z,2024-06-02T19:25:10Z,,19.264397,6.1517,membership,Payment by membership account and/or membership card,USCPIE5466441*2
ChargePoint Network,,,13290491,13290491,7SPC / NASA USSRC L,22634941,3,3145534681,2024-06-05T18:11:52Z,2024-06-05T18:21:47Z,,0.897842,5.9662,membership,Payment by membership account and/or membership card,USCPIE13290491*2
ChargePoint Network,,,14359491,14359491,EBOFG / STATION 1 (L),23870291,247,3145957171,2024-06-05T21:16:58Z,2024-06-05T21:17:29Z,,0.000000,0.0,membership,Payment by membership account and/or membership card,USCPIE14359491*1
ChargePoint Network,,,5565241,5565241,7SPC / SCES LECONTE 4,9205101,3,3138262241,2024-06-02T17:05:57Z,2024-06-02T17:09:08Z,,0.304578,6.9869,credit_card_terminal,Payment via credit card or debit card terminal,USCPIE5565241*1
ChargePoint Network,,,13606061,13606061,I24 EXIT11 / STATION 4 (RR),,,3148737931,2024-06-06T22:27:37Z,2024-06-06T22:29:39Z,,0.000000,,membership,Payment by membership account and/or membership card,USCPIE13606061*0
ChargePoint Network,,,13423691,13423691,AEC / STATION #1 (L),22787121,247,3140995711,2024-06-03T21:43:07Z,2024-06-03T22:04:46Z,,33.699001,123.045,membership,Payment by membership account and/or membership card,USCPIE13423691*1
ChargePoint Network,,,8851921,8851921,7SPC / SEVIERVILLE DC1,15571271,100011,3184645971,2024-06-22T23:07:31Z,2024-06-22T23:42:25Z,,1.535800,11.338,membership,Payment by membership account and/or membership card,USCPIE8851921*1
ChargePoint Network,,,15640171,15640171,NECDC / STATION 2 (R),25228711,247,3170950311,2024-06-16T22:12:45Z,2024-06-16T22:47:49Z,,35.853100,76.625,other,Any other payment method not specified above. Additional description should be provided in Payment Method Description.,USCPIE15640171*1
ChargePoint Network,,,13664401,13664401,BTES / STATION 1 (LL),23060421,247,3177708501,2024-06-19T20:34:39Z,2024-06-19T20:57:40Z,,21.665400,58.063,membership,Payment by membership account and/or membership card,USCPIE13664401*1
ChargePoint Network,,,9777021,9777021,CRMC / CRMC-2- L2RIGHT,17361741,3,3181557131,2024-06-21T13:20:43Z,2024-06-21T18:08:47Z,,34.412331,7.3202,membership,Payment by membership account and/or membership card,USCPIE9777021*1
ChargePoint Network,,,1964521,1964521,EBOFG / GUNTERSVILLE PD,8374211,3,3188355821,2024-06-24T21:27:01Z,2024-06-24T23:50:20Z,,17.205811,7.4089,phone_online,"Payment through mobile app, website, automated phone number or messaging system",USCPIE1964521*2
ChargePoint Network,,,1988141,1988141,7SPC / SCES DREAM MORE,2355561,3,3145681471,2024-06-05T19:19:13Z,2024-06-05T22:39:50Z,,23.512089,7.2249,membership,Payment by membership account and/or membership card,USCPIE1988141*1
ChargePoint Network,,,15280471,15280471,SPRFLD ELECTRIC / STATION 1 (L),24807681,247,3136015561,2024-06-01T09:13:51Z,2024-06-01T09:44:17Z,,9.205500,43.973,credit_card_terminal,Payment via credit card or debit card terminal,USCPIE15280471*1
ChargePoint Network,,,1844191,1844191,CLW / MAIN ST,23050441,3,3148660221,2024-06-06T21:57:26Z,2024-06-07T01:28:52Z,,25.340906,7.2812,credit_card_terminal,Payment via credit card or debit card terminal,USCPIE1844191*2
ChargePoint Network,,,14047321,14047321,JEFFERSON AVE. / OXFORD STA2(R),,,3166800181,2024-06-14T18:51:17Z,2024-06-14T18:51:21Z,,0.000000,,membership,Payment by membership account and/or membership card,USCPIE14047321*0
ChargePoint Network,,,7505851,7505851,JEFFERSON AVE. / OXFORD STA1(L),12955471,247,3182336261,2024-06-21T19:17:34Z,2024-06-21T21:02:52Z,,46.080700,53.25,membership,Payment by membership account and/or membership card,USCPIE7505851*1
ChargePoint Network,,,7173851,7173851,SCOTTSBORO EPB / MAIN OFFICE,12310861,3,3140827941,2024-06-03T20:25:48Z,2024-06-03T20:26:30Z,,0.000000,,credit_card_terminal,Payment via credit card or debit card terminal,USCPIE7173851*1
ChargePoint Network,,,15694081,15694081,BRIGHTRIDGE EV / STATION 2 (R),25291921,100011,3188048041,2024-06-24T19:09:43Z,2024-06-24T19:25:07Z,,2.358600,30.172,membership,Payment by membership account and/or membership card,USCPIE15694081*1
ChargePoint Network,,,1932851,1932851,BRIGHTRIDGE EV / BR-JC LIBRARY,23319821,3,3145064341,2024-06-05T15:10:42Z,2024-06-05T15:32:02Z,,2.470791,7.0847,membership,Payment by membership account and/or membership card,USCPIE1932851*2
ChargePoint Network,,,13606121,13606121,I24 EXIT11 / STATION 2 (LM),22992591,247,3189236251,2024-06-25T05:32:58Z,2024-06-25T06:14:45Z,,34.249100,54.316,membership,Payment by membership account and/or membership card,USCPIE13606121*1
ChargePoint Network,,,5122191,5122191,CULLMANELECTRIC / STATION1-L,8482151,247,3165049401,2024-06-14T00:04:01Z,2024-06-14T00:16:26Z,,12.035900,74.071,membership,Payment by membership account and/or membership card,USCPIE5122191*1
ChargePoint Network,,,12406401,12406401,FPIA / RIGHT STATION,21527671,247,3191473631,2024-06-26T02:32:40Z,2024-06-26T03:04:30Z,,32.801701,77.615,membership,Payment by membership account and/or membership card,USCPIE12406401*1
ChargePoint Network,,,14025691,14025691,PARIS BPU / STATION 1(L),23489541,247,3181131511,2024-06-21T04:40:26Z,2024-06-21T05:49:19Z,,67.114304,77.223,membership,Payment by membership account and/or membership card,USCPIE14025691*1
ChargePoint Network,,,12720861,12720861,WRECC / STATION 2,21977121,247,3142217231,2024-06-04T12:52:58Z,2024-06-04T12:54:37Z,,0.000000,0.0,other,Any other payment method not specified above. Additional description should be provided in Payment Method Description.,USCPIE12720861*1
ChargePoint Network,,,1964521,1964521,EBOFG / GUNTERSVILLE PD,8374201,3,3154028511,2024-06-09T11:26:55Z,2024-06-09T15:14:25Z,,26.399494,7.1823,membership,Payment by membership account and/or membership card,USCPIE1964521*1
ChargePoint Network,,,14097801,14097801,SCOTTSBORO EPB / SEPB DCFC (L),23570921,247,3145613761,2024-06-05T18:50:43Z,2024-06-05T18:51:51Z,,0.000000,0.0,membership,Payment by membership account and/or membership card,USCPIE14097801*1
ChargePoint Network,,,13966051,13966051,BEA / STATION 3 (RM),23419981,247,3152325531,2024-06-08T13:44:52Z,2024-06-08T13:54:32Z,,12.190700,0.0,membership,Payment by membership account and/or membership card,USCPIE13966051*1
ChargePoint Network,,,1988061,1988061,7SPC / SCES DOLLYWOOD,25499841,3,3178056731,2024-06-19T23:35:43Z,2024-06-19T23:35:47Z,,0.000000,,membership,Payment by membership account and/or membership card,USCPIE1988061*2
ChargePoint Network,,,15694171,15694171,BRIGHTRIDGE EV / STATION 1 (L),25292041,247,3192758491,2024-06-26T17:14:13Z,2024-06-26T17:38:20Z,,28.009800,73.458,credit_card_terminal,Payment via credit card or debit card terminal,USCPIE15694171*1
ChargePoint Network,,,14355271,14355271,HARTSELLE 1 / STATION 1 (L),23865711,247,3193459511,2024-06-26T22:19:12Z,2024-06-26T23:45:20Z,,49.237499,75.456,membership,Payment by membership account and/or membership card,USCPIE14355271*1
ChargePoint Network,,,5565241,5565241,7SPC / SCES LECONTE 4,9205111,3,3162035091,2024-06-12T20:50:18Z,2024-06-12T22:06:35Z,,4.142008,3.7508,membership,Payment by membership account and/or membership card,USCPIE5565241*2
ChargePoint Network,,,13026471,13026471,WCMES / CITYHALL2-R,22328331,247,3143095931,2024-06-04T18:57:24Z,2024-06-04T20:01:24Z,,64.540604,76.241,membership,Payment by membership account and/or membership card,USCPIE13026471*1
ChargePoint Network,,,15640031,15640031,NECDC / STATION 1 (L),,,3173095451,2024-06-17T20:50:51Z,2024-06-17T20:52:16Z,,0.000000,,credit_card_terminal,Payment via credit card or debit card terminal,USCPIE15640031*0
ChargePoint Network,,,13606061,13606061,I24 EXIT11 / STATION 4 (RR),22992511,247,3141591261,2024-06-04T02:23:20Z,2024-06-04T02:23:42Z,,0.000000,0.0,credit_card_terminal,Payment via credit card or debit card terminal,USCPIE13606061*1
ChargePoint Network,,,12720881,12720881,WRECC / STATION 1,21977141,247,3153939621,2024-06-09T07:09:02Z,2024-06-09T07:09:55Z,,0.000000,0.0,membership,Payment by membership account and/or membership card,USCPIE12720881*1
ChargePoint Network,,,15332321,15332321,TUA NW ATLANTIC / STATION 1 (L),24867861,247,3185539311,2024-06-23T15:17:27Z,2024-06-23T16:11:46Z,,63.811100,76.047,membership,Payment by membership account and/or membership card,USCPIE15332321*1
ChargePoint Network,,,1988141,1988141,7SPC / SCES DREAM MORE,2355571,3,3195880581,2024-06-27T21:30:45Z,2024-06-28T02:05:04Z,,32.338291,7.207,membership,Payment by membership account and/or membership card,USCPIE1988141*2
ChargePoint Network,,,13606061,13606061,I24 EXIT11 / STATION 4 (RR),22992511,247,3148166651,2024-06-06T18:33:46Z,2024-06-06T19:00:54Z,,13.948400,53.136,other,Any other payment method not specified above. Additional description should be provided in Payment Method Description.,USCPIE13606061*1
ChargePoint Network,,,5565241,5565241,7SPC / SCES LECONTE 4,9205101,3,3185936161,2024-06-23T19:35:49Z,2024-06-23T23:23:44Z,,8.872187,3.7899,membership,Payment by membership account and/or membership card,USCPIE5565241*1
ChargePoint Network,,,15250771,15250771,SES-TN / STATION 1,24772691,247,3140259661,2024-06-03T16:08:38Z,2024-06-03T16:15:41Z,,6.695500,64.152,membership,Payment by membership account and/or membership card,USCPIE15250771*1
ChargePoint Network,,,9745721,9745721,CRMC / CRMC-1 - L2LEFT,17301471,3,3195352721,2024-06-27T17:37:14Z,2024-06-27T19:06:40Z,,10.805859,7.3344,membership,Payment by membership account and/or membership card,USCPIE9745721*1
ChargePoint Network,,,12720861,12720861,WRECC / STATION 2,21977121,247,3158559931,2024-06-11T14:35:05Z,2024-06-11T15:24:42Z,,41.644199,84.017,membership,Payment by membership account and/or membership card,USCPIE12720861*1
ChargePoint Network,,,13606061,13606061,I24 EXIT11 / STATION 4 (RR),22992511,247,3183145891,2024-06-22T01:55:32Z,2024-06-22T01:56:02Z,,0.000000,0.0,credit_card_terminal,Payment via credit card or debit card terminal,USCPIE13606061*1
ChargePoint Network,,,5346231,5346231,CULLMANELECTRIC / STATION2-R,8926271,247,3147598791,2024-06-06T14:53:32Z,2024-06-06T15:14:07Z,,22.270100,73.655,membership,Payment by membership account and/or membership card,USCPIE5346231*1
ChargePoint Network,,,5354011,5354011,7SPC / GREENEVILLE TA,8936791,207,3153152581,2024-06-08T22:09:50Z,2024-06-08T22:24:27Z,,13.147800,56.672,membership,Payment by membership account and/or membership card,USCPIE5354011*1
ChargePoint Network,,,12720861,12720861,WRECC / STATION 2,21977121,247,3136020691,2024-06-01T09:34:13Z,2024-06-01T09:36:27Z,,0.000000,0.0,membership,Payment by membership account and/or membership card,USCPIE12720861*1
ChargePoint Network,,,15332321,15332321,TUA NW ATLANTIC / STATION 1 (L),24867861,247,3150683581,2024-06-07T18:31:00Z,2024-06-07T19:03:51Z,,35.847099,74.294,credit_card_terminal,Payment via credit card or debit card terminal,USCPIE15332321*1
ChargePoint Network,,,5619801,5619801,7SPC / WARREN RECC BG,9274261,3,3151205761,2024-06-07T22:20:28Z,2024-06-07T22:33:15Z,,0.786064,3.9144,credit_card_terminal,Payment via credit card or debit card terminal,USCPIE5619801*2
ChargePoint Network,,,14047321,14047321,JEFFERSON AVE. / OXFORD STA2(R),23514081,247,3166801051,2024-06-14T18:51:42Z,2024-06-14T19:14:36Z,,26.686100,71.042,membership,Payment by membership account and/or membership card,USCPIE14047321*1
ChargePoint Network,,,5122191,5122191,CULLMANELECTRIC / STATION1-L,8482151,247,3138390931,2024-06-02T18:26:46Z,2024-06-02T19:06:48Z,,43.507099,77.617,membership,Payment by membership account and/or membership card,USCPIE5122191*1
ChargePoint Network,,,12406491,12406491,FPIA / LEFT STATION,21527781,247,3186306951,2024-06-23T23:08:08Z,2024-06-23T23:19:05Z,,13.960500,81.557,membership,Payment by membership account and/or membership card,USCPIE12406491*1
ChargePoint Network,,,5346231,5346231,CULLMANELECTRIC / STATION2-R,,,3177342721,2024-06-19T17:07:02Z,2024-06-19T17:09:03Z,,0.000000,0.0,membership,Payment by membership account and/or membership card,USCPIE5346231*0
ChargePoint Network,,,1988061,1988061,7SPC / SCES DOLLYWOOD,25499841,3,3163737131,2024-06-13T14:59:41Z,2024-06-13T22:57:36Z,,41.236645,7.219,credit_card_terminal,Payment via credit card or debit card terminal,USCPIE1988061*2
ChargePoint Network,,,5122191,5122191,CULLMANELECTRIC / STATION1-L,8482151,247,3160579501,2024-06-12T06:48:16Z,2024-06-12T06:54:25Z,,6.030400,0.0,membership,Payment by membership account and/or membership card,USCPIE5122191*1
ChargePoint Network,,,1932851,1932851,BRIGHTRIDGE EV / BR-JC LIBRARY,23319821,3,3162319421,2024-06-12T22:53:41Z,2024-06-13T01:32:04Z,,8.730188,6.6426,membership,Payment by membership account and/or membership card,USCPIE1932851*2
ChargePoint Network,,,13664401,13664401,BTES / STATION 1 (LL),23060421,247,3181862531,2024-06-21T15:45:23Z,2024-06-21T17:05:08Z,,44.869900,58.366,membership,Payment by membership account and/or membership card,USCPIE13664401*1
ChargePoint Network,,,12989161,12989161,BTES / CITY HALL,22285821,3,3196432181,2024-06-28T01:37:24Z,2024-06-28T03:29:57Z,,13.357381,7.1965,phone_online,"Payment through mobile app, website, automated phone number or messaging system",USCPIE12989161*2
ChargePoint Network,,,15548151,15548151,DECATURDOWNTWN / STATION 1 (R),25119511,247,3146085501,2024-06-05T22:10:34Z,2024-06-05T23:00:46Z,,53.725601,74.466,membership,Payment by membership account and/or membership card,USCPIE15548151*1
ChargePoint Network,,,12720861,12720861,WRECC / STATION 2,21977121,247,3155077481,2024-06-10T00:02:16Z,2024-06-10T00:04:46Z,,0.000000,0.0,membership,Payment by membership account and/or membership card,USCPIE12720861*1
ChargePoint Network,,,13606061,13606061,I24 EXIT11 / STATION 4 (RR),22992511,247,3185877381,2024-06-23T19:01:05Z,2024-06-23T19:56:12Z,,74.674301,124.154,credit_card_terminal,Payment via credit card or debit card terminal,USCPIE13606061*1
ChargePoint Network,,,12406401,12406401,FPIA / RIGHT STATION,21527671,247,3194320311,2024-06-27T06:17:36Z,2024-06-27T06:29:14Z,,12.286000,0.0,membership,Payment by membership account and/or membership card,USCPIE12406401*1
ChargePoint Network,,,15694081,15694081,BRIGHTRIDGE EV / STATION 2 (R),25291921,100011,3177695181,2024-06-19T20:27:25Z,2024-06-19T20:41:40Z,,3.894000,44.973,membership,Payment by membership account and/or membership card,USCPIE15694081*1
ChargePoint Network,,,15694081,15694081,BRIGHTRIDGE EV / STATION 2 (R),25291921,247,3186497121,2024-06-24T00:58:23Z,2024-06-24T01:51:12Z,,56.793098,72.299,membership,Payment by membership account and/or membership card,USCPIE15694081*1
ChargePoint Network,,,1844191,1844191,CLW / MAIN ST,23050441,3,3147183861,2024-06-06T11:24:20Z,2024-06-06T11:26:19Z,,0.000000,0.0,membership,Payment by membership account and/or membership card,USCPIE1844191*2
ChargePoint Network,,,12720861,12720861,WRECC / STATION 2,21977121,247,3198707831,2024-06-29T01:25:12Z,2024-06-29T02:04:39Z,,59.702000,98.378,credit_card_terminal,Payment via credit card or debit card terminal,USCPIE12720861*1
ChargePoint Network,,,15694081,15694081,BRIGHTRIDGE EV / STATION 2 (R),25291921,247,3143037211,2024-06-04T18:29:38Z,2024-06-04T18:54:56Z,,30.046200,75.648,membership,Payment by membership account and/or membership card,USCPIE15694081*1
ChargePoint Network,,,14047321,14047321,JEFFERSON AVE. / OXFORD STA2(R),23514081,247,3138571561,2024-06-02T20:13:53Z,2024-06-02T21:27:50Z,,97.428802,97.001,membership,Payment by membership account and/or membership card,USCPIE14047321*1
ChargePoint Network,,,5466441,5466441,7SPC / NASA USSRC R,9079371,3,3179929161,2024-06-20T19:15:09Z,2024-06-20T22:02:03Z,,17.205425,6.3352,membership,Payment by membership account and/or membership card,USCPIE5466441*2
ChargePoint Network,,,13606061,13606061,I24 EXIT11 / STATION 4 (RR),22992511,247,3135580951,2024-06-01T02:23:49Z,2024-06-01T02:41:47Z,,20.317600,68.508,membership,Payment by membership account and/or membership card,USCPIE13606061*1
ChargePoint Network,,,8851921,8851921,7SPC / SEVIERVILLE DC1,15571271,207,3145515601,2024-06-05T18:01:02Z,2024-06-05T18:34:57Z,,0.000000,0.0,membership,Payment by membership account and/or membership card,USCPIE8851921*1
ChargePoint Network,,,12406491,12406491,FPIA / LEFT STATION,21527781,247,3170490161,2024-06-16T17:33:23Z,2024-06-16T17:48:45Z,,12.174100,51.858,membership,Payment by membership account and/or membership card,USCPIE12406491*1
ChargePoint Network,,,15623231,15623231,CLW / 5TH ST 1 (L),,,3142109071,2024-06-04T11:50:33Z,2024-06-04T11:52:34Z,,0.000000,,membership,Payment by membership account and/or membership card,USCPIE15623231*0
ChargePoint Network,,,5414151,5414151,7SPC / UC - CARTHAGE,9014641,3,3157080301,2024-06-10T21:24:36Z,2024-06-11T12:41:50Z,,63.850922,7.1274,membership,Payment by membership account and/or membership card,USCPIE5414151*1
ChargePoint Network,,,13606061,13606061,I24 EXIT11 / STATION 4 (RR),22992511,247,3150505541,2024-06-07T17:08:02Z,2024-06-07T17:55:35Z,,33.026199,53.789,membership,Payment by membership account and/or membership card,USCPIE13606061*1
ChargePoint Network,,,5625391,5625391,7SPC / VEC JAMESTOWN,9280961,3,3198339141,2024-06-28T22:20:17Z,2024-06-29T14:51:25Z,,69.931046,7.3174,credit_card_terminal,Payment via credit card or debit card terminal,USCPIE5625391*1
ChargePoint Network,,,14097711,14097711,SCOTTSBORO EPB / SEPB DCFC (R),23570811,247,3152682961,2024-06-08T17:45:03Z,2024-06-08T20:19:28Z,,86.585999,93.832,membership,Payment by membership account and/or membership card,USCPIE14097711*1
ChargePoint Network,,,15694081,15694081,BRIGHTRIDGE EV / STATION 2 (R),25291921,247,3146533681,2024-06-06T01:24:19Z,2024-06-06T01:26:34Z,,1.547100,0.0,credit_card_terminal,Payment via credit card or debit card terminal,USCPIE15694081*1
ChargePoint Network,,,13606091,13606091,I24 EXIT11 / STATION 3 (RM),22992551,247,3186005781,2024-06-23T20:19:09Z,2024-06-23T20:46:37Z,,26.659500,73.629,membership,Payment by membership account and/or membership card,USCPIE13606091*1
ChargePoint Network,,,14047321,14047321,JEFFERSON AVE. / OXFORD STA2(R),23514081,247,3199560671,2024-06-29T16:08:54Z,2024-06-29T16:22:32Z,,15.168000,70.884,membership,Payment by membership account and/or membership card,USCPIE14047321*1
ChargePoint Network,,,12406491,12406491,FPIA / LEFT STATION,21527781,247,3195428981,2024-06-27T18:13:59Z,2024-06-27T18:30:05Z,,0.000000,0.0,credit_card_terminal,Payment via credit card or debit card terminal,USCPIE12406491*1
ChargePoint Network,,,15260241,15260241,STEMC / STATION 1 (L) A,24784071,247,3198554961,2024-06-29T00:09:42Z,2024-06-29T00:40:21Z,,19.906900,75.8,membership,Payment by membership account and/or membership card,USCPIE15260241*1
ChargePoint Network,,,15694171,15694171,BRIGHTRIDGE EV / STATION 1 (L),25292041,247,3139675931,2024-06-03T11:54:01Z,2024-06-03T13:51:38Z,,42.265701,76.625,membership,Payment by membership account and/or membership card,USCPIE15694171*1
ChargePoint Network,,,5122191,5122191,CULLMANELECTRIC / STATION1-L,8482151,247,3147734101,2024-06-06T15:36:37Z,2024-06-06T15:47:39Z,,14.470000,85.536,membership,Payment by membership account and/or membership card,USCPIE5122191*1
ChargePoint Network,,,14355251,14355251,HARTSELLE 1 / STATION 2 (R),23865691,247,3148661471,2024-06-06T21:57:46Z,2024-06-06T22:52:47Z,,56.332500,72.555,membership,Payment by membership account and/or membership card,USCPIE14355251*1
ChargePoint Network,,,9677521,9677521,UT PARKING / S7 STATION 1,17169331,3,3181673631,2024-06-21T14:24:40Z,2024-06-21T16:42:14Z,,15.826824,7.0513,membership,Payment by membership account and/or membership card,USCPIE9677521*1
ChargePoint Network,,,12406491,12406491,FPIA / LEFT STATION,21527781,100011,3162900681,2024-06-13T03:25:02Z,2024-06-13T04:05:30Z,,17.287800,36.562,membership,Payment by membership account and/or membership card,USCPIE12406491*1
ChargePoint Network,,,15640171,15640171,NECDC / STATION 2 (R),25228711,100011,3185929431,2024-06-23T19:32:13Z,2024-06-23T20:26:51Z,,17.448299,19.892,membership,Payment by membership account and/or membership card,USCPIE15640171*1
ChargePoint Network,,,5414151,5414151,7SPC / UC - CARTHAGE,9014651,3,3177907811,2024-06-19T22:18:03Z,2024-06-20T13:09:03Z,,54.279568,7.1772,membership,Payment by membership account and/or membership card,USCPIE5414151*2
ChargePoint Network,,,8851921,8851921,7SPC / SEVIERVILLE DC1,15571271,207,3138337721,2024-06-02T17:54:21Z,2024-06-02T19:38:11Z,,65.013702,59.52,membership,Payment by membership account and/or membership card,USCPIE8851921*1
ChargePoint Network,,,13651631,13651631,MLEC / STATION 2 (R) H,23045821,247,3181607361,2024-06-21T13:49:58Z,2024-06-21T13:58:22Z,,11.779300,0.0,membership,Payment by membership account and/or membership card,USCPIE13651631*1
ChargePoint Network,,,14337221,14337221,HOLSTONELECTRIC / CHURCH HILL-1,23844801,247,3186519551,2024-06-24T01:10:02Z,2024-06-24T01:40:42Z,,34.108501,124.8,membership,Payment by membership account and/or membership card,USCPIE14337221*1
ChargePoint Network,,,12406401,12406401,FPIA / RIGHT STATION,21527671,247,3198757131,2024-06-29T01:55:24Z,2024-06-29T01:57:00Z,,0.000000,0.0,membership,Payment by membership account and/or membership card,USCPIE12406401*1
ChargePoint Network,,,15694081,15694081,BRIGHTRIDGE EV / STATION 2 (R),25291921,247,3151228481,2024-06-07T22:30:37Z,2024-06-07T22:43:30Z,,13.652200,0.0,membership,Payment by membership account and/or membership card,USCPIE15694081*1
ChargePoint Network,,,9677521,9677521,UT PARKING / S7 STATION 1,17169331,3,3185650011,2024-06-23T16:38:09Z,2024-06-23T17:12:57Z,,4.097178,7.2613,credit_card_terminal,Payment via credit card or debit card terminal,USCPIE9677521*1
ChargePoint Network,,,14337221,14337221,HOLSTONELECTRIC / CHURCH HILL-1,23844801,247,3198735911,2024-06-29T01:42:31Z,2024-06-29T02:00:30Z,,33.495399,123.552,membership,Payment by membership account and/or membership card,USCPIE14337221*1
ChargePoint Network,,,13026471,13026471,WCMES / CITYHALL2-R,22328331,247,3186037721,2024-06-23T20:38:06Z,2024-06-23T21:09:18Z,,29.418800,71.955,membership,Payment by membership account and/or membership card,USCPIE13026471*1
ChargePoint Network,,,12720861,12720861,WRECC / STATION 2,21977121,247,3195759121,2024-06-27T20:36:07Z,2024-06-27T20:56:31Z,,23.065201,71.241,membership,Payment by membership account and/or membership card,USCPIE12720861*1
ChargePoint Network,,,13664401,13664401,BTES / STATION 1 (LL),23060421,247,3178789751,2024-06-20T10:15:00Z,2024-06-20T10:25:09Z,,8.682700,0.0,membership,Payment by membership account and/or membership card,USCPIE13664401*1
ChargePoint Network,,,9677521,9677521,UT PARKING / S7 STATION 1,17169331,3,3186310481,2024-06-23T23:09:43Z,2024-06-23T23:21:04Z,,1.252039,7.1874,membership,Payment by membership account and/or membership card,USCPIE9677521*1
ChargePoint Network,,,1932851,1932851,BRIGHTRIDGE EV / BR-JC LIBRARY,23319811,3,3178808491,2024-06-20T10:48:44Z,2024-06-20T15:27:57Z,,34.147808,7.4446,membership,Payment by membership account and/or membership card,USCPIE1932851*1
ChargePoint Network,,,14097801,14097801,SCOTTSBORO EPB / SEPB DCFC (L),23570921,247,3156359101,2024-06-10T16:01:46Z,2024-06-10T16:30:32Z,,21.120100,73.283,credit_card_terminal,Payment via credit card or debit card terminal,USCPIE14097801*1
ChargePoint Network,,,1844191,1844191,CLW / MAIN ST,23050441,3,3159586011,2024-06-11T21:29:40Z,2024-06-12T01:18:00Z,,26.692368,7.3385,credit_card_terminal,Payment via credit card or debit card terminal,USCPIE1844191*2
ChargePoint Network,,,13290491,13290491,7SPC / NASA USSRC L,22634941,3,3138203161,2024-06-02T16:26:00Z,2024-06-02T18:58:34Z,,14.590244,6.0287,membership,Payment by membership account and/or membership card,USCPIE13290491*2
ChargePoint Network,,,13606091,13606091,I24 EXIT11 / STATION 3 (RM),22992551,247,3154149821,2024-06-09T14:21:01Z,2024-06-09T14:41:32Z,,23.666300,70.487,credit_card_terminal,Payment via credit card or debit card terminal,USCPIE13606091*1
ChargePoint Network,,,14359531,14359531,EBOFG / STATION 2 (R),23870331,247,3156662761,2024-06-10T18:15:17Z,2024-06-10T18:21:01Z,,6.228300,0.0,membership,Payment by membership account and/or membership card,USCPIE14359531*1
ChargePoint Network,,,12754021,12754021,WCMES / CITYHALL1-L,22015241,247,3136488301,2024-06-01T16:53:08Z,2024-06-01T17:52:46Z,,39.616199,52.56,membership,Payment by membership account and/or membership card,USCPIE12754021*1
ChargePoint Network,,,15640171,15640171,NECDC / STATION 2 (R),25228711,247,3138501231,2024-06-02T19:33:59Z,2024-06-02T19:34:19Z,,0.000000,0.0,other,Any other payment method not specified above. Additional description should be provided in Payment Method Description.,USCPIE15640171*1
ChargePoint Network,,,15640031,15640031,NECDC / STATION 1 (L),25228511,247,3177794471,2024-06-19T21:19:44Z,2024-06-19T21:24:23Z,,0.000000,0.0,membership,Payment by membership account and/or membership card,USCPIE15640031*1
ChargePoint Network,,,5122191,5122191,CULLMANELECTRIC / STATION1-L,8482151,247,3181878131,2024-06-21T15:51:36Z,2024-06-21T16:40:20Z,,45.997898,62.243,membership,Payment by membership account and/or membership card,USCPIE5122191*1
ChargePoint Network,,,1964521,1964521,EBOFG / GUNTERSVILLE PD,8374211,3,3171235411,2024-06-17T00:49:49Z,2024-06-17T01:12:55Z,,1.316352,3.7192,credit_card_terminal,Payment via credit card or debit card terminal,USCPIE1964521*2
ChargePoint Network,,,13606061,13606061,I24 EXIT11 / STATION 4 (RR),22992511,247,3148624241,2024-06-06T21:42:51Z,2024-06-06T22:15:12Z,,38.510300,78.804,membership,Payment by membership account and/or membership card,USCPIE13606061*1
ChargePoint Network,,,15280471,15280471,SPRFLD ELECTRIC / STATION 1 (L),24807681,100011,3147444981,2024-06-06T13:48:29Z,2024-06-06T14:15:35Z,,2.173800,28.511,credit_card_terminal,Payment via credit card or debit card terminal,USCPIE15280471*1
ChargePoint Network,,,14097801,14097801,SCOTTSBORO EPB / SEPB DCFC (L),23570921,247,3199667641,2024-06-29T17:16:58Z,2024-06-29T17:56:38Z,,41.140202,88.739,membership,Payment by membership account and/or membership card,USCPIE14097801*1
ChargePoint Network,,,13606141,13606141,I24 EXIT11 / STATION 1 (LL),22992611,100011,3149607441,2024-06-07T06:17:01Z,2024-06-07T06:59:57Z,,18.000900,26.827,credit_card_terminal,Payment via credit card or debit card terminal,USCPIE13606141*1
ChargePoint Network,,,15623211,15623211,CLW / 5TH ST 2 (R),25208281,247,3185618791,2024-06-23T16:17:16Z,2024-06-23T17:33:35Z,,53.498798,53.067,membership,Payment by membership account and/or membership card,USCPIE15623211*1
ChargePoint Network,,,5354011,5354011,7SPC / GREENEVILLE TA,8936791,207,3177560811,2024-06-19T19:13:59Z,2024-06-19T19:30:47Z,,14.826700,55.362,membership,Payment by membership account and/or membership card,USCPIE5354011*1
ChargePoint Network,,,7505851,7505851,JEFFERSON AVE. / OXFORD STA1(L),12955471,247,3179277541,2024-06-20T14:53:43Z,2024-06-20T14:58:16Z,,0.000000,0.0,membership,Payment by membership account and/or membership card,USCPIE7505851*1
ChargePoint Network,,,1988061,1988061,7SPC / SCES DOLLYWOOD,25499831,3,3199490091,2024-06-29T13:59:24Z,2024-06-29T15:25:50Z,,10.050803,7.2072,membership,Payment by membership account and/or membership card,USCPIE1988061*1
ChargePoint Network,,,5346231,5346231,CULLMANELECTRIC / STATION2-R,8926271,247,3168613451,2024-06-15T16:15:27Z,2024-06-15T17:08:42Z,,32.369701,75.648,membership,Payment by membership account and/or membership card,USCPIE5346231*1
ChargePoint Network,,,5122191,5122191,CULLMANELECTRIC / STATION1-L,8482151,247,3199896751,2024-06-29T19:36:10Z,2024-06-29T20:26:07Z,,52.386398,77.42,membership,Payment by membership account and/or membership card,USCPIE5122191*1
ChargePoint Network,,,12406491,12406491,FPIA / LEFT STATION,21527781,247,3154578891,2024-06-09T19:21:43Z,2024-06-09T19:22:15Z,,0.000000,0.0,membership,Payment by membership account and/or membership card,USCPIE12406491*1
ChargePoint Network,,,13966851,13966851,BEA / STATION 1 (LL),23420911,247,3199584181,2024-06-29T16:24:45Z,2024-06-29T16:26:50Z,,0.885500,0.0,membership,Payment by membership account and/or membership card,USCPIE13966851*1
ChargePoint Network,,,13643801,13643801,PEPA / STATION 2,23036481,247,3168283951,2024-06-15T11:24:54Z,2024-06-15T12:06:37Z,,43.533600,122.122,membership,Payment by membership account and/or membership card,USCPIE13643801*1
ChargePoint Network,,,5122191,5122191,CULLMANELECTRIC / STATION1-L,8482151,247,3183919841,2024-06-22T15:49:49Z,2024-06-22T16:45:14Z,,53.195599,75.636,membership,Payment by membership account and/or membership card,USCPIE5122191*1
ChargePoint Network,,,1964521,1964521,EBOFG / GUNTERSVILLE PD,8374211,3,3181426641,2024-06-21T11:57:54Z,2024-06-21T17:20:06Z,,9.721786,3.6879,membership,Payment by membership account and/or membership card,USCPIE1964521*2
ChargePoint Network,,,12406491,12406491,FPIA / LEFT STATION,21527781,247,3151344161,2024-06-07T23:26:22Z,2024-06-07T23:27:45Z,,0.000000,0.0,membership,Payment by membership account and/or membership card,USCPIE12406491*1
ChargePoint Network,,,12406491,12406491,FPIA / LEFT STATION,21527781,247,3177021301,2024-06-19T14:06:51Z,2024-06-19T14:51:05Z,,45.422199,73.086,membership,Payment by membership account and/or membership card,USCPIE12406491*1
ChargePoint Network,,,14047321,14047321,JEFFERSON AVE. / OXFORD STA2(R),23514081,247,3167205251,2024-06-14T21:49:36Z,2024-06-14T22:28:38Z,,35.775902,57.72,credit_card_terminal,Payment via credit card or debit card terminal,USCPIE14047321*1
ChargePoint Network,,,5346231,5346231,CULLMANELECTRIC / STATION2-R,8926271,247,3138783251,2024-06-02T22:15:13Z,2024-06-02T22:57:47Z,,44.962101,73.481,membership,Payment by membership account and/or membership card,USCPIE5346231*1
ChargePoint Network,,,15885791,15885791,TWICKENHAM SQ / HU - STATION 3,25521611,247,3192297831,2024-06-26T14:28:50Z,2024-06-26T14:39:18Z,,13.483100,118.117,membership,Payment by membership account and/or membership card,USCPIE15885791*1
ChargePoint Network,,,12720861,12720861,WRECC / STATION 2,21977121,247,3149032441,2024-06-07T00:36:34Z,2024-06-07T01:25:57Z,,32.629601,54.15,membership,Payment by membership account and/or membership card,USCPIE12720861*1
ChargePoint Network,,,8851921,8851921,7SPC / SEVIERVILLE DC1,15571271,207,3146341361,2024-06-06T00:01:26Z,2024-06-06T00:16:01Z,,12.574400,56.518,membership,Payment by membership account and/or membership card,USCPIE8851921*1
ChargePoint Network,,,12754021,12754021,WCMES / CITYHALL1-L,22015241,247,3169687131,2024-06-16T02:30:40Z,2024-06-16T03:17:03Z,,60.203098,87.861,membership,Payment by membership account and/or membership card,USCPIE12754021*1
ChargePoint Network,,,15280441,15280441,SPRFLD ELECTRIC / STATION 2 (R),,,3153160761,2024-06-08T22:12:40Z,2024-06-08T22:14:41Z,,0.000000,,membership,Payment by membership account and/or membership card,USCPIE15280441*0
ChargePoint Network,,,13026471,13026471,WCMES / CITYHALL2-R,22328331,247,3175597871,2024-06-18T20:47:33Z,2024-06-18T21:09:12Z,,17.343000,65.015,membership,Payment by membership account and/or membership card,USCPIE13026471*1
ChargePoint Network,,,5619801,5619801,7SPC / WARREN RECC BG,9274261,3,3154060621,2024-06-09T12:29:19Z,2024-06-09T17:30:23Z,,17.915430,6.1815,other,Any other payment method not specified above. Additional description should be provided in Payment Method Description.,USCPIE5619801*2
ChargePoint Network,,,14359491,14359491,EBOFG / STATION 1 (L),23870291,247,3197650571,2024-06-28T16:52:50Z,2024-06-28T16:53:38Z,,0.000000,0.0,membership,Payment by membership account and/or membership card,USCPIE14359491*1
ChargePoint Network,,,15694081,15694081,BRIGHTRIDGE EV / STATION 2 (R),,,3185687711,2024-06-23T17:01:24Z,2024-06-23T17:03:25Z,,0.000000,,other,Any other payment method not specified above. Additional description should be provided in Payment Method Description.,USCPIE15694081*0
ChargePoint Network,,,14355271,14355271,HARTSELLE 1 / STATION 1 (L),23865711,247,3175697591,2024-06-18T21:30:19Z,2024-06-18T21:33:54Z,,0.000000,0.0,membership,Payment by membership account and/or membership card,USCPIE14355271*1
ChargePoint Network,,,8851921,8851921,7SPC / SEVIERVILLE DC1,15571271,207,3153247161,2024-06-08T23:00:59Z,2024-06-08T23:02:50Z,,0.840600,0.0,membership,Payment by membership account and/or membership card,USCPIE8851921*1
ChargePoint Network,,,5384781,5384781,7SPC / TRI-COUNTY EMC,9273701,3,3170745591,2024-06-16T20:11:58Z,2024-06-16T21:37:20Z,,10.368001,7.3509,membership,Payment by membership account and/or membership card,USCPIE5384781*2
ChargePoint Network,,,5619801,5619801,7SPC / WARREN RECC BG,9274261,3,3165252791,2024-06-14T01:31:33Z,2024-06-14T02:04:21Z,,3.354770,6.2618,membership,Payment by membership account and/or membership card,USCPIE5619801*2
ChargePoint Network,,,12406401,12406401,FPIA / RIGHT STATION,21527671,247,3197526331,2024-06-28T16:03:39Z,2024-06-28T16:05:26Z,,0.000000,0.0,membership,Payment by membership account and/or membership card,USCPIE12406401*1
ChargePoint Network,,,5346231,5346231,CULLMANELECTRIC / STATION2-R,8926271,247,3159519831,2024-06-11T21:00:46Z,2024-06-11T21:09:00Z,,9.052600,0.0,membership,Payment by membership account and/or membership card,USCPIE5346231*1
ChargePoint Network,,,15885791,15885791,TWICKENHAM SQ / HU - STATION 3,25521611,247,3184577771,2024-06-22T22:29:41Z,2024-06-22T23:24:34Z,,27.214199,61.776,membership,Payment by membership account and/or membership card,USCPIE15885791*1
ChargePoint Network,,,15555831,15555831,FPU / STATION 2 (R),25128511,247,3164521581,2024-06-13T20:14:50Z,2024-06-13T21:56:05Z,,72.834702,88.505,membership,Payment by membership account and/or membership card,USCPIE15555831*1
ChargePoint Network,,,15623211,15623211,CLW / 5TH ST 2 (R),25208281,247,3190061571,2024-06-25T16:07:30Z,2024-06-25T17:03:54Z,,34.927101,91.885,membership,Payment by membership account and/or membership card,USCPIE15623211*1
ChargePoint Network,,,9677521,9677521,UT PARKING / S7 STATION 1,17169341,3,3170533021,2024-06-16T18:01:18Z,2024-06-16T18:41:13Z,,4.636641,7.1244,membership,Payment by membership account and/or membership card,USCPIE9677521*2
ChargePoint Network,,,13423581,13423581,AEC / STATION #2 (R),22787011,247,3188478031,2024-06-24T22:21:10Z,2024-06-24T22:49:38Z,,31.633400,71.052,credit_card_terminal,Payment via credit card or debit card terminal,USCPIE13423581*1
ChargePoint Network,,,5363211,5363211,HARTSELLE 1 / HARTSELLE 1,23427581,3,3161021301,2024-06-12T13:59:28Z,2024-06-12T15:26:03Z,,10.157702,7.1152,membership,Payment by membership account and/or membership card,USCPIE5363211*2
ChargePoint Network,,,5354011,5354011,7SPC / GREENEVILLE TA,8936791,207,3184021831,2024-06-22T16:54:01Z,2024-06-22T17:18:11Z,,23.066299,59.203,membership,Payment by membership account and/or membership card,USCPIE5354011*1
ChargePoint Network,,,5466441,5466441,7SPC / NASA USSRC R,9079361,3,3198396951,2024-06-28T22:10:20Z,2024-06-29T01:48:50Z,,15.194354,4.2448,membership,Payment by membership account and/or membership card,USCPIE5466441*1
ChargePoint Network,,,13664401,13664401,BTES / STATION 1 (LL),23060421,247,3172750681,2024-06-17T18:20:02Z,2024-06-17T18:20:28Z,,0.000000,0.0,membership,Payment by membership account and/or membership card,USCPIE13664401*1
ChargePoint Network,,,5445161,5445161,7SPC / UC - LIVINGSTON,9052351,3,3144005411,2024-06-05T01:29:01Z,2024-06-05T12:40:15Z,,59.996124,7.3141,membership,Payment by membership account and/or membership card,USCPIE5445161*2
ChargePoint Network,,,5619801,5619801,7SPC / WARREN RECC BG,9274261,3,3142731421,2024-06-04T16:12:43Z,2024-06-04T16:25:37Z,,1.300313,6.2684,membership,Payment by membership account and/or membership card,USCPIE5619801*2
ChargePoint Network,,,15260251,15260251,STEMC / STATION 2 (R) A,24784081,247,3138576151,2024-06-02T20:16:59Z,2024-06-02T20:40:25Z,,36.490200,123.224,membership,Payment by membership account and/or membership card,USCPIE15260251*1
ChargePoint Network,,,7505851,7505851,JEFFERSON AVE. / OXFORD STA1(L),12955471,247,3186348631,2024-06-23T23:32:44Z,2024-06-24T00:17:13Z,,41.395000,61.291,membership,Payment by membership account and/or membership card,USCPIE7505851*1
ChargePoint Network,,,14359531,14359531,EBOFG / STATION 2 (R),23870331,247,3159525391,2024-06-11T21:03:31Z,2024-06-11T21:37:43Z,,40.320000,74.37,membership,Payment by membership account and/or membership card,USCPIE14359531*1
ChargePoint Network,,,1988141,1988141,7SPC / SCES DREAM MORE,2355561,3,3169652791,2024-06-16T02:08:29Z,2024-06-16T05:44:47Z,,13.374183,3.8761,membership,Payment by membership account and/or membership card,USCPIE1988141*1
ChargePoint Network,,,14355251,14355251,HARTSELLE 1 / STATION 2 (R),23865691,247,3170916951,2024-06-16T21:53:47Z,2024-06-16T22:22:33Z,,33.102600,76.8,membership,Payment by membership account and/or membership card,USCPIE14355251*1
ChargePoint Network,,,15548151,15548151,DECATURDOWNTWN / STATION 1 (R),25119511,247,3140570251,2024-06-03T18:30:59Z,2024-06-03T18:39:29Z,,7.839000,0.0,membership,Payment by membership account and/or membership card,USCPIE15548151*1
ChargePoint Network,,,8851921,8851921,7SPC / SEVIERVILLE DC1,15571271,207,3145269811,2024-06-05T16:16:45Z,2024-06-05T17:31:39Z,,46.696301,59.4,membership,Payment by membership account and/or membership card,USCPIE8851921*1
ChargePoint Network,,,15640031,15640031,NECDC / STATION 1 (L),25228511,247,3192322911,2024-06-26T14:38:48Z,2024-06-26T14:55:12Z,,10.320200,56.549,membership,Payment by membership account and/or membership card,USCPIE15640031*1
ChargePoint Network,,,15640031,15640031,NECDC / STATION 1 (L),25228511,247,3182629741,2024-06-21T21:31:46Z,2024-06-21T22:26:58Z,,36.626900,52.895,membership,Payment by membership account and/or membership card,USCPIE15640031*1
ChargePoint Network,,,14049761,14049761,PARIS BPU / STATION 2(R),23516951,247,3193448951,2024-06-26T22:14:52Z,2024-06-26T22:35:59Z,,23.572201,70.884,membership,Payment by membership account and/or membership card,USCPIE14049761*1
ChargePoint Network,,,13966851,13966851,BEA / STATION 1 (LL),23420911,247,3154398431,2024-06-09T17:28:59Z,2024-06-09T17:32:22Z,,0.000000,0.0,membership,Payment by membership account and/or membership card,USCPIE13966851*1
ChargePoint Network,,,9745721,9745721,CRMC / CRMC-1 - L2LEFT,17301471,3,3193340061,2024-06-26T20:53:21Z,2024-06-26T23:27:02Z,,18.373987,7.2373,membership,Payment by membership account and/or membership card,USCPIE9745721*1
ChargePoint Network,,,5346231,5346231,CULLMANELECTRIC / STATION2-R,8926271,247,3185479671,2024-06-23T14:20:25Z,2024-06-23T15:46:59Z,,81.093002,101.133,membership,Payment by membership account and/or membership card,USCPIE5346231*1
ChargePoint Network,,,5363211,5363211,HARTSELLE 1 / HARTSELLE 1,23427571,3,3149005831,2024-06-07T00:22:50Z,2024-06-07T00:24:49Z,,0.000000,,membership,Payment by membership account and/or membership card,USCPIE5363211*1
ChargePoint Network,,,13803581,13803581,FPU / STATION 1 (L),23227201,247,3184335271,2024-06-22T20:02:27Z,2024-06-22T20:31:15Z,,42.507500,96.519,membership,Payment by membership account and/or membership card,USCPIE13803581*1
ChargePoint Network,,,14355251,14355251,HARTSELLE 1 / STATION 2 (R),23865691,247,3159461151,2024-06-11T20:34:14Z,2024-06-11T21:15:18Z,,53.879501,103.585,membership,Payment by membership account and/or membership card,USCPIE14355251*1
ChargePoint Network,,,14097711,14097711,SCOTTSBORO EPB / SEPB DCFC (R),23570811,247,3147725151,2024-06-06T15:33:51Z,2024-06-06T16:28:10Z,,26.538601,71.575,membership,Payment by membership account and/or membership card,USCPIE14097711*1
ChargePoint Network,,,5397731,5397731,EEDEV / MILLIGAN UNIV,9010261,3,3170569701,2024-06-16T18:25:06Z,2024-06-16T20:05:32Z,,11.854069,7.1679,membership,Payment by membership account and/or membership card,USCPIE5397731*2
ChargePoint Network,,,8851921,8851921,7SPC / SEVIERVILLE DC1,15571271,207,3185071531,2024-06-23T03:35:55Z,2024-06-23T04:47:04Z,,66.901802,62.034,membership,Payment by membership account and/or membership card,USCPIE8851921*1
ChargePoint Network,,,1964521,1964521,EBOFG / GUNTERSVILLE PD,8374211,3,3155044491,2024-06-09T23:45:09Z,2024-06-10T00:37:36Z,,3.042243,3.7953,credit_card_terminal,Payment via credit card or debit card terminal,USCPIE1964521*2
ChargePoint Network,,,5346231,5346231,CULLMANELECTRIC / STATION2-R,8926271,247,3148816201,2024-06-06T23:01:57Z,2024-06-06T23:08:57Z,,0.000000,0.0,membership,Payment by membership account and/or membership card,USCPIE5346231*1
ChargePoint Network,,,15694081,15694081,BRIGHTRIDGE EV / STATION 2 (R),25291921,247,3167304281,2024-06-14T22:36:43Z,2024-06-15T04:43:14Z,,58.243900,124.0,credit_card_terminal,Payment via credit card or debit card terminal,USCPIE15694081*1
ChargePoint Network,,,1988141,1988141,7SPC / SCES DREAM MORE,2355571,3,3145968851,2024-06-05T21:21:52Z,2024-06-06T10:42:29Z,,66.111916,7.3087,membership,Payment by membership account and/or membership card,USCPIE1988141*2
ChargePoint Network,,,14097801,14097801,SCOTTSBORO EPB / SEPB DCFC (L),,,3172637831,2024-06-17T17:22:25Z,2024-06-17T17:24:26Z,,0.000000,,membership,Payment by membership account and/or membership card,USCPIE14097801*0
ChargePoint Network,,,13606061,13606061,I24 EXIT11 / STATION 4 (RR),22992511,247,3188602741,2024-06-24T23:19:12Z,2024-06-24T23:48:55Z,,49.377998,122.276,credit_card_terminal,Payment via credit card or debit card terminal,USCPIE13606061*1
ChargePoint Network,,,14047321,14047321,JEFFERSON AVE. / OXFORD STA2(R),23514081,247,3175086711,2024-06-18T17:02:04Z,2024-06-18T17:40:00Z,,26.486200,54.682,membership,Payment by membership account and/or membership card,USCPIE14047321*1
ChargePoint Network,,,5363211,5363211,HARTSELLE 1 / HARTSELLE 1,23427581,3,3142515711,2024-06-04T15:02:22Z,2024-06-04T17:08:29Z,,12.683338,6.5017,credit_card_terminal,Payment via credit card or debit card terminal,USCPIE5363211*2
ChargePoint Network,,,5346231,5346231,CULLMANELECTRIC / STATION2-R,8926271,247,3148298061,2024-06-06T19:30:21Z,2024-06-06T19:59:59Z,,34.798100,72.269,membership,Payment by membership account and/or membership card,USCPIE5346231*1
ChargePoint Network,,,13290491,13290491,7SPC / NASA USSRC L,22634931,3,3159750121,2024-06-11T22:38:43Z,2024-06-11T22:46:40Z,,0.604895,5.8552,credit_card_terminal,Payment via credit card or debit card terminal,USCPIE13290491*1
ChargePoint Network,,,12406401,12406401,FPIA / RIGHT STATION,21527671,247,3169087691,2024-06-15T20:52:02Z,2024-06-15T21:04:21Z,,9.460300,51.071,membership,Payment by membership account and/or membership card,USCPIE12406401*1
ChargePoint Network,,,1964521,1964521,EBOFG / GUNTERSVILLE PD,8374211,3,3192718701,2024-06-26T16:57:28Z,2024-06-26T21:33:25Z,,10.597552,3.7093,membership,Payment by membership account and/or membership card,USCPIE1964521*2
ChargePoint Network,,,13643801,13643801,PEPA / STATION 2,23036481,247,3180524181,2024-06-20T23:31:45Z,2024-06-21T00:07:38Z,,42.051998,74.268,membership,Payment by membership account and/or membership card,USCPIE13643801*1
ChargePoint Network,,,13803581,13803581,FPU / STATION 1 (L),,,3184143391,2024-06-22T18:05:51Z,2024-06-22T18:07:52Z,,0.000000,0.0,membership,Payment by membership account and/or membership card,USCPIE13803581*0
ChargePoint Network,,,13664401,13664401,BTES / STATION 1 (LL),23060421,247,3171677241,2024-06-17T06:23:07Z,2024-06-17T06:34:57Z,,9.961300,55.362,membership,Payment by membership account and/or membership card,USCPIE13664401*1
ChargePoint Network,,,15280471,15280471,SPRFLD ELECTRIC / STATION 1 (L),24807681,247,3170605081,2024-06-16T18:46:55Z,2024-06-16T19:17:05Z,,30.845100,62.523,membership,Payment by membership account and/or membership card,USCPIE15280471*1
ChargePoint Network,,,13606061,13606061,I24 EXIT11 / STATION 4 (RR),22992511,247,3177500301,2024-06-19T18:40:34Z,2024-06-19T18:56:43Z,,18.117201,68.359,membership,Payment by membership account and/or membership card,USCPIE13606061*1
ChargePoint Network,,,5363211,5363211,HARTSELLE 1 / HARTSELLE 1,23427581,3,3177486741,2024-06-19T18:32:17Z,2024-06-19T18:46:56Z,,1.645268,7.0851,membership,Payment by membership account and/or membership card,USCPIE5363211*2
ChargePoint Network,,,5346231,5346231,CULLMANELECTRIC / STATION2-R,8926271,247,3139387271,2024-06-03T04:23:39Z,2024-06-03T04:43:04Z,,18.491400,58.995,credit_card_terminal,Payment via credit card or debit card terminal,USCPIE5346231*1
ChargePoint Network,,,1988141,1988141,7SPC / SCES DREAM MORE,2355571,3,3177106531,2024-06-19T14:58:47Z,2024-06-19T18:07:27Z,,10.292096,6.9319,credit_card_terminal,Payment via credit card or debit card terminal,USCPIE1988141*2
ChargePoint Network,,,5122191,5122191,CULLMANELECTRIC / STATION1-L,8482151,247,3154160071,2024-06-09T14:31:13Z,2024-06-09T16:34:36Z,,92.762001,76.625,other,Any other payment method not specified above. Additional description should be provided in Payment Method Description.,USCPIE5122191*1
ChargePoint Network,,,12406491,12406491,FPIA / LEFT STATION,21527781,247,3164755371,2024-06-13T21:55:59Z,2024-06-13T22:01:46Z,,0.000000,0.0,credit_card_terminal,Payment via credit card or debit card terminal,USCPIE12406491*1
ChargePoint Network,,,1964521,1964521,EBOFG / GUNTERSVILLE PD,8374211,3,3150529471,2024-06-07T17:18:46Z,2024-06-07T17:40:25Z,,2.511130,7.2352,membership,Payment by membership account and/or membership card,USCPIE1964521*2
ChargePoint Network,,,1988141,1988141,7SPC / SCES DREAM MORE,2355561,3,3199979151,2024-06-29T14:45:29Z,2024-06-29T14:53:11Z,,0.833120,6.9005,membership,Payment by membership account and/or membership card,USCPIE1988141*1
ChargePoint Network,,,13290491,13290491,7SPC / NASA USSRC L,22634941,3,3182681791,2024-06-21T21:54:25Z,2024-06-21T21:56:26Z,,0.000000,0.0,membership,Payment by membership account and/or membership card,USCPIE13290491*2
ChargePoint Network,,,14047321,14047321,JEFFERSON AVE. / OXFORD STA2(R),,,3151057181,2024-06-07T21:13:12Z,2024-06-07T21:13:24Z,,0.000000,,credit_card_terminal,Payment via credit card or debit card terminal,USCPIE14047321*0
ChargePoint Network,,,5619801,5619801,7SPC / WARREN RECC BG,9274251,3,3140772081,2024-06-03T19:59:42Z,2024-06-03T20:01:41Z,,0.000000,0.0,other,Any other payment method not specified above. Additional description should be provided in Payment Method Description.,USCPIE5619801*1
ChargePoint Network,,,13643801,13643801,PEPA / STATION 2,23036481,247,3155674191,2024-06-10T09:49:08Z,2024-06-10T10:28:49Z,,45.007301,74.052,membership,Payment by membership account and/or membership card,USCPIE13643801*1
ChargePoint Network,,,15694081,15694081,BRIGHTRIDGE EV / STATION 2 (R),,,3179591861,2024-06-20T16:38:23Z,2024-06-20T16:40:26Z,,0.000000,0.0,membership,Payment by membership account and/or membership card,USCPIE15694081*0
ChargePoint Network,,,13659871,13659871,LAWRENCEBURG / STATION 2 (R),23054921,247,3150450901,2024-06-07T16:44:39Z,2024-06-07T17:04:54Z,,17.025101,63.626,membership,Payment by membership account and/or membership card,USCPIE13659871*1
ChargePoint Network,,,15250771,15250771,SES-TN / STATION 1,24772691,100011,3152622391,2024-06-08T17:09:30Z,2024-06-08T17:31:09Z,,7.539400,49.75,membership,Payment by membership account and/or membership card,USCPIE15250771*1
ChargePoint Network,,,14337501,14337501,HOLSTONELECTRIC / CHURCH HILL-2,23845091,247,3150857851,2024-06-07T19:48:31Z,2024-06-07T20:18:05Z,,35.775101,77.0,membership,Payment by membership account and/or membership card,USCPIE14337501*1
ChargePoint Network,,,14359491,14359491,EBOFG / STATION 1 (L),23870291,247,3171139171,2024-06-16T23:57:56Z,2024-06-16T23:58:32Z,,0.000000,0.0,credit_card_terminal,Payment via credit card or debit card terminal,USCPIE14359491*1
ChargePoint Network,,,5625391,5625391,7SPC / VEC JAMESTOWN,9280971,3,3142839261,2024-06-04T16:56:09Z,2024-06-04T17:44:40Z,,5.821016,7.3503,membership,Payment by membership account and/or membership card,USCPIE5625391*2
ChargePoint Network,,,13606121,13606121,I24 EXIT11 / STATION 2 (LM),22992591,247,3139013021,2024-06-03T00:20:04Z,2024-06-03T00:41:36Z,,24.400499,72.921,membership,Payment by membership account and/or membership card,USCPIE13606121*1
ChargePoint Network,,,13606141,13606141,I24 EXIT11 / STATION 1 (LL),22992611,247,3183139851,2024-06-22T01:51:32Z,2024-06-22T01:52:46Z,,0.000000,0.0,credit_card_terminal,Payment via credit card or debit card terminal,USCPIE13606141*1
ChargePoint Network,,,13664471,13664471,BTES / STATION 3 (RM),23060511,247,3199876261,2024-06-29T19:24:46Z,2024-06-29T19:25:15Z,,0.000000,0.0,membership,Payment by membership account and/or membership card,USCPIE13664471*1
ChargePoint Network,,,13659871,13659871,LAWRENCEBURG / STATION 2 (R),23054921,247,3164470961,2024-06-13T19:54:31Z,2024-06-13T20:19:42Z,,24.148100,76.199,membership,Payment by membership account and/or membership card,USCPIE13659871*1
ChargePoint Network,,,13292801,13292801,LODGE CAST IRON / STORE & MUSEUM,22637561,3,3152716831,2024-06-08T18:04:19Z,2024-06-08T18:39:32Z,,4.093556,7.116,membership,Payment by membership account and/or membership card,USCPIE13292801*2
ChargePoint Network,,,15280471,15280471,SPRFLD ELECTRIC / STATION 1 (L),24807681,247,3168427901,2024-06-15T14:06:10Z,2024-06-15T16:24:41Z,,36.953098,62.166,membership,Payment by membership account and/or membership card,USCPIE15280471*1
ChargePoint Network,,,5565251,5565251,7SPC / SCES LECONTE 3,9205131,3,3137980061,2024-06-02T12:58:46Z,2024-06-02T13:47:54Z,,3.125478,3.8558,credit_card_terminal,Payment via credit card or debit card terminal,USCPIE5565251*2
ChargePoint Network,,,9677521,9677521,UT PARKING / S7 STATION 1,17169341,3,3164354571,2024-06-13T19:06:32Z,2024-06-13T20:54:08Z,,12.539515,7.0827,membership,Payment by membership account and/or membership card,USCPIE9677521*2
ChargePoint Network,,,5565241,5565241,7SPC / SCES LECONTE 4,9205111,3,3145470591,2024-06-05T17:41:28Z,2024-06-05T19:18:36Z,,6.961959,6.9334,membership,Payment by membership account and/or membership card,USCPIE5565241*2
ChargePoint Network,,,15694081,15694081,BRIGHTRIDGE EV / STATION 2 (R),25291921,247,3139257201,2024-06-03T02:51:50Z,2024-06-03T04:00:52Z,,49.441299,75.375,membership,Payment by membership account and/or membership card,USCPIE15694081*1
ChargePoint Network,,,8851921,8851921,7SPC / SEVIERVILLE DC1,15571271,207,3171937471,2024-06-17T12:28:01Z,2024-06-17T13:28:42Z,,42.495701,59.597,membership,Payment by membership account and/or membership card,USCPIE8851921*1
ChargePoint Network,,,12406491,12406491,FPIA / LEFT STATION,21527781,247,3139161311,2024-06-03T01:46:37Z,2024-06-03T02:16:02Z,,30.417400,73.458,membership,Payment by membership account and/or membership card,USCPIE12406491*1
ChargePoint Network,,,1933211,1933211,BRIGHTRIDGE EV / BR-JONESBOROUGH,2283631,3,3178992811,2024-06-20T12:44:04Z,2024-06-20T17:51:54Z,,28.763691,0.0,membership,Payment by membership account and/or membership card,USCPIE1933211*1
ChargePoint Network,,,12406491,12406491,FPIA / LEFT STATION,21527781,247,3157417701,2024-06-10T23:57:04Z,2024-06-11T00:22:51Z,,26.359400,75.239,credit_card_terminal,Payment via credit card or debit card terminal,USCPIE12406491*1
ChargePoint Network,,,5346231,5346231,CULLMANELECTRIC / STATION2-R,8926271,247,3156337191,2024-06-10T15:54:40Z,2024-06-10T17:08:29Z,,84.912804,76.625,membership,Payment by membership account and/or membership card,USCPIE5346231*1
ChargePoint Network,,,13292801,13292801,LODGE CAST IRON / STORE & MUSEUM,22637561,3,3184442491,2024-06-22T21:07:59Z,2024-06-22T21:51:06Z,,4.859595,6.9154,membership,Payment by membership account and/or membership card,USCPIE13292801*2
ChargePoint Network,,,15332351,15332351,TUA NW ATLANTIC / STATION 2 (R),24867891,247,3150611711,2024-06-07T17:57:32Z,2024-06-07T17:58:08Z,,0.000000,0.0,membership,Payment by membership account and/or membership card,USCPIE15332351*1
ChargePoint Network,,,5122191,5122191,CULLMANELECTRIC / STATION1-L,8482151,247,3157448621,2024-06-11T00:11:07Z,2024-06-11T00:12:17Z,,0.000000,0.0,membership,Payment by membership account and/or membership card,USCPIE5122191*1
ChargePoint Network,,,13966031,13966031,BEA / STATION 4 (RR),23419961,247,3172509201,2024-06-17T16:29:29Z,2024-06-17T17:00:35Z,,19.661200,54.208,membership,Payment by membership account and/or membership card,USCPIE13966031*1
ChargePoint Network,,,15815141,15815141,GEA-1 / STATION 1 (L),25435121,100011,3156350351,2024-06-10T15:59:14Z,2024-06-10T16:58:29Z,,28.850100,52.439,membership,Payment by membership account and/or membership card,USCPIE15815141*1
ChargePoint Network,,,1988061,1988061,7SPC / SCES DOLLYWOOD,25499831,3,3199628361,2024-06-29T16:53:34Z,2024-06-29T18:44:33Z,,11.155274,7.1928,membership,Payment by membership account and/or membership card,USCPIE1988061*1
ChargePoint Network,,,8851921,8851921,7SPC / SEVIERVILLE DC1,15571271,207,3159722561,2024-06-11T22:26:46Z,2024-06-11T22:53:32Z,,20.575199,53.801,membership,Payment by membership account and/or membership card,USCPIE8851921*1
ChargePoint Network,,,15280441,15280441,SPRFLD ELECTRIC / STATION 2 (R),24807641,247,3185726401,2024-06-23T17:27:19Z,2024-06-23T18:47:33Z,,52.371201,52.984,membership,Payment by membership account and/or membership card,USCPIE15280441*1
ChargePoint Network,,,1964521,1964521,EBOFG / GUNTERSVILLE PD,8374201,3,3150920001,2024-06-07T20:14:44Z,2024-06-07T20:47:09Z,,3.840156,7.2469,membership,Payment by membership account and/or membership card,USCPIE1964521*1
ChargePoint Network,,,13966851,13966851,BEA / STATION 1 (LL),23420911,247,3156724241,2024-06-10T18:46:22Z,2024-06-10T19:07:22Z,,22.407499,69.004,membership,Payment by membership account and/or membership card,USCPIE13966851*1
ChargePoint Network,,,15729991,15729991,AEC / AEC03,25334171,3,3144653201,2024-06-05T11:58:13Z,2024-06-05T12:00:11Z,,0.000000,,credit_card_terminal,Payment via credit card or debit card terminal,USCPIE15729991*1
ChargePoint Network,,,1964521,1964521,EBOFG / GUNTERSVILLE PD,8374201,3,3185625191,2024-06-23T16:21:08Z,2024-06-23T17:10:28Z,,5.518516,7.362,membership,Payment by membership account and/or membership card,USCPIE1964521*1
ChargePoint Network,,,15623211,15623211,CLW / 5TH ST 2 (R),25208281,247,3168855891,2024-06-15T18:38:34Z,2024-06-15T19:18:17Z,,28.212000,76.047,membership,Payment by membership account and/or membership card,USCPIE15623211*1
ChargePoint Network,,,5619801,5619801,7SPC / WARREN RECC BG,9274261,3,3163012271,2024-06-13T04:39:14Z,2024-06-13T08:48:08Z,,25.760088,6.2746,membership,Payment by membership account and/or membership card,USCPIE5619801*2
ChargePoint Network,,,5619801,5619801,7SPC / WARREN RECC BG,9274261,3,3171476931,2024-06-17T03:13:11Z,2024-06-17T05:47:16Z,,15.948734,6.2928,membership,Payment by membership account and/or membership card,USCPIE5619801*2
ChargePoint Network,,,13290491,13290491,7SPC / NASA USSRC L,22634941,3,3142923681,2024-06-04T17:34:52Z,2024-06-04T21:31:48Z,,17.305378,6.0094,membership,Payment by membership account and/or membership card,USCPIE13290491*2
ChargePoint Network,,,13664471,13664471,BTES / STATION 3 (RM),23060511,247,3167749561,2024-06-15T02:06:55Z,2024-06-15T03:19:20Z,,74.560303,75.438,phone_online,"Payment through mobile app, website, automated phone number or messaging system",USCPIE13664471*1
ChargePoint Network,,,13290491,13290491,7SPC / NASA USSRC L,22634941,3,3142274431,2024-06-04T13:18:54Z,2024-06-04T13:29:41Z,,1.001280,5.8495,membership,Payment by membership account and/or membership card,USCPIE13290491*2
ChargePoint Network,,,1964521,1964521,EBOFG / GUNTERSVILLE PD,8374201,3,3173455621,2024-06-17T23:33:17Z,2024-06-18T05:15:41Z,,39.356655,7.0546,membership,Payment by membership account and/or membership card,USCPIE1964521*1
ChargePoint Network,,,13966051,13966051,BEA / STATION 3 (RM),23419981,247,3196524061,2024-06-28T02:27:28Z,2024-06-28T03:42:54Z,,61.028400,69.564,credit_card_terminal,Payment via credit card or debit card terminal,USCPIE13966051*1
ChargePoint Network,,,13290491,13290491,7SPC / NASA USSRC L,22634941,3,3166266561,2024-06-14T15:01:55Z,2024-06-14T16:04:20Z,,3.474352,5.807,membership,Payment by membership account and/or membership card,USCPIE13290491*2
ChargePoint Network,,,15332321,15332321,TUA NW ATLANTIC / STATION 1 (L),24867861,247,3183049871,2024-06-22T01:01:43Z,2024-06-22T01:37:47Z,,55.049099,95.431,membership,Payment by membership account and/or membership card,USCPIE15332321*1
ChargePoint Network,,,15332351,15332351,TUA NW ATLANTIC / STATION 2 (R),24867891,247,3136277261,2024-06-01T14:42:31Z,2024-06-01T15:12:45Z,,32.909302,69.224,membership,Payment by membership account and/or membership card,USCPIE15332351*1
ChargePoint Network,,,15280441,15280441,SPRFLD ELECTRIC / STATION 2 (R),24807641,247,3179233051,2024-06-20T14:36:47Z,2024-06-20T15:24:06Z,,37.530899,60.06,credit_card_terminal,Payment via credit card or debit card terminal,USCPIE15280441*1
ChargePoint Network,,,14047321,14047321,JEFFERSON AVE. / OXFORD STA2(R),23514081,247,3175664131,2024-06-18T21:15:38Z,2024-06-18T21:59:13Z,,34.834000,72.435,membership,Payment by membership account and/or membership card,USCPIE14047321*1
ChargePoint Network,,,13423691,13423691,AEC / STATION #1 (L),22787121,247,3146065111,2024-06-05T22:02:17Z,2024-06-05T22:02:44Z,,0.000000,0.0,membership,Payment by membership account and/or membership card,USCPIE13423691*1
ChargePoint Network,,,15694081,15694081,BRIGHTRIDGE EV / STATION 2 (R),25291921,247,3185789811,2024-06-23T18:07:50Z,2024-06-23T18:30:14Z,,13.056100,69.564,credit_card_terminal,Payment via credit card or debit card terminal,USCPIE15694081*1
ChargePoint Network,,,12406491,12406491,FPIA / LEFT STATION,21527781,247,3159394901,2024-06-11T20:07:08Z,2024-06-11T20:50:35Z,,39.305901,70.497,membership,Payment by membership account and/or membership card,USCPIE12406491*1
ChargePoint Network,,,15250771,15250771,SES-TN / STATION 1,24772691,247,3155513951,2024-06-10T04:45:37Z,2024-06-10T05:05:43Z,,19.933901,64.813,credit_card_terminal,Payment via credit card or debit card terminal,USCPIE15250771*1
ChargePoint Network,,,14083151,14083151,STEMC / STATION 2 (R) H,23554701,247,3185679581,2024-06-23T16:58:16Z,2024-06-23T17:49:54Z,,35.352798,73.26,credit_card_terminal,Payment via credit card or debit card terminal,USCPIE14083151*1
ChargePoint Network,,,5565241,5565241,7SPC / SCES LECONTE 4,9205111,3,3199852231,2024-06-29T19:10:38Z,2024-06-29T21:53:08Z,,18.566225,7.0953,membership,Payment by membership account and/or membership card,USCPIE5565241*2
ChargePoint Network,,,13803581,13803581,FPU / STATION 1 (L),23227201,247,3165999221,2024-06-14T12:47:49Z,2024-06-14T13:18:16Z,,35.654499,74.646,membership,Payment by membership account and/or membership card,USCPIE13803581*1
ChargePoint Network,,,12720861,12720861,WRECC / STATION 2,21977121,247,3147810881,2024-06-06T16:00:35Z,2024-06-06T16:02:21Z,,0.640700,0.0,membership,Payment by membership account and/or membership card,USCPIE12720861*1
ChargePoint Network,,,12720861,12720861,WRECC / STATION 2,21977121,247,3145858921,2024-06-05T20:33:21Z,2024-06-05T21:26:22Z,,38.446899,54.299,membership,Payment by membership account and/or membership card,USCPIE12720861*1
ChargePoint Network,,,5346231,5346231,CULLMANELECTRIC / STATION2-R,8926271,247,3179561771,2024-06-20T16:28:15Z,2024-06-20T17:30:39Z,,60.270599,75.45,membership,Payment by membership account and/or membership card,USCPIE5346231*1
ChargePoint Network,,,15623211,15623211,CLW / 5TH ST 2 (R),25208281,247,3154361621,2024-06-09T17:04:42Z,2024-06-09T17:06:07Z,,0.000000,0.0,credit_card_terminal,Payment via credit card or debit card terminal,USCPIE15623211*1
ChargePoint Network,,,15548151,15548151,DECATURDOWNTWN / STATION 1 (R),25119511,247,3172757331,2024-06-17T18:23:00Z,2024-06-17T19:30:16Z,,104.628304,101.745,membership,Payment by membership account and/or membership card,USCPIE15548151*1
ChargePoint Network,,,682921,682921,7SPC / TVPPA OFFICE,9117251,3,3186865281,2024-06-24T05:20:32Z,2024-06-24T07:40:55Z,,7.714009,3.3241,membership,Payment by membership account and/or membership card,USCPIE682921*1
ChargePoint Network,,,8851921,8851921,7SPC / SEVIERVILLE DC1,15571271,100011,3172994021,2024-06-17T20:06:19Z,2024-06-17T20:38:16Z,,24.538099,51.198,membership,Payment by membership account and/or membership card,USCPIE8851921*1
ChargePoint Network,,,5565241,5565241,7SPC / SCES LECONTE 4,9205101,3,3164478641,2024-06-13T19:57:26Z,2024-06-13T20:49:39Z,,2.472486,3.7552,membership,Payment by membership account and/or membership card,USCPIE5565241*1
ChargePoint Network,,,15640031,15640031,NECDC / STATION 1 (L),25228511,247,3174402841,2024-06-18T12:35:00Z,2024-06-18T12:35:19Z,,0.000000,0.0,membership,Payment by membership account and/or membership card,USCPIE15640031*1
ChargePoint Network,,,7505851,7505851,JEFFERSON AVE. / OXFORD STA1(L),12955471,247,3164184741,2024-06-13T17:49:26Z,2024-06-13T18:17:31Z,,0.000000,0.0,membership,Payment by membership account and/or membership card,USCPIE7505851*1
ChargePoint Network,,,1844191,1844191,CLW / MAIN ST,23050431,3,3186506251,2024-06-24T01:02:13Z,2024-06-24T11:18:47Z,,63.013573,7.2757,credit_card_terminal,Payment via credit card or debit card terminal,USCPIE1844191*1
ChargePoint Network,,,13423581,13423581,AEC / STATION #2 (R),22787011,247,3199936881,2024-06-29T20:01:07Z,2024-06-29T20:52:35Z,,32.890400,53.279,other,Any other payment method not specified above. Additional description should be provided in Payment Method Description.,USCPIE13423581*1
ChargePoint Network,,,15548181,15548181,DECATURDOWNTWN / STATION 2 (L),25119551,247,3188898371,2024-06-25T01:43:11Z,2024-06-25T01:43:23Z,,0.000000,0.0,membership,Payment by membership account and/or membership card,USCPIE15548181*1
ChargePoint Network,,,15293211,15293211,TRNG CENTER / TRAININGCENTER1,24823101,3,3166486001,2024-06-14T16:26:37Z,2024-06-14T16:26:54Z,,0.000000,,credit_card_terminal,Payment via credit card or debit card terminal,USCPIE15293211*1
ChargePoint Network,,,1932851,1932851,BRIGHTRIDGE EV / BR-JC LIBRARY,23319821,3,3196135461,2024-06-27T23:22:49Z,2024-06-28T00:06:49Z,,5.088840,7.1789,credit_card_terminal,Payment via credit card or debit card terminal,USCPIE1932851*2
ChargePoint Network,,,15694081,15694081,BRIGHTRIDGE EV / STATION 2 (R),25291921,247,3193343681,2024-06-26T21:29:13Z,2024-06-26T23:09:29Z,,18.707100,65.567,membership,Payment by membership account and/or membership card,USCPIE15694081*1
ChargePoint Network,,,13606141,13606141,I24 EXIT11 / STATION 1 (LL),22992611,247,3166902301,2024-06-14T19:36:35Z,2024-06-14T19:42:43Z,,7.728400,0.0,membership,Payment by membership account and/or membership card,USCPIE13606141*1
ChargePoint Network,,,9677521,9677521,UT PARKING / S7 STATION 1,17169331,3,3146773001,2024-06-06T03:24:23Z,2024-06-06T05:54:45Z,,17.529972,7.1121,membership,Payment by membership account and/or membership card,USCPIE9677521*1
ChargePoint Network,,,6867451,6867451,AEC / CORP OFFICE,11708141,3,3187842841,2024-06-24T17:28:02Z,2024-06-24T17:29:07Z,,0.000000,,membership,Payment by membership account and/or membership card,USCPIE6867451*1
ChargePoint Network,,,12720861,12720861,WRECC / STATION 2,21977121,247,3147817891,2024-06-06T16:02:57Z,2024-06-06T16:27:59Z,,28.094700,69.147,membership,Payment by membership account and/or membership card,USCPIE12720861*1
ChargePoint Network,,,1988141,1988141,7SPC / SCES DREAM MORE,2355571,3,3158351341,2024-06-11T12:59:01Z,2024-06-11T13:09:01Z,,1.108709,7.0256,membership,Payment by membership account and/or membership card,USCPIE1988141*2
ChargePoint Network,,,13651611,13651611,MLEC / STATION 1 (L) H,,,3182693681,2024-06-21T21:59:42Z,2024-06-21T22:01:42Z,,0.000000,,membership,Payment by membership account and/or membership card,USCPIE13651611*0
ChargePoint Network,,,12720881,12720881,WRECC / STATION 1,,,3167209301,2024-06-14T21:49:53Z,2024-06-14T21:51:56Z,,0.000000,,membership,Payment by membership account and/or membership card,USCPIE12720881*0
ChargePoint Network,,,14025691,14025691,PARIS BPU / STATION 1(L),23489541,247,3177509571,2024-06-19T18:45:55Z,2024-06-19T19:53:55Z,,57.169899,76.23,membership,Payment by membership account and/or membership card,USCPIE14025691*1
ChargePoint Network,,,5565191,5565191,7SPC / DOLLYWOOD EMPL,9205031,3,3189639331,2024-06-25T13:27:15Z,2024-06-25T21:23:22Z,,37.219124,7.3166,membership,Payment by membership account and/or membership card,USCPIE5565191*1
ChargePoint Network,,,12406491,12406491,FPIA / LEFT STATION,21527781,247,3200111691,2024-06-29T21:45:38Z,2024-06-29T23:11:37Z,,36.363800,53.639,membership,Payment by membership account and/or membership card,USCPIE12406491*1
ChargePoint Network,,,1932851,1932851,BRIGHTRIDGE EV / BR-JC LIBRARY,23319811,3,3179676871,2024-06-20T17:17:26Z,2024-06-20T22:21:41Z,,36.716022,7.322,membership,Payment by membership account and/or membership card,USCPIE1932851*1
ChargePoint Network,,,1844191,1844191,CLW / MAIN ST,23050431,3,3185549841,2024-06-23T15:26:18Z,2024-06-24T00:52:14Z,,58.007393,6.9909,membership,Payment by membership account and/or membership card,USCPIE1844191*1
ChargePoint Network,,,14097801,14097801,SCOTTSBORO EPB / SEPB DCFC (L),23570921,247,3138780871,2024-06-02T22:13:40Z,2024-06-02T22:43:06Z,,28.577400,61.957,membership,Payment by membership account and/or membership card,USCPIE14097801*1
ChargePoint Network,,,14359491,14359491,EBOFG / STATION 1 (L),23870291,247,3145975471,2024-06-05T21:24:44Z,2024-06-05T21:27:23Z,,0.000000,0.0,membership,Payment by membership account and/or membership card,USCPIE14359491*1
ChargePoint Network,,,13966031,13966031,BEA / STATION 4 (RR),23419961,247,3159499431,2024-06-11T20:52:16Z,2024-06-11T21:26:28Z,,38.563999,74.071,membership,Payment by membership account and/or membership card,USCPIE13966031*1
ChargePoint Network,,,1921351,1921351,STARKVILLE UTIL / STARKVILLE DWTN,23682571,3,3150333941,2024-06-07T15:59:20Z,2024-06-07T16:26:41Z,,2.881606,6.4742,membership,Payment by membership account and/or membership card,USCPIE1921351*1
ChargePoint Network,,,1921531,1921531,STARKVILLE UTIL / STARKVILLE REC,2268551,3,3161949821,2024-06-12T20:13:46Z,2024-06-12T20:24:16Z,,1.125243,7.1306,membership,Payment by membership account and/or membership card,USCPIE1921531*1
ChargePoint Network,,,1921351,1921351,STARKVILLE UTIL / STARKVILLE DWTN,23682581,3,3188307661,2024-06-24T21:05:46Z,2024-06-25T13:00:17Z,,50.502380,7.3402,membership,Payment by membership account and/or membership card,USCPIE1921351*2
ChargePoint Network,,,13651611,13651611,MLEC / STATION 1 (L) H,23045791,247,3171046451,2024-06-16T23:06:30Z,2024-06-16T23:29:15Z,,27.067499,72.693,credit_card_terminal,Payment via credit card or debit card terminal,USCPIE13651611*1
ChargePoint Network,,,15332321,15332321,TUA NW ATLANTIC / STATION 1 (L),24867861,247,3170337611,2024-06-16T15:48:25Z,2024-06-16T16:05:40Z,,18.629801,71.344,membership,Payment by membership account and/or membership card,USCPIE15332321*1
ChargePoint Network,,,5346231,5346231,CULLMANELECTRIC / STATION2-R,8926271,247,3150656091,2024-06-07T18:18:30Z,2024-06-07T18:25:48Z,,7.638000,0.0,membership,Payment by membership account and/or membership card,USCPIE5346231*1
ChargePoint Network,,,5466441,5466441,7SPC / NASA USSRC R,9079361,3,3193247001,2024-06-26T20:47:47Z,2024-06-26T22:13:28Z,,7.533696,6.0693,membership,Payment by membership account and/or membership card,USCPIE5466441*1
ChargePoint Network,,,13803581,13803581,FPU / STATION 1 (L),23227201,247,3166231521,2024-06-14T14:48:11Z,2024-06-14T16:01:49Z,,28.639999,76.635,membership,Payment by membership account and/or membership card,USCPIE13803581*1
ChargePoint Network,,,14359491,14359491,EBOFG / STATION 1 (L),23870291,247,3148937751,2024-06-06T23:55:54Z,2024-06-06T23:56:42Z,,0.000000,0.0,membership,Payment by membership account and/or membership card,USCPIE14359491*1
ChargePoint Network,,,13606141,13606141,I24 EXIT11 / STATION 1 (LL),,,3190872661,2024-06-25T21:56:12Z,2024-06-25T21:58:13Z,,0.000000,0.0,membership,Payment by membership account and/or membership card,USCPIE13606141*0
ChargePoint Network,,,13966851,13966851,BEA / STATION 1 (LL),23420911,247,3145978591,2024-06-05T21:26:20Z,2024-06-05T22:05:56Z,,42.347198,72.519,membership,Payment by membership account and/or membership card,USCPIE13966851*1
ChargePoint Network,,,1988141,1988141,7SPC / SCES DREAM MORE,2355571,3,3137486571,2024-06-02T02:08:54Z,2024-06-02T14:50:35Z,,18.688875,7.2681,credit_card_terminal,Payment via credit card or debit card terminal,USCPIE1988141*2
ChargePoint Network,,,5346231,5346231,CULLMANELECTRIC / STATION2-R,8926271,247,3193811051,2024-06-27T00:56:12Z,2024-06-27T01:09:32Z,,12.598200,68.752,membership,Payment by membership account and/or membership card,USCPIE5346231*1
ChargePoint Network,,,12720881,12720881,WRECC / STATION 1,21977141,247,3157339611,2024-06-10T23:20:40Z,2024-06-10T23:56:46Z,,41.906700,122.583,membership,Payment by membership account and/or membership card,USCPIE12720881*1
ChargePoint Network,,,15280441,15280441,SPRFLD ELECTRIC / STATION 2 (R),24807641,247,3154019181,2024-06-09T11:03:47Z,2024-06-09T12:01:07Z,,50.712002,56.151,membership,Payment by membership account and/or membership card,USCPIE15280441*1
ChargePoint Network,,,13664471,13664471,BTES / STATION 3 (RM),23060511,247,3153267331,2024-06-08T23:13:40Z,2024-06-09T01:12:02Z,,120.814903,88.11,membership,Payment by membership account and/or membership card,USCPIE13664471*1
ChargePoint Network,,,13606091,13606091,I24 EXIT11 / STATION 3 (RM),22992551,247,3169524441,2024-06-16T00:57:11Z,2024-06-16T02:02:10Z,,48.483299,73.26,membership,Payment by membership account and/or membership card,USCPIE13606091*1
ChargePoint Network,,,682921,682921,7SPC / TVPPA OFFICE,9117261,3,3138221831,2024-06-02T16:39:16Z,2024-06-02T16:46:59Z,,0.710433,5.9597,membership,Payment by membership account and/or membership card,USCPIE682921*2
ChargePoint Network,,,5466441,5466441,7SPC / NASA USSRC R,9079361,3,3196007151,2024-06-27T22:25:22Z,2024-06-27T22:26:40Z,,0.058152,6.0357,membership,Payment by membership account and/or membership card,USCPIE5466441*1
ChargePoint Network,,,12676071,12676071,NEMEPA / NEMEPA EMPLOYEE,21923351,3,3145353221,2024-06-05T16:48:30Z,2024-06-05T20:01:32Z,,13.420626,6.1987,membership,Payment by membership account and/or membership card,USCPIE12676071*1
ChargePoint Network,,,13290491,13290491,7SPC / NASA USSRC L,22634941,3,3142794271,2024-06-04T16:37:03Z,2024-06-04T16:50:09Z,,1.230243,5.9292,credit_card_terminal,Payment via credit card or debit card terminal,USCPIE13290491*2
ChargePoint Network,,,15332321,15332321,TUA NW ATLANTIC / STATION 1 (L),24867861,247,3185645881,2024-06-23T16:35:50Z,2024-06-23T17:16:39Z,,29.334101,54.096,membership,Payment by membership account and/or membership card,USCPIE15332321*1
ChargePoint Network,,,1933211,1933211,BRIGHTRIDGE EV / BR-JONESBOROUGH,2283641,3,3186266611,2024-06-23T22:50:37Z,2024-06-24T13:23:50Z,,52.632637,6.3254,credit_card_terminal,Payment via credit card or debit card terminal,USCPIE1933211*2
ChargePoint Network,,,5619801,5619801,7SPC / WARREN RECC BG,9274261,3,3183318891,2024-06-22T03:26:52Z,2024-06-22T03:38:16Z,,1.114798,6.2175,membership,Payment by membership account and/or membership card,USCPIE5619801*2
ChargePoint Network,,,15694171,15694171,BRIGHTRIDGE EV / STATION 1 (L),25292041,247,3195859011,2024-06-27T21:20:38Z,2024-06-27T21:30:10Z,,9.356300,73.43,credit_card_terminal,Payment via credit card or debit card terminal,USCPIE15694171*1
ChargePoint Network,,,14097801,14097801,SCOTTSBORO EPB / SEPB DCFC (L),23570921,247,3147621081,2024-06-06T14:59:57Z,2024-06-06T15:32:07Z,,34.187199,72.75,membership,Payment by membership account and/or membership card,USCPIE14097801*1
ChargePoint Network,,,14049761,14049761,PARIS BPU / STATION 2(R),23516951,247,3156807191,2024-06-10T19:23:26Z,2024-06-10T19:45:29Z,,24.894699,72.666,membership,Payment by membership account and/or membership card,USCPIE14049761*1
ChargePoint Network,,,13026471,13026471,WCMES / CITYHALL2-R,22328331,247,3154042431,2024-06-09T11:57:57Z,2024-06-09T12:52:38Z,,30.505501,34.58,membership,Payment by membership account and/or membership card,USCPIE13026471*1
ChargePoint Network,,,15694171,15694171,BRIGHTRIDGE EV / STATION 1 (L),,,3173281521,2024-06-17T22:13:15Z,2024-06-17T22:15:17Z,,0.000000,0.0,membership,Payment by membership account and/or membership card,USCPIE15694171*0
ChargePoint Network,,,15332351,15332351,TUA NW ATLANTIC / STATION 2 (R),24867891,247,3184771801,2024-06-23T00:25:33Z,2024-06-23T02:03:00Z,,110.600899,99.75,membership,Payment by membership account and/or membership card,USCPIE15332351*1
ChargePoint Network,,,15280471,15280471,SPRFLD ELECTRIC / STATION 1 (L),24807681,247,3181507901,2024-06-21T12:52:44Z,2024-06-21T13:54:02Z,,52.205101,61.619,membership,Payment by membership account and/or membership card,USCPIE15280471*1
ChargePoint Network,,,5466441,5466441,7SPC / NASA USSRC R,9079361,3,3154144991,2024-06-09T14:14:02Z,2024-06-09T14:16:02Z,,0.000000,0.0,membership,Payment by membership account and/or membership card,USCPIE5466441*1
ChargePoint Network,,,13664401,13664401,BTES / STATION 1 (LL),23060421,247,3179680501,2024-06-20T17:19:11Z,2024-06-20T17:44:16Z,,11.370300,48.953,membership,Payment by membership account and/or membership card,USCPIE13664401*1
ChargePoint Network,,,13606061,13606061,I24 EXIT11 / STATION 4 (RR),22992511,247,3148837801,2024-06-06T23:11:13Z,2024-06-06T23:33:38Z,,18.934401,54.02,other,Any other payment method not specified above. Additional description should be provided in Payment Method Description.,USCPIE13606061*1
ChargePoint Network,,,15548151,15548151,DECATURDOWNTWN / STATION 1 (R),25119511,247,3151337941,2024-06-07T23:23:23Z,2024-06-07T23:35:19Z,,11.628300,75.041,membership,Payment by membership account and/or membership card,USCPIE15548151*1
ChargePoint Network,,,12720861,12720861,WRECC / STATION 2,21977121,247,3148982241,2024-06-07T00:14:15Z,2024-06-07T00:15:58Z,,0.000000,0.0,membership,Payment by membership account and/or membership card,USCPIE12720861*1
ChargePoint Network,,,15260241,15260241,STEMC / STATION 1 (L) A,24784071,247,3145898631,2024-06-05T20:50:44Z,2024-06-05T20:54:14Z,,0.000000,0.0,membership,Payment by membership account and/or membership card,USCPIE15260241*1
ChargePoint Network,,,13664471,13664471,BTES / STATION 3 (RM),23060511,247,3156895481,2024-06-10T20:01:17Z,2024-06-10T20:28:52Z,,26.188999,123.045,membership,Payment by membership account and/or membership card,USCPIE13664471*1
ChargePoint Network,,,15694081,15694081,BRIGHTRIDGE EV / STATION 2 (R),25291921,247,3136741621,2024-06-01T19:17:40Z,2024-06-01T19:18:35Z,,0.000000,0.0,membership,Payment by membership account and/or membership card,USCPIE15694081*1
ChargePoint Network,,,15623211,15623211,CLW / 5TH ST 2 (R),25208281,247,3166937281,2024-06-14T19:51:35Z,2024-06-14T20:07:31Z,,13.568700,53.9,membership,Payment by membership account and/or membership card,USCPIE15623211*1
ChargePoint Network,,,12406491,12406491,FPIA / LEFT STATION,21527781,247,3185486891,2024-06-23T14:28:41Z,2024-06-23T14:39:50Z,,12.275900,72.863,membership,Payment by membership account and/or membership card,USCPIE12406491*1
ChargePoint Network,,,14337221,14337221,HOLSTONELECTRIC / CHURCH HILL-1,23844801,247,3153326611,2024-06-08T23:48:06Z,2024-06-09T00:09:21Z,,27.470100,82.811,membership,Payment by membership account and/or membership card,USCPIE14337221*1
ChargePoint Network,,,12988591,12988591,BTES / BTES OFFICE,22285121,3,3182198311,2024-06-21T18:10:58Z,2024-06-21T18:12:58Z,,0.000000,0.0,credit_card_terminal,Payment via credit card or debit card terminal,USCPIE12988591*1
ChargePoint Network,,,8851921,8851921,7SPC / SEVIERVILLE DC1,15571271,207,3143395451,2024-06-04T21:07:33Z,2024-06-04T22:12:49Z,,55.603500,58.212,membership,Payment by membership account and/or membership card,USCPIE8851921*1
ChargePoint Network,,,15548181,15548181,DECATURDOWNTWN / STATION 2 (L),25119551,247,3157614001,2024-06-11T01:28:57Z,2024-06-11T02:30:41Z,,95.770897,100.87,membership,Payment by membership account and/or membership card,USCPIE15548181*1
ChargePoint Network,,,15885791,15885791,TWICKENHAM SQ / HU - STATION 3,25521611,100011,3183293131,2024-06-22T03:07:39Z,2024-06-22T03:08:44Z,,0.000000,0.0,membership,Payment by membership account and/or membership card,USCPIE15885791*1
ChargePoint Network,,,15694081,15694081,BRIGHTRIDGE EV / STATION 2 (R),25291921,247,3169336581,2024-06-15T23:10:31Z,2024-06-15T23:13:29Z,,0.000000,0.0,membership,Payment by membership account and/or membership card,USCPIE15694081*1
ChargePoint Network,,,15694171,15694171,BRIGHTRIDGE EV / STATION 1 (L),25292041,247,3198590351,2024-06-29T00:27:48Z,2024-06-29T00:29:20Z,,0.000000,0.0,membership,Payment by membership account and/or membership card,USCPIE15694171*1
ChargePoint Network,,,13966851,13966851,BEA / STATION 1 (LL),23420911,247,3176815421,2024-06-19T11:30:09Z,2024-06-19T11:50:25Z,,20.193800,74.099,membership,Payment by membership account and/or membership card,USCPIE13966851*1
ChargePoint Network,,,13606141,13606141,I24 EXIT11 / STATION 1 (LL),22992611,247,3140722711,2024-06-03T19:41:14Z,2024-06-03T20:24:48Z,,72.519402,121.991,membership,Payment by membership account and/or membership card,USCPIE13606141*1
ChargePoint Network,,,1988141,1988141,7SPC / SCES DREAM MORE,2355561,3,3187038481,2024-06-24T11:09:09Z,2024-06-24T12:19:11Z,,7.904034,7.1737,membership,Payment by membership account and/or membership card,USCPIE1988141*1
ChargePoint Network,,,15694081,15694081,BRIGHTRIDGE EV / STATION 2 (R),,,3153309261,2024-06-08T23:36:56Z,2024-06-08T23:38:57Z,,0.000000,,membership,Payment by membership account and/or membership card,USCPIE15694081*0
ChargePoint Network,,,13966851,13966851,BEA / STATION 1 (LL),23420911,247,3157628051,2024-06-11T01:37:17Z,2024-06-11T02:10:28Z,,31.088900,73.319,membership,Payment by membership account and/or membership card,USCPIE13966851*1
ChargePoint Network,,,14337501,14337501,HOLSTONELECTRIC / CHURCH HILL-2,23845091,100011,3152347751,2024-06-08T14:03:23Z,2024-06-08T14:51:45Z,,36.495399,53.2,membership,Payment by membership account and/or membership card,USCPIE14337501*1
ChargePoint Network,,,15694171,15694171,BRIGHTRIDGE EV / STATION 1 (L),25292041,247,3160186061,2024-06-12T01:52:35Z,2024-06-12T02:22:41Z,,35.141602,76.44,membership,Payment by membership account and/or membership card,USCPIE15694171*1
ChargePoint Network,,,5414151,5414151,7SPC / UC - CARTHAGE,9014651,3,3191050731,2024-06-25T23:14:07Z,2024-06-26T12:30:22Z,,60.545567,7.172,membership,Payment by membership account and/or membership card,USCPIE5414151*2
ChargePoint Network,,,1932851,1932851,BRIGHTRIDGE EV / BR-JC LIBRARY,23319811,3,3138061971,2024-06-02T14:32:20Z,2024-06-02T16:27:23Z,,14.058836,7.3904,membership,Payment by membership account and/or membership card,USCPIE1932851*1
ChargePoint Network,,,13643801,13643801,PEPA / STATION 2,23036481,247,3182564281,2024-06-21T21:01:16Z,2024-06-21T21:52:59Z,,40.437901,73.26,membership,Payment by membership account and/or membership card,USCPIE13643801*1
ChargePoint Network,,,12406401,12406401,FPIA / RIGHT STATION,21527671,247,3188951981,2024-06-25T02:11:44Z,2024-06-25T03:41:50Z,,54.045502,53.949,roaming,Payment via roaming partners,USCPIE12406401*1
ChargePoint Network,,,13880891,13880891,MU / MUC MAIN OFFICE,23319021,3,3164100461,2024-06-13T17:09:57Z,2024-06-13T21:00:21Z,,26.895874,7.1531,membership,Payment by membership account and/or membership card,USCPIE13880891*2
ChargePoint Network,,,14049761,14049761,PARIS BPU / STATION 2(R),23516951,247,3182406201,2024-06-21T19:48:50Z,2024-06-21T19:57:09Z,,0.000000,0.0,membership,Payment by membership account and/or membership card,USCPIE14049761*1
ChargePoint Network,,,13606061,13606061,I24 EXIT11 / STATION 4 (RR),22992511,247,3145766201,2024-06-05T19:54:22Z,2024-06-05T20:38:50Z,,45.892799,67.46,membership,Payment by membership account and/or membership card,USCPIE13606061*1
ChargePoint Network,,,8851921,8851921,7SPC / SEVIERVILLE DC1,15571271,207,3197490911,2024-06-28T15:50:17Z,2024-06-28T15:55:07Z,,0.000000,0.0,membership,Payment by membership account and/or membership card,USCPIE8851921*1
ChargePoint Network,,,13966031,13966031,BEA / STATION 4 (RR),23419961,247,3178247981,2024-06-20T01:07:12Z,2024-06-20T02:33:49Z,,107.921700,87.271,membership,Payment by membership account and/or membership card,USCPIE13966031*1
ChargePoint Network,,,5565291,5565291,7SPC / SCES LECONTE 1,9205201,3,3189628831,2024-06-25T13:22:10Z,2024-06-25T16:28:43Z,,22.288048,7.2956,membership,Payment by membership account and/or membership card,USCPIE5565291*2
ChargePoint Network,,,5122191,5122191,CULLMANELECTRIC / STATION1-L,8482151,247,3171196861,2024-06-17T00:28:36Z,2024-06-17T00:57:48Z,,18.773300,54.908,membership,Payment by membership account and/or membership card,USCPIE5122191*1
ChargePoint Network,,,14047321,14047321,JEFFERSON AVE. / OXFORD STA2(R),23514081,247,3167521491,2024-06-15T00:17:59Z,2024-06-15T00:20:16Z,,0.000000,0.0,membership,Payment by membership account and/or membership card,USCPIE14047321*1
ChargePoint Network,,,1988141,1988141,7SPC / SCES DREAM MORE,2355561,3,3199978931,2024-06-29T14:22:43Z,2024-06-29T14:35:21Z,,1.404360,6.9653,membership,Payment by membership account and/or membership card,USCPIE1988141*1
ChargePoint Network,,,12406491,12406491,FPIA / LEFT STATION,21527781,247,3166857101,2024-06-14T19:16:21Z,2024-06-14T19:41:06Z,,27.431700,69.938,membership,Payment by membership account and/or membership card,USCPIE12406491*1
ChargePoint Network,,,15694081,15694081,BRIGHTRIDGE EV / STATION 2 (R),25291921,247,3175358801,2024-06-18T19:07:47Z,2024-06-18T19:25:24Z,,24.444000,89.388,membership,Payment by membership account and/or membership card,USCPIE15694081*1
ChargePoint Network,,,14359491,14359491,EBOFG / STATION 1 (L),23870291,247,3146022221,2024-06-05T21:42:57Z,2024-06-05T21:45:48Z,,0.000000,0.0,membership,Payment by membership account and/or membership card,USCPIE14359491*1
ChargePoint Network,,,14355251,14355251,HARTSELLE 1 / STATION 2 (R),23865691,247,3137267831,2024-06-02T00:04:42Z,2024-06-02T02:05:12Z,,55.300900,69.101,membership,Payment by membership account and/or membership card,USCPIE14355251*1
ChargePoint Network,,,15885791,15885791,TWICKENHAM SQ / HU - STATION 3,25521611,247,3189446731,2024-06-25T11:42:23Z,2024-06-25T12:35:37Z,,48.901001,60.291,membership,Payment by membership account and/or membership card,USCPIE15885791*1
ChargePoint Network,,,13606091,13606091,I24 EXIT11 / STATION 3 (RM),22992551,247,3199344431,2024-06-29T13:06:59Z,2024-06-29T13:38:28Z,,16.571501,54.243,membership,Payment by membership account and/or membership card,USCPIE13606091*1
ChargePoint Network,,,15623211,15623211,CLW / 5TH ST 2 (R),25208281,247,3192162271,2024-06-26T13:27:10Z,2024-06-26T18:39:49Z,,59.547501,76.245,membership,Payment by membership account and/or membership card,USCPIE15623211*1
ChargePoint Network,,,14097711,14097711,SCOTTSBORO EPB / SEPB DCFC (R),23570811,247,3138168121,2024-06-02T16:00:55Z,2024-06-02T16:03:07Z,,0.000000,0.0,membership,Payment by membership account and/or membership card,USCPIE14097711*1
ChargePoint Network,,,1844191,1844191,CLW / MAIN ST,23050431,3,3164686031,2024-06-13T21:26:36Z,2024-06-14T01:25:15Z,,28.435755,7.2091,credit_card_terminal,Payment via credit card or debit card terminal,USCPIE1844191*1
ChargePoint Network,,,5466441,5466441,7SPC / NASA USSRC R,9079361,3,3166291971,2024-06-14T15:12:25Z,2024-06-14T16:18:54Z,,6.588376,6.0219,membership,Payment by membership account and/or membership card,USCPIE5466441*1
ChargePoint Network,,,5122191,5122191,CULLMANELECTRIC / STATION1-L,8482151,247,3150770381,2024-06-07T19:11:12Z,2024-06-07T19:48:59Z,,19.501801,59.279,membership,Payment by membership account and/or membership card,USCPIE5122191*1
ChargePoint Network,,,12720861,12720861,WRECC / STATION 2,21977121,247,3155068311,2024-06-09T23:58:49Z,2024-06-10T00:00:29Z,,0.000000,0.0,membership,Payment by membership account and/or membership card,USCPIE12720861*1
ChargePoint Network,,,14097711,14097711,SCOTTSBORO EPB / SEPB DCFC (R),23570811,247,3138710241,2024-06-02T21:31:53Z,2024-06-02T21:38:36Z,,1.939800,0.0,credit_card_terminal,Payment via credit card or debit card terminal,USCPIE14097711*1
ChargePoint Network,,,14047321,14047321,JEFFERSON AVE. / OXFORD STA2(R),23514081,247,3186293301,2024-06-23T23:00:13Z,2024-06-24T01:16:38Z,,115.035103,86.828,credit_card_terminal,Payment via credit card or debit card terminal,USCPIE14047321*1
ChargePoint Network,,,5466441,5466441,7SPC / NASA USSRC R,9079371,3,3173020651,2024-06-17T20:17:37Z,2024-06-17T22:24:35Z,,12.680772,6.2249,membership,Payment by membership account and/or membership card,USCPIE5466441*2
ChargePoint Network,,,13290491,13290491,7SPC / NASA USSRC L,22634941,3,3138535651,2024-06-02T19:52:45Z,2024-06-02T21:35:02Z,,9.947358,5.8743,membership,Payment by membership account and/or membership card,USCPIE13290491*2
ChargePoint Network,,,13606091,13606091,I24 EXIT11 / STATION 3 (RM),22992551,247,3179104201,2024-06-20T13:40:30Z,2024-06-20T14:14:05Z,,26.868099,54.682,membership,Payment by membership account and/or membership card,USCPIE13606091*1
ChargePoint Network,,,15694171,15694171,BRIGHTRIDGE EV / STATION 1 (L),25292041,247,3152738701,2024-06-08T18:16:56Z,2024-06-08T18:35:10Z,,21.513599,85.176,credit_card_terminal,Payment via credit card or debit card terminal,USCPIE15694171*1
ChargePoint Network,,,12676071,12676071,NEMEPA / NEMEPA EMPLOYEE,21923351,3,3195704741,2024-06-27T20:12:58Z,2024-06-28T16:28:03Z,,76.950607,6.2439,membership,Payment by membership account and/or membership card,USCPIE12676071*1
ChargePoint Network,,,15623231,15623231,CLW / 5TH ST 1 (L),25208301,247,3189992921,2024-06-25T15:46:43Z,2024-06-25T16:34:35Z,,56.384998,120.839,credit_card_terminal,Payment via credit card or debit card terminal,USCPIE15623231*1
ChargePoint Network,,,14359531,14359531,EBOFG / STATION 2 (R),23870331,247,3172553641,2024-06-17T16:46:41Z,2024-06-17T17:32:53Z,,62.439899,123.379,membership,Payment by membership account and/or membership card,USCPIE14359531*1
ChargePoint Network,,,13643801,13643801,PEPA / STATION 2,23036481,247,3147559831,2024-06-06T14:39:03Z,2024-06-06T15:18:15Z,,23.405800,49.131,membership,Payment by membership account and/or membership card,USCPIE13643801*1
ChargePoint Network,,,5350831,5350831,CULLMANELECTRIC / CEC MAIN OFFICE,8932491,3,3169518871,2024-06-16T00:53:46Z,2024-06-16T02:20:21Z,,8.802744,6.1664,membership,Payment by membership account and/or membership card,USCPIE5350831*1
ChargePoint Network,,,15260241,15260241,STEMC / STATION 1 (L) A,24784071,247,3199304901,2024-06-29T12:17:24Z,2024-06-29T12:48:12Z,,16.831900,40.56,membership,Payment by membership account and/or membership card,USCPIE15260241*1
ChargePoint Network,,,13292801,13292801,LODGE CAST IRON / STORE & MUSEUM,22637561,3,3194967001,2024-06-27T15:13:27Z,2024-06-27T15:21:25Z,,0.425519,3.3705,membership,Payment by membership account and/or membership card,USCPIE13292801*2
ChargePoint Network,,,14097711,14097711,SCOTTSBORO EPB / SEPB DCFC (R),23570811,247,3195260351,2024-06-27T16:56:09Z,2024-06-27T17:12:57Z,,20.984301,77.815,membership,Payment by membership account and/or membership card,USCPIE14097711*1
ChargePoint Network,,,1932851,1932851,BRIGHTRIDGE EV / BR-JC LIBRARY,23319821,3,3164932391,2024-06-13T23:12:22Z,2024-06-14T00:12:53Z,,7.112803,7.2239,credit_card_terminal,Payment via credit card or debit card terminal,USCPIE1932851*2
ChargePoint Network,,,12406491,12406491,FPIA / LEFT STATION,21527781,247,3180168831,2024-06-20T20:56:30Z,2024-06-20T21:16:32Z,,36.790100,120.87,membership,Payment by membership account and/or membership card,USCPIE12406491*1
ChargePoint Network,,,13606141,13606141,I24 EXIT11 / STATION 1 (LL),22992611,247,3183902091,2024-06-22T15:37:15Z,2024-06-22T16:03:14Z,,41.665798,122.737,credit_card_terminal,Payment via credit card or debit card terminal,USCPIE13606141*1
ChargePoint Network,,,13880891,13880891,MU / MUC MAIN OFFICE,23319021,3,3185432461,2024-06-23T13:27:11Z,2024-06-23T16:18:07Z,,20.107958,7.2702,membership,Payment by membership account and/or membership card,USCPIE13880891*2
ChargePoint Network,,,15640171,15640171,NECDC / STATION 2 (R),25228711,247,3143058321,2024-06-04T18:39:43Z,2024-06-04T19:08:52Z,,26.961700,59.358,membership,Payment by membership account and/or membership card,USCPIE15640171*1
ChargePoint Network,,,5363211,5363211,HARTSELLE 1 / HARTSELLE 1,23427581,3,3152495401,2024-06-08T15:51:08Z,2024-06-08T17:29:15Z,,11.512193,7.1027,membership,Payment by membership account and/or membership card,USCPIE5363211*2
ChargePoint Network,,,13606121,13606121,I24 EXIT11 / STATION 2 (LM),22992591,247,3138914181,2024-06-02T23:24:47Z,2024-06-03T00:05:34Z,,48.131802,78.405,membership,Payment by membership account and/or membership card,USCPIE13606121*1
ChargePoint Network,,,5565191,5565191,7SPC / DOLLYWOOD EMPL,9205031,3,3136478871,2024-06-01T16:49:22Z,2024-06-01T22:12:25Z,,27.546431,7.0577,membership,Payment by membership account and/or membership card,USCPIE5565191*1
ChargePoint Network,,,13880891,13880891,MU / MUC MAIN OFFICE,23319011,3,3176129031,2024-06-19T00:41:29Z,2024-06-19T01:31:44Z,,5.962369,7.296,membership,Payment by membership account and/or membership card,USCPIE13880891*1
ChargePoint Network,,,8851921,8851921,7SPC / SEVIERVILLE DC1,15571271,100011,3180368701,2024-06-20T22:22:55Z,2024-06-20T23:08:19Z,,2.237200,12.121,membership,Payment by membership account and/or membership card,USCPIE8851921*1
ChargePoint Network,,,14047321,14047321,JEFFERSON AVE. / OXFORD STA2(R),23514081,247,3138227661,2024-06-02T16:43:14Z,2024-06-02T16:55:42Z,,14.707500,75.599,membership,Payment by membership account and/or membership card,USCPIE14047321*1
ChargePoint Network,,,15728901,15728901,AEC / AEC04,25332891,3,3154831061,2024-06-09T21:50:07Z,2024-06-09T22:16:11Z,,3.093315,7.3402,membership,Payment by membership account and/or membership card,USCPIE15728901*2
ChargePoint Network,,,13606061,13606061,I24 EXIT11 / STATION 4 (RR),22992511,247,3166915471,2024-06-14T19:42:21Z,2024-06-14T20:24:27Z,,41.688000,73.599,membership,Payment by membership account and/or membership card,USCPIE13606061*1
ChargePoint Network,,,5619801,5619801,7SPC / WARREN RECC BG,9274261,3,3183545711,2024-06-22T06:44:00Z,2024-06-22T11:27:22Z,,29.410946,6.2907,membership,Payment by membership account and/or membership card,USCPIE5619801*2
ChargePoint Network,,,15623231,15623231,CLW / 5TH ST 1 (L),25208301,247,3166927451,2024-06-14T19:47:24Z,2024-06-14T20:44:09Z,,52.507198,62.08,credit_card_terminal,Payment via credit card or debit card terminal,USCPIE15623231*1
ChargePoint Network,,,5122191,5122191,CULLMANELECTRIC / STATION1-L,8482151,247,3152978581,2024-06-08T20:30:23Z,2024-06-08T20:57:04Z,,26.995899,77.42,membership,Payment by membership account and/or membership card,USCPIE5122191*1
ChargePoint Network,,,5122191,5122191,CULLMANELECTRIC / STATION1-L,8482151,247,3184060971,2024-06-22T17:17:12Z,2024-06-22T17:37:31Z,,16.083700,54.02,membership,Payment by membership account and/or membership card,USCPIE5122191*1
ChargePoint Network,,,14359491,14359491,EBOFG / STATION 1 (L),23870291,247,3151020021,2024-06-07T20:57:14Z,2024-06-07T20:57:48Z,,0.000000,0.0,membership,Payment by membership account and/or membership card,USCPIE14359491*1
ChargePoint Network,,,15640171,15640171,NECDC / STATION 2 (R),25228711,247,3137863631,2024-06-02T08:08:09Z,2024-06-02T09:13:42Z,,52.650799,62.166,credit_card_terminal,Payment via credit card or debit card terminal,USCPIE15640171*1
ChargePoint Network,,,8851921,8851921,7SPC / SEVIERVILLE DC1,15571271,207,3186270451,2024-06-23T22:52:55Z,2024-06-24T00:23:24Z,,71.184700,60.799,membership,Payment by membership account and/or membership card,USCPIE8851921*1
ChargePoint Network,,,14049761,14049761,PARIS BPU / STATION 2(R),23516951,247,3199526631,2024-06-29T15:45:16Z,2024-06-29T16:55:51Z,,73.212097,77.814,membership,Payment by membership account and/or membership card,USCPIE14049761*1
ChargePoint Network,,,14047321,14047321,JEFFERSON AVE. / OXFORD STA2(R),,,3136361931,2024-06-01T15:40:08Z,2024-06-01T15:40:13Z,,0.000000,,membership,Payment by membership account and/or membership card,USCPIE14047321*0
ChargePoint Network,,,1964521,1964521,EBOFG / GUNTERSVILLE PD,8374211,3,3194738611,2024-06-27T13:44:13Z,2024-06-27T15:00:16Z,,9.286029,7.3889,membership,Payment by membership account and/or membership card,USCPIE1964521*2
ChargePoint Network,,,13664471,13664471,BTES / STATION 3 (RM),23060511,247,3168585051,2024-06-15T15:58:41Z,2024-06-15T16:14:24Z,,26.921000,105.643,membership,Payment by membership account and/or membership card,USCPIE13664471*1
ChargePoint Network,,,12406401,12406401,FPIA / RIGHT STATION,21527671,247,3143386511,2024-06-04T21:03:45Z,2024-06-04T21:32:45Z,,27.111200,83.199,membership,Payment by membership account and/or membership card,USCPIE12406401*1
ChargePoint Network,,,13664471,13664471,BTES / STATION 3 (RM),23060511,247,3165334541,2024-06-14T02:08:29Z,2024-06-14T03:18:21Z,,50.355801,51.799,membership,Payment by membership account and/or membership card,USCPIE13664471*1
ChargePoint Network,,,1988141,1988141,7SPC / SCES DREAM MORE,2355571,3,3178132561,2024-06-20T00:13:34Z,2024-06-20T01:58:52Z,,9.478352,6.9162,membership,Payment by membership account and/or membership card,USCPIE1988141*2
ChargePoint Network,,,15280471,15280471,SPRFLD ELECTRIC / STATION 1 (L),24807681,247,3149689601,2024-06-07T08:52:56Z,2024-06-07T09:22:32Z,,7.957600,43.625,credit_card_terminal,Payment via credit card or debit card terminal,USCPIE15280471*1
ChargePoint Network,,,14047321,14047321,JEFFERSON AVE. / OXFORD STA2(R),23514081,247,3140433451,2024-06-03T17:22:21Z,2024-06-03T17:58:58Z,,41.020901,69.053,membership,Payment by membership account and/or membership card,USCPIE14047321*1
ChargePoint Network,,,13966051,13966051,BEA / STATION 3 (RM),23419981,247,3154432081,2024-06-09T17:50:13Z,2024-06-09T18:03:22Z,,14.352300,72.269,membership,Payment by membership account and/or membership card,USCPIE13966051*1
ChargePoint Network,,,15280441,15280441,SPRFLD ELECTRIC / STATION 2 (R),24807641,247,3154866871,2024-06-09T22:09:31Z,2024-06-09T22:34:12Z,,21.821501,56.884,credit_card_terminal,Payment via credit card or debit card terminal,USCPIE15280441*1
ChargePoint Network,,,15332321,15332321,TUA NW ATLANTIC / STATION 1 (L),24867861,247,3192918531,2024-06-26T18:27:01Z,2024-06-26T18:37:52Z,,5.616000,37.043,credit_card_terminal,Payment via credit card or debit card terminal,USCPIE15332321*1
ChargePoint Network,,,13606061,13606061,I24 EXIT11 / STATION 4 (RR),22992511,247,3199519531,2024-06-29T15:40:17Z,2024-06-29T16:17:23Z,,44.414001,78.405,membership,Payment by membership account and/or membership card,USCPIE13606061*1
ChargePoint Network,,,12720861,12720861,WRECC / STATION 2,21977121,247,3195700481,2024-06-27T20:11:16Z,2024-06-27T20:14:45Z,,0.000000,0.0,membership,Payment by membership account and/or membership card,USCPIE12720861*1
ChargePoint Network,,,1785631,1785631,HOLSTONELECTRIC / STATION 1,22462981,3,3181734051,2024-06-21T14:52:46Z,2024-06-21T19:07:50Z,,18.435524,7.4789,membership,Payment by membership account and/or membership card,USCPIE1785631*1
ChargePoint Network,,,15548181,15548181,DECATURDOWNTWN / STATION 2 (L),25119551,247,3154475141,2024-06-09T18:17:42Z,2024-06-09T18:55:03Z,,27.360300,72.8,membership,Payment by membership account and/or membership card,USCPIE15548181*1
ChargePoint Network,,,12754021,12754021,WCMES / CITYHALL1-L,22015241,247,3184124831,2024-06-22T17:56:33Z,2024-06-22T18:30:52Z,,36.287498,75.848,credit_card_terminal,Payment via credit card or debit card terminal,USCPIE12754021*1
ChargePoint Network,,,13659871,13659871,LAWRENCEBURG / STATION 2 (R),23054921,247,3167023061,2024-06-14T20:28:10Z,2024-06-14T20:56:37Z,,28.639200,76.636,membership,Payment by membership account and/or membership card,USCPIE13659871*1
ChargePoint Network,,,14359531,14359531,EBOFG / STATION 2 (R),23870331,247,3171108991,2024-06-16T23:41:13Z,2024-06-17T00:25:13Z,,48.712101,76.199,membership,Payment by membership account and/or membership card,USCPIE14359531*1
ChargePoint Network,,,5397731,5397731,EEDEV / MILLIGAN UNIV,9010251,3,3170381041,2024-06-16T16:19:58Z,2024-06-16T18:24:46Z,,7.828016,3.7965,membership,Payment by membership account and/or membership card,USCPIE5397731*1
ChargePoint Network,,,14337501,14337501,HOLSTONELECTRIC / CHURCH HILL-2,23845091,247,3191494361,2024-06-26T02:47:09Z,2024-06-26T03:06:41Z,,22.377300,77.4,membership,Payment by membership account and/or membership card,USCPIE14337501*1
ChargePoint Network,,,15815141,15815141,GEA-1 / STATION 1 (L),25435121,247,3184053411,2024-06-22T17:13:02Z,2024-06-22T18:00:37Z,,34.217201,61.368,membership,Payment by membership account and/or membership card,USCPIE15815141*1
ChargePoint Network,,,1844191,1844191,CLW / MAIN ST,23050441,3,3175850191,2024-06-18T22:35:02Z,2024-06-19T02:29:21Z,,26.350443,7.2949,credit_card_terminal,Payment via credit card or debit card terminal,USCPIE1844191*2
ChargePoint Network,,,5414151,5414151,7SPC / UC - CARTHAGE,9014651,3,3145542591,2024-06-05T18:15:32Z,2024-06-05T18:37:39Z,,1.324687,3.6786,membership,Payment by membership account and/or membership card,USCPIE5414151*2
ChargePoint Network,,,15280441,15280441,SPRFLD ELECTRIC / STATION 2 (R),24807641,247,3149547141,2024-06-07T05:04:00Z,2024-06-07T08:43:00Z,,45.680199,54.464,membership,Payment by membership account and/or membership card,USCPIE15280441*1
ChargePoint Network,,,15623211,15623211,CLW / 5TH ST 2 (R),25208281,247,3151808171,2024-06-08T03:12:58Z,2024-06-08T03:20:56Z,,5.887900,49.136,membership,Payment by membership account and/or membership card,USCPIE15623211*1
ChargePoint Network,,,9677521,9677521,UT PARKING / S7 STATION 1,17169341,3,3193672671,2024-06-26T23:53:06Z,2024-06-27T00:28:01Z,,1.889347,3.3104,membership,Payment by membership account and/or membership card,USCPIE9677521*2
ChargePoint Network,,,12406491,12406491,FPIA / LEFT STATION,21527781,247,3183006861,2024-06-22T00:42:32Z,2024-06-22T01:07:25Z,,31.167000,122.553,membership,Payment by membership account and/or membership card,USCPIE12406491*1
ChargePoint Network,,,15694081,15694081,BRIGHTRIDGE EV / STATION 2 (R),25291921,247,3152554201,2024-06-08T16:28:01Z,2024-06-08T17:19:22Z,,51.909698,73.655,membership,Payment by membership account and/or membership card,USCPIE15694081*1
ChargePoint Network,,,1932851,1932851,BRIGHTRIDGE EV / BR-JC LIBRARY,23319821,3,3155065781,2024-06-09T23:57:30Z,2024-06-10T00:02:44Z,,0.593775,7.2374,credit_card_terminal,Payment via credit card or debit card terminal,USCPIE1932851*2
ChargePoint Network,,,15694081,15694081,BRIGHTRIDGE EV / STATION 2 (R),25291921,100011,3192727791,2024-06-26T17:00:57Z,2024-06-26T17:25:28Z,,5.829500,48.953,membership,Payment by membership account and/or membership card,USCPIE15694081*1
ChargePoint Network,,,13606061,13606061,I24 EXIT11 / STATION 4 (RR),22992511,247,3138902611,2024-06-02T23:18:27Z,2024-06-02T23:51:13Z,,30.843300,74.599,membership,Payment by membership account and/or membership card,USCPIE13606061*1
ChargePoint Network,,,13880891,13880891,MU / MUC MAIN OFFICE,23319011,3,3178846081,2024-06-20T11:05:13Z,2024-06-20T13:28:55Z,,1.738609,6.5798,membership,Payment by membership account and/or membership card,USCPIE13880891*1
ChargePoint Network,,,12720861,12720861,WRECC / STATION 2,21977121,247,3187833041,2024-06-24T17:24:11Z,2024-06-24T17:59:41Z,,38.550598,67.063,other,Any other payment method not specified above. Additional description should be provided in Payment Method Description.,USCPIE12720861*1
ChargePoint Network,,,5565241,5565241,7SPC / SCES LECONTE 4,9205111,3,3173884141,2024-06-18T03:00:19Z,2024-06-18T04:41:01Z,,5.360931,3.7481,membership,Payment by membership account and/or membership card,USCPIE5565241*2
ChargePoint Network,,,8851921,8851921,7SPC / SEVIERVILLE DC1,15571271,207,3199310851,2024-06-29T12:26:01Z,2024-06-29T13:07:26Z,,24.006399,53.723,membership,Payment by membership account and/or membership card,USCPIE8851921*1
ChargePoint Network,,,14337501,14337501,HOLSTONELECTRIC / CHURCH HILL-2,23845091,247,3197707661,2024-06-28T17:19:17Z,2024-06-28T17:51:39Z,,26.319799,76.179,membership,Payment by membership account and/or membership card,USCPIE14337501*1
ChargePoint Network,,,14355251,14355251,HARTSELLE 1 / STATION 2 (R),23865691,247,3177482351,2024-06-19T18:29:40Z,2024-06-19T19:32:08Z,,65.842201,68.514,membership,Payment by membership account and/or membership card,USCPIE14355251*1
ChargePoint Network,,,8851921,8851921,7SPC / SEVIERVILLE DC1,15571271,207,3178083471,2024-06-19T23:48:30Z,2024-06-20T01:02:42Z,,72.278198,62.062,membership,Payment by membership account and/or membership card,USCPIE8851921*1
ChargePoint Network,,,5122191,5122191,CULLMANELECTRIC / STATION1-L,8482151,247,3193863691,2024-06-27T01:17:14Z,2024-06-27T01:56:03Z,,36.135899,57.875,membership,Payment by membership account and/or membership card,USCPIE5122191*1
ChargePoint Network,,,5363211,5363211,HARTSELLE 1 / HARTSELLE 1,23427581,3,3152665501,2024-06-08T17:34:41Z,2024-06-08T19:25:30Z,,13.302896,7.2968,membership,Payment by membership account and/or membership card,USCPIE5363211*2
ChargePoint Network,,,7505851,7505851,JEFFERSON AVE. / OXFORD STA1(L),,,3165023081,2024-06-13T23:51:35Z,2024-06-13T23:53:36Z,,0.000000,,membership,Payment by membership account and/or membership card,USCPIE7505851*0
ChargePoint Network,,,13292801,13292801,LODGE CAST IRON / STORE & MUSEUM,22637561,3,3156321091,2024-06-10T15:49:23Z,2024-06-10T18:18:29Z,,7.268829,3.7321,membership,Payment by membership account and/or membership card,USCPIE13292801*2
ChargePoint Network,,,5466441,5466441,7SPC / NASA USSRC R,9079371,3,3167200291,2024-06-14T21:48:09Z,2024-06-15T02:22:06Z,,27.081686,6.118,membership,Payment by membership account and/or membership card,USCPIE5466441*2
ChargePoint Network,,,12406491,12406491,FPIA / LEFT STATION,21527781,247,3177579401,2024-06-19T19:24:56Z,2024-06-19T19:47:54Z,,23.409500,123.045,membership,Payment by membership account and/or membership card,USCPIE12406491*1
ChargePoint Network,,,13659871,13659871,LAWRENCEBURG / STATION 2 (R),23054921,247,3152884131,2024-06-08T19:39:06Z,2024-06-08T20:06:36Z,,31.114000,113.498,credit_card_terminal,Payment via credit card or debit card terminal,USCPIE13659871*1
ChargePoint Network,,,1844191,1844191,CLW / MAIN ST,23050431,3,3197389961,2024-06-28T15:08:09Z,2024-06-28T20:16:30Z,,35.073441,6.9494,membership,Payment by membership account and/or membership card,USCPIE1844191*1
ChargePoint Network,,,5565191,5565191,7SPC / DOLLYWOOD EMPL,9205031,3,3163721971,2024-06-13T14:55:14Z,2024-06-13T18:24:43Z,,24.377750,7.0621,membership,Payment by membership account and/or membership card,USCPIE5565191*1
ChargePoint Network,,,15885791,15885791,TWICKENHAM SQ / HU - STATION 3,,,3183292781,2024-06-22T03:07:27Z,2024-06-22T03:07:36Z,,0.000000,,membership,Payment by membership account and/or membership card,USCPIE15885791*0
ChargePoint Network,,,12720881,12720881,WRECC / STATION 1,21977141,247,3198354471,2024-06-28T22:27:51Z,2024-06-28T23:26:26Z,,40.426998,54.087,membership,Payment by membership account and/or membership card,USCPIE12720881*1
ChargePoint Network,,,15694171,15694171,BRIGHTRIDGE EV / STATION 1 (L),25292041,247,3148872021,2024-06-06T23:26:04Z,2024-06-07T01:26:05Z,,60.443501,77.017,membership,Payment by membership account and/or membership card,USCPIE15694171*1
ChargePoint Network,,,12989161,12989161,BTES / CITY HALL,22285821,3,3181386301,2024-06-21T11:21:38Z,2024-06-21T16:28:10Z,,32.049839,7.1803,membership,Payment by membership account and/or membership card,USCPIE12989161*2
ChargePoint Network,,,13880891,13880891,MU / MUC MAIN OFFICE,23319021,3,3169275671,2024-06-15T22:39:18Z,2024-06-15T22:40:15Z,,0.000000,0.0,credit_card_terminal,Payment via credit card or debit card terminal,USCPIE13880891*2
ChargePoint Network,,,5565201,5565201,7SPC / SCES LECONTE 2,9205061,3,3195719961,2024-06-27T20:19:31Z,2024-06-27T22:42:56Z,,16.386276,7.1662,membership,Payment by membership account and/or membership card,USCPIE5565201*2
ChargePoint Network,,,15250701,15250701,SES-TN / STATION 2,24772611,247,3176974111,2024-06-19T13:36:38Z,2024-06-19T13:51:07Z,,6.569900,43.164,membership,Payment by membership account and/or membership card,USCPIE15250701*1
ChargePoint Network,,,5380331,5380331,CULLMAN PB / STATION 1,8970951,3,3196206161,2024-06-27T23:55:42Z,2024-06-27T23:57:06Z,,0.000000,0.0,membership,Payment by membership account and/or membership card,USCPIE5380331*1
ChargePoint Network,,,5424051,5424051,EEDEV / ELIZ DOWNTOWN,9027001,3,3153045411,2024-06-08T21:08:14Z,2024-06-08T22:06:29Z,,5.506592,7.0872,membership,Payment by membership account and/or membership card,USCPIE5424051*2
ChargePoint Network,,,1964521,1964521,EBOFG / GUNTERSVILLE PD,8374211,3,3188313931,2024-06-24T21:08:18Z,2024-06-24T21:11:16Z,,0.196536,7.1997,phone_online,"Payment through mobile app, website, automated phone number or messaging system",USCPIE1964521*2
ChargePoint Network,,,1844191,1844191,CLW / MAIN ST,23050431,3,3157142071,2024-06-10T21:51:24Z,2024-06-11T07:31:11Z,,61.689430,7.1164,membership,Payment by membership account and/or membership card,USCPIE1844191*1
ChargePoint Network,,,5466441,5466441,7SPC / NASA USSRC R,9079361,3,3170788781,2024-06-16T20:37:30Z,2024-06-16T20:48:43Z,,1.028682,5.9792,membership,Payment by membership account and/or membership card,USCPIE5466441*1
ChargePoint Network,,,7505851,7505851,JEFFERSON AVE. / OXFORD STA1(L),12955471,247,3167630531,2024-06-15T01:07:19Z,2024-06-15T01:08:39Z,,0.000000,0.0,membership,Payment by membership account and/or membership card,USCPIE7505851*1
ChargePoint Network,,,5565241,5565241,7SPC / SCES LECONTE 4,9205101,3,3184394621,2024-06-22T20:38:55Z,2024-06-22T22:42:01Z,,7.379606,3.7965,membership,Payment by membership account and/or membership card,USCPIE5565241*1
ChargePoint Network,,,15694171,15694171,BRIGHTRIDGE EV / STATION 1 (L),25292041,247,3168391921,2024-06-15T13:37:56Z,2024-06-15T14:00:35Z,,25.659201,82.169,membership,Payment by membership account and/or membership card,USCPIE15694171*1
ChargePoint Network,,,5346231,5346231,CULLMANELECTRIC / STATION2-R,8926271,247,3189784331,2024-06-25T14:33:07Z,2024-06-25T15:18:47Z,,33.130001,52.984,membership,Payment by membership account and/or membership card,USCPIE5346231*1
ChargePoint Network,,,12989161,12989161,BTES / CITY HALL,22285821,3,3172040851,2024-06-17T13:22:59Z,2024-06-17T13:57:54Z,,3.962531,6.8822,membership,Payment by membership account and/or membership card,USCPIE12989161*2
ChargePoint Network,,,1921531,1921531,STARKVILLE UTIL / STARKVILLE REC,2268551,3,3183737291,2024-06-22T13:16:25Z,2024-06-22T13:39:26Z,,2.600958,6.9892,credit_card_terminal,Payment via credit card or debit card terminal,USCPIE1921531*1
ChargePoint Network,,,8851921,8851921,7SPC / SEVIERVILLE DC1,15571271,207,3185600601,2024-06-23T16:04:24Z,2024-06-23T16:05:57Z,,0.000000,0.0,other,Any other payment method not specified above. Additional description should be provided in Payment Method Description.,USCPIE8851921*1
ChargePoint Network,,,5384781,5384781,7SPC / TRI-COUNTY EMC,9273701,3,3154747251,2024-06-09T21:02:37Z,2024-06-10T02:13:40Z,,37.707813,7.3317,membership,Payment by membership account and/or membership card,USCPIE5384781*2
ChargePoint Network,,,15694171,15694171,BRIGHTRIDGE EV / STATION 1 (L),25292041,247,3198527461,2024-06-28T23:55:38Z,2024-06-29T00:26:15Z,,34.022202,73.108,membership,Payment by membership account and/or membership card,USCPIE15694171*1
ChargePoint Network,,,5346231,5346231,CULLMANELECTRIC / STATION2-R,8926271,247,3175205011,2024-06-18T17:56:35Z,2024-06-18T18:14:32Z,,19.861900,69.0,membership,Payment by membership account and/or membership card,USCPIE5346231*1
ChargePoint Network,,,13664401,13664401,BTES / STATION 1 (LL),23060421,247,3169227491,2024-06-15T22:11:18Z,2024-06-16T01:03:22Z,,24.382601,12.597,membership,Payment by membership account and/or membership card,USCPIE13664401*1
ChargePoint Network,,,12720881,12720881,WRECC / STATION 1,21977141,100011,3154659231,2024-06-09T20:10:36Z,2024-06-09T20:11:34Z,,0.000000,0.0,membership,Payment by membership account and/or membership card,USCPIE12720881*1
ChargePoint Network,,,5397731,5397731,EEDEV / MILLIGAN UNIV,9010251,3,3163314901,2024-06-13T11:34:27Z,2024-06-13T15:44:25Z,,30.895910,7.5385,membership,Payment by membership account and/or membership card,USCPIE5397731*1
ChargePoint Network,,,5122191,5122191,CULLMANELECTRIC / STATION1-L,8482151,247,3143422711,2024-06-04T21:18:37Z,2024-06-04T21:36:03Z,,17.472200,71.676,membership,Payment by membership account and/or membership card,USCPIE5122191*1
ChargePoint Network,,,9745721,9745721,CRMC / CRMC-1 - L2LEFT,17301471,3,3158624681,2024-06-11T14:58:52Z,2024-06-11T16:41:43Z,,12.084652,7.1476,membership,Payment by membership account and/or membership card,USCPIE9745721*1
ChargePoint Network,,,13966811,13966811,BEA / STATION 2 (LM),23420881,247,3198421481,2024-06-28T23:00:29Z,2024-06-28T23:24:18Z,,17.250999,71.575,credit_card_terminal,Payment via credit card or debit card terminal,USCPIE13966811*1
ChargePoint Network,,,1964521,1964521,EBOFG / GUNTERSVILLE PD,8374211,3,3190088871,2024-06-25T16:17:09Z,2024-06-25T21:35:50Z,,9.988562,3.7024,membership,Payment by membership account and/or membership card,USCPIE1964521*2
ChargePoint Network,,,15332351,15332351,TUA NW ATLANTIC / STATION 2 (R),24867891,247,3136231311,2024-06-01T14:07:06Z,2024-06-01T14:27:08Z,,13.779400,64.845,membership,Payment by membership account and/or membership card,USCPIE15332351*1
ChargePoint Network,,,5346231,5346231,CULLMANELECTRIC / STATION2-R,8926271,247,3164982861,2024-06-13T23:35:36Z,2024-06-13T23:53:48Z,,14.718100,53.949,membership,Payment by membership account and/or membership card,USCPIE5346231*1
ChargePoint Network,,,14097711,14097711,SCOTTSBORO EPB / SEPB DCFC (R),23570811,247,3148107001,2024-06-06T18:05:45Z,2024-06-06T18:21:33Z,,10.008600,68.033,membership,Payment by membership account and/or membership card,USCPIE14097711*1
ChargePoint Network,,,15548181,15548181,DECATURDOWNTWN / STATION 2 (L),25119551,247,3167472801,2024-06-14T23:57:09Z,2024-06-15T00:13:24Z,,22.740700,89.166,membership,Payment by membership account and/or membership card,USCPIE15548181*1
ChargePoint Network,,,1988061,1988061,7SPC / SCES DOLLYWOOD,25499831,3,3190450501,2024-06-25T18:57:17Z,2024-06-26T02:30:25Z,,40.037792,7.1754,membership,Payment by membership account and/or membership card,USCPIE1988061*1
ChargePoint Network,,,5122191,5122191,CULLMANELECTRIC / STATION1-L,8482151,247,3168683091,2024-06-15T16:57:38Z,2024-06-15T17:16:49Z,,29.278601,113.344,membership,Payment by membership account and/or membership card,USCPIE5122191*1
ChargePoint Network,,,13606061,13606061,I24 EXIT11 / STATION 4 (RR),22992511,247,3181573191,2024-06-21T13:30:38Z,2024-06-21T13:59:47Z,,52.363701,114.267,membership,Payment by membership account and/or membership card,USCPIE13606061*1
ChargePoint Network,,,14083171,14083171,STEMC / STATION 1 (L) H,23554721,247,3169512141,2024-06-16T00:49:33Z,2024-06-16T01:29:58Z,,44.028198,76.241,membership,Payment by membership account and/or membership card,USCPIE14083171*1
ChargePoint Network,,,12720861,12720861,WRECC / STATION 2,21977121,247,3193088851,2024-06-26T19:41:54Z,2024-06-26T19:57:06Z,,16.044201,67.66,membership,Payment by membership account and/or membership card,USCPIE12720861*1
ChargePoint Network,,,15280441,15280441,SPRFLD ELECTRIC / STATION 2 (R),24807641,247,3157942851,2024-06-11T04:55:47Z,2024-06-11T06:27:54Z,,58.683800,54.02,membership,Payment by membership account and/or membership card,USCPIE15280441*1
ChargePoint Network,,,15623211,15623211,CLW / 5TH ST 2 (R),25208281,247,3142106821,2024-06-04T11:51:09Z,2024-06-04T12:57:37Z,,41.351299,75.253,membership,Payment by membership account and/or membership card,USCPIE15623211*1
ChargePoint Network,,,5350831,5350831,CULLMANELECTRIC / CEC MAIN OFFICE,8932501,3,3172752101,2024-06-17T18:20:37Z,2024-06-23T18:04:54Z,,58.868370,0.0,membership,Payment by membership account and/or membership card,USCPIE5350831*2
ChargePoint Network,,,12720861,12720861,WRECC / STATION 2,21977121,247,3187121871,2024-06-24T12:15:25Z,2024-06-24T12:46:53Z,,27.888800,61.54,membership,Payment by membership account and/or membership card,USCPIE12720861*1
ChargePoint Network,,,15694171,15694171,BRIGHTRIDGE EV / STATION 1 (L),,,3136075011,2024-06-01T11:27:15Z,2024-06-01T11:28:05Z,,0.000000,,membership,Payment by membership account and/or membership card,USCPIE15694171*0
ChargePoint Network,,,8851921,8851921,7SPC / SEVIERVILLE DC1,15571271,207,3145586131,2024-06-05T18:37:06Z,2024-06-05T18:59:25Z,,17.690399,51.355,membership,Payment by membership account and/or membership card,USCPIE8851921*1
ChargePoint Network,,,13026471,13026471,WCMES / CITYHALL2-R,22328331,247,3154566141,2024-06-09T19:13:04Z,2024-06-09T20:13:50Z,,63.790298,66.575,membership,Payment by membership account and/or membership card,USCPIE13026471*1
ChargePoint Network,,,12448521,12448521,7SPC / WARREN RECC LF,21576911,3,3171553411,2024-06-17T04:03:03Z,2024-06-17T09:58:41Z,,35.570110,6.0789,membership,Payment by membership account and/or membership card,USCPIE12448521*1
ChargePoint Network,,,13966851,13966851,BEA / STATION 1 (LL),23420911,247,3172852241,2024-06-17T19:06:48Z,2024-06-17T19:26:51Z,,23.755699,73.514,membership,Payment by membership account and/or membership card,USCPIE13966851*1
ChargePoint Network,,,12720881,12720881,WRECC / STATION 1,21977141,247,3156429791,2024-06-10T16:27:03Z,2024-06-10T17:03:13Z,,37.917000,83.555,membership,Payment by membership account and/or membership card,USCPIE12720881*1
ChargePoint Network,,,14047321,14047321,JEFFERSON AVE. / OXFORD STA2(R),23514081,247,3136362321,2024-06-01T15:40:30Z,2024-06-01T18:27:45Z,,97.112503,76.428,membership,Payment by membership account and/or membership card,USCPIE14047321*1
ChargePoint Network,,,15694171,15694171,BRIGHTRIDGE EV / STATION 1 (L),25292041,247,3165331491,2024-06-14T02:06:56Z,2024-06-14T02:08:09Z,,0.000000,0.0,membership,Payment by membership account and/or membership card,USCPIE15694171*1
ChargePoint Network,,,14337501,14337501,HOLSTONELECTRIC / CHURCH HILL-2,23845091,247,3192888241,2024-06-26T18:13:16Z,2024-06-26T18:27:50Z,,17.009501,74.199,membership,Payment by membership account and/or membership card,USCPIE14337501*1
ChargePoint Network,,,1921351,1921351,STARKVILLE UTIL / STARKVILLE DWTN,23682581,3,3183712771,2024-06-22T12:46:28Z,2024-06-22T13:06:52Z,,2.416426,7.2362,credit_card_terminal,Payment via credit card or debit card terminal,USCPIE1921351*2
ChargePoint Network,,,13606091,13606091,I24 EXIT11 / STATION 3 (RM),22992551,247,3149674521,2024-06-07T08:01:48Z,2024-06-07T08:57:32Z,,27.788700,54.208,membership,Payment by membership account and/or membership card,USCPIE13606091*1
ChargePoint Network,,,5346231,5346231,CULLMANELECTRIC / STATION2-R,8926271,247,3172871771,2024-06-17T19:15:01Z,2024-06-17T19:55:48Z,,46.275799,70.526,other,Any other payment method not specified above. Additional description should be provided in Payment Method Description.,USCPIE5346231*1
ChargePoint Network,,,1844191,1844191,CLW / MAIN ST,23050431,3,3154425491,2024-06-09T17:46:26Z,2024-06-09T23:59:45Z,,41.052303,7.2946,membership,Payment by membership account and/or membership card,USCPIE1844191*1
ChargePoint Network,,,1988141,1988141,7SPC / SCES DREAM MORE,2355561,3,3184148491,2024-06-22T18:10:53Z,2024-06-23T02:05:51Z,,54.579384,7.067,membership,Payment by membership account and/or membership card,USCPIE1988141*1
ChargePoint Network,,,5565241,5565241,7SPC / SCES LECONTE 4,9205101,3,3156666361,2024-06-10T18:17:15Z,2024-06-10T20:22:46Z,,3.183312,3.7457,credit_card_terminal,Payment via credit card or debit card terminal,USCPIE5565241*1
ChargePoint Network,,,14097801,14097801,SCOTTSBORO EPB / SEPB DCFC (L),23570921,247,3172687441,2024-06-17T17:48:24Z,2024-06-17T17:59:17Z,,3.575300,0.0,membership,Payment by membership account and/or membership card,USCPIE14097801*1
ChargePoint Network,,,7505851,7505851,JEFFERSON AVE. / OXFORD STA1(L),12955471,247,3183967031,2024-06-22T16:19:44Z,2024-06-22T17:09:40Z,,38.463100,74.844,membership,Payment by membership account and/or membership card,USCPIE7505851*1
ChargePoint Network,,,13290491,13290491,7SPC / NASA USSRC L,22634941,3,3136573741,2024-06-01T17:44:49Z,2024-06-01T17:45:01Z,,0.000002,0.0063,membership,Payment by membership account and/or membership card,USCPIE13290491*2
ChargePoint Network,,,14359531,14359531,EBOFG / STATION 2 (R),23870331,247,3152597931,2024-06-08T16:54:35Z,2024-06-08T17:48:34Z,,51.676102,78.596,credit_card_terminal,Payment via credit card or debit card terminal,USCPIE14359531*1
ChargePoint Network,,,14359531,14359531,EBOFG / STATION 2 (R),23870331,247,3176988311,2024-06-19T13:47:10Z,2024-06-19T14:17:13Z,,47.801601,124.176,membership,Payment by membership account and/or membership card,USCPIE14359531*1
ChargePoint Network,,,14097801,14097801,SCOTTSBORO EPB / SEPB DCFC (L),23570921,247,3170364361,2024-06-16T16:07:53Z,2024-06-16T17:11:33Z,,50.984901,71.779,membership,Payment by membership account and/or membership card,USCPIE14097801*1
ChargePoint Network,,,13664501,13664501,BTES / STATION 4 (RR),23060561,247,3173782351,2024-06-18T02:09:46Z,2024-06-18T02:37:50Z,,36.243099,81.339,membership,Payment by membership account and/or membership card,USCPIE13664501*1
ChargePoint Network,,,12406491,12406491,FPIA / LEFT STATION,21527781,247,3138901921,2024-06-02T23:18:07Z,2024-06-02T23:19:00Z,,0.000000,0.0,membership,Payment by membership account and/or membership card,USCPIE12406491*1
ChargePoint Network,,,13664501,13664501,BTES / STATION 4 (RR),23060561,247,3154013761,2024-06-09T10:54:54Z,2024-06-09T11:19:08Z,,24.912800,75.648,membership,Payment by membership account and/or membership card,USCPIE13664501*1
ChargePoint Network,,,15623211,15623211,CLW / 5TH ST 2 (R),25208281,247,3152064361,2024-06-08T06:35:14Z,2024-06-08T06:36:43Z,,0.000000,0.0,membership,Payment by membership account and/or membership card,USCPIE15623211*1
ChargePoint Network,,,8851921,8851921,7SPC / SEVIERVILLE DC1,15571271,100011,3156091101,2024-06-10T14:28:58Z,2024-06-10T17:34:47Z,,1.347500,8.579,membership,Payment by membership account and/or membership card,USCPIE8851921*1
ChargePoint Network,,,13423581,13423581,AEC / STATION #2 (R),22787011,247,3153311131,2024-06-08T23:39:54Z,2024-06-09T00:04:27Z,,25.451700,71.314,membership,Payment by membership account and/or membership card,USCPIE13423581*1
ChargePoint Network,,,15260241,15260241,STEMC / STATION 1 (L) A,,,3167726011,2024-06-15T01:56:01Z,2024-06-15T01:57:44Z,,0.000000,,membership,Payment by membership account and/or membership card,USCPIE15260241*0
ChargePoint Network,,,12720861,12720861,WRECC / STATION 2,21977121,247,3174589761,2024-06-18T14:03:35Z,2024-06-18T14:49:20Z,,25.300900,54.299,membership,Payment by membership account and/or membership card,USCPIE12720861*1
ChargePoint Network,,,1932851,1932851,BRIGHTRIDGE EV / BR-JC LIBRARY,23319811,3,3167205191,2024-06-14T21:50:02Z,2024-06-15T02:25:52Z,,27.531843,7.5201,membership,Payment by membership account and/or membership card,USCPIE1932851*1
ChargePoint Network,,,5384781,5384781,7SPC / TRI-COUNTY EMC,9273701,3,3169071051,2024-06-15T20:42:28Z,2024-06-15T21:04:09Z,,2.531574,,credit_card_terminal,Payment via credit card or debit card terminal,USCPIE5384781*2
ChargePoint Network,,,5363211,5363211,HARTSELLE 1 / HARTSELLE 1,23427571,3,3149015411,2024-06-07T00:27:03Z,2024-06-07T00:29:03Z,,0.000000,0.0,membership,Payment by membership account and/or membership card,USCPIE5363211*1
ChargePoint Network,,,13803581,13803581,FPU / STATION 1 (L),23227201,247,3195064021,2024-06-27T15:45:44Z,2024-06-27T15:46:22Z,,0.000000,0.0,membership,Payment by membership account and/or membership card,USCPIE13803581*1
ChargePoint Network,,,5354011,5354011,7SPC / GREENEVILLE TA,8936791,207,3160577461,2024-06-12T06:42:57Z,2024-06-12T07:10:07Z,,25.864599,59.29,membership,Payment by membership account and/or membership card,USCPIE5354011*1
ChargePoint Network,,,7505851,7505851,JEFFERSON AVE. / OXFORD STA1(L),12955471,247,3184198461,2024-06-22T18:41:02Z,2024-06-22T19:24:14Z,,45.189098,66.33,credit_card_terminal,Payment via credit card or debit card terminal,USCPIE7505851*1
ChargePoint Network,,,14359491,14359491,EBOFG / STATION 1 (L),23870291,247,3171141471,2024-06-16T23:59:18Z,2024-06-17T00:00:11Z,,0.000000,0.0,credit_card_terminal,Payment via credit card or debit card terminal,USCPIE14359491*1
ChargePoint Network,,,13664501,13664501,BTES / STATION 4 (RR),23060561,247,3187724371,2024-06-24T16:36:19Z,2024-06-24T17:12:34Z,,39.315498,70.499,membership,Payment by membership account and/or membership card,USCPIE13664501*1
ChargePoint Network,,,14337501,14337501,HOLSTONELECTRIC / CHURCH HILL-2,23845091,100011,3181335261,2024-06-21T10:41:16Z,2024-06-21T11:34:12Z,,36.944302,53.34,credit_card_terminal,Payment via credit card or debit card terminal,USCPIE14337501*1
ChargePoint Network,,,8851921,8851921,7SPC / SEVIERVILLE DC1,15571271,207,3143370091,2024-06-04T20:56:41Z,2024-06-04T21:06:35Z,,0.000000,0.0,membership,Payment by membership account and/or membership card,USCPIE8851921*1
ChargePoint Network,,,13606141,13606141,I24 EXIT11 / STATION 1 (LL),22992611,247,3198174661,2024-06-28T21:01:04Z,2024-06-28T21:20:49Z,,34.904598,115.667,membership,Payment by membership account and/or membership card,USCPIE13606141*1
ChargePoint Network,,,15815141,15815141,GEA-1 / STATION 1 (L),25435121,247,3171224461,2024-06-17T00:43:56Z,2024-06-17T01:08:55Z,,21.668600,54.72,membership,Payment by membership account and/or membership card,USCPIE15815141*1
ChargePoint Network,,,7505851,7505851,JEFFERSON AVE. / OXFORD STA1(L),12955471,247,3135782101,2024-06-01T04:09:05Z,2024-06-01T04:09:44Z,,0.000000,0.0,membership,Payment by membership account and/or membership card,USCPIE7505851*1provider_id,station_id,site_id,charger_id,evse_id,evse_name,port_id,connector_id,session_id,session_start,session_end,session_error,energy_kwh,peak_power_kw,payment_method,payment_other,eMI3 Port id
ChargePoint Network,,,1964521,1964521,EBOFG / GUNTERSVILLE PD,8374211,3,3152369311,2024-06-08T14:20:56Z,2024-06-08T16:46:53Z,,17.843712,7.4029,credit_card_terminal,Payment via credit card or debit card terminal,USCPIE1964521*2
ChargePoint Network,,,12448521,12448521,7SPC / WARREN RECC LF,21576911,3,3135876941,2024-06-01T05:22:25Z,2024-06-01T11:16:27Z,,35.617672,6.1026,membership,Payment by membership account and/or membership card,USCPIE12448521*1
ChargePoint Network,,,12720861,12720861,WRECC / STATION 2,21977121,247,3154180161,2024-06-09T14:50:42Z,2024-06-09T15:33:00Z,,22.969200,54.208,membership,Payment by membership account and/or membership card,USCPIE12720861*1
ChargePoint Network,,,5565291,5565291,7SPC / SCES LECONTE 1,9205201,3,3158454431,2024-06-11T13:50:29Z,2024-06-11T20:43:30Z,,21.640038,7.2153,credit_card_terminal,Payment via credit card or debit card terminal,USCPIE5565291*2
ChargePoint Network,,,1988061,1988061,7SPC / SCES DOLLYWOOD,25499841,3,3178058091,2024-06-19T23:36:09Z,2024-06-20T02:06:24Z,,6.391815,7.3398,membership,Payment by membership account and/or membership card,USCPIE1988061*2
ChargePoint Network,,,15280471,15280471,SPRFLD ELECTRIC / STATION 1 (L),24807681,247,3197639931,2024-06-28T16:48:10Z,2024-06-28T17:41:49Z,,50.610100,59.346,membership,Payment by membership account and/or membership card,USCPIE15280471*1
ChargePoint Network,,,15694081,15694081,BRIGHTRIDGE EV / STATION 2 (R),25291921,247,3157463151,2024-06-11T00:17:54Z,2024-06-11T00:56:57Z,,35.191898,123.69,membership,Payment by membership account and/or membership card,USCPIE15694081*1
ChargePoint Network,,,1988061,1988061,7SPC / SCES DOLLYWOOD,25499831,3,3138111441,2024-06-02T15:16:17Z,2024-06-02T22:26:14Z,,50.116138,7.0851,membership,Payment by membership account and/or membership card,USCPIE1988061*1
ChargePoint Network,,,13606121,13606121,I24 EXIT11 / STATION 2 (LM),22992591,247,3153761161,2024-06-09T04:06:31Z,2024-06-09T04:23:34Z,,19.558201,74.625,membership,Payment by membership account and/or membership card,USCPIE13606121*1
ChargePoint Network,,,15548151,15548151,DECATURDOWNTWN / STATION 1 (R),,,3161888531,2024-06-12T19:48:30Z,2024-06-12T19:50:31Z,,0.000000,,membership,Payment by membership account and/or membership card,USCPIE15548151*0
ChargePoint Network,,,13966031,13966031,BEA / STATION 4 (RR),23419961,247,3147187291,2024-06-06T11:29:13Z,2024-06-06T11:50:49Z,,20.938000,74.48,membership,Payment by membership account and/or membership card,USCPIE13966031*1
ChargePoint Network,,,12720861,12720861,WRECC / STATION 2,21977121,247,3148957561,2024-06-07T00:03:29Z,2024-06-07T00:04:41Z,,0.000000,0.0,membership,Payment by membership account and/or membership card,USCPIE12720861*1
ChargePoint Network,,,12720881,12720881,WRECC / STATION 1,21977141,247,3137065851,2024-06-01T22:13:06Z,2024-06-01T23:08:50Z,,43.939602,60.139,membership,Payment by membership account and/or membership card,USCPIE12720881*1
ChargePoint Network,,,8851921,8851921,7SPC / SEVIERVILLE DC1,15571271,207,3182635041,2024-06-21T21:34:42Z,2024-06-21T22:19:43Z,,41.651299,62.159,membership,Payment by membership account and/or membership card,USCPIE8851921*1
ChargePoint Network,,,15623231,15623231,CLW / 5TH ST 1 (L),,,3182795971,2024-06-21T22:50:55Z,2024-06-21T22:52:56Z,,0.000000,,other,Any other payment method not specified above. Additional description should be provided in Payment Method Description.,USCPIE15623231*0
ChargePoint Network,,,5466441,5466441,7SPC / NASA USSRC R,9079371,3,3170463621,2024-06-16T17:16:15Z,2024-06-16T20:01:24Z,,16.893904,6.221,membership,Payment by membership account and/or membership card,USCPIE5466441*2
ChargePoint Network,,,15332351,15332351,TUA NW ATLANTIC / STATION 2 (R),24867891,247,3172676091,2024-06-17T17:42:54Z,2024-06-17T17:54:02Z,,11.447100,68.257,credit_card_terminal,Payment via credit card or debit card terminal,USCPIE15332351*1
ChargePoint Network,,,5619801,5619801,7SPC / WARREN RECC BG,9274261,3,3169160581,2024-06-15T21:32:53Z,2024-06-15T22:00:48Z,,2.824064,6.2416,membership,Payment by membership account and/or membership card,USCPIE5619801*2
ChargePoint Network,,,1964521,1964521,EBOFG / GUNTERSVILLE PD,8374211,3,3151336301,2024-06-07T23:22:38Z,2024-06-08T00:57:34Z,,11.236180,7.1997,membership,Payment by membership account and/or membership card,USCPIE1964521*2
ChargePoint Network,,,15260241,15260241,STEMC / STATION 1 (L) A,24784071,247,3149895151,2024-06-07T12:34:55Z,2024-06-07T13:48:01Z,,60.428001,75.253,membership,Payment by membership account and/or membership card,USCPIE15260241*1
ChargePoint Network,,,14097711,14097711,SCOTTSBORO EPB / SEPB DCFC (R),23570811,247,3152224441,2024-06-08T11:52:49Z,2024-06-08T12:33:40Z,,46.208401,76.047,membership,Payment by membership account and/or membership card,USCPIE14097711*1
ChargePoint Network,,,13966851,13966851,BEA / STATION 1 (LL),23420911,247,3185310411,2024-06-23T08:24:23Z,2024-06-23T09:54:47Z,,52.224701,54.167,other,Any other payment method not specified above. Additional description should be provided in Payment Method Description.,USCPIE13966851*1
ChargePoint Network,,,13643831,13643831,PEPA / STATION 1,23036511,247,3177653431,2024-06-19T20:05:13Z,2024-06-19T20:12:16Z,,0.000000,0.0,membership,Payment by membership account and/or membership card,USCPIE13643831*1
ChargePoint Network,,,1844191,1844191,CLW / MAIN ST,23050431,3,3182990551,2024-06-22T00:33:28Z,2024-06-22T13:27:22Z,,54.427261,7.2592,credit_card_terminal,Payment via credit card or debit card terminal,USCPIE1844191*1
ChargePoint Network,,,5424051,5424051,EEDEV / ELIZ DOWNTOWN,9026991,3,3177859361,2024-06-19T21:53:51Z,2024-06-20T02:01:42Z,,30.171333,7.4518,membership,Payment by membership account and/or membership card,USCPIE5424051*1
ChargePoint Network,,,13606091,13606091,I24 EXIT11 / STATION 3 (RM),22992551,247,3200287621,2024-06-29T23:28:05Z,2024-06-29T23:49:51Z,,37.535198,120.12,membership,Payment by membership account and/or membership card,USCPIE13606091*1
ChargePoint Network,,,14097711,14097711,SCOTTSBORO EPB / SEPB DCFC (R),23570811,247,3151353511,2024-06-07T23:31:03Z,2024-06-08T00:11:13Z,,39.175999,72.496,credit_card_terminal,Payment via credit card or debit card terminal,USCPIE14097711*1
ChargePoint Network,,,8851921,8851921,7SPC / SEVIERVILLE DC1,15571271,100011,3167869311,2024-06-15T03:05:41Z,2024-06-15T03:33:43Z,,1.323000,8.579,membership,Payment by membership account and/or membership card,USCPIE8851921*1
ChargePoint Network,,,5619801,5619801,7SPC / WARREN RECC BG,9274261,3,3146105231,2024-06-05T22:19:02Z,2024-06-05T22:46:34Z,,2.809080,6.2392,credit_card_terminal,Payment via credit card or debit card terminal,USCPIE5619801*2
ChargePoint Network,,,1844191,1844191,CLW / MAIN ST,23050431,3,3195900691,2024-06-27T21:39:20Z,2024-06-28T01:53:53Z,,25.673300,7.2075,credit_card_terminal,Payment via credit card or debit card terminal,USCPIE1844191*1
ChargePoint Network,,,8851921,8851921,7SPC / SEVIERVILLE DC1,15571271,207,3174169921,2024-06-18T08:17:14Z,2024-06-18T09:22:10Z,,27.193701,36.063,membership,Payment by membership account and/or membership card,USCPIE8851921*1
ChargePoint Network,,,15293211,15293211,TRNG CENTER / TRAININGCENTER1,24823101,3,3166466541,2024-06-14T16:17:24Z,2024-06-14T16:19:24Z,,0.000000,0.0,credit_card_terminal,Payment via credit card or debit card terminal,USCPIE15293211*1
ChargePoint Network,,,5565191,5565191,7SPC / DOLLYWOOD EMPL,9205031,3,3144882291,2024-06-05T13:57:34Z,2024-06-05T21:01:28Z,,41.913536,7.1238,membership,Payment by membership account and/or membership card,USCPIE5565191*1
ChargePoint Network,,,13664471,13664471,BTES / STATION 3 (RM),23060511,247,3148768001,2024-06-06T22:42:42Z,2024-06-06T23:15:25Z,,34.461201,74.663,membership,Payment by membership account and/or membership card,USCPIE13664471*1
ChargePoint Network,,,1921531,1921531,STARKVILLE UTIL / STARKVILLE REC,2268551,3,3180413241,2024-06-20T22:43:00Z,2024-06-21T00:00:28Z,,9.140757,7.1795,membership,Payment by membership account and/or membership card,USCPIE1921531*1
ChargePoint Network,,,13643801,13643801,PEPA / STATION 2,23036481,247,3177669361,2024-06-19T20:13:58Z,2024-06-19T21:46:10Z,,54.099998,54.534,membership,Payment by membership account and/or membership card,USCPIE13643801*1
ChargePoint Network,,,13606061,13606061,I24 EXIT11 / STATION 4 (RR),22992511,247,3177032931,2024-06-19T14:14:31Z,2024-06-19T14:58:59Z,,42.883701,73.629,membership,Payment by membership account and/or membership card,USCPIE13606061*1
ChargePoint Network,,,14337221,14337221,HOLSTONELECTRIC / CHURCH HILL-1,23844801,247,3140358041,2024-06-03T16:48:37Z,2024-06-03T17:06:22Z,,27.657801,121.991,membership,Payment by membership account and/or membership card,USCPIE14337221*1
ChargePoint Network,,,15694081,15694081,BRIGHTRIDGE EV / STATION 2 (R),25291921,247,3162641491,2024-06-13T01:14:00Z,2024-06-13T01:56:51Z,,56.535900,123.379,membership,Payment by membership account and/or membership card,USCPIE15694081*1
ChargePoint Network,,,12720881,12720881,WRECC / STATION 1,21977141,247,3154279901,2024-06-09T16:09:20Z,2024-06-09T17:00:26Z,,40.595200,59.83,membership,Payment by membership account and/or membership card,USCPIE12720881*1
ChargePoint Network,,,13651611,13651611,MLEC / STATION 1 (L) H,23045791,247,3168917471,2024-06-15T19:13:54Z,2024-06-15T19:14:38Z,,0.000000,0.0,membership,Payment by membership account and/or membership card,USCPIE13651611*1
ChargePoint Network,,,14097711,14097711,SCOTTSBORO EPB / SEPB DCFC (R),23570811,247,3175425761,2024-06-18T19:36:32Z,2024-06-18T19:36:57Z,,0.000000,0.0,membership,Payment by membership account and/or membership card,USCPIE14097711*1
ChargePoint Network,,,12720861,12720861,WRECC / STATION 2,21977121,247,3192915081,2024-06-26T18:25:46Z,2024-06-26T18:45:17Z,,26.809401,88.156,membership,Payment by membership account and/or membership card,USCPIE12720861*1
ChargePoint Network,,,12406401,12406401,FPIA / RIGHT STATION,21527671,247,3147189071,2024-06-06T11:30:38Z,2024-06-06T11:55:09Z,,29.277700,86.565,membership,Payment by membership account and/or membership card,USCPIE12406401*1
ChargePoint Network,,,5363211,5363211,HARTSELLE 1 / HARTSELLE 1,23427571,3,3148874581,2024-06-06T23:26:56Z,2024-06-06T23:28:29Z,,0.000000,0.0,membership,Payment by membership account and/or membership card,USCPIE5363211*1
ChargePoint Network,,,13606061,13606061,I24 EXIT11 / STATION 4 (RR),,,3177992251,2024-06-19T23:00:47Z,2024-06-19T23:01:35Z,,0.000000,,membership,Payment by membership account and/or membership card,USCPIE13606061*0
ChargePoint Network,,,5346231,5346231,CULLMANELECTRIC / STATION2-R,8926271,247,3138739881,2024-06-02T21:50:01Z,2024-06-02T22:13:03Z,,20.450399,54.901,membership,Payment by membership account and/or membership card,USCPIE5346231*1
ChargePoint Network,,,1844191,1844191,CLW / MAIN ST,23050431,3,3173290801,2024-06-17T22:17:47Z,2024-06-18T01:31:56Z,,17.758703,7.2355,credit_card_terminal,Payment via credit card or debit card terminal,USCPIE1844191*1
ChargePoint Network,,,15548151,15548151,DECATURDOWNTWN / STATION 1 (R),25119511,247,3154463671,2024-06-09T18:10:21Z,2024-06-09T18:33:57Z,,15.519600,54.057,membership,Payment by membership account and/or membership card,USCPIE15548151*1
ChargePoint Network,,,12754021,12754021,WCMES / CITYHALL1-L,22015241,247,3136668061,2024-06-01T18:35:41Z,2024-06-01T19:41:06Z,,63.507301,76.832,credit_card_terminal,Payment via credit card or debit card terminal,USCPIE12754021*1
ChargePoint Network,,,5414151,5414151,7SPC / UC - CARTHAGE,9014651,3,3175840381,2024-06-18T22:30:22Z,2024-06-18T22:53:33Z,,2.758323,7.3613,credit_card_terminal,Payment via credit card or debit card terminal,USCPIE5414151*2
ChargePoint Network,,,5565241,5565241,7SPC / SCES LECONTE 4,9205111,3,3154117351,2024-06-09T13:47:15Z,2024-06-09T18:04:54Z,,30.271914,7.1276,credit_card_terminal,Payment via credit card or debit card terminal,USCPIE5565241*2
ChargePoint Network,,,13606091,13606091,I24 EXIT11 / STATION 3 (RM),22992551,247,3193681241,2024-06-26T23:57:28Z,2024-06-27T00:23:27Z,,22.633400,53.937,membership,Payment by membership account and/or membership card,USCPIE13606091*1
ChargePoint Network,,,5122191,5122191,CULLMANELECTRIC / STATION1-L,8482151,247,3164666261,2024-06-13T21:18:00Z,2024-06-13T21:40:59Z,,21.256701,88.11,membership,Payment by membership account and/or membership card,USCPIE5122191*1
ChargePoint Network,,,1932851,1932851,BRIGHTRIDGE EV / BR-JC LIBRARY,23319821,3,3143060071,2024-06-04T18:40:25Z,2024-06-04T19:34:20Z,,6.386693,7.2462,membership,Payment by membership account and/or membership card,USCPIE1932851*2
ChargePoint Network,,,5122191,5122191,CULLMANELECTRIC / STATION1-L,8482151,247,3170957711,2024-06-16T22:17:29Z,2024-06-16T23:14:00Z,,54.409401,67.517,membership,Payment by membership account and/or membership card,USCPIE5122191*1
ChargePoint Network,,,15694081,15694081,BRIGHTRIDGE EV / STATION 2 (R),25291921,100011,3184492341,2024-06-22T21:38:34Z,2024-06-22T21:49:18Z,,3.548800,48.555,membership,Payment by membership account and/or membership card,USCPIE15694081*1
ChargePoint Network,,,5380331,5380331,CULLMAN PB / STATION 1,8970961,3,3170585911,2024-06-16T18:34:34Z,2024-06-16T19:35:45Z,,7.271083,7.2661,membership,Payment by membership account and/or membership card,USCPIE5380331*2
ChargePoint Network,,,12720861,12720861,WRECC / STATION 2,21977121,247,3170709571,2024-06-16T19:50:46Z,2024-06-16T20:28:03Z,,34.441700,65.6,membership,Payment by membership account and/or membership card,USCPIE12720861*1
ChargePoint Network,,,5346231,5346231,CULLMANELECTRIC / STATION2-R,8926271,247,3171784631,2024-06-17T10:28:02Z,2024-06-17T10:35:42Z,,10.045400,90.269,membership,Payment by membership account and/or membership card,USCPIE5346231*1
ChargePoint Network,,,14359491,14359491,EBOFG / STATION 1 (L),23870291,247,3148919691,2024-06-06T23:47:45Z,2024-06-06T23:49:06Z,,0.000000,0.0,membership,Payment by membership account and/or membership card,USCPIE14359491*1
ChargePoint Network,,,13651611,13651611,MLEC / STATION 1 (L) H,,,3199645231,2024-06-29T17:01:30Z,2024-06-29T17:03:50Z,,0.000000,,credit_card_terminal,Payment via credit card or debit card terminal,USCPIE13651611*0
ChargePoint Network,,,5619801,5619801,7SPC / WARREN RECC BG,25687251,3,3198051391,2024-06-28T20:04:35Z,2024-06-28T20:27:35Z,,2.310854,6.2561,membership,Payment by membership account and/or membership card,USCPIE5619801*1
ChargePoint Network,,,15260241,15260241,STEMC / STATION 1 (L) A,,,3168842351,2024-06-15T18:28:56Z,2024-06-15T18:30:56Z,,0.000000,,membership,Payment by membership account and/or membership card,USCPIE15260241*0
ChargePoint Network,,,14097711,14097711,SCOTTSBORO EPB / SEPB DCFC (R),,,3162400091,2024-06-12T23:27:33Z,2024-06-12T23:29:34Z,,0.000000,,membership,Payment by membership account and/or membership card,USCPIE14097711*0
ChargePoint Network,,,15694081,15694081,BRIGHTRIDGE EV / STATION 2 (R),25291921,247,3166635901,2024-06-14T17:31:58Z,2024-06-14T18:14:02Z,,51.093800,122.583,membership,Payment by membership account and/or membership card,USCPIE15694081*1
ChargePoint Network,,,1988141,1988141,7SPC / SCES DREAM MORE,2355561,3,3148956481,2024-06-07T00:02:50Z,2024-06-07T01:53:41Z,,13.270347,7.3196,membership,Payment by membership account and/or membership card,USCPIE1988141*1
ChargePoint Network,,,13606141,13606141,I24 EXIT11 / STATION 1 (LL),22992611,247,3135922901,2024-06-01T06:14:19Z,2024-06-01T06:50:37Z,,30.415001,82.149,membership,Payment by membership account and/or membership card,USCPIE13606141*1
ChargePoint Network,,,13664501,13664501,BTES / STATION 4 (RR),,,3166477881,2024-06-14T16:21:44Z,2024-06-14T16:23:45Z,,0.000000,,membership,Payment by membership account and/or membership card,USCPIE13664501*0
ChargePoint Network,,,15280441,15280441,SPRFLD ELECTRIC / STATION 2 (R),24807641,247,3152131241,2024-06-08T08:16:17Z,2024-06-08T09:35:31Z,,49.106602,54.243,membership,Payment by membership account and/or membership card,USCPIE15280441*1
ChargePoint Network,,,13290491,13290491,7SPC / NASA USSRC L,22634941,3,3147309271,2024-06-06T12:30:36Z,2024-06-06T12:39:55Z,,0.876356,5.885,membership,Payment by membership account and/or membership card,USCPIE13290491*2
ChargePoint Network,,,13292801,13292801,LODGE CAST IRON / STORE & MUSEUM,22637561,3,3153084161,2024-06-08T21:30:29Z,2024-06-08T21:51:31Z,,2.342342,6.8448,credit_card_terminal,Payment via credit card or debit card terminal,USCPIE13292801*2
ChargePoint Network,,,1921531,1921531,STARKVILLE UTIL / STARKVILLE REC,2268551,3,3167273761,2024-06-14T22:22:16Z,2024-06-14T23:18:10Z,,6.235280,6.886,membership,Payment by membership account and/or membership card,USCPIE1921531*1
ChargePoint Network,,,1988141,1988141,7SPC / SCES DREAM MORE,2355561,3,3148284591,2024-06-06T19:24:21Z,2024-06-06T21:38:44Z,,14.223648,7.2399,membership,Payment by membership account and/or membership card,USCPIE1988141*1
ChargePoint Network,,,13606061,13606061,I24 EXIT11 / STATION 4 (RR),22992511,247,3158992911,2024-06-11T17:06:36Z,2024-06-11T17:59:21Z,,49.774799,75.041,membership,Payment by membership account and/or membership card,USCPIE13606061*1
ChargePoint Network,,,13659871,13659871,LAWRENCEBURG / STATION 2 (R),23054921,247,3145548141,2024-06-05T18:18:20Z,2024-06-05T18:46:56Z,,32.892200,74.86,membership,Payment by membership account and/or membership card,USCPIE13659871*1
ChargePoint Network,,,14097711,14097711,SCOTTSBORO EPB / SEPB DCFC (R),23570811,247,3172727061,2024-06-17T18:07:24Z,2024-06-17T18:08:30Z,,0.000000,0.0,membership,Payment by membership account and/or membership card,USCPIE14097711*1
ChargePoint Network,,,1988061,1988061,7SPC / SCES DOLLYWOOD,25499831,3,3154208631,2024-06-09T15:14:13Z,2024-06-09T19:52:35Z,,25.007830,7.2711,membership,Payment by membership account and/or membership card,USCPIE1988061*1
ChargePoint Network,,,15548151,15548151,DECATURDOWNTWN / STATION 1 (R),25119511,247,3168301281,2024-06-15T11:57:14Z,2024-06-15T12:30:39Z,,52.860100,99.602,membership,Payment by membership account and/or membership card,USCPIE15548151*1
ChargePoint Network,,,15548151,15548151,DECATURDOWNTWN / STATION 1 (R),25119511,247,3158717011,2024-06-11T15:29:28Z,2024-06-11T15:44:44Z,,17.482000,0.0,membership,Payment by membership account and/or membership card,USCPIE15548151*1
ChargePoint Network,,,12406491,12406491,FPIA / LEFT STATION,21527781,247,3189585021,2024-06-25T13:00:23Z,2024-06-25T13:28:04Z,,35.538300,82.367,membership,Payment by membership account and/or membership card,USCPIE12406491*1
ChargePoint Network,,,14097711,14097711,SCOTTSBORO EPB / SEPB DCFC (R),23570811,247,3153487621,2024-06-09T01:18:30Z,2024-06-09T01:52:55Z,,31.342699,58.5,membership,Payment by membership account and/or membership card,USCPIE14097711*1
ChargePoint Network,,,13606141,13606141,I24 EXIT11 / STATION 1 (LL),22992611,247,3170398341,2024-06-16T16:32:28Z,2024-06-16T16:53:08Z,,33.262699,121.043,credit_card_terminal,Payment via credit card or debit card terminal,USCPIE13606141*1
ChargePoint Network,,,5380331,5380331,CULLMAN PB / STATION 1,8970951,3,3190695201,2024-06-25T20:40:33Z,2024-06-25T20:42:32Z,,0.000000,0.0,membership,Payment by membership account and/or membership card,USCPIE5380331*1
ChargePoint Network,,,12720861,12720861,WRECC / STATION 2,21977121,247,3173320281,2024-06-17T22:32:34Z,2024-06-17T22:59:09Z,,30.807899,71.838,membership,Payment by membership account and/or membership card,USCPIE12720861*1
ChargePoint Network,,,7173851,7173851,SCOTTSBORO EPB / MAIN OFFICE,12310861,3,3199529451,2024-06-29T15:47:16Z,2024-06-29T17:44:55Z,,13.463569,6.9962,membership,Payment by membership account and/or membership card,USCPIE7173851*1
ChargePoint Network,,,14097711,14097711,SCOTTSBORO EPB / SEPB DCFC (R),23570811,247,3159248071,2024-06-11T19:05:18Z,2024-06-11T19:06:34Z,,0.000000,0.0,membership,Payment by membership account and/or membership card,USCPIE14097711*1
ChargePoint Network,,,12720861,12720861,WRECC / STATION 2,21977121,247,3155392671,2024-06-10T03:07:55Z,2024-06-10T03:09:31Z,,0.000000,0.0,membership,Payment by membership account and/or membership card,USCPIE12720861*1
ChargePoint Network,,,13664401,13664401,BTES / STATION 1 (LL),23060421,247,3199889161,2024-06-29T19:32:20Z,2024-06-29T19:32:46Z,,0.000000,0.0,membership,Payment by membership account and/or membership card,USCPIE13664401*1
ChargePoint Network,,,13423691,13423691,AEC / STATION #1 (L),22787121,247,3185876421,2024-06-23T19:00:22Z,2024-06-23T19:29:54Z,,20.493099,53.428,other,Any other payment method not specified above. Additional description should be provided in Payment Method Description.,USCPIE13423691*1
ChargePoint Network,,,13606061,13606061,I24 EXIT11 / STATION 4 (RR),22992511,247,3170662941,2024-06-16T19:22:33Z,2024-06-16T20:03:28Z,,47.800499,78.405,membership,Payment by membership account and/or membership card,USCPIE13606061*1
ChargePoint Network,,,5363211,5363211,HARTSELLE 1 / HARTSELLE 1,23427581,3,3148923441,2024-06-06T23:49:14Z,2024-06-06T23:50:43Z,,0.000000,0.0,membership,Payment by membership account and/or membership card,USCPIE5363211*2
ChargePoint Network,,,15280471,15280471,SPRFLD ELECTRIC / STATION 1 (L),24807681,247,3184422751,2024-06-22T20:55:53Z,2024-06-22T21:35:28Z,,11.718500,31.913,credit_card_terminal,Payment via credit card or debit card terminal,USCPIE15280471*1
ChargePoint Network,,,13659831,13659831,LAWRENCEBURG / STATION 1 (L),23054881,247,3185200531,2024-06-23T05:12:56Z,2024-06-23T06:12:07Z,,44.263699,53.949,membership,Payment by membership account and/or membership card,USCPIE13659831*1
ChargePoint Network,,,15548151,15548151,DECATURDOWNTWN / STATION 1 (R),25119511,247,3166330311,2024-06-14T15:27:57Z,2024-06-14T16:01:06Z,,33.188202,63.161,membership,Payment by membership account and/or membership card,USCPIE15548151*1
ChargePoint Network,,,13606141,13606141,I24 EXIT11 / STATION 1 (LL),,,3179957591,2024-06-20T19:26:38Z,2024-06-20T19:28:39Z,,0.000000,,membership,Payment by membership account and/or membership card,USCPIE13606141*0
ChargePoint Network,,,14047321,14047321,JEFFERSON AVE. / OXFORD STA2(R),23514081,247,3161790811,2024-06-12T19:09:08Z,2024-06-12T19:43:30Z,,17.121599,80.279,membership,Payment by membership account and/or membership card,USCPIE14047321*1
ChargePoint Network,,,15280441,15280441,SPRFLD ELECTRIC / STATION 2 (R),24807641,247,3150049671,2024-06-07T14:02:07Z,2024-06-07T14:27:44Z,,21.824900,53.576,membership,Payment by membership account and/or membership card,USCPIE15280441*1
ChargePoint Network,,,1988061,1988061,7SPC / SCES DOLLYWOOD,25499841,3,3160911441,2024-06-12T13:04:13Z,2024-06-12T16:18:32Z,,14.484280,6.9825,credit_card_terminal,Payment via credit card or debit card terminal,USCPIE1988061*2
ChargePoint Network,,,13966031,13966031,BEA / STATION 4 (RR),23419961,247,3150374471,2024-06-07T16:13:47Z,2024-06-07T16:32:13Z,,12.727700,74.646,other,Any other payment method not specified above. Additional description should be provided in Payment Method Description.,USCPIE13966031*1
ChargePoint Network,,,8851921,8851921,7SPC / SEVIERVILLE DC1,15571271,100011,3137038631,2024-06-01T21:58:26Z,2024-06-01T23:05:10Z,,4.835300,23.459,membership,Payment by membership account and/or membership card,USCPIE8851921*1
ChargePoint Network,,,13966051,13966051,BEA / STATION 3 (RM),23419981,247,3152362161,2024-06-08T14:14:41Z,2024-06-08T14:40:48Z,,28.743900,68.555,membership,Payment by membership account and/or membership card,USCPIE13966051*1
ChargePoint Network,,,12720881,12720881,WRECC / STATION 1,21977141,247,3180994401,2024-06-21T02:59:44Z,2024-06-21T04:58:18Z,,59.377499,54.599,membership,Payment by membership account and/or membership card,USCPIE12720881*1
ChargePoint Network,,,15694081,15694081,BRIGHTRIDGE EV / STATION 2 (R),25291921,247,3164734961,2024-06-13T21:47:34Z,2024-06-13T21:54:41Z,,7.122400,0.0,membership,Payment by membership account and/or membership card,USCPIE15694081*1
ChargePoint Network,,,14359491,14359491,EBOFG / STATION 1 (L),23870291,247,3197654321,2024-06-28T16:54:24Z,2024-06-28T16:56:32Z,,0.000000,0.0,membership,Payment by membership account and/or membership card,USCPIE14359491*1
ChargePoint Network,,,5122191,5122191,CULLMANELECTRIC / STATION1-L,8482151,247,3185497501,2024-06-23T14:39:13Z,2024-06-23T15:42:56Z,,57.648201,56.362,other,Any other payment method not specified above. Additional description should be provided in Payment Method Description.,USCPIE5122191*1
ChargePoint Network,,,12406491,12406491,FPIA / LEFT STATION,21527781,247,3147338581,2024-06-06T12:57:52Z,2024-06-06T13:10:36Z,,14.241200,87.599,membership,Payment by membership account and/or membership card,USCPIE12406491*1
ChargePoint Network,,,12754021,12754021,WCMES / CITYHALL1-L,22015241,247,3170983981,2024-06-16T22:34:09Z,2024-06-16T22:37:20Z,,0.000000,0.0,membership,Payment by membership account and/or membership card,USCPIE12754021*1
ChargePoint Network,,,13664471,13664471,BTES / STATION 3 (RM),23060511,247,3152482391,2024-06-08T15:42:11Z,2024-06-08T16:11:21Z,,15.832300,53.576,other,Any other payment method not specified above. Additional description should be provided in Payment Method Description.,USCPIE13664471*1
ChargePoint Network,,,15332351,15332351,TUA NW ATLANTIC / STATION 2 (R),24867891,247,3186201211,2024-06-23T22:13:52Z,2024-06-23T22:28:59Z,,13.461800,69.002,membership,Payment by membership account and/or membership card,USCPIE15332351*1
ChargePoint Network,,,15280441,15280441,SPRFLD ELECTRIC / STATION 2 (R),24807641,247,3157052241,2024-06-10T21:11:34Z,2024-06-10T22:33:46Z,,43.879200,54.464,membership,Payment by membership account and/or membership card,USCPIE15280441*1
ChargePoint Network,,,5380331,5380331,CULLMAN PB / STATION 1,8970951,3,3138705201,2024-06-02T21:28:29Z,2024-06-02T21:30:30Z,,0.000000,0.0,membership,Payment by membership account and/or membership card,USCPIE5380331*1
ChargePoint Network,,,5565291,5565291,7SPC / SCES LECONTE 1,9205191,3,3190555131,2024-06-25T19:44:40Z,2024-06-25T19:48:57Z,,0.375668,7.0624,membership,Payment by membership account and/or membership card,USCPIE5565291*1
ChargePoint Network,,,15640171,15640171,NECDC / STATION 2 (R),25228711,247,3183060621,2024-06-22T01:07:09Z,2024-06-22T01:20:46Z,,15.530800,73.061,membership,Payment by membership account and/or membership card,USCPIE15640171*1
ChargePoint Network,,,13966031,13966031,BEA / STATION 4 (RR),23419961,247,3151571741,2024-06-08T01:14:45Z,2024-06-08T01:33:07Z,,23.852200,85.498,membership,Payment by membership account and/or membership card,USCPIE13966031*1
ChargePoint Network,,,13664471,13664471,BTES / STATION 3 (RM),23060511,247,3190390941,2024-06-25T18:33:10Z,2024-06-25T18:52:21Z,,25.127600,82.983,credit_card_terminal,Payment via credit card or debit card terminal,USCPIE13664471*1
ChargePoint Network,,,15694081,15694081,BRIGHTRIDGE EV / STATION 2 (R),25291921,247,3156752711,2024-06-10T18:59:08Z,2024-06-10T19:23:05Z,,26.363100,74.772,credit_card_terminal,Payment via credit card or debit card terminal,USCPIE15694081*1
ChargePoint Network,,,12406401,12406401,FPIA / RIGHT STATION,21527671,247,3193529421,2024-06-26T22:49:38Z,2024-06-26T23:00:38Z,,18.859100,112.149,membership,Payment by membership account and/or membership card,USCPIE12406401*1
ChargePoint Network,,,1988141,1988141,7SPC / SCES DREAM MORE,2355571,3,3173050931,2024-06-17T20:31:21Z,2024-06-17T23:30:11Z,,14.894069,6.7461,membership,Payment by membership account and/or membership card,USCPIE1988141*2
ChargePoint Network,,,12720861,12720861,WRECC / STATION 2,21977121,247,3154661901,2024-06-09T20:12:17Z,2024-06-09T20:24:23Z,,10.665500,58.144,membership,Payment by membership account and/or membership card,USCPIE12720861*1
ChargePoint Network,,,15640031,15640031,NECDC / STATION 1 (L),25228511,247,3153102571,2024-06-08T21:41:12Z,2024-06-08T22:44:46Z,,62.744598,85.536,membership,Payment by membership account and/or membership card,USCPIE15640031*1
ChargePoint Network,,,5122191,5122191,CULLMANELECTRIC / STATION1-L,,,3175194911,2024-06-18T17:50:03Z,2024-06-18T17:52:04Z,,0.000000,0.0,membership,Payment by membership account and/or membership card,USCPIE5122191*0
ChargePoint Network,,,13966811,13966811,BEA / STATION 2 (LM),23420881,247,3199158291,2024-06-29T06:52:00Z,2024-06-29T08:17:14Z,,70.676399,73.72,membership,Payment by membership account and/or membership card,USCPIE13966811*1
ChargePoint Network,,,8851921,8851921,7SPC / SEVIERVILLE DC1,15571271,207,3194111401,2024-06-27T03:22:56Z,2024-06-27T03:52:49Z,,22.930201,54.464,membership,Payment by membership account and/or membership card,USCPIE8851921*1
ChargePoint Network,,,13803581,13803581,FPU / STATION 1 (L),23227201,247,3136226561,2024-06-01T14:03:08Z,2024-06-01T14:31:20Z,,28.179199,82.386,membership,Payment by membership account and/or membership card,USCPIE13803581*1
ChargePoint Network,,,13606061,13606061,I24 EXIT11 / STATION 4 (RR),22992511,247,3154999631,2024-06-09T23:19:57Z,2024-06-09T23:30:41Z,,12.517700,74.625,membership,Payment by membership account and/or membership card,USCPIE13606061*1
ChargePoint Network,,,8851921,8851921,7SPC / SEVIERVILLE DC1,15571271,207,3170611561,2024-06-16T18:50:38Z,2024-06-16T19:24:04Z,,27.736601,59.905,membership,Payment by membership account and/or membership card,USCPIE8851921*1
ChargePoint Network,,,13664501,13664501,BTES / STATION 4 (RR),23060561,247,3141018231,2024-06-03T21:53:00Z,2024-06-03T22:09:34Z,,18.260900,69.498,membership,Payment by membership account and/or membership card,USCPIE13664501*1
ChargePoint Network,,,8851921,8851921,7SPC / SEVIERVILLE DC1,15571271,207,3185596651,2024-06-23T16:01:27Z,2024-06-23T16:03:59Z,,0.000000,0.0,other,Any other payment method not specified above. Additional description should be provided in Payment Method Description.,USCPIE8851921*1
ChargePoint Network,,,13290491,13290491,7SPC / NASA USSRC L,22634931,3,3149856941,2024-06-07T12:09:09Z,2024-06-07T15:47:26Z,,21.403318,5.9669,credit_card_terminal,Payment via credit card or debit card terminal,USCPIE13290491*1
ChargePoint Network,,,13606121,13606121,I24 EXIT11 / STATION 2 (LM),22992591,247,3144211041,2024-06-05T03:11:58Z,2024-06-05T04:17:19Z,,31.622000,82.346,membership,Payment by membership account and/or membership card,USCPIE13606121*1
ChargePoint Network,,,9677521,9677521,UT PARKING / S7 STATION 1,17169331,3,3181473211,2024-06-21T12:29:27Z,2024-06-21T12:38:11Z,,0.773157,6.9251,membership,Payment by membership account and/or membership card,USCPIE9677521*1
ChargePoint Network,,,13966051,13966051,BEA / STATION 3 (RM),23419981,247,3177815281,2024-06-19T21:31:20Z,2024-06-19T21:51:06Z,,22.707300,73.891,membership,Payment by membership account and/or membership card,USCPIE13966051*1
ChargePoint Network,,,5619801,5619801,7SPC / WARREN RECC BG,9274261,3,3166207331,2024-06-14T14:37:09Z,2024-06-14T15:10:42Z,,3.419854,6.251,membership,Payment by membership account and/or membership card,USCPIE5619801*2
ChargePoint Network,,,13966031,13966031,BEA / STATION 4 (RR),23419961,247,3157165581,2024-06-10T22:02:21Z,2024-06-10T22:02:47Z,,0.000000,0.0,membership,Payment by membership account and/or membership card,USCPIE13966031*1
ChargePoint Network,,,15250771,15250771,SES-TN / STATION 1,,,3167895031,2024-06-15T03:21:19Z,2024-06-15T03:23:27Z,,0.000000,,credit_card_terminal,Payment via credit card or debit card terminal,USCPIE15250771*0
ChargePoint Network,,,1844191,1844191,CLW / MAIN ST,23050441,3,3171292221,2024-06-17T01:20:06Z,2024-06-17T11:13:26Z,,41.619808,7.2757,credit_card_terminal,Payment via credit card or debit card terminal,USCPIE1844191*2
ChargePoint Network,,,15694171,15694171,BRIGHTRIDGE EV / STATION 1 (L),25292041,247,3138110831,2024-06-02T15:15:32Z,2024-06-02T15:57:57Z,,35.734600,59.973,membership,Payment by membership account and/or membership card,USCPIE15694171*1
ChargePoint Network,,,12720861,12720861,WRECC / STATION 2,21977121,247,3150683851,2024-06-07T18:31:06Z,2024-06-07T19:40:41Z,,60.139400,54.161,membership,Payment by membership account and/or membership card,USCPIE12720861*1
ChargePoint Network,,,13664471,13664471,BTES / STATION 3 (RM),23060511,247,3199881031,2024-06-29T19:27:44Z,2024-06-29T19:28:03Z,,0.000000,0.0,membership,Payment by membership account and/or membership card,USCPIE13664471*1
ChargePoint Network,,,5363211,5363211,HARTSELLE 1 / HARTSELLE 1,23427581,3,3136576291,2024-06-01T17:46:23Z,2024-06-01T18:01:38Z,,0.560581,3.858,membership,Payment by membership account and/or membership card,USCPIE5363211*2
ChargePoint Network,,,14097801,14097801,SCOTTSBORO EPB / SEPB DCFC (L),23570921,247,3177404541,2024-06-19T17:43:35Z,2024-06-19T17:59:41Z,,18.468300,88.127,membership,Payment by membership account and/or membership card,USCPIE14097801*1
ChargePoint Network,,,15280441,15280441,SPRFLD ELECTRIC / STATION 2 (R),24807641,247,3161667311,2024-06-12T18:12:58Z,2024-06-12T19:43:49Z,,60.265800,54.611,membership,Payment by membership account and/or membership card,USCPIE15280441*1
ChargePoint Network,,,5122191,5122191,CULLMANELECTRIC / STATION1-L,,,3193857971,2024-06-27T01:12:38Z,2024-06-27T01:14:39Z,,0.000000,,membership,Payment by membership account and/or membership card,USCPIE5122191*0
ChargePoint Network,,,8851921,8851921,7SPC / SEVIERVILLE DC1,15571271,207,3169245231,2024-06-15T22:22:26Z,2024-06-15T23:11:33Z,,44.085098,56.847,membership,Payment by membership account and/or membership card,USCPIE8851921*1
ChargePoint Network,,,14337501,14337501,HOLSTONELECTRIC / CHURCH HILL-2,23845091,100011,3175874781,2024-06-18T22:46:18Z,2024-06-18T23:50:30Z,,35.732498,51.799,membership,Payment by membership account and/or membership card,USCPIE14337501*1
ChargePoint Network,,,13966851,13966851,BEA / STATION 1 (LL),23420911,100011,3184879151,2024-06-23T01:28:33Z,2024-06-23T02:43:01Z,,13.773800,15.222,membership,Payment by membership account and/or membership card,USCPIE13966851*1
ChargePoint Network,,,5346231,5346231,CULLMANELECTRIC / STATION2-R,8926271,247,3142568481,2024-06-04T15:20:31Z,2024-06-04T16:00:40Z,,42.632000,74.844,membership,Payment by membership account and/or membership card,USCPIE5346231*1
ChargePoint Network,,,13606061,13606061,I24 EXIT11 / STATION 4 (RR),22992511,247,3154431551,2024-06-09T17:50:25Z,2024-06-09T18:22:56Z,,38.508801,78.008,membership,Payment by membership account and/or membership card,USCPIE13606061*1
ChargePoint Network,,,8851921,8851921,7SPC / SEVIERVILLE DC1,15571271,207,3192540251,2024-06-26T15:53:59Z,2024-06-26T17:03:56Z,,49.920300,60.495,membership,Payment by membership account and/or membership card,USCPIE8851921*1
ChargePoint Network,,,13290491,13290491,7SPC / NASA USSRC L,22634941,3,3181952921,2024-06-21T16:19:11Z,2024-06-21T16:46:45Z,,1.417352,3.2295,credit_card_terminal,Payment via credit card or debit card terminal,USCPIE13290491*2
ChargePoint Network,,,5466441,5466441,7SPC / NASA USSRC R,9079371,3,3191887281,2024-06-26T10:38:34Z,2024-06-26T11:58:38Z,,5.123705,5.9108,membership,Payment by membership account and/or membership card,USCPIE5466441*2
ChargePoint Network,,,13606061,13606061,I24 EXIT11 / STATION 4 (RR),22992511,247,3164922371,2024-06-13T23:08:01Z,2024-06-13T23:37:42Z,,34.299801,73.5,membership,Payment by membership account and/or membership card,USCPIE13606061*1
ChargePoint Network,,,12720881,12720881,WRECC / STATION 1,21977141,247,3151009451,2024-06-07T20:52:28Z,2024-06-07T21:29:02Z,,31.570601,58.734,credit_card_terminal,Payment via credit card or debit card terminal,USCPIE12720881*1
ChargePoint Network,,,8851921,8851921,7SPC / SEVIERVILLE DC1,15571271,207,3189592891,2024-06-25T13:03:45Z,2024-06-25T14:58:01Z,,28.696600,49.799,membership,Payment by membership account and/or membership card,USCPIE8851921*1
ChargePoint Network,,,9777021,9777021,CRMC / CRMC-2- L2RIGHT,17361741,3,3163843971,2024-06-13T15:35:28Z,2024-06-13T17:39:30Z,,14.400082,7.0573,membership,Payment by membership account and/or membership card,USCPIE9777021*1
ChargePoint Network,,,1932851,1932851,BRIGHTRIDGE EV / BR-JC LIBRARY,23319821,3,3142831861,2024-06-04T16:53:06Z,2024-06-04T17:07:07Z,,1.517506,6.633,membership,Payment by membership account and/or membership card,USCPIE1932851*2
ChargePoint Network,,,15694171,15694171,BRIGHTRIDGE EV / STATION 1 (L),25292041,247,3148871131,2024-06-06T23:25:27Z,2024-06-06T23:25:45Z,,0.000000,0.0,membership,Payment by membership account and/or membership card,USCPIE15694171*1
ChargePoint Network,,,15694171,15694171,BRIGHTRIDGE EV / STATION 1 (L),25292041,247,3182788561,2024-06-21T22:48:56Z,2024-06-21T23:04:44Z,,18.633400,74.844,membership,Payment by membership account and/or membership card,USCPIE15694171*1
ChargePoint Network,,,5619801,5619801,7SPC / WARREN RECC BG,9274261,3,3160284281,2024-06-12T02:48:37Z,2024-06-12T07:34:59Z,,29.731514,6.2914,membership,Payment by membership account and/or membership card,USCPIE5619801*2
ChargePoint Network,,,5466441,5466441,7SPC / NASA USSRC R,9079371,3,3150039141,2024-06-07T13:56:58Z,2024-06-07T18:22:17Z,,15.516377,6.1283,credit_card_terminal,Payment via credit card or debit card terminal,USCPIE5466441*2
ChargePoint Network,,,12720881,12720881,WRECC / STATION 1,,,3147773431,2024-06-06T15:47:22Z,2024-06-06T15:49:24Z,,0.000000,,membership,Payment by membership account and/or membership card,USCPIE12720881*0
ChargePoint Network,,,5619801,5619801,7SPC / WARREN RECC BG,9274261,3,3152618901,2024-06-08T17:07:14Z,2024-06-08T18:13:55Z,,6.543395,6.0353,credit_card_terminal,Payment via credit card or debit card terminal,USCPIE5619801*2
ChargePoint Network,,,1844191,1844191,CLW / MAIN ST,23050431,3,3163611871,2024-06-13T14:09:20Z,2024-06-13T21:13:54Z,,48.908638,7.0352,membership,Payment by membership account and/or membership card,USCPIE1844191*1
ChargePoint Network,,,5619801,5619801,7SPC / WARREN RECC BG,25687251,3,3199143681,2024-06-29T06:22:26Z,2024-06-29T13:35:14Z,,44.789295,6.3895,membership,Payment by membership account and/or membership card,USCPIE5619801*1
ChargePoint Network,,,15885771,15885771,TWICKENHAM SQ / HU - STATION 4,,,3189809851,2024-06-25T14:41:39Z,2024-06-25T14:43:40Z,,0.000000,,membership,Payment by membership account and/or membership card,USCPIE15885771*0
ChargePoint Network,,,15250701,15250701,SES-TN / STATION 2,24772611,247,3144648791,2024-06-05T11:57:30Z,2024-06-05T12:33:43Z,,17.382401,52.345,membership,Payment by membership account and/or membership card,USCPIE15250701*1
ChargePoint Network,,,15694081,15694081,BRIGHTRIDGE EV / STATION 2 (R),25291921,247,3152710551,2024-06-08T18:00:59Z,2024-06-08T18:35:57Z,,23.775000,59.946,membership,Payment by membership account and/or membership card,USCPIE15694081*1
ChargePoint Network,,,8851921,8851921,7SPC / SEVIERVILLE DC1,15571271,207,3137269571,2024-06-02T00:06:12Z,2024-06-02T01:23:29Z,,69.655403,58.672,other,Any other payment method not specified above. Additional description should be provided in Payment Method Description.,USCPIE8851921*1
ChargePoint Network,,,15332321,15332321,TUA NW ATLANTIC / STATION 1 (L),24867861,247,3154412701,2024-06-09T17:38:27Z,2024-06-09T18:53:33Z,,49.576801,53.801,credit_card_terminal,Payment via credit card or debit card terminal,USCPIE15332321*1
ChargePoint Network,,,682921,682921,7SPC / TVPPA OFFICE,9117261,3,3184754531,2024-06-23T00:14:38Z,2024-06-23T11:39:24Z,,69.169090,6.1139,credit_card_terminal,Payment via credit card or debit card terminal,USCPIE682921*2
ChargePoint Network,,,14097711,14097711,SCOTTSBORO EPB / SEPB DCFC (R),23570811,247,3152537511,2024-06-08T16:17:32Z,2024-06-08T16:27:28Z,,14.341600,0.0,membership,Payment by membership account and/or membership card,USCPIE14097711*1
ChargePoint Network,,,14047321,14047321,JEFFERSON AVE. / OXFORD STA2(R),,,3161788911,2024-06-12T19:08:13Z,2024-06-12T19:08:17Z,,0.000000,,membership,Payment by membership account and/or membership card,USCPIE14047321*0
ChargePoint Network,,,13966811,13966811,BEA / STATION 2 (LM),23420881,247,3173353811,2024-06-17T22:47:03Z,2024-06-17T23:33:14Z,,53.362099,73.125,credit_card_terminal,Payment via credit card or debit card terminal,USCPIE13966811*1
ChargePoint Network,,,14083171,14083171,STEMC / STATION 1 (L) H,23554721,247,3173203761,2024-06-17T21:40:53Z,2024-06-17T22:07:08Z,,27.244499,65.66,membership,Payment by membership account and/or membership card,USCPIE14083171*1
ChargePoint Network,,,5619801,5619801,7SPC / WARREN RECC BG,25687261,3,3198954671,2024-06-29T03:49:23Z,2024-06-29T04:20:30Z,,3.034743,6.1286,credit_card_terminal,Payment via credit card or debit card terminal,USCPIE5619801*2
ChargePoint Network,,,15280471,15280471,SPRFLD ELECTRIC / STATION 1 (L),24807681,247,3168221731,2024-06-15T09:05:18Z,2024-06-15T09:53:52Z,,12.641700,44.0,credit_card_terminal,Payment via credit card or debit card terminal,USCPIE15280471*1
ChargePoint Network,,,1921351,1921351,STARKVILLE UTIL / STARKVILLE DWTN,23682571,3,3193002251,2024-06-26T19:04:52Z,2024-06-26T20:34:12Z,,10.885725,7.3725,membership,Payment by membership account and/or membership card,USCPIE1921351*1
ChargePoint Network,,,14359531,14359531,EBOFG / STATION 2 (R),23870331,247,3175133181,2024-06-18T17:22:13Z,2024-06-18T17:52:19Z,,34.298000,77.617,membership,Payment by membership account and/or membership card,USCPIE14359531*1
ChargePoint Network,,,13664401,13664401,BTES / STATION 1 (LL),23060421,247,3152641061,2024-06-08T17:20:13Z,2024-06-08T18:04:59Z,,29.740101,57.442,membership,Payment by membership account and/or membership card,USCPIE13664401*1
ChargePoint Network,,,1988141,1988141,7SPC / SCES DREAM MORE,2355561,3,3151024081,2024-06-07T20:58:42Z,2024-06-08T13:33:09Z,,0.000000,0.0,credit_card_terminal,Payment via credit card or debit card terminal,USCPIE1988141*1
ChargePoint Network,,,5619801,5619801,7SPC / WARREN RECC BG,9274261,3,3181273751,2024-06-21T07:15:21Z,2024-06-21T07:17:20Z,,0.000000,0.0,membership,Payment by membership account and/or membership card,USCPIE5619801*2
ChargePoint Network,,,8851921,8851921,7SPC / SEVIERVILLE DC1,15571271,207,3198700421,2024-06-29T01:21:58Z,2024-06-29T02:15:55Z,,41.325298,55.327,membership,Payment by membership account and/or membership card,USCPIE8851921*1
ChargePoint Network,,,1964521,1964521,EBOFG / GUNTERSVILLE PD,8374201,3,3170999121,2024-06-16T22:43:42Z,2024-06-17T03:36:36Z,,34.194050,7.1191,credit_card_terminal,Payment via credit card or debit card terminal,USCPIE1964521*1
ChargePoint Network,,,15694081,15694081,BRIGHTRIDGE EV / STATION 2 (R),25291921,247,3146802241,2024-06-06T03:48:54Z,2024-06-06T04:38:14Z,,60.910198,123.69,membership,Payment by membership account and/or membership card,USCPIE15694081*1
ChargePoint Network,,,8851921,8851921,7SPC / SEVIERVILLE DC1,15571271,207,3180488081,2024-06-20T23:15:54Z,2024-06-21T00:50:20Z,,42.910500,59.52,membership,Payment by membership account and/or membership card,USCPIE8851921*1
ChargePoint Network,,,5525971,5525971,7SPC / SPARTA TN,9154691,3,3164336101,2024-06-13T18:58:57Z,2024-06-13T20:27:12Z,,10.595884,7.2952,membership,Payment by membership account and/or membership card,USCPIE5525971*2
ChargePoint Network,,,1921351,1921351,STARKVILLE UTIL / STARKVILLE DWTN,23682581,3,3166135301,2024-06-14T14:00:16Z,2024-06-14T15:00:19Z,,0.010072,0.8223,membership,Payment by membership account and/or membership card,USCPIE1921351*2
ChargePoint Network,,,8851921,8851921,7SPC / SEVIERVILLE DC1,,,3170489541,2024-06-16T17:31:03Z,2024-06-16T17:33:05Z,,0.000000,,membership,Payment by membership account and/or membership card,USCPIE8851921*0
ChargePoint Network,,,1988141,1988141,7SPC / SCES DREAM MORE,2355561,3,3163704581,2024-06-13T14:49:02Z,2024-06-13T15:33:43Z,,5.098580,7.0441,membership,Payment by membership account and/or membership card,USCPIE1988141*1
ChargePoint Network,,,5384781,5384781,7SPC / TRI-COUNTY EMC,9273701,3,3195938911,2024-06-27T21:55:26Z,2024-06-28T00:12:30Z,,16.563345,7.3368,membership,Payment by membership account and/or membership card,USCPIE5384781*2
ChargePoint Network,,,5346231,5346231,CULLMANELECTRIC / STATION2-R,8926271,247,3165948961,2024-06-14T12:16:17Z,2024-06-14T12:45:17Z,,13.981000,50.048,membership,Payment by membership account and/or membership card,USCPIE5346231*1
ChargePoint Network,,,14083151,14083151,STEMC / STATION 2 (R) H,,,3198784681,2024-06-29T02:08:18Z,2024-06-29T02:08:38Z,,0.000000,,membership,Payment by membership account and/or membership card,USCPIE14083151*0
ChargePoint Network,,,14359491,14359491,EBOFG / STATION 1 (L),23870291,247,3187868301,2024-06-24T17:41:41Z,2024-06-24T17:42:29Z,,0.000000,0.0,membership,Payment by membership account and/or membership card,USCPIE14359491*1
ChargePoint Network,,,12720861,12720861,WRECC / STATION 2,21977121,247,3184362981,2024-06-22T20:19:54Z,2024-06-22T20:20:24Z,,0.000000,0.0,membership,Payment by membership account and/or membership card,USCPIE12720861*1
ChargePoint Network,,,13606091,13606091,I24 EXIT11 / STATION 3 (RM),22992551,247,3151455431,2024-06-08T00:21:09Z,2024-06-08T00:35:08Z,,15.664400,74.823,membership,Payment by membership account and/or membership card,USCPIE13606091*1
ChargePoint Network,,,5346231,5346231,CULLMANELECTRIC / STATION2-R,8926271,247,3156608041,2024-06-10T17:47:21Z,2024-06-10T18:18:04Z,,36.279598,74.663,membership,Payment by membership account and/or membership card,USCPIE5346231*1
ChargePoint Network,,,13659871,13659871,LAWRENCEBURG / STATION 2 (R),23054921,247,3188094861,2024-06-24T19:31:11Z,2024-06-24T20:01:53Z,,41.615299,87.073,membership,Payment by membership account and/or membership card,USCPIE13659871*1
ChargePoint Network,,,5346231,5346231,CULLMANELECTRIC / STATION2-R,8926271,247,3136609501,2024-06-01T18:05:01Z,2024-06-01T18:15:43Z,,8.979200,55.594,membership,Payment by membership account and/or membership card,USCPIE5346231*1
ChargePoint Network,,,12720881,12720881,WRECC / STATION 1,21977141,247,3159216791,2024-06-11T18:51:28Z,2024-06-11T18:52:54Z,,0.000000,0.0,membership,Payment by membership account and/or membership card,USCPIE12720881*1
ChargePoint Network,,,1844191,1844191,CLW / MAIN ST,23050431,3,3182594691,2024-06-21T21:15:19Z,2024-06-21T22:05:08Z,,5.851174,7.1707,membership,Payment by membership account and/or membership card,USCPIE1844191*1
ChargePoint Network,,,13026471,13026471,WCMES / CITYHALL2-R,22328331,247,3181023271,2024-06-21T03:27:02Z,2024-06-21T04:28:50Z,,32.976200,72.889,membership,Payment by membership account and/or membership card,USCPIE13026471*1
ChargePoint Network,,,14047321,14047321,JEFFERSON AVE. / OXFORD STA2(R),23514081,247,3139835881,2024-06-03T13:20:57Z,2024-06-03T14:02:46Z,,47.341099,124.019,membership,Payment by membership account and/or membership card,USCPIE14047321*1
ChargePoint Network,,,15885151,15885151,TWICKENHAM SQ / HU - STATION 2,,,3182913631,2024-06-21T23:51:48Z,2024-06-21T23:52:00Z,,0.000000,,membership,Payment by membership account and/or membership card,USCPIE15885151*0
ChargePoint Network,,,12989161,12989161,BTES / CITY HALL,22285821,3,3138913331,2024-06-02T23:24:13Z,2024-06-03T00:47:46Z,,9.491286,6.8961,membership,Payment by membership account and/or membership card,USCPIE12989161*2
ChargePoint Network,,,15280441,15280441,SPRFLD ELECTRIC / STATION 2 (R),24807641,247,3177427031,2024-06-19T17:56:39Z,2024-06-19T19:35:33Z,,59.061600,54.316,membership,Payment by membership account and/or membership card,USCPIE15280441*1
ChargePoint Network,,,15885771,15885771,TWICKENHAM SQ / HU - STATION 4,25521581,100011,3186219081,2024-06-23T22:23:26Z,2024-06-23T22:35:12Z,,4.896600,28.079,credit_card_terminal,Payment via credit card or debit card terminal,USCPIE15885771*1
ChargePoint Network,,,12460751,12460751,PES / LEFT STATION,22360171,215,3180145591,2024-06-20T20:46:10Z,2024-06-24T15:19:25Z,,28.194099,7.7532,membership,Payment by membership account and/or membership card,USCPIE12460751*1
ChargePoint Network,,,5565291,5565291,7SPC / SCES LECONTE 1,9205191,3,3176355811,2024-06-19T02:31:02Z,2024-06-19T03:16:41Z,,2.787297,3.7402,membership,Payment by membership account and/or membership card,USCPIE5565291*1
ChargePoint Network,,,5565241,5565241,7SPC / SCES LECONTE 4,9205111,3,3180076191,2024-06-20T20:15:12Z,2024-06-20T21:28:50Z,,4.261894,3.776,membership,Payment by membership account and/or membership card,USCPIE5565241*2
ChargePoint Network,,,7505851,7505851,JEFFERSON AVE. / OXFORD STA1(L),12955471,247,3179202911,2024-06-20T14:24:47Z,2024-06-20T14:49:05Z,,27.884600,76.8,membership,Payment by membership account and/or membership card,USCPIE7505851*1
ChargePoint Network,,,15640031,15640031,NECDC / STATION 1 (L),25228511,247,3152833561,2024-06-08T19:11:31Z,2024-06-08T19:50:53Z,,24.636499,54.9,membership,Payment by membership account and/or membership card,USCPIE15640031*1
ChargePoint Network,,,682921,682921,7SPC / TVPPA OFFICE,9117261,3,3165010951,2024-06-13T23:47:42Z,2024-06-14T03:30:59Z,,22.182823,5.9999,membership,Payment by membership account and/or membership card,USCPIE682921*2
ChargePoint Network,,,13664501,13664501,BTES / STATION 4 (RR),23060561,247,3152330521,2024-06-08T13:49:12Z,2024-06-08T14:32:37Z,,48.164799,70.722,credit_card_terminal,Payment via credit card or debit card terminal,USCPIE13664501*1
ChargePoint Network,,,7173851,7173851,SCOTTSBORO EPB / MAIN OFFICE,12310871,3,3199850251,2024-06-29T19:09:21Z,2024-06-29T19:30:04Z,,2.257040,6.6381,membership,Payment by membership account and/or membership card,USCPIE7173851*2
ChargePoint Network,,,9677521,9677521,UT PARKING / S7 STATION 1,17169331,3,3140193821,2024-06-03T15:46:17Z,2024-06-03T19:44:10Z,,21.027843,7.132,membership,Payment by membership account and/or membership card,USCPIE9677521*1
ChargePoint Network,,,12720861,12720861,WRECC / STATION 2,21977121,247,3186723931,2024-06-24T03:22:57Z,2024-06-24T04:05:47Z,,71.112099,123.224,membership,Payment by membership account and/or membership card,USCPIE12720861*1
ChargePoint Network,,,15694081,15694081,BRIGHTRIDGE EV / STATION 2 (R),25291921,247,3152260221,2024-06-08T12:38:31Z,2024-06-08T13:10:35Z,,32.149101,123.535,membership,Payment by membership account and/or membership card,USCPIE15694081*1
ChargePoint Network,,,8851921,8851921,7SPC / SEVIERVILLE DC1,15571271,207,3191559151,2024-06-26T03:10:41Z,2024-06-26T03:24:07Z,,11.170300,53.131,membership,Payment by membership account and/or membership card,USCPIE8851921*1
ChargePoint Network,,,13423691,13423691,AEC / STATION #1 (L),22787121,247,3190221661,2024-06-25T17:10:39Z,2024-06-25T17:40:03Z,,29.926901,97.154,membership,Payment by membership account and/or membership card,USCPIE13423691*1
ChargePoint Network,,,13606061,13606061,I24 EXIT11 / STATION 4 (RR),,,3181229231,2024-06-21T06:19:52Z,2024-06-21T06:20:53Z,,0.000000,,credit_card_terminal,Payment via credit card or debit card terminal,USCPIE13606061*0
ChargePoint Network,,,15640171,15640171,NECDC / STATION 2 (R),,,3173181021,2024-06-17T21:29:47Z,2024-06-17T21:31:48Z,,0.000000,,membership,Payment by membership account and/or membership card,USCPIE15640171*0
ChargePoint Network,,,1932851,1932851,BRIGHTRIDGE EV / BR-JC LIBRARY,23319821,3,3150743701,2024-06-07T18:59:11Z,2024-06-07T23:16:59Z,,29.720758,7.1943,membership,Payment by membership account and/or membership card,USCPIE1932851*2
ChargePoint Network,,,13290491,13290491,7SPC / NASA USSRC L,22634941,3,3147976181,2024-06-06T17:04:48Z,2024-06-06T17:34:22Z,,2.855702,5.9562,membership,Payment by membership account and/or membership card,USCPIE13290491*2
ChargePoint Network,,,13966031,13966031,BEA / STATION 4 (RR),23419961,247,3162002011,2024-06-12T20:36:00Z,2024-06-12T21:11:20Z,,36.484299,75.239,membership,Payment by membership account and/or membership card,USCPIE13966031*1
ChargePoint Network,,,13606091,13606091,I24 EXIT11 / STATION 3 (RM),22992551,247,3184097621,2024-06-22T17:40:11Z,2024-06-22T18:00:04Z,,15.058100,50.764,membership,Payment by membership account and/or membership card,USCPIE13606091*1
ChargePoint Network,,,5346231,5346231,CULLMANELECTRIC / STATION2-R,8926271,247,3181878321,2024-06-21T15:51:33Z,2024-06-21T16:34:19Z,,36.200298,54.62,membership,Payment by membership account and/or membership card,USCPIE5346231*1
ChargePoint Network,,,14337501,14337501,HOLSTONELECTRIC / CHURCH HILL-2,23845091,100011,3136862071,2024-06-01T20:22:39Z,2024-06-01T21:07:43Z,,31.893999,53.34,membership,Payment by membership account and/or membership card,USCPIE14337501*1
ChargePoint Network,,,1964521,1964521,EBOFG / GUNTERSVILLE PD,8374201,3,3156795001,2024-06-10T19:17:58Z,2024-06-10T22:26:58Z,,23.085621,7.4106,membership,Payment by membership account and/or membership card,USCPIE1964521*1
ChargePoint Network,,,15694081,15694081,BRIGHTRIDGE EV / STATION 2 (R),25291921,247,3198572261,2024-06-29T00:18:58Z,2024-06-29T00:48:30Z,,35.008999,96.565,membership,Payment by membership account and/or membership card,USCPIE15694081*1
ChargePoint Network,,,15640031,15640031,NECDC / STATION 1 (L),25228511,247,3147914911,2024-06-06T16:38:41Z,2024-06-06T17:37:33Z,,26.051001,48.048,membership,Payment by membership account and/or membership card,USCPIE15640031*1
ChargePoint Network,,,1921351,1921351,STARKVILLE UTIL / STARKVILLE DWTN,23682581,3,3148667841,2024-06-06T22:00:33Z,2024-06-07T13:08:58Z,,45.490791,7.3727,membership,Payment by membership account and/or membership card,USCPIE1921351*2
ChargePoint Network,,,12720861,12720861,WRECC / STATION 2,21977121,247,3182554491,2024-06-21T20:56:33Z,2024-06-21T21:20:10Z,,17.351801,46.046,membership,Payment by membership account and/or membership card,USCPIE12720861*1
ChargePoint Network,,,5350831,5350831,CULLMANELECTRIC / CEC MAIN OFFICE,8932491,3,3157056751,2024-06-10T21:13:04Z,2024-06-11T00:11:45Z,,17.615091,6.0013,membership,Payment by membership account and/or membership card,USCPIE5350831*1
ChargePoint Network,,,13643801,13643801,PEPA / STATION 2,23036481,247,3180109551,2024-06-20T20:30:20Z,2024-06-20T21:08:58Z,,43.896599,74.844,membership,Payment by membership account and/or membership card,USCPIE13643801*1
ChargePoint Network,,,14047321,14047321,JEFFERSON AVE. / OXFORD STA2(R),23514081,247,3196068231,2024-06-27T22:52:47Z,2024-06-27T23:13:14Z,,23.427299,69.541,membership,Payment by membership account and/or membership card,USCPIE14047321*1
ChargePoint Network,,,1964521,1964521,EBOFG / GUNTERSVILLE PD,8374211,3,3174425421,2024-06-18T12:45:53Z,2024-06-18T13:29:42Z,,5.184433,7.2769,membership,Payment by membership account and/or membership card,USCPIE1964521*2
ChargePoint Network,,,12720861,12720861,WRECC / STATION 2,21977121,247,3152875801,2024-06-08T19:34:56Z,2024-06-08T19:36:08Z,,0.000000,0.0,membership,Payment by membership account and/or membership card,USCPIE12720861*1
ChargePoint Network,,,5122191,5122191,CULLMANELECTRIC / STATION1-L,8482151,247,3167592091,2024-06-15T00:52:09Z,2024-06-15T01:12:50Z,,28.433201,84.744,membership,Payment by membership account and/or membership card,USCPIE5122191*1
ChargePoint Network,,,5346231,5346231,CULLMANELECTRIC / STATION2-R,8926271,247,3192908741,2024-06-26T18:22:50Z,2024-06-26T18:37:24Z,,16.301901,72.468,membership,Payment by membership account and/or membership card,USCPIE5346231*1
ChargePoint Network,,,12720861,12720861,WRECC / STATION 2,21977121,247,3159425481,2024-06-11T20:19:46Z,2024-06-11T21:04:03Z,,36.472000,54.534,membership,Payment by membership account and/or membership card,USCPIE12720861*1
ChargePoint Network,,,14355251,14355251,HARTSELLE 1 / STATION 2 (R),23865691,247,3173104061,2024-06-17T20:55:54Z,2024-06-17T21:24:13Z,,29.367201,71.41,membership,Payment by membership account and/or membership card,USCPIE14355251*1
ChargePoint Network,,,5565241,5565241,7SPC / SCES LECONTE 4,9205111,3,3163673911,2024-06-13T14:36:42Z,2024-06-13T16:32:01Z,,6.530736,3.7676,membership,Payment by membership account and/or membership card,USCPIE5565241*2
ChargePoint Network,,,12406491,12406491,FPIA / LEFT STATION,21527781,247,3138904851,2024-06-02T23:19:48Z,2024-06-02T23:45:54Z,,33.457500,80.982,membership,Payment by membership account and/or membership card,USCPIE12406491*1
ChargePoint Network,,,15623231,15623231,CLW / 5TH ST 1 (L),,,3148681901,2024-06-06T22:04:24Z,2024-06-06T22:06:25Z,,0.000000,,membership,Payment by membership account and/or membership card,USCPIE15623231*0
ChargePoint Network,,,5619801,5619801,7SPC / WARREN RECC BG,9274251,3,3135884511,2024-06-01T05:30:45Z,2024-06-01T05:31:55Z,,0.000000,,other,Any other payment method not specified above. Additional description should be provided in Payment Method Description.,USCPIE5619801*1
ChargePoint Network,,,12406491,12406491,FPIA / LEFT STATION,21527781,247,3168901121,2024-06-15T19:04:29Z,2024-06-15T19:11:25Z,,4.884500,0.0,membership,Payment by membership account and/or membership card,USCPIE12406491*1
ChargePoint Network,,,13861861,13861861,BRMEMC / STATION 1,23296281,247,3193867531,2024-06-27T01:18:56Z,2024-06-27T02:32:45Z,,39.537701,76.635,credit_card_terminal,Payment via credit card or debit card terminal,USCPIE13861861*1
ChargePoint Network,,,13803581,13803581,FPU / STATION 1 (L),23227201,247,3195059581,2024-06-27T15:44:11Z,2024-06-27T15:45:04Z,,0.000000,0.0,credit_card_terminal,Payment via credit card or debit card terminal,USCPIE13803581*1
ChargePoint Network,,,5363211,5363211,HARTSELLE 1 / HARTSELLE 1,23427581,3,3136603731,2024-06-01T18:02:07Z,2024-06-01T20:18:00Z,,8.646441,3.8724,membership,Payment by membership account and/or membership card,USCPIE5363211*2
ChargePoint Network,,,15548181,15548181,DECATURDOWNTWN / STATION 2 (L),25119551,247,3197541751,2024-06-28T16:09:40Z,2024-06-28T16:22:29Z,,14.575500,73.481,membership,Payment by membership account and/or membership card,USCPIE15548181*1