provider_id,station_id,site_id,charger_id,evse_id,evse_name,port_id,connector_id,session_id,session_start,session_end,session_error,energy_kwh,peak_power_kw,payment_method,payment_other,eMI3 Port id
ChargePoint Network,,,12406491,12406491,FPIA / LEFT STATION,21527781,247,3394559241,2024-09-23T13:26:37Z,2024-09-23T13:43:46Z,,15.461400,76.26,membership,Payment by membership account and/or membership card,USCPIE12406491*1
ChargePoint Network,,,13606061,13606061,I24 EXIT11 / STATION 4 (RR),22992511,247,3359365821,2024-09-08T16:18:20Z,2024-09-08T16:56:22Z,,31.594200,60.675,credit_card_terminal,Payment via credit card or debit card terminal,USCPIE13606061*1
ChargePoint Network,,,16311861,16311861,KIMBALL EV CHG / STATION 2 (R),26032351,247,3401962881,2024-09-26T04:20:34Z,2024-09-26T04:37:09Z,,17.992701,69.101,membership,Payment by membership account and/or membership card,USCPIE16311861*1
ChargePoint Network,,,15885251,15885251,TWICKENHAM SQ / HU - STATION 1,25520941,247,3383041501,2024-09-18T13:46:45Z,2024-09-18T14:11:21Z,,25.186100,64.025,membership,Payment by membership account and/or membership card,USCPIE15885251*1
ChargePoint Network,,,5346231,5346231,CULLMANELECTRIC / STATION2-R,8926271,247,3408672761,2024-09-29T01:09:14Z,2024-09-29T01:09:55Z,,0.000000,0.0,membership,Payment by membership account and/or membership card,USCPIE5346231*1
ChargePoint Network,,,5122191,5122191,CULLMANELECTRIC / STATION1-L,8482151,247,3402557351,2024-09-26T14:07:22Z,2024-09-26T15:26:17Z,,45.556599,53.341,membership,Payment by membership account and/or membership card,USCPIE5122191*1
ChargePoint Network,,,12406491,12406491,FPIA / LEFT STATION,21527781,247,3357486841,2024-09-07T15:07:02Z,2024-09-07T15:16:36Z,,7.469500,52.244,membership,Payment by membership account and/or membership card,USCPIE12406491*1
ChargePoint Network,,,13659831,13659831,LAWRENCEBURG / STATION 1 (L),23054881,247,3408034251,2024-09-28T19:24:01Z,2024-09-28T19:38:11Z,,13.925600,87.665,membership,Payment by membership account and/or membership card,USCPIE13659831*1
ChargePoint Network,,,15885791,15885791,TWICKENHAM SQ / HU - STATION 3,25521611,247,3376055211,2024-09-15T16:22:23Z,2024-09-15T16:39:33Z,,15.898600,59.365,membership,Payment by membership account and/or membership card,USCPIE15885791*1
ChargePoint Network,,,7505851,7505851,JEFFERSON AVE. / OXFORD STA1(L),12955471,100011,3406846671,2024-09-28T02:09:32Z,2024-09-28T02:17:59Z,,4.085800,32.054,membership,Payment by membership account and/or membership card,USCPIE7505851*1
ChargePoint Network,,,15815141,15815141,GEA-1 / STATION 1 (L),25435121,247,3409844951,2024-09-29T19:47:11Z,2024-09-29T19:49:27Z,,0.334700,0.0,credit_card_terminal,Payment via credit card or debit card terminal,USCPIE15815141*1
ChargePoint Network,,,13659871,13659871,LAWRENCEBURG / STATION 2 (R),23054921,247,3350472921,2024-09-04T19:30:41Z,2024-09-04T19:33:50Z,,2.081200,0.0,membership,Payment by membership account and/or membership card,USCPIE13659871*1
ChargePoint Network,,,15729991,15729991,AEC / AEC03,25334181,3,3361584051,2024-09-09T16:20:26Z,2024-09-09T20:17:12Z,,19.080030,7.2673,membership,Payment by membership account and/or membership card,USCPIE15729991*2
ChargePoint Network,,,15640171,15640171,NECDC / STATION 2 (R),25228711,247,3362599741,2024-09-09T23:31:48Z,2024-09-10T00:06:20Z,,37.751701,69.101,membership,Payment by membership account and/or membership card,USCPIE15640171*1
ChargePoint Network,,,13966051,13966051,BEA / STATION 3 (RM),23419981,247,3353581051,2024-09-05T22:09:08Z,2024-09-05T22:10:12Z,,0.000000,0.0,membership,Payment by membership account and/or membership card,USCPIE13966051*1
ChargePoint Network,,,15623211,15623211,CLW / 5TH ST 2 (R),25208281,247,3391436341,2024-09-21T20:06:14Z,2024-09-21T20:19:03Z,,12.075000,56.763,membership,Payment by membership account and/or membership card,USCPIE15623211*1
ChargePoint Network,,,5122191,5122191,CULLMANELECTRIC / STATION1-L,8482151,247,3374783671,2024-09-14T21:05:04Z,2024-09-14T22:29:15Z,,56.856800,73.26,membership,Payment by membership account and/or membership card,USCPIE5122191*1
ChargePoint Network,,,13606061,13606061,I24 EXIT11 / STATION 4 (RR),22992511,247,3370306181,2024-09-12T22:07:27Z,2024-09-12T22:28:31Z,,26.304501,80.199,membership,Payment by membership account and/or membership card,USCPIE13606061*1
ChargePoint Network,,,5565241,5565241,7SPC / SCES LECONTE 4,9205111,3,3350504641,2024-09-04T19:43:06Z,2024-09-04T20:35:41Z,,2.724184,3.7519,membership,Payment by membership account and/or membership card,USCPIE5565241*2
ChargePoint Network,,,12720861,12720861,WRECC / STATION 2,21977121,247,3359759561,2024-09-08T20:12:14Z,2024-09-08T20:28:06Z,,18.757999,77.615,membership,Payment by membership account and/or membership card,USCPIE12720861*1
ChargePoint Network,,,13164881,13164881,BTES / STATION 2 (LM),22491051,247,3385341741,2024-09-19T09:33:41Z,2024-09-19T10:22:28Z,,26.832500,53.131,other,Any other payment method not specified above. Additional description should be provided in Payment Method Description.,USCPIE13164881*1
ChargePoint Network,,,13664401,13664401,BTES / STATION 1 (LL),23060421,247,3361303621,2024-09-09T14:54:33Z,2024-09-09T15:32:47Z,,38.779999,73.08,membership,Payment by membership account and/or membership card,USCPIE13664401*1
ChargePoint Network,,,15640171,15640171,NECDC / STATION 2 (R),25228711,247,3372904451,2024-09-13T22:16:27Z,2024-09-13T22:37:29Z,,16.363800,74.37,membership,Payment by membership account and/or membership card,USCPIE15640171*1
ChargePoint Network,,,9777021,9777021,CRMC / CRMC-2- L2RIGHT,17361751,3,3374055031,2024-09-14T13:58:05Z,2024-09-14T14:17:52Z,,2.276769,7.1403,membership,Payment by membership account and/or membership card,USCPIE9777021*2
ChargePoint Network,,,15293211,15293211,TRNG CENTER / TRAININGCENTER1,24823101,3,3361745321,2024-09-09T17:28:27Z,2024-09-09T17:28:37Z,,0.000000,,other,Any other payment method not specified above. Additional description should be provided in Payment Method Description.,USCPIE15293211*1
ChargePoint Network,,,13606061,13606061,I24 EXIT11 / STATION 4 (RR),22992511,247,3394949641,2024-09-23T15:52:34Z,2024-09-23T16:42:26Z,,29.954201,54.316,membership,Payment by membership account and/or membership card,USCPIE13606061*1
ChargePoint Network,,,16311461,16311461,KIMBALL EV CHG / STATION 1 (L),26031811,247,3390062351,2024-09-21T01:16:18Z,2024-09-21T01:39:48Z,,19.201300,52.448,membership,Payment by membership account and/or membership card,USCPIE16311461*1
ChargePoint Network,,,5354011,5354011,7SPC / GREENEVILLE TA,8936791,100011,3381564411,2024-09-17T21:35:20Z,2024-09-17T21:53:07Z,,9.843100,46.862,membership,Payment by membership account and/or membership card,USCPIE5354011*1
ChargePoint Network,,,13423691,13423691,AEC / STATION #1 (L),22787121,247,3376955561,2024-09-16T00:35:28Z,2024-09-16T00:45:13Z,,15.676800,118.734,membership,Payment by membership account and/or membership card,USCPIE13423691*1
ChargePoint Network,,,15815141,15815141,GEA-1 / STATION 1 (L),25435121,247,3365249141,2024-09-10T23:40:41Z,2024-09-10T23:50:33Z,,16.369101,111.384,membership,Payment by membership account and/or membership card,USCPIE15815141*1
ChargePoint Network,,,5122191,5122191,CULLMANELECTRIC / STATION1-L,8482151,247,3397560101,2024-09-24T15:58:25Z,2024-09-24T16:38:03Z,,33.496601,61.776,membership,Payment by membership account and/or membership card,USCPIE5122191*1
ChargePoint Network,,,5619801,5619801,7SPC / WARREN RECC BG,25687251,3,3404728251,2024-09-27T06:29:58Z,2024-09-27T11:04:10Z,,22.493221,6.3423,membership,Payment by membership account and/or membership card,USCPIE5619801*1
ChargePoint Network,,,7505851,7505851,JEFFERSON AVE. / OXFORD STA1(L),12955471,100011,3390050201,2024-09-21T01:10:44Z,2024-09-21T02:25:02Z,,21.601299,17.903,membership,Payment by membership account and/or membership card,USCPIE7505851*1
ChargePoint Network,,,7505851,7505851,JEFFERSON AVE. / OXFORD STA1(L),12955471,247,3377165071,2024-09-16T02:42:31Z,2024-09-16T02:58:19Z,,17.384600,72.4,membership,Payment by membership account and/or membership card,USCPIE7505851*1
ChargePoint Network,,,8851921,8851921,7SPC / SEVIERVILLE DC1,15571271,207,3409208541,2024-09-29T11:10:33Z,2024-09-29T11:11:23Z,,0.000000,0.0,membership,Payment by membership account and/or membership card,USCPIE8851921*1
ChargePoint Network,,,15694171,15694171,BRIGHTRIDGE EV / STATION 1 (L),25292041,247,3391865111,2024-09-21T23:53:50Z,2024-09-22T00:03:59Z,,10.718500,71.0,membership,Payment by membership account and/or membership card,USCPIE15694171*1
ChargePoint Network,,,15694081,15694081,BRIGHTRIDGE EV / STATION 2 (R),25291921,247,3387244491,2024-09-19T23:35:28Z,2024-09-19T23:35:54Z,,0.000000,,membership,Payment by membership account and/or membership card,USCPIE15694081*1
ChargePoint Network,,,13861891,13861891,BRMEMC / STATION 2,23296321,247,3343370881,2024-09-01T11:58:34Z,2024-09-01T12:51:21Z,,30.578400,57.77,membership,Payment by membership account and/or membership card,USCPIE13861891*1
ChargePoint Network,,,13643801,13643801,PEPA / STATION 2,23036481,247,3408784331,2024-09-29T02:13:34Z,2024-09-29T02:32:04Z,,14.871200,59.891,membership,Payment by membership account and/or membership card,USCPIE13643801*1
ChargePoint Network,,,8851921,8851921,7SPC / SEVIERVILLE DC1,15571271,100011,3395169251,2024-09-23T17:17:11Z,2024-09-23T18:04:22Z,,3.614400,19.549,credit_card_terminal,Payment via credit card or debit card terminal,USCPIE8851921*1
ChargePoint Network,,,12720861,12720861,WRECC / STATION 2,21977121,247,3363874611,2024-09-10T14:48:22Z,2024-09-10T15:23:22Z,,23.793501,125.926,membership,Payment by membership account and/or membership card,USCPIE12720861*1
ChargePoint Network,,,13643831,13643831,PEPA / STATION 1,23036511,247,3349584661,2024-09-04T13:42:02Z,2024-09-04T13:56:11Z,,11.292000,76.047,credit_card_terminal,Payment via credit card or debit card terminal,USCPIE13643831*1
ChargePoint Network,,,5565291,5565291,7SPC / SCES LECONTE 1,9205191,3,3407511921,2024-09-28T14:14:49Z,2024-09-28T23:48:34Z,,65.865967,7.3093,credit_card_terminal,Payment via credit card or debit card terminal,USCPIE5565291*1
ChargePoint Network,,,15728901,15728901,AEC / AEC04,25332891,3,3383913781,2024-09-18T19:23:55Z,2024-09-18T19:29:20Z,,0.606913,7.4128,membership,Payment by membership account and/or membership card,USCPIE15728901*2
ChargePoint Network,,,8851921,8851921,7SPC / SEVIERVILLE DC1,15571271,100011,3350378951,2024-09-04T18:51:45Z,2024-09-04T19:50:11Z,,29.013500,41.652,membership,Payment by membership account and/or membership card,USCPIE8851921*1
ChargePoint Network,,,12406401,12406401,FPIA / RIGHT STATION,21527671,247,3403945411,2024-09-26T23:11:29Z,2024-09-26T23:35:26Z,,28.478901,77.42,membership,Payment by membership account and/or membership card,USCPIE12406401*1
ChargePoint Network,,,15885771,15885771,TWICKENHAM SQ / HU - STATION 4,25521581,247,3406176101,2024-09-27T21:05:43Z,2024-09-27T21:35:02Z,,19.577700,46.208,membership,Payment by membership account and/or membership card,USCPIE15885771*1
ChargePoint Network,,,15885791,15885791,TWICKENHAM SQ / HU - STATION 3,25521611,247,3364445711,2024-09-10T18:19:15Z,2024-09-10T20:51:32Z,,139.439194,119.29,membership,Payment by membership account and/or membership card,USCPIE15885791*1
ChargePoint Network,,,14047321,14047321,JEFFERSON AVE. / OXFORD STA2(R),23514081,247,3392079531,2024-09-22T01:57:41Z,2024-09-22T02:14:57Z,,15.492700,69.722,membership,Payment by membership account and/or membership card,USCPIE14047321*1
ChargePoint Network,,,12720861,12720861,WRECC / STATION 2,21977121,247,3403269841,2024-09-26T18:35:52Z,2024-09-26T19:15:27Z,,40.414001,75.8,membership,Payment by membership account and/or membership card,USCPIE12720861*1
ChargePoint Network,,,13861861,13861861,BRMEMC / STATION 1,23296281,247,3399851711,2024-09-25T13:52:03Z,2024-09-25T13:52:36Z,,0.000000,0.0,membership,Payment by membership account and/or membership card,USCPIE13861861*1
ChargePoint Network,,,15836871,15836871,TOMBIGBEE / STATION 3,25462501,247,3344755101,2024-09-02T04:44:10Z,2024-09-02T06:43:54Z,,61.274399,64.795,credit_card_terminal,Payment via credit card or debit card terminal,USCPIE15836871*1
ChargePoint Network,,,14047321,14047321,JEFFERSON AVE. / OXFORD STA2(R),23514081,247,3391024981,2024-09-21T16:17:39Z,2024-09-21T17:50:03Z,,45.258301,122.737,membership,Payment by membership account and/or membership card,USCPIE14047321*1
ChargePoint Network,,,7505851,7505851,JEFFERSON AVE. / OXFORD STA1(L),12955471,100011,3405956281,2024-09-27T19:33:04Z,2024-09-27T19:48:30Z,,6.920900,36.554,membership,Payment by membership account and/or membership card,USCPIE7505851*1
ChargePoint Network,,,1932851,1932851,BRIGHTRIDGE EV / BR-JC LIBRARY,23319821,3,3345076351,2024-09-02T14:20:33Z,2024-09-02T19:20:01Z,,36.360455,7.4707,membership,Payment by membership account and/or membership card,USCPIE1932851*2
ChargePoint Network,,,13423691,13423691,AEC / STATION #1 (L),22787121,247,3349485461,2024-09-04T12:56:11Z,2024-09-04T13:34:15Z,,39.417801,76.636,membership,Payment by membership account and/or membership card,USCPIE13423691*1
ChargePoint Network,,,12406491,12406491,FPIA / LEFT STATION,21527781,247,3378562521,2024-09-16T18:34:00Z,2024-09-16T18:34:39Z,,0.000000,0.0,membership,Payment by membership account and/or membership card,USCPIE12406491*1
ChargePoint Network,,,9677521,9677521,UT PARKING / S7 STATION 1,17169331,3,3345119901,2024-09-02T15:01:19Z,2024-09-02T18:56:26Z,,15.212792,3.9269,membership,Payment by membership account and/or membership card,USCPIE9677521*1
ChargePoint Network,,,15885771,15885771,TWICKENHAM SQ / HU - STATION 4,25521581,247,3372330311,2024-09-13T18:14:09Z,2024-09-13T18:43:34Z,,23.775000,73.481,membership,Payment by membership account and/or membership card,USCPIE15885771*1
ChargePoint Network,,,5565241,5565241,7SPC / SCES LECONTE 4,9205101,3,3393191271,2024-09-22T20:01:30Z,2024-09-23T01:31:32Z,,38.839523,7.1892,credit_card_terminal,Payment via credit card or debit card terminal,USCPIE5565241*1
ChargePoint Network,,,13664501,13664501,BTES / STATION 4 (RR),23060561,247,3355352391,2024-09-06T16:02:10Z,2024-09-06T16:41:47Z,,59.231400,122.43,membership,Payment by membership account and/or membership card,USCPIE13664501*1
ChargePoint Network,,,13423691,13423691,AEC / STATION #1 (L),22787121,247,3357894461,2024-09-07T19:04:22Z,2024-09-07T19:22:00Z,,18.951500,70.132,credit_card_terminal,Payment via credit card or debit card terminal,USCPIE13423691*1
ChargePoint Network,,,5122191,5122191,CULLMANELECTRIC / STATION1-L,8482151,247,3404834471,2024-09-27T10:40:07Z,2024-09-27T10:51:49Z,,7.685100,48.36,membership,Payment by membership account and/or membership card,USCPIE5122191*1
ChargePoint Network,,,14047321,14047321,JEFFERSON AVE. / OXFORD STA2(R),23514081,247,3387366941,2024-09-20T00:29:14Z,2024-09-20T00:54:07Z,,29.723301,76.017,membership,Payment by membership account and/or membership card,USCPIE14047321*1
ChargePoint Network,,,5122191,5122191,CULLMANELECTRIC / STATION1-L,8482151,247,3383432701,2024-09-18T16:01:05Z,2024-09-18T16:46:26Z,,40.000599,60.294,phone_online,"Payment through mobile app, website, automated phone number or messaging system",USCPIE5122191*1
ChargePoint Network,,,13423691,13423691,AEC / STATION #1 (L),22787121,247,3387108691,2024-09-19T22:42:47Z,2024-09-19T22:53:12Z,,11.490800,71.904,membership,Payment by membership account and/or membership card,USCPIE13423691*1
ChargePoint Network,,,15332321,15332321,TUA NW ATLANTIC / STATION 1 (L),24867861,247,3357345791,2024-09-07T13:15:42Z,2024-09-07T14:35:39Z,,57.608898,73.695,credit_card_terminal,Payment via credit card or debit card terminal,USCPIE15332321*1
ChargePoint Network,,,15684341,15684341,MLEC / STATION 2 (R) W,25280201,247,3357484791,2024-09-07T15:05:38Z,2024-09-07T15:18:35Z,,22.556499,111.033,membership,Payment by membership account and/or membership card,USCPIE15684341*1
ChargePoint Network,,,13290491,13290491,7SPC / NASA USSRC L,25742671,3,3343658091,2024-09-01T16:48:50Z,2024-09-01T21:59:03Z,,31.262451,6.2378,credit_card_terminal,Payment via credit card or debit card terminal,USCPIE13290491*1
ChargePoint Network,,,1921351,1921351,STARKVILLE UTIL / STARKVILLE DWTN,23682581,3,3374106811,2024-09-14T14:39:56Z,2024-09-14T15:05:15Z,,2.971324,7.2582,membership,Payment by membership account and/or membership card,USCPIE1921351*2
ChargePoint Network,,,5565241,5565241,7SPC / SCES LECONTE 4,9205101,3,3401884931,2024-09-26T03:36:28Z,2024-09-26T04:06:37Z,,0.238124,3.7367,membership,Payment by membership account and/or membership card,USCPIE5565241*1
ChargePoint Network,,,1921351,1921351,STARKVILLE UTIL / STARKVILLE DWTN,23682571,3,3380428581,2024-09-17T14:09:21Z,2024-09-17T18:50:21Z,,22.806358,7.5032,membership,Payment by membership account and/or membership card,USCPIE1921351*1
ChargePoint Network,,,15260241,15260241,STEMC / STATION 1 (L) A,24784071,247,3397603751,2024-09-24T16:12:08Z,2024-09-24T16:24:49Z,,13.181200,65.526,membership,Payment by membership account and/or membership card,USCPIE15260241*1
ChargePoint Network,,,13606061,13606061,I24 EXIT11 / STATION 4 (RR),22992511,247,3381586581,2024-09-17T21:43:53Z,2024-09-17T22:39:33Z,,59.882900,71.116,membership,Payment by membership account and/or membership card,USCPIE13606061*1
ChargePoint Network,,,14097801,14097801,SCOTTSBORO EPB / SEPB DCFC (L),23570921,247,3399972031,2024-09-25T14:42:23Z,2024-09-25T14:54:20Z,,3.647700,24.003,membership,Payment by membership account and/or membership card,USCPIE14097801*1
ChargePoint Network,,,5565241,5565241,7SPC / SCES LECONTE 4,9205111,3,3348604371,2024-09-04T00:35:13Z,2024-09-04T01:25:19Z,,2.995414,3.7459,membership,Payment by membership account and/or membership card,USCPIE5565241*2
ChargePoint Network,,,1933211,1933211,BRIGHTRIDGE EV / BR-JONESBOROUGH,2283641,3,3375630451,2024-09-15T05:43:18Z,2024-09-15T06:36:17Z,,5.218091,6.0759,membership,Payment by membership account and/or membership card,USCPIE1933211*2
ChargePoint Network,,,15728901,15728901,AEC / AEC04,25332881,3,3353790121,2024-09-05T23:27:36Z,2024-09-05T23:46:41Z,,2.286144,7.477,credit_card_terminal,Payment via credit card or debit card terminal,USCPIE15728901*1
ChargePoint Network,,,13664471,13664471,BTES / STATION 3 (RM),23060511,247,3376337561,2024-09-15T19:12:56Z,2024-09-15T19:38:07Z,,29.021700,71.279,credit_card_terminal,Payment via credit card or debit card terminal,USCPIE13664471*1
ChargePoint Network,,,15548181,15548181,DECATURDOWNTWN / STATION 2 (L),25119551,247,3391217871,2024-09-21T18:07:27Z,2024-09-21T19:42:39Z,,0.000000,0.0,membership,Payment by membership account and/or membership card,USCPIE15548181*1
ChargePoint Network,,,13606061,13606061,I24 EXIT11 / STATION 4 (RR),22992511,247,3375946491,2024-09-15T15:05:35Z,2024-09-15T15:46:55Z,,68.261497,123.353,credit_card_terminal,Payment via credit card or debit card terminal,USCPIE13606061*1
ChargePoint Network,,,14097711,14097711,SCOTTSBORO EPB / SEPB DCFC (R),23570811,247,3376153681,2024-09-15T17:21:24Z,2024-09-15T17:49:37Z,,32.347198,84.347,membership,Payment by membership account and/or membership card,USCPIE14097711*1
ChargePoint Network,,,9677521,9677521,UT PARKING / S7 STATION 1,17169341,3,3349567511,2024-09-04T13:33:55Z,2024-09-04T15:33:31Z,,8.179192,4.1531,membership,Payment by membership account and/or membership card,USCPIE9677521*2
ChargePoint Network,,,14025691,14025691,PARIS BPU / STATION 1(L),23489541,247,3383689691,2024-09-18T17:44:13Z,2024-09-18T18:04:49Z,,19.636700,59.493,membership,Payment by membership account and/or membership card,USCPIE14025691*1
ChargePoint Network,,,15640031,15640031,NECDC / STATION 1 (L),,,3357302431,2024-09-07T12:27:09Z,2024-09-07T12:29:10Z,,0.000000,,other,Any other payment method not specified above. Additional description should be provided in Payment Method Description.,USCPIE15640031*0
ChargePoint Network,,,8851921,8851921,7SPC / SEVIERVILLE DC1,15571271,100011,3360047261,2024-09-08T22:48:11Z,2024-09-08T22:50:19Z,,0.000000,0.0,membership,Payment by membership account and/or membership card,USCPIE8851921*1
ChargePoint Network,,,13292801,13292801,LODGE CAST IRON / STORE & MUSEUM,22637561,3,3376322781,2024-09-15T19:04:03Z,2024-09-15T19:44:30Z,,4.462233,6.7967,membership,Payment by membership account and/or membership card,USCPIE13292801*2
ChargePoint Network,,,16244751,16244751,TOMBIGBEE / STATION 1,25952971,247,3349899321,2024-09-04T15:35:47Z,2024-09-04T15:36:30Z,,0.000000,0.0,credit_card_terminal,Payment via credit card or debit card terminal,USCPIE16244751*1
ChargePoint Network,,,1932851,1932851,BRIGHTRIDGE EV / BR-JC LIBRARY,23319821,3,3363668631,2024-09-10T13:21:09Z,2024-09-10T15:56:09Z,,18.957243,7.4427,membership,Payment by membership account and/or membership card,USCPIE1932851*2
ChargePoint Network,,,1932851,1932851,BRIGHTRIDGE EV / BR-JC LIBRARY,23319821,3,3389006861,2024-09-20T17:34:58Z,2024-09-20T20:25:27Z,,20.122242,7.1935,membership,Payment by membership account and/or membership card,USCPIE1932851*2
ChargePoint Network,,,15885791,15885791,TWICKENHAM SQ / HU - STATION 3,25521611,247,3406224341,2024-09-27T21:26:01Z,2024-09-27T21:43:06Z,,13.537200,27.534,membership,Payment by membership account and/or membership card,USCPIE15885791*1
ChargePoint Network,,,15548151,15548151,DECATURDOWNTWN / STATION 1 (R),25119511,247,3370029361,2024-09-12T20:15:41Z,2024-09-12T21:01:23Z,,33.415699,59.279,membership,Payment by membership account and/or membership card,USCPIE15548151*1
ChargePoint Network,,,13803581,13803581,FPU / STATION 1 (L),23227201,247,3352306491,2024-09-05T13:57:43Z,2024-09-05T14:40:13Z,,29.486200,76.635,membership,Payment by membership account and/or membership card,USCPIE13803581*1
ChargePoint Network,,,13643801,13643801,PEPA / STATION 2,23036481,247,3390039731,2024-09-21T01:05:40Z,2024-09-21T01:21:53Z,,15.902800,75.75,membership,Payment by membership account and/or membership card,USCPIE13643801*1
ChargePoint Network,,,15885151,15885151,TWICKENHAM SQ / HU - STATION 2,25520801,247,3407987281,2024-09-28T18:59:31Z,2024-09-28T19:44:36Z,,35.832600,81.536,membership,Payment by membership account and/or membership card,USCPIE15885151*1
ChargePoint Network,,,15332321,15332321,TUA NW ATLANTIC / STATION 1 (L),24867861,247,3362551601,2024-09-09T23:11:59Z,2024-09-10T00:07:04Z,,32.695000,54.096,membership,Payment by membership account and/or membership card,USCPIE15332321*1
ChargePoint Network,,,13606141,13606141,I24 EXIT11 / STATION 1 (LL),22992611,247,3374562041,2024-09-14T19:04:39Z,2024-09-14T20:00:21Z,,48.667301,73.481,membership,Payment by membership account and/or membership card,USCPIE13606141*1
ChargePoint Network,,,13861861,13861861,BRMEMC / STATION 1,23296281,247,3391867171,2024-09-21T23:54:57Z,2024-09-22T00:14:18Z,,21.171200,68.599,membership,Payment by membership account and/or membership card,USCPIE13861861*1
ChargePoint Network,,,16249821,16249821,STARKVILLE UTIL / STATION 1 (L),25959011,247,3393071651,2024-09-22T18:54:37Z,2024-09-22T19:17:44Z,,26.490900,72.323,membership,Payment by membership account and/or membership card,USCPIE16249821*1
ChargePoint Network,,,5346231,5346231,CULLMANELECTRIC / STATION2-R,8926271,247,3361963511,2024-09-09T19:11:33Z,2024-09-09T19:31:47Z,,14.300400,52.687,membership,Payment by membership account and/or membership card,USCPIE5346231*1
ChargePoint Network,,,5346231,5346231,CULLMANELECTRIC / STATION2-R,8926271,247,3372992091,2024-09-13T22:54:40Z,2024-09-13T23:37:32Z,,44.030102,72.127,credit_card_terminal,Payment via credit card or debit card terminal,USCPIE5346231*1
ChargePoint Network,,,12720861,12720861,WRECC / STATION 2,21977121,247,3360201391,2024-09-09T00:02:32Z,2024-09-09T00:39:26Z,,40.790001,75.239,membership,Payment by membership account and/or membership card,USCPIE12720861*1
ChargePoint Network,,,8851921,8851921,7SPC / SEVIERVILLE DC1,15571271,207,3362430311,2024-09-09T22:23:03Z,2024-09-09T23:02:13Z,,30.347601,50.312,membership,Payment by membership account and/or membership card,USCPIE8851921*1
ChargePoint Network,,,15332321,15332321,TUA NW ATLANTIC / STATION 1 (L),24867861,247,3345542091,2024-09-02T19:47:05Z,2024-09-02T20:06:44Z,,17.658100,75.464,credit_card_terminal,Payment via credit card or debit card terminal,USCPIE15332321*1
ChargePoint Network,,,5565291,5565291,7SPC / SCES LECONTE 1,9205191,3,3358491791,2024-09-08T00:30:22Z,2024-09-08T01:33:24Z,,2.966628,3.7346,membership,Payment by membership account and/or membership card,USCPIE5565291*1
ChargePoint Network,,,13606061,13606061,I24 EXIT11 / STATION 4 (RR),22992511,247,3357670241,2024-09-07T16:59:49Z,2024-09-07T17:22:40Z,,12.284300,51.09,membership,Payment by membership account and/or membership card,USCPIE13606061*1
ChargePoint Network,,,12406401,12406401,FPIA / RIGHT STATION,21527671,247,3359982111,2024-09-08T22:12:51Z,2024-09-08T22:34:45Z,,28.548401,84.316,membership,Payment by membership account and/or membership card,USCPIE12406401*1
ChargePoint Network,,,14355251,14355251,HARTSELLE 1 / STATION 2 (R),,,3403081841,2024-09-26T17:06:30Z,2024-09-26T17:08:32Z,,0.000000,,membership,Payment by membership account and/or membership card,USCPIE14355251*0
ChargePoint Network,,,15885771,15885771,TWICKENHAM SQ / HU - STATION 4,25521581,247,3343780361,2024-09-01T18:09:51Z,2024-09-01T18:48:37Z,,57.262001,95.152,membership,Payment by membership account and/or membership card,USCPIE15885771*1
ChargePoint Network,,,5424051,5424051,EEDEV / ELIZ DOWNTOWN,9027001,3,3360522961,2024-09-09T03:06:51Z,2024-09-09T07:48:15Z,,11.822812,7.176,membership,Payment by membership account and/or membership card,USCPIE5424051*2
ChargePoint Network,,,15548151,15548151,DECATURDOWNTWN / STATION 1 (R),25119511,247,3400859841,2024-09-25T20:22:27Z,2024-09-25T20:23:38Z,,0.000000,0.0,other,Any other payment method not specified above. Additional description should be provided in Payment Method Description.,USCPIE15548151*1
ChargePoint Network,,,12720861,12720861,WRECC / STATION 2,21977121,247,3374266241,2024-09-14T16:21:34Z,2024-09-14T16:45:43Z,,23.445499,62.842,phone_online,"Payment through mobile app, website, automated phone number or messaging system",USCPIE12720861*1
ChargePoint Network,,,15836871,15836871,TOMBIGBEE / STATION 3,25462501,247,3392065801,2024-09-22T01:48:53Z,2024-09-22T02:25:54Z,,27.244801,71.625,membership,Payment by membership account and/or membership card,USCPIE15836871*1
ChargePoint Network,,,15694171,15694171,BRIGHTRIDGE EV / STATION 1 (L),25292041,247,3397266381,2024-09-24T14:26:58Z,2024-09-24T14:55:51Z,,44.126701,102.101,credit_card_terminal,Payment via credit card or debit card terminal,USCPIE15694171*1
ChargePoint Network,,,13606091,13606091,I24 EXIT11 / STATION 3 (RM),22992551,247,3348327651,2024-09-03T22:47:57Z,2024-09-03T22:49:35Z,,0.000000,0.0,membership,Payment by membership account and/or membership card,USCPIE13606091*1
ChargePoint Network,,,15684301,15684301,MLEC / STATION 1 (L) W,,,3400365321,2024-09-25T16:46:53Z,2024-09-25T16:48:54Z,,0.000000,,membership,Payment by membership account and/or membership card,USCPIE15684301*0
ChargePoint Network,,,5397731,5397731,EEDEV / MILLIGAN UNIV,9010251,3,3350791591,2024-09-04T21:38:25Z,2024-09-04T22:55:21Z,,9.486246,7.4859,membership,Payment by membership account and/or membership card,USCPIE5397731*1
ChargePoint Network,,,15885251,15885251,TWICKENHAM SQ / HU - STATION 1,25520941,247,3392570961,2024-09-22T12:28:06Z,2024-09-22T12:41:13Z,,23.234301,111.996,membership,Payment by membership account and/or membership card,USCPIE15885251*1
ChargePoint Network,,,16022131,16022131,ACEPA / ACE STATION 1,25683791,247,3397801301,2024-09-24T17:31:02Z,2024-09-24T17:34:28Z,,0.000000,0.0,other,Any other payment method not specified above. Additional description should be provided in Payment Method Description.,USCPIE16022131*1
ChargePoint Network,,,1921351,1921351,STARKVILLE UTIL / STARKVILLE DWTN,23682581,3,3366171681,2024-09-11T12:13:22Z,2024-09-11T17:23:01Z,,36.955963,7.3247,credit_card_terminal,Payment via credit card or debit card terminal,USCPIE1921351*2
ChargePoint Network,,,8851921,8851921,7SPC / SEVIERVILLE DC1,15571271,207,3372714561,2024-09-13T20:54:38Z,2024-09-13T21:45:40Z,,38.126701,54.167,membership,Payment by membership account and/or membership card,USCPIE8851921*1
ChargePoint Network,,,16022101,16022101,ACEPA / ACE STATION 2,25683761,247,3400516381,2024-09-25T17:57:48Z,2024-09-25T19:14:19Z,,47.478100,54.02,membership,Payment by membership account and/or membership card,USCPIE16022101*1
ChargePoint Network,,,8851921,8851921,7SPC / SEVIERVILLE DC1,15571271,207,3353634891,2024-09-05T22:30:31Z,2024-09-05T23:51:47Z,,64.057297,57.833,membership,Payment by membership account and/or membership card,USCPIE8851921*1
ChargePoint Network,,,12460811,12460811,PES / RIGHT STATION,22948831,215,3391284131,2024-09-21T18:43:54Z,2024-09-23T17:49:35Z,,18.976999,7.7929,membership,Payment by membership account and/or membership card,USCPIE12460811*1
ChargePoint Network,,,15885791,15885791,TWICKENHAM SQ / HU - STATION 3,25521611,247,3348648911,2024-09-04T00:55:05Z,2024-09-04T02:41:43Z,,134.737900,101.08,membership,Payment by membership account and/or membership card,USCPIE15885791*1
ChargePoint Network,,,15742641,15742641,GEA-1 / STATION 2 (R),25349301,247,3409840091,2024-09-29T19:44:44Z,2024-09-29T19:45:48Z,,0.323700,0.0,credit_card_terminal,Payment via credit card or debit card terminal,USCPIE15742641*1
ChargePoint Network,,,15694171,15694171,BRIGHTRIDGE EV / STATION 1 (L),25292041,247,3408204621,2024-09-28T20:55:33Z,2024-09-28T21:20:32Z,,18.727800,53.549,membership,Payment by membership account and/or membership card,USCPIE15694171*1
ChargePoint Network,,,13606061,13606061,I24 EXIT11 / STATION 4 (RR),22992511,247,3392148081,2024-09-22T02:37:58Z,2024-09-22T03:07:15Z,,14.002100,51.296,membership,Payment by membership account and/or membership card,USCPIE13606061*1
ChargePoint Network,,,15640031,15640031,NECDC / STATION 1 (L),25228511,247,3378969081,2024-09-16T21:28:44Z,2024-09-16T21:29:39Z,,0.000000,0.0,membership,Payment by membership account and/or membership card,USCPIE15640031*1
ChargePoint Network,,,15280471,15280471,SPRFLD ELECTRIC / STATION 1 (L),24807681,247,3374108021,2024-09-14T14:40:42Z,2024-09-14T14:52:31Z,,20.517300,113.036,membership,Payment by membership account and/or membership card,USCPIE15280471*1
ChargePoint Network,,,12720861,12720861,WRECC / STATION 2,21977121,247,3344159141,2024-09-01T22:06:24Z,2024-09-01T22:42:52Z,,39.880600,86.129,membership,Payment by membership account and/or membership card,USCPIE12720861*1
ChargePoint Network,,,13861891,13861891,BRMEMC / STATION 2,23296321,247,3374079391,2024-09-14T14:17:52Z,2024-09-14T15:04:30Z,,49.871399,86.828,membership,Payment by membership account and/or membership card,USCPIE13861891*1
ChargePoint Network,,,15885791,15885791,TWICKENHAM SQ / HU - STATION 3,25521611,247,3349936781,2024-09-04T15:47:00Z,2024-09-04T16:24:13Z,,37.588200,77.022,membership,Payment by membership account and/or membership card,USCPIE15885791*1
ChargePoint Network,,,12989161,12989161,BTES / CITY HALL,22285821,3,3396435271,2024-09-24T02:34:18Z,2024-09-24T03:39:19Z,,7.778939,7.249,membership,Payment by membership account and/or membership card,USCPIE12989161*2
ChargePoint Network,,,15548181,15548181,DECATURDOWNTWN / STATION 2 (L),25119551,247,3382049101,2024-09-18T00:49:37Z,2024-09-18T02:44:14Z,,66.360802,101.133,membership,Payment by membership account and/or membership card,USCPIE15548181*1
ChargePoint Network,,,15729991,15729991,AEC / AEC03,25334181,3,3402572121,2024-09-26T14:14:22Z,2024-09-26T17:31:32Z,,23.636219,7.2441,membership,Payment by membership account and/or membership card,USCPIE15729991*2
ChargePoint Network,,,15694171,15694171,BRIGHTRIDGE EV / STATION 1 (L),25292041,247,3343755441,2024-09-01T17:53:13Z,2024-09-01T18:27:33Z,,40.401402,73.332,membership,Payment by membership account and/or membership card,USCPIE15694171*1
ChargePoint Network,,,5346231,5346231,CULLMANELECTRIC / STATION2-R,8926271,247,3398186841,2024-09-24T20:18:00Z,2024-09-24T21:06:13Z,,47.383900,74.86,membership,Payment by membership account and/or membership card,USCPIE5346231*1
ChargePoint Network,,,1921531,1921531,STARKVILLE UTIL / STARKVILLE REC,2268551,3,3357379721,2024-09-07T13:48:03Z,2024-09-07T13:56:15Z,,0.923461,7.4581,membership,Payment by membership account and/or membership card,USCPIE1921531*1
ChargePoint Network,,,14047321,14047321,JEFFERSON AVE. / OXFORD STA2(R),23514081,247,3368247401,2024-09-12T02:18:01Z,2024-09-12T02:46:13Z,,31.339001,72.299,membership,Payment by membership account and/or membership card,USCPIE14047321*1
ChargePoint Network,,,16244751,16244751,TOMBIGBEE / STATION 1,25952971,247,3348177161,2024-09-03T21:50:51Z,2024-09-03T22:34:56Z,,50.855400,91.54,membership,Payment by membership account and/or membership card,USCPIE16244751*1
ChargePoint Network,,,13659871,13659871,LAWRENCEBURG / STATION 2 (R),23054921,247,3359261011,2024-09-08T15:01:29Z,2024-09-08T15:16:21Z,,25.931801,117.04,membership,Payment by membership account and/or membership card,USCPIE13659871*1
ChargePoint Network,,,15694081,15694081,BRIGHTRIDGE EV / STATION 2 (R),25291921,247,3377569581,2024-09-16T11:26:31Z,2024-09-16T11:31:21Z,,5.178000,85.223,membership,Payment by membership account and/or membership card,USCPIE15694081*1
ChargePoint Network,,,1844191,1844191,CLW / MAIN ST,23050441,3,3389058381,2024-09-20T17:59:41Z,2024-09-20T20:46:16Z,,16.199934,7.2487,membership,Payment by membership account and/or membership card,USCPIE1844191*2
ChargePoint Network,,,15548151,15548151,DECATURDOWNTWN / STATION 1 (R),25119511,247,3389247851,2024-09-20T19:24:35Z,2024-09-20T19:55:00Z,,24.043200,49.444,membership,Payment by membership account and/or membership card,USCPIE15548151*1
ChargePoint Network,,,7505851,7505851,JEFFERSON AVE. / OXFORD STA1(L),12955471,247,3361576261,2024-09-09T16:17:38Z,2024-09-09T16:49:10Z,,37.096901,74.027,credit_card_terminal,Payment via credit card or debit card terminal,USCPIE7505851*1
ChargePoint Network,,,15694081,15694081,BRIGHTRIDGE EV / STATION 2 (R),25291921,247,3364906511,2024-09-10T21:30:24Z,2024-09-10T22:28:09Z,,56.194099,73.829,membership,Payment by membership account and/or membership card,USCPIE15694081*1
ChargePoint Network,,,12720861,12720861,WRECC / STATION 2,21977121,247,3397899581,2024-09-24T18:18:13Z,2024-09-24T18:47:34Z,,34.897301,76.625,membership,Payment by membership account and/or membership card,USCPIE12720861*1
ChargePoint Network,,,15885151,15885151,TWICKENHAM SQ / HU - STATION 2,25520801,100011,3406576551,2024-09-28T00:01:45Z,2024-09-28T00:12:39Z,,3.487700,0.0,other,Any other payment method not specified above. Additional description should be provided in Payment Method Description.,USCPIE15885151*1
ChargePoint Network,,,15548151,15548151,DECATURDOWNTWN / STATION 1 (R),25119511,247,3390789451,2024-09-21T13:31:31Z,2024-09-21T13:47:38Z,,14.026800,54.384,membership,Payment by membership account and/or membership card,USCPIE15548151*1
ChargePoint Network,,,7505851,7505851,JEFFERSON AVE. / OXFORD STA1(L),12955471,247,3406453741,2024-09-27T23:04:30Z,2024-09-27T23:34:03Z,,24.802000,58.187,membership,Payment by membership account and/or membership card,USCPIE7505851*1
ChargePoint Network,,,12754021,12754021,WCMES / CITYHALL1-L,22015241,247,3399449911,2024-09-25T07:45:00Z,2024-09-25T08:49:43Z,,59.851799,83.103,membership,Payment by membership account and/or membership card,USCPIE12754021*1
ChargePoint Network,,,12406491,12406491,FPIA / LEFT STATION,21527781,247,3353759781,2024-09-05T23:16:25Z,2024-09-06T00:00:44Z,,51.366001,77.61,membership,Payment by membership account and/or membership card,USCPIE12406491*1
ChargePoint Network,,,5397731,5397731,EEDEV / MILLIGAN UNIV,9010251,3,3365134441,2024-09-10T22:56:26Z,2024-09-11T01:12:53Z,,17.009418,7.5675,membership,Payment by membership account and/or membership card,USCPIE5397731*1
ChargePoint Network,,,13861861,13861861,BRMEMC / STATION 1,23296281,247,3357416041,2024-09-07T14:15:18Z,2024-09-07T15:16:44Z,,28.363001,56.939,membership,Payment by membership account and/or membership card,USCPIE13861861*1
ChargePoint Network,,,14337501,14337501,HOLSTONELECTRIC / CHURCH HILL-2,23845091,247,3376488641,2024-09-15T20:38:26Z,2024-09-15T21:02:31Z,,26.972601,75.8,membership,Payment by membership account and/or membership card,USCPIE14337501*1
ChargePoint Network,,,5346231,5346231,CULLMANELECTRIC / STATION2-R,8926271,247,3348819631,2024-09-04T02:11:13Z,2024-09-04T02:20:38Z,,9.383800,74.625,membership,Payment by membership account and/or membership card,USCPIE5346231*1
ChargePoint Network,,,15260251,15260251,STEMC / STATION 2 (R) A,,,3393305551,2024-09-22T21:00:25Z,2024-09-22T21:02:56Z,,0.000000,,credit_card_terminal,Payment via credit card or debit card terminal,USCPIE15260251*0
ChargePoint Network,,,5346231,5346231,CULLMANELECTRIC / STATION2-R,8926271,247,3374161771,2024-09-14T15:16:40Z,2024-09-14T15:48:26Z,,18.756901,53.428,membership,Payment by membership account and/or membership card,USCPIE5346231*1
ChargePoint Network,,,15548151,15548151,DECATURDOWNTWN / STATION 1 (R),,,3356648291,2024-09-07T01:18:55Z,2024-09-07T01:20:56Z,,0.000000,,membership,Payment by membership account and/or membership card,USCPIE15548151*0
ChargePoint Network,,,1988141,1988141,7SPC / SCES DREAM MORE,2355561,3,3343361771,2024-09-01T11:34:40Z,2024-09-01T12:50:10Z,,8.788303,7.1188,membership,Payment by membership account and/or membership card,USCPIE1988141*1
ChargePoint Network,,,5346231,5346231,CULLMANELECTRIC / STATION2-R,8926271,247,3407930721,2024-09-28T18:28:52Z,2024-09-28T18:41:56Z,,10.866300,71.242,membership,Payment by membership account and/or membership card,USCPIE5346231*1
ChargePoint Network,,,15684341,15684341,MLEC / STATION 2 (R) W,25280201,247,3344378321,2024-09-02T00:16:48Z,2024-09-02T00:39:38Z,,22.802401,63.307,membership,Payment by membership account and/or membership card,USCPIE15684341*1
ChargePoint Network,,,15548181,15548181,DECATURDOWNTWN / STATION 2 (L),25119551,247,3393690421,2024-09-23T00:17:06Z,2024-09-23T00:18:18Z,,0.000000,0.0,membership,Payment by membership account and/or membership card,USCPIE15548181*1
ChargePoint Network,,,12406491,12406491,FPIA / LEFT STATION,21527781,247,3372062681,2024-09-13T16:16:51Z,2024-09-13T16:48:50Z,,26.972799,70.497,membership,Payment by membership account and/or membership card,USCPIE12406491*1
ChargePoint Network,,,15250701,15250701,SES-TN / STATION 2,24772611,247,3395037211,2024-09-23T16:21:32Z,2024-09-23T16:47:19Z,,31.416201,77.223,membership,Payment by membership account and/or membership card,USCPIE15250701*1
ChargePoint Network,,,13643801,13643801,PEPA / STATION 2,23036481,247,3351519361,2024-09-05T02:46:16Z,2024-09-05T03:07:34Z,,23.738400,74.86,membership,Payment by membership account and/or membership card,USCPIE13643801*1
ChargePoint Network,,,5346231,5346231,CULLMANELECTRIC / STATION2-R,8926271,247,3356920591,2024-09-07T03:45:42Z,2024-09-07T03:53:18Z,,8.369700,0.0,membership,Payment by membership account and/or membership card,USCPIE5346231*1
ChargePoint Network,,,5466441,5466441,7SPC / NASA USSRC R,9079361,3,3397959961,2024-09-24T18:47:00Z,2024-09-24T19:10:43Z,,2.335540,6.0265,membership,Payment by membership account and/or membership card,USCPIE5466441*1
ChargePoint Network,,,14047321,14047321,JEFFERSON AVE. / OXFORD STA2(R),23514081,247,3393827951,2024-09-23T01:35:56Z,2024-09-23T02:34:10Z,,54.384201,76.635,membership,Payment by membership account and/or membership card,USCPIE14047321*1
ChargePoint Network,,,15885791,15885791,TWICKENHAM SQ / HU - STATION 3,25521611,247,3347301441,2024-09-03T15:50:59Z,2024-09-03T16:23:09Z,,32.899300,74.844,membership,Payment by membership account and/or membership card,USCPIE15885791*1
ChargePoint Network,,,14047321,14047321,JEFFERSON AVE. / OXFORD STA2(R),23514081,247,3348283031,2024-09-03T22:30:57Z,2024-09-03T22:31:29Z,,0.000000,0.0,credit_card_terminal,Payment via credit card or debit card terminal,USCPIE14047321*1
ChargePoint Network,,,13861861,13861861,BRMEMC / STATION 1,23296281,247,3357348111,2024-09-07T13:18:08Z,2024-09-07T13:45:25Z,,20.699900,70.288,membership,Payment by membership account and/or membership card,USCPIE13861861*1
ChargePoint Network,,,15836871,15836871,TOMBIGBEE / STATION 3,25462501,247,3396763681,2024-09-24T07:25:00Z,2024-09-24T07:55:31Z,,33.612202,74.283,membership,Payment by membership account and/or membership card,USCPIE15836871*1
ChargePoint Network,,,1932851,1932851,BRIGHTRIDGE EV / BR-JC LIBRARY,23319821,3,3387238321,2024-09-19T23:33:12Z,2024-09-20T01:23:14Z,,13.057990,7.194,membership,Payment by membership account and/or membership card,USCPIE1932851*2
ChargePoint Network,,,15885771,15885771,TWICKENHAM SQ / HU - STATION 4,25521581,247,3367613491,2024-09-11T21:56:56Z,2024-09-11T22:09:26Z,,10.524600,52.243,credit_card_terminal,Payment via credit card or debit card terminal,USCPIE15885771*1
ChargePoint Network,,,9677521,9677521,UT PARKING / S7 STATION 1,17169341,3,3397515661,2024-09-24T15:45:46Z,2024-09-24T20:03:51Z,,24.170929,7.0965,membership,Payment by membership account and/or membership card,USCPIE9677521*2
ChargePoint Network,,,12720861,12720861,WRECC / STATION 2,21977121,247,3367174131,2024-09-11T18:57:21Z,2024-09-11T18:58:03Z,,0.000000,0.0,other,Any other payment method not specified above. Additional description should be provided in Payment Method Description.,USCPIE12720861*1
ChargePoint Network,,,13606061,13606061,I24 EXIT11 / STATION 4 (RR),22992511,247,3399842371,2024-09-25T13:47:34Z,2024-09-25T14:19:48Z,,25.411200,58.959,membership,Payment by membership account and/or membership card,USCPIE13606061*1
ChargePoint Network,,,13026471,13026471,WCMES / CITYHALL2-R,22328331,247,3369005821,2024-09-12T13:38:52Z,2024-09-12T15:05:15Z,,61.857300,76.635,membership,Payment by membership account and/or membership card,USCPIE13026471*1
ChargePoint Network,,,13606061,13606061,I24 EXIT11 / STATION 4 (RR),22992511,247,3375093881,2024-09-14T23:47:41Z,2024-09-15T00:09:44Z,,22.422800,69.695,membership,Payment by membership account and/or membership card,USCPIE13606061*1
ChargePoint Network,,,5346231,5346231,CULLMANELECTRIC / STATION2-R,8926271,247,3401664801,2024-09-26T01:44:45Z,2024-09-26T01:58:16Z,,14.601700,0.0,membership,Payment by membership account and/or membership card,USCPIE5346231*1
ChargePoint Network,,,13423691,13423691,AEC / STATION #1 (L),22787121,247,3344040461,2024-09-01T20:53:51Z,2024-09-01T22:15:23Z,,51.236500,76.633,other,Any other payment method not specified above. Additional description should be provided in Payment Method Description.,USCPIE13423691*1
ChargePoint Network,,,12676411,12676411,NEMEPA / NEMEPA CUSTOMER,21923901,3,3379189181,2024-09-16T22:58:54Z,2024-09-17T00:29:35Z,,8.902272,5.9717,credit_card_terminal,Payment via credit card or debit card terminal,USCPIE12676411*2
ChargePoint Network,,,15260241,15260241,STEMC / STATION 1 (L) A,24784071,247,3370088121,2024-09-12T20:40:28Z,2024-09-12T20:55:38Z,,17.750900,72.716,membership,Payment by membership account and/or membership card,USCPIE15260241*1
ChargePoint Network,,,16249951,16249951,STARKVILLE UTIL / STATION 2 (R),25959201,247,3407775101,2024-09-28T17:02:44Z,2024-09-28T17:03:39Z,,0.000000,0.0,membership,Payment by membership account and/or membership card,USCPIE16249951*1
ChargePoint Network,,,15885251,15885251,TWICKENHAM SQ / HU - STATION 1,25520941,247,3351266921,2024-09-05T00:46:31Z,2024-09-05T00:48:41Z,,0.000000,0.0,membership,Payment by membership account and/or membership card,USCPIE15885251*1
ChargePoint Network,,,15885771,15885771,TWICKENHAM SQ / HU - STATION 4,25521581,247,3393145501,2024-09-22T19:35:13Z,2024-09-22T21:09:51Z,,62.947399,72.889,membership,Payment by membership account and/or membership card,USCPIE15885771*1
ChargePoint Network,,,16244751,16244751,TOMBIGBEE / STATION 1,25952971,247,3362257641,2024-09-09T21:14:14Z,2024-09-09T22:00:19Z,,47.630699,91.425,membership,Payment by membership account and/or membership card,USCPIE16244751*1
ChargePoint Network,,,15623211,15623211,CLW / 5TH ST 2 (R),,,3345335901,2024-09-02T17:35:15Z,2024-09-02T17:35:34Z,,0.000000,,membership,Payment by membership account and/or membership card,USCPIE15623211*0
ChargePoint Network,,,15836981,15836981,TOMBIGBEE / STATION 4,25462651,247,3383385391,2024-09-18T15:46:50Z,2024-09-18T16:10:42Z,,25.365200,73.678,membership,Payment by membership account and/or membership card,USCPIE15836981*1
ChargePoint Network,,,14047321,14047321,JEFFERSON AVE. / OXFORD STA2(R),23514081,247,3402133311,2024-09-26T08:11:10Z,2024-09-26T08:38:10Z,,31.409500,74.426,membership,Payment by membership account and/or membership card,USCPIE14047321*1
ChargePoint Network,,,14047321,14047321,JEFFERSON AVE. / OXFORD STA2(R),23514081,247,3392754081,2024-09-22T15:40:15Z,2024-09-22T16:10:59Z,,31.370899,71.904,membership,Payment by membership account and/or membership card,USCPIE14047321*1
ChargePoint Network,,,1844191,1844191,CLW / MAIN ST,23050431,3,3365581711,2024-09-11T02:02:44Z,2024-09-11T06:01:16Z,,18.965572,7.3454,membership,Payment by membership account and/or membership card,USCPIE1844191*1
ChargePoint Network,,,1988061,1988061,7SPC / SCES DOLLYWOOD,25499831,3,3355453841,2024-09-06T16:40:16Z,2024-09-06T22:44:15Z,,8.917193,3.7326,credit_card_terminal,Payment via credit card or debit card terminal,USCPIE1988061*1
ChargePoint Network,,,7505851,7505851,JEFFERSON AVE. / OXFORD STA1(L),12955471,247,3345283361,2024-09-02T17:00:26Z,2024-09-02T18:22:13Z,,77.575996,75.845,membership,Payment by membership account and/or membership card,USCPIE7505851*1
ChargePoint Network,,,1921531,1921531,STARKVILLE UTIL / STARKVILLE REC,2268551,3,3391218651,2024-09-21T18:07:48Z,2024-09-21T19:38:11Z,,11.061092,7.4428,membership,Payment by membership account and/or membership card,USCPIE1921531*1
ChargePoint Network,,,14047321,14047321,JEFFERSON AVE. / OXFORD STA2(R),,,3407623611,2024-09-28T15:33:49Z,2024-09-28T15:33:54Z,,0.000000,,membership,Payment by membership account and/or membership card,USCPIE14047321*0
ChargePoint Network,,,13606091,13606091,I24 EXIT11 / STATION 3 (RM),22992551,247,3387524691,2024-09-20T01:43:47Z,2024-09-20T02:20:18Z,,42.351002,74.25,membership,Payment by membership account and/or membership card,USCPIE13606091*1
ChargePoint Network,,,13423691,13423691,AEC / STATION #1 (L),22787121,247,3383844881,2024-09-18T18:56:00Z,2024-09-18T19:44:37Z,,76.684998,98.648,credit_card_terminal,Payment via credit card or debit card terminal,USCPIE13423691*1
ChargePoint Network,,,15640171,15640171,NECDC / STATION 2 (R),25228711,247,3368955791,2024-09-12T13:14:26Z,2024-09-12T14:05:09Z,,49.483799,71.874,membership,Payment by membership account and/or membership card,USCPIE15640171*1
ChargePoint Network,,,16055371,16055371,MES1 / STATION 1 (L),25723421,247,3409865961,2024-09-29T19:58:42Z,2024-09-29T20:47:43Z,,58.866100,83.331,credit_card_terminal,Payment via credit card or debit card terminal,USCPIE16055371*1
ChargePoint Network,,,15548181,15548181,DECATURDOWNTWN / STATION 2 (L),25119551,247,3358203131,2024-09-07T21:51:24Z,2024-09-07T22:49:39Z,,56.786800,90.116,membership,Payment by membership account and/or membership card,USCPIE15548181*1
ChargePoint Network,,,15885251,15885251,TWICKENHAM SQ / HU - STATION 1,25520941,247,3357823261,2024-09-07T18:24:56Z,2024-09-07T19:25:39Z,,69.658203,77.025,membership,Payment by membership account and/or membership card,USCPIE15885251*1
ChargePoint Network,,,9677521,9677521,UT PARKING / S7 STATION 1,17169331,3,3380691631,2024-09-17T15:39:41Z,2024-09-17T19:49:02Z,,25.831657,7.1111,membership,Payment by membership account and/or membership card,USCPIE9677521*1
ChargePoint Network,,,1964521,1964521,EBOFG / GUNTERSVILLE PD,8374211,3,3391108301,2024-09-21T17:06:56Z,2024-09-21T17:41:07Z,,4.087662,7.355,membership,Payment by membership account and/or membership card,USCPIE1964521*2
ChargePoint Network,,,16022131,16022131,ACEPA / ACE STATION 1,25683791,247,3380419351,2024-09-17T14:05:29Z,2024-09-17T14:50:16Z,,16.910601,64.344,membership,Payment by membership account and/or membership card,USCPIE16022131*1
ChargePoint Network,,,15332351,15332351,TUA NW ATLANTIC / STATION 2 (R),24867891,247,3393544341,2024-09-22T23:03:02Z,2024-09-22T23:47:27Z,,33.148602,54.161,credit_card_terminal,Payment via credit card or debit card terminal,USCPIE15332351*1
ChargePoint Network,,,13606061,13606061,I24 EXIT11 / STATION 4 (RR),22992511,100011,3374720311,2024-09-14T20:30:59Z,2024-09-14T21:44:19Z,,28.311300,29.92,membership,Payment by membership account and/or membership card,USCPIE13606061*1
ChargePoint Network,,,13606061,13606061,I24 EXIT11 / STATION 4 (RR),22992511,247,3348187251,2024-09-03T21:54:37Z,2024-09-03T22:08:57Z,,16.175800,69.737,credit_card_terminal,Payment via credit card or debit card terminal,USCPIE13606061*1
ChargePoint Network,,,13861891,13861891,BRMEMC / STATION 2,23296321,247,3399790141,2024-09-25T13:21:58Z,2024-09-25T13:23:16Z,,0.000000,0.0,membership,Payment by membership account and/or membership card,USCPIE13861891*1
ChargePoint Network,,,13651611,13651611,MLEC / STATION 1 (L) H,23045791,247,3393718341,2024-09-23T00:32:07Z,2024-09-23T00:52:37Z,,23.608900,71.904,credit_card_terminal,Payment via credit card or debit card terminal,USCPIE13651611*1
ChargePoint Network,,,13966031,13966031,BEA / STATION 4 (RR),23419961,247,3345484031,2024-09-02T19:11:45Z,2024-09-02T19:50:44Z,,70.812302,113.391,membership,Payment by membership account and/or membership card,USCPIE13966031*1
ChargePoint Network,,,5122191,5122191,CULLMANELECTRIC / STATION1-L,8482151,247,3374731611,2024-09-14T20:36:54Z,2024-09-14T20:51:13Z,,9.315200,87.429,membership,Payment by membership account and/or membership card,USCPIE5122191*1
ChargePoint Network,,,15885251,15885251,TWICKENHAM SQ / HU - STATION 1,25520941,247,3388821481,2024-09-20T16:18:09Z,2024-09-20T16:57:03Z,,21.750099,48.708,membership,Payment by membership account and/or membership card,USCPIE15885251*1
ChargePoint Network,,,15548151,15548151,DECATURDOWNTWN / STATION 1 (R),25119511,247,3344041711,2024-09-01T20:53:22Z,2024-09-01T20:55:06Z,,0.000000,0.0,credit_card_terminal,Payment via credit card or debit card terminal,USCPIE15548151*1
ChargePoint Network,,,12676411,12676411,NEMEPA / NEMEPA CUSTOMER,21923901,3,3389413561,2024-09-20T20:32:10Z,2024-09-21T09:31:07Z,,63.906082,6.0892,credit_card_terminal,Payment via credit card or debit card terminal,USCPIE12676411*2
ChargePoint Network,,,9677521,9677521,UT PARKING / S7 STATION 1,17169331,3,3345005721,2024-09-02T12:56:03Z,2024-09-02T12:56:39Z,,0.000000,,credit_card_terminal,Payment via credit card or debit card terminal,USCPIE9677521*1
ChargePoint Network,,,13664471,13664471,BTES / STATION 3 (RM),23060511,247,3389246201,2024-09-20T19:22:54Z,2024-09-20T19:49:49Z,,26.358900,64.288,credit_card_terminal,Payment via credit card or debit card terminal,USCPIE13664471*1
ChargePoint Network,,,14047321,14047321,JEFFERSON AVE. / OXFORD STA2(R),23514081,247,3375937021,2024-09-15T14:58:51Z,2024-09-15T15:00:30Z,,0.000000,0.0,credit_card_terminal,Payment via credit card or debit card terminal,USCPIE14047321*1
ChargePoint Network,,,5122191,5122191,CULLMANELECTRIC / STATION1-L,8482151,247,3343464871,2024-09-01T14:10:12Z,2024-09-01T14:10:28Z,,0.000000,0.0,membership,Payment by membership account and/or membership card,USCPIE5122191*1
ChargePoint Network,,,13290491,13290491,7SPC / NASA USSRC L,25742681,3,3378494081,2024-09-16T18:00:35Z,2024-09-16T18:39:09Z,,3.899557,6.1274,membership,Payment by membership account and/or membership card,USCPIE13290491*2
ChargePoint Network,,,8851921,8851921,7SPC / SEVIERVILLE DC1,15571271,207,3366534791,2024-09-11T14:54:23Z,2024-09-11T15:35:23Z,,28.499901,58.435,membership,Payment by membership account and/or membership card,USCPIE8851921*1
ChargePoint Network,,,14047321,14047321,JEFFERSON AVE. / OXFORD STA2(R),,,3345920011,2024-09-02T23:29:09Z,2024-09-02T23:29:59Z,,0.000000,,other,Any other payment method not specified above. Additional description should be provided in Payment Method Description.,USCPIE14047321*0
ChargePoint Network,,,15623231,15623231,CLW / 5TH ST 1 (L),25208301,247,3345060281,2024-09-02T14:02:42Z,2024-09-02T15:16:38Z,,78.726898,77.599,membership,Payment by membership account and/or membership card,USCPIE15623231*1
ChargePoint Network,,,1785631,1785631,HOLSTONELECTRIC / STATION 1,22462991,3,3385469271,2024-09-19T11:46:17Z,2024-09-19T12:52:10Z,,7.915930,7.2458,membership,Payment by membership account and/or membership card,USCPIE1785631*2
ChargePoint Network,,,13966851,13966851,BEA / STATION 1 (LL),23420911,247,3392322541,2024-09-22T04:34:28Z,2024-09-22T04:35:26Z,,0.000000,0.0,membership,Payment by membership account and/or membership card,USCPIE13966851*1
ChargePoint Network,,,15640171,15640171,NECDC / STATION 2 (R),25228711,247,3345696021,2024-09-02T21:19:15Z,2024-09-02T22:13:53Z,,56.503399,71.082,membership,Payment by membership account and/or membership card,USCPIE15640171*1
ChargePoint Network,,,15640171,15640171,NECDC / STATION 2 (R),25228711,100011,3391269991,2024-09-21T18:35:38Z,2024-09-21T19:02:59Z,,4.307700,42.479,membership,Payment by membership account and/or membership card,USCPIE15640171*1
ChargePoint Network,,,14047321,14047321,JEFFERSON AVE. / OXFORD STA2(R),23514081,247,3378514341,2024-09-16T18:10:35Z,2024-09-16T18:25:33Z,,15.529300,73.829,membership,Payment by membership account and/or membership card,USCPIE14047321*1
ChargePoint Network,,,5424051,5424051,EEDEV / ELIZ DOWNTOWN,9026991,3,3362630231,2024-09-09T23:44:30Z,2024-09-10T00:38:58Z,,6.118794,7.2276,membership,Payment by membership account and/or membership card,USCPIE5424051*1
ChargePoint Network,,,15548151,15548151,DECATURDOWNTWN / STATION 1 (R),25119511,247,3390863061,2024-09-21T14:33:57Z,2024-09-21T14:36:18Z,,0.000000,0.0,membership,Payment by membership account and/or membership card,USCPIE15548151*1
ChargePoint Network,,,14355251,14355251,HARTSELLE 1 / STATION 2 (R),23865691,247,3379408151,2024-09-17T00:29:39Z,2024-09-17T00:47:16Z,,18.910601,68.514,membership,Payment by membership account and/or membership card,USCPIE14355251*1
ChargePoint Network,,,13880891,13880891,MU / MUC MAIN OFFICE,23319021,3,3400723961,2024-09-25T11:52:47Z,2024-09-25T16:49:36Z,,5.491545,6.5403,membership,Payment by membership account and/or membership card,USCPIE13880891*2
ChargePoint Network,,,5625391,5625391,7SPC / VEC JAMESTOWN,9280961,3,3371571241,2024-09-13T12:57:20Z,2024-09-13T19:30:01Z,,48.763195,7.5623,membership,Payment by membership account and/or membership card,USCPIE5625391*1
ChargePoint Network,,,16093871,16093871,BCES / CSN-01577435,25770751,247,3357511971,2024-09-07T15:23:46Z,2024-09-07T15:44:28Z,,15.649500,55.771,membership,Payment by membership account and/or membership card,USCPIE16093871*1
ChargePoint Network,,,15836981,15836981,TOMBIGBEE / STATION 4,25462651,247,3383838321,2024-09-18T18:53:28Z,2024-09-18T19:24:06Z,,51.294601,119.339,membership,Payment by membership account and/or membership card,USCPIE15836981*1
ChargePoint Network,,,5565241,5565241,7SPC / SCES LECONTE 4,9205111,3,3347867321,2024-09-03T19:47:19Z,2024-09-03T21:03:42Z,,4.341156,3.7527,membership,Payment by membership account and/or membership card,USCPIE5565241*2
ChargePoint Network,,,15623231,15623231,CLW / 5TH ST 1 (L),25208301,247,3349566461,2024-09-04T13:33:29Z,2024-09-04T14:47:43Z,,65.982101,77.199,membership,Payment by membership account and/or membership card,USCPIE15623231*1
ChargePoint Network,,,9677521,9677521,UT PARKING / S7 STATION 1,17169331,3,3349748951,2024-09-04T14:50:16Z,2024-09-04T18:08:29Z,,20.180252,6.9307,membership,Payment by membership account and/or membership card,USCPIE9677521*1
ChargePoint Network,,,15885251,15885251,TWICKENHAM SQ / HU - STATION 1,25520941,247,3409806251,2024-09-29T19:25:12Z,2024-09-29T19:42:37Z,,13.474800,53.131,membership,Payment by membership account and/or membership card,USCPIE15885251*1
ChargePoint Network,,,13026471,13026471,WCMES / CITYHALL2-R,22328331,247,3345925581,2024-09-02T23:32:25Z,2024-09-02T23:47:33Z,,25.226601,113.239,credit_card_terminal,Payment via credit card or debit card terminal,USCPIE13026471*1
ChargePoint Network,,,15885151,15885151,TWICKENHAM SQ / HU - STATION 2,25520801,247,3389085801,2024-09-20T18:12:55Z,2024-09-20T18:57:40Z,,37.659000,74.684,membership,Payment by membership account and/or membership card,USCPIE15885151*1
ChargePoint Network,,,13606061,13606061,I24 EXIT11 / STATION 4 (RR),22992511,247,3365056231,2024-09-10T22:26:31Z,2024-09-10T22:40:14Z,,14.947400,70.644,membership,Payment by membership account and/or membership card,USCPIE13606061*1
ChargePoint Network,,,16022131,16022131,ACEPA / ACE STATION 1,,,3397805351,2024-09-24T17:31:27Z,2024-09-24T17:33:28Z,,0.000000,0.0,other,Any other payment method not specified above. Additional description should be provided in Payment Method Description.,USCPIE16022131*0
ChargePoint Network,,,15548181,15548181,DECATURDOWNTWN / STATION 2 (L),25119551,247,3369941631,2024-09-12T19:41:24Z,2024-09-12T21:13:56Z,,105.907501,92.4,membership,Payment by membership account and/or membership card,USCPIE15548181*1
ChargePoint Network,,,5565241,5565241,7SPC / SCES LECONTE 4,9205111,3,3365340991,2024-09-11T00:15:44Z,2024-09-11T01:10:43Z,,3.211141,3.7468,membership,Payment by membership account and/or membership card,USCPIE5565241*2
ChargePoint Network,,,13026471,13026471,WCMES / CITYHALL2-R,22328331,247,3348346621,2024-09-03T22:55:26Z,2024-09-03T23:22:52Z,,10.689700,47.243,membership,Payment by membership account and/or membership card,USCPIE13026471*1
ChargePoint Network,,,15885771,15885771,TWICKENHAM SQ / HU - STATION 4,25521581,247,3343635571,2024-09-01T16:33:32Z,2024-09-01T17:14:43Z,,33.836498,117.962,membership,Payment by membership account and/or membership card,USCPIE15885771*1
ChargePoint Network,,,13606091,13606091,I24 EXIT11 / STATION 3 (RM),22992551,247,3383086311,2024-09-18T14:06:37Z,2024-09-18T14:28:13Z,,24.910999,69.737,membership,Payment by membership account and/or membership card,USCPIE13606091*1
ChargePoint Network,,,13803581,13803581,FPU / STATION 1 (L),23227201,247,3357466601,2024-09-07T14:53:56Z,2024-09-07T15:21:49Z,,29.493500,76.635,membership,Payment by membership account and/or membership card,USCPIE13803581*1
ChargePoint Network,,,5397731,5397731,EEDEV / MILLIGAN UNIV,9010261,3,3345171541,2024-09-02T15:42:52Z,2024-09-02T21:06:11Z,,35.760807,7.2213,membership,Payment by membership account and/or membership card,USCPIE5397731*2
ChargePoint Network,,,15885251,15885251,TWICKENHAM SQ / HU - STATION 1,25520941,247,3346665701,2024-09-03T11:33:30Z,2024-09-03T12:10:19Z,,43.378799,73.061,membership,Payment by membership account and/or membership card,USCPIE15885251*1
ChargePoint Network,,,14097711,14097711,SCOTTSBORO EPB / SEPB DCFC (R),23570811,247,3345079861,2024-09-02T14:22:55Z,2024-09-02T15:01:18Z,,50.916698,116.738,membership,Payment by membership account and/or membership card,USCPIE14097711*1
ChargePoint Network,,,13803581,13803581,FPU / STATION 1 (L),23227201,247,3358065741,2024-09-07T20:37:26Z,2024-09-07T20:48:33Z,,11.593300,68.208,membership,Payment by membership account and/or membership card,USCPIE13803581*1
ChargePoint Network,,,14047321,14047321,JEFFERSON AVE. / OXFORD STA2(R),23514081,247,3378509671,2024-09-16T18:08:10Z,2024-09-16T18:10:22Z,,0.000000,0.0,membership,Payment by membership account and/or membership card,USCPIE14047321*1
ChargePoint Network,,,13659831,13659831,LAWRENCEBURG / STATION 1 (L),23054881,247,3381628291,2024-09-17T21:59:41Z,2024-09-17T22:19:50Z,,14.885800,74.466,membership,Payment by membership account and/or membership card,USCPIE13659831*1
ChargePoint Network,,,1921351,1921351,STARKVILLE UTIL / STARKVILLE DWTN,23682581,3,3344990681,2024-09-02T12:37:42Z,2024-09-02T14:03:24Z,,7.961114,7.3126,membership,Payment by membership account and/or membership card,USCPIE1921351*2
ChargePoint Network,,,7505851,7505851,JEFFERSON AVE. / OXFORD STA1(L),12955471,247,3391402351,2024-09-21T19:46:59Z,2024-09-21T19:57:59Z,,0.000000,0.0,credit_card_terminal,Payment via credit card or debit card terminal,USCPIE7505851*1
ChargePoint Network,,,5346231,5346231,CULLMANELECTRIC / STATION2-R,8926271,247,3396054591,2024-09-23T23:33:59Z,2024-09-24T00:00:23Z,,27.783899,77.223,membership,Payment by membership account and/or membership card,USCPIE5346231*1
ChargePoint Network,,,15548151,15548151,DECATURDOWNTWN / STATION 1 (R),25119511,247,3390859251,2024-09-21T14:31:22Z,2024-09-21T14:32:34Z,,0.000000,0.0,membership,Payment by membership account and/or membership card,USCPIE15548151*1
ChargePoint Network,,,16249951,16249951,STARKVILLE UTIL / STATION 2 (R),25959201,247,3391580571,2024-09-21T21:24:16Z,2024-09-21T21:45:32Z,,23.792601,72.54,membership,Payment by membership account and/or membership card,USCPIE16249951*1
ChargePoint Network,,,13164881,13164881,BTES / STATION 2 (LM),22491051,247,3386932261,2024-09-19T21:34:14Z,2024-09-19T23:09:56Z,,50.851799,53.937,membership,Payment by membership account and/or membership card,USCPIE13164881*1
ChargePoint Network,,,5346231,5346231,CULLMANELECTRIC / STATION2-R,8926271,247,3378457471,2024-09-16T17:42:31Z,2024-09-16T17:55:38Z,,14.073400,70.8,membership,Payment by membership account and/or membership card,USCPIE5346231*1
ChargePoint Network,,,5346231,5346231,CULLMANELECTRIC / STATION2-R,8926271,247,3349626161,2024-09-04T14:00:43Z,2024-09-04T14:24:27Z,,27.750099,73.283,membership,Payment by membership account and/or membership card,USCPIE5346231*1
ChargePoint Network,,,15623231,15623231,CLW / 5TH ST 1 (L),25208301,247,3374754101,2024-09-14T20:49:13Z,2024-09-14T21:41:37Z,,56.738201,76.241,membership,Payment by membership account and/or membership card,USCPIE15623231*1
ChargePoint Network,,,12754021,12754021,WCMES / CITYHALL1-L,22015241,247,3344303651,2024-09-01T23:30:48Z,2024-09-02T00:04:46Z,,29.346300,69.344,membership,Payment by membership account and/or membership card,USCPIE12754021*1
ChargePoint Network,,,15684341,15684341,MLEC / STATION 2 (R) W,25280201,247,3375908261,2024-09-15T14:33:07Z,2024-09-15T15:32:52Z,,59.446800,64.875,membership,Payment by membership account and/or membership card,USCPIE15684341*1
ChargePoint Network,,,13966051,13966051,BEA / STATION 3 (RM),23419981,247,3390043511,2024-09-21T01:07:17Z,2024-09-21T01:09:16Z,,0.155500,0.0,membership,Payment by membership account and/or membership card,USCPIE13966051*1
ChargePoint Network,,,15623231,15623231,CLW / 5TH ST 1 (L),25208301,247,3358179261,2024-09-07T21:38:21Z,2024-09-07T22:16:26Z,,45.383701,77.599,membership,Payment by membership account and/or membership card,USCPIE15623231*1
ChargePoint Network,,,15885771,15885771,TWICKENHAM SQ / HU - STATION 4,25521581,247,3398570411,2024-09-24T22:48:38Z,2024-09-24T23:35:18Z,,49.622700,67.767,membership,Payment by membership account and/or membership card,USCPIE15885771*1
ChargePoint Network,,,15836871,15836871,TOMBIGBEE / STATION 3,25462501,247,3361573841,2024-09-09T16:16:48Z,2024-09-09T17:10:12Z,,60.764702,72.127,membership,Payment by membership account and/or membership card,USCPIE15836871*1
ChargePoint Network,,,15885151,15885151,TWICKENHAM SQ / HU - STATION 2,25520801,247,3406719311,2024-09-28T01:06:50Z,2024-09-28T01:40:36Z,,39.578800,72.127,credit_card_terminal,Payment via credit card or debit card terminal,USCPIE15885151*1
ChargePoint Network,,,13606091,13606091,I24 EXIT11 / STATION 3 (RM),22992551,247,3368370391,2024-09-12T03:14:44Z,2024-09-12T04:33:15Z,,48.290600,88.505,membership,Payment by membership account and/or membership card,USCPIE13606091*1
ChargePoint Network,,,15640031,15640031,NECDC / STATION 1 (L),25228511,247,3345073671,2024-09-02T14:17:31Z,2024-09-02T14:53:07Z,,39.581799,75.239,membership,Payment by membership account and/or membership card,USCPIE15640031*1
ChargePoint Network,,,5346231,5346231,CULLMANELECTRIC / STATION2-R,8926271,100011,3392874781,2024-09-22T16:59:52Z,2024-09-22T17:29:30Z,,20.832500,52.439,membership,Payment by membership account and/or membership card,USCPIE5346231*1
ChargePoint Network,,,15885151,15885151,TWICKENHAM SQ / HU - STATION 2,25520801,100011,3357574851,2024-09-07T16:03:06Z,2024-09-07T16:22:21Z,,12.387500,46.74,membership,Payment by membership account and/or membership card,USCPIE15885151*1
ChargePoint Network,,,5346231,5346231,CULLMANELECTRIC / STATION2-R,8926271,247,3384195361,2024-09-18T21:17:48Z,2024-09-18T21:27:12Z,,10.601400,0.0,membership,Payment by membership account and/or membership card,USCPIE5346231*1
ChargePoint Network,,,15885771,15885771,TWICKENHAM SQ / HU - STATION 4,25521581,247,3376821211,2024-09-15T23:28:11Z,2024-09-16T00:16:12Z,,71.040901,96.389,membership,Payment by membership account and/or membership card,USCPIE15885771*1
ChargePoint Network,,,13643831,13643831,PEPA / STATION 1,23036511,247,3359686051,2024-09-08T19:30:08Z,2024-09-08T19:39:27Z,,8.589900,0.0,credit_card_terminal,Payment via credit card or debit card terminal,USCPIE13643831*1
ChargePoint Network,,,15885251,15885251,TWICKENHAM SQ / HU - STATION 1,25520941,247,3349724001,2024-09-04T14:40:46Z,2024-09-04T20:56:16Z,,17.664499,122.094,membership,Payment by membership account and/or membership card,USCPIE15885251*1
ChargePoint Network,,,13659831,13659831,LAWRENCEBURG / STATION 1 (L),23054881,247,3409913251,2024-09-29T20:24:45Z,2024-09-29T20:44:17Z,,26.082100,84.347,membership,Payment by membership account and/or membership card,USCPIE13659831*1
ChargePoint Network,,,13290491,13290491,7SPC / NASA USSRC L,25742681,3,3359460551,2024-09-08T17:17:33Z,2024-09-08T17:30:01Z,,0.682361,3.4278,credit_card_terminal,Payment via credit card or debit card terminal,USCPIE13290491*2
ChargePoint Network,,,15885251,15885251,TWICKENHAM SQ / HU - STATION 1,25520941,247,3359564191,2024-09-08T18:20:41Z,2024-09-08T18:37:40Z,,22.865000,84.762,membership,Payment by membership account and/or membership card,USCPIE15885251*1
ChargePoint Network,,,14047321,14047321,JEFFERSON AVE. / OXFORD STA2(R),23514081,247,3406111701,2024-09-27T20:37:39Z,2024-09-27T20:38:17Z,,0.000000,0.0,membership,Payment by membership account and/or membership card,USCPIE14047321*1
ChargePoint Network,,,1932851,1932851,BRIGHTRIDGE EV / BR-JC LIBRARY,23319811,3,3387062811,2024-09-19T22:25:02Z,2024-09-20T01:24:59Z,,22.237331,7.5359,membership,Payment by membership account and/or membership card,USCPIE1932851*1
ChargePoint Network,,,7505851,7505851,JEFFERSON AVE. / OXFORD STA1(L),12955471,247,3347994181,2024-09-03T20:37:19Z,2024-09-03T20:56:06Z,,25.420700,87.73,membership,Payment by membership account and/or membership card,USCPIE7505851*1
ChargePoint Network,,,5346231,5346231,CULLMANELECTRIC / STATION2-R,8926271,247,3406804021,2024-09-28T01:50:40Z,2024-09-28T02:20:00Z,,41.932301,92.092,credit_card_terminal,Payment via credit card or debit card terminal,USCPIE5346231*1
ChargePoint Network,,,15250771,15250771,SES-TN / STATION 1,24772691,247,3349228261,2024-09-04T09:21:05Z,2024-09-04T10:14:15Z,,46.588200,75.056,membership,Payment by membership account and/or membership card,USCPIE15250771*1
ChargePoint Network,,,13290491,13290491,7SPC / NASA USSRC L,25742671,3,3384419571,2024-09-18T22:46:16Z,2024-09-18T22:46:46Z,,0.000000,,credit_card_terminal,Payment via credit card or debit card terminal,USCPIE13290491*1
ChargePoint Network,,,14049761,14049761,PARIS BPU / STATION 2(R),23516951,247,3408220641,2024-09-28T21:04:21Z,2024-09-28T21:07:34Z,,1.873100,0.0,credit_card_terminal,Payment via credit card or debit card terminal,USCPIE14049761*1
ChargePoint Network,,,14047321,14047321,JEFFERSON AVE. / OXFORD STA2(R),23514081,247,3368663691,2024-09-12T09:25:21Z,2024-09-12T09:47:21Z,,21.578501,73.853,membership,Payment by membership account and/or membership card,USCPIE14047321*1
ChargePoint Network,,,5354011,5354011,7SPC / GREENEVILLE TA,8936791,207,3395128531,2024-09-23T16:58:18Z,2024-09-23T17:40:58Z,,30.676201,54.611,membership,Payment by membership account and/or membership card,USCPIE5354011*1
ChargePoint Network,,,13861861,13861861,BRMEMC / STATION 1,23296281,247,3395805741,2024-09-23T21:54:48Z,2024-09-23T22:32:42Z,,43.142601,72.345,membership,Payment by membership account and/or membership card,USCPIE13861861*1
ChargePoint Network,,,15260241,15260241,STEMC / STATION 1 (L) A,24784071,247,3367655461,2024-09-11T22:13:46Z,2024-09-11T23:00:38Z,,54.317600,75.056,membership,Payment by membership account and/or membership card,USCPIE15260241*1
ChargePoint Network,,,9677521,9677521,UT PARKING / S7 STATION 1,17169341,3,3377514191,2024-09-16T10:55:12Z,2024-09-16T12:38:29Z,,12.366201,7.2832,credit_card_terminal,Payment via credit card or debit card terminal,USCPIE9677521*2
ChargePoint Network,,,15836871,15836871,TOMBIGBEE / STATION 3,25462501,247,3392514531,2024-09-22T10:05:28Z,2024-09-22T10:43:22Z,,50.097301,82.319,membership,Payment by membership account and/or membership card,USCPIE15836871*1
ChargePoint Network,,,5122191,5122191,CULLMANELECTRIC / STATION1-L,8482151,247,3382246131,2024-09-18T02:15:23Z,2024-09-18T02:29:11Z,,15.325700,0.0,membership,Payment by membership account and/or membership card,USCPIE5122191*1
ChargePoint Network,,,15332351,15332351,TUA NW ATLANTIC / STATION 2 (R),24867891,247,3357361101,2024-09-07T13:31:01Z,2024-09-07T14:37:35Z,,38.295399,61.291,membership,Payment by membership account and/or membership card,USCPIE15332351*1
ChargePoint Network,,,5346231,5346231,CULLMANELECTRIC / STATION2-R,8926271,247,3402760141,2024-09-26T15:20:21Z,2024-09-26T15:40:22Z,,21.264200,71.153,membership,Payment by membership account and/or membership card,USCPIE5346231*1
ChargePoint Network,,,15885771,15885771,TWICKENHAM SQ / HU - STATION 4,25521581,247,3346727341,2024-09-03T12:09:35Z,2024-09-03T12:35:02Z,,32.232899,81.361,membership,Payment by membership account and/or membership card,USCPIE15885771*1
ChargePoint Network,,,15548151,15548151,DECATURDOWNTWN / STATION 1 (R),25119511,247,3350568911,2024-09-04T20:08:12Z,2024-09-04T21:15:17Z,,66.901497,66.4,membership,Payment by membership account and/or membership card,USCPIE15548151*1
ChargePoint Network,,,13861861,13861861,BRMEMC / STATION 1,23296281,247,3367433101,2024-09-11T20:43:25Z,2024-09-11T21:05:23Z,,24.812300,71.175,membership,Payment by membership account and/or membership card,USCPIE13861861*1
ChargePoint Network,,,15684341,15684341,MLEC / STATION 2 (R) W,25280201,247,3350590291,2024-09-04T20:16:36Z,2024-09-04T20:24:32Z,,13.536200,0.0,membership,Payment by membership account and/or membership card,USCPIE15684341*1
ChargePoint Network,,,15885251,15885251,TWICKENHAM SQ / HU - STATION 1,25520941,247,3366220341,2024-09-11T12:37:53Z,2024-09-11T13:00:19Z,,31.645599,90.269,membership,Payment by membership account and/or membership card,USCPIE15885251*1
ChargePoint Network,,,15836981,15836981,TOMBIGBEE / STATION 4,25462651,247,3395387591,2024-09-23T19:00:48Z,2024-09-23T19:26:02Z,,34.739899,122.4,credit_card_terminal,Payment via credit card or debit card terminal,USCPIE15836981*1
ChargePoint Network,,,13803581,13803581,FPU / STATION 1 (L),23227201,247,3386240891,2024-09-19T16:45:30Z,2024-09-19T16:45:56Z,,0.000000,0.0,membership,Payment by membership account and/or membership card,USCPIE13803581*1
ChargePoint Network,,,15280441,15280441,SPRFLD ELECTRIC / STATION 2 (R),24807641,247,3352788571,2024-09-05T16:39:33Z,2024-09-05T16:40:36Z,,0.000000,0.0,membership,Payment by membership account and/or membership card,USCPIE15280441*1
ChargePoint Network,,,15885251,15885251,TWICKENHAM SQ / HU - STATION 1,25520941,247,3360428251,2024-09-09T02:05:19Z,2024-09-09T02:56:53Z,,38.139099,73.891,membership,Payment by membership account and/or membership card,USCPIE15885251*1
ChargePoint Network,,,15885771,15885771,TWICKENHAM SQ / HU - STATION 4,25521581,247,3370022331,2024-09-12T20:12:59Z,2024-09-12T20:45:44Z,,36.219002,74.86,membership,Payment by membership account and/or membership card,USCPIE15885771*1
ChargePoint Network,,,15694171,15694171,BRIGHTRIDGE EV / STATION 1 (L),25292041,247,3373151091,2024-09-14T00:06:04Z,2024-09-14T00:21:05Z,,12.139400,53.279,membership,Payment by membership account and/or membership card,USCPIE15694171*1
ChargePoint Network,,,1964521,1964521,EBOFG / GUNTERSVILLE PD,8374201,3,3409491211,2024-09-29T16:21:42Z,2024-09-29T16:26:21Z,,0.522479,7.3363,credit_card_terminal,Payment via credit card or debit card terminal,USCPIE1964521*1
ChargePoint Network,,,1964521,1964521,EBOFG / GUNTERSVILLE PD,8374211,3,3372891861,2024-09-13T22:11:18Z,2024-09-13T23:08:24Z,,3.632523,3.855,membership,Payment by membership account and/or membership card,USCPIE1964521*2
ChargePoint Network,,,15885791,15885791,TWICKENHAM SQ / HU - STATION 3,25521611,247,3344091381,2024-09-01T21:25:47Z,2024-09-01T23:11:49Z,,22.879000,60.604,membership,Payment by membership account and/or membership card,USCPIE15885791*1
ChargePoint Network,,,15836871,15836871,TOMBIGBEE / STATION 3,25462501,247,3372814631,2024-09-13T21:38:13Z,2024-09-13T21:56:45Z,,23.296700,84.419,membership,Payment by membership account and/or membership card,USCPIE15836871*1
ChargePoint Network,,,13803581,13803581,FPU / STATION 1 (L),23227201,247,3403252611,2024-09-26T18:27:56Z,2024-09-26T19:12:05Z,,31.136000,76.83,membership,Payment by membership account and/or membership card,USCPIE13803581*1
ChargePoint Network,,,13664401,13664401,BTES / STATION 1 (LL),23060421,247,3393164781,2024-09-22T19:46:48Z,2024-09-22T20:05:10Z,,19.004999,69.344,membership,Payment by membership account and/or membership card,USCPIE13664401*1
ChargePoint Network,,,14047321,14047321,JEFFERSON AVE. / OXFORD STA2(R),23514081,247,3356438651,2024-09-06T23:44:23Z,2024-09-07T01:56:11Z,,61.542801,77.42,credit_card_terminal,Payment via credit card or debit card terminal,USCPIE14047321*1
ChargePoint Network,,,15815141,15815141,GEA-1 / STATION 1 (L),25435121,247,3350002841,2024-09-04T16:06:40Z,2024-09-04T16:51:57Z,,0.000000,0.0,credit_card_terminal,Payment via credit card or debit card terminal,USCPIE15815141*1
ChargePoint Network,,,5122191,5122191,CULLMANELECTRIC / STATION1-L,8482151,247,3386227781,2024-09-19T16:40:29Z,2024-09-19T16:52:04Z,,20.577200,112.419,membership,Payment by membership account and/or membership card,USCPIE5122191*1
ChargePoint Network,,,13861891,13861891,BRMEMC / STATION 2,23296321,247,3372344501,2024-09-13T18:20:17Z,2024-09-13T19:03:07Z,,27.855301,75.459,membership,Payment by membership account and/or membership card,USCPIE13861891*1
ChargePoint Network,,,8851921,8851921,7SPC / SEVIERVILLE DC1,15571271,207,3366966751,2024-09-11T17:20:45Z,2024-09-11T17:48:16Z,,24.027800,54.824,membership,Payment by membership account and/or membership card,USCPIE8851921*1
ChargePoint Network,,,16311861,16311861,KIMBALL EV CHG / STATION 2 (R),26032351,247,3406672401,2024-09-28T00:47:37Z,2024-09-28T01:05:27Z,,20.670300,81.377,membership,Payment by membership account and/or membership card,USCPIE16311861*1
ChargePoint Network,,,15260251,15260251,STEMC / STATION 2 (R) A,,,3373544511,2024-09-14T03:08:29Z,2024-09-14T03:09:55Z,,0.000000,,credit_card_terminal,Payment via credit card or debit card terminal,USCPIE15260251*0
ChargePoint Network,,,16093871,16093871,BCES / CSN-01577435,25770751,100011,3365175051,2024-09-10T23:11:02Z,2024-09-10T23:25:38Z,,3.200400,33.625,credit_card_terminal,Payment via credit card or debit card terminal,USCPIE16093871*1
ChargePoint Network,,,13861861,13861861,BRMEMC / STATION 1,23296281,247,3366177621,2024-09-11T12:16:20Z,2024-09-11T12:50:38Z,,31.371599,81.732,membership,Payment by membership account and/or membership card,USCPIE13861861*1
ChargePoint Network,,,15885251,15885251,TWICKENHAM SQ / HU - STATION 1,25520941,247,3377959171,2024-09-16T14:41:57Z,2024-09-16T14:55:07Z,,14.370900,67.0,membership,Payment by membership account and/or membership card,USCPIE15885251*1
ChargePoint Network,,,15694081,15694081,BRIGHTRIDGE EV / STATION 2 (R),25291921,247,3372249061,2024-09-13T17:36:04Z,2024-09-13T18:07:28Z,,12.985800,49.919,membership,Payment by membership account and/or membership card,USCPIE15694081*1
ChargePoint Network,,,13643801,13643801,PEPA / STATION 2,23036481,247,3382796221,2024-09-18T11:50:59Z,2024-09-18T12:14:12Z,,12.634100,33.553,membership,Payment by membership account and/or membership card,USCPIE13643801*1
ChargePoint Network,,,15694171,15694171,BRIGHTRIDGE EV / STATION 1 (L),25292041,247,3343432041,2024-09-01T13:33:38Z,2024-09-01T13:56:05Z,,38.761002,117.347,membership,Payment by membership account and/or membership card,USCPIE15694171*1
ChargePoint Network,,,8851921,8851921,7SPC / SEVIERVILLE DC1,15571271,207,3374225081,2024-09-14T15:56:55Z,2024-09-14T17:10:47Z,,74.827698,61.776,membership,Payment by membership account and/or membership card,USCPIE8851921*1
ChargePoint Network,,,12989161,12989161,BTES / CITY HALL,22285821,3,3360174871,2024-09-08T23:50:31Z,2024-09-09T02:53:30Z,,22.023611,7.3082,membership,Payment by membership account and/or membership card,USCPIE12989161*2
ChargePoint Network,,,14047321,14047321,JEFFERSON AVE. / OXFORD STA2(R),23514081,100011,3408794221,2024-09-29T02:20:07Z,2024-09-29T02:27:29Z,,2.850500,0.0,membership,Payment by membership account and/or membership card,USCPIE14047321*1
ChargePoint Network,,,15836981,15836981,TOMBIGBEE / STATION 4,25462651,247,3345307371,2024-09-02T17:15:46Z,2024-09-02T17:50:22Z,,24.676300,51.391,membership,Payment by membership account and/or membership card,USCPIE15836981*1
ChargePoint Network,,,8851921,8851921,7SPC / SEVIERVILLE DC1,15571271,207,3345488651,2024-09-02T19:14:13Z,2024-09-02T19:16:00Z,,0.000000,0.0,membership,Payment by membership account and/or membership card,USCPIE8851921*1
ChargePoint Network,,,13606091,13606091,I24 EXIT11 / STATION 3 (RM),22992551,247,3387429041,2024-09-20T00:59:57Z,2024-09-20T01:28:35Z,,25.005899,0.0,membership,Payment by membership account and/or membership card,USCPIE13606091*1
ChargePoint Network,,,13606121,13606121,I24 EXIT11 / STATION 2 (LM),22992591,247,3374388181,2024-09-14T17:29:48Z,2024-09-14T18:44:20Z,,49.506100,54.316,membership,Payment by membership account and/or membership card,USCPIE13606121*1
ChargePoint Network,,,15684341,15684341,MLEC / STATION 2 (R) W,25280201,247,3405527041,2024-09-27T16:19:31Z,2024-09-27T17:25:35Z,,65.395500,63.504,membership,Payment by membership account and/or membership card,USCPIE15684341*1
ChargePoint Network,,,15623211,15623211,CLW / 5TH ST 2 (R),25208281,247,3391431031,2024-09-21T20:03:06Z,2024-09-21T20:05:01Z,,0.000000,0.0,membership,Payment by membership account and/or membership card,USCPIE15623211*1
ChargePoint Network,,,12754021,12754021,WCMES / CITYHALL1-L,22015241,247,3399447441,2024-09-25T07:34:13Z,2024-09-25T07:41:58Z,,0.000000,0.0,membership,Payment by membership account and/or membership card,USCPIE12754021*1
ChargePoint Network,,,8851921,8851921,7SPC / SEVIERVILLE DC1,15571271,207,3345791321,2024-09-02T22:14:42Z,2024-09-02T22:48:06Z,,29.942101,57.069,membership,Payment by membership account and/or membership card,USCPIE8851921*1
ChargePoint Network,,,12720881,12720881,WRECC / STATION 1,21977141,247,3403349291,2024-09-26T19:10:10Z,2024-09-26T19:34:35Z,,25.929300,69.541,membership,Payment by membership account and/or membership card,USCPIE12720881*1
ChargePoint Network,,,14337221,14337221,HOLSTONELECTRIC / CHURCH HILL-1,,,3376515961,2024-09-15T20:50:39Z,2024-09-15T20:52:40Z,,0.000000,,membership,Payment by membership account and/or membership card,USCPIE14337221*0
ChargePoint Network,,,13290491,13290491,7SPC / NASA USSRC L,25742671,3,3409719931,2024-09-29T18:38:02Z,2024-09-29T21:40:11Z,,14.982241,6.2354,membership,Payment by membership account and/or membership card,USCPIE13290491*1
ChargePoint Network,,,12989161,12989161,BTES / CITY HALL,22285821,3,3388196381,2024-09-20T11:56:15Z,2024-09-20T16:13:44Z,,30.094612,7.1676,membership,Payment by membership account and/or membership card,USCPIE12989161*2
ChargePoint Network,,,9677521,9677521,UT PARKING / S7 STATION 1,17169331,3,3383171031,2024-09-18T14:39:36Z,2024-09-18T19:53:28Z,,35.653347,7.023,membership,Payment by membership account and/or membership card,USCPIE9677521*1
ChargePoint Network,,,15885771,15885771,TWICKENHAM SQ / HU - STATION 4,25521581,247,3390072141,2024-09-21T01:21:46Z,2024-09-21T01:31:48Z,,0.000000,0.0,credit_card_terminal,Payment via credit card or debit card terminal,USCPIE15885771*1
ChargePoint Network,,,1964521,1964521,EBOFG / GUNTERSVILLE PD,8374211,3,3393618901,2024-09-22T23:41:45Z,2024-09-23T00:54:43Z,,2.976541,3.6904,credit_card_terminal,Payment via credit card or debit card terminal,USCPIE1964521*2
ChargePoint Network,,,1932851,1932851,BRIGHTRIDGE EV / BR-JC LIBRARY,23319821,3,3406094971,2024-09-27T20:30:28Z,2024-09-27T22:42:41Z,,8.134695,3.7429,credit_card_terminal,Payment via credit card or debit card terminal,USCPIE1932851*2
ChargePoint Network,,,15738401,15738401,MES1 / STATION 2 (R),25344251,100011,3408352761,2024-09-28T22:15:04Z,2024-09-28T22:26:11Z,,8.804200,0.0,membership,Payment by membership account and/or membership card,USCPIE15738401*1
ChargePoint Network,,,16372061,16372061,DOWNTOWN MURPHY / MPB STATION 1,26102581,247,3398266121,2024-09-24T20:49:38Z,2024-09-24T21:11:57Z,,12.405900,57.903,membership,Payment by membership account and/or membership card,USCPIE16372061*1
ChargePoint Network,,,15623211,15623211,CLW / 5TH ST 2 (R),25208281,247,3391355951,2024-09-21T19:23:04Z,2024-09-21T19:42:02Z,,33.047901,114.597,membership,Payment by membership account and/or membership card,USCPIE15623211*1
ChargePoint Network,,,13606091,13606091,I24 EXIT11 / STATION 3 (RM),22992551,247,3389976151,2024-09-21T00:40:02Z,2024-09-21T01:05:22Z,,20.877800,62.271,membership,Payment by membership account and/or membership card,USCPIE13606091*1
ChargePoint Network,,,15728901,15728901,AEC / AEC04,25332891,3,3376058551,2024-09-15T16:24:30Z,2024-09-15T16:37:24Z,,1.534203,7.4394,credit_card_terminal,Payment via credit card or debit card terminal,USCPIE15728901*2
ChargePoint Network,,,13659871,13659871,LAWRENCEBURG / STATION 2 (R),23054921,247,3374899691,2024-09-14T22:07:25Z,2024-09-14T22:43:56Z,,34.305698,81.754,membership,Payment by membership account and/or membership card,USCPIE13659871*1
ChargePoint Network,,,5122191,5122191,CULLMANELECTRIC / STATION1-L,8482151,247,3349263491,2024-09-04T10:39:59Z,2024-09-04T10:46:54Z,,5.005400,48.584,membership,Payment by membership account and/or membership card,USCPIE5122191*1
ChargePoint Network,,,13606141,13606141,I24 EXIT11 / STATION 1 (LL),22992611,247,3389800691,2024-09-20T23:18:31Z,2024-09-20T23:51:41Z,,36.329498,70.29,membership,Payment by membership account and/or membership card,USCPIE13606141*1
ChargePoint Network,,,15885771,15885771,TWICKENHAM SQ / HU - STATION 4,25521581,247,3407841051,2024-09-28T17:39:57Z,2024-09-28T18:35:19Z,,66.082001,76.031,membership,Payment by membership account and/or membership card,USCPIE15885771*1
ChargePoint Network,,,5354011,5354011,7SPC / GREENEVILLE TA,8936791,207,3365998421,2024-09-11T08:35:23Z,2024-09-11T09:58:08Z,,62.067299,61.291,membership,Payment by membership account and/or membership card,USCPIE5354011*1
ChargePoint Network,,,15623211,15623211,CLW / 5TH ST 2 (R),25208281,247,3345481841,2024-09-02T19:09:53Z,2024-09-02T20:20:45Z,,31.120600,65.567,credit_card_terminal,Payment via credit card or debit card terminal,USCPIE15623211*1
ChargePoint Network,,,15623211,15623211,CLW / 5TH ST 2 (R),25208281,247,3378902131,2024-09-16T21:00:05Z,2024-09-16T22:30:20Z,,53.611401,76.241,membership,Payment by membership account and/or membership card,USCPIE15623211*1
ChargePoint Network,,,13664401,13664401,BTES / STATION 1 (LL),23060421,247,3403821861,2024-09-26T22:22:09Z,2024-09-26T22:37:13Z,,27.166300,114.544,membership,Payment by membership account and/or membership card,USCPIE13664401*1
ChargePoint Network,,,9777021,9777021,CRMC / CRMC-2- L2RIGHT,17361741,3,3345302491,2024-09-02T17:12:23Z,2024-09-02T21:59:05Z,,33.216732,7.0918,membership,Payment by membership account and/or membership card,USCPIE9777021*1
ChargePoint Network,,,12406491,12406491,FPIA / LEFT STATION,21527781,247,3381530991,2024-09-17T21:21:55Z,2024-09-17T21:22:32Z,,0.000000,0.0,credit_card_terminal,Payment via credit card or debit card terminal,USCPIE12406491*1
ChargePoint Network,,,14047321,14047321,JEFFERSON AVE. / OXFORD STA2(R),23514081,100011,3381345701,2024-09-17T20:05:50Z,2024-09-17T20:28:58Z,,4.601400,39.303,membership,Payment by membership account and/or membership card,USCPIE14047321*1
ChargePoint Network,,,1921351,1921351,STARKVILLE UTIL / STARKVILLE DWTN,23682581,3,3379231021,2024-09-16T23:15:11Z,2024-09-17T00:14:06Z,,7.178107,7.4702,membership,Payment by membership account and/or membership card,USCPIE1921351*2
ChargePoint Network,,,9677521,9677521,UT PARKING / S7 STATION 1,17169341,3,3343673081,2024-09-01T16:59:20Z,2024-09-01T18:44:11Z,,11.937723,7.1638,other,Any other payment method not specified above. Additional description should be provided in Payment Method Description.,USCPIE9677521*2
ChargePoint Network,,,12720881,12720881,WRECC / STATION 1,21977141,247,3391592031,2024-09-21T21:30:12Z,2024-09-21T21:33:02Z,,0.000000,0.0,other,Any other payment method not specified above. Additional description should be provided in Payment Method Description.,USCPIE12720881*1
ChargePoint Network,,,14097711,14097711,SCOTTSBORO EPB / SEPB DCFC (R),,,3409749711,2024-09-29T18:53:03Z,2024-09-29T18:55:05Z,,0.000000,0.0,membership,Payment by membership account and/or membership card,USCPIE14097711*0
ChargePoint Network,,,5346231,5346231,CULLMANELECTRIC / STATION2-R,8926271,247,3363696431,2024-09-10T13:34:12Z,2024-09-10T14:01:44Z,,32.356800,75.041,membership,Payment by membership account and/or membership card,USCPIE5346231*1
ChargePoint Network,,,12720881,12720881,WRECC / STATION 1,21977141,247,3358280021,2024-09-07T22:35:01Z,2024-09-07T23:04:52Z,,34.404499,87.665,membership,Payment by membership account and/or membership card,USCPIE12720881*1
ChargePoint Network,,,15694081,15694081,BRIGHTRIDGE EV / STATION 2 (R),25291921,247,3357840671,2024-09-07T18:34:59Z,2024-09-07T18:42:59Z,,8.447500,0.0,membership,Payment by membership account and/or membership card,USCPIE15694081*1
ChargePoint Network,,,8851921,8851921,7SPC / SEVIERVILLE DC1,15571271,207,3376767711,2024-09-15T23:00:39Z,2024-09-16T00:28:19Z,,46.358898,60.06,membership,Payment by membership account and/or membership card,USCPIE8851921*1
ChargePoint Network,,,15836871,15836871,TOMBIGBEE / STATION 3,25462501,247,3370218491,2024-09-12T21:33:54Z,2024-09-12T21:54:01Z,,22.495100,72.716,membership,Payment by membership account and/or membership card,USCPIE15836871*1
ChargePoint Network,,,13423691,13423691,AEC / STATION #1 (L),22787121,247,3376103391,2024-09-15T16:51:49Z,2024-09-15T17:14:50Z,,28.503599,75.655,membership,Payment by membership account and/or membership card,USCPIE13423691*1
ChargePoint Network,,,8851921,8851921,7SPC / SEVIERVILLE DC1,15571271,207,3373130691,2024-09-13T23:58:35Z,2024-09-14T01:12:36Z,,74.542900,61.632,membership,Payment by membership account and/or membership card,USCPIE8851921*1
ChargePoint Network,,,14047321,14047321,JEFFERSON AVE. / OXFORD STA2(R),23514081,247,3395965961,2024-09-23T22:58:40Z,2024-09-23T23:38:13Z,,46.840801,88.847,membership,Payment by membership account and/or membership card,USCPIE14047321*1
ChargePoint Network,,,16244681,16244681,TOMBIGBEE / STATION 2,25952901,247,3409212421,2024-09-29T11:23:42Z,2024-09-29T11:41:28Z,,11.354300,61.069,membership,Payment by membership account and/or membership card,USCPIE16244681*1
ChargePoint Network,,,15548181,15548181,DECATURDOWNTWN / STATION 2 (L),25119551,247,3383577711,2024-09-18T16:53:25Z,2024-09-18T17:12:33Z,,11.600000,47.601,membership,Payment by membership account and/or membership card,USCPIE15548181*1
ChargePoint Network,,,13606061,13606061,I24 EXIT11 / STATION 4 (RR),22992511,247,3348586411,2024-09-04T00:27:54Z,2024-09-04T00:28:36Z,,0.000000,0.0,credit_card_terminal,Payment via credit card or debit card terminal,USCPIE13606061*1
ChargePoint Network,,,8851921,8851921,7SPC / SEVIERVILLE DC1,15571271,100011,3364657861,2024-09-10T19:50:18Z,2024-09-10T20:32:14Z,,2.357400,12.09,membership,Payment by membership account and/or membership card,USCPIE8851921*1
ChargePoint Network,,,15885251,15885251,TWICKENHAM SQ / HU - STATION 1,25520941,247,3393919841,2024-09-23T02:34:00Z,2024-09-23T02:47:01Z,,17.492701,86.639,membership,Payment by membership account and/or membership card,USCPIE15885251*1
ChargePoint Network,,,13659831,13659831,LAWRENCEBURG / STATION 1 (L),23054881,247,3364309021,2024-09-10T17:13:53Z,2024-09-10T17:46:52Z,,31.875200,61.74,membership,Payment by membership account and/or membership card,USCPIE13659831*1
ChargePoint Network,,,5346231,5346231,CULLMANELECTRIC / STATION2-R,8926271,247,3357988511,2024-09-07T19:56:21Z,2024-09-07T20:38:41Z,,28.848600,67.886,membership,Payment by membership account and/or membership card,USCPIE5346231*1
ChargePoint Network,,,1933211,1933211,BRIGHTRIDGE EV / BR-JONESBOROUGH,2283641,3,3407359481,2024-09-28T11:22:02Z,2024-09-28T13:03:22Z,,10.219609,6.0905,membership,Payment by membership account and/or membership card,USCPIE1933211*2
ChargePoint Network,,,7505851,7505851,JEFFERSON AVE. / OXFORD STA1(L),12955471,100011,3408084921,2024-09-28T19:50:45Z,2024-09-28T20:06:10Z,,2.596200,19.152,membership,Payment by membership account and/or membership card,USCPIE7505851*1
ChargePoint Network,,,1932851,1932851,BRIGHTRIDGE EV / BR-JC LIBRARY,23319811,3,3407168141,2024-09-28T02:29:11Z,2024-09-28T10:52:35Z,,62.856617,7.4432,membership,Payment by membership account and/or membership card,USCPIE1932851*1
ChargePoint Network,,,9677521,9677521,UT PARKING / S7 STATION 1,17169341,3,3383368741,2024-09-18T15:40:08Z,2024-09-18T19:51:56Z,,25.411543,7.0438,membership,Payment by membership account and/or membership card,USCPIE9677521*2
ChargePoint Network,,,15836871,15836871,TOMBIGBEE / STATION 3,25462501,247,3367048051,2024-09-11T17:59:30Z,2024-09-11T18:22:31Z,,26.153099,74.48,membership,Payment by membership account and/or membership card,USCPIE15836871*1
ChargePoint Network,,,14047321,14047321,JEFFERSON AVE. / OXFORD STA2(R),,,3352963621,2024-09-05T17:57:34Z,2024-09-05T17:57:39Z,,0.000000,,membership,Payment by membership account and/or membership card,USCPIE14047321*0
ChargePoint Network,,,13643801,13643801,PEPA / STATION 2,23036481,247,3376473241,2024-09-15T20:29:45Z,2024-09-15T21:04:03Z,,29.821899,71.874,membership,Payment by membership account and/or membership card,USCPIE13643801*1
ChargePoint Network,,,16311861,16311861,KIMBALL EV CHG / STATION 2 (R),26032351,247,3402254391,2024-09-26T11:37:50Z,2024-09-26T13:02:43Z,,55.279301,73.678,membership,Payment by membership account and/or membership card,USCPIE16311861*1
ChargePoint Network,,,15548181,15548181,DECATURDOWNTWN / STATION 2 (L),25119551,247,3399459351,2024-09-25T08:22:56Z,2024-09-25T10:10:06Z,,60.701000,54.316,membership,Payment by membership account and/or membership card,USCPIE15548181*1
ChargePoint Network,,,5414151,5414151,7SPC / UC - CARTHAGE,9014641,3,3359727311,2024-09-08T19:54:33Z,2024-09-08T19:55:02Z,,0.001057,1.571,membership,Payment by membership account and/or membership card,USCPIE5414151*1
ChargePoint Network,,,14097711,14097711,SCOTTSBORO EPB / SEPB DCFC (R),23570811,247,3366723271,2024-09-11T15:51:04Z,2024-09-11T17:40:09Z,,59.867901,71.024,membership,Payment by membership account and/or membership card,USCPIE14097711*1
ChargePoint Network,,,14047321,14047321,JEFFERSON AVE. / OXFORD STA2(R),23514081,247,3384170991,2024-09-18T21:08:06Z,2024-09-18T21:41:14Z,,35.839401,71.874,membership,Payment by membership account and/or membership card,USCPIE14047321*1
ChargePoint Network,,,13803581,13803581,FPU / STATION 1 (L),23227201,247,3367679001,2024-09-11T22:23:08Z,2024-09-11T22:59:33Z,,42.235401,71.931,membership,Payment by membership account and/or membership card,USCPIE13803581*1
ChargePoint Network,,,13292801,13292801,LODGE CAST IRON / STORE & MUSEUM,22637551,3,3379545741,2024-09-17T01:29:42Z,2024-09-17T02:11:01Z,,4.675652,6.9055,credit_card_terminal,Payment via credit card or debit card terminal,USCPIE13292801*1
ChargePoint Network,,,16022131,16022131,ACEPA / ACE STATION 1,25683791,247,3387280291,2024-09-19T23:50:21Z,2024-09-20T00:43:06Z,,57.683800,74.48,membership,Payment by membership account and/or membership card,USCPIE16022131*1
ChargePoint Network,,,13606121,13606121,I24 EXIT11 / STATION 2 (LM),22992591,247,3350928201,2024-09-04T22:30:37Z,2024-09-04T22:31:42Z,,0.088600,0.0,credit_card_terminal,Payment via credit card or debit card terminal,USCPIE13606121*1
ChargePoint Network,,,15694081,15694081,BRIGHTRIDGE EV / STATION 2 (R),25291921,247,3392054561,2024-09-22T01:41:46Z,2024-09-22T02:50:39Z,,46.396801,70.844,membership,Payment by membership account and/or membership card,USCPIE15694081*1
ChargePoint Network,,,5122191,5122191,CULLMANELECTRIC / STATION1-L,8482151,247,3372409391,2024-09-13T18:50:18Z,2024-09-13T19:25:20Z,,11.900300,29.031,membership,Payment by membership account and/or membership card,USCPIE5122191*1
ChargePoint Network,,,13606091,13606091,I24 EXIT11 / STATION 3 (RM),22992551,247,3345419561,2024-09-02T18:29:57Z,2024-09-02T19:11:35Z,,54.099899,86.328,credit_card_terminal,Payment via credit card or debit card terminal,USCPIE13606091*1
ChargePoint Network,,,15836981,15836981,TOMBIGBEE / STATION 4,25462651,247,3360937671,2024-09-09T12:07:41Z,2024-09-09T12:08:22Z,,0.000000,0.0,membership,Payment by membership account and/or membership card,USCPIE15836981*1
ChargePoint Network,,,14047321,14047321,JEFFERSON AVE. / OXFORD STA2(R),,,3389974111,2024-09-21T00:37:15Z,2024-09-21T00:39:02Z,,0.000000,,membership,Payment by membership account and/or membership card,USCPIE14047321*0
ChargePoint Network,,,15332321,15332321,TUA NW ATLANTIC / STATION 1 (L),24867861,247,3372229751,2024-09-13T17:26:56Z,2024-09-13T18:03:00Z,,28.948400,75.464,credit_card_terminal,Payment via credit card or debit card terminal,USCPIE15332321*1
ChargePoint Network,,,13606091,13606091,I24 EXIT11 / STATION 3 (RM),22992551,247,3399983621,2024-09-25T14:46:09Z,2024-09-25T15:36:42Z,,25.433901,53.043,membership,Payment by membership account and/or membership card,USCPIE13606091*1
ChargePoint Network,,,15694081,15694081,BRIGHTRIDGE EV / STATION 2 (R),25291921,247,3372460771,2024-09-13T19:11:20Z,2024-09-13T19:28:37Z,,24.387699,94.536,credit_card_terminal,Payment via credit card or debit card terminal,USCPIE15694081*1
ChargePoint Network,,,15694081,15694081,BRIGHTRIDGE EV / STATION 2 (R),25291921,247,3391049551,2024-09-21T16:32:40Z,2024-09-21T16:36:07Z,,0.139100,0.0,credit_card_terminal,Payment via credit card or debit card terminal,USCPIE15694081*1
ChargePoint Network,,,15640171,15640171,NECDC / STATION 2 (R),25228711,247,3370478051,2024-09-12T23:15:39Z,2024-09-13T00:19:53Z,,68.795403,72.071,membership,Payment by membership account and/or membership card,USCPIE15640171*1
ChargePoint Network,,,15332351,15332351,TUA NW ATLANTIC / STATION 2 (R),24867891,247,3386338961,2024-09-19T17:26:06Z,2024-09-19T18:28:20Z,,45.172798,78.375,membership,Payment by membership account and/or membership card,USCPIE15332351*1
ChargePoint Network,,,14047321,14047321,JEFFERSON AVE. / OXFORD STA2(R),23514081,247,3371616861,2024-09-13T13:21:33Z,2024-09-13T14:06:38Z,,26.196301,53.756,membership,Payment by membership account and/or membership card,USCPIE14047321*1
ChargePoint Network,,,12720861,12720861,WRECC / STATION 2,21977121,247,3364728081,2024-09-10T20:16:52Z,2024-09-10T20:50:44Z,,34.151798,75.239,membership,Payment by membership account and/or membership card,USCPIE12720861*1
ChargePoint Network,,,15885151,15885151,TWICKENHAM SQ / HU - STATION 2,,,3372333331,2024-09-13T18:13:37Z,2024-09-13T18:15:38Z,,0.000000,,membership,Payment by membership account and/or membership card,USCPIE15885151*0
ChargePoint Network,,,15885771,15885771,TWICKENHAM SQ / HU - STATION 4,25521581,247,3405288141,2024-09-27T14:59:59Z,2024-09-27T16:16:34Z,,33.907600,65.267,membership,Payment by membership account and/or membership card,USCPIE15885771*1
ChargePoint Network,,,15885771,15885771,TWICKENHAM SQ / HU - STATION 4,25521581,247,3375996651,2024-09-15T15:43:16Z,2024-09-15T16:40:36Z,,60.823200,72.889,other,Any other payment method not specified above. Additional description should be provided in Payment Method Description.,USCPIE15885771*1
ChargePoint Network,,,13861861,13861861,BRMEMC / STATION 1,23296281,247,3345340821,2024-09-02T17:38:42Z,2024-09-02T17:52:36Z,,24.956301,114.152,membership,Payment by membership account and/or membership card,USCPIE13861861*1
ChargePoint Network,,,13290491,13290491,7SPC / NASA USSRC L,25742681,3,3371588561,2024-09-13T13:06:03Z,2024-09-13T13:26:09Z,,1.937429,6.0387,credit_card_terminal,Payment via credit card or debit card terminal,USCPIE13290491*2
ChargePoint Network,,,14047321,14047321,JEFFERSON AVE. / OXFORD STA2(R),23514081,247,3404475981,2024-09-27T03:00:38Z,2024-09-27T03:23:30Z,,23.755501,73.232,membership,Payment by membership account and/or membership card,USCPIE14047321*1
ChargePoint Network,,,16244681,16244681,TOMBIGBEE / STATION 2,25952901,247,3374097761,2024-09-14T14:32:56Z,2024-09-14T14:57:56Z,,29.233601,75.636,membership,Payment by membership account and/or membership card,USCPIE16244681*1
ChargePoint Network,,,5346231,5346231,CULLMANELECTRIC / STATION2-R,8926271,247,3389792041,2024-09-20T23:15:07Z,2024-09-21T00:22:34Z,,38.810101,82.124,membership,Payment by membership account and/or membership card,USCPIE5346231*1
ChargePoint Network,,,13606061,13606061,I24 EXIT11 / STATION 4 (RR),22992511,247,3395366401,2024-09-23T18:51:32Z,2024-09-23T19:01:04Z,,11.896800,80.19,credit_card_terminal,Payment via credit card or debit card terminal,USCPIE13606061*1
ChargePoint Network,,,1964521,1964521,EBOFG / GUNTERSVILLE PD,8374211,3,3371467181,2024-09-13T11:58:43Z,2024-09-13T17:06:14Z,,8.650482,3.6866,membership,Payment by membership account and/or membership card,USCPIE1964521*2
ChargePoint Network,,,1844191,1844191,CLW / MAIN ST,23050431,3,3359916991,2024-09-08T21:36:07Z,2024-09-08T21:38:06Z,,0.000000,,credit_card_terminal,Payment via credit card or debit card terminal,USCPIE1844191*1
ChargePoint Network,,,15836981,15836981,TOMBIGBEE / STATION 4,25462651,247,3370295151,2024-09-12T22:03:59Z,2024-09-12T23:14:44Z,,34.953800,73.481,membership,Payment by membership account and/or membership card,USCPIE15836981*1
ChargePoint Network,,,15623211,15623211,CLW / 5TH ST 2 (R),25208281,247,3343410741,2024-09-01T13:04:14Z,2024-09-01T13:13:36Z,,10.539600,0.0,other,Any other payment method not specified above. Additional description should be provided in Payment Method Description.,USCPIE15623211*1
ChargePoint Network,,,12406491,12406491,FPIA / LEFT STATION,21527781,247,3348020591,2024-09-03T20:47:33Z,2024-09-03T21:00:55Z,,14.966200,76.017,membership,Payment by membership account and/or membership card,USCPIE12406491*1
ChargePoint Network,,,9677521,9677521,UT PARKING / S7 STATION 1,17169331,3,3359376931,2024-09-08T16:26:09Z,2024-09-08T19:20:40Z,,20.620655,7.2038,credit_card_terminal,Payment via credit card or debit card terminal,USCPIE9677521*1
ChargePoint Network,,,5397731,5397731,EEDEV / MILLIGAN UNIV,9010261,3,3376176011,2024-09-15T17:34:18Z,2024-09-15T20:20:55Z,,20.452486,7.5621,membership,Payment by membership account and/or membership card,USCPIE5397731*2
ChargePoint Network,,,12406401,12406401,FPIA / RIGHT STATION,21527671,247,3409093321,2024-09-29T06:06:09Z,2024-09-29T06:47:09Z,,47.797298,74.823,membership,Payment by membership account and/or membership card,USCPIE12406401*1
ChargePoint Network,,,16249951,16249951,STARKVILLE UTIL / STATION 2 (R),25959201,247,3370402981,2024-09-12T22:45:45Z,2024-09-12T23:23:03Z,,26.208500,53.131,credit_card_terminal,Payment via credit card or debit card terminal,USCPIE16249951*1
ChargePoint Network,,,15640171,15640171,NECDC / STATION 2 (R),25228711,247,3356814591,2024-09-07T02:52:40Z,2024-09-07T02:53:49Z,,0.000000,0.0,credit_card_terminal,Payment via credit card or debit card terminal,USCPIE15640171*1
ChargePoint Network,,,5397731,5397731,EEDEV / MILLIGAN UNIV,9010251,3,3371220951,2024-09-13T05:28:29Z,2024-09-13T09:41:25Z,,17.753895,7.5421,membership,Payment by membership account and/or membership card,USCPIE5397731*1
ChargePoint Network,,,12720861,12720861,WRECC / STATION 2,21977121,247,3350966501,2024-09-04T22:46:00Z,2024-09-04T23:04:51Z,,26.201599,90.055,membership,Payment by membership account and/or membership card,USCPIE12720861*1
ChargePoint Network,,,15623211,15623211,CLW / 5TH ST 2 (R),25208281,247,3345336711,2024-09-02T17:35:49Z,2024-09-02T18:05:14Z,,32.508099,74.86,membership,Payment by membership account and/or membership card,USCPIE15623211*1
ChargePoint Network,,,14047321,14047321,JEFFERSON AVE. / OXFORD STA2(R),23514081,247,3375940621,2024-09-15T15:01:05Z,2024-09-15T15:41:14Z,,45.577202,73.032,credit_card_terminal,Payment via credit card or debit card terminal,USCPIE14047321*1
ChargePoint Network,,,15260251,15260251,STEMC / STATION 2 (R) A,24784081,247,3374150211,2024-09-14T15:08:41Z,2024-09-14T15:44:27Z,,31.123400,54.56,membership,Payment by membership account and/or membership card,USCPIE15260251*1
ChargePoint Network,,,1988061,1988061,7SPC / SCES DOLLYWOOD,25499841,3,3374760691,2024-09-14T20:53:15Z,2024-09-14T21:17:43Z,,2.800448,6.9686,credit_card_terminal,Payment via credit card or debit card terminal,USCPIE1988061*2
ChargePoint Network,,,15623211,15623211,CLW / 5TH ST 2 (R),25208281,247,3397928491,2024-09-24T18:32:34Z,2024-09-24T18:50:09Z,,19.876101,72.519,membership,Payment by membership account and/or membership card,USCPIE15623211*1
ChargePoint Network,,,15548151,15548151,DECATURDOWNTWN / STATION 1 (R),25119511,247,3376431401,2024-09-15T20:07:16Z,2024-09-15T20:28:24Z,,27.882099,83.331,membership,Payment by membership account and/or membership card,USCPIE15548151*1
ChargePoint Network,,,13606091,13606091,I24 EXIT11 / STATION 3 (RM),22992551,247,3408159921,2024-09-28T20:31:23Z,2024-09-28T21:05:02Z,,26.031000,73.655,membership,Payment by membership account and/or membership card,USCPIE13606091*1
ChargePoint Network,,,13606121,13606121,I24 EXIT11 / STATION 2 (LM),,,3378240551,2024-09-16T16:07:01Z,2024-09-16T16:09:02Z,,0.000000,0.0,membership,Payment by membership account and/or membership card,USCPIE13606121*0
ChargePoint Network,,,14097711,14097711,SCOTTSBORO EPB / SEPB DCFC (R),23570811,247,3351361101,2024-09-05T01:21:45Z,2024-09-05T01:30:20Z,,5.714400,48.299,membership,Payment by membership account and/or membership card,USCPIE14097711*1
ChargePoint Network,,,16372061,16372061,DOWNTOWN MURPHY / MPB STATION 1,26102581,247,3397309741,2024-09-24T14:43:08Z,2024-09-24T15:43:30Z,,48.946400,57.519,credit_card_terminal,Payment via credit card or debit card terminal,USCPIE16372061*1
ChargePoint Network,,,15548181,15548181,DECATURDOWNTWN / STATION 2 (L),25119551,247,3389847931,2024-09-20T23:40:39Z,2024-09-20T23:41:18Z,,0.000000,0.0,membership,Payment by membership account and/or membership card,USCPIE15548181*1
ChargePoint Network,,,15815141,15815141,GEA-1 / STATION 1 (L),25435121,247,3384587051,2024-09-18T23:54:06Z,2024-09-19T00:14:54Z,,14.034100,47.319,membership,Payment by membership account and/or membership card,USCPIE15815141*1
ChargePoint Network,,,13861891,13861891,BRMEMC / STATION 2,23296321,247,3353451661,2024-09-05T21:20:39Z,2024-09-05T21:55:16Z,,30.985001,72.353,membership,Payment by membership account and/or membership card,USCPIE13861891*1
ChargePoint Network,,,9677521,9677521,UT PARKING / S7 STATION 1,17169331,3,3394598881,2024-09-23T13:47:15Z,2024-09-23T16:59:25Z,,23.146015,7.4556,credit_card_terminal,Payment via credit card or debit card terminal,USCPIE9677521*1
ChargePoint Network,,,13861891,13861891,BRMEMC / STATION 2,23296321,247,3352703491,2024-09-05T16:08:54Z,2024-09-05T16:40:36Z,,34.772499,122.094,membership,Payment by membership account and/or membership card,USCPIE13861891*1
ChargePoint Network,,,15548181,15548181,DECATURDOWNTWN / STATION 2 (L),25119551,247,3390354361,2024-09-21T03:52:20Z,2024-09-21T04:22:40Z,,34.109901,76.017,membership,Payment by membership account and/or membership card,USCPIE15548181*1
ChargePoint Network,,,13861891,13861891,BRMEMC / STATION 2,23296321,100011,3356519731,2024-09-07T00:22:03Z,2024-09-07T00:29:25Z,,4.638600,0.0,membership,Payment by membership account and/or membership card,USCPIE13861891*1
ChargePoint Network,,,5346231,5346231,CULLMANELECTRIC / STATION2-R,8926271,247,3347493521,2024-09-03T17:00:16Z,2024-09-03T17:28:48Z,,23.416000,54.167,membership,Payment by membership account and/or membership card,USCPIE5346231*1
ChargePoint Network,,,15885771,15885771,TWICKENHAM SQ / HU - STATION 4,25521581,100011,3345856591,2024-09-02T22:53:58Z,2024-09-02T23:01:50Z,,4.719400,40.208,other,Any other payment method not specified above. Additional description should be provided in Payment Method Description.,USCPIE15885771*1
ChargePoint Network,,,15640031,15640031,NECDC / STATION 1 (L),25228511,247,3348651181,2024-09-04T00:55:54Z,2024-09-04T02:03:33Z,,44.776001,54.534,membership,Payment by membership account and/or membership card,USCPIE15640031*1
ChargePoint Network,,,9677521,9677521,UT PARKING / S7 STATION 1,17169331,3,3347301771,2024-09-03T15:50:54Z,2024-09-03T19:53:07Z,,24.549246,7.1864,membership,Payment by membership account and/or membership card,USCPIE9677521*1
ChargePoint Network,,,13606091,13606091,I24 EXIT11 / STATION 3 (RM),22992551,247,3344235101,2024-09-01T22:54:02Z,2024-09-01T23:24:33Z,,23.879101,52.096,other,Any other payment method not specified above. Additional description should be provided in Payment Method Description.,USCPIE13606091*1
ChargePoint Network,,,15885771,15885771,TWICKENHAM SQ / HU - STATION 4,25521581,247,3396216741,2024-09-24T00:45:05Z,2024-09-24T01:28:30Z,,54.202900,88.586,membership,Payment by membership account and/or membership card,USCPIE15885771*1
ChargePoint Network,,,14359531,14359531,EBOFG / STATION 2 (R),23870331,247,3392664801,2024-09-22T14:26:00Z,2024-09-22T14:40:39Z,,13.781600,58.139,membership,Payment by membership account and/or membership card,USCPIE14359531*1
ChargePoint Network,,,13880891,13880891,MU / MUC MAIN OFFICE,23319011,3,3400723701,2024-09-25T16:30:08Z,2024-09-25T18:35:41Z,,14.885725,7.1926,membership,Payment by membership account and/or membership card,USCPIE13880891*1
ChargePoint Network,,,15885771,15885771,TWICKENHAM SQ / HU - STATION 4,25521581,247,3379299461,2024-09-16T23:43:16Z,2024-09-16T23:46:00Z,,0.000000,0.0,membership,Payment by membership account and/or membership card,USCPIE15885771*1
ChargePoint Network,,,5466441,5466441,7SPC / NASA USSRC R,9079361,3,3409514061,2024-09-29T16:36:13Z,2024-09-29T18:03:36Z,,8.782888,6.1441,membership,Payment by membership account and/or membership card,USCPIE5466441*1
ChargePoint Network,,,7505851,7505851,JEFFERSON AVE. / OXFORD STA1(L),12955471,247,3390739331,2024-09-21T12:40:00Z,2024-09-21T15:03:36Z,,149.819199,101.384,membership,Payment by membership account and/or membership card,USCPIE7505851*1
ChargePoint Network,,,12406491,12406491,FPIA / LEFT STATION,21527781,247,3357797181,2024-09-07T18:10:14Z,2024-09-07T18:23:28Z,,10.513000,51.321,membership,Payment by membership account and/or membership card,USCPIE12406491*1
ChargePoint Network,,,5397731,5397731,EEDEV / MILLIGAN UNIV,9010261,3,3372444071,2024-09-13T19:05:31Z,2024-09-13T19:52:47Z,,5.766269,7.5282,membership,Payment by membership account and/or membership card,USCPIE5397731*2
ChargePoint Network,,,13643831,13643831,PEPA / STATION 1,23036511,247,3394987791,2024-09-23T16:03:49Z,2024-09-23T16:18:34Z,,16.039801,71.4,credit_card_terminal,Payment via credit card or debit card terminal,USCPIE13643831*1
ChargePoint Network,,,12406491,12406491,FPIA / LEFT STATION,21527781,100011,3343593421,2024-09-01T16:01:45Z,2024-09-01T16:28:27Z,,18.373100,52.22,membership,Payment by membership account and/or membership card,USCPIE12406491*1
ChargePoint Network,,,15548181,15548181,DECATURDOWNTWN / STATION 2 (L),25119551,247,3345861931,2024-09-02T22:57:02Z,2024-09-02T23:48:02Z,,76.802101,95.93,membership,Payment by membership account and/or membership card,USCPIE15548181*1
ChargePoint Network,,,12406491,12406491,FPIA / LEFT STATION,21527781,247,3343683911,2024-09-01T17:05:52Z,2024-09-01T17:52:34Z,,50.478802,68.949,membership,Payment by membership account and/or membership card,USCPIE12406491*1
ChargePoint Network,,,12720861,12720861,WRECC / STATION 2,21977121,247,3359567511,2024-09-08T18:21:47Z,2024-09-08T19:05:23Z,,56.481701,119.349,membership,Payment by membership account and/or membership card,USCPIE12720861*1
ChargePoint Network,,,5346231,5346231,CULLMANELECTRIC / STATION2-R,8926271,247,3391048921,2024-09-21T16:32:27Z,2024-09-21T16:44:22Z,,12.528100,0.0,membership,Payment by membership account and/or membership card,USCPIE5346231*1
ChargePoint Network,,,9677521,9677521,UT PARKING / S7 STATION 1,17169331,3,3373978341,2024-09-14T12:40:33Z,2024-09-14T13:24:53Z,,5.054462,6.963,membership,Payment by membership account and/or membership card,USCPIE9677521*1
ChargePoint Network,,,12406401,12406401,FPIA / RIGHT STATION,21527671,247,3404101511,2024-09-27T00:16:36Z,2024-09-27T00:44:04Z,,13.448600,59.599,membership,Payment by membership account and/or membership card,USCPIE12406401*1
ChargePoint Network,,,1844191,1844191,CLW / MAIN ST,23050431,3,3347583741,2024-09-03T17:43:01Z,2024-09-03T18:19:42Z,,4.088163,6.9653,membership,Payment by membership account and/or membership card,USCPIE1844191*1
ChargePoint Network,,,12676411,12676411,NEMEPA / NEMEPA CUSTOMER,21923901,3,3390666031,2024-09-21T10:56:12Z,2024-09-21T12:01:34Z,,6.284039,6.0206,credit_card_terminal,Payment via credit card or debit card terminal,USCPIE12676411*2
ChargePoint Network,,,16244751,16244751,TOMBIGBEE / STATION 1,25952971,247,3350255271,2024-09-04T17:51:46Z,2024-09-04T19:26:06Z,,106.877296,87.416,membership,Payment by membership account and/or membership card,USCPIE16244751*1
ChargePoint Network,,,13659831,13659831,LAWRENCEBURG / STATION 1 (L),23054881,247,3394503151,2024-09-23T12:59:56Z,2024-09-23T13:12:30Z,,11.640300,0.0,membership,Payment by membership account and/or membership card,USCPIE13659831*1
ChargePoint Network,,,15250701,15250701,SES-TN / STATION 2,24772611,247,3370401701,2024-09-12T22:45:11Z,2024-09-12T23:46:06Z,,34.003502,52.625,membership,Payment by membership account and/or membership card,USCPIE15250701*1
ChargePoint Network,,,13664471,13664471,BTES / STATION 3 (RM),23060511,247,3385302121,2024-09-19T07:06:00Z,2024-09-19T11:58:41Z,,35.494499,50.231,membership,Payment by membership account and/or membership card,USCPIE13664471*1
ChargePoint Network,,,8851921,8851921,7SPC / SEVIERVILLE DC1,15571271,100011,3347098571,2024-09-03T14:51:21Z,2024-09-03T15:28:56Z,,2.427300,14.112,other,Any other payment method not specified above. Additional description should be provided in Payment Method Description.,USCPIE8851921*1
ChargePoint Network,,,14097801,14097801,SCOTTSBORO EPB / SEPB DCFC (L),23570921,247,3407839471,2024-09-28T17:38:46Z,2024-09-28T17:53:03Z,,2.656700,25.228,membership,Payment by membership account and/or membership card,USCPIE14097801*1
ChargePoint Network,,,5565251,5565251,7SPC / SCES LECONTE 3,9205121,3,3365141191,2024-09-10T22:58:56Z,2024-09-10T23:30:23Z,,3.684811,7.1288,membership,Payment by membership account and/or membership card,USCPIE5565251*1
ChargePoint Network,,,1964521,1964521,EBOFG / GUNTERSVILLE PD,8374211,3,3354795631,2024-09-06T12:06:33Z,2024-09-06T16:22:38Z,,8.308862,3.6853,membership,Payment by membership account and/or membership card,USCPIE1964521*2
ChargePoint Network,,,15729991,15729991,AEC / AEC03,25334181,3,3366699471,2024-09-11T15:44:05Z,2024-09-11T18:01:46Z,,14.803389,7.242,membership,Payment by membership account and/or membership card,USCPIE15729991*2
ChargePoint Network,,,14047321,14047321,JEFFERSON AVE. / OXFORD STA2(R),23514081,247,3378082871,2024-09-16T15:22:15Z,2024-09-16T15:40:04Z,,21.189501,73.629,membership,Payment by membership account and/or membership card,USCPIE14047321*1
ChargePoint Network,,,5122191,5122191,CULLMANELECTRIC / STATION1-L,8482151,247,3407902791,2024-09-28T18:13:58Z,2024-09-28T18:15:35Z,,0.000000,0.0,membership,Payment by membership account and/or membership card,USCPIE5122191*1
ChargePoint Network,,,13606091,13606091,I24 EXIT11 / STATION 3 (RM),22992551,247,3380795211,2024-09-17T16:10:01Z,2024-09-17T16:35:27Z,,30.082100,75.45,credit_card_terminal,Payment via credit card or debit card terminal,USCPIE13606091*1
ChargePoint Network,,,1844191,1844191,CLW / MAIN ST,23050441,3,3385041621,2024-09-19T03:14:44Z,2024-09-19T08:56:24Z,,17.458651,7.3488,membership,Payment by membership account and/or membership card,USCPIE1844191*2
ChargePoint Network,,,14047321,14047321,JEFFERSON AVE. / OXFORD STA2(R),23514081,247,3357724851,2024-09-07T17:29:41Z,2024-09-07T17:30:13Z,,0.000000,0.0,membership,Payment by membership account and/or membership card,USCPIE14047321*1
ChargePoint Network,,,5565291,5565291,7SPC / SCES LECONTE 1,9205201,3,3349768451,2024-09-04T14:56:57Z,2024-09-04T15:26:33Z,,3.405552,7.0108,membership,Payment by membership account and/or membership card,USCPIE5565291*2
ChargePoint Network,,,13861891,13861891,BRMEMC / STATION 2,23296321,247,3387171861,2024-09-19T23:06:31Z,2024-09-19T23:50:40Z,,44.362598,73.125,membership,Payment by membership account and/or membership card,USCPIE13861891*1
ChargePoint Network,,,5424051,5424051,EEDEV / ELIZ DOWNTOWN,9026991,3,3350756471,2024-09-04T21:24:09Z,2024-09-05T00:56:55Z,,25.586845,7.5009,membership,Payment by membership account and/or membership card,USCPIE5424051*1
ChargePoint Network,,,8851921,8851921,7SPC / SEVIERVILLE DC1,,,3344457421,2024-09-02T01:04:09Z,2024-09-02T01:06:11Z,,0.000000,0.0,membership,Payment by membership account and/or membership card,USCPIE8851921*0
ChargePoint Network,,,14047321,14047321,JEFFERSON AVE. / OXFORD STA2(R),23514081,247,3343934971,2024-09-01T19:46:30Z,2024-09-01T20:18:33Z,,29.623301,59.29,membership,Payment by membership account and/or membership card,USCPIE14047321*1
ChargePoint Network,,,5122191,5122191,CULLMANELECTRIC / STATION1-L,,,3408066671,2024-09-28T19:39:27Z,2024-09-28T19:41:28Z,,0.000000,,membership,Payment by membership account and/or membership card,USCPIE5122191*0
ChargePoint Network,,,16244751,16244751,TOMBIGBEE / STATION 1,25952971,247,3392558801,2024-09-22T12:02:20Z,2024-09-22T12:40:04Z,,48.039299,80.388,membership,Payment by membership account and/or membership card,USCPIE16244751*1
ChargePoint Network,,,15815141,15815141,GEA-1 / STATION 1 (L),25435121,247,3360875571,2024-09-09T11:26:27Z,2024-09-09T11:45:12Z,,12.877700,49.58,membership,Payment by membership account and/or membership card,USCPIE15815141*1
ChargePoint Network,,,9777021,9777021,CRMC / CRMC-2- L2RIGHT,17361741,3,3374064141,2024-09-14T14:03:33Z,2024-09-14T14:05:33Z,,0.000000,0.0,membership,Payment by membership account and/or membership card,USCPIE9777021*1
ChargePoint Network,,,15836871,15836871,TOMBIGBEE / STATION 3,25462501,247,3404025911,2024-09-26T23:44:51Z,2024-09-27T00:25:50Z,,47.125198,75.068,credit_card_terminal,Payment via credit card or debit card terminal,USCPIE15836871*1
ChargePoint Network,,,15548151,15548151,DECATURDOWNTWN / STATION 1 (R),25119511,247,3407533941,2024-09-28T14:31:12Z,2024-09-28T14:52:58Z,,19.906500,58.706,membership,Payment by membership account and/or membership card,USCPIE15548151*1
ChargePoint Network,,,14047321,14047321,JEFFERSON AVE. / OXFORD STA2(R),23514081,247,3379537091,2024-09-17T01:25:09Z,2024-09-17T01:52:34Z,,37.032501,85.847,membership,Payment by membership account and/or membership card,USCPIE14047321*1
ChargePoint Network,,,16244681,16244681,TOMBIGBEE / STATION 2,,,3394207601,2024-09-23T07:48:45Z,2024-09-23T07:51:02Z,,0.000000,,credit_card_terminal,Payment via credit card or debit card terminal,USCPIE16244681*0
ChargePoint Network,,,14337501,14337501,HOLSTONELECTRIC / CHURCH HILL-2,23845091,100011,3380049541,2024-09-17T10:39:00Z,2024-09-17T11:43:49Z,,42.141499,53.06,credit_card_terminal,Payment via credit card or debit card terminal,USCPIE14337501*1
ChargePoint Network,,,15623211,15623211,CLW / 5TH ST 2 (R),25208281,247,3408389201,2024-09-28T22:34:59Z,2024-09-28T23:41:47Z,,88.605499,84.083,membership,Payment by membership account and/or membership card,USCPIE15623211*1
ChargePoint Network,,,13861891,13861891,BRMEMC / STATION 2,23296321,247,3396078911,2024-09-23T23:44:40Z,2024-09-24T00:06:32Z,,27.066099,78.779,membership,Payment by membership account and/or membership card,USCPIE13861891*1
ChargePoint Network,,,13606061,13606061,I24 EXIT11 / STATION 4 (RR),22992511,100011,3358765071,2024-09-08T03:14:00Z,2024-09-08T03:53:54Z,,20.277901,45.879,credit_card_terminal,Payment via credit card or debit card terminal,USCPIE13606061*1
ChargePoint Network,,,14337221,14337221,HOLSTONELECTRIC / CHURCH HILL-1,23844801,247,3359238641,2024-09-08T14:43:31Z,2024-09-08T14:44:16Z,,0.000000,0.0,credit_card_terminal,Payment via credit card or debit card terminal,USCPIE14337221*1
ChargePoint Network,,,5346231,5346231,CULLMANELECTRIC / STATION2-R,8926271,247,3366490001,2024-09-11T14:37:36Z,2024-09-11T15:19:23Z,,49.017399,76.041,other,Any other payment method not specified above. Additional description should be provided in Payment Method Description.,USCPIE5346231*1
ChargePoint Network,,,12720861,12720861,WRECC / STATION 2,21977121,247,3393061271,2024-09-22T18:48:20Z,2024-09-22T18:50:53Z,,0.000000,0.0,membership,Payment by membership account and/or membership card,USCPIE12720861*1
ChargePoint Network,,,16244681,16244681,TOMBIGBEE / STATION 2,25952901,247,3399123951,2024-09-25T02:53:23Z,2024-09-25T02:53:59Z,,0.000000,0.0,membership,Payment by membership account and/or membership card,USCPIE16244681*1
ChargePoint Network,,,15640031,15640031,NECDC / STATION 1 (L),25228511,247,3407734731,2024-09-28T16:40:22Z,2024-09-28T17:08:39Z,,41.493900,92.106,membership,Payment by membership account and/or membership card,USCPIE15640031*1
ChargePoint Network,,,12989161,12989161,BTES / CITY HALL,22285821,3,3408138271,2024-09-28T20:19:57Z,2024-09-28T21:05:09Z,,5.429902,7.3,membership,Payment by membership account and/or membership card,USCPIE12989161*2
ChargePoint Network,,,15548181,15548181,DECATURDOWNTWN / STATION 2 (L),25119551,247,3355071361,2024-09-06T14:26:48Z,2024-09-06T14:51:06Z,,20.419600,77.183,credit_card_terminal,Payment via credit card or debit card terminal,USCPIE15548181*1
ChargePoint Network,,,13606061,13606061,I24 EXIT11 / STATION 4 (RR),22992511,247,3393336501,2024-09-22T21:18:55Z,2024-09-22T21:52:10Z,,29.668501,75.239,membership,Payment by membership account and/or membership card,USCPIE13606061*1
ChargePoint Network,,,12988591,12988591,BTES / BTES OFFICE,22285121,3,3374275851,2024-09-14T16:26:48Z,2024-09-14T17:09:55Z,,4.881816,7.0529,phone_online,"Payment through mobile app, website, automated phone number or messaging system",USCPIE12988591*1
ChargePoint Network,,,15640171,15640171,NECDC / STATION 2 (R),25228711,247,3343392411,2024-09-01T12:39:04Z,2024-09-01T12:39:53Z,,0.000000,0.0,credit_card_terminal,Payment via credit card or debit card terminal,USCPIE15640171*1
ChargePoint Network,,,13861891,13861891,BRMEMC / STATION 2,23296321,247,3399797681,2024-09-25T13:26:16Z,2024-09-25T13:26:38Z,,0.000000,0.0,membership,Payment by membership account and/or membership card,USCPIE13861891*1
ChargePoint Network,,,16244751,16244751,TOMBIGBEE / STATION 1,25952971,247,3400400431,2024-09-25T17:03:15Z,2024-09-25T18:07:13Z,,80.232697,86.043,membership,Payment by membership account and/or membership card,USCPIE16244751*1
ChargePoint Network,,,15836981,15836981,TOMBIGBEE / STATION 4,25462651,247,3396081091,2024-09-23T23:45:39Z,2024-09-24T00:42:52Z,,52.857800,71.424,membership,Payment by membership account and/or membership card,USCPIE15836981*1
ChargePoint Network,,,13606121,13606121,I24 EXIT11 / STATION 2 (LM),22992591,247,3398332211,2024-09-24T21:17:00Z,2024-09-24T21:45:42Z,,28.003599,65.933,membership,Payment by membership account and/or membership card,USCPIE13606121*1
ChargePoint Network,,,5565291,5565291,7SPC / SCES LECONTE 1,9205201,3,3374263451,2024-09-14T16:19:58Z,2024-09-14T17:48:43Z,,10.723987,7.3096,credit_card_terminal,Payment via credit card or debit card terminal,USCPIE5565291*2
ChargePoint Network,,,15548181,15548181,DECATURDOWNTWN / STATION 2 (L),25119551,247,3356172941,2024-09-06T21:49:04Z,2024-09-06T22:13:53Z,,18.586700,51.74,membership,Payment by membership account and/or membership card,USCPIE15548181*1
ChargePoint Network,,,14355251,14355251,HARTSELLE 1 / STATION 2 (R),23865691,247,3383603451,2024-09-18T17:03:43Z,2024-09-18T17:51:14Z,,45.458099,73.725,credit_card_terminal,Payment via credit card or debit card terminal,USCPIE14355251*1
ChargePoint Network,,,15548151,15548151,DECATURDOWNTWN / STATION 1 (R),25119511,100011,3357934841,2024-09-07T19:26:50Z,2024-09-07T19:46:42Z,,9.104200,46.995,membership,Payment by membership account and/or membership card,USCPIE15548151*1
ChargePoint Network,,,7505851,7505851,JEFFERSON AVE. / OXFORD STA1(L),12955471,247,3391180521,2024-09-21T17:46:47Z,2024-09-21T17:48:25Z,,0.000000,0.0,credit_card_terminal,Payment via credit card or debit card terminal,USCPIE7505851*1
ChargePoint Network,,,1988141,1988141,7SPC / SCES DREAM MORE,2355561,3,3359622591,2024-09-08T18:53:12Z,2024-09-08T19:41:17Z,,0.000000,6.0E-4,credit_card_terminal,Payment via credit card or debit card terminal,USCPIE1988141*1
ChargePoint Network,,,15548151,15548151,DECATURDOWNTWN / STATION 1 (R),,,3399459551,2024-09-25T08:22:58Z,2024-09-25T08:24:58Z,,0.000000,,membership,Payment by membership account and/or membership card,USCPIE15548151*0
ChargePoint Network,,,15885251,15885251,TWICKENHAM SQ / HU - STATION 1,,,3395102431,2024-09-23T16:45:42Z,2024-09-23T16:47:44Z,,0.000000,,membership,Payment by membership account and/or membership card,USCPIE15885251*0
ChargePoint Network,,,14047321,14047321,JEFFERSON AVE. / OXFORD STA2(R),23514081,247,3401706111,2024-09-26T02:01:35Z,2024-09-26T02:28:32Z,,23.094900,73.108,membership,Payment by membership account and/or membership card,USCPIE14047321*1
ChargePoint Network,,,7505851,7505851,JEFFERSON AVE. / OXFORD STA1(L),12955471,247,3343923801,2024-09-01T19:39:09Z,2024-09-01T19:42:55Z,,0.000000,0.0,credit_card_terminal,Payment via credit card or debit card terminal,USCPIE7505851*1
ChargePoint Network,,,15885771,15885771,TWICKENHAM SQ / HU - STATION 4,,,3397960611,2024-09-24T18:45:24Z,2024-09-24T18:47:25Z,,0.000000,,membership,Payment by membership account and/or membership card,USCPIE15885771*0
ChargePoint Network,,,14097711,14097711,SCOTTSBORO EPB / SEPB DCFC (R),23570811,247,3349721631,2024-09-04T14:39:54Z,2024-09-04T15:11:59Z,,32.311798,64.875,membership,Payment by membership account and/or membership card,USCPIE14097711*1
ChargePoint Network,,,9677521,9677521,UT PARKING / S7 STATION 1,17169341,3,3400401171,2024-09-25T17:03:55Z,2024-09-25T18:08:37Z,,7.497431,7.0311,membership,Payment by membership account and/or membership card,USCPIE9677521*2
ChargePoint Network,,,15640171,15640171,NECDC / STATION 2 (R),25228711,247,3372833241,2024-09-13T21:46:03Z,2024-09-13T21:58:31Z,,14.064300,0.0,membership,Payment by membership account and/or membership card,USCPIE15640171*1
ChargePoint Network,,,14047321,14047321,JEFFERSON AVE. / OXFORD STA2(R),23514081,247,3392510031,2024-09-22T09:50:00Z,2024-09-22T10:26:09Z,,40.542599,75.8,membership,Payment by membership account and/or membership card,USCPIE14047321*1
ChargePoint Network,,,15623231,15623231,CLW / 5TH ST 1 (L),25208301,247,3347261631,2024-09-03T15:38:55Z,2024-09-03T16:09:57Z,,35.738899,75.466,membership,Payment by membership account and/or membership card,USCPIE15623231*1
ChargePoint Network,,,16022131,16022131,ACEPA / ACE STATION 1,25683791,247,3346173191,2024-09-03T01:56:22Z,2024-09-03T02:17:45Z,,31.769800,94.248,membership,Payment by membership account and/or membership card,USCPIE16022131*1
ChargePoint Network,,,5525971,5525971,7SPC / SPARTA TN,9154691,3,3345205751,2024-09-02T16:08:00Z,2024-09-02T16:57:21Z,,5.903626,7.2862,credit_card_terminal,Payment via credit card or debit card terminal,USCPIE5525971*2
ChargePoint Network,,,13606091,13606091,I24 EXIT11 / STATION 3 (RM),22992551,247,3343399791,2024-09-01T12:49:51Z,2024-09-01T13:19:12Z,,13.089100,43.125,other,Any other payment method not specified above. Additional description should be provided in Payment Method Description.,USCPIE13606091*1
ChargePoint Network,,,15640171,15640171,NECDC / STATION 2 (R),25228711,247,3409794451,2024-09-29T19:18:58Z,2024-09-29T19:52:52Z,,44.996700,123.045,membership,Payment by membership account and/or membership card,USCPIE15640171*1
ChargePoint Network,,,1988061,1988061,7SPC / SCES DOLLYWOOD,25499841,3,3397428071,2024-09-24T15:21:26Z,2024-09-24T15:21:50Z,,0.000000,,membership,Payment by membership account and/or membership card,USCPIE1988061*2
ChargePoint Network,,,15885251,15885251,TWICKENHAM SQ / HU - STATION 1,25520941,247,3352994571,2024-09-05T18:12:12Z,2024-09-05T18:37:12Z,,29.391399,71.779,other,Any other payment method not specified above. Additional description should be provided in Payment Method Description.,USCPIE15885251*1
ChargePoint Network,,,14047321,14047321,JEFFERSON AVE. / OXFORD STA2(R),,,3347288161,2024-09-03T15:46:57Z,2024-09-03T15:47:02Z,,0.000000,,membership,Payment by membership account and/or membership card,USCPIE14047321*0
ChargePoint Network,,,13606121,13606121,I24 EXIT11 / STATION 2 (LM),22992591,247,3350913391,2024-09-04T22:24:44Z,2024-09-04T22:29:30Z,,0.108000,0.0,credit_card_terminal,Payment via credit card or debit card terminal,USCPIE13606121*1
ChargePoint Network,,,15694171,15694171,BRIGHTRIDGE EV / STATION 1 (L),25292041,247,3388713291,2024-09-20T15:42:19Z,2024-09-20T16:32:06Z,,47.487701,75.42,membership,Payment by membership account and/or membership card,USCPIE15694171*1
ChargePoint Network,,,5122191,5122191,CULLMANELECTRIC / STATION1-L,8482151,247,3360938521,2024-09-09T12:07:57Z,2024-09-09T12:29:28Z,,14.851500,53.756,membership,Payment by membership account and/or membership card,USCPIE5122191*1
ChargePoint Network,,,14047321,14047321,JEFFERSON AVE. / OXFORD STA2(R),23514081,247,3392947521,2024-09-22T17:43:47Z,2024-09-22T17:55:32Z,,10.674800,55.271,membership,Payment by membership account and/or membership card,USCPIE14047321*1
ChargePoint Network,,,15548151,15548151,DECATURDOWNTWN / STATION 1 (R),25119511,247,3372654581,2024-09-13T20:29:04Z,2024-09-13T20:30:13Z,,0.000000,0.0,membership,Payment by membership account and/or membership card,USCPIE15548151*1
ChargePoint Network,,,14025691,14025691,PARIS BPU / STATION 1(L),23489541,247,3364071601,2024-09-10T15:45:47Z,2024-09-10T16:50:49Z,,97.721397,99.33,membership,Payment by membership account and/or membership card,USCPIE14025691*1
ChargePoint Network,,,16372061,16372061,DOWNTOWN MURPHY / MPB STATION 1,,,3389128521,2024-09-20T18:30:42Z,2024-09-20T18:32:43Z,,0.000000,,membership,Payment by membership account and/or membership card,USCPIE16372061*0
ChargePoint Network,,,13606061,13606061,I24 EXIT11 / STATION 4 (RR),22992511,247,3393698771,2024-09-23T00:21:21Z,2024-09-23T02:03:57Z,,82.845497,71.874,membership,Payment by membership account and/or membership card,USCPIE13606061*1
ChargePoint Network,,,15694171,15694171,BRIGHTRIDGE EV / STATION 1 (L),25292041,247,3380352311,2024-09-17T13:35:39Z,2024-09-17T14:24:20Z,,63.331902,87.759,membership,Payment by membership account and/or membership card,USCPIE15694171*1
ChargePoint Network,,,5122191,5122191,CULLMANELECTRIC / STATION1-L,8482151,247,3360130811,2024-09-08T23:28:18Z,2024-09-08T23:52:41Z,,22.342300,57.096,membership,Payment by membership account and/or membership card,USCPIE5122191*1
ChargePoint Network,,,15836981,15836981,TOMBIGBEE / STATION 4,25462651,247,3401163891,2024-09-25T22:23:14Z,2024-09-25T22:59:07Z,,41.897800,72.127,membership,Payment by membership account and/or membership card,USCPIE15836981*1
ChargePoint Network,,,14097711,14097711,SCOTTSBORO EPB / SEPB DCFC (R),23570811,247,3345297561,2024-09-02T17:09:28Z,2024-09-02T17:27:53Z,,21.765800,112.783,membership,Payment by membership account and/or membership card,USCPIE14097711*1
ChargePoint Network,,,15260251,15260251,STEMC / STATION 2 (R) A,24784081,247,3407674901,2024-09-28T16:04:33Z,2024-09-28T17:22:18Z,,114.680397,99.255,membership,Payment by membership account and/or membership card,USCPIE15260251*1
ChargePoint Network,,,5122191,5122191,CULLMANELECTRIC / STATION1-L,8482151,247,3364448101,2024-09-10T18:20:20Z,2024-09-10T18:46:56Z,,25.615999,68.162,membership,Payment by membership account and/or membership card,USCPIE5122191*1
ChargePoint Network,,,15548181,15548181,DECATURDOWNTWN / STATION 2 (L),25119551,247,3409287071,2024-09-29T13:33:41Z,2024-09-29T13:35:42Z,,0.063300,0.0,membership,Payment by membership account and/or membership card,USCPIE15548181*1
ChargePoint Network,,,15885251,15885251,TWICKENHAM SQ / HU - STATION 1,25520941,247,3397837341,2024-09-24T17:48:14Z,2024-09-24T20:01:57Z,,158.481293,119.592,membership,Payment by membership account and/or membership card,USCPIE15885251*1
ChargePoint Network,,,5424051,5424051,EEDEV / ELIZ DOWNTOWN,9027001,3,3409520741,2024-09-29T16:40:32Z,2024-09-29T22:07:42Z,,39.106987,7.2304,credit_card_terminal,Payment via credit card or debit card terminal,USCPIE5424051*2
ChargePoint Network,,,16022101,16022101,ACEPA / ACE STATION 2,25683761,247,3343578911,2024-09-01T15:50:55Z,2024-09-01T15:53:18Z,,0.000000,0.0,membership,Payment by membership account and/or membership card,USCPIE16022101*1
ChargePoint Network,,,13606061,13606061,I24 EXIT11 / STATION 4 (RR),22992511,247,3381191261,2024-09-17T19:03:39Z,2024-09-17T19:40:07Z,,43.475300,77.027,membership,Payment by membership account and/or membership card,USCPIE13606061*1
ChargePoint Network,,,5346231,5346231,CULLMANELECTRIC / STATION2-R,8926271,247,3400575611,2024-09-25T18:24:00Z,2024-09-25T19:11:20Z,,40.788700,78.405,membership,Payment by membership account and/or membership card,USCPIE5346231*1
ChargePoint Network,,,15729991,15729991,AEC / AEC03,25334181,3,3365086231,2024-09-10T22:37:13Z,2024-09-11T00:29:24Z,,9.248743,6.5915,membership,Payment by membership account and/or membership card,USCPIE15729991*2
ChargePoint Network,,,15729991,15729991,AEC / AEC03,25334181,3,3400680261,2024-09-25T19:12:03Z,2024-09-25T21:06:41Z,,13.750365,7.2654,membership,Payment by membership account and/or membership card,USCPIE15729991*2
ChargePoint Network,,,16249951,16249951,STARKVILLE UTIL / STATION 2 (R),25959201,247,3397767041,2024-09-24T17:14:57Z,2024-09-24T17:18:15Z,,0.000000,0.0,membership,Payment by membership account and/or membership card,USCPIE16249951*1
ChargePoint Network,,,5122191,5122191,CULLMANELECTRIC / STATION1-L,8482151,247,3407562801,2024-09-28T14:52:53Z,2024-09-28T16:25:10Z,,64.853798,75.222,membership,Payment by membership account and/or membership card,USCPIE5122191*1
ChargePoint Network,,,5346231,5346231,CULLMANELECTRIC / STATION2-R,8926271,247,3397452231,2024-09-24T15:28:23Z,2024-09-24T16:34:20Z,,25.097000,52.824,membership,Payment by membership account and/or membership card,USCPIE5346231*1
ChargePoint Network,,,16249821,16249821,STARKVILLE UTIL / STATION 1 (L),,,3404827981,2024-09-27T10:27:28Z,2024-09-27T10:27:39Z,,0.000000,,membership,Payment by membership account and/or membership card,USCPIE16249821*0
ChargePoint Network,,,13606091,13606091,I24 EXIT11 / STATION 3 (RM),22992551,247,3346562631,2024-09-03T08:27:21Z,2024-09-03T08:52:09Z,,44.964199,113.19,membership,Payment by membership account and/or membership card,USCPIE13606091*1
ChargePoint Network,,,15694081,15694081,BRIGHTRIDGE EV / STATION 2 (R),25291921,247,3350483211,2024-09-04T19:34:40Z,2024-09-04T20:45:24Z,,54.820900,74.772,credit_card_terminal,Payment via credit card or debit card terminal,USCPIE15694081*1
ChargePoint Network,,,7505851,7505851,JEFFERSON AVE. / OXFORD STA1(L),12955471,100011,3405575301,2024-09-27T16:39:07Z,2024-09-27T16:48:41Z,,3.091400,23.399,membership,Payment by membership account and/or membership card,USCPIE7505851*1
ChargePoint Network,,,5619801,5619801,7SPC / WARREN RECC BG,25687251,3,3401908741,2024-09-26T03:59:41Z,2024-09-26T06:37:08Z,,13.902869,6.3748,membership,Payment by membership account and/or membership card,USCPIE5619801*1
ChargePoint Network,,,8851921,8851921,7SPC / SEVIERVILLE DC1,15571271,207,3393518221,2024-09-22T22:55:08Z,2024-09-22T23:31:02Z,,32.387901,58.212,membership,Payment by membership account and/or membership card,USCPIE8851921*1
ChargePoint Network,,,5346231,5346231,CULLMANELECTRIC / STATION2-R,8926271,247,3406379811,2024-09-27T22:32:37Z,2024-09-27T22:43:29Z,,11.233600,0.0,membership,Payment by membership account and/or membership card,USCPIE5346231*1
ChargePoint Network,,,15332351,15332351,TUA NW ATLANTIC / STATION 2 (R),24867891,247,3344019591,2024-09-01T20:40:47Z,2024-09-01T21:14:20Z,,11.253500,30.639,membership,Payment by membership account and/or membership card,USCPIE15332351*1
ChargePoint Network,,,5354011,5354011,7SPC / GREENEVILLE TA,8936791,207,3400191741,2024-09-25T15:49:15Z,2024-09-25T16:03:54Z,,13.800400,61.757,membership,Payment by membership account and/or membership card,USCPIE5354011*1
ChargePoint Network,,,14047321,14047321,JEFFERSON AVE. / OXFORD STA2(R),23514081,247,3356424091,2024-09-06T23:36:39Z,2024-09-06T23:39:34Z,,0.000000,0.0,credit_card_terminal,Payment via credit card or debit card terminal,USCPIE14047321*1
ChargePoint Network,,,15885771,15885771,TWICKENHAM SQ / HU - STATION 4,25521581,247,3376276521,2024-09-15T18:36:43Z,2024-09-15T19:21:38Z,,64.293701,121.329,membership,Payment by membership account and/or membership card,USCPIE15885771*1
ChargePoint Network,,,5565291,5565291,7SPC / SCES LECONTE 1,9205191,3,3355444371,2024-09-06T16:35:50Z,2024-09-06T17:46:38Z,,3.589292,3.739,membership,Payment by membership account and/or membership card,USCPIE5565291*1
ChargePoint Network,,,5565241,5565241,7SPC / SCES LECONTE 4,9205111,3,3348892241,2024-09-04T02:59:15Z,2024-09-04T04:44:19Z,,5.801373,3.7456,membership,Payment by membership account and/or membership card,USCPIE5565241*2
ChargePoint Network,,,15694081,15694081,BRIGHTRIDGE EV / STATION 2 (R),25291921,247,3386896491,2024-09-19T21:19:01Z,2024-09-19T21:39:49Z,,19.450199,75.056,membership,Payment by membership account and/or membership card,USCPIE15694081*1
ChargePoint Network,,,15280471,15280471,SPRFLD ELECTRIC / STATION 1 (L),24807681,247,3362199191,2024-09-09T20:48:49Z,2024-09-09T21:28:03Z,,22.907200,53.043,membership,Payment by membership account and/or membership card,USCPIE15280471*1
ChargePoint Network,,,9677521,9677521,UT PARKING / S7 STATION 1,17169341,3,3361433481,2024-09-09T15:33:50Z,2024-09-09T18:55:16Z,,22.661678,6.8527,membership,Payment by membership account and/or membership card,USCPIE9677521*2
ChargePoint Network,,,15694171,15694171,BRIGHTRIDGE EV / STATION 1 (L),25292041,247,3394904861,2024-09-23T15:38:49Z,2024-09-23T16:26:25Z,,67.443802,123.045,membership,Payment by membership account and/or membership card,USCPIE15694171*1
ChargePoint Network,,,1988061,1988061,7SPC / SCES DOLLYWOOD,25499831,3,3374073151,2024-09-14T14:13:00Z,2024-09-14T14:13:39Z,,0.001840,1.0634,membership,Payment by membership account and/or membership card,USCPIE1988061*1
ChargePoint Network,,,16022131,16022131,ACEPA / ACE STATION 1,25683791,247,3356303071,2024-09-06T22:44:29Z,2024-09-06T23:48:37Z,,31.309500,77.415,membership,Payment by membership account and/or membership card,USCPIE16022131*1
ChargePoint Network,,,5424051,5424051,EEDEV / ELIZ DOWNTOWN,9027001,3,3358233831,2024-09-07T22:08:14Z,2024-09-08T00:04:25Z,,13.930828,7.3531,membership,Payment by membership account and/or membership card,USCPIE5424051*2
ChargePoint Network,,,13966811,13966811,BEA / STATION 2 (LM),23420881,247,3347488471,2024-09-03T16:58:20Z,2024-09-03T17:59:46Z,,32.819302,52.895,membership,Payment by membership account and/or membership card,USCPIE13966811*1
ChargePoint Network,,,13292801,13292801,LODGE CAST IRON / STORE & MUSEUM,22637561,3,3378292701,2024-09-16T16:28:34Z,2024-09-16T18:13:17Z,,4.816592,3.8107,credit_card_terminal,Payment via credit card or debit card terminal,USCPIE13292801*2
ChargePoint Network,,,16244751,16244751,TOMBIGBEE / STATION 1,25952971,247,3349903381,2024-09-04T15:37:21Z,2024-09-04T16:17:46Z,,46.891998,75.648,credit_card_terminal,Payment via credit card or debit card terminal,USCPIE16244751*1
ChargePoint Network,,,682921,682921,7SPC / TVPPA OFFICE,9117251,3,3402532691,2024-09-26T13:56:34Z,2024-09-26T18:38:15Z,,27.824059,5.9834,membership,Payment by membership account and/or membership card,USCPIE682921*1
ChargePoint Network,,,12720861,12720861,WRECC / STATION 2,21977121,247,3369737301,2024-09-12T18:12:53Z,2024-09-12T19:17:37Z,,105.809601,113.373,membership,Payment by membership account and/or membership card,USCPIE12720861*1
ChargePoint Network,,,15684301,15684301,MLEC / STATION 1 (L) W,,,3400346441,2024-09-25T16:39:11Z,2024-09-25T16:41:12Z,,0.000000,,membership,Payment by membership account and/or membership card,USCPIE15684301*0
ChargePoint Network,,,1921531,1921531,STARKVILLE UTIL / STARKVILLE REC,2268551,3,3391817161,2024-09-21T23:27:06Z,2024-09-22T02:34:38Z,,23.263042,7.5239,membership,Payment by membership account and/or membership card,USCPIE1921531*1
ChargePoint Network,,,9677521,9677521,UT PARKING / S7 STATION 1,17169331,3,3361599351,2024-09-09T16:26:13Z,2024-09-09T19:43:54Z,,22.885504,7.0546,membership,Payment by membership account and/or membership card,USCPIE9677521*1
ChargePoint Network,,,1988061,1988061,7SPC / SCES DOLLYWOOD,25499831,3,3389886821,2024-09-20T23:59:37Z,2024-09-21T01:16:19Z,,9.194180,7.3033,membership,Payment by membership account and/or membership card,USCPIE1988061*1
ChargePoint Network,,,13423691,13423691,AEC / STATION #1 (L),22787121,247,3409175361,2024-09-29T08:55:05Z,2024-09-29T09:22:41Z,,33.851299,82.763,membership,Payment by membership account and/or membership card,USCPIE13423691*1
ChargePoint Network,,,15885791,15885791,TWICKENHAM SQ / HU - STATION 3,25521611,247,3343684811,2024-09-01T17:06:49Z,2024-09-01T17:18:49Z,,12.636500,120.87,membership,Payment by membership account and/or membership card,USCPIE15885791*1
ChargePoint Network,,,15548151,15548151,DECATURDOWNTWN / STATION 1 (R),25119511,247,3344164081,2024-09-01T20:56:24Z,2024-09-01T20:57:17Z,,0.000000,0.0,credit_card_terminal,Payment via credit card or debit card terminal,USCPIE15548151*1
ChargePoint Network,,,13861891,13861891,BRMEMC / STATION 2,23296321,100011,3408091621,2024-09-28T19:54:30Z,2024-09-28T20:51:08Z,,31.724701,52.196,membership,Payment by membership account and/or membership card,USCPIE13861891*1
ChargePoint Network,,,5350831,5350831,CULLMANELECTRIC / CEC MAIN OFFICE,8932491,3,3409298961,2024-09-29T13:47:13Z,2024-09-29T17:43:03Z,,24.018009,6.1532,membership,Payment by membership account and/or membership card,USCPIE5350831*1
ChargePoint Network,,,7505851,7505851,JEFFERSON AVE. / OXFORD STA1(L),12955471,247,3374861011,2024-09-14T21:46:32Z,2024-09-14T21:54:12Z,,8.186800,0.0,membership,Payment by membership account and/or membership card,USCPIE7505851*1
ChargePoint Network,,,13643831,13643831,PEPA / STATION 1,23036511,247,3407666461,2024-09-28T16:00:21Z,2024-09-28T16:12:38Z,,13.223100,0.0,credit_card_terminal,Payment via credit card or debit card terminal,USCPIE13643831*1
ChargePoint Network,,,12720881,12720881,WRECC / STATION 1,21977141,247,3348811831,2024-09-04T02:06:10Z,2024-09-04T03:27:31Z,,39.183998,73.43,membership,Payment by membership account and/or membership card,USCPIE12720881*1
ChargePoint Network,,,15694081,15694081,BRIGHTRIDGE EV / STATION 2 (R),25291921,100011,3398717691,2024-09-24T23:46:19Z,2024-09-25T00:32:47Z,,33.462502,52.958,membership,Payment by membership account and/or membership card,USCPIE15694081*1
ChargePoint Network,,,15548151,15548151,DECATURDOWNTWN / STATION 1 (R),25119511,247,3353126061,2024-09-05T19:10:16Z,2024-09-05T20:01:33Z,,51.214199,64.092,membership,Payment by membership account and/or membership card,USCPIE15548151*1
ChargePoint Network,,,14337501,14337501,HOLSTONELECTRIC / CHURCH HILL-2,23845091,100011,3404843941,2024-09-27T10:54:46Z,2024-09-27T11:52:21Z,,38.698101,52.819,credit_card_terminal,Payment via credit card or debit card terminal,USCPIE14337501*1
ChargePoint Network,,,15548151,15548151,DECATURDOWNTWN / STATION 1 (R),25119511,247,3405832251,2024-09-27T18:38:49Z,2024-09-27T19:32:11Z,,57.696800,74.466,membership,Payment by membership account and/or membership card,USCPIE15548151*1
ChargePoint Network,,,12720881,12720881,WRECC / STATION 1,21977141,247,3343791861,2024-09-01T18:17:05Z,2024-09-01T18:57:09Z,,22.158800,54.111,credit_card_terminal,Payment via credit card or debit card terminal,USCPIE12720881*1
ChargePoint Network,,,15280441,15280441,SPRFLD ELECTRIC / STATION 2 (R),24807641,247,3408185341,2024-09-28T20:45:31Z,2024-09-28T21:05:56Z,,19.778700,69.12,membership,Payment by membership account and/or membership card,USCPIE15280441*1
ChargePoint Network,,,1964521,1964521,EBOFG / GUNTERSVILLE PD,8374211,3,3364247831,2024-09-10T16:47:20Z,2024-09-10T21:48:27Z,,9.789800,3.6866,membership,Payment by membership account and/or membership card,USCPIE1964521*2
ChargePoint Network,,,14047321,14047321,JEFFERSON AVE. / OXFORD STA2(R),23514081,247,3369638831,2024-09-12T17:26:53Z,2024-09-12T17:54:27Z,,33.021500,77.417,membership,Payment by membership account and/or membership card,USCPIE14047321*1
ChargePoint Network,,,13880891,13880891,MU / MUC MAIN OFFICE,23319021,3,3371976041,2024-09-13T15:47:52Z,2024-09-13T15:50:00Z,,0.225617,7.167,membership,Payment by membership account and/or membership card,USCPIE13880891*2
ChargePoint Network,,,16093931,16093931,BCES / CSN-01577436,25770831,247,3367354001,2024-09-11T20:10:58Z,2024-09-11T20:53:46Z,,30.841400,54.682,membership,Payment by membership account and/or membership card,USCPIE16093931*1
ChargePoint Network,,,1921351,1921351,STARKVILLE UTIL / STARKVILLE DWTN,23682571,3,3375361031,2024-09-15T02:19:32Z,2024-09-15T02:21:32Z,,0.000000,0.0,membership,Payment by membership account and/or membership card,USCPIE1921351*1
ChargePoint Network,,,15293211,15293211,TRNG CENTER / TRAININGCENTER1,24823101,3,3345228411,2024-09-02T16:23:56Z,2024-09-02T19:25:45Z,,18.216469,6.1146,membership,Payment by membership account and/or membership card,USCPIE15293211*1
ChargePoint Network,,,14355251,14355251,HARTSELLE 1 / STATION 2 (R),23865691,247,3359829591,2024-09-08T20:50:29Z,2024-09-08T21:17:51Z,,31.156300,95.25,membership,Payment by membership account and/or membership card,USCPIE14355251*1
ChargePoint Network,,,1988141,1988141,7SPC / SCES DREAM MORE,2355561,3,3363863931,2024-09-10T14:44:33Z,2024-09-10T16:32:09Z,,2.640724,6.9291,roaming,Payment via roaming partners,USCPIE1988141*1
ChargePoint Network,,,13659871,13659871,LAWRENCEBURG / STATION 2 (R),23054921,247,3361096951,2024-09-09T13:26:12Z,2024-09-09T14:07:18Z,,44.613800,68.359,membership,Payment by membership account and/or membership card,USCPIE13659871*1
ChargePoint Network,,,15885771,15885771,TWICKENHAM SQ / HU - STATION 4,25521581,247,3410164201,2024-09-29T22:36:42Z,2024-09-29T23:12:04Z,,16.557800,49.228,membership,Payment by membership account and/or membership card,USCPIE15885771*1
ChargePoint Network,,,13861891,13861891,BRMEMC / STATION 2,23296321,247,3344065681,2024-09-01T21:10:06Z,2024-09-01T21:17:31Z,,12.241700,108.935,membership,Payment by membership account and/or membership card,USCPIE13861891*1
ChargePoint Network,,,13880891,13880891,MU / MUC MAIN OFFICE,23319011,3,3403676541,2024-09-26T21:23:26Z,2024-09-26T21:24:23Z,,0.000000,,credit_card_terminal,Payment via credit card or debit card terminal,USCPIE13880891*1
ChargePoint Network,,,14083171,14083171,STEMC / STATION 1 (L) H,23554721,247,3391153281,2024-09-21T17:31:48Z,2024-09-21T18:26:44Z,,51.174099,76.83,credit_card_terminal,Payment via credit card or debit card terminal,USCPIE14083171*1
ChargePoint Network,,,13659871,13659871,LAWRENCEBURG / STATION 2 (R),23054921,247,3346692641,2024-09-03T11:51:07Z,2024-09-03T12:15:45Z,,44.081600,122.583,membership,Payment by membership account and/or membership card,USCPIE13659871*1
ChargePoint Network,,,15885771,15885771,TWICKENHAM SQ / HU - STATION 4,25521581,100011,3392927251,2024-09-22T17:31:07Z,2024-09-22T18:05:26Z,,0.000000,0.0,credit_card_terminal,Payment via credit card or debit card terminal,USCPIE15885771*1
ChargePoint Network,,,15548181,15548181,DECATURDOWNTWN / STATION 2 (L),25119551,247,3374027941,2024-09-14T13:32:50Z,2024-09-14T14:22:03Z,,49.675301,64.746,membership,Payment by membership account and/or membership card,USCPIE15548181*1
ChargePoint Network,,,16249821,16249821,STARKVILLE UTIL / STATION 1 (L),25959011,247,3404828391,2024-09-27T10:28:31Z,2024-09-27T10:29:19Z,,0.207200,0.0,membership,Payment by membership account and/or membership card,USCPIE16249821*1
ChargePoint Network,,,14047321,14047321,JEFFERSON AVE. / OXFORD STA2(R),,,3343420921,2024-09-01T13:20:00Z,2024-09-01T13:20:04Z,,0.000000,,membership,Payment by membership account and/or membership card,USCPIE14047321*0
ChargePoint Network,,,5346231,5346231,CULLMANELECTRIC / STATION2-R,8926271,247,3348013831,2024-09-03T20:44:52Z,2024-09-03T21:22:38Z,,48.973499,80.947,membership,Payment by membership account and/or membership card,USCPIE5346231*1
ChargePoint Network,,,1921351,1921351,STARKVILLE UTIL / STARKVILLE DWTN,23682581,3,3390183711,2024-09-21T02:18:32Z,2024-09-21T14:16:05Z,,59.666477,7.4075,membership,Payment by membership account and/or membership card,USCPIE1921351*2
ChargePoint Network,,,15694171,15694171,BRIGHTRIDGE EV / STATION 1 (L),25292041,247,3357425701,2024-09-07T14:23:01Z,2024-09-07T14:46:57Z,,15.804500,58.673,membership,Payment by membership account and/or membership card,USCPIE15694171*1
ChargePoint Network,,,13606061,13606061,I24 EXIT11 / STATION 4 (RR),22992511,247,3398827111,2024-09-25T00:31:14Z,2024-09-25T01:02:17Z,,32.445202,76.599,membership,Payment by membership account and/or membership card,USCPIE13606061*1
ChargePoint Network,,,7505851,7505851,JEFFERSON AVE. / OXFORD STA1(L),12955471,247,3390348681,2024-09-21T03:47:24Z,2024-09-21T04:17:31Z,,35.576599,76.031,membership,Payment by membership account and/or membership card,USCPIE7505851*1
ChargePoint Network,,,14047321,14047321,JEFFERSON AVE. / OXFORD STA2(R),23514081,247,3391492151,2024-09-21T20:36:44Z,2024-09-21T21:48:41Z,,68.050903,77.223,credit_card_terminal,Payment via credit card or debit card terminal,USCPIE14047321*1
ChargePoint Network,,,5565241,5565241,7SPC / SCES LECONTE 4,9205111,3,3345894791,2024-09-02T23:15:01Z,2024-09-02T23:16:17Z,,0.096837,7.0465,membership,Payment by membership account and/or membership card,USCPIE5565241*2
ChargePoint Network,,,13290491,13290491,7SPC / NASA USSRC L,25742681,3,3356033051,2024-09-06T20:50:42Z,2024-09-06T21:53:06Z,,6.194520,6.0982,membership,Payment by membership account and/or membership card,USCPIE13290491*2
ChargePoint Network,,,5346231,5346231,CULLMANELECTRIC / STATION2-R,8926271,247,3345662481,2024-09-02T20:59:44Z,2024-09-02T21:00:57Z,,0.000000,0.0,membership,Payment by membership account and/or membership card,USCPIE5346231*1
ChargePoint Network,,,15836871,15836871,TOMBIGBEE / STATION 3,25462501,247,3385231181,2024-09-19T05:40:59Z,2024-09-19T06:13:33Z,,36.499802,74.071,membership,Payment by membership account and/or membership card,USCPIE15836871*1
ChargePoint Network,,,13606061,13606061,I24 EXIT11 / STATION 4 (RR),22992511,247,3348184271,2024-09-03T21:53:16Z,2024-09-03T21:54:17Z,,0.000000,0.0,credit_card_terminal,Payment via credit card or debit card terminal,USCPIE13606061*1
ChargePoint Network,,,13423691,13423691,AEC / STATION #1 (L),22787121,247,3388453941,2024-09-20T14:08:02Z,2024-09-20T16:23:39Z,,58.402500,100.827,credit_card_terminal,Payment via credit card or debit card terminal,USCPIE13423691*1
ChargePoint Network,,,6867451,6867451,AEC / CORP OFFICE,11708151,3,3393272001,2024-09-22T20:42:52Z,2024-09-22T20:44:54Z,,0.000000,0.0,membership,Payment by membership account and/or membership card,USCPIE6867451*2
ChargePoint Network,,,682921,682921,7SPC / TVPPA OFFICE,9117251,3,3398166751,2024-09-24T20:08:41Z,2024-09-24T20:10:41Z,,0.000000,0.0,membership,Payment by membership account and/or membership card,USCPIE682921*1
ChargePoint Network,,,14097711,14097711,SCOTTSBORO EPB / SEPB DCFC (R),23570811,247,3353433321,2024-09-05T21:13:01Z,2024-09-05T21:20:25Z,,7.597300,72.323,membership,Payment by membership account and/or membership card,USCPIE14097711*1
ChargePoint Network,,,13651631,13651631,MLEC / STATION 2 (R) H,23045821,100011,3372866341,2024-09-13T22:00:32Z,2024-09-13T22:11:03Z,,3.000200,0.0,membership,Payment by membership account and/or membership card,USCPIE13651631*1
ChargePoint Network,,,14047321,14047321,JEFFERSON AVE. / OXFORD STA2(R),23514081,247,3367930421,2024-09-12T00:01:54Z,2024-09-12T00:07:09Z,,5.772900,0.0,membership,Payment by membership account and/or membership card,USCPIE14047321*1
ChargePoint Network,,,15548181,15548181,DECATURDOWNTWN / STATION 2 (L),25119551,247,3375946231,2024-09-15T15:05:28Z,2024-09-15T15:31:06Z,,24.121799,59.691,membership,Payment by membership account and/or membership card,USCPIE15548181*1
ChargePoint Network,,,12406491,12406491,FPIA / LEFT STATION,21527781,100011,3344888451,2024-09-02T08:14:05Z,2024-09-02T08:45:35Z,,21.660400,53.236,membership,Payment by membership account and/or membership card,USCPIE12406491*1
ChargePoint Network,,,12720861,12720861,WRECC / STATION 2,21977121,247,3355328641,2024-09-06T15:54:19Z,2024-09-06T16:20:01Z,,29.086500,76.0,membership,Payment by membership account and/or membership card,USCPIE12720861*1
ChargePoint Network,,,15623211,15623211,CLW / 5TH ST 2 (R),25208281,247,3349564301,2024-09-04T13:32:18Z,2024-09-04T14:32:18Z,,56.441700,71.599,membership,Payment by membership account and/or membership card,USCPIE15623211*1
ChargePoint Network,,,13664501,13664501,BTES / STATION 4 (RR),23060561,100011,3410025611,2024-09-29T21:24:08Z,2024-09-30T12:24:36Z,,3.682000,30.415,credit_card_terminal,Payment via credit card or debit card terminal,USCPIE13664501*1
ChargePoint Network,,,16311861,16311861,KIMBALL EV CHG / STATION 2 (R),26032351,247,3387077531,2024-09-19T22:30:24Z,2024-09-19T22:31:25Z,,0.459600,0.0,credit_card_terminal,Payment via credit card or debit card terminal,USCPIE16311861*1
ChargePoint Network,,,14047321,14047321,JEFFERSON AVE. / OXFORD STA2(R),23514081,247,3399452851,2024-09-25T07:59:55Z,2024-09-25T08:16:02Z,,18.806101,0.0,membership,Payment by membership account and/or membership card,USCPIE14047321*1
ChargePoint Network,,,7505851,7505851,JEFFERSON AVE. / OXFORD STA1(L),12955471,247,3407650051,2024-09-28T15:50:00Z,2024-09-28T16:23:21Z,,33.854301,70.4,credit_card_terminal,Payment via credit card or debit card terminal,USCPIE7505851*1
ChargePoint Network,,,1921531,1921531,STARKVILLE UTIL / STARKVILLE REC,2268561,3,3343365001,2024-09-01T11:44:44Z,2024-09-01T19:50:49Z,,59.193333,7.5009,membership,Payment by membership account and/or membership card,USCPIE1921531*2
ChargePoint Network,,,5565291,5565291,7SPC / SCES LECONTE 1,9205201,3,3375365341,2024-09-15T02:24:37Z,2024-09-15T12:45:25Z,,26.132919,0.0,membership,Payment by membership account and/or membership card,USCPIE5565291*2
ChargePoint Network,,,12406491,12406491,FPIA / LEFT STATION,21527781,247,3376802241,2024-09-15T23:18:20Z,2024-09-15T23:42:43Z,,24.172300,113.412,membership,Payment by membership account and/or membership card,USCPIE12406491*1
ChargePoint Network,,,13659831,13659831,LAWRENCEBURG / STATION 1 (L),23054881,247,3376976051,2024-09-16T00:47:26Z,2024-09-16T01:11:48Z,,26.744499,68.162,membership,Payment by membership account and/or membership card,USCPIE13659831*1
ChargePoint Network,,,5122191,5122191,CULLMANELECTRIC / STATION1-L,8482151,247,3381741281,2024-09-17T22:44:33Z,2024-09-17T23:02:06Z,,19.782700,72.666,membership,Payment by membership account and/or membership card,USCPIE5122191*1
ChargePoint Network,,,5466441,5466441,7SPC / NASA USSRC R,9079361,3,3391466231,2024-09-21T20:22:14Z,2024-09-21T21:45:52Z,,7.972810,6.0109,membership,Payment by membership account and/or membership card,USCPIE5466441*1
ChargePoint Network,,,12676071,12676071,NEMEPA / NEMEPA EMPLOYEE,21923351,3,3366453061,2024-09-11T14:23:29Z,2024-09-16T12:35:37Z,,69.019974,0.0,membership,Payment by membership account and/or membership card,USCPIE12676071*1
ChargePoint Network,,,15815141,15815141,GEA-1 / STATION 1 (L),25435121,247,3409686011,2024-09-29T18:18:44Z,2024-09-29T18:51:39Z,,30.356199,75.459,credit_card_terminal,Payment via credit card or debit card terminal,USCPIE15815141*1
ChargePoint Network,,,13292801,13292801,LODGE CAST IRON / STORE & MUSEUM,22637561,3,3343450571,2024-09-01T13:54:52Z,2024-09-01T15:18:49Z,,9.679959,6.9969,membership,Payment by membership account and/or membership card,USCPIE13292801*2
ChargePoint Network,,,5414151,5414151,7SPC / UC - CARTHAGE,9014641,3,3344085071,2024-09-01T21:21:37Z,2024-09-01T22:50:58Z,,10.898492,7.3979,membership,Payment by membership account and/or membership card,USCPIE5414151*1
ChargePoint Network,,,1964521,1964521,EBOFG / GUNTERSVILLE PD,8374201,3,3403249611,2024-09-26T18:26:31Z,2024-09-26T20:17:25Z,,13.541039,7.4216,membership,Payment by membership account and/or membership card,USCPIE1964521*1
ChargePoint Network,,,15640171,15640171,NECDC / STATION 2 (R),25228711,100011,3394994411,2024-09-23T16:05:30Z,2024-09-23T16:58:51Z,,13.926400,48.831,membership,Payment by membership account and/or membership card,USCPIE15640171*1
ChargePoint Network,,,12720861,12720861,WRECC / STATION 2,21977121,247,3409564051,2024-09-29T17:06:59Z,2024-09-29T17:07:12Z,,0.000000,0.0,membership,Payment by membership account and/or membership card,USCPIE12720861*1
ChargePoint Network,,,13164881,13164881,BTES / STATION 2 (LM),22491051,247,3374465321,2024-09-14T18:12:49Z,2024-09-14T18:43:19Z,,27.064501,75.648,credit_card_terminal,Payment via credit card or debit card terminal,USCPIE13164881*1
ChargePoint Network,,,16244751,16244751,TOMBIGBEE / STATION 1,25952971,247,3344073101,2024-09-01T21:14:53Z,2024-09-01T21:47:18Z,,40.742401,85.301,membership,Payment by membership account and/or membership card,USCPIE16244751*1
ChargePoint Network,,,13292801,13292801,LODGE CAST IRON / STORE & MUSEUM,22637561,3,3409465141,2024-09-29T16:04:45Z,2024-09-29T16:18:42Z,,1.567762,6.9098,membership,Payment by membership account and/or membership card,USCPIE13292801*2
ChargePoint Network,,,15555831,15555831,FPU / STATION 2 (R),25128511,247,3376332931,2024-09-15T19:10:00Z,2024-09-15T20:00:39Z,,37.178799,73.8,membership,Payment by membership account and/or membership card,USCPIE15555831*1
ChargePoint Network,,,5354011,5354011,7SPC / GREENEVILLE TA,8936791,207,3397578511,2024-09-24T16:04:02Z,2024-09-24T16:15:40Z,,10.880300,61.479,membership,Payment by membership account and/or membership card,USCPIE5354011*1
ChargePoint Network,,,5565291,5565291,7SPC / SCES LECONTE 1,9205201,3,3401038901,2024-09-25T21:34:52Z,2024-09-26T03:30:57Z,,41.807011,7.1404,credit_card_terminal,Payment via credit card or debit card terminal,USCPIE5565291*2
ChargePoint Network,,,16311861,16311861,KIMBALL EV CHG / STATION 2 (R),26032351,247,3383898141,2024-09-18T19:17:30Z,2024-09-18T19:19:14Z,,0.000000,0.0,credit_card_terminal,Payment via credit card or debit card terminal,USCPIE16311861*1
ChargePoint Network,,,15694171,15694171,BRIGHTRIDGE EV / STATION 1 (L),25292041,247,3359558041,2024-09-08T18:15:32Z,2024-09-08T18:46:58Z,,27.323400,116.732,membership,Payment by membership account and/or membership card,USCPIE15694171*1
ChargePoint Network,,,13861891,13861891,BRMEMC / STATION 2,23296321,247,3371715581,2024-09-13T14:10:30Z,2024-09-13T15:42:16Z,,88.090698,86.239,credit_card_terminal,Payment via credit card or debit card terminal,USCPIE13861891*1
ChargePoint Network,,,14047321,14047321,JEFFERSON AVE. / OXFORD STA2(R),23514081,247,3389530321,2024-09-20T21:21:00Z,2024-09-20T22:41:35Z,,68.517700,81.024,membership,Payment by membership account and/or membership card,USCPIE14047321*1
ChargePoint Network,,,15623231,15623231,CLW / 5TH ST 1 (L),25208301,247,3388404311,2024-09-20T13:47:05Z,2024-09-20T15:28:17Z,,63.143902,77.599,membership,Payment by membership account and/or membership card,USCPIE15623231*1
ChargePoint Network,,,13651631,13651631,MLEC / STATION 2 (R) H,23045821,247,3399100611,2024-09-25T02:36:46Z,2024-09-25T02:54:41Z,,28.721399,120.12,membership,Payment by membership account and/or membership card,USCPIE13651631*1
ChargePoint Network,,,12448521,12448521,7SPC / WARREN RECC LF,21576921,3,3366491031,2024-09-11T14:37:58Z,2024-09-11T17:39:00Z,,18.413300,,credit_card_terminal,Payment via credit card or debit card terminal,USCPIE12448521*2
ChargePoint Network,,,13606061,13606061,I24 EXIT11 / STATION 4 (RR),22992511,247,3398687851,2024-09-24T23:34:19Z,2024-09-25T00:19:30Z,,43.345901,69.737,membership,Payment by membership account and/or membership card,USCPIE13606061*1
ChargePoint Network,,,15684301,15684301,MLEC / STATION 1 (L) W,,,3400415001,2024-09-25T17:08:26Z,2024-09-25T17:10:27Z,,0.000000,,membership,Payment by membership account and/or membership card,USCPIE15684301*0
ChargePoint Network,,,15729991,15729991,AEC / AEC03,25334171,3,3348506431,2024-09-03T23:56:55Z,2024-09-04T00:23:15Z,,3.070140,7.1568,membership,Payment by membership account and/or membership card,USCPIE15729991*1
ChargePoint Network,,,12989161,12989161,BTES / CITY HALL,22285811,3,3379361341,2024-09-17T00:09:02Z,2024-09-17T01:40:10Z,,10.901676,7.2534,membership,Payment by membership account and/or membership card,USCPIE12989161*1
ChargePoint Network,,,15885151,15885151,TWICKENHAM SQ / HU - STATION 2,25520801,247,3396104921,2024-09-23T23:56:08Z,2024-09-24T00:49:46Z,,35.844501,53.723,membership,Payment by membership account and/or membership card,USCPIE15885151*1
ChargePoint Network,,,15694081,15694081,BRIGHTRIDGE EV / STATION 2 (R),25291921,100011,3407921971,2024-09-28T18:23:55Z,2024-09-28T19:38:51Z,,51.077599,52.026,membership,Payment by membership account and/or membership card,USCPIE15694081*1
ChargePoint Network,,,15885791,15885791,TWICKENHAM SQ / HU - STATION 3,25521611,247,3409452271,2024-09-29T15:56:14Z,2024-09-29T16:26:07Z,,40.991100,84.41,membership,Payment by membership account and/or membership card,USCPIE15885791*1
ChargePoint Network,,,14047321,14047321,JEFFERSON AVE. / OXFORD STA2(R),23514081,247,3379018141,2024-09-16T21:49:51Z,2024-09-16T23:13:44Z,,77.769997,71.511,membership,Payment by membership account and/or membership card,USCPIE14047321*1
ChargePoint Network,,,13606091,13606091,I24 EXIT11 / STATION 3 (RM),22992551,247,3393974021,2024-09-23T03:08:17Z,2024-09-23T03:46:33Z,,15.006200,68.111,other,Any other payment method not specified above. Additional description should be provided in Payment Method Description.,USCPIE13606091*1
ChargePoint Network,,,13643831,13643831,PEPA / STATION 1,23036511,247,3392974461,2024-09-22T18:00:03Z,2024-09-22T18:10:50Z,,12.517100,0.0,membership,Payment by membership account and/or membership card,USCPIE13643831*1
ChargePoint Network,,,8851921,8851921,7SPC / SEVIERVILLE DC1,15571271,207,3409438331,2024-09-29T15:46:39Z,2024-09-29T16:02:37Z,,11.012200,43.363,membership,Payment by membership account and/or membership card,USCPIE8851921*1
ChargePoint Network,,,13861891,13861891,BRMEMC / STATION 2,23296321,247,3392149561,2024-09-22T02:38:32Z,2024-09-22T03:02:24Z,,29.493500,79.772,membership,Payment by membership account and/or membership card,USCPIE13861891*1
ChargePoint Network,,,12406491,12406491,FPIA / LEFT STATION,21527781,247,3374094551,2024-09-14T14:30:34Z,2024-09-14T15:02:16Z,,48.064499,123.845,membership,Payment by membership account and/or membership card,USCPIE12406491*1
ChargePoint Network,,,16249821,16249821,STARKVILLE UTIL / STATION 1 (L),25959011,247,3375360311,2024-09-15T02:20:55Z,2024-09-15T02:48:02Z,,31.725901,73.108,credit_card_terminal,Payment via credit card or debit card terminal,USCPIE16249821*1
ChargePoint Network,,,14097711,14097711,SCOTTSBORO EPB / SEPB DCFC (R),23570811,247,3390941711,2024-09-21T15:26:30Z,2024-09-21T15:27:29Z,,0.000000,0.0,membership,Payment by membership account and/or membership card,USCPIE14097711*1
ChargePoint Network,,,15623211,15623211,CLW / 5TH ST 2 (R),25208281,247,3405466391,2024-09-27T15:57:58Z,2024-09-27T16:03:45Z,,6.740900,84.906,membership,Payment by membership account and/or membership card,USCPIE15623211*1
ChargePoint Network,,,13423691,13423691,AEC / STATION #1 (L),22787121,247,3403543951,2024-09-26T20:27:41Z,2024-09-26T21:16:53Z,,40.981300,75.851,membership,Payment by membership account and/or membership card,USCPIE13423691*1
ChargePoint Network,,,13659871,13659871,LAWRENCEBURG / STATION 2 (R),23054921,247,3367365981,2024-09-11T20:15:33Z,2024-09-11T20:52:41Z,,58.702000,98.648,membership,Payment by membership account and/or membership card,USCPIE13659871*1
ChargePoint Network,,,5619801,5619801,7SPC / WARREN RECC BG,25687251,3,3393513931,2024-09-22T22:52:34Z,2024-09-23T04:08:46Z,,30.323162,6.3803,membership,Payment by membership account and/or membership card,USCPIE5619801*1
ChargePoint Network,,,15885771,15885771,TWICKENHAM SQ / HU - STATION 4,25521581,247,3356639721,2024-09-07T01:16:17Z,2024-09-07T01:52:19Z,,27.515301,53.723,membership,Payment by membership account and/or membership card,USCPIE15885771*1
ChargePoint Network,,,12406401,12406401,FPIA / RIGHT STATION,21527671,247,3406564031,2024-09-27T23:57:19Z,2024-09-28T00:09:06Z,,13.786600,73.032,membership,Payment by membership account and/or membership card,USCPIE12406401*1
ChargePoint Network,,,12989161,12989161,BTES / CITY HALL,22285821,3,3393586431,2024-09-22T23:24:45Z,2024-09-23T00:48:20Z,,9.710344,7.0545,membership,Payment by membership account and/or membership card,USCPIE12989161*2
ChargePoint Network,,,15548181,15548181,DECATURDOWNTWN / STATION 2 (L),25119551,247,3367341651,2024-09-11T20:06:14Z,2024-09-11T20:19:35Z,,23.881399,113.925,membership,Payment by membership account and/or membership card,USCPIE15548181*1
ChargePoint Network,,,8851921,8851921,7SPC / SEVIERVILLE DC1,15571271,207,3374154691,2024-09-14T15:11:44Z,2024-09-14T15:38:13Z,,21.137300,58.889,membership,Payment by membership account and/or membership card,USCPIE8851921*1
ChargePoint Network,,,13606121,13606121,I24 EXIT11 / STATION 2 (LM),22992591,247,3407867561,2024-09-28T17:54:21Z,2024-09-28T18:35:02Z,,59.040501,124.019,membership,Payment by membership account and/or membership card,USCPIE13606121*1
ChargePoint Network,,,15623211,15623211,CLW / 5TH ST 2 (R),,,3356555521,2024-09-07T00:38:16Z,2024-09-07T00:40:18Z,,0.000000,,membership,Payment by membership account and/or membership card,USCPIE15623211*0
ChargePoint Network,,,14355271,14355271,HARTSELLE 1 / STATION 1 (L),23865711,247,3373347651,2024-09-14T01:36:22Z,2024-09-14T02:22:03Z,,65.208397,121.101,membership,Payment by membership account and/or membership card,USCPIE14355271*1
ChargePoint Network,,,5397731,5397731,EEDEV / MILLIGAN UNIV,9010251,3,3378408161,2024-09-16T17:18:14Z,2024-09-16T19:19:59Z,,15.124503,7.5282,membership,Payment by membership account and/or membership card,USCPIE5397731*1
ChargePoint Network,,,5354011,5354011,7SPC / GREENEVILLE TA,8936791,207,3376295601,2024-09-15T18:48:41Z,2024-09-15T19:11:59Z,,21.359600,56.672,membership,Payment by membership account and/or membership card,USCPIE5354011*1
ChargePoint Network,,,15694171,15694171,BRIGHTRIDGE EV / STATION 1 (L),25292041,247,3386578751,2024-09-19T19:14:57Z,2024-09-19T19:36:03Z,,24.761101,76.047,membership,Payment by membership account and/or membership card,USCPIE15694171*1
ChargePoint Network,,,15694081,15694081,BRIGHTRIDGE EV / STATION 2 (R),25291921,247,3393214851,2024-09-22T20:13:48Z,2024-09-22T22:00:04Z,,39.991199,73.891,membership,Payment by membership account and/or membership card,USCPIE15694081*1
ChargePoint Network,,,15332321,15332321,TUA NW ATLANTIC / STATION 1 (L),24867861,247,3384680791,2024-09-19T00:33:00Z,2024-09-19T01:27:41Z,,18.748301,52.998,membership,Payment by membership account and/or membership card,USCPIE15332321*1
ChargePoint Network,,,14337221,14337221,HOLSTONELECTRIC / CHURCH HILL-1,23844801,100011,3347549701,2024-09-03T17:25:32Z,2024-09-03T17:54:34Z,,20.289101,52.958,credit_card_terminal,Payment via credit card or debit card terminal,USCPIE14337221*1
ChargePoint Network,,,5346231,5346231,CULLMANELECTRIC / STATION2-R,,,3373200971,2024-09-14T00:28:19Z,2024-09-14T00:30:20Z,,0.000000,,membership,Payment by membership account and/or membership card,USCPIE5346231*0
ChargePoint Network,,,1932851,1932851,BRIGHTRIDGE EV / BR-JC LIBRARY,23319821,3,3368887741,2024-09-12T12:44:03Z,2024-09-12T17:19:28Z,,31.870729,7.2475,membership,Payment by membership account and/or membership card,USCPIE1932851*2
ChargePoint Network,,,13643831,13643831,PEPA / STATION 1,23036511,247,3390731411,2024-09-21T12:30:08Z,2024-09-21T12:49:05Z,,21.831400,77.013,membership,Payment by membership account and/or membership card,USCPIE13643831*1
ChargePoint Network,,,9677521,9677521,UT PARKING / S7 STATION 1,17169341,3,3359397981,2024-09-08T16:39:51Z,2024-09-08T21:00:30Z,,15.603411,3.8967,membership,Payment by membership account and/or membership card,USCPIE9677521*2
ChargePoint Network,,,15885251,15885251,TWICKENHAM SQ / HU - STATION 1,25520941,247,3391567671,2024-09-21T21:17:43Z,2024-09-21T23:17:55Z,,64.947197,88.003,phone_online,"Payment through mobile app, website, automated phone number or messaging system",USCPIE15885251*1
ChargePoint Network,,,12720881,12720881,WRECC / STATION 1,21977141,247,3366859741,2024-09-11T16:36:33Z,2024-09-11T17:38:52Z,,40.096199,54.111,membership,Payment by membership account and/or membership card,USCPIE12720881*1
ChargePoint Network,,,5363211,5363211,HARTSELLE 1 / HARTSELLE 1,23427571,3,3347261301,2024-09-03T15:39:15Z,2024-09-03T16:15:03Z,,4.278971,7.3022,membership,Payment by membership account and/or membership card,USCPIE5363211*1
ChargePoint Network,,,15885771,15885771,TWICKENHAM SQ / HU - STATION 4,25521581,247,3376642741,2024-09-15T21:59:27Z,2024-09-15T22:32:55Z,,33.394100,72.889,membership,Payment by membership account and/or membership card,USCPIE15885771*1
ChargePoint Network,,,15694171,15694171,BRIGHTRIDGE EV / STATION 1 (L),25292041,247,3391032561,2024-09-21T16:22:33Z,2024-09-21T16:33:29Z,,12.668900,75.272,membership,Payment by membership account and/or membership card,USCPIE15694171*1
ChargePoint Network,,,1921351,1921351,STARKVILLE UTIL / STARKVILLE DWTN,23682571,3,3409701211,2024-09-29T18:27:10Z,2024-09-29T21:03:03Z,,19.061331,7.3771,membership,Payment by membership account and/or membership card,USCPIE1921351*1
ChargePoint Network,,,1933211,1933211,BRIGHTRIDGE EV / BR-JONESBOROUGH,2283641,3,3351602111,2024-09-05T03:18:34Z,2024-09-05T04:53:45Z,,6.177471,6.0271,membership,Payment by membership account and/or membership card,USCPIE1933211*2
ChargePoint Network,,,15640171,15640171,NECDC / STATION 2 (R),25228711,247,3403766401,2024-09-26T22:00:12Z,2024-09-26T23:10:01Z,,39.344101,54.316,membership,Payment by membership account and/or membership card,USCPIE15640171*1
ChargePoint Network,,,13664401,13664401,BTES / STATION 1 (LL),23060421,247,3345379461,2024-09-02T18:04:14Z,2024-09-02T18:32:08Z,,19.314100,63.167,membership,Payment by membership account and/or membership card,USCPIE13664401*1
ChargePoint Network,,,1844191,1844191,CLW / MAIN ST,23050431,3,3396348951,2024-09-24T01:45:30Z,2024-09-24T04:50:17Z,,19.696726,7.3076,membership,Payment by membership account and/or membership card,USCPIE1844191*1
ChargePoint Network,,,1964521,1964521,EBOFG / GUNTERSVILLE PD,8374211,3,3360940431,2024-09-09T12:09:04Z,2024-09-09T16:05:52Z,,6.460095,3.6873,membership,Payment by membership account and/or membership card,USCPIE1964521*2
ChargePoint Network,,,5346231,5346231,CULLMANELECTRIC / STATION2-R,8926271,247,3406276711,2024-09-27T21:49:12Z,2024-09-27T22:22:52Z,,38.268600,70.884,membership,Payment by membership account and/or membership card,USCPIE5346231*1
ChargePoint Network,,,5346231,5346231,CULLMANELECTRIC / STATION2-R,8926271,247,3345308931,2024-09-02T17:16:58Z,2024-09-02T19:40:07Z,,53.663101,74.86,membership,Payment by membership account and/or membership card,USCPIE5346231*1
ChargePoint Network,,,15694081,15694081,BRIGHTRIDGE EV / STATION 2 (R),,,3367456901,2024-09-11T20:51:38Z,2024-09-11T20:53:39Z,,0.000000,,membership,Payment by membership account and/or membership card,USCPIE15694081*0
ChargePoint Network,,,5346231,5346231,CULLMANELECTRIC / STATION2-R,8926271,247,3350498321,2024-09-04T19:40:58Z,2024-09-04T20:16:28Z,,38.419601,68.403,membership,Payment by membership account and/or membership card,USCPIE5346231*1
ChargePoint Network,,,1988061,1988061,7SPC / SCES DOLLYWOOD,25499831,3,3385857341,2024-09-19T14:42:13Z,2024-09-19T14:44:12Z,,0.000000,0.0,membership,Payment by membership account and/or membership card,USCPIE1988061*1
ChargePoint Network,,,15885791,15885791,TWICKENHAM SQ / HU - STATION 3,25521611,247,3359510921,2024-09-08T17:48:18Z,2024-09-08T19:08:57Z,,44.861698,75.42,membership,Payment by membership account and/or membership card,USCPIE15885791*1
ChargePoint Network,,,12720881,12720881,WRECC / STATION 1,21977141,247,3383501601,2024-09-18T16:23:12Z,2024-09-18T16:41:06Z,,20.343901,71.599,membership,Payment by membership account and/or membership card,USCPIE12720881*1
ChargePoint Network,,,5346231,5346231,CULLMANELECTRIC / STATION2-R,8926271,247,3408070211,2024-09-28T19:43:17Z,2024-09-28T20:23:54Z,,41.000000,74.052,membership,Payment by membership account and/or membership card,USCPIE5346231*1
ChargePoint Network,,,13880891,13880891,MU / MUC MAIN OFFICE,23319021,3,3392541591,2024-09-22T11:22:11Z,2024-09-22T12:58:19Z,,11.683490,7.366,membership,Payment by membership account and/or membership card,USCPIE13880891*2
ChargePoint Network,,,5346231,5346231,CULLMANELECTRIC / STATION2-R,8926271,247,3355910871,2024-09-06T20:00:55Z,2024-09-06T20:57:22Z,,48.478401,64.154,membership,Payment by membership account and/or membership card,USCPIE5346231*1
ChargePoint Network,,,1932851,1932851,BRIGHTRIDGE EV / BR-JC LIBRARY,23319811,3,3389814901,2024-09-20T23:25:21Z,2024-09-21T01:10:43Z,,13.009688,7.4904,membership,Payment by membership account and/or membership card,USCPIE1932851*1
ChargePoint Network,,,13606091,13606091,I24 EXIT11 / STATION 3 (RM),22992551,247,3381397341,2024-09-17T20:26:51Z,2024-09-17T20:50:54Z,,14.582400,54.384,other,Any other payment method not specified above. Additional description should be provided in Payment Method Description.,USCPIE13606091*1
ChargePoint Network,,,9777021,9777021,CRMC / CRMC-2- L2RIGHT,17361741,3,3361128601,2024-09-09T13:41:31Z,2024-09-09T19:03:02Z,,37.266918,7.081,membership,Payment by membership account and/or membership card,USCPIE9777021*1
ChargePoint Network,,,15836981,15836981,TOMBIGBEE / STATION 4,25462651,247,3345839191,2024-09-02T22:44:07Z,2024-09-02T23:43:24Z,,81.607201,94.095,membership,Payment by membership account and/or membership card,USCPIE15836981*1
ChargePoint Network,,,14097711,14097711,SCOTTSBORO EPB / SEPB DCFC (R),23570811,247,3359228061,2024-09-08T14:34:19Z,2024-09-08T14:58:09Z,,15.009800,52.2,credit_card_terminal,Payment via credit card or debit card terminal,USCPIE14097711*1
ChargePoint Network,,,16093871,16093871,BCES / STATION 2 (R),25770751,247,3369161671,2024-09-12T14:45:12Z,2024-09-12T14:46:13Z,,0.000000,0.0,membership,Payment by membership account and/or membership card,USCPIE16093871*1
ChargePoint Network,,,15815141,15815141,GEA-1 / STATION 1 (L),25435121,247,3409856031,2024-09-29T19:52:43Z,2024-09-29T19:54:14Z,,0.340200,0.0,credit_card_terminal,Payment via credit card or debit card terminal,USCPIE15815141*1
ChargePoint Network,,,15250771,15250771,SES-TN / STATION 1,,,3403773271,2024-09-26T22:02:48Z,2024-09-26T22:02:55Z,,0.000000,,membership,Payment by membership account and/or membership card,USCPIE15250771*0
ChargePoint Network,,,15332321,15332321,TUA NW ATLANTIC / STATION 1 (L),24867861,247,3376435341,2024-09-15T20:09:29Z,2024-09-15T21:03:46Z,,33.068001,53.067,membership,Payment by membership account and/or membership card,USCPIE15332321*1
ChargePoint Network,,,13606091,13606091,I24 EXIT11 / STATION 3 (RM),22992551,247,3376329941,2024-09-15T19:08:15Z,2024-09-15T19:09:11Z,,0.000000,0.0,membership,Payment by membership account and/or membership card,USCPIE13606091*1
ChargePoint Network,,,13606061,13606061,I24 EXIT11 / STATION 4 (RR),22992511,247,3387236411,2024-09-19T23:32:19Z,2024-09-19T23:48:33Z,,28.011299,112.265,credit_card_terminal,Payment via credit card or debit card terminal,USCPIE13606061*1
ChargePoint Network,,,15694171,15694171,BRIGHTRIDGE EV / STATION 1 (L),25292041,247,3395774211,2024-09-23T21:42:38Z,2024-09-23T22:04:04Z,,21.156500,79.002,membership,Payment by membership account and/or membership card,USCPIE15694171*1
ChargePoint Network,,,13643801,13643801,PEPA / STATION 2,23036481,247,3349972721,2024-09-04T15:57:18Z,2024-09-04T16:29:49Z,,37.982101,72.666,membership,Payment by membership account and/or membership card,USCPIE13643801*1
ChargePoint Network,,,14047321,14047321,JEFFERSON AVE. / OXFORD STA2(R),23514081,247,3398866531,2024-09-25T00:48:13Z,2024-09-25T01:01:51Z,,15.845900,72.889,membership,Payment by membership account and/or membership card,USCPIE14047321*1
ChargePoint Network,,,13606141,13606141,I24 EXIT11 / STATION 1 (LL),22992611,247,3348197451,2024-09-03T21:58:54Z,2024-09-03T21:59:18Z,,0.000000,0.0,membership,Payment by membership account and/or membership card,USCPIE13606141*1
ChargePoint Network,,,12448521,12448521,7SPC / WARREN RECC LF,21576921,3,3347245881,2024-09-03T15:34:49Z,2024-09-03T20:53:01Z,,30.470951,6.0768,credit_card_terminal,Payment via credit card or debit card terminal,USCPIE12448521*2
ChargePoint Network,,,1921531,1921531,STARKVILLE UTIL / STARKVILLE REC,2268551,3,3408172481,2024-09-28T20:38:13Z,2024-09-28T23:33:39Z,,21.469448,7.4062,membership,Payment by membership account and/or membership card,USCPIE1921531*1
ChargePoint Network,,,13423691,13423691,AEC / STATION #1 (L),22787121,247,3405751211,2024-09-27T17:59:30Z,2024-09-27T18:25:28Z,,24.136999,73.304,membership,Payment by membership account and/or membership card,USCPIE13423691*1
ChargePoint Network,,,5354011,5354011,7SPC / GREENEVILLE TA,8936791,100011,3375861051,2024-09-15T13:44:59Z,2024-09-15T13:47:24Z,,0.000000,0.0,membership,Payment by membership account and/or membership card,USCPIE5354011*1
ChargePoint Network,,,14359531,14359531,EBOFG / STATION 2 (R),23870331,247,3408731131,2024-09-29T01:44:41Z,2024-09-29T01:45:38Z,,0.000000,0.0,membership,Payment by membership account and/or membership card,USCPIE14359531*1
ChargePoint Network,,,14355251,14355251,HARTSELLE 1 / STATION 2 (R),23865691,247,3390851541,2024-09-21T14:25:23Z,2024-09-21T14:47:27Z,,19.327200,95.25,membership,Payment by membership account and/or membership card,USCPIE14355251*1
ChargePoint Network,,,14097801,14097801,SCOTTSBORO EPB / SEPB DCFC (L),23570921,247,3391144181,2024-09-21T17:26:55Z,2024-09-21T17:56:16Z,,27.194099,75.66,membership,Payment by membership account and/or membership card,USCPIE14097801*1
ChargePoint Network,,,14359531,14359531,EBOFG / STATION 2 (R),23870331,247,3400859501,2024-09-25T20:22:21Z,2024-09-25T20:48:18Z,,23.384399,56.884,membership,Payment by membership account and/or membership card,USCPIE14359531*1
ChargePoint Network,,,13606061,13606061,I24 EXIT11 / STATION 4 (RR),22992511,247,3378733081,2024-09-16T19:48:55Z,2024-09-16T20:11:35Z,,28.782801,81.774,membership,Payment by membership account and/or membership card,USCPIE13606061*1
ChargePoint Network,,,5346231,5346231,CULLMANELECTRIC / STATION2-R,8926271,247,3382189161,2024-09-18T01:47:17Z,2024-09-18T02:23:27Z,,37.845798,74.663,membership,Payment by membership account and/or membership card,USCPIE5346231*1
ChargePoint Network,,,13659871,13659871,LAWRENCEBURG / STATION 2 (R),23054921,247,3372426681,2024-09-13T18:57:55Z,2024-09-13T19:46:28Z,,44.067699,73.5,membership,Payment by membership account and/or membership card,USCPIE13659871*1
ChargePoint Network,,,5466441,5466441,7SPC / NASA USSRC R,9079371,3,3368192291,2024-09-12T01:52:50Z,2024-09-12T02:39:49Z,,4.736311,6.0925,credit_card_terminal,Payment via credit card or debit card terminal,USCPIE5466441*2
ChargePoint Network,,,15640171,15640171,NECDC / STATION 2 (R),25228711,247,3354074311,2024-09-06T01:14:53Z,2024-09-06T01:57:52Z,,43.840099,71.511,membership,Payment by membership account and/or membership card,USCPIE15640171*1
ChargePoint Network,,,13861861,13861861,BRMEMC / STATION 1,23296281,247,3403040221,2024-09-26T16:50:15Z,2024-09-26T17:13:01Z,,25.268200,68.991,membership,Payment by membership account and/or membership card,USCPIE13861861*1
ChargePoint Network,,,8851921,8851921,7SPC / SEVIERVILLE DC1,15571271,207,3392828381,2024-09-22T16:30:59Z,2024-09-22T18:05:48Z,,60.298801,59.597,membership,Payment by membership account and/or membership card,USCPIE8851921*1
ChargePoint Network,,,15885771,15885771,TWICKENHAM SQ / HU - STATION 4,25521581,247,3368098341,2024-09-12T01:08:43Z,2024-09-12T01:54:13Z,,44.807400,76.041,membership,Payment by membership account and/or membership card,USCPIE15885771*1
ChargePoint Network,,,5565251,5565251,7SPC / SCES LECONTE 3,9205131,3,3407829331,2024-09-28T17:33:03Z,2024-09-28T19:48:10Z,,15.295290,7.0963,membership,Payment by membership account and/or membership card,USCPIE5565251*2
ChargePoint Network,,,1988061,1988061,7SPC / SCES DOLLYWOOD,25499841,3,3350237381,2024-09-04T17:43:43Z,2024-09-04T21:20:29Z,,8.531918,7.3272,membership,Payment by membership account and/or membership card,USCPIE1988061*2
ChargePoint Network,,,13861891,13861891,BRMEMC / STATION 2,23296321,247,3345147591,2024-09-02T15:23:41Z,2024-09-02T16:27:46Z,,51.685501,122.4,credit_card_terminal,Payment via credit card or debit card terminal,USCPIE13861891*1
ChargePoint Network,,,13606091,13606091,I24 EXIT11 / STATION 3 (RM),22992551,247,3348332781,2024-09-03T22:49:58Z,2024-09-03T23:16:31Z,,18.809601,60.372,membership,Payment by membership account and/or membership card,USCPIE13606091*1
ChargePoint Network,,,14097801,14097801,SCOTTSBORO EPB / SEPB DCFC (L),23570921,247,3389631201,2024-09-20T22:04:46Z,2024-09-20T22:25:11Z,,24.593000,79.968,phone_online,"Payment through mobile app, website, automated phone number or messaging system",USCPIE14097801*1
ChargePoint Network,,,15694081,15694081,BRIGHTRIDGE EV / STATION 2 (R),25291921,247,3408147251,2024-09-28T20:24:42Z,2024-09-28T22:01:00Z,,50.977600,77.199,membership,Payment by membership account and/or membership card,USCPIE15694081*1
ChargePoint Network,,,5354011,5354011,7SPC / GREENEVILLE TA,8936791,207,3349673711,2024-09-04T14:20:58Z,2024-09-04T15:15:25Z,,45.834099,59.549,membership,Payment by membership account and/or membership card,USCPIE5354011*1
ChargePoint Network,,,5354011,5354011,7SPC / GREENEVILLE TA,8936791,207,3350425491,2024-09-04T19:10:56Z,2024-09-04T19:32:47Z,,18.280600,53.807,membership,Payment by membership account and/or membership card,USCPIE5354011*1
ChargePoint Network,,,12989161,12989161,BTES / CITY HALL,22285811,3,3381898021,2024-09-17T23:46:24Z,2024-09-18T10:55:00Z,,74.295578,7.2819,credit_card_terminal,Payment via credit card or debit card terminal,USCPIE12989161*1
ChargePoint Network,,,9677521,9677521,UT PARKING / S7 STATION 1,17169331,3,3343568831,2024-09-01T15:43:16Z,2024-09-01T17:58:08Z,,11.407124,6.6282,membership,Payment by membership account and/or membership card,USCPIE9677521*1
ChargePoint Network,,,14047321,14047321,JEFFERSON AVE. / OXFORD STA2(R),23514081,247,3375090281,2024-09-14T23:46:56Z,2024-09-15T00:09:56Z,,16.407000,73.829,membership,Payment by membership account and/or membership card,USCPIE14047321*1
ChargePoint Network,,,15623211,15623211,CLW / 5TH ST 2 (R),25208281,247,3356376841,2024-09-06T23:16:00Z,2024-09-06T23:22:13Z,,6.276700,0.0,membership,Payment by membership account and/or membership card,USCPIE15623211*1
ChargePoint Network,,,15684301,15684301,MLEC / STATION 1 (L) W,25280151,247,3357285431,2024-09-07T12:06:58Z,2024-09-07T12:35:23Z,,26.501699,73.26,membership,Payment by membership account and/or membership card,USCPIE15684301*1
ChargePoint Network,,,15885251,15885251,TWICKENHAM SQ / HU - STATION 1,25520941,247,3345238821,2024-09-02T16:30:51Z,2024-09-02T16:40:10Z,,10.335700,0.0,membership,Payment by membership account and/or membership card,USCPIE15885251*1
ChargePoint Network,,,14047321,14047321,JEFFERSON AVE. / OXFORD STA2(R),23514081,247,3347775791,2024-09-03T19:10:47Z,2024-09-03T19:37:28Z,,23.646700,73.655,membership,Payment by membership account and/or membership card,USCPIE14047321*1
ChargePoint Network,,,1921351,1921351,STARKVILLE UTIL / STARKVILLE DWTN,23682571,3,3359095571,2024-09-08T11:27:02Z,2024-09-08T13:20:38Z,,14.186480,7.5869,membership,Payment by membership account and/or membership card,USCPIE1921351*1
ChargePoint Network,,,5397731,5397731,EEDEV / MILLIGAN UNIV,9010251,3,3388282901,2024-09-20T12:44:43Z,2024-09-20T15:03:11Z,,17.135178,7.5641,membership,Payment by membership account and/or membership card,USCPIE5397731*1
ChargePoint Network,,,7505851,7505851,JEFFERSON AVE. / OXFORD STA1(L),12955471,247,3392677491,2024-09-22T14:37:55Z,2024-09-22T14:39:57Z,,0.000000,0.0,membership,Payment by membership account and/or membership card,USCPIE7505851*1
ChargePoint Network,,,7505851,7505851,JEFFERSON AVE. / OXFORD STA1(L),12955471,247,3355606951,2024-09-06T17:48:45Z,2024-09-06T18:28:09Z,,39.584801,68.162,membership,Payment by membership account and/or membership card,USCPIE7505851*1
ChargePoint Network,,,13606091,13606091,I24 EXIT11 / STATION 3 (RM),22992551,247,3345702581,2024-09-02T21:22:46Z,2024-09-02T22:05:03Z,,20.543699,54.599,credit_card_terminal,Payment via credit card or debit card terminal,USCPIE13606091*1
ChargePoint Network,,,5397731,5397731,EEDEV / MILLIGAN UNIV,9010251,3,3354103861,2024-09-06T01:29:08Z,2024-09-06T03:11:49Z,,12.740068,7.5574,membership,Payment by membership account and/or membership card,USCPIE5397731*1
ChargePoint Network,,,13606091,13606091,I24 EXIT11 / STATION 3 (RM),22992551,247,3349605061,2024-09-04T13:52:11Z,2024-09-04T14:05:46Z,,8.775500,54.708,membership,Payment by membership account and/or membership card,USCPIE13606091*1
ChargePoint Network,,,5565291,5565291,7SPC / SCES LECONTE 1,9205191,3,3364265131,2024-09-10T16:54:05Z,2024-09-10T18:06:34Z,,3.642465,3.7425,membership,Payment by membership account and/or membership card,USCPIE5565291*1
ChargePoint Network,,,15885251,15885251,TWICKENHAM SQ / HU - STATION 1,25520941,247,3410107021,2024-09-29T22:06:47Z,2024-09-29T22:55:08Z,,64.210098,96.236,membership,Payment by membership account and/or membership card,USCPIE15885251*1
ChargePoint Network,,,682921,682921,7SPC / TVPPA OFFICE,9117261,3,3352214041,2024-09-05T13:15:35Z,2024-09-05T18:53:37Z,,33.773834,6.0518,membership,Payment by membership account and/or membership card,USCPIE682921*2
ChargePoint Network,,,5350831,5350831,CULLMANELECTRIC / CEC MAIN OFFICE,8932501,3,3406526801,2024-09-27T23:38:49Z,2024-09-28T00:32:10Z,,5.271558,6.0576,membership,Payment by membership account and/or membership card,USCPIE5350831*2
ChargePoint Network,,,13803581,13803581,FPU / STATION 1 (L),23227201,247,3358242621,2024-09-07T22:13:23Z,2024-09-07T22:40:16Z,,31.429100,72.127,membership,Payment by membership account and/or membership card,USCPIE13803581*1
ChargePoint Network,,,13966031,13966031,BEA / STATION 4 (RR),,,3345635591,2024-09-02T20:42:14Z,2024-09-02T20:44:25Z,,0.000000,,credit_card_terminal,Payment via credit card or debit card terminal,USCPIE13966031*0
ChargePoint Network,,,12720881,12720881,WRECC / STATION 1,21977141,247,3352960081,2024-09-05T17:55:46Z,2024-09-05T18:12:36Z,,16.927299,66.33,membership,Payment by membership account and/or membership card,USCPIE12720881*1
ChargePoint Network,,,15548181,15548181,DECATURDOWNTWN / STATION 2 (L),25119551,247,3401412811,2024-09-26T00:01:11Z,2024-09-26T00:33:50Z,,39.534401,78.4,membership,Payment by membership account and/or membership card,USCPIE15548181*1
ChargePoint Network,,,5565241,5565241,7SPC / SCES LECONTE 4,9205111,3,3358407191,2024-09-07T23:43:07Z,2024-09-08T12:34:56Z,,90.232651,7.2464,membership,Payment by membership account and/or membership card,USCPIE5565241*2
ChargePoint Network,,,7505851,7505851,JEFFERSON AVE. / OXFORD STA1(L),12955471,247,3393292421,2024-09-22T20:55:47Z,2024-09-22T21:09:29Z,,11.841200,53.437,membership,Payment by membership account and/or membership card,USCPIE7505851*1
ChargePoint Network,,,13026471,13026471,WCMES / CITYHALL2-R,22328331,247,3362541461,2024-09-09T23:07:52Z,2024-09-09T23:36:09Z,,30.789900,73.0,credit_card_terminal,Payment via credit card or debit card terminal,USCPIE13026471*1
ChargePoint Network,,,5380331,5380331,CULLMAN PB / STATION 1,8970961,3,3372341511,2024-09-13T18:18:55Z,2024-09-13T21:52:13Z,,24.785713,7.1068,membership,Payment by membership account and/or membership card,USCPIE5380331*2
ChargePoint Network,,,15885151,15885151,TWICKENHAM SQ / HU - STATION 2,25520801,247,3372363061,2024-09-13T18:28:39Z,2024-09-13T18:38:57Z,,9.205600,60.192,membership,Payment by membership account and/or membership card,USCPIE15885151*1
ChargePoint Network,,,1932851,1932851,BRIGHTRIDGE EV / BR-JC LIBRARY,23319821,3,3382998141,2024-09-18T13:25:39Z,2024-09-18T20:12:43Z,,48.233498,7.2359,membership,Payment by membership account and/or membership card,USCPIE1932851*2
ChargePoint Network,,,15623231,15623231,CLW / 5TH ST 1 (L),25208301,247,3374580791,2024-09-14T19:15:28Z,2024-09-14T19:43:13Z,,27.496901,72.009,membership,Payment by membership account and/or membership card,USCPIE15623231*1
ChargePoint Network,,,15885771,15885771,TWICKENHAM SQ / HU - STATION 4,25521581,247,3408541561,2024-09-28T23:56:24Z,2024-09-29T00:10:25Z,,16.636700,76.823,credit_card_terminal,Payment via credit card or debit card terminal,USCPIE15885771*1
ChargePoint Network,,,16244681,16244681,TOMBIGBEE / STATION 2,25952901,247,3392701181,2024-09-22T14:57:46Z,2024-09-22T15:32:32Z,,38.069698,71.875,credit_card_terminal,Payment via credit card or debit card terminal,USCPIE16244681*1
ChargePoint Network,,,15815141,15815141,GEA-1 / STATION 1 (L),25435121,247,3409851101,2024-09-29T19:50:26Z,2024-09-29T19:51:49Z,,0.321100,0.0,membership,Payment by membership account and/or membership card,USCPIE15815141*1
ChargePoint Network,,,5445161,5445161,7SPC / UC - LIVINGSTON,9052351,3,3409556691,2024-09-29T17:02:24Z,2024-09-29T21:54:40Z,,20.013668,7.1176,membership,Payment by membership account and/or membership card,USCPIE5445161*2
ChargePoint Network,,,15548151,15548151,DECATURDOWNTWN / STATION 1 (R),25119511,247,3404959231,2024-09-27T12:11:30Z,2024-09-27T12:32:58Z,,22.903400,67.767,membership,Payment by membership account and/or membership card,USCPIE15548151*1
ChargePoint Network,,,15885251,15885251,TWICKENHAM SQ / HU - STATION 1,25520941,247,3378198991,2024-09-16T15:55:46Z,2024-09-16T15:58:09Z,,0.000000,0.0,membership,Payment by membership account and/or membership card,USCPIE15885251*1
ChargePoint Network,,,13664501,13664501,BTES / STATION 4 (RR),23060561,247,3405128071,2024-09-27T13:48:49Z,2024-09-27T14:19:47Z,,51.866299,122.276,membership,Payment by membership account and/or membership card,USCPIE13664501*1
ChargePoint Network,,,15250771,15250771,SES-TN / STATION 1,,,3403772831,2024-09-26T22:00:57Z,2024-09-26T22:02:45Z,,0.000000,,membership,Payment by membership account and/or membership card,USCPIE15250771*0
ChargePoint Network,,,15260251,15260251,STEMC / STATION 2 (R) A,24784081,247,3394789871,2024-09-23T15:04:37Z,2024-09-23T15:15:23Z,,12.169800,74.466,membership,Payment by membership account and/or membership card,USCPIE15260251*1
ChargePoint Network,,,15836981,15836981,TOMBIGBEE / STATION 4,25462651,247,3384725851,2024-09-19T00:52:16Z,2024-09-19T00:54:33Z,,0.161100,0.0,membership,Payment by membership account and/or membership card,USCPIE15836981*1
ChargePoint Network,,,8851921,8851921,7SPC / SEVIERVILLE DC1,15571271,207,3392393521,2024-09-22T05:37:42Z,2024-09-22T06:26:22Z,,37.485901,54.02,membership,Payment by membership account and/or membership card,USCPIE8851921*1
ChargePoint Network,,,1933211,1933211,BRIGHTRIDGE EV / BR-JONESBOROUGH,2283641,3,3358532701,2024-09-08T00:55:35Z,2024-09-08T01:58:44Z,,6.137953,6.0078,membership,Payment by membership account and/or membership card,USCPIE1933211*2
ChargePoint Network,,,15885771,15885771,TWICKENHAM SQ / HU - STATION 4,25521581,247,3372749751,2024-09-13T21:09:47Z,2024-09-13T21:41:26Z,,42.366100,83.527,credit_card_terminal,Payment via credit card or debit card terminal,USCPIE15885771*1
ChargePoint Network,,,15694171,15694171,BRIGHTRIDGE EV / STATION 1 (L),25292041,247,3401082661,2024-09-25T21:51:43Z,2024-09-25T22:36:14Z,,45.172199,74.823,membership,Payment by membership account and/or membership card,USCPIE15694171*1
ChargePoint Network,,,15548181,15548181,DECATURDOWNTWN / STATION 2 (L),25119551,247,3408840251,2024-09-29T02:51:53Z,2024-09-29T03:47:15Z,,80.444397,92.565,membership,Payment by membership account and/or membership card,USCPIE15548181*1
ChargePoint Network,,,7505851,7505851,JEFFERSON AVE. / OXFORD STA1(L),12955471,247,3405997461,2024-09-27T19:49:55Z,2024-09-27T20:32:38Z,,41.316399,77.223,membership,Payment by membership account and/or membership card,USCPIE7505851*1
ChargePoint Network,,,5565191,5565191,7SPC / DOLLYWOOD EMPL,9205031,3,3397060701,2024-09-24T12:55:13Z,2024-09-24T15:09:25Z,,8.076247,6.9161,membership,Payment by membership account and/or membership card,USCPIE5565191*1
ChargePoint Network,,,15885251,15885251,TWICKENHAM SQ / HU - STATION 1,25520941,247,3351262921,2024-09-05T00:44:51Z,2024-09-05T00:45:30Z,,0.000000,0.0,membership,Payment by membership account and/or membership card,USCPIE15885251*1
ChargePoint Network,,,5619801,5619801,7SPC / WARREN RECC BG,25687251,3,3343892671,2024-09-01T19:19:58Z,2024-09-01T20:06:20Z,,4.691748,6.1647,credit_card_terminal,Payment via credit card or debit card terminal,USCPIE5619801*1
ChargePoint Network,,,12720881,12720881,WRECC / STATION 1,21977141,247,3353131021,2024-09-05T19:12:24Z,2024-09-05T19:24:49Z,,19.588100,109.823,credit_card_terminal,Payment via credit card or debit card terminal,USCPIE12720881*1
ChargePoint Network,,,9677521,9677521,UT PARKING / S7 STATION 1,17169331,3,3359371951,2024-09-08T16:22:55Z,2024-09-08T16:24:04Z,,0.038503,7.1626,credit_card_terminal,Payment via credit card or debit card terminal,USCPIE9677521*1
ChargePoint Network,,,13861891,13861891,BRMEMC / STATION 2,23296321,247,3393216611,2024-09-22T20:15:06Z,2024-09-22T20:31:23Z,,29.195400,120.384,credit_card_terminal,Payment via credit card or debit card terminal,USCPIE13861891*1
ChargePoint Network,,,13026471,13026471,WCMES / CITYHALL2-R,22328331,247,3403640651,2024-09-26T21:08:47Z,2024-09-26T21:32:59Z,,12.477600,53.505,credit_card_terminal,Payment via credit card or debit card terminal,USCPIE13026471*1
ChargePoint Network,,,15640031,15640031,NECDC / STATION 1 (L),25228511,247,3401668421,2024-09-26T01:46:17Z,2024-09-26T02:49:28Z,,45.443600,73.458,membership,Payment by membership account and/or membership card,USCPIE15640031*1
ChargePoint Network,,,13643801,13643801,PEPA / STATION 2,23036481,247,3355239721,2024-09-06T15:26:57Z,2024-09-06T15:54:36Z,,32.243401,73.853,membership,Payment by membership account and/or membership card,USCPIE13643801*1
ChargePoint Network,,,14047321,14047321,JEFFERSON AVE. / OXFORD STA2(R),,,3359449871,2024-09-08T17:09:19Z,2024-09-08T17:11:21Z,,0.000000,,membership,Payment by membership account and/or membership card,USCPIE14047321*0
ChargePoint Network,,,14083171,14083171,STEMC / STATION 1 (L) H,23554721,247,3393625961,2024-09-22T23:45:30Z,2024-09-23T00:10:43Z,,30.212999,75.068,membership,Payment by membership account and/or membership card,USCPIE14083171*1
ChargePoint Network,,,14047321,14047321,JEFFERSON AVE. / OXFORD STA2(R),23514081,247,3408694301,2024-09-29T01:22:03Z,2024-09-29T01:48:00Z,,24.314600,74.226,membership,Payment by membership account and/or membership card,USCPIE14047321*1
ChargePoint Network,,,15885151,15885151,TWICKENHAM SQ / HU - STATION 2,25520801,247,3381986231,2024-09-18T00:22:15Z,2024-09-18T00:59:25Z,,33.310902,75.464,membership,Payment by membership account and/or membership card,USCPIE15885151*1
ChargePoint Network,,,15885771,15885771,TWICKENHAM SQ / HU - STATION 4,,,3357391471,2024-09-07T13:55:57Z,2024-09-07T13:57:20Z,,0.000000,,membership,Payment by membership account and/or membership card,USCPIE15885771*0
ChargePoint Network,,,13966031,13966031,BEA / STATION 4 (RR),23419961,247,3403452701,2024-09-26T19:52:11Z,2024-09-26T19:54:19Z,,0.000000,0.0,membership,Payment by membership account and/or membership card,USCPIE13966031*1
ChargePoint Network,,,13606061,13606061,I24 EXIT11 / STATION 4 (RR),22992511,100011,3348750171,2024-09-04T01:36:58Z,2024-09-04T02:09:01Z,,14.522600,36.2,membership,Payment by membership account and/or membership card,USCPIE13606061*1
ChargePoint Network,,,14355251,14355251,HARTSELLE 1 / STATION 2 (R),23865691,247,3366914581,2024-09-11T16:58:10Z,2024-09-11T17:50:37Z,,52.765202,73.918,credit_card_terminal,Payment via credit card or debit card terminal,USCPIE14355251*1
ChargePoint Network,,,15885151,15885151,TWICKENHAM SQ / HU - STATION 2,25520801,100011,3379351011,2024-09-17T00:04:31Z,2024-09-17T00:13:59Z,,4.614300,0.0,membership,Payment by membership account and/or membership card,USCPIE15885151*1
ChargePoint Network,,,13606061,13606061,I24 EXIT11 / STATION 4 (RR),22992511,247,3373494301,2024-09-14T02:58:23Z,2024-09-14T03:07:07Z,,7.827200,54.926,membership,Payment by membership account and/or membership card,USCPIE13606061*1
ChargePoint Network,,,12720881,12720881,WRECC / STATION 1,21977141,247,3353373571,2024-09-05T20:48:42Z,2024-09-05T21:33:11Z,,34.297100,57.75,credit_card_terminal,Payment via credit card or debit card terminal,USCPIE12720881*1
ChargePoint Network,,,1988061,1988061,7SPC / SCES DOLLYWOOD,25499841,3,3393506751,2024-09-22T22:48:53Z,2024-09-23T01:06:14Z,,13.428389,6.8199,membership,Payment by membership account and/or membership card,USCPIE1988061*2
ChargePoint Network,,,13664501,13664501,BTES / STATION 4 (RR),23060561,247,3400364121,2024-09-25T16:48:08Z,2024-09-25T17:04:23Z,,15.354800,61.543,membership,Payment by membership account and/or membership card,USCPIE13664501*1
ChargePoint Network,,,7505851,7505851,JEFFERSON AVE. / OXFORD STA1(L),12955471,247,3399796181,2024-09-25T13:25:07Z,2024-09-25T13:44:42Z,,21.800900,70.8,membership,Payment by membership account and/or membership card,USCPIE7505851*1
ChargePoint Network,,,13659871,13659871,LAWRENCEBURG / STATION 2 (R),23054921,247,3385621221,2024-09-19T13:00:15Z,2024-09-19T13:30:28Z,,33.402500,120.87,membership,Payment by membership account and/or membership card,USCPIE13659871*1
ChargePoint Network,,,5525971,5525971,7SPC / SPARTA TN,9154681,3,3409639311,2024-09-29T17:51:37Z,2024-09-29T18:17:41Z,,2.908642,6.9101,membership,Payment by membership account and/or membership card,USCPIE5525971*1
ChargePoint Network,,,14097711,14097711,SCOTTSBORO EPB / SEPB DCFC (R),23570811,247,3357455991,2024-09-07T14:45:59Z,2024-09-07T15:10:37Z,,8.718500,24.163,membership,Payment by membership account and/or membership card,USCPIE14097711*1
ChargePoint Network,,,15260241,15260241,STEMC / STATION 1 (L) A,24784071,247,3389489971,2024-09-20T21:04:42Z,2024-09-20T21:33:28Z,,34.069500,75.845,membership,Payment by membership account and/or membership card,USCPIE15260241*1
ChargePoint Network,,,5565241,5565241,7SPC / SCES LECONTE 4,9205101,3,3389248441,2024-09-20T19:24:52Z,2024-09-20T20:09:33Z,,4.969604,6.7628,membership,Payment by membership account and/or membership card,USCPIE5565241*1
ChargePoint Network,,,5397731,5397731,EEDEV / MILLIGAN UNIV,9010261,3,3397608901,2024-09-24T16:13:42Z,2024-09-24T17:22:19Z,,8.230369,7.3947,credit_card_terminal,Payment via credit card or debit card terminal,USCPIE5397731*2
ChargePoint Network,,,15815141,15815141,GEA-1 / STATION 1 (L),25435121,247,3393292601,2024-09-22T20:55:41Z,2024-09-22T21:03:19Z,,12.068100,110.047,membership,Payment by membership account and/or membership card,USCPIE15815141*1
ChargePoint Network,,,12406491,12406491,FPIA / LEFT STATION,21527781,247,3359189051,2024-09-08T13:55:34Z,2024-09-08T14:06:59Z,,12.409900,70.247,membership,Payment by membership account and/or membership card,USCPIE12406491*1
ChargePoint Network,,,15885771,15885771,TWICKENHAM SQ / HU - STATION 4,25521581,247,3400453341,2024-09-25T17:28:21Z,2024-09-25T17:49:16Z,,15.167800,63.7,membership,Payment by membership account and/or membership card,USCPIE15885771*1
ChargePoint Network,,,1921531,1921531,STARKVILLE UTIL / STARKVILLE REC,2268561,3,3376102841,2024-09-15T16:49:31Z,2024-09-15T16:51:30Z,,0.000000,0.0,membership,Payment by membership account and/or membership card,USCPIE1921531*2
ChargePoint Network,,,13606091,13606091,I24 EXIT11 / STATION 3 (RM),22992551,247,3409190251,2024-09-29T10:02:41Z,2024-09-29T10:56:15Z,,31.232100,54.208,other,Any other payment method not specified above. Additional description should be provided in Payment Method Description.,USCPIE13606091*1
ChargePoint Network,,,14047321,14047321,JEFFERSON AVE. / OXFORD STA2(R),,,3405859601,2024-09-27T18:49:34Z,2024-09-27T18:51:25Z,,0.000000,,membership,Payment by membership account and/or membership card,USCPIE14047321*0
ChargePoint Network,,,15885151,15885151,TWICKENHAM SQ / HU - STATION 2,25520801,247,3391066131,2024-09-21T16:42:11Z,2024-09-21T17:29:58Z,,30.773701,74.684,membership,Payment by membership account and/or membership card,USCPIE15885151*1
ChargePoint Network,,,1988141,1988141,7SPC / SCES DREAM MORE,2355571,3,3343462911,2024-09-01T14:08:03Z,2024-09-01T22:36:24Z,,46.255238,7.2949,membership,Payment by membership account and/or membership card,USCPIE1988141*2
ChargePoint Network,,,14337501,14337501,HOLSTONELECTRIC / CHURCH HILL-2,23845091,247,3345324161,2024-09-02T17:27:15Z,2024-09-02T17:41:37Z,,16.959400,75.819,membership,Payment by membership account and/or membership card,USCPIE14337501*1
ChargePoint Network,,,13290491,13290491,7SPC / NASA USSRC L,25742681,3,3376587671,2024-09-15T21:29:09Z,2024-09-15T21:40:58Z,,1.095305,5.7246,roaming,Payment via roaming partners,USCPIE13290491*2
ChargePoint Network,,,14049761,14049761,PARIS BPU / STATION 2(R),23516951,247,3395153861,2024-09-23T17:10:11Z,2024-09-23T17:49:06Z,,34.811401,75.239,membership,Payment by membership account and/or membership card,USCPIE14049761*1
ChargePoint Network,,,15332351,15332351,TUA NW ATLANTIC / STATION 2 (R),24867891,247,3355813391,2024-09-06T19:22:45Z,2024-09-06T19:23:09Z,,0.000000,0.0,membership,Payment by membership account and/or membership card,USCPIE15332351*1
ChargePoint Network,,,8851921,8851921,7SPC / SEVIERVILLE DC1,15571271,207,3365037821,2024-09-10T22:18:54Z,2024-09-10T23:32:58Z,,73.846603,61.812,membership,Payment by membership account and/or membership card,USCPIE8851921*1
ChargePoint Network,,,13606141,13606141,I24 EXIT11 / STATION 1 (LL),22992611,247,3373989611,2024-09-14T12:54:20Z,2024-09-14T13:07:04Z,,14.355000,69.541,membership,Payment by membership account and/or membership card,USCPIE13606141*1
ChargePoint Network,,,15640171,15640171,NECDC / STATION 2 (R),25228711,247,3343391801,2024-09-01T12:38:15Z,2024-09-01T12:38:49Z,,0.000000,0.0,credit_card_terminal,Payment via credit card or debit card terminal,USCPIE15640171*1
ChargePoint Network,,,15885151,15885151,TWICKENHAM SQ / HU - STATION 2,,,3406321251,2024-09-27T22:05:44Z,2024-09-27T22:07:58Z,,0.000000,,credit_card_terminal,Payment via credit card or debit card terminal,USCPIE15885151*0
ChargePoint Network,,,13651611,13651611,MLEC / STATION 1 (L) H,23045791,247,3358152951,2024-09-07T21:24:02Z,2024-09-07T21:46:55Z,,26.529900,74.466,credit_card_terminal,Payment via credit card or debit card terminal,USCPIE13651611*1
ChargePoint Network,,,5565241,5565241,7SPC / SCES LECONTE 4,9205111,3,3345948581,2024-09-02T23:46:01Z,2024-09-03T00:27:41Z,,1.962289,3.7388,membership,Payment by membership account and/or membership card,USCPIE5565241*2
ChargePoint Network,,,15885251,15885251,TWICKENHAM SQ / HU - STATION 1,25520941,247,3408294091,2024-09-28T21:43:47Z,2024-09-28T22:11:17Z,,33.015499,75.253,membership,Payment by membership account and/or membership card,USCPIE15885251*1
ChargePoint Network,,,13643801,13643801,PEPA / STATION 2,23036481,247,3378561321,2024-09-16T18:33:15Z,2024-09-16T19:02:47Z,,33.689098,74.86,membership,Payment by membership account and/or membership card,USCPIE13643801*1
ChargePoint Network,,,16244751,16244751,TOMBIGBEE / STATION 1,25952971,247,3383898531,2024-09-18T19:17:48Z,2024-09-18T20:07:02Z,,45.757301,85.734,membership,Payment by membership account and/or membership card,USCPIE16244751*1
ChargePoint Network,,,7505851,7505851,JEFFERSON AVE. / OXFORD STA1(L),12955471,247,3401615361,2024-09-26T01:21:38Z,2024-09-26T01:55:40Z,,38.250000,73.655,membership,Payment by membership account and/or membership card,USCPIE7505851*1
ChargePoint Network,,,15836981,15836981,TOMBIGBEE / STATION 4,25462651,247,3393110321,2024-09-22T19:15:40Z,2024-09-22T20:29:12Z,,69.526604,83.103,membership,Payment by membership account and/or membership card,USCPIE15836981*1
ChargePoint Network,,,12460751,12460751,PES / LEFT STATION,22360171,215,3386774611,2024-09-19T20:31:52Z,2024-09-20T16:20:27Z,,51.353802,7.8028,membership,Payment by membership account and/or membership card,USCPIE12460751*1
ChargePoint Network,,,14047321,14047321,JEFFERSON AVE. / OXFORD STA2(R),23514081,247,3389453811,2024-09-20T20:48:49Z,2024-09-20T21:12:00Z,,21.697701,56.209,membership,Payment by membership account and/or membership card,USCPIE14047321*1
ChargePoint Network,,,15250701,15250701,SES-TN / STATION 2,24772611,247,3366970321,2024-09-11T17:22:40Z,2024-09-11T17:44:25Z,,11.898900,52.634,membership,Payment by membership account and/or membership card,USCPIE15250701*1
ChargePoint Network,,,15548151,15548151,DECATURDOWNTWN / STATION 1 (R),25119511,247,3407947931,2024-09-28T18:38:32Z,2024-09-28T19:54:31Z,,111.833702,101.384,membership,Payment by membership account and/or membership card,USCPIE15548151*1
ChargePoint Network,,,5466441,5466441,7SPC / NASA USSRC R,9079371,3,3356257331,2024-09-06T22:24:08Z,2024-09-06T23:43:10Z,,4.476994,3.4369,credit_card_terminal,Payment via credit card or debit card terminal,USCPIE5466441*2
ChargePoint Network,,,13651631,13651631,MLEC / STATION 2 (R) H,23045821,247,3400131121,2024-09-25T15:32:04Z,2024-09-25T15:52:35Z,,15.860700,52.772,membership,Payment by membership account and/or membership card,USCPIE13651631*1
ChargePoint Network,,,12406491,12406491,FPIA / LEFT STATION,21527781,247,3400901451,2024-09-25T20:39:37Z,2024-09-25T21:48:32Z,,126.252899,117.04,membership,Payment by membership account and/or membership card,USCPIE12406491*1
ChargePoint Network,,,15280441,15280441,SPRFLD ELECTRIC / STATION 2 (R),24807641,247,3395460531,2024-09-23T19:32:08Z,2024-09-23T20:00:47Z,,31.930599,70.559,membership,Payment by membership account and/or membership card,USCPIE15280441*1
ChargePoint Network,,,15332351,15332351,TUA NW ATLANTIC / STATION 2 (R),24867891,247,3366371461,2024-09-11T13:49:41Z,2024-09-11T14:15:49Z,,30.226299,72.54,membership,Payment by membership account and/or membership card,USCPIE15332351*1
ChargePoint Network,,,15885151,15885151,TWICKENHAM SQ / HU - STATION 2,25520801,247,3392991591,2024-09-22T18:10:17Z,2024-09-22T19:11:58Z,,43.400398,83.264,membership,Payment by membership account and/or membership card,USCPIE15885151*1
ChargePoint Network,,,1921351,1921351,STARKVILLE UTIL / STARKVILLE DWTN,23682571,3,3392077661,2024-09-22T01:56:11Z,2024-09-22T04:15:37Z,,17.217373,7.5085,membership,Payment by membership account and/or membership card,USCPIE1921351*1
ChargePoint Network,,,13026471,13026471,WCMES / CITYHALL2-R,22328331,247,3381378061,2024-09-17T20:18:18Z,2024-09-17T20:20:52Z,,0.000000,0.0,membership,Payment by membership account and/or membership card,USCPIE13026471*1
ChargePoint Network,,,15694081,15694081,BRIGHTRIDGE EV / STATION 2 (R),25291921,247,3344259861,2024-09-01T23:04:18Z,2024-09-02T00:14:12Z,,28.468599,59.973,membership,Payment by membership account and/or membership card,USCPIE15694081*1
ChargePoint Network,,,8851921,8851921,7SPC / SEVIERVILLE DC1,15571271,207,3383090971,2024-09-18T14:08:02Z,2024-09-18T15:50:36Z,,66.339600,59.669,membership,Payment by membership account and/or membership card,USCPIE8851921*1
ChargePoint Network,,,5354011,5354011,7SPC / GREENEVILLE TA,8936791,207,3344394771,2024-09-02T00:27:07Z,2024-09-02T01:17:45Z,,42.766602,59.905,membership,Payment by membership account and/or membership card,USCPIE5354011*1
ChargePoint Network,,,9677521,9677521,UT PARKING / S7 STATION 1,17169341,3,3360873391,2024-09-09T11:24:42Z,2024-09-09T13:28:29Z,,14.641994,7.196,membership,Payment by membership account and/or membership card,USCPIE9677521*2
ChargePoint Network,,,5346231,5346231,CULLMANELECTRIC / STATION2-R,8926271,247,3370094611,2024-09-12T20:42:56Z,2024-09-12T21:49:05Z,,47.998699,54.316,membership,Payment by membership account and/or membership card,USCPIE5346231*1
ChargePoint Network,,,15548181,15548181,DECATURDOWNTWN / STATION 2 (L),25119551,247,3389859911,2024-09-20T23:46:29Z,2024-09-21T00:28:34Z,,39.526001,77.223,membership,Payment by membership account and/or membership card,USCPIE15548181*1
ChargePoint Network,,,15332321,15332321,TUA NW ATLANTIC / STATION 1 (L),24867861,247,3406199701,2024-09-27T21:15:39Z,2024-09-27T22:25:57Z,,27.556299,52.268,membership,Payment by membership account and/or membership card,USCPIE15332321*1
ChargePoint Network,,,13423691,13423691,AEC / STATION #1 (L),22787121,247,3355802361,2024-09-06T19:17:55Z,2024-09-06T19:54:33Z,,42.282101,73.283,membership,Payment by membership account and/or membership card,USCPIE13423691*1
ChargePoint Network,,,14359531,14359531,EBOFG / STATION 2 (R),23870331,247,3387037041,2024-09-19T22:14:58Z,2024-09-19T23:07:31Z,,27.837900,54.299,membership,Payment by membership account and/or membership card,USCPIE14359531*1
ChargePoint Network,,,15694081,15694081,BRIGHTRIDGE EV / STATION 2 (R),25291921,247,3400802411,2024-09-25T20:00:18Z,2024-09-25T20:01:52Z,,0.000000,0.0,membership,Payment by membership account and/or membership card,USCPIE15694081*1
ChargePoint Network,,,13606091,13606091,I24 EXIT11 / STATION 3 (RM),22992551,100011,3385326591,2024-09-19T08:33:13Z,2024-09-19T09:47:22Z,,31.980700,38.325,membership,Payment by membership account and/or membership card,USCPIE13606091*1
ChargePoint Network,,,13659871,13659871,LAWRENCEBURG / STATION 2 (R),23054921,247,3383297171,2024-09-18T15:20:59Z,2024-09-18T16:23:38Z,,20.011499,36.926,membership,Payment by membership account and/or membership card,USCPIE13659871*1
ChargePoint Network,,,13664471,13664471,BTES / STATION 3 (RM),23060511,100011,3392975131,2024-09-22T18:00:29Z,2024-09-22T18:46:22Z,,24.011801,40.002,membership,Payment by membership account and/or membership card,USCPIE13664471*1
ChargePoint Network,,,5346231,5346231,CULLMANELECTRIC / STATION2-R,8926271,247,3376225251,2024-09-15T18:05:14Z,2024-09-15T18:46:02Z,,46.818600,75.056,membership,Payment by membership account and/or membership card,USCPIE5346231*1
ChargePoint Network,,,15332351,15332351,TUA NW ATLANTIC / STATION 2 (R),24867891,247,3362350811,2024-09-09T21:52:14Z,2024-09-09T22:40:18Z,,83.925400,109.949,credit_card_terminal,Payment via credit card or debit card terminal,USCPIE15332351*1
ChargePoint Network,,,1932851,1932851,BRIGHTRIDGE EV / BR-JC LIBRARY,23319821,3,3394563671,2024-09-23T13:28:56Z,2024-09-23T18:33:40Z,,35.904152,7.2359,membership,Payment by membership account and/or membership card,USCPIE1932851*2
ChargePoint Network,,,13423581,13423581,AEC / STATION #2 (R),22787011,247,3372033181,2024-09-13T16:06:05Z,2024-09-13T17:03:32Z,,59.520802,77.223,membership,Payment by membership account and/or membership card,USCPIE13423581*1
ChargePoint Network,,,8851921,8851921,7SPC / SEVIERVILLE DC1,15571271,207,3402019761,2024-09-26T05:00:37Z,2024-09-26T05:44:16Z,,24.212299,52.835,membership,Payment by membership account and/or membership card,USCPIE8851921*1
ChargePoint Network,,,14047321,14047321,JEFFERSON AVE. / OXFORD STA2(R),23514081,247,3406113321,2024-09-27T20:38:32Z,2024-09-27T21:36:43Z,,41.203899,51.102,membership,Payment by membership account and/or membership card,USCPIE14047321*1
ChargePoint Network,,,15885151,15885151,TWICKENHAM SQ / HU - STATION 2,25520801,247,3409550021,2024-09-29T16:58:10Z,2024-09-29T17:09:09Z,,15.044900,114.597,credit_card_terminal,Payment via credit card or debit card terminal,USCPIE15885151*1
ChargePoint Network,,,8851921,8851921,7SPC / SEVIERVILLE DC1,15571271,207,3343631441,2024-09-01T16:30:38Z,2024-09-01T17:51:44Z,,79.024002,62.015,membership,Payment by membership account and/or membership card,USCPIE8851921*1
ChargePoint Network,,,15640171,15640171,NECDC / STATION 2 (R),25228711,247,3343493131,2024-09-01T14:39:34Z,2024-09-01T15:59:23Z,,53.252300,42.212,membership,Payment by membership account and/or membership card,USCPIE15640171*1
ChargePoint Network,,,13664471,13664471,BTES / STATION 3 (RM),23060511,247,3408061761,2024-09-28T19:38:12Z,2024-09-28T19:54:27Z,,18.572500,74.4,other,Any other payment method not specified above. Additional description should be provided in Payment Method Description.,USCPIE13664471*1
ChargePoint Network,,,5498461,5498461,7SPC / CFEC SPENCER,9119451,3,3373341571,2024-09-14T01:32:56Z,2024-09-14T02:06:37Z,,3.624360,6.5304,membership,Payment by membership account and/or membership card,USCPIE5498461*2
ChargePoint Network,,,1988061,1988061,7SPC / SCES DOLLYWOOD,25499841,3,3407638341,2024-09-28T15:43:14Z,2024-09-28T21:42:28Z,,42.946426,7.2372,membership,Payment by membership account and/or membership card,USCPIE1988061*2
ChargePoint Network,,,8851921,8851921,7SPC / SEVIERVILLE DC1,15571271,207,3374575171,2024-09-14T19:11:49Z,2024-09-14T20:16:23Z,,38.337700,52.835,other,Any other payment method not specified above. Additional description should be provided in Payment Method Description.,USCPIE8851921*1
ChargePoint Network,,,8851921,8851921,7SPC / SEVIERVILLE DC1,15571271,100011,3343836071,2024-09-01T18:45:40Z,2024-09-01T18:58:39Z,,3.371500,0.0,membership,Payment by membership account and/or membership card,USCPIE8851921*1
ChargePoint Network,,,12406401,12406401,FPIA / RIGHT STATION,21527671,247,3372060061,2024-09-13T16:15:51Z,2024-09-13T16:34:18Z,,10.440400,38.495,membership,Payment by membership account and/or membership card,USCPIE12406401*1
ChargePoint Network,,,15684301,15684301,MLEC / STATION 1 (L) W,25280151,100011,3349228001,2024-09-04T09:19:53Z,2024-09-04T09:47:24Z,,20.418301,52.958,membership,Payment by membership account and/or membership card,USCPIE15684301*1
ChargePoint Network,,,14047321,14047321,JEFFERSON AVE. / OXFORD STA2(R),23514081,247,3382643841,2024-09-18T08:29:59Z,2024-09-18T08:57:22Z,,28.958599,0.0,membership,Payment by membership account and/or membership card,USCPIE14047321*1
ChargePoint Network,,,1988061,1988061,7SPC / SCES DOLLYWOOD,25499841,3,3355718661,2024-09-06T18:41:34Z,2024-09-06T23:11:33Z,,31.195906,7.1056,credit_card_terminal,Payment via credit card or debit card terminal,USCPIE1988061*2
ChargePoint Network,,,1932851,1932851,BRIGHTRIDGE EV / BR-JC LIBRARY,23319811,3,3395117921,2024-09-23T16:53:56Z,2024-09-23T16:55:14Z,,0.119045,7.3433,credit_card_terminal,Payment via credit card or debit card terminal,USCPIE1932851*1
ChargePoint Network,,,15623231,15623231,CLW / 5TH ST 1 (L),25208301,247,3406030501,2024-09-27T20:03:36Z,2024-09-27T21:05:20Z,,54.875301,88.139,membership,Payment by membership account and/or membership card,USCPIE15623231*1
ChargePoint Network,,,14097711,14097711,SCOTTSBORO EPB / SEPB DCFC (R),23570811,247,3360780121,2024-09-09T08:07:48Z,2024-09-09T08:23:16Z,,18.647800,79.793,membership,Payment by membership account and/or membership card,USCPIE14097711*1
ChargePoint Network,,,12720861,12720861,WRECC / STATION 2,21977121,247,3358030551,2024-09-07T20:18:33Z,2024-09-07T20:53:57Z,,37.342999,75.8,membership,Payment by membership account and/or membership card,USCPIE12720861*1
ChargePoint Network,,,1988061,1988061,7SPC / SCES DOLLYWOOD,25499831,3,3388397451,2024-09-20T13:42:37Z,2024-09-20T21:03:08Z,,47.396133,7.343,membership,Payment by membership account and/or membership card,USCPIE1988061*1
ChargePoint Network,,,8851921,8851921,7SPC / SEVIERVILLE DC1,15571271,207,3352558471,2024-09-05T15:26:52Z,2024-09-05T16:26:53Z,,50.990299,57.833,membership,Payment by membership account and/or membership card,USCPIE8851921*1
ChargePoint Network,,,16244751,16244751,TOMBIGBEE / STATION 1,25952971,247,3408165301,2024-09-28T20:34:17Z,2024-09-28T21:00:08Z,,30.431801,78.606,membership,Payment by membership account and/or membership card,USCPIE16244751*1
ChargePoint Network,,,5625391,5625391,7SPC / VEC JAMESTOWN,9280961,3,3352892221,2024-09-05T17:24:16Z,2024-09-05T22:11:04Z,,35.392689,7.5508,membership,Payment by membership account and/or membership card,USCPIE5625391*1
ChargePoint Network,,,9677521,9677521,UT PARKING / S7 STATION 1,17169341,3,3349932801,2024-09-04T15:45:48Z,2024-09-04T18:34:01Z,,19.414722,7.0271,membership,Payment by membership account and/or membership card,USCPIE9677521*2
ChargePoint Network,,,13659871,13659871,LAWRENCEBURG / STATION 2 (R),23054921,247,3399997881,2024-09-25T14:50:04Z,2024-09-25T15:17:08Z,,25.140600,61.936,membership,Payment by membership account and/or membership card,USCPIE13659871*1
ChargePoint Network,,,13643831,13643831,PEPA / STATION 1,23036511,247,3395316691,2024-09-23T18:27:31Z,2024-09-23T18:40:20Z,,13.430900,68.654,credit_card_terminal,Payment via credit card or debit card terminal,USCPIE13643831*1
ChargePoint Network,,,14359531,14359531,EBOFG / STATION 2 (R),23870331,247,3357314451,2024-09-07T12:42:24Z,2024-09-07T13:00:54Z,,7.259000,25.875,membership,Payment by membership account and/or membership card,USCPIE14359531*1
ChargePoint Network,,,15332321,15332321,TUA NW ATLANTIC / STATION 1 (L),24867861,247,3346875301,2024-09-03T13:20:32Z,2024-09-03T13:22:35Z,,0.000000,0.0,membership,Payment by membership account and/or membership card,USCPIE15332321*1
ChargePoint Network,,,7505851,7505851,JEFFERSON AVE. / OXFORD STA1(L),12955471,247,3356683151,2024-09-07T01:39:42Z,2024-09-07T02:01:36Z,,19.155399,74.4,membership,Payment by membership account and/or membership card,USCPIE7505851*1
ChargePoint Network,,,9677521,9677521,UT PARKING / S7 STATION 1,17169331,3,3376124601,2024-09-15T17:03:15Z,2024-09-15T21:38:08Z,,15.792639,3.9153,membership,Payment by membership account and/or membership card,USCPIE9677521*1
ChargePoint Network,,,13664471,13664471,BTES / STATION 3 (RM),23060511,247,3405240101,2024-09-27T14:42:11Z,2024-09-27T14:43:55Z,,0.000000,0.0,membership,Payment by membership account and/or membership card,USCPIE13664471*1
ChargePoint Network,,,12406491,12406491,FPIA / LEFT STATION,21527781,247,3355497741,2024-09-06T16:58:48Z,2024-09-06T17:05:32Z,,4.794300,50.041,membership,Payment by membership account and/or membership card,USCPIE12406491*1
ChargePoint Network,,,16022131,16022131,ACEPA / ACE STATION 1,25683791,247,3369490981,2024-09-12T16:25:22Z,2024-09-12T16:55:39Z,,34.157101,69.58,membership,Payment by membership account and/or membership card,USCPIE16022131*1
ChargePoint Network,,,14337501,14337501,HOLSTONELECTRIC / CHURCH HILL-2,23845091,247,3395270071,2024-09-23T18:04:53Z,2024-09-23T18:27:36Z,,26.712000,72.0,membership,Payment by membership account and/or membership card,USCPIE14337501*1
ChargePoint Network,,,13861861,13861861,BRMEMC / STATION 1,23296281,247,3355078201,2024-09-06T14:29:32Z,2024-09-06T16:15:25Z,,88.906097,74.294,membership,Payment by membership account and/or membership card,USCPIE13861861*1
ChargePoint Network,,,5354011,5354011,7SPC / GREENEVILLE TA,8936791,100011,3367048801,2024-09-11T17:59:42Z,2024-09-11T18:08:27Z,,5.268400,0.0,membership,Payment by membership account and/or membership card,USCPIE5354011*1
ChargePoint Network,,,15548151,15548151,DECATURDOWNTWN / STATION 1 (R),,,3393557951,2024-09-22T23:08:10Z,2024-09-22T23:10:11Z,,0.000000,,membership,Payment by membership account and/or membership card,USCPIE15548151*0
ChargePoint Network,,,15640171,15640171,NECDC / STATION 2 (R),25228711,247,3356816531,2024-09-07T02:53:59Z,2024-09-07T02:54:41Z,,0.000000,0.0,credit_card_terminal,Payment via credit card or debit card terminal,USCPIE15640171*1
ChargePoint Network,,,13966051,13966051,BEA / STATION 3 (RM),23419981,247,3376584651,2024-09-15T21:26:45Z,2024-09-15T22:19:58Z,,22.374800,64.295,membership,Payment by membership account and/or membership card,USCPIE13966051*1
ChargePoint Network,,,5363211,5363211,HARTSELLE 1 / HARTSELLE 1,23427571,3,3347590261,2024-09-03T17:46:37Z,2024-09-03T20:43:46Z,,15.835043,7.3188,membership,Payment by membership account and/or membership card,USCPIE5363211*1
ChargePoint Network,,,16093871,16093871,BCES / CSN-01577435,25770751,247,3366752671,2024-09-11T15:59:52Z,2024-09-11T16:01:18Z,,0.000000,0.0,membership,Payment by membership account and/or membership card,USCPIE16093871*1
ChargePoint Network,,,15548181,15548181,DECATURDOWNTWN / STATION 2 (L),25119551,247,3393694881,2024-09-23T00:19:37Z,2024-09-23T01:30:26Z,,66.342598,77.617,membership,Payment by membership account and/or membership card,USCPIE15548181*1
ChargePoint Network,,,15885251,15885251,TWICKENHAM SQ / HU - STATION 1,25520941,247,3345717131,2024-09-02T21:31:31Z,2024-09-02T22:18:25Z,,68.514198,95.152,membership,Payment by membership account and/or membership card,USCPIE15885251*1
ChargePoint Network,,,15548151,15548151,DECATURDOWNTWN / STATION 1 (R),25119511,247,3390861431,2024-09-21T14:32:52Z,2024-09-21T14:33:38Z,,0.000000,0.0,membership,Payment by membership account and/or membership card,USCPIE15548151*1
ChargePoint Network,,,15640031,15640031,NECDC / STATION 1 (L),25228511,247,3379115421,2024-09-16T22:28:16Z,2024-09-16T22:46:22Z,,21.193399,75.845,membership,Payment by membership account and/or membership card,USCPIE15640031*1
ChargePoint Network,,,7505851,7505851,JEFFERSON AVE. / OXFORD STA1(L),12955471,247,3392815801,2024-09-22T16:22:20Z,2024-09-22T17:40:55Z,,47.891102,112.995,membership,Payment by membership account and/or membership card,USCPIE7505851*1
ChargePoint Network,,,15836981,15836981,TOMBIGBEE / STATION 4,25462651,247,3343876081,2024-09-01T19:09:11Z,2024-09-01T19:27:59Z,,20.757999,72.496,other,Any other payment method not specified above. Additional description should be provided in Payment Method Description.,USCPIE15836981*1
ChargePoint Network,,,15684341,15684341,MLEC / STATION 2 (R) W,25280201,247,3398508811,2024-09-24T22:24:57Z,2024-09-24T22:36:17Z,,11.265900,65.141,membership,Payment by membership account and/or membership card,USCPIE15684341*1
ChargePoint Network,,,5122191,5122191,CULLMANELECTRIC / STATION1-L,8482151,247,3343466351,2024-09-01T14:11:52Z,2024-09-01T14:26:11Z,,15.955300,69.65,membership,Payment by membership account and/or membership card,USCPIE5122191*1
ChargePoint Network,,,15885151,15885151,TWICKENHAM SQ / HU - STATION 2,25520801,247,3343401631,2024-09-01T12:53:18Z,2024-09-01T14:09:52Z,,18.672800,33.464,membership,Payment by membership account and/or membership card,USCPIE15885151*1
ChargePoint Network,,,15885251,15885251,TWICKENHAM SQ / HU - STATION 1,25520941,247,3387290951,2024-09-19T23:55:08Z,2024-09-20T00:41:23Z,,62.995499,121.903,membership,Payment by membership account and/or membership card,USCPIE15885251*1
ChargePoint Network,,,5466441,5466441,7SPC / NASA USSRC R,9079371,3,3343473491,2024-09-01T14:19:13Z,2024-09-01T16:53:05Z,,15.554635,6.1479,other,Any other payment method not specified above. Additional description should be provided in Payment Method Description.,USCPIE5466441*2
ChargePoint Network,,,7505851,7505851,JEFFERSON AVE. / OXFORD STA1(L),12955471,247,3387070121,2024-09-19T22:27:14Z,2024-09-20T00:47:54Z,,76.164597,88.199,membership,Payment by membership account and/or membership card,USCPIE7505851*1
ChargePoint Network,,,13966031,13966031,BEA / STATION 4 (RR),23419961,247,3342845361,2024-09-01T01:07:33Z,2024-09-01T01:22:33Z,,17.161900,72.54,roaming,Payment via roaming partners,USCPIE13966031*1
ChargePoint Network,,,13606091,13606091,I24 EXIT11 / STATION 3 (RM),22992551,247,3409500991,2024-09-29T16:28:02Z,2024-09-29T17:04:11Z,,33.679699,73.458,membership,Payment by membership account and/or membership card,USCPIE13606091*1
ChargePoint Network,,,13606091,13606091,I24 EXIT11 / STATION 3 (RM),22992551,247,3390523411,2024-09-21T05:56:19Z,2024-09-21T06:47:05Z,,56.714600,76.435,membership,Payment by membership account and/or membership card,USCPIE13606091*1
ChargePoint Network,,,12406491,12406491,FPIA / LEFT STATION,21527781,247,3355691361,2024-09-06T18:28:42Z,2024-09-06T18:47:12Z,,16.930799,61.291,membership,Payment by membership account and/or membership card,USCPIE12406491*1
ChargePoint Network,,,5122191,5122191,CULLMANELECTRIC / STATION1-L,8482151,247,3345668101,2024-09-02T21:02:53Z,2024-09-02T21:03:48Z,,0.000000,0.0,membership,Payment by membership account and/or membership card,USCPIE5122191*1
ChargePoint Network,,,13606121,13606121,I24 EXIT11 / STATION 2 (LM),22992591,247,3372959911,2024-09-13T22:40:44Z,2024-09-13T23:01:43Z,,38.654999,121.968,membership,Payment by membership account and/or membership card,USCPIE13606121*1
ChargePoint Network,,,14337221,14337221,HOLSTONELECTRIC / CHURCH HILL-1,23844801,247,3403130781,2024-09-26T17:30:48Z,2024-09-26T17:40:24Z,,10.606100,0.0,credit_card_terminal,Payment via credit card or debit card terminal,USCPIE14337221*1
ChargePoint Network,,,15836981,15836981,TOMBIGBEE / STATION 4,25462651,247,3359241321,2024-09-08T14:45:55Z,2024-09-08T14:46:56Z,,0.000000,0.0,credit_card_terminal,Payment via credit card or debit card terminal,USCPIE15836981*1
ChargePoint Network,,,13966051,13966051,BEA / STATION 3 (RM),23419981,247,3406729721,2024-09-28T01:11:31Z,2024-09-28T02:53:06Z,,81.141602,74.86,membership,Payment by membership account and/or membership card,USCPIE13966051*1
ChargePoint Network,,,15623231,15623231,CLW / 5TH ST 1 (L),25208301,247,3359555291,2024-09-08T18:14:59Z,2024-09-08T18:53:42Z,,31.169399,48.944,credit_card_terminal,Payment via credit card or debit card terminal,USCPIE15623231*1
ChargePoint Network,,,14047321,14047321,JEFFERSON AVE. / OXFORD STA2(R),23514081,247,3346408371,2024-09-03T04:15:22Z,2024-09-03T04:51:24Z,,29.918100,75.253,membership,Payment by membership account and/or membership card,USCPIE14047321*1
ChargePoint Network,,,14097711,14097711,SCOTTSBORO EPB / SEPB DCFC (R),23570811,247,3356451811,2024-09-06T23:51:07Z,2024-09-07T00:28:23Z,,22.092199,53.505,credit_card_terminal,Payment via credit card or debit card terminal,USCPIE14097711*1
ChargePoint Network,,,15694171,15694171,BRIGHTRIDGE EV / STATION 1 (L),25292041,247,3392965771,2024-09-22T17:54:53Z,2024-09-22T18:46:19Z,,49.797600,100.367,credit_card_terminal,Payment via credit card or debit card terminal,USCPIE15694171*1
ChargePoint Network,,,5363211,5363211,HARTSELLE 1 / HARTSELLE 1,23427581,3,3397755591,2024-09-24T17:09:43Z,2024-09-24T17:47:04Z,,4.322917,7.0741,membership,Payment by membership account and/or membership card,USCPIE5363211*2
ChargePoint Network,,,5354011,5354011,7SPC / GREENEVILLE TA,8936791,207,3409871261,2024-09-29T20:01:36Z,2024-09-29T20:03:19Z,,0.000000,0.0,membership,Payment by membership account and/or membership card,USCPIE5354011*1
ChargePoint Network,,,15885251,15885251,TWICKENHAM SQ / HU - STATION 1,25520941,100011,3358639051,2024-09-08T01:58:31Z,2024-09-08T02:30:00Z,,17.851400,53.268,membership,Payment by membership account and/or membership card,USCPIE15885251*1
ChargePoint Network,,,7505851,7505851,JEFFERSON AVE. / OXFORD STA1(L),12955471,100011,3390505951,2024-09-21T05:30:22Z,2024-09-21T05:58:55Z,,10.401300,23.472,membership,Payment by membership account and/or membership card,USCPIE7505851*1
ChargePoint Network,,,15885771,15885771,TWICKENHAM SQ / HU - STATION 4,25521581,247,3366014811,2024-09-11T09:44:19Z,2024-09-11T10:34:23Z,,54.522900,69.344,membership,Payment by membership account and/or membership card,USCPIE15885771*1
ChargePoint Network,,,1964521,1964521,EBOFG / GUNTERSVILLE PD,8374201,3,3376453401,2024-09-15T20:17:02Z,2024-09-15T20:19:01Z,,0.000000,0.0,membership,Payment by membership account and/or membership card,USCPIE1964521*1
ChargePoint Network,,,15729991,15729991,AEC / AEC03,25334181,3,3345439161,2024-09-02T18:43:50Z,2024-09-02T20:27:10Z,,12.086221,7.055,membership,Payment by membership account and/or membership card,USCPIE15729991*2
ChargePoint Network,,,14047321,14047321,JEFFERSON AVE. / OXFORD STA2(R),23514081,100011,3390863661,2024-09-21T14:34:21Z,2024-09-21T14:42:17Z,,3.120900,0.0,membership,Payment by membership account and/or membership card,USCPIE14047321*1
ChargePoint Network,,,13664501,13664501,BTES / STATION 4 (RR),23060561,100011,3409827621,2024-09-29T19:37:32Z,2024-09-29T20:25:22Z,,4.554100,28.615,credit_card_terminal,Payment via credit card or debit card terminal,USCPIE13664501*1
ChargePoint Network,,,5354011,5354011,7SPC / GREENEVILLE TA,8936791,207,3409875081,2024-09-29T20:03:35Z,2024-09-29T20:56:14Z,,46.604401,60.06,membership,Payment by membership account and/or membership card,USCPIE5354011*1
ChargePoint Network,,,12406491,12406491,FPIA / LEFT STATION,21527781,247,3363085171,2024-09-10T03:16:13Z,2024-09-10T03:22:11Z,,0.000000,0.0,credit_card_terminal,Payment via credit card or debit card terminal,USCPIE12406491*1
ChargePoint Network,,,13606061,13606061,I24 EXIT11 / STATION 4 (RR),22992511,247,3405773541,2024-09-27T18:10:04Z,2024-09-27T18:20:51Z,,12.036800,69.934,membership,Payment by membership account and/or membership card,USCPIE13606061*1
ChargePoint Network,,,15836871,15836871,TOMBIGBEE / STATION 3,25462501,247,3384395321,2024-09-18T22:36:53Z,2024-09-18T23:28:20Z,,61.123901,75.269,membership,Payment by membership account and/or membership card,USCPIE15836871*1
ChargePoint Network,,,5122191,5122191,CULLMANELECTRIC / STATION1-L,8482151,247,3374460271,2024-09-14T18:10:30Z,2024-09-14T18:19:41Z,,7.717500,55.334,membership,Payment by membership account and/or membership card,USCPIE5122191*1
ChargePoint Network,,,13803581,13803581,FPU / STATION 1 (L),23227201,247,3358144181,2024-09-07T21:19:28Z,2024-09-07T21:36:26Z,,20.498899,76.635,membership,Payment by membership account and/or membership card,USCPIE13803581*1
ChargePoint Network,,,13803581,13803581,FPU / STATION 1 (L),23227201,247,3367177491,2024-09-11T18:59:09Z,2024-09-11T19:00:21Z,,0.000000,0.0,membership,Payment by membership account and/or membership card,USCPIE13803581*1
ChargePoint Network,,,15885251,15885251,TWICKENHAM SQ / HU - STATION 1,25520941,247,3358206921,2024-09-07T21:54:01Z,2024-09-07T22:26:53Z,,21.853701,74.663,membership,Payment by membership account and/or membership card,USCPIE15885251*1
ChargePoint Network,,,12988591,12988591,BTES / BTES OFFICE,22285121,3,3391885001,2024-09-22T00:03:26Z,2024-09-22T03:47:30Z,,26.184134,7.0561,other,Any other payment method not specified above. Additional description should be provided in Payment Method Description.,USCPIE12988591*1
ChargePoint Network,,,1921351,1921351,STARKVILLE UTIL / STARKVILLE DWTN,23682581,3,3352451911,2024-09-05T14:54:41Z,2024-09-05T18:10:14Z,,16.462229,7.5749,membership,Payment by membership account and/or membership card,USCPIE1921351*2
ChargePoint Network,,,15885151,15885151,TWICKENHAM SQ / HU - STATION 2,25520801,247,3352896861,2024-09-05T17:26:36Z,2024-09-05T18:08:15Z,,36.728600,78.0,membership,Payment by membership account and/or membership card,USCPIE15885151*1
ChargePoint Network,,,13861891,13861891,BRMEMC / STATION 2,23296321,247,3389797451,2024-09-20T23:17:31Z,2024-09-20T23:55:50Z,,43.880402,90.896,membership,Payment by membership account and/or membership card,USCPIE13861891*1
ChargePoint Network,,,5346231,5346231,CULLMANELECTRIC / STATION2-R,8926271,247,3344502721,2024-09-02T01:36:37Z,2024-09-02T02:42:48Z,,65.318199,62.916,membership,Payment by membership account and/or membership card,USCPIE5346231*1
ChargePoint Network,,,15885251,15885251,TWICKENHAM SQ / HU - STATION 1,25520941,247,3343641851,2024-09-01T16:37:54Z,2024-09-01T17:51:09Z,,60.575199,57.133,membership,Payment by membership account and/or membership card,USCPIE15885251*1
ChargePoint Network,,,13966851,13966851,BEA / STATION 1 (LL),23420911,247,3393501991,2024-09-22T22:46:39Z,2024-09-22T23:28:16Z,,34.989201,71.955,membership,Payment by membership account and/or membership card,USCPIE13966851*1
ChargePoint Network,,,13966051,13966051,BEA / STATION 3 (RM),23419981,247,3381851911,2024-09-17T23:27:06Z,2024-09-18T00:20:26Z,,53.653400,74.86,membership,Payment by membership account and/or membership card,USCPIE13966051*1
ChargePoint Network,,,1933211,1933211,BRIGHTRIDGE EV / BR-JONESBOROUGH,2283631,3,3359353481,2024-09-08T16:09:11Z,2024-09-08T16:11:11Z,,0.000000,0.0,membership,Payment by membership account and/or membership card,USCPIE1933211*1
ChargePoint Network,,,14097801,14097801,SCOTTSBORO EPB / SEPB DCFC (L),23570921,247,3345707121,2024-09-02T21:25:53Z,2024-09-02T21:26:47Z,,0.000000,0.0,membership,Payment by membership account and/or membership card,USCPIE14097801*1
ChargePoint Network,,,16022101,16022101,ACEPA / ACE STATION 2,25683761,247,3391603811,2024-09-21T21:36:10Z,2024-09-21T22:28:40Z,,54.081902,88.307,membership,Payment by membership account and/or membership card,USCPIE16022101*1
ChargePoint Network,,,12406401,12406401,FPIA / RIGHT STATION,,,3376264601,2024-09-15T18:27:33Z,2024-09-15T18:29:34Z,,0.000000,,membership,Payment by membership account and/or membership card,USCPIE12406401*0
ChargePoint Network,,,15548181,15548181,DECATURDOWNTWN / STATION 2 (L),25119551,247,3394451411,2024-09-23T12:38:05Z,2024-09-23T12:56:06Z,,16.305201,57.816,credit_card_terminal,Payment via credit card or debit card terminal,USCPIE15548181*1
ChargePoint Network,,,13026471,13026471,WCMES / CITYHALL2-R,22328331,247,3376601301,2024-09-15T21:36:52Z,2024-09-15T22:57:14Z,,50.750999,72.323,membership,Payment by membership account and/or membership card,USCPIE13026471*1
ChargePoint Network,,,5625391,5625391,7SPC / VEC JAMESTOWN,9280961,3,3355276231,2024-09-06T15:38:02Z,2024-09-06T15:50:20Z,,1.456757,7.5479,membership,Payment by membership account and/or membership card,USCPIE5625391*1
ChargePoint Network,,,13861891,13861891,BRMEMC / STATION 2,23296321,247,3399793361,2024-09-25T13:24:19Z,2024-09-25T13:25:08Z,,0.000000,0.0,membership,Payment by membership account and/or membership card,USCPIE13861891*1provider_id,station_id,site_id,charger_id,evse_id,evse_name,port_id,connector_id,session_id,session_start,session_end,session_error,energy_kwh,peak_power_kw,payment_method,payment_other,eMI3 Port id
ChargePoint Network,,,7505851,7505851,JEFFERSON AVE. / OXFORD STA1(L),12955471,100011,3391114201,2024-09-21T17:10:18Z,2024-09-21T17:15:06Z,,1.569300,23.118,membership,Payment by membership account and/or membership card,USCPIE7505851*1
ChargePoint Network,,,1844191,1844191,CLW / MAIN ST,23050431,3,3371649461,2024-09-13T13:38:38Z,2024-09-13T21:31:41Z,,54.508549,7.0569,membership,Payment by membership account and/or membership card,USCPIE1844191*1
ChargePoint Network,,,5619801,5619801,7SPC / WARREN RECC BG,25687251,3,3355070411,2024-09-06T14:26:26Z,2024-09-06T15:35:17Z,,5.766838,6.3309,membership,Payment by membership account and/or membership card,USCPIE5619801*1
ChargePoint Network,,,14047321,14047321,JEFFERSON AVE. / OXFORD STA2(R),23514081,247,3351537861,2024-09-05T02:59:45Z,2024-09-05T03:10:05Z,,11.093900,0.0,membership,Payment by membership account and/or membership card,USCPIE14047321*1
ChargePoint Network,,,12406401,12406401,FPIA / RIGHT STATION,21527671,247,3398887001,2024-09-25T00:57:00Z,2024-09-25T01:08:52Z,,13.350300,73.891,membership,Payment by membership account and/or membership card,USCPIE12406401*1
ChargePoint Network,,,12754021,12754021,WCMES / CITYHALL1-L,22015241,247,3374362231,2024-09-14T17:15:22Z,2024-09-14T18:01:30Z,,40.307098,75.855,membership,Payment by membership account and/or membership card,USCPIE12754021*1
ChargePoint Network,,,12720861,12720861,WRECC / STATION 2,21977121,247,3345199321,2024-09-02T16:03:18Z,2024-09-02T17:00:54Z,,40.809700,54.9,membership,Payment by membership account and/or membership card,USCPIE12720861*1
ChargePoint Network,,,13292801,13292801,LODGE CAST IRON / STORE & MUSEUM,22637551,3,3374342831,2024-09-14T17:04:51Z,2024-09-14T18:03:19Z,,6.731224,7.0631,credit_card_terminal,Payment via credit card or debit card terminal,USCPIE13292801*1
ChargePoint Network,,,13966031,13966031,BEA / STATION 4 (RR),23419961,247,3366690131,2024-09-11T15:41:07Z,2024-09-11T15:42:33Z,,0.000000,0.0,membership,Payment by membership account and/or membership card,USCPIE13966031*1
ChargePoint Network,,,15684301,15684301,MLEC / STATION 1 (L) W,,,3400359061,2024-09-25T16:44:28Z,2024-09-25T16:46:29Z,,0.000000,,membership,Payment by membership account and/or membership card,USCPIE15684301*0
ChargePoint Network,,,13643801,13643801,PEPA / STATION 2,23036481,247,3354269781,2024-09-06T02:55:57Z,2024-09-06T03:09:03Z,,14.144400,75.078,credit_card_terminal,Payment via credit card or debit card terminal,USCPIE13643801*1
ChargePoint Network,,,15548151,15548151,DECATURDOWNTWN / STATION 1 (R),25119511,247,3395700131,2024-09-23T21:11:59Z,2024-09-23T21:15:03Z,,2.988500,75.222,membership,Payment by membership account and/or membership card,USCPIE15548151*1
ChargePoint Network,,,14047321,14047321,JEFFERSON AVE. / OXFORD STA2(R),23514081,247,3405942421,2024-09-27T19:27:05Z,2024-09-27T20:26:47Z,,55.183998,76.031,membership,Payment by membership account and/or membership card,USCPIE14047321*1
ChargePoint Network,,,14047321,14047321,JEFFERSON AVE. / OXFORD STA2(R),23514081,247,3364921341,2024-09-10T21:36:16Z,2024-09-10T22:34:04Z,,60.952301,77.42,credit_card_terminal,Payment via credit card or debit card terminal,USCPIE14047321*1
ChargePoint Network,,,14097711,14097711,SCOTTSBORO EPB / SEPB DCFC (R),23570811,247,3345711501,2024-09-02T21:28:07Z,2024-09-02T21:29:13Z,,0.000000,0.0,membership,Payment by membership account and/or membership card,USCPIE14097711*1
ChargePoint Network,,,15694081,15694081,BRIGHTRIDGE EV / STATION 2 (R),25291921,247,3356067561,2024-09-06T21:05:30Z,2024-09-06T21:06:36Z,,0.000000,0.0,credit_card_terminal,Payment via credit card or debit card terminal,USCPIE15694081*1
ChargePoint Network,,,15836871,15836871,TOMBIGBEE / STATION 3,25462501,247,3380910611,2024-09-17T16:55:28Z,2024-09-17T17:24:16Z,,30.336399,73.108,membership,Payment by membership account and/or membership card,USCPIE15836871*1
ChargePoint Network,,,5466441,5466441,7SPC / NASA USSRC R,9079361,3,3407855191,2024-09-28T17:47:23Z,2024-09-28T19:21:53Z,,9.742362,6.2746,membership,Payment by membership account and/or membership card,USCPIE5466441*1
ChargePoint Network,,,15548151,15548151,DECATURDOWNTWN / STATION 1 (R),25119511,247,3360535031,2024-09-09T03:17:05Z,2024-09-09T03:23:47Z,,5.896500,0.0,credit_card_terminal,Payment via credit card or debit card terminal,USCPIE15548151*1
ChargePoint Network,,,15623211,15623211,CLW / 5TH ST 2 (R),25208281,247,3391423691,2024-09-21T19:59:20Z,2024-09-21T20:00:35Z,,0.453000,0.0,membership,Payment by membership account and/or membership card,USCPIE15623211*1
ChargePoint Network,,,8851921,8851921,7SPC / SEVIERVILLE DC1,15571271,207,3348712821,2024-09-04T01:18:01Z,2024-09-04T01:55:15Z,,33.477901,56.209,membership,Payment by membership account and/or membership card,USCPIE8851921*1
ChargePoint Network,,,13606121,13606121,I24 EXIT11 / STATION 2 (LM),,,3365621481,2024-09-11T02:27:16Z,2024-09-11T02:29:18Z,,0.000000,0.0,membership,Payment by membership account and/or membership card,USCPIE13606121*0
ChargePoint Network,,,13606091,13606091,I24 EXIT11 / STATION 3 (RM),22992551,247,3362042811,2024-09-09T19:42:53Z,2024-09-09T19:57:25Z,,7.487100,47.75,membership,Payment by membership account and/or membership card,USCPIE13606091*1
ChargePoint Network,,,7505851,7505851,JEFFERSON AVE. / OXFORD STA1(L),12955471,247,3406103431,2024-09-27T20:33:51Z,2024-09-27T21:37:26Z,,63.222401,81.774,membership,Payment by membership account and/or membership card,USCPIE7505851*1
ChargePoint Network,,,9677521,9677521,UT PARKING / S7 STATION 1,17169341,3,3386201821,2024-09-19T16:29:47Z,2024-09-19T19:53:44Z,,23.765490,7.1603,membership,Payment by membership account and/or membership card,USCPIE9677521*2
ChargePoint Network,,,12406491,12406491,FPIA / LEFT STATION,21527781,247,3378564371,2024-09-16T18:34:47Z,2024-09-16T18:35:47Z,,0.000000,0.0,membership,Payment by membership account and/or membership card,USCPIE12406491*1
ChargePoint Network,,,15548151,15548151,DECATURDOWNTWN / STATION 1 (R),25119511,247,3364792351,2024-09-10T20:43:32Z,2024-09-10T21:21:42Z,,21.675600,58.967,membership,Payment by membership account and/or membership card,USCPIE15548151*1
ChargePoint Network,,,15694171,15694171,BRIGHTRIDGE EV / STATION 1 (L),25292041,247,3372908461,2024-09-13T22:18:18Z,2024-09-13T22:18:42Z,,0.000000,0.0,membership,Payment by membership account and/or membership card,USCPIE15694171*1
ChargePoint Network,,,14047321,14047321,JEFFERSON AVE. / OXFORD STA2(R),23514081,247,3342919561,2024-09-01T01:55:51Z,2024-09-01T02:01:24Z,,5.363000,73.853,membership,Payment by membership account and/or membership card,USCPIE14047321*1
ChargePoint Network,,,14337221,14337221,HOLSTONELECTRIC / CHURCH HILL-1,23844801,247,3345260621,2024-09-02T16:45:49Z,2024-09-02T17:09:53Z,,18.707701,76.4,membership,Payment by membership account and/or membership card,USCPIE14337221*1
ChargePoint Network,,,13423691,13423691,AEC / STATION #1 (L),22787121,247,3372815921,2024-09-13T21:38:44Z,2024-09-13T22:36:40Z,,35.030998,76.047,membership,Payment by membership account and/or membership card,USCPIE13423691*1
ChargePoint Network,,,15885251,15885251,TWICKENHAM SQ / HU - STATION 1,25520941,247,3359562221,2024-09-08T18:19:28Z,2024-09-08T18:20:23Z,,0.000000,0.0,membership,Payment by membership account and/or membership card,USCPIE15885251*1
ChargePoint Network,,,12720881,12720881,WRECC / STATION 1,21977141,247,3397889871,2024-09-24T18:13:45Z,2024-09-24T18:15:43Z,,0.000000,0.0,membership,Payment by membership account and/or membership card,USCPIE12720881*1
ChargePoint Network,,,15623211,15623211,CLW / 5TH ST 2 (R),25208281,247,3379440191,2024-09-17T00:44:33Z,2024-09-17T01:39:01Z,,41.171299,54.167,membership,Payment by membership account and/or membership card,USCPIE15623211*1
ChargePoint Network,,,8851921,8851921,7SPC / SEVIERVILLE DC1,15571271,207,3379048331,2024-09-16T22:01:26Z,2024-09-16T23:08:19Z,,46.990002,43.29,membership,Payment by membership account and/or membership card,USCPIE8851921*1
ChargePoint Network,,,8851921,8851921,7SPC / SEVIERVILLE DC1,15571271,207,3382159831,2024-09-18T01:33:59Z,2024-09-18T02:22:11Z,,34.257999,52.479,membership,Payment by membership account and/or membership card,USCPIE8851921*1
ChargePoint Network,,,13290491,13290491,7SPC / NASA USSRC L,25742681,3,3395491341,2024-09-23T19:44:43Z,2024-09-23T20:03:29Z,,0.994531,3.2572,membership,Payment by membership account and/or membership card,USCPIE13290491*2
ChargePoint Network,,,5525971,5525971,7SPC / SPARTA TN,9154681,3,3362767241,2024-09-10T00:43:27Z,2024-09-10T06:33:34Z,,41.770340,7.2367,membership,Payment by membership account and/or membership card,USCPIE5525971*1
ChargePoint Network,,,15548181,15548181,DECATURDOWNTWN / STATION 2 (L),25119551,247,3355885441,2024-09-06T19:51:06Z,2024-09-06T19:59:35Z,,5.025400,0.0,membership,Payment by membership account and/or membership card,USCPIE15548181*1
ChargePoint Network,,,5384781,5384781,7SPC / TRI-COUNTY EMC,9273691,3,3343902391,2024-09-01T19:25:49Z,2024-09-01T20:18:03Z,,6.521959,,credit_card_terminal,Payment via credit card or debit card terminal,USCPIE5384781*1
ChargePoint Network,,,14047321,14047321,JEFFERSON AVE. / OXFORD STA2(R),23514081,100011,3391637371,2024-09-21T21:54:19Z,2024-09-21T23:21:52Z,,24.342501,17.25,membership,Payment by membership account and/or membership card,USCPIE14047321*1
ChargePoint Network,,,14047321,14047321,JEFFERSON AVE. / OXFORD STA2(R),,,3370001991,2024-09-12T20:04:53Z,2024-09-12T20:04:59Z,,0.000000,,membership,Payment by membership account and/or membership card,USCPIE14047321*0
ChargePoint Network,,,15250771,15250771,SES-TN / STATION 1,,,3403768121,2024-09-26T22:00:44Z,2024-09-26T22:00:55Z,,0.000000,,membership,Payment by membership account and/or membership card,USCPIE15250771*0
ChargePoint Network,,,15885151,15885151,TWICKENHAM SQ / HU - STATION 2,25520801,247,3393674861,2024-09-23T00:09:14Z,2024-09-23T00:25:34Z,,17.937500,69.064,membership,Payment by membership account and/or membership card,USCPIE15885151*1
ChargePoint Network,,,7505851,7505851,JEFFERSON AVE. / OXFORD STA1(L),12955471,100011,3403535211,2024-09-26T20:24:30Z,2024-09-26T20:45:56Z,,6.049800,17.893,membership,Payment by membership account and/or membership card,USCPIE7505851*1
ChargePoint Network,,,1921531,1921531,STARKVILLE UTIL / STARKVILLE REC,2268551,3,3401111271,2024-09-25T22:02:57Z,2024-09-26T03:22:11Z,,30.486816,7.5133,membership,Payment by membership account and/or membership card,USCPIE1921531*1
ChargePoint Network,,,13606121,13606121,I24 EXIT11 / STATION 2 (LM),22992591,247,3371953711,2024-09-13T15:40:52Z,2024-09-13T16:01:35Z,,17.489201,53.131,membership,Payment by membership account and/or membership card,USCPIE13606121*1
ChargePoint Network,,,15836981,15836981,TOMBIGBEE / STATION 4,25462651,247,3367914831,2024-09-11T23:56:26Z,2024-09-12T00:37:20Z,,56.618900,122.583,membership,Payment by membership account and/or membership card,USCPIE15836981*1
ChargePoint Network,,,13861861,13861861,BRMEMC / STATION 1,23296281,247,3362696011,2024-09-10T00:11:39Z,2024-09-10T00:23:13Z,,12.644800,70.167,membership,Payment by membership account and/or membership card,USCPIE13861861*1
ChargePoint Network,,,13606061,13606061,I24 EXIT11 / STATION 4 (RR),22992511,247,3350901861,2024-09-04T22:20:18Z,2024-09-04T22:49:30Z,,33.756599,75.42,membership,Payment by membership account and/or membership card,USCPIE13606061*1
ChargePoint Network,,,15694081,15694081,BRIGHTRIDGE EV / STATION 2 (R),,,3359401611,2024-09-08T16:40:15Z,2024-09-08T16:42:16Z,,0.000000,,phone_online,"Payment through mobile app, website, automated phone number or messaging system",USCPIE15694081*0
ChargePoint Network,,,15885771,15885771,TWICKENHAM SQ / HU - STATION 4,25521581,247,3384380471,2024-09-18T22:31:08Z,2024-09-18T23:22:33Z,,40.140499,75.056,credit_card_terminal,Payment via credit card or debit card terminal,USCPIE15885771*1
ChargePoint Network,,,16022131,16022131,ACEPA / ACE STATION 1,25683791,247,3351141341,2024-09-04T23:54:00Z,2024-09-05T00:50:22Z,,57.983299,74.86,membership,Payment by membership account and/or membership card,USCPIE16022131*1
ChargePoint Network,,,13803581,13803581,FPU / STATION 1 (L),23227201,247,3363378591,2024-09-10T10:13:20Z,2024-09-10T10:21:21Z,,4.234600,49.2,membership,Payment by membership account and/or membership card,USCPIE13803581*1
ChargePoint Network,,,5466441,5466441,7SPC / NASA USSRC R,9079371,3,3352373731,2024-09-05T14:25:49Z,2024-09-05T20:36:12Z,,37.403877,6.1317,membership,Payment by membership account and/or membership card,USCPIE5466441*2
ChargePoint Network,,,15640171,15640171,NECDC / STATION 2 (R),25228711,247,3346855111,2024-09-03T13:10:51Z,2024-09-03T13:12:02Z,,0.000000,0.0,credit_card_terminal,Payment via credit card or debit card terminal,USCPIE15640171*1
ChargePoint Network,,,1932851,1932851,BRIGHTRIDGE EV / BR-JC LIBRARY,23319821,3,3365043581,2024-09-10T22:21:51Z,2024-09-10T22:26:44Z,,0.539710,7.4075,membership,Payment by membership account and/or membership card,USCPIE1932851*2
ChargePoint Network,,,5354011,5354011,7SPC / GREENEVILLE TA,8936791,100011,3397828981,2024-09-24T17:44:37Z,2024-09-24T18:11:02Z,,12.362200,46.986,membership,Payment by membership account and/or membership card,USCPIE5354011*1
ChargePoint Network,,,15548181,15548181,DECATURDOWNTWN / STATION 2 (L),25119551,247,3372483861,2024-09-13T19:21:05Z,2024-09-13T20:22:41Z,,61.801800,64.418,membership,Payment by membership account and/or membership card,USCPIE15548181*1
ChargePoint Network,,,15555831,15555831,FPU / STATION 2 (R),,,3376331481,2024-09-15T19:07:07Z,2024-09-15T19:09:09Z,,0.000000,,membership,Payment by membership account and/or membership card,USCPIE15555831*0
ChargePoint Network,,,14083171,14083171,STEMC / STATION 1 (L) H,23554721,247,3381402021,2024-09-17T20:28:44Z,2024-09-17T21:26:29Z,,50.971401,76.83,credit_card_terminal,Payment via credit card or debit card terminal,USCPIE14083171*1
ChargePoint Network,,,12406401,12406401,FPIA / RIGHT STATION,21527671,247,3347563081,2024-09-03T17:33:00Z,2024-09-03T17:47:26Z,,17.735701,124.332,membership,Payment by membership account and/or membership card,USCPIE12406401*1
ChargePoint Network,,,15885251,15885251,TWICKENHAM SQ / HU - STATION 1,25520941,247,3405512801,2024-09-27T16:14:17Z,2024-09-27T16:45:55Z,,19.188499,53.721,membership,Payment by membership account and/or membership card,USCPIE15885251*1
ChargePoint Network,,,13606091,13606091,I24 EXIT11 / STATION 3 (RM),22992551,247,3359678571,2024-09-08T19:25:54Z,2024-09-08T20:21:43Z,,47.697899,73.26,membership,Payment by membership account and/or membership card,USCPIE13606091*1
ChargePoint Network,,,13861891,13861891,BRMEMC / STATION 2,23296321,247,3386389551,2024-09-19T17:50:08Z,2024-09-19T19:29:41Z,,53.247799,72.519,membership,Payment by membership account and/or membership card,USCPIE13861891*1
ChargePoint Network,,,5619801,5619801,7SPC / WARREN RECC BG,25687261,3,3359951411,2024-09-08T21:56:16Z,2024-09-08T21:57:36Z,,0.100196,6.2933,other,Any other payment method not specified above. Additional description should be provided in Payment Method Description.,USCPIE5619801*2
ChargePoint Network,,,15640171,15640171,NECDC / STATION 2 (R),25228711,247,3380041751,2024-09-17T10:25:24Z,2024-09-17T10:54:36Z,,31.764799,68.162,membership,Payment by membership account and/or membership card,USCPIE15640171*1
ChargePoint Network,,,5619801,5619801,7SPC / WARREN RECC BG,25687261,3,3376420351,2024-09-15T20:01:44Z,2024-09-15T21:36:53Z,,9.913020,6.3432,other,Any other payment method not specified above. Additional description should be provided in Payment Method Description.,USCPIE5619801*2
ChargePoint Network,,,15548181,15548181,DECATURDOWNTWN / STATION 2 (L),25119551,247,3409564741,2024-09-29T17:07:17Z,2024-09-29T17:34:34Z,,25.427401,58.408,membership,Payment by membership account and/or membership card,USCPIE15548181*1
ChargePoint Network,,,13861861,13861861,BRMEMC / STATION 1,23296281,247,3345924301,2024-09-02T23:32:18Z,2024-09-02T23:55:31Z,,26.011000,69.614,membership,Payment by membership account and/or membership card,USCPIE13861861*1
ChargePoint Network,,,15555831,15555831,FPU / STATION 2 (R),25128511,247,3409714681,2024-09-29T18:34:55Z,2024-09-29T18:36:13Z,,0.000000,0.0,credit_card_terminal,Payment via credit card or debit card terminal,USCPIE15555831*1
ChargePoint Network,,,13861891,13861891,BRMEMC / STATION 2,23296321,247,3393100001,2024-09-22T19:09:42Z,2024-09-22T19:33:47Z,,30.726200,81.143,membership,Payment by membership account and/or membership card,USCPIE13861891*1
ChargePoint Network,,,15885771,15885771,TWICKENHAM SQ / HU - STATION 4,25521581,247,3401345761,2024-09-25T23:34:12Z,2024-09-26T01:20:31Z,,27.453600,76.625,credit_card_terminal,Payment via credit card or debit card terminal,USCPIE15885771*1
ChargePoint Network,,,16244751,16244751,TOMBIGBEE / STATION 1,25952971,247,3392558661,2024-09-22T12:01:23Z,2024-09-22T12:02:06Z,,0.000000,0.0,membership,Payment by membership account and/or membership card,USCPIE16244751*1
ChargePoint Network,,,12754021,12754021,WCMES / CITYHALL1-L,22015241,247,3343762101,2024-09-01T17:57:58Z,2024-09-01T18:20:43Z,,39.090698,119.339,membership,Payment by membership account and/or membership card,USCPIE12754021*1
ChargePoint Network,,,15885151,15885151,TWICKENHAM SQ / HU - STATION 2,25520801,247,3394449721,2024-09-23T12:35:28Z,2024-09-23T12:39:04Z,,0.779300,0.0,credit_card_terminal,Payment via credit card or debit card terminal,USCPIE15885151*1
ChargePoint Network,,,16022101,16022101,ACEPA / ACE STATION 2,25683761,247,3351363921,2024-09-05T01:22:32Z,2024-09-05T01:38:05Z,,16.356199,69.737,credit_card_terminal,Payment via credit card or debit card terminal,USCPIE16022101*1
ChargePoint Network,,,14359531,14359531,EBOFG / STATION 2 (R),23870331,247,3388799801,2024-09-20T16:10:28Z,2024-09-20T16:39:27Z,,24.613701,52.08,membership,Payment by membership account and/or membership card,USCPIE14359531*1
ChargePoint Network,,,5619801,5619801,7SPC / WARREN RECC BG,25687251,3,3357655511,2024-09-07T16:51:29Z,2024-09-07T19:31:49Z,,15.217244,6.3062,membership,Payment by membership account and/or membership card,USCPIE5619801*1
ChargePoint Network,,,7505851,7505851,JEFFERSON AVE. / OXFORD STA1(L),12955471,247,3392777861,2024-09-22T15:57:16Z,2024-09-22T16:16:24Z,,14.759500,105.468,membership,Payment by membership account and/or membership card,USCPIE7505851*1
ChargePoint Network,,,15694171,15694171,BRIGHTRIDGE EV / STATION 1 (L),25292041,247,3391895231,2024-09-22T00:09:30Z,2024-09-22T01:08:44Z,,53.939098,74.052,membership,Payment by membership account and/or membership card,USCPIE15694171*1
ChargePoint Network,,,7505851,7505851,JEFFERSON AVE. / OXFORD STA1(L),12955471,247,3393802931,2024-09-23T01:20:15Z,2024-09-23T02:13:10Z,,49.849400,72.316,membership,Payment by membership account and/or membership card,USCPIE7505851*1
ChargePoint Network,,,13803581,13803581,FPU / STATION 1 (L),23227201,247,3367112401,2024-09-11T18:28:56Z,2024-09-11T18:53:54Z,,28.253201,73.695,membership,Payment by membership account and/or membership card,USCPIE13803581*1
ChargePoint Network,,,13643831,13643831,PEPA / STATION 1,,,3358452241,2024-09-08T00:05:53Z,2024-09-08T00:08:00Z,,0.000000,,credit_card_terminal,Payment via credit card or debit card terminal,USCPIE13643831*0
ChargePoint Network,,,8851921,8851921,7SPC / SEVIERVILLE DC1,15571271,207,3380927301,2024-09-17T17:01:58Z,2024-09-17T17:32:06Z,,14.064800,29.639,membership,Payment by membership account and/or membership card,USCPIE8851921*1
ChargePoint Network,,,15640171,15640171,NECDC / STATION 2 (R),25228711,247,3343393121,2024-09-01T12:40:05Z,2024-09-01T12:40:34Z,,0.000200,0.0,credit_card_terminal,Payment via credit card or debit card terminal,USCPIE15640171*1
ChargePoint Network,,,13643831,13643831,PEPA / STATION 1,23036511,247,3386881641,2024-09-19T21:15:16Z,2024-09-19T22:18:27Z,,22.989500,60.84,membership,Payment by membership account and/or membership card,USCPIE13643831*1
ChargePoint Network,,,5122191,5122191,CULLMANELECTRIC / STATION1-L,8482151,247,3389895531,2024-09-21T00:02:15Z,2024-09-21T00:17:42Z,,8.296000,46.5,membership,Payment by membership account and/or membership card,USCPIE5122191*1
ChargePoint Network,,,15684341,15684341,MLEC / STATION 2 (R) W,25280201,247,3352748281,2024-09-05T16:23:42Z,2024-09-05T17:27:13Z,,57.789001,63.756,membership,Payment by membership account and/or membership card,USCPIE15684341*1
ChargePoint Network,,,13861891,13861891,BRMEMC / STATION 2,23296321,247,3344195531,2024-09-01T22:29:32Z,2024-09-01T23:10:52Z,,31.136200,74.872,roaming,Payment via roaming partners,USCPIE13861891*1
ChargePoint Network,,,15694171,15694171,BRIGHTRIDGE EV / STATION 1 (L),25292041,247,3353476051,2024-09-05T21:30:05Z,2024-09-05T21:46:13Z,,17.961700,73.061,membership,Payment by membership account and/or membership card,USCPIE15694171*1
ChargePoint Network,,,13292801,13292801,LODGE CAST IRON / STORE & MUSEUM,22637561,3,3386493181,2024-09-19T18:38:00Z,2024-09-19T19:11:00Z,,3.676327,6.9134,membership,Payment by membership account and/or membership card,USCPIE13292801*2
ChargePoint Network,,,16372061,16372061,DOWNTOWN MURPHY / MPB STATION 1,26102581,247,3387989601,2024-09-20T06:42:33Z,2024-09-20T07:40:30Z,,42.399502,58.744,credit_card_terminal,Payment via credit card or debit card terminal,USCPIE16372061*1
ChargePoint Network,,,14047321,14047321,JEFFERSON AVE. / OXFORD STA2(R),23514081,247,3391968321,2024-09-22T00:51:37Z,2024-09-22T01:20:08Z,,30.058701,73.43,membership,Payment by membership account and/or membership card,USCPIE14047321*1
ChargePoint Network,,,16093931,16093931,BCES / CSN-01577436,25770831,247,3366764481,2024-09-11T16:03:20Z,2024-09-11T16:05:40Z,,2.315800,0.0,membership,Payment by membership account and/or membership card,USCPIE16093931*1
ChargePoint Network,,,15694081,15694081,BRIGHTRIDGE EV / STATION 2 (R),25291921,247,3391953601,2024-09-22T00:42:51Z,2024-09-22T00:54:55Z,,10.699500,55.902,membership,Payment by membership account and/or membership card,USCPIE15694081*1
ChargePoint Network,,,5346231,5346231,CULLMANELECTRIC / STATION2-R,8926271,247,3356746491,2024-09-07T02:10:34Z,2024-09-07T02:34:17Z,,27.338699,72.468,membership,Payment by membership account and/or membership card,USCPIE5346231*1
ChargePoint Network,,,15742641,15742641,GEA-1 / STATION 2 (R),25349301,247,3408212391,2024-09-28T20:59:49Z,2024-09-28T21:15:53Z,,15.017900,71.565,membership,Payment by membership account and/or membership card,USCPIE15742641*1
ChargePoint Network,,,1921351,1921351,STARKVILLE UTIL / STARKVILLE DWTN,23682571,3,3357454281,2024-09-07T14:44:47Z,2024-09-07T16:00:19Z,,9.370741,7.536,membership,Payment by membership account and/or membership card,USCPIE1921351*1
ChargePoint Network,,,14337221,14337221,HOLSTONELECTRIC / CHURCH HILL-1,23844801,247,3403596751,2024-09-26T20:50:09Z,2024-09-26T21:11:39Z,,32.587101,122.148,membership,Payment by membership account and/or membership card,USCPIE14337221*1
ChargePoint Network,,,13880891,13880891,MU / MUC MAIN OFFICE,23319011,3,3371983861,2024-09-13T15:50:18Z,2024-09-13T16:32:48Z,,4.061664,6.5504,membership,Payment by membership account and/or membership card,USCPIE13880891*1
ChargePoint Network,,,13861891,13861891,BRMEMC / STATION 2,23296321,247,3367031851,2024-09-11T17:51:34Z,2024-09-11T18:45:06Z,,57.335098,85.064,membership,Payment by membership account and/or membership card,USCPIE13861891*1
ChargePoint Network,,,14047321,14047321,JEFFERSON AVE. / OXFORD STA2(R),23514081,247,3361110491,2024-09-09T13:33:15Z,2024-09-09T14:09:31Z,,37.152100,74.199,membership,Payment by membership account and/or membership card,USCPIE14047321*1
ChargePoint Network,,,5397731,5397731,EEDEV / MILLIGAN UNIV,9010251,3,3360774451,2024-09-09T07:46:41Z,2024-09-09T12:38:57Z,,31.839878,7.4444,membership,Payment by membership account and/or membership card,USCPIE5397731*1
ChargePoint Network,,,5565291,5565291,7SPC / SCES LECONTE 1,9205201,3,3345984831,2024-09-03T00:05:50Z,2024-09-03T00:56:21Z,,5.966671,7.2793,membership,Payment by membership account and/or membership card,USCPIE5565291*2
ChargePoint Network,,,13664471,13664471,BTES / STATION 3 (RM),23060511,247,3366673401,2024-09-11T15:35:06Z,2024-09-11T15:42:35Z,,7.007500,0.0,membership,Payment by membership account and/or membership card,USCPIE13664471*1
ChargePoint Network,,,16093931,16093931,BCES / CSN-01577436,25770831,247,3367325341,2024-09-11T19:59:51Z,2024-09-11T20:07:32Z,,0.000000,0.0,membership,Payment by membership account and/or membership card,USCPIE16093931*1
ChargePoint Network,,,15548151,15548151,DECATURDOWNTWN / STATION 1 (R),25119511,100011,3343904371,2024-09-01T19:26:02Z,2024-09-01T19:41:45Z,,12.539400,49.956,membership,Payment by membership account and/or membership card,USCPIE15548151*1
ChargePoint Network,,,1988061,1988061,7SPC / SCES DOLLYWOOD,25499841,3,3390910101,2024-09-21T15:03:42Z,2024-09-21T21:51:45Z,,48.512383,7.3365,membership,Payment by membership account and/or membership card,USCPIE1988061*2
ChargePoint Network,,,13423581,13423581,AEC / STATION #2 (R),22787011,247,3376451601,2024-09-15T20:17:51Z,2024-09-15T20:35:22Z,,18.440500,73.108,membership,Payment by membership account and/or membership card,USCPIE13423581*1
ChargePoint Network,,,15694081,15694081,BRIGHTRIDGE EV / STATION 2 (R),25291921,100011,3353831111,2024-09-05T23:42:41Z,2024-09-05T23:44:58Z,,1.273400,0.0,membership,Payment by membership account and/or membership card,USCPIE15694081*1
ChargePoint Network,,,5346231,5346231,CULLMANELECTRIC / STATION2-R,8926271,247,3409661591,2024-09-29T18:04:36Z,2024-09-29T18:35:21Z,,20.885599,59.279,credit_card_terminal,Payment via credit card or debit card terminal,USCPIE5346231*1
ChargePoint Network,,,15694171,15694171,BRIGHTRIDGE EV / STATION 1 (L),25292041,247,3378105751,2024-09-16T15:29:03Z,2024-09-16T15:30:22Z,,0.000000,0.0,membership,Payment by membership account and/or membership card,USCPIE15694171*1
ChargePoint Network,,,8851921,8851921,7SPC / SEVIERVILLE DC1,15571271,207,3356569461,2024-09-07T00:47:10Z,2024-09-07T01:09:59Z,,20.557899,56.61,membership,Payment by membership account and/or membership card,USCPIE8851921*1
ChargePoint Network,,,12989161,12989161,BTES / CITY HALL,22285821,3,3358474931,2024-09-08T00:20:40Z,2024-09-08T00:52:40Z,,3.833665,7.3113,membership,Payment by membership account and/or membership card,USCPIE12989161*2
ChargePoint Network,,,7173851,7173851,SCOTTSBORO EPB / MAIN OFFICE,12310861,3,3374430901,2024-09-14T17:54:02Z,2024-09-14T23:08:18Z,,36.860325,7.1136,membership,Payment by membership account and/or membership card,USCPIE7173851*1
ChargePoint Network,,,14337221,14337221,HOLSTONELECTRIC / CHURCH HILL-1,23844801,100011,3372730931,2024-09-13T21:01:46Z,2024-09-13T21:27:44Z,,17.715700,52.958,credit_card_terminal,Payment via credit card or debit card terminal,USCPIE14337221*1
ChargePoint Network,,,7505851,7505851,JEFFERSON AVE. / OXFORD STA1(L),12955471,247,3405934161,2024-09-27T19:23:37Z,2024-09-27T19:24:10Z,,0.000000,0.0,membership,Payment by membership account and/or membership card,USCPIE7505851*1
ChargePoint Network,,,5354011,5354011,7SPC / GREENEVILLE TA,8936791,100011,3367071071,2024-09-11T18:09:56Z,2024-09-11T18:19:36Z,,3.956000,36.768,membership,Payment by membership account and/or membership card,USCPIE5354011*1
ChargePoint Network,,,1844191,1844191,CLW / MAIN ST,23050431,3,3398986691,2024-09-25T01:37:22Z,2024-09-25T05:02:38Z,,21.673546,7.3553,membership,Payment by membership account and/or membership card,USCPIE1844191*1
ChargePoint Network,,,13664471,13664471,BTES / STATION 3 (RM),23060511,247,3369959681,2024-09-12T19:48:37Z,2024-09-12T20:23:10Z,,33.503101,72.666,membership,Payment by membership account and/or membership card,USCPIE13664471*1
ChargePoint Network,,,13664471,13664471,BTES / STATION 3 (RM),23060511,247,3400860901,2024-09-25T20:22:55Z,2024-09-25T21:26:46Z,,63.915699,63.827,membership,Payment by membership account and/or membership card,USCPIE13664471*1
ChargePoint Network,,,13664501,13664501,BTES / STATION 4 (RR),23060561,247,3345313161,2024-09-02T17:20:17Z,2024-09-02T18:48:25Z,,78.626602,122.43,credit_card_terminal,Payment via credit card or debit card terminal,USCPIE13664501*1
ChargePoint Network,,,15836981,15836981,TOMBIGBEE / STATION 4,25462651,247,3382157821,2024-09-18T01:32:24Z,2024-09-18T02:17:38Z,,29.791500,44.352,credit_card_terminal,Payment via credit card or debit card terminal,USCPIE15836981*1
ChargePoint Network,,,14047321,14047321,JEFFERSON AVE. / OXFORD STA2(R),23514081,247,3345121281,2024-09-02T15:02:28Z,2024-09-02T15:33:26Z,,28.606001,57.133,membership,Payment by membership account and/or membership card,USCPIE14047321*1
ChargePoint Network,,,15885771,15885771,TWICKENHAM SQ / HU - STATION 4,25521581,247,3406539711,2024-09-27T23:45:28Z,2024-09-28T00:26:19Z,,53.307301,81.164,credit_card_terminal,Payment via credit card or debit card terminal,USCPIE15885771*1
ChargePoint Network,,,15836981,15836981,TOMBIGBEE / STATION 4,25462651,247,3364601281,2024-09-10T19:26:55Z,2024-09-10T19:52:25Z,,41.864799,119.186,membership,Payment by membership account and/or membership card,USCPIE15836981*1
ChargePoint Network,,,12720881,12720881,WRECC / STATION 1,,,3369173821,2024-09-12T14:47:26Z,2024-09-12T14:49:27Z,,0.000000,,other,Any other payment method not specified above. Additional description should be provided in Payment Method Description.,USCPIE12720881*0
ChargePoint Network,,,15885151,15885151,TWICKENHAM SQ / HU - STATION 2,25520801,100011,3409571181,2024-09-29T17:10:59Z,2024-09-29T18:09:06Z,,33.932098,52.196,credit_card_terminal,Payment via credit card or debit card terminal,USCPIE15885151*1
ChargePoint Network,,,15885771,15885771,TWICKENHAM SQ / HU - STATION 4,25521581,247,3343388401,2024-09-01T12:33:59Z,2024-09-01T13:36:22Z,,71.392403,76.238,membership,Payment by membership account and/or membership card,USCPIE15885771*1
ChargePoint Network,,,13643801,13643801,PEPA / STATION 2,23036481,247,3342775881,2024-09-01T00:26:41Z,2024-09-01T00:36:10Z,,7.992400,59.748,membership,Payment by membership account and/or membership card,USCPIE13643801*1
ChargePoint Network,,,15293211,15293211,TRNG CENTER / TRAININGCENTER1,24823101,3,3361752881,2024-09-09T17:32:00Z,2024-09-09T17:32:20Z,,0.000000,,other,Any other payment method not specified above. Additional description should be provided in Payment Method Description.,USCPIE15293211*1
ChargePoint Network,,,15836871,15836871,TOMBIGBEE / STATION 3,25462501,247,3390089571,2024-09-21T01:29:30Z,2024-09-21T02:16:32Z,,47.860600,73.108,membership,Payment by membership account and/or membership card,USCPIE15836871*1
ChargePoint Network,,,1933211,1933211,BRIGHTRIDGE EV / BR-JONESBOROUGH,2283641,3,3375800171,2024-09-15T12:10:55Z,2024-09-15T15:12:06Z,,16.088802,6.0946,credit_card_terminal,Payment via credit card or debit card terminal,USCPIE1933211*2
ChargePoint Network,,,7173851,7173851,SCOTTSBORO EPB / MAIN OFFICE,12310861,3,3393589421,2024-09-22T23:24:21Z,2024-09-22T23:26:21Z,,0.000000,0.0,membership,Payment by membership account and/or membership card,USCPIE7173851*1
ChargePoint Network,,,5346231,5346231,CULLMANELECTRIC / STATION2-R,8926271,247,3353978681,2024-09-06T00:39:44Z,2024-09-06T01:16:00Z,,41.827900,75.056,membership,Payment by membership account and/or membership card,USCPIE5346231*1
ChargePoint Network,,,15694081,15694081,BRIGHTRIDGE EV / STATION 2 (R),,,3352819801,2024-09-05T16:51:12Z,2024-09-05T16:53:14Z,,0.000000,,membership,Payment by membership account and/or membership card,USCPIE15694081*0
ChargePoint Network,,,15836871,15836871,TOMBIGBEE / STATION 3,25462501,247,3372812391,2024-09-13T21:37:21Z,2024-09-13T21:37:54Z,,0.000000,0.0,membership,Payment by membership account and/or membership card,USCPIE15836871*1
ChargePoint Network,,,12754021,12754021,WCMES / CITYHALL1-L,22015241,247,3345872271,2024-09-02T23:02:16Z,2024-09-02T23:27:55Z,,26.584499,64.025,membership,Payment by membership account and/or membership card,USCPIE12754021*1
ChargePoint Network,,,15885771,15885771,TWICKENHAM SQ / HU - STATION 4,25521581,247,3405915511,2024-09-27T19:14:47Z,2024-09-27T20:13:35Z,,43.558399,66.43,membership,Payment by membership account and/or membership card,USCPIE15885771*1
ChargePoint Network,,,5354011,5354011,7SPC / GREENEVILLE TA,8936791,207,3392823241,2024-09-22T16:27:33Z,2024-09-22T17:19:45Z,,46.835701,60.097,roaming,Payment via roaming partners,USCPIE5354011*1
ChargePoint Network,,,5625391,5625391,7SPC / VEC JAMESTOWN,9280961,3,3347514311,2024-09-03T17:09:23Z,2024-09-03T22:06:57Z,,36.788452,7.5284,membership,Payment by membership account and/or membership card,USCPIE5625391*1
ChargePoint Network,,,13664501,13664501,BTES / STATION 4 (RR),23060561,247,3393177981,2024-09-22T19:54:09Z,2024-09-22T20:23:23Z,,25.963200,82.739,credit_card_terminal,Payment via credit card or debit card terminal,USCPIE13664501*1
ChargePoint Network,,,12989161,12989161,BTES / CITY HALL,22285821,3,3374328961,2024-09-14T16:57:27Z,2024-09-15T03:05:42Z,,68.077896,7.1493,other,Any other payment method not specified above. Additional description should be provided in Payment Method Description.,USCPIE12989161*2
ChargePoint Network,,,7505851,7505851,JEFFERSON AVE. / OXFORD STA1(L),12955471,247,3370015381,2024-09-12T20:09:43Z,2024-09-12T20:31:14Z,,22.979601,93.365,membership,Payment by membership account and/or membership card,USCPIE7505851*1
ChargePoint Network,,,15623211,15623211,CLW / 5TH ST 2 (R),25208281,247,3391427791,2024-09-21T20:01:26Z,2024-09-21T20:03:20Z,,0.000000,0.0,membership,Payment by membership account and/or membership card,USCPIE15623211*1
ChargePoint Network,,,1785631,1785631,HOLSTONELECTRIC / STATION 1,22462981,3,3371825141,2024-09-13T14:58:38Z,2024-09-13T18:28:02Z,,25.754351,7.4371,membership,Payment by membership account and/or membership card,USCPIE1785631*1
ChargePoint Network,,,15548181,15548181,DECATURDOWNTWN / STATION 2 (L),25119551,247,3400412171,2024-09-25T17:09:01Z,2024-09-25T18:08:32Z,,43.369701,54.243,membership,Payment by membership account and/or membership card,USCPIE15548181*1
ChargePoint Network,,,12754021,12754021,WCMES / CITYHALL1-L,22015241,247,3363553131,2024-09-10T12:29:04Z,2024-09-10T12:38:45Z,,11.034000,69.58,membership,Payment by membership account and/or membership card,USCPIE12754021*1
ChargePoint Network,,,13164881,13164881,BTES / STATION 2 (LM),22491051,247,3375948961,2024-09-15T15:07:08Z,2024-09-15T15:37:01Z,,23.212299,75.45,credit_card_terminal,Payment via credit card or debit card terminal,USCPIE13164881*1
ChargePoint Network,,,13880891,13880891,MU / MUC MAIN OFFICE,23319021,3,3400724491,2024-09-25T19:04:37Z,2024-09-25T19:09:08Z,,0.477483,7.3873,membership,Payment by membership account and/or membership card,USCPIE13880891*2
ChargePoint Network,,,15640171,15640171,NECDC / STATION 2 (R),25228711,247,3409398231,2024-09-29T15:16:30Z,2024-09-29T16:10:35Z,,71.861603,84.316,membership,Payment by membership account and/or membership card,USCPIE15640171*1
ChargePoint Network,,,13664401,13664401,BTES / STATION 1 (LL),23060421,247,3375863281,2024-09-15T13:47:21Z,2024-09-15T14:11:33Z,,25.709600,75.143,membership,Payment by membership account and/or membership card,USCPIE13664401*1
ChargePoint Network,,,1988061,1988061,7SPC / SCES DOLLYWOOD,25499831,3,3366241681,2024-09-11T12:48:01Z,2024-09-11T16:47:47Z,,6.220260,6.8697,membership,Payment by membership account and/or membership card,USCPIE1988061*1
ChargePoint Network,,,16244751,16244751,TOMBIGBEE / STATION 1,25952971,247,3380927971,2024-09-17T17:02:20Z,2024-09-17T18:12:33Z,,89.227203,84.671,membership,Payment by membership account and/or membership card,USCPIE16244751*1
ChargePoint Network,,,14337501,14337501,HOLSTONELECTRIC / CHURCH HILL-2,23845091,100011,3384126661,2024-09-18T20:50:04Z,2024-09-18T21:21:04Z,,24.007799,53.2,credit_card_terminal,Payment via credit card or debit card terminal,USCPIE14337501*1
ChargePoint Network,,,15332321,15332321,TUA NW ATLANTIC / STATION 1 (L),24867861,247,3346884231,2024-09-03T13:24:52Z,2024-09-03T13:26:08Z,,0.000000,0.0,membership,Payment by membership account and/or membership card,USCPIE15332321*1
ChargePoint Network,,,15885791,15885791,TWICKENHAM SQ / HU - STATION 3,25521611,247,3398076371,2024-09-24T19:35:53Z,2024-09-24T20:21:24Z,,20.007500,33.83,membership,Payment by membership account and/or membership card,USCPIE15885791*1
ChargePoint Network,,,7505851,7505851,JEFFERSON AVE. / OXFORD STA1(L),12955471,247,3386435801,2024-09-19T18:10:37Z,2024-09-19T21:06:18Z,,112.986603,87.515,credit_card_terminal,Payment via credit card or debit card terminal,USCPIE7505851*1
ChargePoint Network,,,1844191,1844191,CLW / MAIN ST,23050441,3,3405726621,2024-09-27T17:47:31Z,2024-09-27T22:47:25Z,,33.800434,7.3938,membership,Payment by membership account and/or membership card,USCPIE1844191*2
ChargePoint Network,,,15885791,15885791,TWICKENHAM SQ / HU - STATION 3,25521611,247,3345786751,2024-09-02T22:12:04Z,2024-09-02T23:15:49Z,,73.681198,96.671,phone_online,"Payment through mobile app, website, automated phone number or messaging system",USCPIE15885791*1
ChargePoint Network,,,13664501,13664501,BTES / STATION 4 (RR),23060561,247,3388894711,2024-09-20T16:47:13Z,2024-09-20T17:53:56Z,,64.830200,71.54,credit_card_terminal,Payment via credit card or debit card terminal,USCPIE13664501*1
ChargePoint Network,,,15815141,15815141,GEA-1 / STATION 1 (L),25435121,247,3372392291,2024-09-13T18:42:16Z,2024-09-13T19:24:33Z,,49.821499,122.094,credit_card_terminal,Payment via credit card or debit card terminal,USCPIE15815141*1
ChargePoint Network,,,15815141,15815141,GEA-1 / STATION 1 (L),25435121,247,3409680651,2024-09-29T18:15:24Z,2024-09-29T18:18:12Z,,0.075200,0.0,credit_card_terminal,Payment via credit card or debit card terminal,USCPIE15815141*1
ChargePoint Network,,,8851921,8851921,7SPC / SEVIERVILLE DC1,15571271,207,3356022291,2024-09-06T20:47:13Z,2024-09-06T21:34:20Z,,39.490002,58.52,other,Any other payment method not specified above. Additional description should be provided in Payment Method Description.,USCPIE8851921*1
ChargePoint Network,,,15729991,15729991,AEC / AEC03,25334171,3,3388787261,2024-09-20T16:05:55Z,2024-09-20T21:51:45Z,,42.050911,7.4254,credit_card_terminal,Payment via credit card or debit card terminal,USCPIE15729991*1
ChargePoint Network,,,13606141,13606141,I24 EXIT11 / STATION 1 (LL),22992611,247,3374829451,2024-09-14T21:29:11Z,2024-09-14T21:42:25Z,,9.929100,0.0,membership,Payment by membership account and/or membership card,USCPIE13606141*1
ChargePoint Network,,,15548181,15548181,DECATURDOWNTWN / STATION 2 (L),25119551,247,3389180961,2024-09-20T18:56:27Z,2024-09-20T20:39:26Z,,134.279297,98.496,membership,Payment by membership account and/or membership card,USCPIE15548181*1
ChargePoint Network,,,14337221,14337221,HOLSTONELECTRIC / CHURCH HILL-1,23844801,100011,3362271171,2024-09-09T21:19:51Z,2024-09-09T22:06:57Z,,32.261501,52.958,credit_card_terminal,Payment via credit card or debit card terminal,USCPIE14337221*1
ChargePoint Network,,,12406401,12406401,FPIA / RIGHT STATION,21527671,247,3344991571,2024-09-02T12:39:15Z,2024-09-02T12:48:29Z,,10.445500,75.041,membership,Payment by membership account and/or membership card,USCPIE12406401*1
ChargePoint Network,,,14047321,14047321,JEFFERSON AVE. / OXFORD STA2(R),23514081,247,3367204631,2024-09-11T19:10:20Z,2024-09-11T20:12:50Z,,66.745003,75.056,credit_card_terminal,Payment via credit card or debit card terminal,USCPIE14047321*1
ChargePoint Network,,,8851921,8851921,7SPC / SEVIERVILLE DC1,15571271,207,3348963851,2024-09-04T03:28:36Z,2024-09-04T05:17:13Z,,84.672897,49.575,membership,Payment by membership account and/or membership card,USCPIE8851921*1
ChargePoint Network,,,1988141,1988141,7SPC / SCES DREAM MORE,2355571,3,3358332441,2024-09-07T23:01:17Z,2024-09-08T00:04:13Z,,7.424973,7.211,credit_card_terminal,Payment via credit card or debit card terminal,USCPIE1988141*2
ChargePoint Network,,,13606091,13606091,I24 EXIT11 / STATION 3 (RM),22992551,247,3390739111,2024-09-21T12:38:48Z,2024-09-21T13:01:12Z,,22.258301,68.111,membership,Payment by membership account and/or membership card,USCPIE13606091*1
ChargePoint Network,,,5424051,5424051,EEDEV / ELIZ DOWNTOWN,9026991,3,3390975461,2024-09-21T15:48:52Z,2024-09-21T16:29:33Z,,4.954660,7.4388,membership,Payment by membership account and/or membership card,USCPIE5424051*1
ChargePoint Network,,,1921351,1921351,STARKVILLE UTIL / STARKVILLE DWTN,23682581,3,3350796391,2024-09-04T21:40:17Z,2024-09-05T12:00:14Z,,42.776169,7.401,membership,Payment by membership account and/or membership card,USCPIE1921351*2
ChargePoint Network,,,15548151,15548151,DECATURDOWNTWN / STATION 1 (R),25119511,247,3390122691,2024-09-21T01:48:28Z,2024-09-21T02:30:08Z,,32.226002,54.316,membership,Payment by membership account and/or membership card,USCPIE15548151*1
ChargePoint Network,,,12720861,12720861,WRECC / STATION 2,21977121,247,3394880361,2024-09-23T15:31:22Z,2024-09-23T15:55:37Z,,23.510000,72.199,membership,Payment by membership account and/or membership card,USCPIE12720861*1
ChargePoint Network,,,15548151,15548151,DECATURDOWNTWN / STATION 1 (R),25119511,247,3408258311,2024-09-28T21:24:13Z,2024-09-28T21:34:28Z,,1.611100,47.553,membership,Payment by membership account and/or membership card,USCPIE15548151*1
ChargePoint Network,,,1964521,1964521,EBOFG / GUNTERSVILLE PD,8374211,3,3343971371,2024-09-01T20:09:33Z,2024-09-01T20:55:33Z,,5.280708,7.0071,membership,Payment by membership account and/or membership card,USCPIE1964521*2
ChargePoint Network,,,5346231,5346231,CULLMANELECTRIC / STATION2-R,8926271,247,3368993231,2024-09-12T13:32:51Z,2024-09-12T14:21:11Z,,48.952099,64.288,membership,Payment by membership account and/or membership card,USCPIE5346231*1
ChargePoint Network,,,5619801,5619801,7SPC / WARREN RECC BG,25687251,3,3359959841,2024-09-08T21:58:57Z,2024-09-08T22:00:57Z,,0.000000,0.0,other,Any other payment method not specified above. Additional description should be provided in Payment Method Description.,USCPIE5619801*1
ChargePoint Network,,,15280471,15280471,SPRFLD ELECTRIC / STATION 1 (L),24807681,247,3393589601,2024-09-22T23:25:58Z,2024-09-22T23:40:48Z,,14.147400,62.599,membership,Payment by membership account and/or membership card,USCPIE15280471*1
ChargePoint Network,,,13606061,13606061,I24 EXIT11 / STATION 4 (RR),22992511,247,3389406061,2024-09-20T20:29:13Z,2024-09-20T21:20:08Z,,35.747898,53.723,membership,Payment by membership account and/or membership card,USCPIE13606061*1
ChargePoint Network,,,14337221,14337221,HOLSTONELECTRIC / CHURCH HILL-1,23844801,247,3375893461,2024-09-15T14:18:20Z,2024-09-15T14:29:50Z,,12.424600,0.0,membership,Payment by membership account and/or membership card,USCPIE14337221*1
ChargePoint Network,,,15694081,15694081,BRIGHTRIDGE EV / STATION 2 (R),25291921,247,3359568451,2024-09-08T18:22:51Z,2024-09-08T19:31:06Z,,64.086601,77.42,membership,Payment by membership account and/or membership card,USCPIE15694081*1
ChargePoint Network,,,15694171,15694171,BRIGHTRIDGE EV / STATION 1 (L),25292041,247,3384328341,2024-09-18T22:10:25Z,2024-09-18T22:11:23Z,,0.000000,0.0,membership,Payment by membership account and/or membership card,USCPIE15694171*1
ChargePoint Network,,,7505851,7505851,JEFFERSON AVE. / OXFORD STA1(L),12955471,247,3389218191,2024-09-20T19:11:49Z,2024-09-20T19:29:02Z,,14.725700,51.897,membership,Payment by membership account and/or membership card,USCPIE7505851*1
ChargePoint Network,,,8851921,8851921,7SPC / SEVIERVILLE DC1,15571271,207,3367458601,2024-09-11T20:53:57Z,2024-09-11T21:56:33Z,,56.047600,60.951,other,Any other payment method not specified above. Additional description should be provided in Payment Method Description.,USCPIE8851921*1
ChargePoint Network,,,1988061,1988061,7SPC / SCES DOLLYWOOD,25499831,3,3377871621,2024-09-16T14:04:52Z,2024-09-16T18:37:49Z,,32.559391,7.2556,credit_card_terminal,Payment via credit card or debit card terminal,USCPIE1988061*1
ChargePoint Network,,,15623231,15623231,CLW / 5TH ST 1 (L),25208301,247,3396965421,2024-09-24T12:08:09Z,2024-09-24T12:50:15Z,,49.817501,74.879,membership,Payment by membership account and/or membership card,USCPIE15623231*1
ChargePoint Network,,,1844191,1844191,CLW / MAIN ST,23050431,3,3369436191,2024-09-12T16:05:43Z,2024-09-12T16:10:59Z,,0.394268,7.224,membership,Payment by membership account and/or membership card,USCPIE1844191*1
ChargePoint Network,,,12676411,12676411,NEMEPA / NEMEPA CUSTOMER,21923891,3,3389997901,2024-09-21T00:50:44Z,2024-09-21T00:51:57Z,,0.086236,6.068,credit_card_terminal,Payment via credit card or debit card terminal,USCPIE12676411*1
ChargePoint Network,,,8851921,8851921,7SPC / SEVIERVILLE DC1,15571271,207,3354653211,2024-09-06T09:46:53Z,2024-09-06T10:25:34Z,,33.106499,59.203,membership,Payment by membership account and/or membership card,USCPIE8851921*1
ChargePoint Network,,,12406401,12406401,FPIA / RIGHT STATION,21527671,247,3356175151,2024-09-06T21:50:04Z,2024-09-06T22:12:14Z,,18.677299,53.639,credit_card_terminal,Payment via credit card or debit card terminal,USCPIE12406401*1
ChargePoint Network,,,5619801,5619801,7SPC / WARREN RECC BG,25687261,3,3392773431,2024-09-22T15:53:50Z,2024-09-22T19:14:57Z,,17.843895,6.1779,other,Any other payment method not specified above. Additional description should be provided in Payment Method Description.,USCPIE5619801*2
ChargePoint Network,,,15250771,15250771,SES-TN / STATION 1,24772691,247,3403774131,2024-09-26T22:03:02Z,2024-09-26T22:41:28Z,,32.604198,71.54,membership,Payment by membership account and/or membership card,USCPIE15250771*1
ChargePoint Network,,,1932851,1932851,BRIGHTRIDGE EV / BR-JC LIBRARY,23319811,3,3376792181,2024-09-15T23:13:12Z,2024-09-15T23:16:06Z,,0.319291,7.4915,credit_card_terminal,Payment via credit card or debit card terminal,USCPIE1932851*1
ChargePoint Network,,,13664401,13664401,BTES / STATION 1 (LL),23060421,247,3358112671,2024-09-07T21:02:12Z,2024-09-07T21:35:29Z,,9.482500,47.354,membership,Payment by membership account and/or membership card,USCPIE13664401*1
ChargePoint Network,,,15694081,15694081,BRIGHTRIDGE EV / STATION 2 (R),,,3391113781,2024-09-21T17:09:13Z,2024-09-21T17:10:15Z,,0.000000,,membership,Payment by membership account and/or membership card,USCPIE15694081*0
ChargePoint Network,,,13606061,13606061,I24 EXIT11 / STATION 4 (RR),22992511,247,3384278931,2024-09-18T21:51:27Z,2024-09-18T21:52:12Z,,0.000000,0.0,membership,Payment by membership account and/or membership card,USCPIE13606061*1
ChargePoint Network,,,13966031,13966031,BEA / STATION 4 (RR),23419961,247,3403458891,2024-09-26T19:54:39Z,2024-09-26T20:36:57Z,,24.298500,73.152,membership,Payment by membership account and/or membership card,USCPIE13966031*1
ChargePoint Network,,,15885771,15885771,TWICKENHAM SQ / HU - STATION 4,25521581,247,3372182951,2024-09-13T17:05:20Z,2024-09-13T18:02:54Z,,24.062901,51.83,membership,Payment by membership account and/or membership card,USCPIE15885771*1
ChargePoint Network,,,16093871,16093871,BCES / STATION 2 (R),25770751,247,3369165851,2024-09-12T14:46:46Z,2024-09-12T14:49:01Z,,1.347700,0.0,membership,Payment by membership account and/or membership card,USCPIE16093871*1
ChargePoint Network,,,5565251,5565251,7SPC / SCES LECONTE 3,9205131,3,3351881881,2024-09-05T08:15:07Z,2024-09-05T10:31:02Z,,15.002403,7.0232,credit_card_terminal,Payment via credit card or debit card terminal,USCPIE5565251*2
ChargePoint Network,,,5397731,5397731,EEDEV / MILLIGAN UNIV,9010251,3,3367032831,2024-09-11T17:52:10Z,2024-09-11T19:24:28Z,,11.282858,7.4865,membership,Payment by membership account and/or membership card,USCPIE5397731*1
ChargePoint Network,,,1988141,1988141,7SPC / SCES DREAM MORE,2355561,3,3389803371,2024-09-20T23:19:58Z,2024-09-21T02:55:51Z,,24.703337,6.982,membership,Payment by membership account and/or membership card,USCPIE1988141*1
ChargePoint Network,,,14337501,14337501,HOLSTONELECTRIC / CHURCH HILL-2,23845091,247,3361840961,2024-09-09T18:16:17Z,2024-09-09T19:13:28Z,,29.195700,73.629,membership,Payment by membership account and/or membership card,USCPIE14337501*1
ChargePoint Network,,,16249951,16249951,STARKVILLE UTIL / STATION 2 (R),25959201,247,3379515161,2024-09-17T01:14:08Z,2024-09-17T01:27:47Z,,15.756800,73.629,credit_card_terminal,Payment via credit card or debit card terminal,USCPIE16249951*1
ChargePoint Network,,,13606061,13606061,I24 EXIT11 / STATION 4 (RR),22992511,247,3354076841,2024-09-06T01:16:04Z,2024-09-06T02:02:05Z,,53.141300,78.405,membership,Payment by membership account and/or membership card,USCPIE13606061*1
ChargePoint Network,,,9677521,9677521,UT PARKING / S7 STATION 1,17169331,3,3352616721,2024-09-05T15:42:59Z,2024-09-05T19:48:40Z,,24.550955,7.1068,membership,Payment by membership account and/or membership card,USCPIE9677521*1
ChargePoint Network,,,7505851,7505851,JEFFERSON AVE. / OXFORD STA1(L),12955471,100011,3407238801,2024-09-28T06:47:36Z,2024-09-28T07:00:37Z,,5.018900,24.85,membership,Payment by membership account and/or membership card,USCPIE7505851*1
ChargePoint Network,,,8851921,8851921,7SPC / SEVIERVILLE DC1,15571271,207,3375933421,2024-09-15T14:56:01Z,2024-09-15T14:57:04Z,,0.000000,0.0,membership,Payment by membership account and/or membership card,USCPIE8851921*1
ChargePoint Network,,,13966051,13966051,BEA / STATION 3 (RM),23419981,247,3348490041,2024-09-03T23:50:54Z,2024-09-04T00:33:20Z,,40.408901,74.676,membership,Payment by membership account and/or membership card,USCPIE13966051*1
ChargePoint Network,,,14337221,14337221,HOLSTONELECTRIC / CHURCH HILL-1,,,3409610481,2024-09-29T17:32:41Z,2024-09-29T17:34:38Z,,0.000000,,membership,Payment by membership account and/or membership card,USCPIE14337221*0
ChargePoint Network,,,13606061,13606061,I24 EXIT11 / STATION 4 (RR),22992511,247,3392242221,2024-09-22T03:40:24Z,2024-09-22T04:18:25Z,,44.857300,78.208,membership,Payment by membership account and/or membership card,USCPIE13606061*1
ChargePoint Network,,,14355251,14355251,HARTSELLE 1 / STATION 2 (R),23865691,247,3352842231,2024-09-05T17:02:13Z,2024-09-05T17:50:16Z,,37.425499,73.147,credit_card_terminal,Payment via credit card or debit card terminal,USCPIE14355251*1
ChargePoint Network,,,5363211,5363211,HARTSELLE 1 / HARTSELLE 1,23427581,3,3388055071,2024-09-20T09:13:36Z,2024-09-20T13:01:08Z,,16.619780,7.0903,membership,Payment by membership account and/or membership card,USCPIE5363211*2
ChargePoint Network,,,15885251,15885251,TWICKENHAM SQ / HU - STATION 1,25520941,247,3359025301,2024-09-08T07:16:33Z,2024-09-08T08:28:10Z,,56.808102,74.663,membership,Payment by membership account and/or membership card,USCPIE15885251*1
ChargePoint Network,,,1988141,1988141,7SPC / SCES DREAM MORE,2355571,3,3390110891,2024-09-21T01:41:06Z,2024-09-21T13:44:37Z,,86.085052,7.2189,membership,Payment by membership account and/or membership card,USCPIE1988141*2
ChargePoint Network,,,1964521,1964521,EBOFG / GUNTERSVILLE PD,8374211,3,3403029931,2024-09-26T16:45:56Z,2024-09-26T21:44:42Z,,8.284999,3.6829,membership,Payment by membership account and/or membership card,USCPIE1964521*2
ChargePoint Network,,,16249951,16249951,STARKVILLE UTIL / STATION 2 (R),25959201,247,3389270161,2024-09-20T19:34:09Z,2024-09-20T19:42:34Z,,0.000000,0.0,membership,Payment by membership account and/or membership card,USCPIE16249951*1
ChargePoint Network,,,15729991,15729991,AEC / AEC03,25334171,3,3364324551,2024-09-10T17:20:54Z,2024-09-10T22:38:56Z,,38.986809,7.457,credit_card_terminal,Payment via credit card or debit card terminal,USCPIE15729991*1
ChargePoint Network,,,13606061,13606061,I24 EXIT11 / STATION 4 (RR),22992511,247,3390905461,2024-09-21T15:01:31Z,2024-09-21T15:24:46Z,,27.283600,73.086,credit_card_terminal,Payment via credit card or debit card terminal,USCPIE13606061*1
ChargePoint Network,,,14337221,14337221,HOLSTONELECTRIC / CHURCH HILL-1,23844801,100011,3352579001,2024-09-05T15:32:02Z,2024-09-05T16:13:00Z,,27.007099,53.2,credit_card_terminal,Payment via credit card or debit card terminal,USCPIE14337221*1
ChargePoint Network,,,15885251,15885251,TWICKENHAM SQ / HU - STATION 1,25520941,247,3354948001,2024-09-06T13:26:44Z,2024-09-06T15:52:21Z,,108.016800,86.876,membership,Payment by membership account and/or membership card,USCPIE15885251*1
ChargePoint Network,,,13659831,13659831,LAWRENCEBURG / STATION 1 (L),23054881,247,3346520211,2024-09-03T06:55:59Z,2024-09-03T07:23:42Z,,29.675699,68.991,membership,Payment by membership account and/or membership card,USCPIE13659831*1
ChargePoint Network,,,15885771,15885771,TWICKENHAM SQ / HU - STATION 4,25521581,100011,3390928991,2024-09-21T15:17:33Z,2024-09-21T15:53:19Z,,18.413099,32.618,membership,Payment by membership account and/or membership card,USCPIE15885771*1
ChargePoint Network,,,5346231,5346231,CULLMANELECTRIC / STATION2-R,8926271,247,3375397751,2024-09-15T02:47:13Z,2024-09-15T03:07:25Z,,22.984600,70.919,membership,Payment by membership account and/or membership card,USCPIE5346231*1
ChargePoint Network,,,16244681,16244681,TOMBIGBEE / STATION 2,25952901,247,3398484251,2024-09-24T22:15:45Z,2024-09-24T22:29:02Z,,15.486200,0.0,membership,Payment by membership account and/or membership card,USCPIE16244681*1
ChargePoint Network,,,15885771,15885771,TWICKENHAM SQ / HU - STATION 4,25521581,247,3365563311,2024-09-11T01:57:59Z,2024-09-11T02:25:21Z,,30.754101,71.708,membership,Payment by membership account and/or membership card,USCPIE15885771*1
ChargePoint Network,,,5354011,5354011,7SPC / GREENEVILLE TA,8936791,207,3393512631,2024-09-22T22:51:59Z,2024-09-22T23:20:33Z,,26.255301,59.136,membership,Payment by membership account and/or membership card,USCPIE5354011*1
ChargePoint Network,,,15885151,15885151,TWICKENHAM SQ / HU - STATION 2,25520801,247,3346750461,2024-09-03T12:22:39Z,2024-09-03T12:47:12Z,,29.394300,76.83,membership,Payment by membership account and/or membership card,USCPIE15885151*1
ChargePoint Network,,,14097801,14097801,SCOTTSBORO EPB / SEPB DCFC (L),23570921,247,3403076731,2024-09-26T17:05:51Z,2024-09-26T17:31:36Z,,26.473400,72.735,membership,Payment by membership account and/or membership card,USCPIE14097801*1
ChargePoint Network,,,12989161,12989161,BTES / CITY HALL,22285811,3,3409718291,2024-09-29T18:37:01Z,2024-09-29T19:58:46Z,,9.281249,6.8932,membership,Payment by membership account and/or membership card,USCPIE12989161*1
ChargePoint Network,,,5346231,5346231,CULLMANELECTRIC / STATION2-R,8926271,247,3347025561,2024-09-03T14:26:13Z,2024-09-03T15:07:21Z,,48.218498,74.466,membership,Payment by membership account and/or membership card,USCPIE5346231*1
ChargePoint Network,,,12406401,12406401,FPIA / RIGHT STATION,21527671,247,3373692711,2024-09-14T04:48:26Z,2024-09-14T05:06:06Z,,15.192800,53.7,membership,Payment by membership account and/or membership card,USCPIE12406401*1
ChargePoint Network,,,15836981,15836981,TOMBIGBEE / STATION 4,25462651,247,3349688321,2024-09-04T14:26:48Z,2024-09-04T14:38:24Z,,12.914400,69.101,membership,Payment by membership account and/or membership card,USCPIE15836981*1
ChargePoint Network,,,5525971,5525971,7SPC / SPARTA TN,9154681,3,3342746061,2024-09-01T00:07:36Z,2024-09-01T00:25:14Z,,1.961511,6.8555,membership,Payment by membership account and/or membership card,USCPIE5525971*1
ChargePoint Network,,,15694081,15694081,BRIGHTRIDGE EV / STATION 2 (R),25291921,247,3359415531,2024-09-08T16:50:22Z,2024-09-08T17:35:45Z,,45.561798,76.435,membership,Payment by membership account and/or membership card,USCPIE15694081*1
ChargePoint Network,,,1988061,1988061,7SPC / SCES DOLLYWOOD,25499831,3,3384441551,2024-09-18T22:55:21Z,2024-09-19T01:25:04Z,,18.163847,7.4144,membership,Payment by membership account and/or membership card,USCPIE1988061*1
ChargePoint Network,,,15885251,15885251,TWICKENHAM SQ / HU - STATION 1,25520941,247,3390984591,2024-09-21T15:54:38Z,2024-09-21T16:15:48Z,,34.244598,122.247,membership,Payment by membership account and/or membership card,USCPIE15885251*1
ChargePoint Network,,,16244681,16244681,TOMBIGBEE / STATION 2,25952901,247,3399122931,2024-09-25T02:52:44Z,2024-09-25T02:53:08Z,,0.000000,0.0,membership,Payment by membership account and/or membership card,USCPIE16244681*1
ChargePoint Network,,,8851921,8851921,7SPC / SEVIERVILLE DC1,15571271,207,3355945341,2024-09-06T20:14:38Z,2024-09-06T20:33:04Z,,16.899200,59.444,membership,Payment by membership account and/or membership card,USCPIE8851921*1
ChargePoint Network,,,1844191,1844191,CLW / MAIN ST,23050441,3,3365369761,2024-09-11T00:28:05Z,2024-09-11T06:20:38Z,,43.056896,7.4075,membership,Payment by membership account and/or membership card,USCPIE1844191*2
ChargePoint Network,,,12720861,12720861,WRECC / STATION 2,21977121,247,3373997541,2024-09-14T13:01:54Z,2024-09-14T13:34:27Z,,41.497398,83.4,membership,Payment by membership account and/or membership card,USCPIE12720861*1
ChargePoint Network,,,13659871,13659871,LAWRENCEBURG / STATION 2 (R),23054921,247,3386529621,2024-09-19T18:54:21Z,2024-09-19T19:37:52Z,,17.937700,41.069,membership,Payment by membership account and/or membership card,USCPIE13659871*1
ChargePoint Network,,,15885151,15885151,TWICKENHAM SQ / HU - STATION 2,25520801,247,3398947161,2024-09-25T01:17:42Z,2024-09-25T02:00:25Z,,31.817699,53.801,membership,Payment by membership account and/or membership card,USCPIE15885151*1
ChargePoint Network,,,15684301,15684301,MLEC / STATION 1 (L) W,25280151,247,3352811351,2024-09-05T16:49:31Z,2024-09-05T17:14:07Z,,22.289900,57.04,membership,Payment by membership account and/or membership card,USCPIE15684301*1
ChargePoint Network,,,5397731,5397731,EEDEV / MILLIGAN UNIV,9010261,3,3381429211,2024-09-17T20:40:04Z,2024-09-18T00:23:59Z,,26.495386,7.2267,membership,Payment by membership account and/or membership card,USCPIE5397731*2
ChargePoint Network,,,15885251,15885251,TWICKENHAM SQ / HU - STATION 1,25520941,247,3371659551,2024-09-13T13:43:39Z,2024-09-13T14:17:39Z,,35.380600,69.541,membership,Payment by membership account and/or membership card,USCPIE15885251*1
ChargePoint Network,,,5122191,5122191,CULLMANELECTRIC / STATION1-L,8482151,247,3406138971,2024-09-27T20:49:27Z,2024-09-27T21:27:16Z,,37.383701,75.42,membership,Payment by membership account and/or membership card,USCPIE5122191*1
ChargePoint Network,,,13606121,13606121,I24 EXIT11 / STATION 2 (LM),22992591,247,3378536471,2024-09-16T18:20:55Z,2024-09-16T19:36:23Z,,42.716702,73.458,membership,Payment by membership account and/or membership card,USCPIE13606121*1
ChargePoint Network,,,15548151,15548151,DECATURDOWNTWN / STATION 1 (R),25119511,247,3358240571,2024-09-07T22:12:00Z,2024-09-07T23:23:48Z,,50.410900,70.124,membership,Payment by membership account and/or membership card,USCPIE15548151*1
ChargePoint Network,,,9677521,9677521,UT PARKING / S7 STATION 1,17169331,3,3391202851,2024-09-21T17:59:03Z,2024-09-21T20:15:16Z,,15.688646,7.0738,membership,Payment by membership account and/or membership card,USCPIE9677521*1
ChargePoint Network,,,1932851,1932851,BRIGHTRIDGE EV / BR-JC LIBRARY,23319821,3,3391003461,2024-09-21T16:04:16Z,2024-09-21T16:13:36Z,,1.025775,7.2548,membership,Payment by membership account and/or membership card,USCPIE1932851*2
ChargePoint Network,,,13861861,13861861,BRMEMC / STATION 1,23296281,247,3357414611,2024-09-07T14:13:07Z,2024-09-07T14:14:24Z,,0.000000,0.0,membership,Payment by membership account and/or membership card,USCPIE13861861*1
ChargePoint Network,,,14337221,14337221,HOLSTONELECTRIC / CHURCH HILL-1,23844801,247,3409621321,2024-09-29T17:41:05Z,2024-09-29T18:28:50Z,,46.565201,84.177,membership,Payment by membership account and/or membership card,USCPIE14337221*1
ChargePoint Network,,,12406491,12406491,FPIA / LEFT STATION,21527781,100011,3343470401,2024-09-01T14:15:59Z,2024-09-01T14:47:32Z,,11.739800,42.448,membership,Payment by membership account and/or membership card,USCPIE12406491*1
ChargePoint Network,,,1964521,1964521,EBOFG / GUNTERSVILLE PD,8374201,3,3366884811,2024-09-11T16:45:57Z,2024-09-11T17:12:54Z,,3.043960,7.0199,credit_card_terminal,Payment via credit card or debit card terminal,USCPIE1964521*1
ChargePoint Network,,,7505851,7505851,JEFFERSON AVE. / OXFORD STA1(L),12955471,247,3379101231,2024-09-16T22:21:59Z,2024-09-16T22:33:07Z,,9.015600,53.63,credit_card_terminal,Payment via credit card or debit card terminal,USCPIE7505851*1
ChargePoint Network,,,7505851,7505851,JEFFERSON AVE. / OXFORD STA1(L),12955471,247,3391185491,2024-09-21T17:49:15Z,2024-09-21T17:50:11Z,,0.000000,0.0,credit_card_terminal,Payment via credit card or debit card terminal,USCPIE7505851*1
ChargePoint Network,,,13292801,13292801,LODGE CAST IRON / STORE & MUSEUM,22637561,3,3396085961,2024-09-23T23:47:36Z,2024-09-24T00:26:52Z,,4.282146,6.9221,credit_card_terminal,Payment via credit card or debit card terminal,USCPIE13292801*2
ChargePoint Network,,,15885151,15885151,TWICKENHAM SQ / HU - STATION 2,25520801,247,3356646561,2024-09-07T01:19:57Z,2024-09-07T01:58:47Z,,38.360901,69.384,membership,Payment by membership account and/or membership card,USCPIE15885151*1
ChargePoint Network,,,13606121,13606121,I24 EXIT11 / STATION 2 (LM),22992591,247,3377885191,2024-09-16T14:11:13Z,2024-09-16T14:46:50Z,,43.145901,78.405,membership,Payment by membership account and/or membership card,USCPIE13606121*1
ChargePoint Network,,,13803581,13803581,FPU / STATION 1 (L),23227201,247,3364387741,2024-09-10T17:51:36Z,2024-09-10T18:01:04Z,,6.399300,47.243,membership,Payment by membership account and/or membership card,USCPIE13803581*1
ChargePoint Network,,,15694081,15694081,BRIGHTRIDGE EV / STATION 2 (R),25291921,247,3409382931,2024-09-29T15:04:03Z,2024-09-29T15:39:06Z,,46.139900,83.8,membership,Payment by membership account and/or membership card,USCPIE15694081*1
ChargePoint Network,,,1844191,1844191,CLW / MAIN ST,23050431,3,3405755141,2024-09-27T18:00:54Z,2024-09-27T21:32:54Z,,24.775978,7.0958,membership,Payment by membership account and/or membership card,USCPIE1844191*1
ChargePoint Network,,,15885771,15885771,TWICKENHAM SQ / HU - STATION 4,25521581,100011,3391838801,2024-09-21T23:39:27Z,2024-09-21T23:53:36Z,,3.975100,18.252,membership,Payment by membership account and/or membership card,USCPIE15885771*1
ChargePoint Network,,,12406401,12406401,FPIA / RIGHT STATION,21527671,247,3407931491,2024-09-28T18:29:09Z,2024-09-28T19:16:49Z,,52.579399,77.223,credit_card_terminal,Payment via credit card or debit card terminal,USCPIE12406401*1
ChargePoint Network,,,8851921,8851921,7SPC / SEVIERVILLE DC1,15571271,100011,3359308181,2024-09-08T15:39:21Z,2024-09-08T16:29:37Z,,28.603800,52.439,membership,Payment by membership account and/or membership card,USCPIE8851921*1
ChargePoint Network,,,14047321,14047321,JEFFERSON AVE. / OXFORD STA2(R),23514081,247,3373128841,2024-09-13T23:57:40Z,2024-09-14T00:01:23Z,,3.917900,73.629,membership,Payment by membership account and/or membership card,USCPIE14047321*1
ChargePoint Network,,,12676411,12676411,NEMEPA / NEMEPA CUSTOMER,21923901,3,3373533641,2024-09-14T03:03:06Z,2024-09-14T03:08:59Z,,0.530041,6.1504,credit_card_terminal,Payment via credit card or debit card terminal,USCPIE12676411*2
ChargePoint Network,,,15694081,15694081,BRIGHTRIDGE EV / STATION 2 (R),25291921,247,3390984721,2024-09-21T15:54:48Z,2024-09-21T16:31:33Z,,33.872002,76.416,credit_card_terminal,Payment via credit card or debit card terminal,USCPIE15694081*1
ChargePoint Network,,,1921351,1921351,STARKVILLE UTIL / STARKVILLE DWTN,23682581,3,3375361051,2024-09-15T02:19:33Z,2024-09-15T02:21:33Z,,0.000000,0.0,membership,Payment by membership account and/or membership card,USCPIE1921351*2
ChargePoint Network,,,5346231,5346231,CULLMANELECTRIC / STATION2-R,8926271,247,3383092201,2024-09-18T14:08:51Z,2024-09-18T14:24:48Z,,27.872499,110.007,membership,Payment by membership account and/or membership card,USCPIE5346231*1
ChargePoint Network,,,7505851,7505851,JEFFERSON AVE. / OXFORD STA1(L),12955471,247,3400854621,2024-09-25T20:20:34Z,2024-09-25T20:45:11Z,,28.868200,75.636,membership,Payment by membership account and/or membership card,USCPIE7505851*1
ChargePoint Network,,,1932851,1932851,BRIGHTRIDGE EV / BR-JC LIBRARY,23319811,3,3345955591,2024-09-02T23:50:19Z,2024-09-02T23:55:48Z,,0.556390,7.0748,credit_card_terminal,Payment via credit card or debit card terminal,USCPIE1932851*1
ChargePoint Network,,,13861891,13861891,BRMEMC / STATION 2,23296321,247,3344892901,2024-09-02T08:38:21Z,2024-09-02T08:54:51Z,,14.200100,62.299,membership,Payment by membership account and/or membership card,USCPIE13861891*1
ChargePoint Network,,,13664471,13664471,BTES / STATION 3 (RM),23060511,247,3373920931,2024-09-14T11:04:06Z,2024-09-14T11:35:27Z,,26.527399,74.25,credit_card_terminal,Payment via credit card or debit card terminal,USCPIE13664471*1
ChargePoint Network,,,13861891,13861891,BRMEMC / STATION 2,23296321,247,3356424721,2024-09-06T23:38:29Z,2024-09-07T00:14:17Z,,25.780001,75.464,membership,Payment by membership account and/or membership card,USCPIE13861891*1
ChargePoint Network,,,13664401,13664401,BTES / STATION 1 (LL),23060421,247,3406341701,2024-09-27T22:15:50Z,2024-09-27T23:36:33Z,,98.667297,87.271,credit_card_terminal,Payment via credit card or debit card terminal,USCPIE13664401*1
ChargePoint Network,,,13606061,13606061,I24 EXIT11 / STATION 4 (RR),22992511,247,3406768821,2024-09-28T01:31:37Z,2024-09-28T01:40:01Z,,9.783100,0.0,membership,Payment by membership account and/or membership card,USCPIE13606061*1
ChargePoint Network,,,14047321,14047321,JEFFERSON AVE. / OXFORD STA2(R),23514081,247,3387198511,2024-09-19T23:16:55Z,2024-09-20T00:27:11Z,,71.723099,73.481,membership,Payment by membership account and/or membership card,USCPIE14047321*1
ChargePoint Network,,,13861891,13861891,BRMEMC / STATION 2,23296321,247,3388194441,2024-09-20T11:54:49Z,2024-09-20T12:41:23Z,,49.998100,90.744,membership,Payment by membership account and/or membership card,USCPIE13861891*1
ChargePoint Network,,,15694081,15694081,BRIGHTRIDGE EV / STATION 2 (R),25291921,247,3405241661,2024-09-27T14:42:50Z,2024-09-27T14:45:00Z,,0.000000,0.0,membership,Payment by membership account and/or membership card,USCPIE15694081*1
ChargePoint Network,,,16249951,16249951,STARKVILLE UTIL / STATION 2 (R),,,3393369881,2024-09-22T21:36:05Z,2024-09-22T21:37:44Z,,0.000000,,credit_card_terminal,Payment via credit card or debit card terminal,USCPIE16249951*0
ChargePoint Network,,,16022131,16022131,ACEPA / ACE STATION 1,25683791,247,3374122261,2024-09-14T14:50:32Z,2024-09-14T15:16:32Z,,15.668100,53.849,membership,Payment by membership account and/or membership card,USCPIE16022131*1
ChargePoint Network,,,1933211,1933211,BRIGHTRIDGE EV / BR-JONESBOROUGH,2283631,3,3346560351,2024-09-03T08:14:30Z,2024-09-03T09:39:06Z,,8.276290,6.0259,membership,Payment by membership account and/or membership card,USCPIE1933211*1
ChargePoint Network,,,15548151,15548151,DECATURDOWNTWN / STATION 1 (R),25119511,247,3354875071,2024-09-06T12:51:01Z,2024-09-06T13:07:19Z,,17.890499,69.541,membership,Payment by membership account and/or membership card,USCPIE15548151*1
ChargePoint Network,,,8851921,8851921,7SPC / SEVIERVILLE DC1,15571271,207,3345293011,2024-09-02T17:06:45Z,2024-09-02T18:14:15Z,,38.747101,48.708,membership,Payment by membership account and/or membership card,USCPIE8851921*1
ChargePoint Network,,,16249821,16249821,STARKVILLE UTIL / STATION 1 (L),25959011,247,3393743211,2024-09-23T00:46:22Z,2024-09-23T01:18:34Z,,32.119900,64.484,membership,Payment by membership account and/or membership card,USCPIE16249821*1
ChargePoint Network,,,5346231,5346231,CULLMANELECTRIC / STATION2-R,8926271,247,3392795151,2024-09-22T16:08:24Z,2024-09-22T16:29:33Z,,23.816601,70.132,membership,Payment by membership account and/or membership card,USCPIE5346231*1
ChargePoint Network,,,15694171,15694171,BRIGHTRIDGE EV / STATION 1 (L),25292041,247,3371509301,2024-09-13T12:24:26Z,2024-09-13T13:30:15Z,,44.810699,74.226,membership,Payment by membership account and/or membership card,USCPIE15694171*1
ChargePoint Network,,,5565291,5565291,7SPC / SCES LECONTE 1,9205191,3,3351119151,2024-09-04T23:45:31Z,2024-09-05T12:08:06Z,,45.888695,1.0162,membership,Payment by membership account and/or membership card,USCPIE5565291*1
ChargePoint Network,,,12406401,12406401,FPIA / RIGHT STATION,21527671,247,3364283751,2024-09-10T17:02:36Z,2024-09-10T17:44:02Z,,44.597900,76.823,membership,Payment by membership account and/or membership card,USCPIE12406401*1
ChargePoint Network,,,15694081,15694081,BRIGHTRIDGE EV / STATION 2 (R),25291921,247,3402550661,2024-09-26T14:04:28Z,2024-09-26T14:19:08Z,,15.115100,67.996,membership,Payment by membership account and/or membership card,USCPIE15694081*1
ChargePoint Network,,,13861891,13861891,BRMEMC / STATION 2,23296321,100011,3393368921,2024-09-22T21:37:08Z,2024-09-22T21:43:11Z,,4.491700,0.0,credit_card_terminal,Payment via credit card or debit card terminal,USCPIE13861891*1
ChargePoint Network,,,8851921,8851921,7SPC / SEVIERVILLE DC1,,,3409891831,2024-09-29T20:10:33Z,2024-09-29T20:12:34Z,,0.000000,,membership,Payment by membership account and/or membership card,USCPIE8851921*0
ChargePoint Network,,,12720861,12720861,WRECC / STATION 2,21977121,247,3381904781,2024-09-17T23:49:39Z,2024-09-17T23:55:42Z,,9.149200,0.0,membership,Payment by membership account and/or membership card,USCPIE12720861*1
ChargePoint Network,,,13861861,13861861,BRMEMC / STATION 1,23296281,247,3344176801,2024-09-01T22:18:01Z,2024-09-01T22:36:35Z,,22.325500,93.328,membership,Payment by membership account and/or membership card,USCPIE13861861*1
ChargePoint Network,,,15548151,15548151,DECATURDOWNTWN / STATION 1 (R),25119511,247,3388516481,2024-09-20T14:35:15Z,2024-09-20T15:45:30Z,,58.716599,73.481,membership,Payment by membership account and/or membership card,USCPIE15548151*1
ChargePoint Network,,,7173851,7173851,SCOTTSBORO EPB / MAIN OFFICE,12310861,3,3393584281,2024-09-22T23:21:39Z,2024-09-22T23:23:39Z,,0.000000,0.0,membership,Payment by membership account and/or membership card,USCPIE7173851*1
ChargePoint Network,,,13803581,13803581,FPU / STATION 1 (L),23227201,247,3372388841,2024-09-13T18:40:21Z,2024-09-13T18:57:01Z,,28.455799,115.973,membership,Payment by membership account and/or membership card,USCPIE13803581*1
ChargePoint Network,,,13966811,13966811,BEA / STATION 2 (LM),23420881,247,3393141381,2024-09-22T19:32:49Z,2024-09-22T20:09:39Z,,39.807800,67.9,membership,Payment by membership account and/or membership card,USCPIE13966811*1
ChargePoint Network,,,13966051,13966051,BEA / STATION 3 (RM),23419981,247,3381166001,2024-09-17T18:51:52Z,2024-09-17T19:48:34Z,,36.114399,54.316,membership,Payment by membership account and/or membership card,USCPIE13966051*1
ChargePoint Network,,,15280471,15280471,SPRFLD ELECTRIC / STATION 1 (L),24807681,100011,3400144061,2024-09-25T15:35:15Z,2024-09-25T16:42:22Z,,21.465099,47.368,membership,Payment by membership account and/or membership card,USCPIE15280471*1
ChargePoint Network,,,8851921,8851921,7SPC / SEVIERVILLE DC1,15571271,207,3362106721,2024-09-09T20:08:59Z,2024-09-09T21:50:19Z,,64.280899,59.669,membership,Payment by membership account and/or membership card,USCPIE8851921*1
ChargePoint Network,,,5346231,5346231,CULLMANELECTRIC / STATION2-R,8926271,247,3376677781,2024-09-15T22:18:06Z,2024-09-15T23:27:07Z,,43.812599,72.889,membership,Payment by membership account and/or membership card,USCPIE5346231*1
ChargePoint Network,,,15694081,15694081,BRIGHTRIDGE EV / STATION 2 (R),25291921,247,3362526561,2024-09-09T23:01:43Z,2024-09-09T23:03:48Z,,0.035300,0.0,credit_card_terminal,Payment via credit card or debit card terminal,USCPIE15694081*1
ChargePoint Network,,,9677521,9677521,UT PARKING / S7 STATION 1,17169331,3,3405741111,2024-09-27T17:54:28Z,2024-09-27T21:43:22Z,,15.115738,7.1239,membership,Payment by membership account and/or membership card,USCPIE9677521*1
ChargePoint Network,,,5565241,5565241,7SPC / SCES LECONTE 4,9205111,3,3358344181,2024-09-07T23:07:52Z,2024-09-07T23:11:35Z,,0.380657,7.3185,membership,Payment by membership account and/or membership card,USCPIE5565241*2
ChargePoint Network,,,15694081,15694081,BRIGHTRIDGE EV / STATION 2 (R),25291921,247,3391656001,2024-09-21T22:03:50Z,2024-09-21T23:45:42Z,,35.705799,53.789,membership,Payment by membership account and/or membership card,USCPIE15694081*1
ChargePoint Network,,,16093871,16093871,BCES / STATION 1 (L),25770751,247,3395728581,2024-09-23T21:23:54Z,2024-09-23T22:06:21Z,,40.605000,59.779,membership,Payment by membership account and/or membership card,USCPIE16093871*1
ChargePoint Network,,,1932851,1932851,BRIGHTRIDGE EV / BR-JC LIBRARY,23319811,3,3350288231,2024-09-04T18:07:33Z,2024-09-04T20:41:43Z,,18.683506,7.3677,credit_card_terminal,Payment via credit card or debit card terminal,USCPIE1932851*1
ChargePoint Network,,,13606061,13606061,I24 EXIT11 / STATION 4 (RR),22992511,247,3388422121,2024-09-20T13:54:49Z,2024-09-20T14:24:06Z,,49.112701,118.574,credit_card_terminal,Payment via credit card or debit card terminal,USCPIE13606061*1
ChargePoint Network,,,5363211,5363211,HARTSELLE 1 / HARTSELLE 1,23427571,3,3405615041,2024-09-27T16:55:46Z,2024-09-27T17:53:51Z,,6.974594,7.3838,credit_card_terminal,Payment via credit card or debit card terminal,USCPIE5363211*1
ChargePoint Network,,,15885771,15885771,TWICKENHAM SQ / HU - STATION 4,25521581,247,3406719671,2024-09-28T01:06:38Z,2024-09-28T01:29:41Z,,19.821301,73.481,credit_card_terminal,Payment via credit card or debit card terminal,USCPIE15885771*1
ChargePoint Network,,,5346231,5346231,CULLMANELECTRIC / STATION2-R,8926271,247,3389604561,2024-09-20T21:53:28Z,2024-09-20T22:48:08Z,,52.348301,72.496,membership,Payment by membership account and/or membership card,USCPIE5346231*1
ChargePoint Network,,,12989161,12989161,BTES / CITY HALL,22285821,3,3407774071,2024-09-28T17:02:22Z,2024-09-28T17:44:07Z,,4.955149,7.2321,membership,Payment by membership account and/or membership card,USCPIE12989161*2
ChargePoint Network,,,15694081,15694081,BRIGHTRIDGE EV / STATION 2 (R),25291921,247,3391333231,2024-09-21T19:10:22Z,2024-09-21T19:41:07Z,,16.832500,53.949,membership,Payment by membership account and/or membership card,USCPIE15694081*1
ChargePoint Network,,,16093931,16093931,BCES / CSN-01577436,25770831,100011,3353745271,2024-09-05T23:11:10Z,2024-09-05T23:33:58Z,,4.592600,35.581,credit_card_terminal,Payment via credit card or debit card terminal,USCPIE16093931*1
ChargePoint Network,,,8851921,8851921,7SPC / SEVIERVILLE DC1,15571271,207,3357193341,2024-09-07T07:58:52Z,2024-09-07T08:38:38Z,,29.825701,54.096,membership,Payment by membership account and/or membership card,USCPIE8851921*1
ChargePoint Network,,,13966031,13966031,BEA / STATION 4 (RR),23419961,247,3402188611,2024-09-26T10:49:18Z,2024-09-26T10:57:48Z,,8.215600,0.0,membership,Payment by membership account and/or membership card,USCPIE13966031*1
ChargePoint Network,,,12720861,12720861,WRECC / STATION 2,21977121,247,3389166051,2024-09-20T18:49:38Z,2024-09-20T19:33:24Z,,30.211000,54.534,other,Any other payment method not specified above. Additional description should be provided in Payment Method Description.,USCPIE12720861*1
ChargePoint Network,,,15640031,15640031,NECDC / STATION 1 (L),25228511,247,3346870951,2024-09-03T13:18:14Z,2024-09-03T13:19:34Z,,0.000000,0.0,credit_card_terminal,Payment via credit card or debit card terminal,USCPIE15640031*1
ChargePoint Network,,,15694171,15694171,BRIGHTRIDGE EV / STATION 1 (L),,,3378103971,2024-09-16T15:26:27Z,2024-09-16T15:28:30Z,,0.000000,,membership,Payment by membership account and/or membership card,USCPIE15694171*0
ChargePoint Network,,,5122191,5122191,CULLMANELECTRIC / STATION1-L,,,3376057841,2024-09-15T16:22:15Z,2024-09-15T16:24:16Z,,0.000000,,membership,Payment by membership account and/or membership card,USCPIE5122191*0
ChargePoint Network,,,13643801,13643801,PEPA / STATION 2,23036481,247,3366920761,2024-09-11T17:00:39Z,2024-09-11T17:20:46Z,,22.679100,74.86,membership,Payment by membership account and/or membership card,USCPIE13643801*1
ChargePoint Network,,,682921,682921,7SPC / TVPPA OFFICE,9117261,3,3348620151,2024-09-04T00:42:29Z,2024-09-04T13:08:23Z,,75.590065,6.1139,credit_card_terminal,Payment via credit card or debit card terminal,USCPIE682921*2
ChargePoint Network,,,13803581,13803581,FPU / STATION 1 (L),23227201,247,3347085141,2024-09-03T14:47:54Z,2024-09-03T15:10:51Z,,27.599899,75.074,membership,Payment by membership account and/or membership card,USCPIE13803581*1
ChargePoint Network,,,13606091,13606091,I24 EXIT11 / STATION 3 (RM),22992551,247,3373443891,2024-09-14T02:25:34Z,2024-09-14T03:07:12Z,,18.383900,52.028,other,Any other payment method not specified above. Additional description should be provided in Payment Method Description.,USCPIE13606091*1
ChargePoint Network,,,7505851,7505851,JEFFERSON AVE. / OXFORD STA1(L),12955471,247,3381916251,2024-09-17T23:54:17Z,2024-09-17T23:55:30Z,,0.000000,0.0,membership,Payment by membership account and/or membership card,USCPIE7505851*1
ChargePoint Network,,,16022101,16022101,ACEPA / ACE STATION 2,25683761,247,3343585801,2024-09-01T15:56:38Z,2024-09-01T16:19:51Z,,27.231501,74.268,membership,Payment by membership account and/or membership card,USCPIE16022101*1
ChargePoint Network,,,15640171,15640171,NECDC / STATION 2 (R),25228711,247,3385784931,2024-09-19T14:13:57Z,2024-09-19T14:58:32Z,,46.054001,71.874,membership,Payment by membership account and/or membership card,USCPIE15640171*1
ChargePoint Network,,,13659831,13659831,LAWRENCEBURG / STATION 1 (L),23054881,247,3357584941,2024-09-07T16:08:37Z,2024-09-07T16:34:33Z,,10.898000,58.212,phone_online,"Payment through mobile app, website, automated phone number or messaging system",USCPIE13659831*1
ChargePoint Network,,,5354011,5354011,7SPC / GREENEVILLE TA,8936791,100011,3359173791,2024-09-08T13:38:44Z,2024-09-08T13:39:55Z,,0.000000,0.0,membership,Payment by membership account and/or membership card,USCPIE5354011*1
ChargePoint Network,,,16311861,16311861,KIMBALL EV CHG / STATION 2 (R),26032351,247,3386600881,2024-09-19T19:23:51Z,2024-09-19T19:26:52Z,,0.876000,0.0,credit_card_terminal,Payment via credit card or debit card terminal,USCPIE16311861*1
ChargePoint Network,,,12720861,12720861,WRECC / STATION 2,21977121,247,3346748151,2024-09-03T12:21:01Z,2024-09-03T12:58:56Z,,15.435800,30.045,membership,Payment by membership account and/or membership card,USCPIE12720861*1
ChargePoint Network,,,15885771,15885771,TWICKENHAM SQ / HU - STATION 4,25521581,100011,3391040471,2024-09-21T16:27:20Z,2024-09-21T16:51:03Z,,8.809200,39.346,other,Any other payment method not specified above. Additional description should be provided in Payment Method Description.,USCPIE15885771*1
ChargePoint Network,,,13290491,13290491,7SPC / NASA USSRC L,25742671,3,3385980351,2024-09-19T15:21:59Z,2024-09-19T18:37:05Z,,16.935417,5.8736,membership,Payment by membership account and/or membership card,USCPIE13290491*1
ChargePoint Network,,,13290491,13290491,7SPC / NASA USSRC L,25742681,3,3385857221,2024-09-19T14:43:45Z,2024-09-19T16:07:10Z,,5.972697,5.891,other,Any other payment method not specified above. Additional description should be provided in Payment Method Description.,USCPIE13290491*2
ChargePoint Network,,,5122191,5122191,CULLMANELECTRIC / STATION1-L,8482151,247,3364883591,2024-09-10T21:21:16Z,2024-09-10T21:28:59Z,,5.812800,0.0,membership,Payment by membership account and/or membership card,USCPIE5122191*1
ChargePoint Network,,,14355251,14355251,HARTSELLE 1 / STATION 2 (R),23865691,247,3345931991,2024-09-02T23:36:37Z,2024-09-02T23:57:38Z,,21.702999,72.761,membership,Payment by membership account and/or membership card,USCPIE14355251*1
ChargePoint Network,,,15885151,15885151,TWICKENHAM SQ / HU - STATION 2,25520801,247,3343823171,2024-09-01T18:37:01Z,2024-09-01T19:15:41Z,,44.459801,74.884,credit_card_terminal,Payment via credit card or debit card terminal,USCPIE15885151*1
ChargePoint Network,,,13659831,13659831,LAWRENCEBURG / STATION 1 (L),23054881,247,3386688151,2024-09-19T19:58:41Z,2024-09-19T20:36:26Z,,51.020699,122.43,membership,Payment by membership account and/or membership card,USCPIE13659831*1
ChargePoint Network,,,5354011,5354011,7SPC / GREENEVILLE TA,8936791,207,3369871341,2024-09-12T19:12:43Z,2024-09-12T19:33:26Z,,18.938400,57.903,membership,Payment by membership account and/or membership card,USCPIE5354011*1
ChargePoint Network,,,13803581,13803581,FPU / STATION 1 (L),23227201,247,3392817191,2024-09-22T16:23:20Z,2024-09-22T18:50:03Z,,32.245201,76.435,membership,Payment by membership account and/or membership card,USCPIE13803581*1
ChargePoint Network,,,13606061,13606061,I24 EXIT11 / STATION 4 (RR),22992511,247,3353714881,2024-09-05T23:00:16Z,2024-09-05T23:33:09Z,,31.080500,75.056,membership,Payment by membership account and/or membership card,USCPIE13606061*1
ChargePoint Network,,,15885151,15885151,TWICKENHAM SQ / HU - STATION 2,25520801,247,3386750291,2024-09-19T20:22:35Z,2024-09-19T21:08:24Z,,53.000702,121.941,membership,Payment by membership account and/or membership card,USCPIE15885151*1
ChargePoint Network,,,15640031,15640031,NECDC / STATION 1 (L),25228511,247,3388714371,2024-09-20T15:42:51Z,2024-09-20T16:24:46Z,,24.881300,73.8,membership,Payment by membership account and/or membership card,USCPIE15640031*1
ChargePoint Network,,,15694081,15694081,BRIGHTRIDGE EV / STATION 2 (R),25291921,247,3358221241,2024-09-07T22:01:12Z,2024-09-07T22:45:31Z,,21.863701,53.279,membership,Payment by membership account and/or membership card,USCPIE15694081*1
ChargePoint Network,,,12720861,12720861,WRECC / STATION 2,21977121,247,3353586641,2024-09-05T22:11:24Z,2024-09-05T23:12:27Z,,59.573399,63.111,membership,Payment by membership account and/or membership card,USCPIE12720861*1
ChargePoint Network,,,14097801,14097801,SCOTTSBORO EPB / SEPB DCFC (L),23570921,247,3403780001,2024-09-26T22:05:10Z,2024-09-26T22:23:21Z,,25.211500,111.231,membership,Payment by membership account and/or membership card,USCPIE14097801*1
ChargePoint Network,,,15885251,15885251,TWICKENHAM SQ / HU - STATION 1,25520941,247,3392570421,2024-09-22T12:26:46Z,2024-09-22T12:27:47Z,,0.000000,0.0,membership,Payment by membership account and/or membership card,USCPIE15885251*1
ChargePoint Network,,,1932851,1932851,BRIGHTRIDGE EV / BR-JC LIBRARY,23319811,3,3345803501,2024-09-02T22:22:09Z,2024-09-02T23:45:40Z,,10.130516,7.4269,membership,Payment by membership account and/or membership card,USCPIE1932851*1
ChargePoint Network,,,1988141,1988141,7SPC / SCES DREAM MORE,2355571,3,3345937271,2024-09-02T23:37:58Z,2024-09-03T00:02:58Z,,2.663409,7.0009,credit_card_terminal,Payment via credit card or debit card terminal,USCPIE1988141*2
ChargePoint Network,,,15694081,15694081,BRIGHTRIDGE EV / STATION 2 (R),25291921,247,3378954891,2024-09-16T21:23:00Z,2024-09-16T22:59:42Z,,29.418100,53.198,membership,Payment by membership account and/or membership card,USCPIE15694081*1
ChargePoint Network,,,16022101,16022101,ACEPA / ACE STATION 2,25683761,247,3351356551,2024-09-05T01:19:53Z,2024-09-05T01:22:03Z,,0.000000,0.0,credit_card_terminal,Payment via credit card or debit card terminal,USCPIE16022101*1
ChargePoint Network,,,7505851,7505851,JEFFERSON AVE. / OXFORD STA1(L),12955471,247,3359644011,2024-09-08T19:06:08Z,2024-09-08T19:43:56Z,,41.248798,72.496,membership,Payment by membership account and/or membership card,USCPIE7505851*1
ChargePoint Network,,,9677521,9677521,UT PARKING / S7 STATION 1,17169331,3,3407846801,2024-09-28T17:43:00Z,2024-09-28T17:58:24Z,,1.762647,7.1161,credit_card_terminal,Payment via credit card or debit card terminal,USCPIE9677521*1
ChargePoint Network,,,12720881,12720881,WRECC / STATION 1,21977141,247,3391626841,2024-09-21T21:48:41Z,2024-09-21T22:00:02Z,,11.768300,71.082,other,Any other payment method not specified above. Additional description should be provided in Payment Method Description.,USCPIE12720881*1
ChargePoint Network,,,13606061,13606061,I24 EXIT11 / STATION 4 (RR),22992511,247,3403575241,2024-09-26T20:41:06Z,2024-09-26T21:23:09Z,,46.616501,78.405,membership,Payment by membership account and/or membership card,USCPIE13606061*1
ChargePoint Network,,,13290491,13290491,7SPC / NASA USSRC L,25742671,3,3397308221,2024-09-24T14:43:09Z,2024-09-24T19:04:23Z,,25.578699,6.0933,membership,Payment by membership account and/or membership card,USCPIE13290491*1
ChargePoint Network,,,7505851,7505851,JEFFERSON AVE. / OXFORD STA1(L),12955471,247,3354430401,2024-09-06T04:09:10Z,2024-09-06T04:43:21Z,,13.454100,52.931,membership,Payment by membership account and/or membership card,USCPIE7505851*1
ChargePoint Network,,,7505851,7505851,JEFFERSON AVE. / OXFORD STA1(L),12955471,247,3359360871,2024-09-08T16:16:20Z,2024-09-08T16:48:15Z,,31.673800,70.497,membership,Payment by membership account and/or membership card,USCPIE7505851*1
ChargePoint Network,,,15885771,15885771,TWICKENHAM SQ / HU - STATION 4,25521581,247,3364608361,2024-09-10T19:30:13Z,2024-09-10T19:32:38Z,,0.000000,0.0,membership,Payment by membership account and/or membership card,USCPIE15885771*1
ChargePoint Network,,,1964521,1964521,EBOFG / GUNTERSVILLE PD,8374201,3,3387563491,2024-09-20T02:01:17Z,2024-09-20T11:36:43Z,,48.192066,7.4666,credit_card_terminal,Payment via credit card or debit card terminal,USCPIE1964521*1
ChargePoint Network,,,15694081,15694081,BRIGHTRIDGE EV / STATION 2 (R),25291921,247,3378050181,2024-09-16T15:12:20Z,2024-09-16T15:16:03Z,,5.802600,110.98,membership,Payment by membership account and/or membership card,USCPIE15694081*1
ChargePoint Network,,,1988061,1988061,7SPC / SCES DOLLYWOOD,25499831,3,3357762471,2024-09-07T17:50:50Z,2024-09-07T23:00:45Z,,37.461678,7.3911,membership,Payment by membership account and/or membership card,USCPIE1988061*1
ChargePoint Network,,,12720861,12720861,WRECC / STATION 2,21977121,247,3367811051,2024-09-11T23:14:11Z,2024-09-11T23:23:15Z,,10.385700,72.833,credit_card_terminal,Payment via credit card or debit card terminal,USCPIE12720861*1
ChargePoint Network,,,12406401,12406401,FPIA / RIGHT STATION,21527671,247,3381086231,2024-09-17T18:16:31Z,2024-09-17T19:07:57Z,,45.907700,75.253,membership,Payment by membership account and/or membership card,USCPIE12406401*1
ChargePoint Network,,,13606061,13606061,I24 EXIT11 / STATION 4 (RR),22992511,247,3404254091,2024-09-27T01:19:32Z,2024-09-27T01:32:00Z,,9.493000,74.447,membership,Payment by membership account and/or membership card,USCPIE13606061*1
ChargePoint Network,,,15694081,15694081,BRIGHTRIDGE EV / STATION 2 (R),25291921,247,3357607891,2024-09-07T16:23:09Z,2024-09-07T17:02:26Z,,41.139400,74.226,credit_card_terminal,Payment via credit card or debit card terminal,USCPIE15694081*1
ChargePoint Network,,,13606061,13606061,I24 EXIT11 / STATION 4 (RR),22992511,247,3401250581,2024-09-25T22:57:58Z,2024-09-26T00:33:06Z,,76.247002,72.269,membership,Payment by membership account and/or membership card,USCPIE13606061*1
ChargePoint Network,,,9677521,9677521,UT PARKING / S7 STATION 1,17169341,3,3369213511,2024-09-12T15:01:57Z,2024-09-12T18:34:36Z,,25.255974,7.3069,membership,Payment by membership account and/or membership card,USCPIE9677521*2
ChargePoint Network,,,5346231,5346231,CULLMANELECTRIC / STATION2-R,8926271,247,3372121851,2024-09-13T16:40:28Z,2024-09-13T16:41:41Z,,0.000000,0.0,membership,Payment by membership account and/or membership card,USCPIE5346231*1
ChargePoint Network,,,15684341,15684341,MLEC / STATION 2 (R) W,25280201,247,3345457371,2024-09-02T18:55:23Z,2024-09-02T19:10:05Z,,25.765499,111.135,membership,Payment by membership account and/or membership card,USCPIE15684341*1
ChargePoint Network,,,13643831,13643831,PEPA / STATION 1,23036511,247,3401758641,2024-09-26T02:33:37Z,2024-09-26T02:42:01Z,,13.945100,0.0,membership,Payment by membership account and/or membership card,USCPIE13643831*1
ChargePoint Network,,,13606061,13606061,I24 EXIT11 / STATION 4 (RR),22992511,247,3407451591,2024-09-28T13:22:57Z,2024-09-28T13:45:26Z,,40.624802,116.886,credit_card_terminal,Payment via credit card or debit card terminal,USCPIE13606061*1
ChargePoint Network,,,5354011,5354011,7SPC / GREENEVILLE TA,8936791,100011,3386557761,2024-09-19T19:06:01Z,2024-09-19T19:14:17Z,,5.498300,0.0,membership,Payment by membership account and/or membership card,USCPIE5354011*1
ChargePoint Network,,,7173851,7173851,SCOTTSBORO EPB / MAIN OFFICE,12310861,3,3345693911,2024-09-02T21:17:31Z,2024-09-02T21:21:44Z,,0.378365,7.1255,phone_online,"Payment through mobile app, website, automated phone number or messaging system",USCPIE7173851*1
ChargePoint Network,,,14337501,14337501,HOLSTONELECTRIC / CHURCH HILL-2,23845091,100011,3389550151,2024-09-20T21:29:54Z,2024-09-20T22:02:03Z,,21.585400,53.06,credit_card_terminal,Payment via credit card or debit card terminal,USCPIE14337501*1
ChargePoint Network,,,1964521,1964521,EBOFG / GUNTERSVILLE PD,8374201,3,3383675751,2024-09-18T17:37:31Z,2024-09-18T18:45:44Z,,7.973389,7.0797,membership,Payment by membership account and/or membership card,USCPIE1964521*1
ChargePoint Network,,,15548151,15548151,DECATURDOWNTWN / STATION 1 (R),25119511,247,3372113931,2024-09-13T16:37:20Z,2024-09-13T16:54:33Z,,12.788500,59.4,membership,Payment by membership account and/or membership card,USCPIE15548151*1
ChargePoint Network,,,14047321,14047321,JEFFERSON AVE. / OXFORD STA2(R),23514081,247,3350133411,2024-09-04T16:55:22Z,2024-09-04T17:50:05Z,,42.799500,72.236,membership,Payment by membership account and/or membership card,USCPIE14047321*1
ChargePoint Network,,,1964521,1964521,EBOFG / GUNTERSVILLE PD,8374201,3,3356247861,2024-09-06T22:19:41Z,2024-09-06T23:14:21Z,,3.401203,3.8507,membership,Payment by membership account and/or membership card,USCPIE1964521*1
ChargePoint Network,,,7505851,7505851,JEFFERSON AVE. / OXFORD STA1(L),12955471,247,3390950291,2024-09-21T15:32:10Z,2024-09-21T16:28:13Z,,42.031601,91.654,membership,Payment by membership account and/or membership card,USCPIE7505851*1
ChargePoint Network,,,13861861,13861861,BRMEMC / STATION 1,23296281,247,3350988121,2024-09-04T22:54:44Z,2024-09-04T23:24:26Z,,31.475599,73.904,membership,Payment by membership account and/or membership card,USCPIE13861861*1
ChargePoint Network,,,15694171,15694171,BRIGHTRIDGE EV / STATION 1 (L),25292041,247,3400817231,2024-09-25T20:05:49Z,2024-09-25T20:51:50Z,,47.384602,87.468,credit_card_terminal,Payment via credit card or debit card terminal,USCPIE15694171*1
ChargePoint Network,,,14047321,14047321,JEFFERSON AVE. / OXFORD STA2(R),,,3370854061,2024-09-13T01:52:05Z,2024-09-13T01:52:14Z,,0.000000,,credit_card_terminal,Payment via credit card or debit card terminal,USCPIE14047321*0
ChargePoint Network,,,1933211,1933211,BRIGHTRIDGE EV / BR-JONESBOROUGH,2283641,3,3361327151,2024-09-09T15:02:10Z,2024-09-09T17:16:15Z,,7.194468,3.3895,credit_card_terminal,Payment via credit card or debit card terminal,USCPIE1933211*2
ChargePoint Network,,,14047321,14047321,JEFFERSON AVE. / OXFORD STA2(R),23514081,247,3359265521,2024-09-08T15:05:48Z,2024-09-08T15:06:22Z,,0.000000,0.0,membership,Payment by membership account and/or membership card,USCPIE14047321*1
ChargePoint Network,,,5466441,5466441,7SPC / NASA USSRC R,9079371,3,3377947821,2024-09-16T14:37:25Z,2024-09-16T22:04:53Z,,45.241161,6.1393,membership,Payment by membership account and/or membership card,USCPIE5466441*2
ChargePoint Network,,,15885151,15885151,TWICKENHAM SQ / HU - STATION 2,25520801,247,3409999461,2024-09-29T21:10:37Z,2024-09-29T21:36:29Z,,34.252300,83.692,membership,Payment by membership account and/or membership card,USCPIE15885151*1
ChargePoint Network,,,15885771,15885771,TWICKENHAM SQ / HU - STATION 4,25521581,247,3398797661,2024-09-25T00:19:03Z,2024-09-25T00:39:16Z,,23.280701,70.722,membership,Payment by membership account and/or membership card,USCPIE15885771*1
ChargePoint Network,,,5619801,5619801,7SPC / WARREN RECC BG,25687251,3,3370917561,2024-09-13T02:20:52Z,2024-09-13T05:46:32Z,,19.259396,6.3772,membership,Payment by membership account and/or membership card,USCPIE5619801*1
ChargePoint Network,,,5122191,5122191,CULLMANELECTRIC / STATION1-L,8482151,247,3369786321,2024-09-12T18:36:20Z,2024-09-12T19:24:52Z,,53.624298,74.646,membership,Payment by membership account and/or membership card,USCPIE5122191*1
ChargePoint Network,,,14097801,14097801,SCOTTSBORO EPB / SEPB DCFC (L),23570921,247,3402456081,2024-09-26T13:20:06Z,2024-09-26T14:16:21Z,,48.167801,64.349,membership,Payment by membership account and/or membership card,USCPIE14097801*1
ChargePoint Network,,,13966031,13966031,BEA / STATION 4 (RR),23419961,247,3350017041,2024-09-04T16:10:31Z,2024-09-04T16:31:49Z,,23.658400,75.845,membership,Payment by membership account and/or membership card,USCPIE13966031*1
ChargePoint Network,,,5414151,5414151,7SPC / UC - CARTHAGE,9014641,3,3389129031,2024-09-20T18:32:23Z,2024-09-20T18:36:11Z,,0.323799,7.1275,credit_card_terminal,Payment via credit card or debit card terminal,USCPIE5414151*1
ChargePoint Network,,,13880891,13880891,MU / MUC MAIN OFFICE,23319021,3,3391883091,2024-09-20T18:18:23Z,2024-09-20T20:05:31Z,,12.355909,7.0006,membership,Payment by membership account and/or membership card,USCPIE13880891*2
ChargePoint Network,,,1932851,1932851,BRIGHTRIDGE EV / BR-JC LIBRARY,23319811,3,3391357141,2024-09-21T19:23:38Z,2024-09-21T20:22:00Z,,7.169824,7.455,membership,Payment by membership account and/or membership card,USCPIE1932851*1
ChargePoint Network,,,16244681,16244681,TOMBIGBEE / STATION 2,25952901,247,3403199631,2024-09-26T18:03:04Z,2024-09-26T18:23:49Z,,30.219101,92.554,membership,Payment by membership account and/or membership card,USCPIE16244681*1
ChargePoint Network,,,14047321,14047321,JEFFERSON AVE. / OXFORD STA2(R),23514081,247,3348749511,2024-09-04T01:36:40Z,2024-09-04T01:57:12Z,,19.723900,73.481,membership,Payment by membership account and/or membership card,USCPIE14047321*1
ChargePoint Network,,,1844191,1844191,CLW / MAIN ST,23050431,3,3362979371,2024-09-10T02:23:51Z,2024-09-10T05:15:05Z,,20.510166,7.3375,membership,Payment by membership account and/or membership card,USCPIE1844191*1
ChargePoint Network,,,13606061,13606061,I24 EXIT11 / STATION 4 (RR),22992511,247,3378236501,2024-09-16T16:07:44Z,2024-09-16T16:55:27Z,,32.530701,53.728,membership,Payment by membership account and/or membership card,USCPIE13606061*1
ChargePoint Network,,,15623211,15623211,CLW / 5TH ST 2 (R),25208281,247,3357463611,2024-09-07T14:51:25Z,2024-09-07T16:03:19Z,,86.818001,87.416,membership,Payment by membership account and/or membership card,USCPIE15623211*1
ChargePoint Network,,,15885771,15885771,TWICKENHAM SQ / HU - STATION 4,25521581,247,3409273021,2024-09-29T13:13:56Z,2024-09-29T21:42:17Z,,27.272400,63.631,membership,Payment by membership account and/or membership card,USCPIE15885771*1
ChargePoint Network,,,8851921,8851921,7SPC / SEVIERVILLE DC1,15571271,100011,3373979091,2024-09-14T12:41:17Z,2024-09-14T13:11:10Z,,1.409800,8.579,credit_card_terminal,Payment via credit card or debit card terminal,USCPIE8851921*1
ChargePoint Network,,,13290491,13290491,7SPC / NASA USSRC L,25742681,3,3367653041,2024-09-11T22:12:35Z,2024-09-11T23:19:31Z,,6.468232,5.9177,membership,Payment by membership account and/or membership card,USCPIE13290491*2
ChargePoint Network,,,15260251,15260251,STEMC / STATION 2 (R) A,,,3395182311,2024-09-23T17:21:28Z,2024-09-23T17:23:29Z,,0.000000,,other,Any other payment method not specified above. Additional description should be provided in Payment Method Description.,USCPIE15260251*0
ChargePoint Network,,,8851921,8851921,7SPC / SEVIERVILLE DC1,15571271,207,3352038941,2024-09-05T11:51:58Z,2024-09-05T13:11:12Z,,56.112598,59.669,membership,Payment by membership account and/or membership card,USCPIE8851921*1
ChargePoint Network,,,5565201,5565201,7SPC / SCES LECONTE 2,9205061,3,3368386461,2024-09-12T03:28:27Z,2024-09-12T03:39:11Z,,1.256279,7.1807,membership,Payment by membership account and/or membership card,USCPIE5565201*2
ChargePoint Network,,,7173851,7173851,SCOTTSBORO EPB / MAIN OFFICE,12310861,3,3393031791,2024-09-22T18:31:26Z,2024-09-22T18:33:25Z,,0.000000,0.0,membership,Payment by membership account and/or membership card,USCPIE7173851*1
ChargePoint Network,,,15885251,15885251,TWICKENHAM SQ / HU - STATION 1,25520941,247,3407409021,2024-09-28T12:36:07Z,2024-09-28T13:02:07Z,,29.550699,72.101,membership,Payment by membership account and/or membership card,USCPIE15885251*1
ChargePoint Network,,,15694171,15694171,BRIGHTRIDGE EV / STATION 1 (L),25292041,247,3350499161,2024-09-04T19:40:57Z,2024-09-04T20:46:21Z,,55.012001,58.403,credit_card_terminal,Payment via credit card or debit card terminal,USCPIE15694171*1
ChargePoint Network,,,13861861,13861861,BRMEMC / STATION 1,23296281,247,3391058681,2024-09-21T16:37:54Z,2024-09-21T17:13:39Z,,26.671400,60.691,membership,Payment by membership account and/or membership card,USCPIE13861861*1
ChargePoint Network,,,13966031,13966031,BEA / STATION 4 (RR),,,3391006151,2024-09-21T16:04:26Z,2024-09-21T16:06:29Z,,0.000000,,membership,Payment by membership account and/or membership card,USCPIE13966031*0
ChargePoint Network,,,13606061,13606061,I24 EXIT11 / STATION 4 (RR),22992511,247,3377874891,2024-09-16T14:06:15Z,2024-09-16T14:07:32Z,,0.000000,0.0,membership,Payment by membership account and/or membership card,USCPIE13606061*1
ChargePoint Network,,,5354011,5354011,7SPC / GREENEVILLE TA,8936791,207,3358865421,2024-09-08T04:24:13Z,2024-09-08T04:33:32Z,,8.108000,56.575,membership,Payment by membership account and/or membership card,USCPIE5354011*1
ChargePoint Network,,,15640171,15640171,NECDC / STATION 2 (R),25228711,247,3342743701,2024-09-01T00:06:12Z,2024-09-01T00:10:29Z,,4.524400,0.0,credit_card_terminal,Payment via credit card or debit card terminal,USCPIE15640171*1
ChargePoint Network,,,5346231,5346231,CULLMANELECTRIC / STATION2-R,8926271,247,3348474661,2024-09-03T23:45:05Z,2024-09-04T00:07:35Z,,25.298599,71.904,membership,Payment by membership account and/or membership card,USCPIE5346231*1
ChargePoint Network,,,13606061,13606061,I24 EXIT11 / STATION 4 (RR),22992511,247,3406101691,2024-09-27T20:33:01Z,2024-09-27T21:39:12Z,,46.247898,54.167,credit_card_terminal,Payment via credit card or debit card terminal,USCPIE13606061*1
ChargePoint Network,,,5346231,5346231,CULLMANELECTRIC / STATION2-R,8926271,247,3345679601,2024-09-02T21:09:38Z,2024-09-02T21:30:32Z,,16.831499,54.167,membership,Payment by membership account and/or membership card,USCPIE5346231*1
ChargePoint Network,,,12720861,12720861,WRECC / STATION 2,21977121,247,3347859321,2024-09-03T19:44:13Z,2024-09-03T19:56:24Z,,13.453000,0.0,membership,Payment by membership account and/or membership card,USCPIE12720861*1
ChargePoint Network,,,15640171,15640171,NECDC / STATION 2 (R),,,3375962111,2024-09-15T15:18:00Z,2024-09-15T15:18:07Z,,0.000000,,membership,Payment by membership account and/or membership card,USCPIE15640171*0
ChargePoint Network,,,1988141,1988141,7SPC / SCES DREAM MORE,2355561,3,3398432941,2024-09-24T21:55:48Z,2024-09-25T02:15:51Z,,31.256201,7.3208,membership,Payment by membership account and/or membership card,USCPIE1988141*1
ChargePoint Network,,,13290491,13290491,7SPC / NASA USSRC L,25742681,3,3396782911,2024-09-24T08:45:12Z,2024-09-24T12:24:11Z,,19.062580,6.0645,membership,Payment by membership account and/or membership card,USCPIE13290491*2
ChargePoint Network,,,15623211,15623211,CLW / 5TH ST 2 (R),25208281,247,3395302171,2024-09-23T18:20:46Z,2024-09-23T23:47:07Z,,56.801800,76.241,membership,Payment by membership account and/or membership card,USCPIE15623211*1
ChargePoint Network,,,14047321,14047321,JEFFERSON AVE. / OXFORD STA2(R),23514081,100011,3407679241,2024-09-28T16:08:12Z,2024-09-28T16:38:30Z,,10.165200,31.208,membership,Payment by membership account and/or membership card,USCPIE14047321*1
ChargePoint Network,,,5346231,5346231,CULLMANELECTRIC / STATION2-R,8926271,247,3347732451,2024-09-03T18:52:14Z,2024-09-03T19:02:06Z,,8.075300,53.723,membership,Payment by membership account and/or membership card,USCPIE5346231*1
ChargePoint Network,,,7505851,7505851,JEFFERSON AVE. / OXFORD STA1(L),12955471,100011,3353415801,2024-09-05T21:06:00Z,2024-09-05T21:57:22Z,,13.987600,16.895,membership,Payment by membership account and/or membership card,USCPIE7505851*1
ChargePoint Network,,,5122191,5122191,CULLMANELECTRIC / STATION1-L,8482151,247,3389640241,2024-09-20T22:08:55Z,2024-09-20T22:27:33Z,,13.993800,54.236,membership,Payment by membership account and/or membership card,USCPIE5122191*1
ChargePoint Network,,,15684341,15684341,MLEC / STATION 2 (R) W,25280201,247,3388691911,2024-09-20T15:36:25Z,2024-09-20T16:38:36Z,,61.904900,63.7,membership,Payment by membership account and/or membership card,USCPIE15684341*1
ChargePoint Network,,,9677521,9677521,UT PARKING / S7 STATION 1,17169341,3,3390685921,2024-09-21T11:17:04Z,2024-09-21T20:28:56Z,,59.829082,7.093,membership,Payment by membership account and/or membership card,USCPIE9677521*2
ChargePoint Network,,,1964521,1964521,EBOFG / GUNTERSVILLE PD,8374211,3,3367050011,2024-09-11T18:00:11Z,2024-09-11T21:56:16Z,,7.930226,3.6976,membership,Payment by membership account and/or membership card,USCPIE1964521*2
ChargePoint Network,,,1964521,1964521,EBOFG / GUNTERSVILLE PD,8374211,3,3378361671,2024-09-16T16:57:08Z,2024-09-16T21:34:23Z,,3.338524,3.6801,membership,Payment by membership account and/or membership card,USCPIE1964521*2
ChargePoint Network,,,12720861,12720861,WRECC / STATION 2,21977121,247,3380769561,2024-09-17T16:01:59Z,2024-09-17T16:11:37Z,,0.000000,0.0,membership,Payment by membership account and/or membership card,USCPIE12720861*1
ChargePoint Network,,,16022101,16022101,ACEPA / ACE STATION 2,25683761,247,3343582701,2024-09-01T15:54:37Z,2024-09-01T15:55:27Z,,0.000000,0.0,membership,Payment by membership account and/or membership card,USCPIE16022101*1
ChargePoint Network,,,1964521,1964521,EBOFG / GUNTERSVILLE PD,8374201,3,3367182571,2024-09-11T19:00:54Z,2024-09-11T21:49:40Z,,19.318256,7.0491,credit_card_terminal,Payment via credit card or debit card terminal,USCPIE1964521*1
ChargePoint Network,,,16249951,16249951,STARKVILLE UTIL / STATION 2 (R),25959201,247,3373428001,2024-09-14T02:15:13Z,2024-09-14T02:37:02Z,,38.289501,117.655,membership,Payment by membership account and/or membership card,USCPIE16249951*1
ChargePoint Network,,,15694081,15694081,BRIGHTRIDGE EV / STATION 2 (R),25291921,247,3400809351,2024-09-25T20:02:43Z,2024-09-25T20:32:41Z,,29.106899,111.496,membership,Payment by membership account and/or membership card,USCPIE15694081*1
ChargePoint Network,,,1932851,1932851,BRIGHTRIDGE EV / BR-JC LIBRARY,23319811,3,3400032551,2024-09-25T15:00:08Z,2024-09-25T16:35:10Z,,11.394224,7.4648,membership,Payment by membership account and/or membership card,USCPIE1932851*1
ChargePoint Network,,,15684301,15684301,MLEC / STATION 1 (L) W,,,3400351361,2024-09-25T16:41:15Z,2024-09-25T16:43:16Z,,0.000000,,membership,Payment by membership account and/or membership card,USCPIE15684301*0
ChargePoint Network,,,14337501,14337501,HOLSTONELECTRIC / CHURCH HILL-2,23845091,100011,3381488891,2024-09-17T21:04:38Z,2024-09-17T21:20:32Z,,9.788500,53.2,credit_card_terminal,Payment via credit card or debit card terminal,USCPIE14337501*1
ChargePoint Network,,,16022131,16022131,ACEPA / ACE STATION 1,25683791,247,3403925281,2024-09-26T23:02:51Z,2024-09-26T23:54:48Z,,47.217800,59.365,membership,Payment by membership account and/or membership card,USCPIE16022131*1
ChargePoint Network,,,5397731,5397731,EEDEV / MILLIGAN UNIV,9010261,3,3388434871,2024-09-20T14:00:24Z,2024-09-20T14:09:44Z,,1.042818,7.175,membership,Payment by membership account and/or membership card,USCPIE5397731*2
ChargePoint Network,,,15548151,15548151,DECATURDOWNTWN / STATION 1 (R),25119511,247,3343633781,2024-09-01T16:32:19Z,2024-09-01T16:47:24Z,,6.981100,47.74,membership,Payment by membership account and/or membership card,USCPIE15548151*1
ChargePoint Network,,,12989161,12989161,BTES / CITY HALL,22285821,3,3381725961,2024-09-17T22:38:32Z,2024-09-18T04:04:09Z,,33.394924,6.2528,membership,Payment by membership account and/or membership card,USCPIE12989161*2
ChargePoint Network,,,16244681,16244681,TOMBIGBEE / STATION 2,25952901,247,3378815951,2024-09-16T20:22:48Z,2024-09-16T20:48:33Z,,24.619801,77.022,credit_card_terminal,Payment via credit card or debit card terminal,USCPIE16244681*1
ChargePoint Network,,,15694171,15694171,BRIGHTRIDGE EV / STATION 1 (L),25292041,247,3346355541,2024-09-03T03:48:39Z,2024-09-03T04:45:17Z,,52.279400,84.083,credit_card_terminal,Payment via credit card or debit card terminal,USCPIE15694171*1
ChargePoint Network,,,13606121,13606121,I24 EXIT11 / STATION 2 (LM),,,3407779341,2024-09-28T17:03:36Z,2024-09-28T17:05:37Z,,0.000000,0.0,membership,Payment by membership account and/or membership card,USCPIE13606121*0
ChargePoint Network,,,15548151,15548151,DECATURDOWNTWN / STATION 1 (R),,,3375933881,2024-09-15T14:54:22Z,2024-09-15T14:56:23Z,,0.000000,,membership,Payment by membership account and/or membership card,USCPIE15548151*0
ChargePoint Network,,,7505851,7505851,JEFFERSON AVE. / OXFORD STA1(L),12955471,247,3354360861,2024-09-06T03:36:53Z,2024-09-06T04:08:34Z,,36.075699,78.012,membership,Payment by membership account and/or membership card,USCPIE7505851*1
ChargePoint Network,,,8851921,8851921,7SPC / SEVIERVILLE DC1,15571271,207,3409539251,2024-09-29T16:52:03Z,2024-09-29T17:25:09Z,,25.251499,59.7,membership,Payment by membership account and/or membership card,USCPIE8851921*1
ChargePoint Network,,,5565241,5565241,7SPC / SCES LECONTE 4,9205111,3,3376314011,2024-09-15T18:59:03Z,2024-09-15T20:26:09Z,,10.223232,7.2034,membership,Payment by membership account and/or membership card,USCPIE5565241*2
ChargePoint Network,,,15694081,15694081,BRIGHTRIDGE EV / STATION 2 (R),25291921,100011,3345232321,2024-09-02T16:26:51Z,2024-09-02T17:01:24Z,,26.920401,52.439,membership,Payment by membership account and/or membership card,USCPIE15694081*1
ChargePoint Network,,,15885251,15885251,TWICKENHAM SQ / HU - STATION 1,25520941,247,3345144141,2024-09-02T15:20:59Z,2024-09-02T15:37:25Z,,29.563999,117.35,membership,Payment by membership account and/or membership card,USCPIE15885251*1
ChargePoint Network,,,15836981,15836981,TOMBIGBEE / STATION 4,25462651,247,3356583751,2024-09-07T00:53:44Z,2024-09-07T01:14:26Z,,23.835699,71.676,credit_card_terminal,Payment via credit card or debit card terminal,USCPIE15836981*1
ChargePoint Network,,,13618361,13618361,MU / MUC PWRENG BLDG,26016751,3,3347606931,2024-09-03T17:52:56Z,2024-09-03T17:54:53Z,,0.000000,,membership,Payment by membership account and/or membership card,USCPIE13618361*1
ChargePoint Network,,,13606061,13606061,I24 EXIT11 / STATION 4 (RR),22992511,247,3395362601,2024-09-23T18:49:49Z,2024-09-23T18:51:23Z,,0.000000,0.0,credit_card_terminal,Payment via credit card or debit card terminal,USCPIE13606061*1
ChargePoint Network,,,15548181,15548181,DECATURDOWNTWN / STATION 2 (L),25119551,247,3400865061,2024-09-25T20:24:30Z,2024-09-25T20:52:23Z,,33.274700,75.648,other,Any other payment method not specified above. Additional description should be provided in Payment Method Description.,USCPIE15548181*1
ChargePoint Network,,,15885771,15885771,TWICKENHAM SQ / HU - STATION 4,25521581,247,3379307451,2024-09-16T23:47:13Z,2024-09-16T23:49:11Z,,0.000000,0.0,membership,Payment by membership account and/or membership card,USCPIE15885771*1
ChargePoint Network,,,1844191,1844191,CLW / MAIN ST,23050441,3,3403564331,2024-09-26T20:36:23Z,2024-09-26T22:06:57Z,,10.756973,7.1903,membership,Payment by membership account and/or membership card,USCPIE1844191*2
ChargePoint Network,,,8851921,8851921,7SPC / SEVIERVILLE DC1,15571271,207,3372838721,2024-09-13T21:48:46Z,2024-09-13T22:33:31Z,,41.632999,59.674,membership,Payment by membership account and/or membership card,USCPIE8851921*1
ChargePoint Network,,,5354011,5354011,7SPC / GREENEVILLE TA,8936791,207,3392381391,2024-09-22T05:22:03Z,2024-09-22T05:44:50Z,,20.612700,56.132,membership,Payment by membership account and/or membership card,USCPIE5354011*1
ChargePoint Network,,,5565241,5565241,7SPC / SCES LECONTE 4,9205111,3,3347179241,2024-09-03T15:15:59Z,2024-09-03T16:27:49Z,,4.451605,3.7508,membership,Payment by membership account and/or membership card,USCPIE5565241*2
ChargePoint Network,,,15836871,15836871,TOMBIGBEE / STATION 3,25462501,247,3383979231,2024-09-18T19:50:55Z,2024-09-18T20:19:11Z,,32.435799,74.283,membership,Payment by membership account and/or membership card,USCPIE15836871*1
ChargePoint Network,,,13664471,13664471,BTES / STATION 3 (RM),23060511,247,3405245961,2024-09-27T14:44:41Z,2024-09-27T15:00:36Z,,15.449700,61.38,membership,Payment by membership account and/or membership card,USCPIE13664471*1
ChargePoint Network,,,15836871,15836871,TOMBIGBEE / STATION 3,25462501,247,3351143891,2024-09-04T23:55:53Z,2024-09-05T00:09:40Z,,15.758900,71.116,membership,Payment by membership account and/or membership card,USCPIE15836871*1
ChargePoint Network,,,14047321,14047321,JEFFERSON AVE. / OXFORD STA2(R),23514081,100011,3408924791,2024-09-29T03:41:29Z,2024-09-29T03:47:42Z,,2.151900,24.684,membership,Payment by membership account and/or membership card,USCPIE14047321*1
ChargePoint Network,,,13659831,13659831,LAWRENCEBURG / STATION 1 (L),23054881,247,3381228111,2024-09-17T19:18:17Z,2024-09-17T19:35:38Z,,17.687700,68.403,membership,Payment by membership account and/or membership card,USCPIE13659831*1
ChargePoint Network,,,15836871,15836871,TOMBIGBEE / STATION 3,25462501,247,3369225621,2024-09-12T15:05:37Z,2024-09-12T15:32:39Z,,44.430901,121.941,membership,Payment by membership account and/or membership card,USCPIE15836871*1
ChargePoint Network,,,5122191,5122191,CULLMANELECTRIC / STATION1-L,8482151,247,3405668661,2024-09-27T17:20:57Z,2024-09-27T17:52:50Z,,37.259899,73.232,membership,Payment by membership account and/or membership card,USCPIE5122191*1
ChargePoint Network,,,14047321,14047321,JEFFERSON AVE. / OXFORD STA2(R),23514081,247,3382225091,2024-09-18T02:03:42Z,2024-09-18T02:18:04Z,,15.437800,73.481,membership,Payment by membership account and/or membership card,USCPIE14047321*1
ChargePoint Network,,,15548151,15548151,DECATURDOWNTWN / STATION 1 (R),,,3344231501,2024-09-01T21:46:04Z,2024-09-01T21:48:13Z,,0.000000,0.0,membership,Payment by membership account and/or membership card,USCPIE15548151*0
ChargePoint Network,,,15729991,15729991,AEC / AEC03,25334171,3,3372074491,2024-09-13T16:21:34Z,2024-09-13T18:50:05Z,,17.767178,7.2282,membership,Payment by membership account and/or membership card,USCPIE15729991*1
ChargePoint Network,,,13664471,13664471,BTES / STATION 3 (RM),23060511,247,3357887611,2024-09-07T19:00:22Z,2024-09-07T19:29:35Z,,30.140499,74.111,membership,Payment by membership account and/or membership card,USCPIE13664471*1
ChargePoint Network,,,12406491,12406491,FPIA / LEFT STATION,21527781,247,3345829461,2024-09-02T22:38:36Z,2024-09-02T23:46:18Z,,72.866501,78.012,membership,Payment by membership account and/or membership card,USCPIE12406491*1
ChargePoint Network,,,12406491,12406491,FPIA / LEFT STATION,21527781,247,3381536521,2024-09-17T21:23:54Z,2024-09-17T21:36:50Z,,16.592501,84.15,credit_card_terminal,Payment via credit card or debit card terminal,USCPIE12406491*1
ChargePoint Network,,,12460751,12460751,PES / LEFT STATION,22360171,215,3381343351,2024-09-17T20:04:52Z,2024-09-18T13:30:13Z,,27.538799,7.7211,membership,Payment by membership account and/or membership card,USCPIE12460751*1
ChargePoint Network,,,15548151,15548151,DECATURDOWNTWN / STATION 1 (R),25119511,247,3345286201,2024-09-02T16:59:24Z,2024-09-02T17:24:40Z,,17.292400,49.599,membership,Payment by membership account and/or membership card,USCPIE15548151*1
ChargePoint Network,,,15885791,15885791,TWICKENHAM SQ / HU - STATION 3,25521611,247,3389104171,2024-09-20T18:21:25Z,2024-09-20T18:53:25Z,,30.545500,73.853,membership,Payment by membership account and/or membership card,USCPIE15885791*1
ChargePoint Network,,,15885771,15885771,TWICKENHAM SQ / HU - STATION 4,25521581,247,3389962981,2024-09-21T00:33:12Z,2024-09-21T00:47:23Z,,15.399800,70.755,membership,Payment by membership account and/or membership card,USCPIE15885771*1
ChargePoint Network,,,5565191,5565191,7SPC / DOLLYWOOD EMPL,9205041,3,3368852931,2024-09-12T12:26:52Z,2024-09-12T21:02:19Z,,40.179569,6.9912,credit_card_terminal,Payment via credit card or debit card terminal,USCPIE5565191*2
ChargePoint Network,,,12406491,12406491,FPIA / LEFT STATION,21527781,247,3374747581,2024-09-14T20:45:42Z,2024-09-14T21:08:17Z,,18.133200,61.229,membership,Payment by membership account and/or membership card,USCPIE12406491*1
ChargePoint Network,,,5122191,5122191,CULLMANELECTRIC / STATION1-L,8482151,247,3393136631,2024-09-22T19:30:39Z,2024-09-22T20:00:23Z,,32.550301,71.477,membership,Payment by membership account and/or membership card,USCPIE5122191*1
ChargePoint Network,,,5625391,5625391,7SPC / VEC JAMESTOWN,9280961,3,3350351151,2024-09-04T18:38:58Z,2024-09-04T22:09:39Z,,26.306557,7.6012,membership,Payment by membership account and/or membership card,USCPIE5625391*1
ChargePoint Network,,,13861861,13861861,BRMEMC / STATION 1,23296281,247,3346323061,2024-09-03T03:17:27Z,2024-09-03T03:45:48Z,,37.515301,85.694,credit_card_terminal,Payment via credit card or debit card terminal,USCPIE13861861*1
ChargePoint Network,,,15885791,15885791,TWICKENHAM SQ / HU - STATION 3,25521611,247,3392651111,2024-09-22T14:11:54Z,2024-09-22T14:28:43Z,,12.296400,75.143,credit_card_terminal,Payment via credit card or debit card terminal,USCPIE15885791*1
ChargePoint Network,,,5122191,5122191,CULLMANELECTRIC / STATION1-L,8482151,247,3393262411,2024-09-22T20:39:16Z,2024-09-22T21:31:41Z,,52.262001,65.403,membership,Payment by membership account and/or membership card,USCPIE5122191*1
ChargePoint Network,,,16093871,16093871,BCES / STATION 2 (R),25770751,247,3369204701,2024-09-12T14:59:26Z,2024-09-12T15:35:22Z,,20.197399,74.8,membership,Payment by membership account and/or membership card,USCPIE16093871*1
ChargePoint Network,,,13026471,13026471,WCMES / CITYHALL2-R,22328331,247,3350658001,2024-09-04T20:44:01Z,2024-09-04T22:04:17Z,,43.985401,72.519,membership,Payment by membership account and/or membership card,USCPIE13026471*1
ChargePoint Network,,,5625391,5625391,7SPC / VEC JAMESTOWN,9280961,3,3385607611,2024-09-19T12:54:57Z,2024-09-19T16:06:23Z,,23.825598,7.571,membership,Payment by membership account and/or membership card,USCPIE5625391*1
ChargePoint Network,,,15836871,15836871,TOMBIGBEE / STATION 3,25462501,247,3377171721,2024-09-16T02:48:05Z,2024-09-16T03:22:50Z,,24.556999,53.279,credit_card_terminal,Payment via credit card or debit card terminal,USCPIE15836871*1
ChargePoint Network,,,15332351,15332351,TUA NW ATLANTIC / STATION 2 (R),24867891,100011,3408060681,2024-09-28T19:37:48Z,2024-09-28T20:16:22Z,,4.672900,28.469,membership,Payment by membership account and/or membership card,USCPIE15332351*1
ChargePoint Network,,,15729991,15729991,AEC / AEC03,25334171,3,3347953331,2024-09-03T20:20:04Z,2024-09-03T21:13:26Z,,6.417589,7.2913,membership,Payment by membership account and/or membership card,USCPIE15729991*1
ChargePoint Network,,,1933211,1933211,BRIGHTRIDGE EV / BR-JONESBOROUGH,2283631,3,3408391141,2024-09-28T22:35:58Z,2024-09-28T23:51:56Z,,7.910724,6.2983,membership,Payment by membership account and/or membership card,USCPIE1933211*1
ChargePoint Network,,,8851921,8851921,7SPC / SEVIERVILLE DC1,15571271,207,3376146331,2024-09-15T17:16:49Z,2024-09-15T17:35:04Z,,15.311400,54.02,membership,Payment by membership account and/or membership card,USCPIE8851921*1
ChargePoint Network,,,7505851,7505851,JEFFERSON AVE. / OXFORD STA1(L),12955471,247,3407708481,2024-09-28T16:25:33Z,2024-09-28T16:46:34Z,,18.618000,63.557,membership,Payment by membership account and/or membership card,USCPIE7505851*1
ChargePoint Network,,,13966051,13966051,BEA / STATION 3 (RM),23419981,247,3375259991,2024-09-15T01:21:31Z,2024-09-15T02:25:00Z,,65.581100,74.86,membership,Payment by membership account and/or membership card,USCPIE13966051*1
ChargePoint Network,,,15640171,15640171,NECDC / STATION 2 (R),25228711,247,3356818001,2024-09-07T02:55:13Z,2024-09-07T03:01:37Z,,7.136700,72.72,credit_card_terminal,Payment via credit card or debit card terminal,USCPIE15640171*1
ChargePoint Network,,,15694081,15694081,BRIGHTRIDGE EV / STATION 2 (R),,,3345231081,2024-09-02T16:24:00Z,2024-09-02T16:26:01Z,,0.000000,0.0,membership,Payment by membership account and/or membership card,USCPIE15694081*0
ChargePoint Network,,,15623211,15623211,CLW / 5TH ST 2 (R),25208281,247,3369747031,2024-09-12T18:18:14Z,2024-09-12T18:24:35Z,,7.202800,0.0,membership,Payment by membership account and/or membership card,USCPIE15623211*1
ChargePoint Network,,,15694081,15694081,BRIGHTRIDGE EV / STATION 2 (R),,,3357445551,2024-09-07T14:36:40Z,2024-09-07T14:38:42Z,,0.000000,,membership,Payment by membership account and/or membership card,USCPIE15694081*0
ChargePoint Network,,,15729991,15729991,AEC / AEC03,25334181,3,3372325521,2024-09-13T18:11:47Z,2024-09-13T19:13:32Z,,6.273981,6.5882,membership,Payment by membership account and/or membership card,USCPIE15729991*2
ChargePoint Network,,,15548151,15548151,DECATURDOWNTWN / STATION 1 (R),25119511,100011,3384395681,2024-09-18T22:37:31Z,2024-09-18T22:46:11Z,,5.390800,47.625,membership,Payment by membership account and/or membership card,USCPIE15548151*1
ChargePoint Network,,,13423691,13423691,AEC / STATION #1 (L),22787121,247,3391099071,2024-09-21T17:02:03Z,2024-09-21T18:09:49Z,,61.385700,65.267,credit_card_terminal,Payment via credit card or debit card terminal,USCPIE13423691*1
ChargePoint Network,,,16249951,16249951,STARKVILLE UTIL / STATION 2 (R),25959201,247,3389302241,2024-09-20T19:46:50Z,2024-09-20T20:15:36Z,,30.426399,78.008,membership,Payment by membership account and/or membership card,USCPIE16249951*1
ChargePoint Network,,,5565241,5565241,7SPC / SCES LECONTE 4,9205111,3,3362991381,2024-09-10T02:31:11Z,2024-09-10T03:50:14Z,,4.194427,3.7414,membership,Payment by membership account and/or membership card,USCPIE5565241*2
ChargePoint Network,,,13966051,13966051,BEA / STATION 3 (RM),23419981,247,3390052361,2024-09-21T01:11:30Z,2024-09-21T02:43:25Z,,74.007401,74.872,membership,Payment by membership account and/or membership card,USCPIE13966051*1
ChargePoint Network,,,14097801,14097801,SCOTTSBORO EPB / SEPB DCFC (L),23570921,247,3409755811,2024-09-29T18:58:24Z,2024-09-29T19:34:12Z,,46.827900,114.389,membership,Payment by membership account and/or membership card,USCPIE14097801*1
ChargePoint Network,,,12406401,12406401,FPIA / RIGHT STATION,21527671,247,3409232451,2024-09-29T12:06:22Z,2024-09-29T12:17:48Z,,13.166000,72.435,membership,Payment by membership account and/or membership card,USCPIE12406401*1
ChargePoint Network,,,5346231,5346231,CULLMANELECTRIC / STATION2-R,8926271,247,3367223831,2024-09-11T19:18:09Z,2024-09-11T19:31:41Z,,10.473600,53.131,membership,Payment by membership account and/or membership card,USCPIE5346231*1
ChargePoint Network,,,15694081,15694081,BRIGHTRIDGE EV / STATION 2 (R),25291921,247,3359788031,2024-09-08T20:27:59Z,2024-09-08T20:43:01Z,,5.196700,30.455,credit_card_terminal,Payment via credit card or debit card terminal,USCPIE15694081*1
ChargePoint Network,,,9677521,9677521,UT PARKING / S7 STATION 1,17169341,3,3373925781,2024-09-14T11:17:03Z,2024-09-14T20:24:30Z,,62.535278,7.1521,membership,Payment by membership account and/or membership card,USCPIE9677521*2
ChargePoint Network,,,5363211,5363211,HARTSELLE 1 / HARTSELLE 1,23427581,3,3348022391,2024-09-03T20:48:33Z,2024-09-03T21:37:33Z,,5.761628,7.2332,membership,Payment by membership account and/or membership card,USCPIE5363211*2
ChargePoint Network,,,1988061,1988061,7SPC / SCES DOLLYWOOD,25499841,3,3359196981,2024-09-08T14:02:37Z,2024-09-08T17:23:53Z,,11.037127,7.2549,membership,Payment by membership account and/or membership card,USCPIE1988061*2
ChargePoint Network,,,13606061,13606061,I24 EXIT11 / STATION 4 (RR),22992511,247,3381765661,2024-09-17T22:54:22Z,2024-09-17T23:33:05Z,,45.561401,78.008,credit_card_terminal,Payment via credit card or debit card terminal,USCPIE13606061*1
ChargePoint Network,,,13606061,13606061,I24 EXIT11 / STATION 4 (RR),22992511,247,3362598111,2024-09-09T23:31:02Z,2024-09-09T23:47:53Z,,29.208700,113.959,credit_card_terminal,Payment via credit card or debit card terminal,USCPIE13606061*1
ChargePoint Network,,,13606091,13606091,I24 EXIT11 / STATION 3 (RM),22992551,247,3362238271,2024-09-09T21:05:59Z,2024-09-09T21:41:01Z,,27.429199,62.928,membership,Payment by membership account and/or membership card,USCPIE13606091*1
ChargePoint Network,,,16249821,16249821,STARKVILLE UTIL / STATION 1 (L),25959011,247,3389261401,2024-09-20T19:30:28Z,2024-09-20T19:31:17Z,,0.000000,0.0,membership,Payment by membership account and/or membership card,USCPIE16249821*1
ChargePoint Network,,,5122191,5122191,CULLMANELECTRIC / STATION1-L,8482151,247,3354669571,2024-09-06T10:23:59Z,2024-09-06T10:31:23Z,,5.339300,48.831,membership,Payment by membership account and/or membership card,USCPIE5122191*1
ChargePoint Network,,,8851921,8851921,7SPC / SEVIERVILLE DC1,15571271,207,3392143131,2024-09-22T02:33:59Z,2024-09-22T03:17:57Z,,39.702499,58.597,membership,Payment by membership account and/or membership card,USCPIE8851921*1
ChargePoint Network,,,13659831,13659831,LAWRENCEBURG / STATION 1 (L),23054881,247,3408160931,2024-09-28T20:31:41Z,2024-09-28T21:37:34Z,,68.272903,73.891,membership,Payment by membership account and/or membership card,USCPIE13659831*1
ChargePoint Network,,,15250771,15250771,SES-TN / STATION 1,,,3397695091,2024-09-24T16:45:30Z,2024-09-24T16:46:20Z,,0.000000,,membership,Payment by membership account and/or membership card,USCPIE15250771*0
ChargePoint Network,,,1964521,1964521,EBOFG / GUNTERSVILLE PD,8374211,3,3388934291,2024-09-20T17:03:26Z,2024-09-20T21:45:13Z,,8.654755,3.6924,membership,Payment by membership account and/or membership card,USCPIE1964521*2
ChargePoint Network,,,13643801,13643801,PEPA / STATION 2,23036481,247,3346604211,2024-09-03T10:37:30Z,2024-09-03T10:45:40Z,,8.795700,73.875,membership,Payment by membership account and/or membership card,USCPIE13643801*1
ChargePoint Network,,,16311861,16311861,KIMBALL EV CHG / STATION 2 (R),26032351,247,3395743151,2024-09-23T21:30:03Z,2024-09-23T21:46:26Z,,28.179800,123.845,membership,Payment by membership account and/or membership card,USCPIE16311861*1
ChargePoint Network,,,5466441,5466441,7SPC / NASA USSRC R,9079371,3,3366469711,2024-09-11T14:30:00Z,2024-09-12T01:16:13Z,,57.256123,6.1585,membership,Payment by membership account and/or membership card,USCPIE5466441*2
ChargePoint Network,,,7505851,7505851,JEFFERSON AVE. / OXFORD STA1(L),12955471,247,3401343501,2024-09-25T23:33:13Z,2024-09-26T00:23:29Z,,56.770500,72.101,membership,Payment by membership account and/or membership card,USCPIE7505851*1
ChargePoint Network,,,9677521,9677521,UT PARKING / S7 STATION 1,17169331,3,3363209301,2024-09-10T04:50:38Z,2024-09-10T04:52:38Z,,0.000000,0.0,membership,Payment by membership account and/or membership card,USCPIE9677521*1
ChargePoint Network,,,15742641,15742641,GEA-1 / STATION 2 (R),25349301,247,3409836711,2024-09-29T19:41:21Z,2024-09-29T19:44:12Z,,0.345700,0.0,credit_card_terminal,Payment via credit card or debit card terminal,USCPIE15742641*1
ChargePoint Network,,,15885771,15885771,TWICKENHAM SQ / HU - STATION 4,25521581,247,3391355541,2024-09-21T19:22:30Z,2024-09-21T20:27:41Z,,36.435299,54.464,credit_card_terminal,Payment via credit card or debit card terminal,USCPIE15885771*1
ChargePoint Network,,,13966031,13966031,BEA / STATION 4 (RR),23419961,100011,3389387231,2024-09-20T20:21:45Z,2024-09-20T22:26:12Z,,37.228199,22.257,membership,Payment by membership account and/or membership card,USCPIE13966031*1
ChargePoint Network,,,15885771,15885771,TWICKENHAM SQ / HU - STATION 4,25521581,247,3397350861,2024-09-24T14:57:07Z,2024-09-24T15:33:20Z,,45.252800,91.654,membership,Payment by membership account and/or membership card,USCPIE15885771*1
ChargePoint Network,,,13664401,13664401,BTES / STATION 1 (LL),23060421,247,3357763711,2024-09-07T17:51:31Z,2024-09-07T18:03:24Z,,7.551900,45.879,membership,Payment by membership account and/or membership card,USCPIE13664401*1
ChargePoint Network,,,14049761,14049761,PARIS BPU / STATION 2(R),23516951,247,3385142511,2024-09-19T04:13:53Z,2024-09-19T04:37:25Z,,26.240601,73.086,credit_card_terminal,Payment via credit card or debit card terminal,USCPIE14049761*1
ChargePoint Network,,,15548181,15548181,DECATURDOWNTWN / STATION 2 (L),25119551,247,3350729821,2024-09-04T21:13:28Z,2024-09-04T21:14:32Z,,0.000000,0.0,membership,Payment by membership account and/or membership card,USCPIE15548181*1
ChargePoint Network,,,13861861,13861861,BRMEMC / STATION 1,23296281,247,3405472971,2024-09-27T15:59:44Z,2024-09-27T16:15:26Z,,17.324499,71.931,membership,Payment by membership account and/or membership card,USCPIE13861861*1
ChargePoint Network,,,15836981,15836981,TOMBIGBEE / STATION 4,25462651,247,3345656341,2024-09-02T20:55:54Z,2024-09-02T21:53:54Z,,70.695900,121.941,membership,Payment by membership account and/or membership card,USCPIE15836981*1
ChargePoint Network,,,9677521,9677521,UT PARKING / S7 STATION 1,17169341,3,3353142471,2024-09-05T19:16:54Z,2024-09-05T21:47:53Z,,9.434205,3.7791,credit_card_terminal,Payment via credit card or debit card terminal,USCPIE9677521*2
ChargePoint Network,,,1964521,1964521,EBOFG / GUNTERSVILLE PD,8374211,3,3352169961,2024-09-05T12:56:31Z,2024-09-05T16:07:41Z,,6.821898,3.6847,membership,Payment by membership account and/or membership card,USCPIE1964521*2
ChargePoint Network,,,13861891,13861891,BRMEMC / STATION 2,23296321,247,3392647221,2024-09-22T14:08:05Z,2024-09-22T15:11:33Z,,84.029701,85.652,membership,Payment by membership account and/or membership card,USCPIE13861891*1
ChargePoint Network,,,8851921,8851921,7SPC / SEVIERVILLE DC1,15571271,207,3379251971,2024-09-16T23:23:47Z,2024-09-16T23:24:28Z,,0.000000,0.0,membership,Payment by membership account and/or membership card,USCPIE8851921*1
ChargePoint Network,,,7505851,7505851,JEFFERSON AVE. / OXFORD STA1(L),12955471,100011,3404490931,2024-09-27T03:10:39Z,2024-09-27T04:20:23Z,,23.569300,23.732,membership,Payment by membership account and/or membership card,USCPIE7505851*1
ChargePoint Network,,,12720861,12720861,WRECC / STATION 2,21977121,247,3394554681,2024-09-23T13:24:43Z,2024-09-23T13:38:58Z,,12.737800,74.972,membership,Payment by membership account and/or membership card,USCPIE12720861*1
ChargePoint Network,,,13659831,13659831,LAWRENCEBURG / STATION 1 (L),23054881,247,3393321021,2024-09-22T21:10:14Z,2024-09-22T21:37:52Z,,30.306299,72.496,credit_card_terminal,Payment via credit card or debit card terminal,USCPIE13659831*1
ChargePoint Network,,,5346231,5346231,CULLMANELECTRIC / STATION2-R,8926271,247,3360112931,2024-09-08T23:18:59Z,2024-09-09T00:20:25Z,,72.750999,93.177,phone_online,"Payment through mobile app, website, automated phone number or messaging system",USCPIE5346231*1
ChargePoint Network,,,7505851,7505851,JEFFERSON AVE. / OXFORD STA1(L),12955471,247,3391608721,2024-09-21T21:38:52Z,2024-09-21T23:12:20Z,,71.843102,59.2,membership,Payment by membership account and/or membership card,USCPIE7505851*1
ChargePoint Network,,,7505851,7505851,JEFFERSON AVE. / OXFORD STA1(L),12955471,247,3362342631,2024-09-09T21:49:23Z,2024-09-09T23:00:38Z,,56.052101,65.463,credit_card_terminal,Payment via credit card or debit card terminal,USCPIE7505851*1
ChargePoint Network,,,12676411,12676411,NEMEPA / NEMEPA CUSTOMER,21923891,3,3353608821,2024-09-05T22:20:11Z,2024-09-06T13:50:27Z,,83.642868,6.2073,membership,Payment by membership account and/or membership card,USCPIE12676411*1
ChargePoint Network,,,5122191,5122191,CULLMANELECTRIC / STATION1-L,8482151,247,3392978051,2024-09-22T18:02:12Z,2024-09-22T18:14:40Z,,12.010200,0.0,membership,Payment by membership account and/or membership card,USCPIE5122191*1
ChargePoint Network,,,5498461,5498461,7SPC / CFEC SPENCER,9119451,3,3385583921,2024-09-19T12:44:37Z,2024-09-19T13:17:09Z,,3.493098,6.5422,membership,Payment by membership account and/or membership card,USCPIE5498461*2
ChargePoint Network,,,15885151,15885151,TWICKENHAM SQ / HU - STATION 2,25520801,247,3398943351,2024-09-25T01:16:00Z,2024-09-25T01:17:28Z,,0.000000,0.0,membership,Payment by membership account and/or membership card,USCPIE15885151*1
ChargePoint Network,,,5565241,5565241,7SPC / SCES LECONTE 4,9205101,3,3399927211,2024-09-25T14:23:47Z,2024-09-25T19:59:19Z,,40.202965,7.262,credit_card_terminal,Payment via credit card or debit card terminal,USCPIE5565241*1
ChargePoint Network,,,13606061,13606061,I24 EXIT11 / STATION 4 (RR),,,3398301221,2024-09-24T21:02:54Z,2024-09-24T21:04:29Z,,0.000000,,membership,Payment by membership account and/or membership card,USCPIE13606061*0
ChargePoint Network,,,12720881,12720881,WRECC / STATION 1,21977141,247,3343680941,2024-09-01T17:04:07Z,2024-09-01T17:36:29Z,,29.953600,75.62,membership,Payment by membership account and/or membership card,USCPIE12720881*1
ChargePoint Network,,,15885791,15885791,TWICKENHAM SQ / HU - STATION 3,25521611,247,3343649301,2024-09-01T16:43:10Z,2024-09-01T16:55:16Z,,9.790500,40.507,membership,Payment by membership account and/or membership card,USCPIE15885791*1
ChargePoint Network,,,15623231,15623231,CLW / 5TH ST 1 (L),25208301,247,3345519501,2024-09-02T19:33:56Z,2024-09-02T20:27:44Z,,56.290100,76.435,membership,Payment by membership account and/or membership card,USCPIE15623231*1
ChargePoint Network,,,13966051,13966051,BEA / STATION 3 (RM),23419981,247,3390050341,2024-09-21T01:10:13Z,2024-09-21T01:11:07Z,,0.000000,0.0,membership,Payment by membership account and/or membership card,USCPIE13966051*1
ChargePoint Network,,,1844191,1844191,CLW / MAIN ST,23050431,3,3346476471,2024-09-03T05:25:43Z,2024-09-03T12:47:17Z,,32.146671,0.0,membership,Payment by membership account and/or membership card,USCPIE1844191*1
ChargePoint Network,,,15640171,15640171,NECDC / STATION 2 (R),25228711,247,3377542461,2024-09-16T11:01:35Z,2024-09-16T11:28:54Z,,29.408300,70.092,membership,Payment by membership account and/or membership card,USCPIE15640171*1
ChargePoint Network,,,1988061,1988061,7SPC / SCES DOLLYWOOD,25499841,3,3392642601,2024-09-22T14:03:05Z,2024-09-22T14:10:43Z,,0.319386,7.1332,membership,Payment by membership account and/or membership card,USCPIE1988061*2
ChargePoint Network,,,15548151,15548151,DECATURDOWNTWN / STATION 1 (R),25119511,247,3366990301,2024-09-11T17:31:25Z,2024-09-11T17:32:47Z,,0.000000,0.0,credit_card_terminal,Payment via credit card or debit card terminal,USCPIE15548151*1
ChargePoint Network,,,12406401,12406401,FPIA / RIGHT STATION,21527671,247,3344989631,2024-09-02T12:36:39Z,2024-09-02T12:38:50Z,,0.000000,0.0,membership,Payment by membership account and/or membership card,USCPIE12406401*1
ChargePoint Network,,,15738401,15738401,MES1 / STATION 2 (R),25344251,247,3410225371,2024-09-29T23:02:59Z,2024-09-29T23:27:54Z,,27.913601,75.041,membership,Payment by membership account and/or membership card,USCPIE15738401*1
ChargePoint Network,,,15623231,15623231,CLW / 5TH ST 1 (L),25208301,247,3391584551,2024-09-21T21:26:36Z,2024-09-21T22:05:58Z,,45.429001,76.435,membership,Payment by membership account and/or membership card,USCPIE15623231*1
ChargePoint Network,,,15684341,15684341,MLEC / STATION 2 (R) W,25280201,247,3376770891,2024-09-15T23:02:18Z,2024-09-15T23:38:04Z,,49.332500,84.942,membership,Payment by membership account and/or membership card,USCPIE15684341*1
ChargePoint Network,,,12754021,12754021,WCMES / CITYHALL1-L,22015241,247,3410044121,2024-09-29T21:33:47Z,2024-09-29T21:50:46Z,,28.406000,119.033,membership,Payment by membership account and/or membership card,USCPIE12754021*1
ChargePoint Network,,,15684341,15684341,MLEC / STATION 2 (R) W,25280201,247,3358426201,2024-09-07T23:54:28Z,2024-09-08T00:40:25Z,,40.323200,64.154,membership,Payment by membership account and/or membership card,USCPIE15684341*1
ChargePoint Network,,,16244751,16244751,TOMBIGBEE / STATION 1,,,3377600591,2024-09-16T11:48:30Z,2024-09-16T11:50:31Z,,0.000000,,other,Any other payment method not specified above. Additional description should be provided in Payment Method Description.,USCPIE16244751*0
ChargePoint Network,,,5122191,5122191,CULLMANELECTRIC / STATION1-L,,,3408072631,2024-09-28T19:42:28Z,2024-09-28T19:44:29Z,,0.000000,,membership,Payment by membership account and/or membership card,USCPIE5122191*0
ChargePoint Network,,,5354011,5354011,7SPC / GREENEVILLE TA,8936791,207,3347689931,2024-09-03T18:33:49Z,2024-09-03T19:17:32Z,,33.293999,59.597,membership,Payment by membership account and/or membership card,USCPIE5354011*1
ChargePoint Network,,,7505851,7505851,JEFFERSON AVE. / OXFORD STA1(L),12955471,100011,3407929331,2024-09-28T18:27:56Z,2024-09-28T18:48:34Z,,2.045900,17.643,membership,Payment by membership account and/or membership card,USCPIE7505851*1
ChargePoint Network,,,5565191,5565191,7SPC / DOLLYWOOD EMPL,9205041,3,3349586211,2024-09-04T13:43:12Z,2024-09-04T14:55:48Z,,4.480391,3.7782,membership,Payment by membership account and/or membership card,USCPIE5565191*2
ChargePoint Network,,,13606091,13606091,I24 EXIT11 / STATION 3 (RM),22992551,247,3352952711,2024-09-05T17:52:55Z,2024-09-05T18:15:35Z,,41.135201,118.11,credit_card_terminal,Payment via credit card or debit card terminal,USCPIE13606091*1
ChargePoint Network,,,1933211,1933211,BRIGHTRIDGE EV / BR-JONESBOROUGH,2283641,3,3389570741,2024-09-20T21:38:57Z,2024-09-20T22:36:43Z,,5.459280,5.8104,membership,Payment by membership account and/or membership card,USCPIE1933211*2
ChargePoint Network,,,16249821,16249821,STARKVILLE UTIL / STATION 1 (L),25959011,247,3403654371,2024-09-26T21:15:02Z,2024-09-26T21:27:28Z,,10.004200,0.0,membership,Payment by membership account and/or membership card,USCPIE16249821*1
ChargePoint Network,,,15885151,15885151,TWICKENHAM SQ / HU - STATION 2,25520801,247,3362669261,2024-09-10T00:00:20Z,2024-09-10T00:43:17Z,,28.467800,40.945,membership,Payment by membership account and/or membership card,USCPIE15885151*1
ChargePoint Network,,,15815141,15815141,GEA-1 / STATION 1 (L),25435121,247,3407621081,2024-09-28T15:31:53Z,2024-09-28T15:46:06Z,,9.158800,120.498,membership,Payment by membership account and/or membership card,USCPIE15815141*1
ChargePoint Network,,,5565241,5565241,7SPC / SCES LECONTE 4,9205111,3,3392899221,2024-09-22T17:14:04Z,2024-09-22T18:50:18Z,,10.922422,6.901,membership,Payment by membership account and/or membership card,USCPIE5565241*2
ChargePoint Network,,,5122191,5122191,CULLMANELECTRIC / STATION1-L,8482151,247,3360017401,2024-09-08T22:32:47Z,2024-09-08T22:41:43Z,,7.660900,0.0,membership,Payment by membership account and/or membership card,USCPIE5122191*1
ChargePoint Network,,,9677521,9677521,UT PARKING / S7 STATION 1,17169341,3,3400849881,2024-09-25T20:18:27Z,2024-09-26T01:27:28Z,,27.287437,7.1677,membership,Payment by membership account and/or membership card,USCPIE9677521*2
ChargePoint Network,,,16244751,16244751,TOMBIGBEE / STATION 1,25952971,247,3344920571,2024-09-02T04:43:21Z,2024-09-02T04:57:41Z,,19.440001,84.177,membership,Payment by membership account and/or membership card,USCPIE16244751*1
ChargePoint Network,,,5565291,5565291,7SPC / SCES LECONTE 1,9205191,3,3391366631,2024-09-21T19:28:10Z,2024-09-21T21:19:51Z,,6.479422,3.7614,credit_card_terminal,Payment via credit card or debit card terminal,USCPIE5565291*1
ChargePoint Network,,,16022101,16022101,ACEPA / ACE STATION 2,25683761,247,3348405251,2024-09-03T23:17:53Z,2024-09-04T01:26:48Z,,79.852699,82.367,credit_card_terminal,Payment via credit card or debit card terminal,USCPIE16022101*1
ChargePoint Network,,,15332321,15332321,TUA NW ATLANTIC / STATION 1 (L),24867861,247,3395796821,2024-09-23T21:51:15Z,2024-09-23T22:12:26Z,,20.936100,72.666,membership,Payment by membership account and/or membership card,USCPIE15332321*1
ChargePoint Network,,,1988141,1988141,7SPC / SCES DREAM MORE,2355571,3,3365506841,2024-09-11T01:24:31Z,2024-09-11T03:48:11Z,,17.127106,7.2565,membership,Payment by membership account and/or membership card,USCPIE1988141*2
ChargePoint Network,,,5466441,5466441,7SPC / NASA USSRC R,9079361,3,3359877151,2024-09-08T21:16:03Z,2024-09-08T21:49:09Z,,3.263061,6.0963,membership,Payment by membership account and/or membership card,USCPIE5466441*1
ChargePoint Network,,,15548151,15548151,DECATURDOWNTWN / STATION 1 (R),25119511,247,3383854441,2024-09-18T18:59:54Z,2024-09-18T19:17:59Z,,16.527800,59.493,membership,Payment by membership account and/or membership card,USCPIE15548151*1
ChargePoint Network,,,16244751,16244751,TOMBIGBEE / STATION 1,25952971,247,3389194011,2024-09-20T19:01:46Z,2024-09-20T19:39:49Z,,42.635601,75.45,credit_card_terminal,Payment via credit card or debit card terminal,USCPIE16244751*1
ChargePoint Network,,,14337501,14337501,HOLSTONELECTRIC / CHURCH HILL-2,23845091,247,3403968451,2024-09-26T23:20:30Z,2024-09-26T23:52:13Z,,38.008801,74.37,membership,Payment by membership account and/or membership card,USCPIE14337501*1
ChargePoint Network,,,14359531,14359531,EBOFG / STATION 2 (R),23870331,247,3346004111,2024-09-03T00:17:36Z,2024-09-03T11:20:36Z,,69.793404,60.294,credit_card_terminal,Payment via credit card or debit card terminal,USCPIE14359531*1
ChargePoint Network,,,16372091,16372091,DOWNTOWN MURPHY / MPB STATION 2,26102611,247,3390815631,2024-09-21T13:55:22Z,2024-09-21T14:52:34Z,,27.028999,47.231,membership,Payment by membership account and/or membership card,USCPIE16372091*1
ChargePoint Network,,,15885771,15885771,TWICKENHAM SQ / HU - STATION 4,25521581,247,3383235871,2024-09-18T15:01:55Z,2024-09-18T16:14:48Z,,73.421204,74.48,membership,Payment by membership account and/or membership card,USCPIE15885771*1
ChargePoint Network,,,12676411,12676411,NEMEPA / NEMEPA CUSTOMER,21923901,3,3409396131,2024-09-29T15:14:55Z,2024-09-29T15:19:09Z,,0.210485,3.3036,membership,Payment by membership account and/or membership card,USCPIE12676411*2
ChargePoint Network,,,15885251,15885251,TWICKENHAM SQ / HU - STATION 1,25520941,247,3389601551,2024-09-20T21:52:21Z,2024-09-20T22:07:09Z,,17.281500,82.711,membership,Payment by membership account and/or membership card,USCPIE15885251*1
ChargePoint Network,,,15640171,15640171,NECDC / STATION 2 (R),25228711,247,3346853051,2024-09-03T13:09:39Z,2024-09-03T13:10:37Z,,0.000000,0.0,credit_card_terminal,Payment via credit card or debit card terminal,USCPIE15640171*1
ChargePoint Network,,,14097711,14097711,SCOTTSBORO EPB / SEPB DCFC (R),23570811,247,3350080491,2024-09-04T16:33:34Z,2024-09-04T17:45:49Z,,78.035103,107.099,membership,Payment by membership account and/or membership card,USCPIE14097711*1
ChargePoint Network,,,8851921,8851921,7SPC / SEVIERVILLE DC1,15571271,207,3346735811,2024-09-03T12:14:37Z,2024-09-03T13:47:40Z,,55.532398,59.669,membership,Payment by membership account and/or membership card,USCPIE8851921*1
ChargePoint Network,,,682921,682921,7SPC / TVPPA OFFICE,9117251,3,3343972641,2024-09-01T20:10:22Z,2024-09-02T02:50:24Z,,41.537373,6.2742,credit_card_terminal,Payment via credit card or debit card terminal,USCPIE682921*1
ChargePoint Network,,,15623231,15623231,CLW / 5TH ST 1 (L),25208301,247,3378907331,2024-09-16T21:02:03Z,2024-09-16T21:11:09Z,,7.005500,0.0,membership,Payment by membership account and/or membership card,USCPIE15623231*1
ChargePoint Network,,,14047321,14047321,JEFFERSON AVE. / OXFORD STA2(R),23514081,100011,3370002441,2024-09-12T20:05:03Z,2024-09-12T20:27:21Z,,4.503500,33.575,membership,Payment by membership account and/or membership card,USCPIE14047321*1
ChargePoint Network,,,12406401,12406401,FPIA / RIGHT STATION,21527671,247,3400395101,2024-09-25T17:01:05Z,2024-09-25T17:30:12Z,,31.405001,75.655,credit_card_terminal,Payment via credit card or debit card terminal,USCPIE12406401*1
ChargePoint Network,,,13659871,13659871,LAWRENCEBURG / STATION 2 (R),23054921,247,3394514131,2024-09-23T13:04:43Z,2024-09-23T13:38:15Z,,33.875801,75.855,membership,Payment by membership account and/or membership card,USCPIE13659871*1
ChargePoint Network,,,14047321,14047321,JEFFERSON AVE. / OXFORD STA2(R),23514081,247,3390752391,2024-09-21T12:55:19Z,2024-09-21T14:10:17Z,,75.123497,61.74,membership,Payment by membership account and/or membership card,USCPIE14047321*1
ChargePoint Network,,,13164881,13164881,BTES / STATION 2 (LM),22491051,247,3402139471,2024-09-26T08:42:37Z,2024-09-26T08:51:51Z,,16.386600,112.529,other,Any other payment method not specified above. Additional description should be provided in Payment Method Description.,USCPIE13164881*1
ChargePoint Network,,,15250701,15250701,SES-TN / STATION 2,,,3403719111,2024-09-26T21:41:12Z,2024-09-26T21:41:29Z,,0.000000,,membership,Payment by membership account and/or membership card,USCPIE15250701*0
ChargePoint Network,,,5354011,5354011,7SPC / GREENEVILLE TA,8936791,207,3388603171,2024-09-20T15:08:07Z,2024-09-20T15:36:56Z,,21.211700,59.905,membership,Payment by membership account and/or membership card,USCPIE5354011*1
ChargePoint Network,,,7505851,7505851,JEFFERSON AVE. / OXFORD STA1(L),12955471,247,3406294071,2024-09-27T21:56:20Z,2024-09-27T22:19:57Z,,30.664000,82.386,membership,Payment by membership account and/or membership card,USCPIE7505851*1
ChargePoint Network,,,5625391,5625391,7SPC / VEC JAMESTOWN,9280961,3,3383678491,2024-09-18T17:38:41Z,2024-09-18T18:24:58Z,,5.760824,7.5644,membership,Payment by membership account and/or membership card,USCPIE5625391*1
ChargePoint Network,,,15694171,15694171,BRIGHTRIDGE EV / STATION 1 (L),25292041,247,3360835151,2024-09-09T10:50:53Z,2024-09-09T11:38:02Z,,45.684601,122.76,membership,Payment by membership account and/or membership card,USCPIE15694171*1
ChargePoint Network,,,1844191,1844191,CLW / MAIN ST,23050441,3,3407953111,2024-09-28T18:41:05Z,2024-09-28T20:16:09Z,,11.432791,7.2853,membership,Payment by membership account and/or membership card,USCPIE1844191*2
ChargePoint Network,,,14047321,14047321,JEFFERSON AVE. / OXFORD STA2(R),,,3345926541,2024-09-02T23:31:39Z,2024-09-02T23:33:39Z,,0.000000,,other,Any other payment method not specified above. Additional description should be provided in Payment Method Description.,USCPIE14047321*0
ChargePoint Network,,,13643831,13643831,PEPA / STATION 1,23036511,247,3388783951,2024-09-20T16:04:08Z,2024-09-20T17:07:02Z,,73.177498,118.426,credit_card_terminal,Payment via credit card or debit card terminal,USCPIE13643831*1
ChargePoint Network,,,13861861,13861861,BRMEMC / STATION 1,23296281,247,3371803551,2024-09-13T14:50:55Z,2024-09-13T16:30:57Z,,79.744102,74.099,membership,Payment by membership account and/or membership card,USCPIE13861861*1
ChargePoint Network,,,13880891,13880891,MU / MUC MAIN OFFICE,23319021,3,3400724201,2024-09-25T18:25:19Z,2024-09-25T19:02:07Z,,2.909753,7.3783,membership,Payment by membership account and/or membership card,USCPIE13880891*2
ChargePoint Network,,,15555831,15555831,FPU / STATION 2 (R),25128511,247,3390426841,2024-09-21T04:27:17Z,2024-09-21T05:31:36Z,,48.454399,54.316,membership,Payment by membership account and/or membership card,USCPIE15555831*1
ChargePoint Network,,,15885771,15885771,TWICKENHAM SQ / HU - STATION 4,,,3381803421,2024-09-17T23:05:49Z,2024-09-17T23:07:50Z,,0.000000,,membership,Payment by membership account and/or membership card,USCPIE15885771*0
ChargePoint Network,,,13606061,13606061,I24 EXIT11 / STATION 4 (RR),22992511,247,3342840961,2024-09-01T01:05:04Z,2024-09-01T01:38:06Z,,38.623600,77.223,membership,Payment by membership account and/or membership card,USCPIE13606061*1
ChargePoint Network,,,16372091,16372091,DOWNTOWN MURPHY / MPB STATION 2,26102611,100011,3392914411,2024-09-22T17:23:26Z,2024-09-22T17:23:46Z,,0.000000,0.0,membership,Payment by membership account and/or membership card,USCPIE16372091*1
ChargePoint Network,,,14097801,14097801,SCOTTSBORO EPB / SEPB DCFC (L),23570921,247,3407663471,2024-09-28T15:59:00Z,2024-09-28T16:13:04Z,,17.837000,81.204,credit_card_terminal,Payment via credit card or debit card terminal,USCPIE14097801*1
ChargePoint Network,,,5346231,5346231,CULLMANELECTRIC / STATION2-R,8926271,247,3359662991,2024-09-08T19:17:07Z,2024-09-08T19:17:44Z,,0.000000,0.0,membership,Payment by membership account and/or membership card,USCPIE5346231*1
ChargePoint Network,,,15250701,15250701,SES-TN / STATION 2,,,3403721651,2024-09-26T21:42:17Z,2024-09-26T21:42:28Z,,0.000000,,membership,Payment by membership account and/or membership card,USCPIE15250701*0
ChargePoint Network,,,14047321,14047321,JEFFERSON AVE. / OXFORD STA2(R),23514081,100011,3369995461,2024-09-12T20:02:11Z,2024-09-12T20:04:45Z,,0.000000,0.0,membership,Payment by membership account and/or membership card,USCPIE14047321*1
ChargePoint Network,,,13861891,13861891,BRMEMC / STATION 2,23296321,247,3382657271,2024-09-18T09:27:35Z,2024-09-18T10:10:30Z,,41.757401,75.068,roaming,Payment via roaming partners,USCPIE13861891*1
ChargePoint Network,,,7505851,7505851,JEFFERSON AVE. / OXFORD STA1(L),12955471,247,3388758941,2024-09-20T15:56:21Z,2024-09-20T16:25:28Z,,34.896301,89.152,membership,Payment by membership account and/or membership card,USCPIE7505851*1
ChargePoint Network,,,12406401,12406401,FPIA / RIGHT STATION,21527671,247,3360238931,2024-09-09T00:21:17Z,2024-09-09T00:44:11Z,,29.372801,78.208,membership,Payment by membership account and/or membership card,USCPIE12406401*1
ChargePoint Network,,,1988141,1988141,7SPC / SCES DREAM MORE,2355571,3,3385449911,2024-09-19T11:32:42Z,2024-09-19T21:46:49Z,,54.248581,7.1284,membership,Payment by membership account and/or membership card,USCPIE1988141*2
ChargePoint Network,,,8851921,8851921,7SPC / SEVIERVILLE DC1,15571271,207,3376188181,2024-09-15T17:42:49Z,2024-09-15T18:09:51Z,,24.070700,57.287,membership,Payment by membership account and/or membership card,USCPIE8851921*1
ChargePoint Network,,,12720861,12720861,WRECC / STATION 2,21977121,247,3368235701,2024-09-12T02:11:18Z,2024-09-12T02:30:20Z,,22.127199,88.8,membership,Payment by membership account and/or membership card,USCPIE12720861*1
ChargePoint Network,,,15836981,15836981,TOMBIGBEE / STATION 4,25462651,247,3384731261,2024-09-19T00:54:44Z,2024-09-19T02:04:47Z,,44.888401,74.86,membership,Payment by membership account and/or membership card,USCPIE15836981*1
ChargePoint Network,,,15694081,15694081,BRIGHTRIDGE EV / STATION 2 (R),,,3384362241,2024-09-18T22:23:09Z,2024-09-18T22:24:15Z,,0.000000,,credit_card_terminal,Payment via credit card or debit card terminal,USCPIE15694081*0
ChargePoint Network,,,15694081,15694081,BRIGHTRIDGE EV / STATION 2 (R),25291921,247,3409376441,2024-09-29T14:57:55Z,2024-09-29T15:02:18Z,,0.000000,0.0,credit_card_terminal,Payment via credit card or debit card terminal,USCPIE15694081*1
ChargePoint Network,,,15640171,15640171,NECDC / STATION 2 (R),25228711,247,3342741341,2024-09-01T00:04:30Z,2024-09-01T00:05:40Z,,0.000000,0.0,credit_card_terminal,Payment via credit card or debit card terminal,USCPIE15640171*1
ChargePoint Network,,,15623231,15623231,CLW / 5TH ST 1 (L),25208301,247,3362089021,2024-09-09T20:01:37Z,2024-09-09T20:41:00Z,,42.649200,76.241,membership,Payment by membership account and/or membership card,USCPIE15623231*1
ChargePoint Network,,,15250771,15250771,SES-TN / STATION 1,24772691,247,3409739201,2024-09-29T18:49:22Z,2024-09-29T19:38:35Z,,18.677099,50.125,membership,Payment by membership account and/or membership card,USCPIE15250771*1
ChargePoint Network,,,15260241,15260241,STEMC / STATION 1 (L) A,24784071,247,3395189391,2024-09-23T17:25:59Z,2024-09-23T19:00:30Z,,56.163601,54.682,other,Any other payment method not specified above. Additional description should be provided in Payment Method Description.,USCPIE15260241*1
ChargePoint Network,,,5122191,5122191,CULLMANELECTRIC / STATION1-L,8482151,247,3358470911,2024-09-08T00:18:32Z,2024-09-08T00:38:55Z,,26.851500,85.931,membership,Payment by membership account and/or membership card,USCPIE5122191*1
ChargePoint Network,,,16244751,16244751,TOMBIGBEE / STATION 1,25952971,247,3409399001,2024-09-29T15:16:58Z,2024-09-29T15:57:48Z,,62.923100,122.737,credit_card_terminal,Payment via credit card or debit card terminal,USCPIE16244751*1
ChargePoint Network,,,5565241,5565241,7SPC / SCES LECONTE 4,9205101,3,3397179761,2024-09-24T13:50:02Z,2024-09-24T17:56:45Z,,29.330898,7.2475,membership,Payment by membership account and/or membership card,USCPIE5565241*1
ChargePoint Network,,,16244681,16244681,TOMBIGBEE / STATION 2,25952901,247,3373217271,2024-09-14T00:37:39Z,2024-09-14T01:27:43Z,,49.363899,75.056,membership,Payment by membership account and/or membership card,USCPIE16244681*1
ChargePoint Network,,,5346231,5346231,CULLMANELECTRIC / STATION2-R,8926271,100011,3376436381,2024-09-15T20:09:57Z,2024-09-15T20:33:33Z,,11.394400,53.405,membership,Payment by membership account and/or membership card,USCPIE5346231*1
ChargePoint Network,,,12720861,12720861,WRECC / STATION 2,21977121,247,3345761081,2024-09-02T21:56:35Z,2024-09-02T23:05:01Z,,56.128300,73.061,credit_card_terminal,Payment via credit card or debit card terminal,USCPIE12720861*1
ChargePoint Network,,,15836871,15836871,TOMBIGBEE / STATION 3,25462501,247,3375745601,2024-09-15T09:27:35Z,2024-09-15T09:43:34Z,,12.944000,55.334,membership,Payment by membership account and/or membership card,USCPIE15836871*1
ChargePoint Network,,,12720881,12720881,WRECC / STATION 1,21977141,247,3397174921,2024-09-24T13:47:36Z,2024-09-24T14:28:20Z,,38.341099,75.4,membership,Payment by membership account and/or membership card,USCPIE12720881*1
ChargePoint Network,,,16093871,16093871,BCES / STATION 1 (L),25770751,100011,3384535101,2024-09-18T23:31:39Z,2024-09-18T23:51:02Z,,3.417100,29.563,credit_card_terminal,Payment via credit card or debit card terminal,USCPIE16093871*1
ChargePoint Network,,,14047321,14047321,JEFFERSON AVE. / OXFORD STA2(R),23514081,247,3390198451,2024-09-21T02:14:17Z,2024-09-21T06:00:15Z,,0.714300,55.955,membership,Payment by membership account and/or membership card,USCPIE14047321*1
ChargePoint Network,,,15548151,15548151,DECATURDOWNTWN / STATION 1 (R),25119511,100011,3393119491,2024-09-22T19:21:02Z,2024-09-22T19:43:33Z,,13.383700,48.0,membership,Payment by membership account and/or membership card,USCPIE15548151*1
ChargePoint Network,,,14097801,14097801,SCOTTSBORO EPB / SEPB DCFC (L),23570921,247,3342784321,2024-09-01T00:31:16Z,2024-09-01T00:49:56Z,,23.131300,79.991,membership,Payment by membership account and/or membership card,USCPIE14097801*1
ChargePoint Network,,,15885151,15885151,TWICKENHAM SQ / HU - STATION 2,25520801,247,3392224831,2024-09-22T03:26:40Z,2024-09-22T03:47:06Z,,38.106300,120.105,membership,Payment by membership account and/or membership card,USCPIE15885151*1
ChargePoint Network,,,5466441,5466441,7SPC / NASA USSRC R,9079361,3,3389038031,2024-09-20T17:48:40Z,2024-09-20T17:50:39Z,,0.000000,0.0,membership,Payment by membership account and/or membership card,USCPIE5466441*1
ChargePoint Network,,,15332351,15332351,TUA NW ATLANTIC / STATION 2 (R),24867891,100011,3356707191,2024-09-07T01:53:22Z,2024-09-07T02:22:20Z,,5.499700,47.279,membership,Payment by membership account and/or membership card,USCPIE15332351*1
ChargePoint Network,,,13966811,13966811,BEA / STATION 2 (LM),23420881,247,3367085431,2024-09-11T18:17:13Z,2024-09-11T18:25:02Z,,9.318000,0.0,membership,Payment by membership account and/or membership card,USCPIE13966811*1
ChargePoint Network,,,13861891,13861891,BRMEMC / STATION 2,23296321,247,3391754031,2024-09-21T22:57:18Z,2024-09-21T23:21:06Z,,42.065800,118.574,credit_card_terminal,Payment via credit card or debit card terminal,USCPIE13861891*1
ChargePoint Network,,,5122191,5122191,CULLMANELECTRIC / STATION1-L,8482151,247,3372989511,2024-09-13T22:53:46Z,2024-09-13T23:14:41Z,,18.673201,69.695,membership,Payment by membership account and/or membership card,USCPIE5122191*1
ChargePoint Network,,,13643801,13643801,PEPA / STATION 2,23036481,247,3403618281,2024-09-26T20:59:03Z,2024-09-26T21:20:56Z,,25.134399,75.041,membership,Payment by membership account and/or membership card,USCPIE13643801*1
ChargePoint Network,,,15280441,15280441,SPRFLD ELECTRIC / STATION 2 (R),24807641,247,3389795841,2024-09-20T23:16:36Z,2024-09-20T23:44:23Z,,23.092199,52.243,membership,Payment by membership account and/or membership card,USCPIE15280441*1
ChargePoint Network,,,13966051,13966051,BEA / STATION 3 (RM),23419981,247,3353595981,2024-09-05T22:15:08Z,2024-09-05T23:07:42Z,,51.579899,74.676,membership,Payment by membership account and/or membership card,USCPIE13966051*1
ChargePoint Network,,,13606061,13606061,I24 EXIT11 / STATION 4 (RR),22992511,247,3409918171,2024-09-29T20:27:05Z,2024-09-29T21:03:52Z,,61.343102,124.0,membership,Payment by membership account and/or membership card,USCPIE13606061*1
ChargePoint Network,,,14047321,14047321,JEFFERSON AVE. / OXFORD STA2(R),23514081,247,3386739791,2024-09-19T20:18:29Z,2024-09-19T21:03:49Z,,45.483002,64.875,membership,Payment by membership account and/or membership card,USCPIE14047321*1
ChargePoint Network,,,7505851,7505851,JEFFERSON AVE. / OXFORD STA1(L),12955471,100011,3357857041,2024-09-07T18:43:45Z,2024-09-07T19:19:51Z,,13.981300,24.701,membership,Payment by membership account and/or membership card,USCPIE7505851*1
ChargePoint Network,,,15260251,15260251,STEMC / STATION 2 (R) A,24784081,247,3393311211,2024-09-22T21:05:31Z,2024-09-22T21:13:43Z,,0.000000,0.0,credit_card_terminal,Payment via credit card or debit card terminal,USCPIE15260251*1
ChargePoint Network,,,1988061,1988061,7SPC / SCES DOLLYWOOD,25499841,3,3376156411,2024-09-15T17:23:20Z,2024-09-15T19:09:53Z,,9.567752,6.9938,membership,Payment by membership account and/or membership card,USCPIE1988061*2
ChargePoint Network,,,13292801,13292801,LODGE CAST IRON / STORE & MUSEUM,22637551,3,3353430131,2024-09-05T21:11:35Z,2024-09-05T22:10:43Z,,6.840561,7.0441,membership,Payment by membership account and/or membership card,USCPIE13292801*1
ChargePoint Network,,,13966851,13966851,BEA / STATION 1 (LL),23420911,247,3392324521,2024-09-22T04:36:40Z,2024-09-22T04:39:32Z,,2.800600,0.0,membership,Payment by membership account and/or membership card,USCPIE13966851*1
ChargePoint Network,,,13606141,13606141,I24 EXIT11 / STATION 1 (LL),22992611,247,3398873741,2024-09-25T00:51:18Z,2024-09-25T01:16:20Z,,45.424099,117.04,membership,Payment by membership account and/or membership card,USCPIE13606141*1
ChargePoint Network,,,5565291,5565291,7SPC / SCES LECONTE 1,9205191,3,3361496371,2024-09-09T15:52:00Z,2024-09-09T16:23:45Z,,1.193235,3.739,membership,Payment by membership account and/or membership card,USCPIE5565291*1
ChargePoint Network,,,15729991,15729991,AEC / AEC03,25334171,3,3400177041,2024-09-25T15:45:21Z,2024-09-25T21:20:37Z,,41.176315,7.457,credit_card_terminal,Payment via credit card or debit card terminal,USCPIE15729991*1
ChargePoint Network,,,16022131,16022131,ACEPA / ACE STATION 1,25683791,247,3345307491,2024-09-02T17:15:57Z,2024-09-02T18:04:34Z,,43.827000,78.194,membership,Payment by membership account and/or membership card,USCPIE16022131*1
ChargePoint Network,,,5565191,5565191,7SPC / DOLLYWOOD EMPL,9205031,3,3399727721,2024-09-25T12:55:24Z,2024-09-25T16:16:15Z,,20.391071,6.8117,membership,Payment by membership account and/or membership card,USCPIE5565191*1
ChargePoint Network,,,13606061,13606061,I24 EXIT11 / STATION 4 (RR),22992511,247,3365416581,2024-09-11T00:48:03Z,2024-09-11T01:33:48Z,,33.598400,53.949,other,Any other payment method not specified above. Additional description should be provided in Payment Method Description.,USCPIE13606061*1
ChargePoint Network,,,5397731,5397731,EEDEV / MILLIGAN UNIV,9010251,3,3400503371,2024-09-25T17:51:54Z,2024-09-25T19:07:40Z,,8.112684,6.4843,membership,Payment by membership account and/or membership card,USCPIE5397731*1
ChargePoint Network,,,1844191,1844191,CLW / MAIN ST,23050431,3,3394424011,2024-09-23T12:23:59Z,2024-09-23T21:27:30Z,,56.249611,7.0578,membership,Payment by membership account and/or membership card,USCPIE1844191*1
ChargePoint Network,,,12406491,12406491,FPIA / LEFT STATION,21527781,247,3380876761,2024-09-17T16:41:23Z,2024-09-17T17:00:26Z,,13.104400,52.394,membership,Payment by membership account and/or membership card,USCPIE12406491*1
ChargePoint Network,,,13423581,13423581,AEC / STATION #2 (R),22787011,247,3409681141,2024-09-29T18:15:42Z,2024-09-29T18:26:16Z,,10.880500,0.0,membership,Payment by membership account and/or membership card,USCPIE13423581*1
ChargePoint Network,,,14047321,14047321,JEFFERSON AVE. / OXFORD STA2(R),23514081,100011,3357123651,2024-09-07T06:12:59Z,2024-09-07T06:15:26Z,,0.758100,25.047,membership,Payment by membership account and/or membership card,USCPIE14047321*1
ChargePoint Network,,,5363211,5363211,HARTSELLE 1 / HARTSELLE 1,23427581,3,3380950631,2024-09-17T17:12:25Z,2024-09-17T17:50:01Z,,4.339086,7.0731,membership,Payment by membership account and/or membership card,USCPIE5363211*2
ChargePoint Network,,,7173851,7173851,SCOTTSBORO EPB / MAIN OFFICE,12310871,3,3393031881,2024-09-22T18:31:26Z,2024-09-22T18:33:28Z,,0.000000,0.0,membership,Payment by membership account and/or membership card,USCPIE7173851*2
ChargePoint Network,,,15729991,15729991,AEC / AEC03,25334171,3,3355747991,2024-09-06T18:54:45Z,2024-09-06T20:40:31Z,,11.222208,6.6044,membership,Payment by membership account and/or membership card,USCPIE15729991*1
ChargePoint Network,,,13664471,13664471,BTES / STATION 3 (RM),23060511,247,3345941121,2024-09-02T23:41:52Z,2024-09-03T00:40:32Z,,24.034599,27.436,credit_card_terminal,Payment via credit card or debit card terminal,USCPIE13664471*1
ChargePoint Network,,,14047321,14047321,JEFFERSON AVE. / OXFORD STA2(R),23514081,247,3395069081,2024-09-23T16:33:28Z,2024-09-23T16:42:42Z,,9.752200,0.0,membership,Payment by membership account and/or membership card,USCPIE14047321*1
ChargePoint Network,,,8851921,8851921,7SPC / SEVIERVILLE DC1,15571271,207,3390335991,2024-09-21T03:37:48Z,2024-09-21T04:24:53Z,,37.572498,59.669,membership,Payment by membership account and/or membership card,USCPIE8851921*1
ChargePoint Network,,,15260241,15260241,STEMC / STATION 1 (L) A,24784071,247,3367140351,2024-09-11T18:42:50Z,2024-09-11T19:15:18Z,,30.623600,76.832,membership,Payment by membership account and/or membership card,USCPIE15260241*1
ChargePoint Network,,,5122191,5122191,CULLMANELECTRIC / STATION1-L,8482151,247,3356284551,2024-09-06T22:36:21Z,2024-09-06T22:56:20Z,,14.567100,45.012,membership,Payment by membership account and/or membership card,USCPIE5122191*1
ChargePoint Network,,,13026471,13026471,WCMES / CITYHALL2-R,22328331,247,3358668051,2024-09-08T02:12:48Z,2024-09-08T03:32:06Z,,49.343300,72.912,credit_card_terminal,Payment via credit card or debit card terminal,USCPIE13026471*1
ChargePoint Network,,,14355251,14355251,HARTSELLE 1 / STATION 2 (R),23865691,247,3347714571,2024-09-03T18:44:39Z,2024-09-03T19:22:26Z,,39.044399,64.896,membership,Payment by membership account and/or membership card,USCPIE14355251*1
ChargePoint Network,,,15332351,15332351,TUA NW ATLANTIC / STATION 2 (R),24867891,100011,3379656151,2024-09-17T02:30:29Z,2024-09-17T02:53:37Z,,5.183900,47.159,membership,Payment by membership account and/or membership card,USCPIE15332351*1
ChargePoint Network,,,7505851,7505851,JEFFERSON AVE. / OXFORD STA1(L),12955471,100011,3356511921,2024-09-07T00:18:07Z,2024-09-07T00:34:28Z,,4.847700,19.0,membership,Payment by membership account and/or membership card,USCPIE7505851*1
ChargePoint Network,,,1964521,1964521,EBOFG / GUNTERSVILLE PD,8374201,3,3353152371,2024-09-05T19:21:01Z,2024-09-05T21:18:53Z,,7.089549,7.316,membership,Payment by membership account and/or membership card,USCPIE1964521*1
ChargePoint Network,,,8851921,8851921,7SPC / SEVIERVILLE DC1,15571271,207,3343376861,2024-09-01T12:08:50Z,2024-09-01T12:48:30Z,,27.922001,61.388,credit_card_terminal,Payment via credit card or debit card terminal,USCPIE8851921*1
ChargePoint Network,,,15836981,15836981,TOMBIGBEE / STATION 4,25462651,247,3389013501,2024-09-20T17:38:40Z,2024-09-20T17:54:25Z,,26.212700,118.888,membership,Payment by membership account and/or membership card,USCPIE15836981*1
ChargePoint Network,,,5346231,5346231,CULLMANELECTRIC / STATION2-R,8926271,247,3410050601,2024-09-29T21:36:58Z,2024-09-29T21:55:41Z,,20.811100,71.676,membership,Payment by membership account and/or membership card,USCPIE5346231*1
ChargePoint Network,,,13606061,13606061,I24 EXIT11 / STATION 4 (RR),22992511,247,3400965101,2024-09-25T21:04:49Z,2024-09-25T21:33:05Z,,18.058300,68.816,membership,Payment by membership account and/or membership card,USCPIE13606061*1
ChargePoint Network,,,5354011,5354011,7SPC / GREENEVILLE TA,8936791,100011,3372420231,2024-09-13T18:55:06Z,2024-09-13T18:56:29Z,,0.000000,0.0,membership,Payment by membership account and/or membership card,USCPIE5354011*1
ChargePoint Network,,,15548151,15548151,DECATURDOWNTWN / STATION 1 (R),,,3356652951,2024-09-07T01:21:40Z,2024-09-07T01:23:41Z,,0.000000,,membership,Payment by membership account and/or membership card,USCPIE15548151*0
ChargePoint Network,,,12720861,12720861,WRECC / STATION 2,21977121,247,3365037981,2024-09-10T22:19:55Z,2024-09-10T23:39:34Z,,115.795303,98.04,membership,Payment by membership account and/or membership card,USCPIE12720861*1
ChargePoint Network,,,1988061,1988061,7SPC / SCES DOLLYWOOD,25499841,3,3406159561,2024-09-27T20:58:22Z,2024-09-27T22:53:31Z,,2.630934,3.3578,credit_card_terminal,Payment via credit card or debit card terminal,USCPIE1988061*2
ChargePoint Network,,,14047321,14047321,JEFFERSON AVE. / OXFORD STA2(R),23514081,247,3357646821,2024-09-07T16:46:01Z,2024-09-07T17:04:09Z,,20.087999,71.838,membership,Payment by membership account and/or membership card,USCPIE14047321*1
ChargePoint Network,,,13606091,13606091,I24 EXIT11 / STATION 3 (RM),22992551,247,3376332391,2024-09-15T19:09:44Z,2024-09-15T19:50:43Z,,36.470901,123.535,membership,Payment by membership account and/or membership card,USCPIE13606091*1
ChargePoint Network,,,5346231,5346231,CULLMANELECTRIC / STATION2-R,8926271,247,3409895021,2024-09-29T20:14:22Z,2024-09-29T20:34:53Z,,23.707701,75.056,membership,Payment by membership account and/or membership card,USCPIE5346231*1
ChargePoint Network,,,16244681,16244681,TOMBIGBEE / STATION 2,,,3373215041,2024-09-14T00:34:40Z,2024-09-14T00:36:42Z,,0.000000,,membership,Payment by membership account and/or membership card,USCPIE16244681*0
ChargePoint Network,,,16244681,16244681,TOMBIGBEE / STATION 2,25952901,247,3367887711,2024-09-11T23:45:20Z,2024-09-11T23:55:10Z,,12.675100,0.0,membership,Payment by membership account and/or membership card,USCPIE16244681*1
ChargePoint Network,,,15885771,15885771,TWICKENHAM SQ / HU - STATION 4,25521581,247,3374295601,2024-09-14T16:38:03Z,2024-09-14T17:10:56Z,,32.856201,87.515,credit_card_terminal,Payment via credit card or debit card terminal,USCPIE15885771*1
ChargePoint Network,,,12720861,12720861,WRECC / STATION 2,21977121,247,3375008861,2024-09-14T23:02:47Z,2024-09-14T23:28:22Z,,37.539799,121.211,membership,Payment by membership account and/or membership card,USCPIE12720861*1
ChargePoint Network,,,15694171,15694171,BRIGHTRIDGE EV / STATION 1 (L),,,3366379351,2024-09-11T13:51:07Z,2024-09-11T13:53:09Z,,0.000000,,membership,Payment by membership account and/or membership card,USCPIE15694171*0
ChargePoint Network,,,1932851,1932851,BRIGHTRIDGE EV / BR-JC LIBRARY,23319811,3,3395115951,2024-09-23T16:51:10Z,2024-09-23T16:53:09Z,,0.000000,,credit_card_terminal,Payment via credit card or debit card terminal,USCPIE1932851*1
ChargePoint Network,,,15332351,15332351,TUA NW ATLANTIC / STATION 2 (R),24867891,247,3348467781,2024-09-03T23:42:50Z,2024-09-04T00:39:53Z,,56.641800,73.914,membership,Payment by membership account and/or membership card,USCPIE15332351*1
ChargePoint Network,,,13880891,13880891,MU / MUC MAIN OFFICE,23319011,3,3350950131,2024-09-04T22:39:20Z,2024-09-05T00:53:47Z,,11.882936,7.3874,membership,Payment by membership account and/or membership card,USCPIE13880891*1
ChargePoint Network,,,12406401,12406401,FPIA / RIGHT STATION,21527671,247,3386800721,2024-09-19T20:43:05Z,2024-09-19T21:09:42Z,,33.913799,79.587,membership,Payment by membership account and/or membership card,USCPIE12406401*1
ChargePoint Network,,,14337501,14337501,HOLSTONELECTRIC / CHURCH HILL-2,23845091,100011,3396828021,2024-09-24T10:38:12Z,2024-09-24T11:37:59Z,,40.778801,52.919,credit_card_terminal,Payment via credit card or debit card terminal,USCPIE14337501*1
ChargePoint Network,,,5122191,5122191,CULLMANELECTRIC / STATION1-L,,,3369547761,2024-09-12T16:46:00Z,2024-09-12T16:48:02Z,,0.000000,,membership,Payment by membership account and/or membership card,USCPIE5122191*0
ChargePoint Network,,,13606061,13606061,I24 EXIT11 / STATION 4 (RR),22992511,247,3408020021,2024-09-28T19:16:38Z,2024-09-28T19:31:20Z,,25.278400,112.882,credit_card_terminal,Payment via credit card or debit card terminal,USCPIE13606061*1
ChargePoint Network,,,15260251,15260251,STEMC / STATION 2 (R) A,24784081,247,3364869671,2024-09-10T21:15:28Z,2024-09-10T21:24:05Z,,8.968900,0.0,membership,Payment by membership account and/or membership card,USCPIE15260251*1
ChargePoint Network,,,16022131,16022131,ACEPA / ACE STATION 1,25683791,247,3373981321,2024-09-14T12:44:16Z,2024-09-14T13:24:55Z,,47.963001,75.459,membership,Payment by membership account and/or membership card,USCPIE16022131*1
ChargePoint Network,,,15885791,15885791,TWICKENHAM SQ / HU - STATION 3,25521611,247,3370545601,2024-09-12T23:43:57Z,2024-09-13T00:24:47Z,,41.256302,74.646,membership,Payment by membership account and/or membership card,USCPIE15885791*1
ChargePoint Network,,,5122191,5122191,CULLMANELECTRIC / STATION1-L,8482151,247,3344185321,2024-09-01T22:23:27Z,2024-09-02T00:13:10Z,,151.425903,101.286,phone_online,"Payment through mobile app, website, automated phone number or messaging system",USCPIE5122191*1
ChargePoint Network,,,13606061,13606061,I24 EXIT11 / STATION 4 (RR),22992511,247,3403390741,2024-09-26T19:27:03Z,2024-09-26T19:58:39Z,,21.733999,54.167,membership,Payment by membership account and/or membership card,USCPIE13606061*1
ChargePoint Network,,,13606141,13606141,I24 EXIT11 / STATION 1 (LL),22992611,247,3368866401,2024-09-12T12:33:41Z,2024-09-12T12:55:37Z,,34.232800,120.745,membership,Payment by membership account and/or membership card,USCPIE13606141*1
ChargePoint Network,,,15548181,15548181,DECATURDOWNTWN / STATION 2 (L),25119551,247,3398061331,2024-09-24T19:29:26Z,2024-09-24T20:21:20Z,,28.339899,74.86,membership,Payment by membership account and/or membership card,USCPIE15548181*1
ChargePoint Network,,,15293211,15293211,TRNG CENTER / TRAININGCENTER1,26076111,3,3390974021,2024-09-21T15:48:09Z,2024-09-21T17:49:02Z,,12.167437,6.1249,membership,Payment by membership account and/or membership card,USCPIE15293211*1
ChargePoint Network,,,5122191,5122191,CULLMANELECTRIC / STATION1-L,8482151,247,3392629201,2024-09-22T13:49:28Z,2024-09-22T15:22:09Z,,41.804501,54.464,membership,Payment by membership account and/or membership card,USCPIE5122191*1
ChargePoint Network,,,15548151,15548151,DECATURDOWNTWN / STATION 1 (R),25119511,247,3374453131,2024-09-14T18:06:37Z,2024-09-14T18:58:04Z,,0.000000,0.0,membership,Payment by membership account and/or membership card,USCPIE15548151*1
ChargePoint Network,,,13803581,13803581,FPU / STATION 1 (L),23227201,247,3345200661,2024-09-02T16:04:16Z,2024-09-02T17:21:22Z,,34.007099,77.027,membership,Payment by membership account and/or membership card,USCPIE13803581*1
ChargePoint Network,,,15836981,15836981,TOMBIGBEE / STATION 4,25462651,247,3356191051,2024-09-06T21:56:52Z,2024-09-06T22:39:17Z,,45.100201,72.889,membership,Payment by membership account and/or membership card,USCPIE15836981*1
ChargePoint Network,,,5122191,5122191,CULLMANELECTRIC / STATION1-L,8482151,247,3366016241,2024-09-11T09:48:10Z,2024-09-11T09:55:29Z,,5.233900,0.0,membership,Payment by membership account and/or membership card,USCPIE5122191*1
ChargePoint Network,,,15836871,15836871,TOMBIGBEE / STATION 3,25462501,247,3393635661,2024-09-22T23:50:31Z,2024-09-23T01:13:16Z,,45.660999,64.407,membership,Payment by membership account and/or membership card,USCPIE15836871*1
ChargePoint Network,,,5346231,5346231,CULLMANELECTRIC / STATION2-R,8926271,247,3376055481,2024-09-15T16:22:42Z,2024-09-15T17:16:01Z,,63.326099,83.3,membership,Payment by membership account and/or membership card,USCPIE5346231*1
ChargePoint Network,,,6867451,6867451,AEC / CORP OFFICE,11708141,3,3367085561,2024-09-11T18:16:59Z,2024-09-11T18:24:19Z,,0.845418,7.378,membership,Payment by membership account and/or membership card,USCPIE6867451*1
ChargePoint Network,,,12720861,12720861,WRECC / STATION 2,21977121,100011,3376411731,2024-09-15T19:57:42Z,2024-09-15T20:43:26Z,,25.255699,42.007,membership,Payment by membership account and/or membership card,USCPIE12720861*1
ChargePoint Network,,,16249951,16249951,STARKVILLE UTIL / STATION 2 (R),25959201,247,3390129661,2024-09-21T01:52:23Z,2024-09-21T02:10:56Z,,21.807501,72.323,membership,Payment by membership account and/or membership card,USCPIE16249951*1
ChargePoint Network,,,15548181,15548181,DECATURDOWNTWN / STATION 2 (L),25119551,247,3393556351,2024-09-22T23:09:18Z,2024-09-22T23:22:46Z,,12.162400,57.231,membership,Payment by membership account and/or membership card,USCPIE15548181*1
ChargePoint Network,,,14047321,14047321,JEFFERSON AVE. / OXFORD STA2(R),,,3354427571,2024-09-06T04:07:03Z,2024-09-06T04:07:07Z,,0.000000,,membership,Payment by membership account and/or membership card,USCPIE14047321*0
ChargePoint Network,,,15885791,15885791,TWICKENHAM SQ / HU - STATION 3,25521611,247,3346898641,2024-09-03T13:31:06Z,2024-09-03T13:51:28Z,,13.093800,60.84,membership,Payment by membership account and/or membership card,USCPIE15885791*1
ChargePoint Network,,,8851921,8851921,7SPC / SEVIERVILLE DC1,,,3378072101,2024-09-16T15:18:55Z,2024-09-16T15:19:03Z,,0.000000,,membership,Payment by membership account and/or membership card,USCPIE8851921*0
ChargePoint Network,,,8851921,8851921,7SPC / SEVIERVILLE DC1,15571271,100011,3392047031,2024-09-22T01:37:04Z,2024-09-22T02:13:27Z,,2.074200,13.293,credit_card_terminal,Payment via credit card or debit card terminal,USCPIE8851921*1
ChargePoint Network,,,14337221,14337221,HOLSTONELECTRIC / CHURCH HILL-1,23844801,247,3361520221,2024-09-09T15:59:33Z,2024-09-09T16:13:26Z,,16.083300,47.312,membership,Payment by membership account and/or membership card,USCPIE14337221*1
ChargePoint Network,,,13643801,13643801,PEPA / STATION 2,23036481,247,3345427511,2024-09-02T18:35:59Z,2024-09-02T19:09:39Z,,36.054798,75.056,membership,Payment by membership account and/or membership card,USCPIE13643801*1
ChargePoint Network,,,9745721,9745721,CRMC / CRMC-1 - L2LEFT,17301471,3,3366228891,2024-09-11T12:41:57Z,2024-09-11T21:39:17Z,,32.267437,7.2867,membership,Payment by membership account and/or membership card,USCPIE9745721*1
ChargePoint Network,,,15260241,15260241,STEMC / STATION 1 (L) A,24784071,247,3370473981,2024-09-12T23:12:10Z,2024-09-12T23:18:45Z,,4.461700,70.919,other,Any other payment method not specified above. Additional description should be provided in Payment Method Description.,USCPIE15260241*1
ChargePoint Network,,,1988061,1988061,7SPC / SCES DOLLYWOOD,25499831,3,3343484131,2024-09-01T14:30:40Z,2024-09-01T23:30:31Z,,53.771816,7.3849,membership,Payment by membership account and/or membership card,USCPIE1988061*1
ChargePoint Network,,,12720881,12720881,WRECC / STATION 1,21977141,247,3344596911,2024-09-02T02:40:26Z,2024-09-02T03:08:36Z,,22.669701,52.479,credit_card_terminal,Payment via credit card or debit card terminal,USCPIE12720881*1
ChargePoint Network,,,7505851,7505851,JEFFERSON AVE. / OXFORD STA1(L),12955471,100011,3356883681,2024-09-07T03:16:50Z,2024-09-07T03:28:40Z,,3.534400,0.0,membership,Payment by membership account and/or membership card,USCPIE7505851*1
ChargePoint Network,,,13651611,13651611,MLEC / STATION 1 (L) H,23045791,247,3355494791,2024-09-06T16:57:13Z,2024-09-06T17:52:16Z,,29.206400,122.737,membership,Payment by membership account and/or membership card,USCPIE13651611*1
ChargePoint Network,,,13164881,13164881,BTES / STATION 2 (LM),22491051,247,3364872921,2024-09-10T21:17:02Z,2024-09-10T21:27:17Z,,16.576000,0.0,membership,Payment by membership account and/or membership card,USCPIE13164881*1
ChargePoint Network,,,13164881,13164881,BTES / STATION 2 (LM),,,3345544431,2024-09-02T19:47:05Z,2024-09-02T19:48:46Z,,0.000000,,membership,Payment by membership account and/or membership card,USCPIE13164881*0
ChargePoint Network,,,5565241,5565241,7SPC / SCES LECONTE 4,9205101,3,3368629631,2024-09-12T07:05:01Z,2024-09-12T07:07:00Z,,0.000000,0.0,membership,Payment by membership account and/or membership card,USCPIE5565241*1
ChargePoint Network,,,15332351,15332351,TUA NW ATLANTIC / STATION 2 (R),24867891,247,3393020671,2024-09-22T18:27:05Z,2024-09-22T19:21:24Z,,47.615501,71.54,credit_card_terminal,Payment via credit card or debit card terminal,USCPIE15332351*1
ChargePoint Network,,,15885791,15885791,TWICKENHAM SQ / HU - STATION 3,25521611,247,3355166681,2024-09-06T15:02:45Z,2024-09-06T15:53:19Z,,49.404800,74.447,credit_card_terminal,Payment via credit card or debit card terminal,USCPIE15885791*1
ChargePoint Network,,,9677521,9677521,UT PARKING / S7 STATION 1,17169341,3,3352408061,2024-09-05T14:39:33Z,2024-09-05T18:23:42Z,,26.780788,7.3051,membership,Payment by membership account and/or membership card,USCPIE9677521*2
ChargePoint Network,,,15836981,15836981,TOMBIGBEE / STATION 4,25462651,247,3385603521,2024-09-19T12:53:24Z,2024-09-19T13:27:45Z,,36.937099,72.299,membership,Payment by membership account and/or membership card,USCPIE15836981*1
ChargePoint Network,,,15694171,15694171,BRIGHTRIDGE EV / STATION 1 (L),25292041,247,3355226321,2024-09-06T15:22:35Z,2024-09-06T15:45:10Z,,41.090199,122.737,membership,Payment by membership account and/or membership card,USCPIE15694171*1
ChargePoint Network,,,12720861,12720861,WRECC / STATION 2,21977121,247,3372704451,2024-09-13T20:50:49Z,2024-09-13T21:13:28Z,,27.062401,72.599,membership,Payment by membership account and/or membership card,USCPIE12720861*1
ChargePoint Network,,,8851921,8851921,7SPC / SEVIERVILLE DC1,15571271,207,3354726821,2024-09-06T11:13:00Z,2024-09-06T12:08:30Z,,33.368401,58.976,membership,Payment by membership account and/or membership card,USCPIE8851921*1
ChargePoint Network,,,8851921,8851921,7SPC / SEVIERVILLE DC1,15571271,207,3367620951,2024-09-11T22:00:02Z,2024-09-11T22:33:54Z,,26.765200,49.551,membership,Payment by membership account and/or membership card,USCPIE8851921*1
ChargePoint Network,,,13290491,13290491,7SPC / NASA USSRC L,25742671,3,3401951631,2024-09-26T04:10:07Z,2024-09-26T12:02:10Z,,44.919765,1.1192,membership,Payment by membership account and/or membership card,USCPIE13290491*1
ChargePoint Network,,,1921351,1921351,STARKVILLE UTIL / STARKVILLE DWTN,23682571,3,3383689391,2024-09-18T17:43:59Z,2024-09-18T19:10:12Z,,10.449939,7.3562,membership,Payment by membership account and/or membership card,USCPIE1921351*1
ChargePoint Network,,,15694081,15694081,BRIGHTRIDGE EV / STATION 2 (R),25291921,247,3358749611,2024-09-08T03:02:48Z,2024-09-08T04:14:34Z,,18.233801,31.291,membership,Payment by membership account and/or membership card,USCPIE15694081*1
ChargePoint Network,,,15885251,15885251,TWICKENHAM SQ / HU - STATION 1,25520941,247,3374643361,2024-09-14T19:49:48Z,2024-09-14T20:15:19Z,,44.241901,122.43,membership,Payment by membership account and/or membership card,USCPIE15885251*1
ChargePoint Network,,,8851921,8851921,7SPC / SEVIERVILLE DC1,15571271,207,3409323661,2024-09-29T14:11:55Z,2024-09-29T15:41:38Z,,61.060398,50.464,membership,Payment by membership account and/or membership card,USCPIE8851921*1
ChargePoint Network,,,14047321,14047321,JEFFERSON AVE. / OXFORD STA2(R),23514081,247,3368648531,2024-09-12T08:19:52Z,2024-09-12T08:29:52Z,,11.549600,0.0,membership,Payment by membership account and/or membership card,USCPIE14047321*1
ChargePoint Network,,,1921531,1921531,STARKVILLE UTIL / STARKVILLE REC,2268561,3,3408813731,2024-09-29T02:33:07Z,2024-09-29T05:15:52Z,,15.073153,7.3172,credit_card_terminal,Payment via credit card or debit card terminal,USCPIE1921531*2
ChargePoint Network,,,12676411,12676411,NEMEPA / NEMEPA CUSTOMER,21923891,3,3359057181,2024-09-08T09:13:54Z,2024-09-08T09:20:05Z,,0.587478,6.1967,membership,Payment by membership account and/or membership card,USCPIE12676411*1
ChargePoint Network,,,16244751,16244751,TOMBIGBEE / STATION 1,25952971,247,3408234101,2024-09-28T21:11:17Z,2024-09-28T21:57:02Z,,59.824600,82.367,membership,Payment by membership account and/or membership card,USCPIE16244751*1
ChargePoint Network,,,7505851,7505851,JEFFERSON AVE. / OXFORD STA1(L),12955471,247,3358367721,2024-09-07T23:21:19Z,2024-09-07T23:51:26Z,,35.745300,74.466,membership,Payment by membership account and/or membership card,USCPIE7505851*1
ChargePoint Network,,,13026471,13026471,WCMES / CITYHALL2-R,,,3400917641,2024-09-25T20:44:06Z,2024-09-25T20:46:07Z,,0.000000,0.0,membership,Payment by membership account and/or membership card,USCPIE13026471*0
ChargePoint Network,,,13966051,13966051,BEA / STATION 3 (RM),23419981,247,3343562751,2024-09-01T15:38:17Z,2024-09-01T16:40:31Z,,77.863998,85.103,membership,Payment by membership account and/or membership card,USCPIE13966051*1
ChargePoint Network,,,15885251,15885251,TWICKENHAM SQ / HU - STATION 1,25520941,247,3364413791,2024-09-10T18:03:43Z,2024-09-10T18:30:49Z,,31.132900,73.304,membership,Payment by membership account and/or membership card,USCPIE15885251*1
ChargePoint Network,,,15280441,15280441,SPRFLD ELECTRIC / STATION 2 (R),24807641,247,3356212041,2024-09-06T22:05:36Z,2024-09-06T22:24:46Z,,14.754800,53.043,membership,Payment by membership account and/or membership card,USCPIE15280441*1
ChargePoint Network,,,15548151,15548151,DECATURDOWNTWN / STATION 1 (R),,,3344231531,2024-09-01T21:50:25Z,2024-09-01T21:52:34Z,,0.000000,,membership,Payment by membership account and/or membership card,USCPIE15548151*0
ChargePoint Network,,,14047321,14047321,JEFFERSON AVE. / OXFORD STA2(R),23514081,247,3407876231,2024-09-28T17:59:28Z,2024-09-28T18:52:33Z,,69.346603,88.307,membership,Payment by membership account and/or membership card,USCPIE14047321*1
ChargePoint Network,,,15836981,15836981,TOMBIGBEE / STATION 4,25462651,247,3360940111,2024-09-09T12:09:00Z,2024-09-09T12:24:51Z,,8.163600,31.406,membership,Payment by membership account and/or membership card,USCPIE15836981*1
ChargePoint Network,,,12720881,12720881,WRECC / STATION 1,,,3389469261,2024-09-20T20:55:05Z,2024-09-20T20:55:41Z,,0.000000,,membership,Payment by membership account and/or membership card,USCPIE12720881*0
ChargePoint Network,,,12720861,12720861,WRECC / STATION 2,21977121,247,3376070341,2024-09-15T16:32:29Z,2024-09-15T17:27:01Z,,63.241402,88.504,membership,Payment by membership account and/or membership card,USCPIE12720861*1
ChargePoint Network,,,13651611,13651611,MLEC / STATION 1 (L) H,23045791,247,3367150211,2024-09-11T18:46:57Z,2024-09-11T19:39:52Z,,48.035301,74.86,membership,Payment by membership account and/or membership card,USCPIE13651611*1
ChargePoint Network,,,13026471,13026471,WCMES / CITYHALL2-R,22328331,247,3367714751,2024-09-11T22:37:07Z,2024-09-11T22:48:22Z,,5.873000,48.236,membership,Payment by membership account and/or membership card,USCPIE13026471*1
ChargePoint Network,,,13423691,13423691,AEC / STATION #1 (L),22787121,247,3352523631,2024-09-05T15:16:33Z,2024-09-05T15:17:41Z,,0.000000,0.0,membership,Payment by membership account and/or membership card,USCPIE13423691*1
ChargePoint Network,,,15548181,15548181,DECATURDOWNTWN / STATION 2 (L),25119551,247,3395529141,2024-09-23T20:00:20Z,2024-09-23T20:52:09Z,,81.177597,100.776,membership,Payment by membership account and/or membership card,USCPIE15548181*1
ChargePoint Network,,,15885771,15885771,TWICKENHAM SQ / HU - STATION 4,25521581,247,3367187221,2024-09-11T19:03:34Z,2024-09-11T19:50:22Z,,38.430500,54.464,membership,Payment by membership account and/or membership card,USCPIE15885771*1
ChargePoint Network,,,1932851,1932851,BRIGHTRIDGE EV / BR-JC LIBRARY,23319811,3,3354839471,2024-09-06T12:32:30Z,2024-09-06T13:48:07Z,,4.142053,3.3398,membership,Payment by membership account and/or membership card,USCPIE1932851*1
ChargePoint Network,,,12989161,12989161,BTES / CITY HALL,22285821,3,3400075831,2024-09-25T15:15:35Z,2024-09-25T16:15:08Z,,7.011279,7.1703,membership,Payment by membership account and/or membership card,USCPIE12989161*2
ChargePoint Network,,,12406401,12406401,FPIA / RIGHT STATION,21527671,247,3386066621,2024-09-19T15:45:50Z,2024-09-19T16:03:01Z,,21.966700,82.763,credit_card_terminal,Payment via credit card or debit card terminal,USCPIE12406401*1
ChargePoint Network,,,15640171,15640171,NECDC / STATION 2 (R),,,3394089951,2024-09-23T04:47:57Z,2024-09-23T04:49:58Z,,0.000000,,membership,Payment by membership account and/or membership card,USCPIE15640171*0
ChargePoint Network,,,15548181,15548181,DECATURDOWNTWN / STATION 2 (L),25119551,247,3382291831,2024-09-18T02:44:55Z,2024-09-18T03:13:17Z,,30.408701,102.051,membership,Payment by membership account and/or membership card,USCPIE15548181*1
ChargePoint Network,,,12406401,12406401,FPIA / RIGHT STATION,,,3378571711,2024-09-16T18:36:39Z,2024-09-16T18:38:40Z,,0.000000,,membership,Payment by membership account and/or membership card,USCPIE12406401*0
ChargePoint Network,,,12989161,12989161,BTES / CITY HALL,22285821,3,3382551711,2024-09-18T05:32:12Z,2024-09-18T05:51:08Z,,1.885931,6.2407,credit_card_terminal,Payment via credit card or debit card terminal,USCPIE12989161*2
ChargePoint Network,,,13861891,13861891,BRMEMC / STATION 2,23296321,247,3409821691,2024-09-29T19:34:19Z,2024-09-29T19:49:48Z,,19.827999,79.785,membership,Payment by membership account and/or membership card,USCPIE13861891*1
ChargePoint Network,,,5354011,5354011,7SPC / GREENEVILLE TA,8936791,207,3397932991,2024-09-24T18:34:58Z,2024-09-24T19:13:24Z,,35.554401,56.979,membership,Payment by membership account and/or membership card,USCPIE5354011*1
ChargePoint Network,,,8851921,8851921,7SPC / SEVIERVILLE DC1,15571271,207,3388752711,2024-09-20T15:54:39Z,2024-09-20T16:51:21Z,,51.827599,58.444,phone_online,"Payment through mobile app, website, automated phone number or messaging system",USCPIE8851921*1
ChargePoint Network,,,16311861,16311861,KIMBALL EV CHG / STATION 2 (R),26032351,247,3405960711,2024-09-27T19:34:51Z,2024-09-27T19:45:31Z,,8.809300,53.193,membership,Payment by membership account and/or membership card,USCPIE16311861*1
ChargePoint Network,,,1988061,1988061,7SPC / SCES DOLLYWOOD,25499831,3,3384440451,2024-09-18T22:55:01Z,2024-09-18T22:55:07Z,,0.000000,,membership,Payment by membership account and/or membership card,USCPIE1988061*1
ChargePoint Network,,,12676411,12676411,NEMEPA / NEMEPA CUSTOMER,21923891,3,3359916901,2024-09-08T21:37:42Z,2024-09-09T00:03:01Z,,8.989986,6.1414,membership,Payment by membership account and/or membership card,USCPIE12676411*1
ChargePoint Network,,,8851921,8851921,7SPC / SEVIERVILLE DC1,15571271,207,3407431941,2024-09-28T13:01:08Z,2024-09-28T13:21:32Z,,19.296900,59.431,membership,Payment by membership account and/or membership card,USCPIE8851921*1
ChargePoint Network,,,15836871,15836871,TOMBIGBEE / STATION 3,25462501,247,3408029611,2024-09-28T19:21:38Z,2024-09-28T20:26:17Z,,43.419800,73.086,credit_card_terminal,Payment via credit card or debit card terminal,USCPIE15836871*1
ChargePoint Network,,,13664401,13664401,BTES / STATION 1 (LL),23060421,247,3400407241,2024-09-25T17:05:26Z,2024-09-25T18:12:31Z,,48.853901,74.663,other,Any other payment method not specified above. Additional description should be provided in Payment Method Description.,USCPIE13664401*1
ChargePoint Network,,,13290491,13290491,7SPC / NASA USSRC L,25742681,3,3403910411,2024-09-26T22:57:38Z,2024-09-27T00:26:33Z,,8.732483,5.9597,membership,Payment by membership account and/or membership card,USCPIE13290491*2
ChargePoint Network,,,14047321,14047321,JEFFERSON AVE. / OXFORD STA2(R),23514081,247,3378436031,2024-09-16T17:32:36Z,2024-09-16T17:35:51Z,,3.360800,0.0,membership,Payment by membership account and/or membership card,USCPIE14047321*1
ChargePoint Network,,,12406491,12406491,FPIA / LEFT STATION,21527781,247,3374236401,2024-09-14T16:03:20Z,2024-09-14T17:03:44Z,,50.601799,60.701,membership,Payment by membership account and/or membership card,USCPIE12406491*1
ChargePoint Network,,,14083171,14083171,STEMC / STATION 1 (L) H,23554721,247,3403411641,2024-09-26T19:36:01Z,2024-09-26T20:10:44Z,,34.629101,70.919,membership,Payment by membership account and/or membership card,USCPIE14083171*1
ChargePoint Network,,,15694081,15694081,BRIGHTRIDGE EV / STATION 2 (R),25291921,247,3343545071,2024-09-01T15:24:10Z,2024-09-01T16:16:32Z,,42.872200,76.635,membership,Payment by membership account and/or membership card,USCPIE15694081*1
ChargePoint Network,,,7505851,7505851,JEFFERSON AVE. / OXFORD STA1(L),12955471,247,3381778881,2024-09-17T22:59:19Z,2024-09-17T23:18:47Z,,21.362900,72.863,membership,Payment by membership account and/or membership card,USCPIE7505851*1
ChargePoint Network,,,15742641,15742641,GEA-1 / STATION 2 (R),,,3406302201,2024-09-27T21:57:51Z,2024-09-27T21:59:53Z,,0.000000,,membership,Payment by membership account and/or membership card,USCPIE15742641*0
ChargePoint Network,,,13292801,13292801,LODGE CAST IRON / STORE & MUSEUM,22637561,3,3409346781,2024-09-29T14:35:01Z,2024-09-29T15:21:47Z,,5.313012,6.9477,membership,Payment by membership account and/or membership card,USCPIE13292801*2
ChargePoint Network,,,13643801,13643801,PEPA / STATION 2,23036481,247,3393550381,2024-09-22T23:06:08Z,2024-09-22T23:47:20Z,,39.232101,74.646,membership,Payment by membership account and/or membership card,USCPIE13643801*1
ChargePoint Network,,,14025691,14025691,PARIS BPU / STATION 1(L),23489541,247,3408268161,2024-09-28T21:29:49Z,2024-09-28T23:08:40Z,,81.823601,66.266,membership,Payment by membership account and/or membership card,USCPIE14025691*1
ChargePoint Network,,,5122191,5122191,CULLMANELECTRIC / STATION1-L,,,3407934361,2024-09-28T18:28:59Z,2024-09-28T18:30:59Z,,0.000000,,membership,Payment by membership account and/or membership card,USCPIE5122191*0
ChargePoint Network,,,15885151,15885151,TWICKENHAM SQ / HU - STATION 2,25520801,100011,3392129981,2024-09-22T02:25:26Z,2024-09-22T02:42:49Z,,12.675300,51.237,membership,Payment by membership account and/or membership card,USCPIE15885151*1
ChargePoint Network,,,5565191,5565191,7SPC / DOLLYWOOD EMPL,9205031,3,3377769271,2024-09-16T13:15:44Z,2024-09-16T16:17:05Z,,18.376501,6.8665,membership,Payment by membership account and/or membership card,USCPIE5565191*1
ChargePoint Network,,,15280471,15280471,SPRFLD ELECTRIC / STATION 1 (L),24807681,247,3393299821,2024-09-22T20:59:58Z,2024-09-22T21:29:00Z,,27.567699,0.0,membership,Payment by membership account and/or membership card,USCPIE15280471*1
ChargePoint Network,,,5397731,5397731,EEDEV / MILLIGAN UNIV,9010251,3,3369765521,2024-09-12T18:26:45Z,2024-09-12T19:53:51Z,,10.817340,7.552,membership,Payment by membership account and/or membership card,USCPIE5397731*1
ChargePoint Network,,,15548151,15548151,DECATURDOWNTWN / STATION 1 (R),25119511,100011,3393641551,2024-09-22T23:53:34Z,2024-09-23T00:04:43Z,,5.943100,34.223,membership,Payment by membership account and/or membership card,USCPIE15548151*1
ChargePoint Network,,,13606121,13606121,I24 EXIT11 / STATION 2 (LM),22992591,247,3396398951,2024-09-24T02:09:07Z,2024-09-24T02:11:43Z,,0.000000,0.0,membership,Payment by membership account and/or membership card,USCPIE13606121*1
ChargePoint Network,,,15694081,15694081,BRIGHTRIDGE EV / STATION 2 (R),,,3376272601,2024-09-15T18:32:26Z,2024-09-15T18:34:27Z,,0.000000,,membership,Payment by membership account and/or membership card,USCPIE15694081*0
ChargePoint Network,,,15885251,15885251,TWICKENHAM SQ / HU - STATION 1,25520941,247,3344123321,2024-09-01T21:44:31Z,2024-09-01T21:59:45Z,,19.120899,0.0,membership,Payment by membership account and/or membership card,USCPIE15885251*1
ChargePoint Network,,,15332351,15332351,TUA NW ATLANTIC / STATION 2 (R),24867891,247,3344576121,2024-09-02T02:22:50Z,2024-09-02T02:52:30Z,,49.474499,117.04,membership,Payment by membership account and/or membership card,USCPIE15332351*1
ChargePoint Network,,,13606061,13606061,I24 EXIT11 / STATION 4 (RR),22992511,247,3376383781,2024-09-15T19:40:47Z,2024-09-15T19:51:04Z,,6.121400,52.08,membership,Payment by membership account and/or membership card,USCPIE13606061*1
ChargePoint Network,,,15885771,15885771,TWICKENHAM SQ / HU - STATION 4,25521581,247,3372678301,2024-09-13T20:39:26Z,2024-09-13T20:56:18Z,,18.066000,74.268,membership,Payment by membership account and/or membership card,USCPIE15885771*1
ChargePoint Network,,,13292801,13292801,LODGE CAST IRON / STORE & MUSEUM,22637561,3,3351788791,2024-09-05T05:36:35Z,2024-09-05T05:38:29Z,,0.101221,7.0923,credit_card_terminal,Payment via credit card or debit card terminal,USCPIE13292801*2
ChargePoint Network,,,15332351,15332351,TUA NW ATLANTIC / STATION 2 (R),24867891,247,3388770701,2024-09-20T16:00:02Z,2024-09-20T17:02:23Z,,32.860699,75.66,credit_card_terminal,Payment via credit card or debit card terminal,USCPIE15332351*1
ChargePoint Network,,,13606091,13606091,I24 EXIT11 / STATION 3 (RM),22992551,247,3373186931,2024-09-14T00:22:40Z,2024-09-14T00:49:26Z,,25.630100,61.74,membership,Payment by membership account and/or membership card,USCPIE13606091*1
ChargePoint Network,,,5354011,5354011,7SPC / GREENEVILLE TA,8936791,207,3343053831,2024-09-01T03:21:38Z,2024-09-01T04:00:31Z,,35.024700,58.673,membership,Payment by membership account and/or membership card,USCPIE5354011*1
ChargePoint Network,,,7505851,7505851,JEFFERSON AVE. / OXFORD STA1(L),12955471,247,3345118661,2024-09-02T15:00:22Z,2024-09-02T15:49:35Z,,48.413601,75.239,credit_card_terminal,Payment via credit card or debit card terminal,USCPIE7505851*1
ChargePoint Network,,,9677521,9677521,UT PARKING / S7 STATION 1,17169331,3,3363899151,2024-09-10T14:56:20Z,2024-09-10T18:22:20Z,,24.362566,7.2599,membership,Payment by membership account and/or membership card,USCPIE9677521*1
ChargePoint Network,,,1964521,1964521,EBOFG / GUNTERSVILLE PD,8374211,3,3398717371,2024-09-24T23:46:27Z,2024-09-25T00:19:23Z,,1.904793,3.6943,credit_card_terminal,Payment via credit card or debit card terminal,USCPIE1964521*2
ChargePoint Network,,,13618361,13618361,MU / MUC PWRENG BLDG,26016761,3,3347593891,2024-09-03T17:48:17Z,2024-09-03T17:52:18Z,,0.328323,7.1298,credit_card_terminal,Payment via credit card or debit card terminal,USCPIE13618361*2
ChargePoint Network,,,5354011,5354011,7SPC / GREENEVILLE TA,8936791,100011,3361775951,2024-09-09T17:42:53Z,2024-09-09T18:18:24Z,,14.299700,47.243,membership,Payment by membership account and/or membership card,USCPIE5354011*1
ChargePoint Network,,,15250701,15250701,SES-TN / STATION 2,,,3403724041,2024-09-26T21:43:10Z,2024-09-26T21:43:25Z,,0.000000,,membership,Payment by membership account and/or membership card,USCPIE15250701*0
ChargePoint Network,,,8851921,8851921,7SPC / SEVIERVILLE DC1,15571271,100011,3353049051,2024-09-05T18:37:44Z,2024-09-05T19:15:20Z,,1.772000,9.359,membership,Payment by membership account and/or membership card,USCPIE8851921*1
ChargePoint Network,,,1988061,1988061,7SPC / SCES DOLLYWOOD,25499841,3,3390812391,2024-09-21T13:51:06Z,2024-09-21T13:53:05Z,,0.000000,0.0,membership,Payment by membership account and/or membership card,USCPIE1988061*2
ChargePoint Network,,,5565241,5565241,7SPC / SCES LECONTE 4,9205101,3,3401477661,2024-09-26T00:27:20Z,2024-09-26T02:03:57Z,,4.797501,3.7461,membership,Payment by membership account and/or membership card,USCPIE5565241*1
ChargePoint Network,,,5397731,5397731,EEDEV / MILLIGAN UNIV,9010251,3,3372198991,2024-09-13T17:12:42Z,2024-09-13T19:11:57Z,,14.632740,7.4421,membership,Payment by membership account and/or membership card,USCPIE5397731*1
ChargePoint Network,,,14359491,14359491,EBOFG / STATION 1 (L),23870291,247,3409839031,2024-09-29T19:43:57Z,2024-09-29T20:11:27Z,,21.452299,62.034,membership,Payment by membership account and/or membership card,USCPIE14359491*1
ChargePoint Network,,,15885151,15885151,TWICKENHAM SQ / HU - STATION 2,25520801,100011,3407890521,2024-09-28T18:07:00Z,2024-09-28T18:46:47Z,,20.569799,46.493,membership,Payment by membership account and/or membership card,USCPIE15885151*1
ChargePoint Network,,,14083171,14083171,STEMC / STATION 1 (L) H,23554721,247,3347455371,2024-09-03T16:44:47Z,2024-09-03T17:08:53Z,,41.945202,120.434,credit_card_terminal,Payment via credit card or debit card terminal,USCPIE14083171*1
ChargePoint Network,,,15815141,15815141,GEA-1 / STATION 1 (L),25435121,247,3372773251,2024-09-13T21:19:36Z,2024-09-13T21:48:52Z,,27.482201,74.052,membership,Payment by membership account and/or membership card,USCPIE15815141*1
ChargePoint Network,,,7505851,7505851,JEFFERSON AVE. / OXFORD STA1(L),12955471,247,3389880371,2024-09-20T23:56:24Z,2024-09-21T00:24:08Z,,30.879101,71.904,credit_card_terminal,Payment via credit card or debit card terminal,USCPIE7505851*1
ChargePoint Network,,,5397731,5397731,EEDEV / MILLIGAN UNIV,9010251,3,3381600491,2024-09-17T21:49:42Z,2024-09-18T00:07:54Z,,16.974083,7.4524,membership,Payment by membership account and/or membership card,USCPIE5397731*1
ChargePoint Network,,,15694171,15694171,BRIGHTRIDGE EV / STATION 1 (L),25292041,247,3372604561,2024-09-13T20:09:22Z,2024-09-13T20:20:52Z,,19.884899,114.699,membership,Payment by membership account and/or membership card,USCPIE15694171*1
ChargePoint Network,,,7505851,7505851,JEFFERSON AVE. / OXFORD STA1(L),12955471,247,3391421351,2024-09-21T19:58:13Z,2024-09-21T20:06:07Z,,0.000000,0.0,credit_card_terminal,Payment via credit card or debit card terminal,USCPIE7505851*1
ChargePoint Network,,,7505851,7505851,JEFFERSON AVE. / OXFORD STA1(L),12955471,247,3381728941,2024-09-17T22:39:47Z,2024-09-17T22:41:26Z,,0.000000,0.0,membership,Payment by membership account and/or membership card,USCPIE7505851*1
ChargePoint Network,,,15260241,15260241,STEMC / STATION 1 (L) A,24784071,247,3391570761,2024-09-21T21:19:32Z,2024-09-21T21:48:52Z,,27.009300,73.875,phone_online,"Payment through mobile app, website, automated phone number or messaging system",USCPIE15260241*1
ChargePoint Network,,,9677521,9677521,UT PARKING / S7 STATION 1,17169341,3,3382990761,2024-09-18T13:22:08Z,2024-09-18T15:23:22Z,,13.345383,6.7127,membership,Payment by membership account and/or membership card,USCPIE9677521*2
ChargePoint Network,,,15885771,15885771,TWICKENHAM SQ / HU - STATION 4,25521581,247,3387618181,2024-09-20T02:32:41Z,2024-09-20T02:55:22Z,,25.915300,72.496,membership,Payment by membership account and/or membership card,USCPIE15885771*1
ChargePoint Network,,,5525971,5525971,7SPC / SPARTA TN,9154681,3,3365335221,2024-09-11T00:13:37Z,2024-09-11T00:30:00Z,,1.824946,6.8744,membership,Payment by membership account and/or membership card,USCPIE5525971*1
ChargePoint Network,,,15836981,15836981,TOMBIGBEE / STATION 4,25462651,247,3359242571,2024-09-08T14:47:03Z,2024-09-08T15:28:59Z,,47.729500,70.329,credit_card_terminal,Payment via credit card or debit card terminal,USCPIE15836981*1
ChargePoint Network,,,12406401,12406401,FPIA / RIGHT STATION,21527671,247,3360292741,2024-09-09T00:50:46Z,2024-09-09T01:35:10Z,,37.298801,54.167,membership,Payment by membership account and/or membership card,USCPIE12406401*1
ChargePoint Network,,,13643801,13643801,PEPA / STATION 2,23036481,247,3388836321,2024-09-20T16:23:09Z,2024-09-20T16:37:33Z,,12.725100,55.799,membership,Payment by membership account and/or membership card,USCPIE13643801*1
ChargePoint Network,,,7505851,7505851,JEFFERSON AVE. / OXFORD STA1(L),12955471,247,3401106181,2024-09-25T22:01:00Z,2024-09-25T23:20:31Z,,82.562103,87.073,credit_card_terminal,Payment via credit card or debit card terminal,USCPIE7505851*1
ChargePoint Network,,,8851921,8851921,7SPC / SEVIERVILLE DC1,15571271,207,3388333301,2024-09-20T13:08:32Z,2024-09-20T13:59:50Z,,30.773600,58.738,membership,Payment by membership account and/or membership card,USCPIE8851921*1
ChargePoint Network,,,8851921,8851921,7SPC / SEVIERVILLE DC1,15571271,207,3356447101,2024-09-06T23:49:13Z,2024-09-07T00:02:02Z,,9.675700,48.335,membership,Payment by membership account and/or membership card,USCPIE8851921*1
ChargePoint Network,,,15548181,15548181,DECATURDOWNTWN / STATION 2 (L),25119551,247,3390849191,2024-09-21T14:23:32Z,2024-09-21T15:10:00Z,,20.448500,60.207,membership,Payment by membership account and/or membership card,USCPIE15548181*1
ChargePoint Network,,,1964521,1964521,EBOFG / GUNTERSVILLE PD,8374211,3,3391959221,2024-09-22T00:46:10Z,2024-09-22T01:52:08Z,,3.829363,3.7028,credit_card_terminal,Payment via credit card or debit card terminal,USCPIE1964521*2
ChargePoint Network,,,7173851,7173851,SCOTTSBORO EPB / MAIN OFFICE,12310871,3,3364296621,2024-09-10T17:08:14Z,2024-09-10T21:27:14Z,,29.684423,7.1531,membership,Payment by membership account and/or membership card,USCPIE7173851*2
ChargePoint Network,,,15694171,15694171,BRIGHTRIDGE EV / STATION 1 (L),25292041,247,3350317351,2024-09-04T18:21:59Z,2024-09-04T19:38:37Z,,64.102402,75.0,credit_card_terminal,Payment via credit card or debit card terminal,USCPIE15694171*1
ChargePoint Network,,,15836981,15836981,TOMBIGBEE / STATION 4,25462651,247,3366827971,2024-09-11T16:24:00Z,2024-09-11T16:56:04Z,,27.368799,62.467,membership,Payment by membership account and/or membership card,USCPIE15836981*1
ChargePoint Network,,,15684341,15684341,MLEC / STATION 2 (R) W,25280201,247,3343501501,2024-09-01T14:47:26Z,2024-09-01T18:08:32Z,,50.578899,65.463,membership,Payment by membership account and/or membership card,USCPIE15684341*1
ChargePoint Network,,,15640171,15640171,NECDC / STATION 2 (R),25228711,247,3391483241,2024-09-21T20:31:55Z,2024-09-21T20:46:45Z,,16.765600,74.268,membership,Payment by membership account and/or membership card,USCPIE15640171*1
ChargePoint Network,,,14083151,14083151,STEMC / STATION 2 (R) H,23554701,247,3374227361,2024-09-14T15:57:04Z,2024-09-14T16:28:31Z,,32.731998,75.464,credit_card_terminal,Payment via credit card or debit card terminal,USCPIE14083151*1
ChargePoint Network,,,14047321,14047321,JEFFERSON AVE. / OXFORD STA2(R),23514081,247,3343253591,2024-09-01T06:33:00Z,2024-09-01T06:59:35Z,,31.135201,72.236,membership,Payment by membership account and/or membership card,USCPIE14047321*1
ChargePoint Network,,,5565291,5565291,7SPC / SCES LECONTE 1,9205191,3,3359461301,2024-09-08T17:17:59Z,2024-09-08T18:31:12Z,,3.158603,3.7439,membership,Payment by membership account and/or membership card,USCPIE5565291*1
ChargePoint Network,,,5122191,5122191,CULLMANELECTRIC / STATION1-L,8482151,247,3391888811,2024-09-22T00:05:47Z,2024-09-22T00:31:32Z,,21.631399,54.167,membership,Payment by membership account and/or membership card,USCPIE5122191*1
ChargePoint Network,,,13606061,13606061,I24 EXIT11 / STATION 4 (RR),22992511,247,3356074031,2024-09-06T21:08:35Z,2024-09-06T21:28:19Z,,21.594601,76.83,membership,Payment by membership account and/or membership card,USCPIE13606061*1
ChargePoint Network,,,12989161,12989161,BTES / CITY HALL,22285811,3,3380466421,2024-09-17T14:24:57Z,2024-09-17T14:55:39Z,,3.041357,6.2117,membership,Payment by membership account and/or membership card,USCPIE12989161*1
ChargePoint Network,,,12406401,12406401,FPIA / RIGHT STATION,21527671,247,3374265651,2024-09-14T16:21:18Z,2024-09-14T17:09:44Z,,34.338100,61.138,membership,Payment by membership account and/or membership card,USCPIE12406401*1
ChargePoint Network,,,15885771,15885771,TWICKENHAM SQ / HU - STATION 4,25521581,247,3370722811,2024-09-13T00:55:48Z,2024-09-13T01:40:34Z,,66.346001,93.636,membership,Payment by membership account and/or membership card,USCPIE15885771*1
ChargePoint Network,,,15885771,15885771,TWICKENHAM SQ / HU - STATION 4,25521581,247,3364883241,2024-09-10T21:21:17Z,2024-09-10T21:48:41Z,,36.084999,83.3,credit_card_terminal,Payment via credit card or debit card terminal,USCPIE15885771*1
ChargePoint Network,,,13606091,13606091,I24 EXIT11 / STATION 3 (RM),22992551,247,3388605701,2024-09-20T15:09:09Z,2024-09-20T16:26:38Z,,58.210098,70.722,membership,Payment by membership account and/or membership card,USCPIE13606091*1
ChargePoint Network,,,13606061,13606061,I24 EXIT11 / STATION 4 (RR),22992511,247,3348022651,2024-09-03T20:48:40Z,2024-09-03T21:19:53Z,,36.189499,78.208,membership,Payment by membership account and/or membership card,USCPIE13606061*1
ChargePoint Network,,,14359531,14359531,EBOFG / STATION 2 (R),23870331,247,3346001051,2024-09-03T00:15:21Z,2024-09-03T00:17:25Z,,0.000000,0.0,credit_card_terminal,Payment via credit card or debit card terminal,USCPIE14359531*1
ChargePoint Network,,,15694081,15694081,BRIGHTRIDGE EV / STATION 2 (R),,,3369333571,2024-09-12T15:36:55Z,2024-09-12T15:37:46Z,,0.000000,,membership,Payment by membership account and/or membership card,USCPIE15694081*0
ChargePoint Network,,,15885771,15885771,TWICKENHAM SQ / HU - STATION 4,25521581,247,3403251241,2024-09-26T18:27:18Z,2024-09-26T19:12:43Z,,30.619301,73.655,membership,Payment by membership account and/or membership card,USCPIE15885771*1
ChargePoint Network,,,5346231,5346231,CULLMANELECTRIC / STATION2-R,8926271,247,3383562141,2024-09-18T16:47:01Z,2024-09-18T16:57:55Z,,10.854600,0.0,membership,Payment by membership account and/or membership card,USCPIE5346231*1
ChargePoint Network,,,15332321,15332321,TUA NW ATLANTIC / STATION 1 (L),24867861,247,3405824781,2024-09-27T18:34:51Z,2024-09-27T19:02:40Z,,22.601299,65.015,credit_card_terminal,Payment via credit card or debit card terminal,USCPIE15332321*1
ChargePoint Network,,,15332351,15332351,TUA NW ATLANTIC / STATION 2 (R),24867891,247,3394260791,2024-09-23T10:39:41Z,2024-09-23T11:26:25Z,,40.219501,76.832,membership,Payment by membership account and/or membership card,USCPIE15332351*1
ChargePoint Network,,,9677521,9677521,UT PARKING / S7 STATION 1,17169341,3,3371911971,2024-09-13T15:27:48Z,2024-09-13T18:05:20Z,,17.850107,6.9231,credit_card_terminal,Payment via credit card or debit card terminal,USCPIE9677521*2
ChargePoint Network,,,5346231,5346231,CULLMANELECTRIC / STATION2-R,8926271,247,3386376561,2024-09-19T17:44:15Z,2024-09-19T18:28:57Z,,40.412701,54.926,membership,Payment by membership account and/or membership card,USCPIE5346231*1
ChargePoint Network,,,13664471,13664471,BTES / STATION 3 (RM),23060511,247,3405567631,2024-09-27T16:35:55Z,2024-09-27T18:32:08Z,,57.554199,65.324,membership,Payment by membership account and/or membership card,USCPIE13664471*1
ChargePoint Network,,,14083171,14083171,STEMC / STATION 1 (L) H,23554721,247,3392079071,2024-09-22T01:56:52Z,2024-09-22T02:44:08Z,,31.447800,61.722,credit_card_terminal,Payment via credit card or debit card terminal,USCPIE14083171*1
ChargePoint Network,,,5346231,5346231,CULLMANELECTRIC / STATION2-R,8926271,247,3383433171,2024-09-18T16:00:50Z,2024-09-18T16:41:47Z,,37.542500,59.905,membership,Payment by membership account and/or membership card,USCPIE5346231*1
ChargePoint Network,,,12460751,12460751,PES / LEFT STATION,22360171,215,3356016101,2024-09-06T20:44:21Z,2024-09-09T14:55:00Z,,21.424999,7.7813,membership,Payment by membership account and/or membership card,USCPIE12460751*1
ChargePoint Network,,,13664501,13664501,BTES / STATION 4 (RR),23060561,247,3390981011,2024-09-21T15:52:10Z,2024-09-21T16:45:54Z,,47.053101,65.463,membership,Payment by membership account and/or membership card,USCPIE13664501*1
ChargePoint Network,,,15885771,15885771,TWICKENHAM SQ / HU - STATION 4,25521581,100011,3359303051,2024-09-08T15:35:53Z,2024-09-08T16:19:49Z,,34.278801,52.439,membership,Payment by membership account and/or membership card,USCPIE15885771*1
ChargePoint Network,,,13290491,13290491,7SPC / NASA USSRC L,25742681,3,3343381051,2024-09-01T12:18:19Z,2024-09-01T12:21:13Z,,0.178492,6.1918,membership,Payment by membership account and/or membership card,USCPIE13290491*2
ChargePoint Network,,,5625391,5625391,7SPC / VEC JAMESTOWN,9280961,3,3400465141,2024-09-25T17:34:08Z,2024-09-25T22:07:41Z,,34.235336,7.5874,membership,Payment by membership account and/or membership card,USCPIE5625391*1
ChargePoint Network,,,15885771,15885771,TWICKENHAM SQ / HU - STATION 4,25521581,247,3396023041,2024-09-23T23:20:09Z,2024-09-24T00:00:09Z,,38.414200,76.244,membership,Payment by membership account and/or membership card,USCPIE15885771*1
ChargePoint Network,,,16093931,16093931,BCES / STATION 2 (R),25770831,247,3397802861,2024-09-24T17:31:59Z,2024-09-24T18:10:43Z,,30.728701,72.889,membership,Payment by membership account and/or membership card,USCPIE16093931*1
ChargePoint Network,,,12720861,12720861,WRECC / STATION 2,21977121,247,3371727071,2024-09-13T14:16:22Z,2024-09-13T14:55:23Z,,44.026001,72.199,credit_card_terminal,Payment via credit card or debit card terminal,USCPIE12720861*1
ChargePoint Network,,,8851921,8851921,7SPC / SEVIERVILLE DC1,15571271,207,3388627291,2024-09-20T15:16:26Z,2024-09-20T15:17:53Z,,0.000000,0.0,membership,Payment by membership account and/or membership card,USCPIE8851921*1
ChargePoint Network,,,15885791,15885791,TWICKENHAM SQ / HU - STATION 3,25521611,247,3388841411,2024-09-20T16:25:24Z,2024-09-20T17:27:58Z,,47.518398,122.553,membership,Payment by membership account and/or membership card,USCPIE15885791*1
ChargePoint Network,,,14337501,14337501,HOLSTONELECTRIC / CHURCH HILL-2,23845091,100011,3345160781,2024-09-02T15:34:02Z,2024-09-02T16:26:02Z,,36.564400,52.819,credit_card_terminal,Payment via credit card or debit card terminal,USCPIE14337501*1
ChargePoint Network,,,9677521,9677521,UT PARKING / S7 STATION 1,17169331,3,3355278201,2024-09-06T15:38:51Z,2024-09-06T19:26:53Z,,25.016363,7.1363,membership,Payment by membership account and/or membership card,USCPIE9677521*1
ChargePoint Network,,,12406401,12406401,FPIA / RIGHT STATION,21527671,247,3406191001,2024-09-27T21:11:50Z,2024-09-27T22:02:00Z,,49.265701,65.267,membership,Payment by membership account and/or membership card,USCPIE12406401*1
ChargePoint Network,,,13606121,13606121,I24 EXIT11 / STATION 2 (LM),22992591,247,3399410511,2024-09-25T06:51:37Z,2024-09-25T08:31:54Z,,61.058102,74.027,membership,Payment by membership account and/or membership card,USCPIE13606121*1
ChargePoint Network,,,5346231,5346231,CULLMANELECTRIC / STATION2-R,8926271,247,3373208501,2024-09-14T00:33:59Z,2024-09-14T01:18:03Z,,51.721901,75.253,membership,Payment by membership account and/or membership card,USCPIE5346231*1
ChargePoint Network,,,12720881,12720881,WRECC / STATION 1,,,3344156561,2024-09-01T22:04:28Z,2024-09-01T22:05:09Z,,0.000000,,membership,Payment by membership account and/or membership card,USCPIE12720881*0
ChargePoint Network,,,12460751,12460751,PES / LEFT STATION,22360171,215,3370084951,2024-09-12T20:38:57Z,2024-09-16T14:25:08Z,,20.795900,7.7334,membership,Payment by membership account and/or membership card,USCPIE12460751*1
ChargePoint Network,,,5498461,5498461,7SPC / CFEC SPENCER,9119451,3,3365217891,2024-09-10T23:27:40Z,2024-09-11T00:01:17Z,,3.747971,7.0041,credit_card_terminal,Payment via credit card or debit card terminal,USCPIE5498461*2
ChargePoint Network,,,15836871,15836871,TOMBIGBEE / STATION 3,25462501,247,3351927611,2024-09-05T10:32:11Z,2024-09-05T10:52:54Z,,24.006100,72.323,membership,Payment by membership account and/or membership card,USCPIE15836871*1
ChargePoint Network,,,14047321,14047321,JEFFERSON AVE. / OXFORD STA2(R),23514081,247,3378381011,2024-09-16T17:05:31Z,2024-09-16T17:22:20Z,,15.037900,54.773,membership,Payment by membership account and/or membership card,USCPIE14047321*1
ChargePoint Network,,,9677521,9677521,UT PARKING / S7 STATION 1,17169341,3,3364272991,2024-09-10T16:57:54Z,2024-09-10T19:35:56Z,,18.257357,7.0896,membership,Payment by membership account and/or membership card,USCPIE9677521*2
ChargePoint Network,,,12989161,12989161,BTES / CITY HALL,22285821,3,3358658681,2024-09-08T02:06:29Z,2024-09-08T02:32:59Z,,3.146072,7.2942,membership,Payment by membership account and/or membership card,USCPIE12989161*2
ChargePoint Network,,,13606121,13606121,I24 EXIT11 / STATION 2 (LM),22992591,247,3357820161,2024-09-07T18:23:13Z,2024-09-07T18:40:47Z,,22.115601,122.449,membership,Payment by membership account and/or membership card,USCPIE13606121*1
ChargePoint Network,,,1988141,1988141,7SPC / SCES DREAM MORE,2355571,3,3391889131,2024-09-22T00:05:55Z,2024-09-22T01:56:32Z,,4.440743,3.723,membership,Payment by membership account and/or membership card,USCPIE1988141*2
ChargePoint Network,,,1921351,1921351,STARKVILLE UTIL / STARKVILLE DWTN,23682571,3,3390409361,2024-09-21T04:12:31Z,2024-09-21T15:43:50Z,,81.871422,7.2052,membership,Payment by membership account and/or membership card,USCPIE1921351*1
ChargePoint Network,,,7505851,7505851,JEFFERSON AVE. / OXFORD STA1(L),12955471,247,3352949571,2024-09-05T17:51:24Z,2024-09-05T18:36:12Z,,41.314999,72.038,credit_card_terminal,Payment via credit card or debit card terminal,USCPIE7505851*1
ChargePoint Network,,,13966051,13966051,BEA / STATION 3 (RM),23419981,247,3408327071,2024-09-28T22:00:33Z,2024-09-28T22:36:23Z,,39.464500,73.304,credit_card_terminal,Payment via credit card or debit card terminal,USCPIE13966051*1
ChargePoint Network,,,5122191,5122191,CULLMANELECTRIC / STATION1-L,8482151,247,3343465581,2024-09-01T14:11:03Z,2024-09-01T14:11:45Z,,0.000000,0.0,membership,Payment by membership account and/or membership card,USCPIE5122191*1
ChargePoint Network,,,14047321,14047321,JEFFERSON AVE. / OXFORD STA2(R),23514081,247,3391201301,2024-09-21T17:58:01Z,2024-09-21T18:56:14Z,,66.641998,72.693,credit_card_terminal,Payment via credit card or debit card terminal,USCPIE14047321*1
ChargePoint Network,,,13966811,13966811,BEA / STATION 2 (LM),23420881,247,3391340531,2024-09-21T19:14:12Z,2024-09-21T20:02:41Z,,49.468201,77.211,membership,Payment by membership account and/or membership card,USCPIE13966811*1
ChargePoint Network,,,13643831,13643831,PEPA / STATION 1,23036511,247,3391100851,2024-09-21T17:02:41Z,2024-09-21T17:08:28Z,,5.419200,0.0,membership,Payment by membership account and/or membership card,USCPIE13643831*1
ChargePoint Network,,,15623211,15623211,CLW / 5TH ST 2 (R),25208281,247,3360176291,2024-09-08T23:50:36Z,2024-09-09T00:13:44Z,,24.080299,67.227,credit_card_terminal,Payment via credit card or debit card terminal,USCPIE15623211*1
ChargePoint Network,,,15640031,15640031,NECDC / STATION 1 (L),25228511,247,3394089441,2024-09-23T04:49:05Z,2024-09-23T05:53:09Z,,72.703796,78.596,membership,Payment by membership account and/or membership card,USCPIE15640031*1
ChargePoint Network,,,14047321,14047321,JEFFERSON AVE. / OXFORD STA2(R),23514081,247,3359263041,2024-09-08T15:02:59Z,2024-09-08T15:04:44Z,,0.000000,0.0,membership,Payment by membership account and/or membership card,USCPIE14047321*1
ChargePoint Network,,,16093871,16093871,BCES / STATION 2 (L),25770751,100011,3373034141,2024-09-13T23:13:36Z,2024-09-13T23:52:20Z,,4.819500,25.673,credit_card_terminal,Payment via credit card or debit card terminal,USCPIE16093871*1
ChargePoint Network,,,1988061,1988061,7SPC / SCES DOLLYWOOD,25499831,3,3359223591,2024-09-08T14:30:22Z,2024-09-08T19:41:14Z,,36.218609,7.104,membership,Payment by membership account and/or membership card,USCPIE1988061*1
ChargePoint Network,,,16093931,16093931,BCES / STATION 2 (R),25770831,247,3397800281,2024-09-24T17:30:46Z,2024-09-24T17:31:28Z,,0.000000,0.0,membership,Payment by membership account and/or membership card,USCPIE16093931*1
ChargePoint Network,,,13606141,13606141,I24 EXIT11 / STATION 1 (LL),22992611,247,3347181791,2024-09-03T15:16:38Z,2024-09-03T17:05:50Z,,52.758301,72.269,membership,Payment by membership account and/or membership card,USCPIE13606141*1
ChargePoint Network,,,7505851,7505851,JEFFERSON AVE. / OXFORD STA1(L),12955471,247,3395143581,2024-09-23T17:05:08Z,2024-09-23T17:44:28Z,,43.367298,72.666,membership,Payment by membership account and/or membership card,USCPIE7505851*1
ChargePoint Network,,,15885771,15885771,TWICKENHAM SQ / HU - STATION 4,25521581,100011,3357502211,2024-09-07T15:17:51Z,2024-09-07T15:51:44Z,,26.442801,51.888,membership,Payment by membership account and/or membership card,USCPIE15885771*1
ChargePoint Network,,,15815141,15815141,GEA-1 / STATION 1 (L),25435121,247,3391255461,2024-09-21T18:27:57Z,2024-09-21T18:50:05Z,,40.284698,117.344,membership,Payment by membership account and/or membership card,USCPIE15815141*1
ChargePoint Network,,,8851921,8851921,7SPC / SEVIERVILLE DC1,15571271,207,3391203191,2024-09-21T17:59:23Z,2024-09-21T18:27:51Z,,26.050699,56.672,membership,Payment by membership account and/or membership card,USCPIE8851921*1
ChargePoint Network,,,15548151,15548151,DECATURDOWNTWN / STATION 1 (R),25119511,247,3370328101,2024-09-12T22:15:16Z,2024-09-12T22:58:20Z,,46.685501,73.678,membership,Payment by membership account and/or membership card,USCPIE15548151*1
ChargePoint Network,,,15885771,15885771,TWICKENHAM SQ / HU - STATION 4,25521581,247,3355211541,2024-09-06T15:18:18Z,2024-09-06T15:34:13Z,,13.395800,54.054,membership,Payment by membership account and/or membership card,USCPIE15885771*1
ChargePoint Network,,,12720861,12720861,WRECC / STATION 2,21977121,247,3396364721,2024-09-24T01:53:30Z,2024-09-24T02:14:18Z,,22.672300,117.906,credit_card_terminal,Payment via credit card or debit card terminal,USCPIE12720861*1
ChargePoint Network,,,15280441,15280441,SPRFLD ELECTRIC / STATION 2 (R),24807641,247,3352790821,2024-09-05T16:40:48Z,2024-09-05T21:24:40Z,,107.728500,87.073,membership,Payment by membership account and/or membership card,USCPIE15280441*1
ChargePoint Network,,,1844191,1844191,CLW / MAIN ST,23050431,3,3356405121,2024-09-06T23:29:07Z,2024-09-07T03:06:46Z,,15.169944,7.3554,membership,Payment by membership account and/or membership card,USCPIE1844191*1
ChargePoint Network,,,16093931,16093931,BCES / STATION 2 (R),25770831,247,3397796671,2024-09-24T17:29:13Z,2024-09-24T17:30:23Z,,0.000000,0.0,membership,Payment by membership account and/or membership card,USCPIE16093931*1
ChargePoint Network,,,14047321,14047321,JEFFERSON AVE. / OXFORD STA2(R),23514081,247,3357726701,2024-09-07T17:30:48Z,2024-09-07T17:49:20Z,,18.032301,72.468,membership,Payment by membership account and/or membership card,USCPIE14047321*1
ChargePoint Network,,,14047321,14047321,JEFFERSON AVE. / OXFORD STA2(R),23514081,247,3382049051,2024-09-18T00:48:38Z,2024-09-18T01:30:33Z,,44.459801,74.646,membership,Payment by membership account and/or membership card,USCPIE14047321*1
ChargePoint Network,,,5397731,5397731,EEDEV / MILLIGAN UNIV,9010251,3,3353490701,2024-09-05T21:35:53Z,2024-09-05T22:35:08Z,,7.286558,7.4825,membership,Payment by membership account and/or membership card,USCPIE5397731*1
ChargePoint Network,,,5625391,5625391,7SPC / VEC JAMESTOWN,9280961,3,3380862031,2024-09-17T16:34:53Z,2024-09-17T21:01:09Z,,32.947655,7.5531,membership,Payment by membership account and/or membership card,USCPIE5625391*1
ChargePoint Network,,,15548151,15548151,DECATURDOWNTWN / STATION 1 (R),,,3344231421,2024-09-01T21:42:40Z,2024-09-01T21:44:49Z,,0.000000,,membership,Payment by membership account and/or membership card,USCPIE15548151*0
ChargePoint Network,,,14047321,14047321,JEFFERSON AVE. / OXFORD STA2(R),23514081,247,3375671081,2024-09-15T06:46:01Z,2024-09-15T07:14:08Z,,32.881100,73.232,membership,Payment by membership account and/or membership card,USCPIE14047321*1
ChargePoint Network,,,8851921,8851921,7SPC / SEVIERVILLE DC1,15571271,207,3343547181,2024-09-01T15:25:57Z,2024-09-01T16:27:41Z,,46.653301,60.06,membership,Payment by membership account and/or membership card,USCPIE8851921*1
ChargePoint Network,,,15684341,15684341,MLEC / STATION 2 (R) W,25280201,247,3376768421,2024-09-15T23:01:01Z,2024-09-15T23:01:56Z,,0.000000,0.0,membership,Payment by membership account and/or membership card,USCPIE15684341*1
ChargePoint Network,,,14083171,14083171,STEMC / STATION 1 (L) H,23554721,247,3391668491,2024-09-21T22:10:58Z,2024-09-21T22:27:05Z,,14.806500,73.304,credit_card_terminal,Payment via credit card or debit card terminal,USCPIE14083171*1
ChargePoint Network,,,1988061,1988061,7SPC / SCES DOLLYWOOD,25499841,3,3397434461,2024-09-24T15:22:35Z,2024-09-24T15:25:31Z,,0.000000,0.0,membership,Payment by membership account and/or membership card,USCPIE1988061*2
ChargePoint Network,,,14337221,14337221,HOLSTONELECTRIC / CHURCH HILL-1,23844801,100011,3350301061,2024-09-04T18:13:46Z,2024-09-04T19:01:01Z,,34.104301,52.819,credit_card_terminal,Payment via credit card or debit card terminal,USCPIE14337221*1
ChargePoint Network,,,13606061,13606061,I24 EXIT11 / STATION 4 (RR),22992511,247,3385632941,2024-09-19T13:05:10Z,2024-09-19T13:22:46Z,,13.079000,48.548,membership,Payment by membership account and/or membership card,USCPIE13606061*1
ChargePoint Network,,,15729991,15729991,AEC / AEC03,25334171,3,3381729131,2024-09-17T22:39:45Z,2024-09-17T23:47:28Z,,5.556239,6.5698,credit_card_terminal,Payment via credit card or debit card terminal,USCPIE15729991*1
ChargePoint Network,,,5397731,5397731,EEDEV / MILLIGAN UNIV,9010261,3,3397792421,2024-09-24T17:26:50Z,2024-09-24T19:09:52Z,,12.642993,7.4961,membership,Payment by membership account and/or membership card,USCPIE5397731*2
ChargePoint Network,,,5397731,5397731,EEDEV / MILLIGAN UNIV,9010251,3,3345660921,2024-09-02T20:58:37Z,2024-09-02T21:06:11Z,,0.434032,3.7847,membership,Payment by membership account and/or membership card,USCPIE5397731*1
ChargePoint Network,,,13423691,13423691,AEC / STATION #1 (L),,,3391087791,2024-09-21T16:55:24Z,2024-09-21T16:55:43Z,,0.000000,,credit_card_terminal,Payment via credit card or debit card terminal,USCPIE13423691*0
ChargePoint Network,,,13861891,13861891,BRMEMC / STATION 2,23296321,247,3384821791,2024-09-19T01:29:59Z,2024-09-19T02:03:24Z,,36.437000,90.744,membership,Payment by membership account and/or membership card,USCPIE13861891*1
ChargePoint Network,,,15623231,15623231,CLW / 5TH ST 1 (L),25208301,247,3394614761,2024-09-23T13:55:05Z,2024-09-23T15:11:22Z,,38.432201,53.25,membership,Payment by membership account and/or membership card,USCPIE15623231*1
ChargePoint Network,,,5424051,5424051,EEDEV / ELIZ DOWNTOWN,9026991,3,3391273381,2024-09-21T18:37:41Z,2024-09-21T22:52:56Z,,31.458723,7.4484,membership,Payment by membership account and/or membership card,USCPIE5424051*1
ChargePoint Network,,,13606061,13606061,I24 EXIT11 / STATION 4 (RR),22992511,247,3389932431,2024-09-21T00:19:18Z,2024-09-21T01:03:30Z,,41.507000,76.356,membership,Payment by membership account and/or membership card,USCPIE13606061*1
ChargePoint Network,,,15548151,15548151,DECATURDOWNTWN / STATION 1 (R),25119511,100011,3344616021,2024-09-02T02:50:47Z,2024-09-02T02:57:42Z,,4.921400,0.0,membership,Payment by membership account and/or membership card,USCPIE15548151*1
ChargePoint Network,,,1988061,1988061,7SPC / SCES DOLLYWOOD,25499841,3,3384534251,2024-09-18T23:31:14Z,2024-09-20T19:23:37Z,,40.487694,7.1027,credit_card_terminal,Payment via credit card or debit card terminal,USCPIE1988061*2
ChargePoint Network,,,16311461,16311461,KIMBALL EV CHG / STATION 1 (L),26031811,247,3405208991,2024-09-27T14:26:44Z,2024-09-27T15:40:53Z,,60.221001,74.052,credit_card_terminal,Payment via credit card or debit card terminal,USCPIE16311461*1
ChargePoint Network,,,15694171,15694171,BRIGHTRIDGE EV / STATION 1 (L),25292041,247,3404876801,2024-09-27T11:11:36Z,2024-09-27T11:43:05Z,,32.286400,74.599,membership,Payment by membership account and/or membership card,USCPIE15694171*1
ChargePoint Network,,,15694081,15694081,BRIGHTRIDGE EV / STATION 2 (R),25291921,247,3407885291,2024-09-28T18:04:25Z,2024-09-28T18:14:47Z,,7.469900,0.0,membership,Payment by membership account and/or membership card,USCPIE15694081*1
ChargePoint Network,,,15640031,15640031,NECDC / STATION 1 (L),25228511,247,3382296981,2024-09-18T02:48:19Z,2024-09-18T04:03:10Z,,41.568001,73.458,membership,Payment by membership account and/or membership card,USCPIE15640031*1
ChargePoint Network,,,1988141,1988141,7SPC / SCES DREAM MORE,2355561,3,3361279731,2024-09-09T14:46:17Z,2024-09-10T01:38:38Z,,53.669266,7.1923,roaming,Payment via roaming partners,USCPIE1988141*1
ChargePoint Network,,,14047321,14047321,JEFFERSON AVE. / OXFORD STA2(R),23514081,100011,3391870841,2024-09-21T23:57:04Z,2024-09-22T00:33:35Z,,7.355900,15.248,membership,Payment by membership account and/or membership card,USCPIE14047321*1
ChargePoint Network,,,13861861,13861861,BRMEMC / STATION 1,23296281,247,3343503881,2024-09-01T14:50:00Z,2024-09-01T15:44:05Z,,43.251999,73.304,membership,Payment by membership account and/or membership card,USCPIE13861861*1
ChargePoint Network,,,14047321,14047321,JEFFERSON AVE. / OXFORD STA2(R),23514081,247,3405170411,2024-09-27T14:09:01Z,2024-09-27T14:09:45Z,,0.000000,0.0,credit_card_terminal,Payment via credit card or debit card terminal,USCPIE14047321*1
ChargePoint Network,,,15885771,15885771,TWICKENHAM SQ / HU - STATION 4,25521581,100011,3402738861,2024-09-26T15:13:43Z,2024-09-26T15:54:31Z,,24.443899,52.577,membership,Payment by membership account and/or membership card,USCPIE15885771*1
ChargePoint Network,,,5354011,5354011,7SPC / GREENEVILLE TA,8936791,207,3388600141,2024-09-20T15:07:13Z,2024-09-20T15:07:51Z,,0.000000,0.0,membership,Payment by membership account and/or membership card,USCPIE5354011*1
ChargePoint Network,,,7505851,7505851,JEFFERSON AVE. / OXFORD STA1(L),12955471,247,3377325391,2024-09-16T04:43:15Z,2024-09-16T04:49:40Z,,6.489000,73.566,membership,Payment by membership account and/or membership card,USCPIE7505851*1
ChargePoint Network,,,15885791,15885791,TWICKENHAM SQ / HU - STATION 3,25521611,247,3343360911,2024-09-01T11:33:01Z,2024-09-01T12:38:03Z,,75.874199,81.575,membership,Payment by membership account and/or membership card,USCPIE15885791*1
ChargePoint Network,,,15836981,15836981,TOMBIGBEE / STATION 4,25462651,247,3357705111,2024-09-07T17:17:52Z,2024-09-07T18:51:06Z,,28.873199,54.832,membership,Payment by membership account and/or membership card,USCPIE15836981*1
ChargePoint Network,,,7505851,7505851,JEFFERSON AVE. / OXFORD STA1(L),12955471,247,3403263631,2024-09-26T18:32:46Z,2024-09-26T19:24:30Z,,52.271301,64.025,membership,Payment by membership account and/or membership card,USCPIE7505851*1
ChargePoint Network,,,16249951,16249951,STARKVILLE UTIL / STATION 2 (R),25959201,247,3401323381,2024-09-25T23:25:23Z,2024-09-25T23:55:36Z,,34.200600,75.855,membership,Payment by membership account and/or membership card,USCPIE16249951*1
ChargePoint Network,,,5380331,5380331,CULLMAN PB / STATION 1,8970951,3,3369734411,2024-09-12T18:11:56Z,2024-09-12T18:13:58Z,,0.000000,0.0,membership,Payment by membership account and/or membership card,USCPIE5380331*1
ChargePoint Network,,,5354011,5354011,7SPC / GREENEVILLE TA,8936791,207,3372649041,2024-09-13T20:27:08Z,2024-09-13T20:48:33Z,,18.050100,53.591,membership,Payment by membership account and/or membership card,USCPIE5354011*1
ChargePoint Network,,,13803581,13803581,FPU / STATION 1 (L),23227201,247,3409460821,2024-09-29T16:01:59Z,2024-09-29T18:40:40Z,,33.168800,77.027,membership,Payment by membership account and/or membership card,USCPIE13803581*1
ChargePoint Network,,,13290491,13290491,7SPC / NASA USSRC L,25742681,3,3402237671,2024-09-26T11:24:10Z,2024-09-26T21:29:39Z,,28.479689,5.8571,membership,Payment by membership account and/or membership card,USCPIE13290491*2
ChargePoint Network,,,16022101,16022101,ACEPA / ACE STATION 2,25683761,247,3391225081,2024-09-21T18:11:50Z,2024-09-21T18:41:37Z,,34.714802,71.874,membership,Payment by membership account and/or membership card,USCPIE16022101*1
ChargePoint Network,,,14083171,14083171,STEMC / STATION 1 (L) H,23554721,247,3361612531,2024-09-09T16:30:44Z,2024-09-09T17:32:09Z,,46.802299,76.83,credit_card_terminal,Payment via credit card or debit card terminal,USCPIE14083171*1
ChargePoint Network,,,14047321,14047321,JEFFERSON AVE. / OXFORD STA2(R),23514081,247,3401458471,2024-09-26T00:19:49Z,2024-09-26T00:32:27Z,,13.781600,72.912,membership,Payment by membership account and/or membership card,USCPIE14047321*1
ChargePoint Network,,,5565191,5565191,7SPC / DOLLYWOOD EMPL,9205041,3,3397991381,2024-09-24T19:00:02Z,2024-09-24T21:40:43Z,,18.667810,7.0416,membership,Payment by membership account and/or membership card,USCPIE5565191*2
ChargePoint Network,,,1988061,1988061,7SPC / SCES DOLLYWOOD,25499841,3,3397350921,2024-09-24T14:57:03Z,2024-09-24T15:18:48Z,,0.000000,0.0,membership,Payment by membership account and/or membership card,USCPIE1988061*2
ChargePoint Network,,,15640031,15640031,NECDC / STATION 1 (L),25228511,247,3375781711,2024-09-15T11:29:20Z,2024-09-15T11:39:28Z,,0.000000,0.0,credit_card_terminal,Payment via credit card or debit card terminal,USCPIE15640031*1
ChargePoint Network,,,13606061,13606061,I24 EXIT11 / STATION 4 (RR),22992511,247,3408200011,2024-09-28T20:53:18Z,2024-09-28T21:04:44Z,,9.394400,53.279,membership,Payment by membership account and/or membership card,USCPIE13606061*1
ChargePoint Network,,,12720881,12720881,WRECC / STATION 1,21977141,247,3353126631,2024-09-05T19:10:15Z,2024-09-05T19:11:07Z,,0.000000,0.0,credit_card_terminal,Payment via credit card or debit card terminal,USCPIE12720881*1
ChargePoint Network,,,15694171,15694171,BRIGHTRIDGE EV / STATION 1 (L),25292041,247,3365520081,2024-09-11T01:31:48Z,2024-09-11T02:01:35Z,,26.256701,70.485,membership,Payment by membership account and/or membership card,USCPIE15694171*1
ChargePoint Network,,,5354011,5354011,7SPC / GREENEVILLE TA,8936791,207,3384967541,2024-09-19T02:47:44Z,2024-09-19T03:45:55Z,,43.335098,54.316,membership,Payment by membership account and/or membership card,USCPIE5354011*1
ChargePoint Network,,,15885151,15885151,TWICKENHAM SQ / HU - STATION 2,25520801,247,3409075871,2024-09-29T05:46:14Z,2024-09-29T06:09:49Z,,8.100000,30.079,membership,Payment by membership account and/or membership card,USCPIE15885151*1
ChargePoint Network,,,14047321,14047321,JEFFERSON AVE. / OXFORD STA2(R),23514081,100011,3352971931,2024-09-05T18:01:08Z,2024-09-05T18:56:29Z,,23.042101,27.254,membership,Payment by membership account and/or membership card,USCPIE14047321*1
ChargePoint Network,,,5346231,5346231,CULLMANELECTRIC / STATION2-R,8926271,247,3345659941,2024-09-02T20:57:47Z,2024-09-02T20:59:10Z,,0.000000,0.0,membership,Payment by membership account and/or membership card,USCPIE5346231*1
ChargePoint Network,,,15548181,15548181,DECATURDOWNTWN / STATION 2 (L),25119551,247,3408564361,2024-09-29T00:07:49Z,2024-09-29T00:29:47Z,,30.775200,87.209,membership,Payment by membership account and/or membership card,USCPIE15548181*1
ChargePoint Network,,,12676411,12676411,NEMEPA / NEMEPA CUSTOMER,21923891,3,3384429651,2024-09-18T22:50:53Z,2024-09-19T00:08:03Z,,7.690404,6.071,membership,Payment by membership account and/or membership card,USCPIE12676411*1
ChargePoint Network,,,1933211,1933211,BRIGHTRIDGE EV / BR-JONESBOROUGH,2283641,3,3375261801,2024-09-15T01:23:02Z,2024-09-15T01:41:19Z,,1.768762,6.0075,membership,Payment by membership account and/or membership card,USCPIE1933211*2
ChargePoint Network,,,16022131,16022131,ACEPA / ACE STATION 1,25683791,247,3389883871,2024-09-20T23:58:11Z,2024-09-21T01:06:45Z,,39.536900,77.415,membership,Payment by membership account and/or membership card,USCPIE16022131*1
ChargePoint Network,,,15885771,15885771,TWICKENHAM SQ / HU - STATION 4,25521581,247,3365301641,2024-09-11T00:00:48Z,2024-09-11T00:49:54Z,,47.658501,73.904,membership,Payment by membership account and/or membership card,USCPIE15885771*1
ChargePoint Network,,,15280441,15280441,SPRFLD ELECTRIC / STATION 2 (R),24807641,247,3392508681,2024-09-22T09:41:13Z,2024-09-22T10:15:24Z,,39.098900,78.008,credit_card_terminal,Payment via credit card or debit card terminal,USCPIE15280441*1
ChargePoint Network,,,15548181,15548181,DECATURDOWNTWN / STATION 2 (L),25119551,247,3391213981,2024-09-21T18:05:22Z,2024-09-21T18:06:34Z,,0.000000,0.0,membership,Payment by membership account and/or membership card,USCPIE15548181*1
ChargePoint Network,,,1921351,1921351,STARKVILLE UTIL / STARKVILLE DWTN,23682581,3,3391175661,2024-09-21T17:44:14Z,2024-09-22T00:48:29Z,,48.937897,7.2078,credit_card_terminal,Payment via credit card or debit card terminal,USCPIE1921351*2
ChargePoint Network,,,5397731,5397731,EEDEV / MILLIGAN UNIV,9010251,3,3370535211,2024-09-12T23:39:31Z,2024-09-13T01:40:30Z,,15.063749,7.5634,membership,Payment by membership account and/or membership card,USCPIE5397731*1
ChargePoint Network,,,12754021,12754021,WCMES / CITYHALL1-L,22015241,247,3351366141,2024-09-05T01:24:01Z,2024-09-05T02:02:14Z,,44.190601,73.695,membership,Payment by membership account and/or membership card,USCPIE12754021*1
ChargePoint Network,,,15332321,15332321,TUA NW ATLANTIC / STATION 1 (L),24867861,247,3343975831,2024-09-01T20:12:44Z,2024-09-01T20:37:15Z,,29.022400,74.48,membership,Payment by membership account and/or membership card,USCPIE15332321*1
ChargePoint Network,,,5346231,5346231,CULLMANELECTRIC / STATION2-R,8926271,247,3364747491,2024-09-10T20:24:48Z,2024-09-10T20:52:50Z,,19.972601,66.641,membership,Payment by membership account and/or membership card,USCPIE5346231*1
ChargePoint Network,,,5619801,5619801,7SPC / WARREN RECC BG,25687251,3,3378741851,2024-09-16T19:50:30Z,2024-09-16T19:52:29Z,,0.000000,0.0,other,Any other payment method not specified above. Additional description should be provided in Payment Method Description.,USCPIE5619801*1
ChargePoint Network,,,13606121,13606121,I24 EXIT11 / STATION 2 (LM),22992591,247,3374859011,2024-09-14T21:45:17Z,2024-09-14T22:00:11Z,,19.215401,84.972,credit_card_terminal,Payment via credit card or debit card terminal,USCPIE13606121*1
ChargePoint Network,,,15729991,15729991,AEC / AEC03,25334171,3,3405199401,2024-09-27T14:23:15Z,2024-09-27T15:34:31Z,,7.733299,6.5777,membership,Payment by membership account and/or membership card,USCPIE15729991*1
ChargePoint Network,,,5380331,5380331,CULLMAN PB / STATION 1,8970961,3,3363987901,2024-09-10T15:22:35Z,2024-09-10T17:02:08Z,,7.838935,6.9755,membership,Payment by membership account and/or membership card,USCPIE5380331*2
ChargePoint Network,,,15885251,15885251,TWICKENHAM SQ / HU - STATION 1,25520941,247,3405834241,2024-09-27T18:38:34Z,2024-09-27T18:50:14Z,,15.992300,120.258,roaming,Payment via roaming partners,USCPIE15885251*1provider_id,station_id,site_id,charger_id,evse_id,evse_name,port_id,connector_id,session_id,session_start,session_end,session_error,energy_kwh,peak_power_kw,payment_method,payment_other,eMI3 Port id
ChargePoint Network,,,15885151,15885151,TWICKENHAM SQ / HU - STATION 2,25520801,247,3343739121,2024-09-01T17:42:57Z,2024-09-01T18:11:04Z,,24.094700,54.057,membership,Payment by membership account and/or membership card,USCPIE15885151*1
ChargePoint Network,,,13861861,13861861,BRMEMC / STATION 1,23296281,247,3344666001,2024-09-02T03:30:58Z,2024-09-02T03:53:31Z,,21.887100,70.363,membership,Payment by membership account and/or membership card,USCPIE13861861*1
ChargePoint Network,,,13606061,13606061,I24 EXIT11 / STATION 4 (RR),22992511,247,3358172691,2024-09-07T21:34:57Z,2024-09-07T21:55:13Z,,26.837700,81.754,credit_card_terminal,Payment via credit card or debit card terminal,USCPIE13606061*1
ChargePoint Network,,,15885791,15885791,TWICKENHAM SQ / HU - STATION 3,25521611,247,3350231021,2024-09-04T17:40:39Z,2024-09-04T19:07:55Z,,33.758400,76.23,membership,Payment by membership account and/or membership card,USCPIE15885791*1
ChargePoint Network,,,13664401,13664401,BTES / STATION 1 (LL),23060421,247,3389339431,2024-09-20T20:01:58Z,2024-09-20T21:15:53Z,,87.288200,87.073,membership,Payment by membership account and/or membership card,USCPIE13664401*1
ChargePoint Network,,,5619801,5619801,7SPC / WARREN RECC BG,25687251,3,3390516111,2024-09-21T05:44:22Z,2024-09-21T09:23:52Z,,21.659521,6.3626,membership,Payment by membership account and/or membership card,USCPIE5619801*1
ChargePoint Network,,,15885151,15885151,TWICKENHAM SQ / HU - STATION 2,25520801,247,3381791711,2024-09-17T23:03:10Z,2024-09-17T23:59:16Z,,52.101501,73.125,credit_card_terminal,Payment via credit card or debit card terminal,USCPIE15885151*1
ChargePoint Network,,,13643801,13643801,PEPA / STATION 2,23036481,247,3405996201,2024-09-27T19:49:32Z,2024-09-27T19:55:46Z,,5.147300,0.0,membership,Payment by membership account and/or membership card,USCPIE13643801*1
ChargePoint Network,,,12720861,12720861,WRECC / STATION 2,21977121,247,3361779051,2024-09-09T17:45:08Z,2024-09-09T18:06:33Z,,24.168699,71.8,credit_card_terminal,Payment via credit card or debit card terminal,USCPIE12720861*1
ChargePoint Network,,,15694081,15694081,BRIGHTRIDGE EV / STATION 2 (R),25291921,247,3387246531,2024-09-19T23:36:55Z,2024-09-20T01:58:32Z,,42.941898,65.86,membership,Payment by membership account and/or membership card,USCPIE15694081*1
ChargePoint Network,,,6867451,6867451,AEC / CORP OFFICE,11708141,3,3393271921,2024-09-22T20:42:52Z,2024-09-22T20:44:51Z,,0.000000,0.0,membership,Payment by membership account and/or membership card,USCPIE6867451*1
ChargePoint Network,,,1844191,1844191,CLW / MAIN ST,23050431,3,3377670321,2024-09-16T12:28:39Z,2024-09-16T21:18:37Z,,57.676830,7.1309,membership,Payment by membership account and/or membership card,USCPIE1844191*1
ChargePoint Network,,,14337501,14337501,HOLSTONELECTRIC / CHURCH HILL-2,23845091,100011,3399545481,2024-09-25T11:08:59Z,2024-09-25T12:08:50Z,,37.378101,53.2,membership,Payment by membership account and/or membership card,USCPIE14337501*1
ChargePoint Network,,,13643831,13643831,PEPA / STATION 1,23036511,247,3409907651,2024-09-29T20:21:17Z,2024-09-29T20:50:37Z,,33.360699,75.041,membership,Payment by membership account and/or membership card,USCPIE13643831*1
ChargePoint Network,,,8851921,8851921,7SPC / SEVIERVILLE DC1,15571271,207,3372987211,2024-09-13T22:52:57Z,2024-09-13T23:55:59Z,,32.285999,48.45,membership,Payment by membership account and/or membership card,USCPIE8851921*1
ChargePoint Network,,,1988061,1988061,7SPC / SCES DOLLYWOOD,25499831,3,3397409771,2024-09-24T15:14:13Z,2024-09-24T15:16:14Z,,0.000000,0.0,membership,Payment by membership account and/or membership card,USCPIE1988061*1
ChargePoint Network,,,5565191,5565191,7SPC / DOLLYWOOD EMPL,9205041,3,3405024391,2024-09-27T12:51:39Z,2024-09-27T18:03:20Z,,30.440117,7.1175,membership,Payment by membership account and/or membership card,USCPIE5565191*2
ChargePoint Network,,,7505851,7505851,JEFFERSON AVE. / OXFORD STA1(L),12955471,100011,3403817621,2024-09-26T22:20:32Z,2024-09-26T22:28:44Z,,2.226400,0.0,membership,Payment by membership account and/or membership card,USCPIE7505851*1
ChargePoint Network,,,13966031,13966031,BEA / STATION 4 (RR),23419961,247,3407637971,2024-09-28T15:42:57Z,2024-09-28T16:15:43Z,,13.041500,45.044,membership,Payment by membership account and/or membership card,USCPIE13966031*1
ChargePoint Network,,,15623231,15623231,CLW / 5TH ST 1 (L),25208301,247,3390393291,2024-09-21T04:02:28Z,2024-09-21T04:48:16Z,,53.919800,76.435,membership,Payment by membership account and/or membership card,USCPIE15623231*1
ChargePoint Network,,,14047321,14047321,JEFFERSON AVE. / OXFORD STA2(R),23514081,247,3408405351,2024-09-28T22:43:54Z,2024-09-28T23:14:45Z,,36.926800,73.232,membership,Payment by membership account and/or membership card,USCPIE14047321*1
ChargePoint Network,,,15885251,15885251,TWICKENHAM SQ / HU - STATION 1,25520941,247,3372804071,2024-09-13T21:33:21Z,2024-09-13T22:07:08Z,,38.819599,76.44,membership,Payment by membership account and/or membership card,USCPIE15885251*1
ChargePoint Network,,,15623231,15623231,CLW / 5TH ST 1 (L),25208301,247,3359311351,2024-09-08T15:41:25Z,2024-09-08T16:08:24Z,,24.230000,61.019,membership,Payment by membership account and/or membership card,USCPIE15623231*1
ChargePoint Network,,,7505851,7505851,JEFFERSON AVE. / OXFORD STA1(L),12955471,247,3407016171,2024-09-28T03:40:19Z,2024-09-28T04:05:00Z,,30.393801,78.008,membership,Payment by membership account and/or membership card,USCPIE7505851*1
ChargePoint Network,,,13606061,13606061,I24 EXIT11 / STATION 4 (RR),22992511,247,3385777621,2024-09-19T14:10:53Z,2024-09-19T14:55:35Z,,48.540298,78.405,membership,Payment by membership account and/or membership card,USCPIE13606061*1
ChargePoint Network,,,14359531,14359531,EBOFG / STATION 2 (R),23870331,247,3408741161,2024-09-29T01:51:10Z,2024-09-29T02:18:04Z,,24.703600,57.659,membership,Payment by membership account and/or membership card,USCPIE14359531*1
ChargePoint Network,,,15623231,15623231,CLW / 5TH ST 1 (L),25208301,247,3386024331,2024-09-19T15:34:02Z,2024-09-19T16:02:10Z,,22.752199,58.598,membership,Payment by membership account and/or membership card,USCPIE15623231*1
ChargePoint Network,,,13290491,13290491,7SPC / NASA USSRC L,25742671,3,3390162381,2024-09-21T02:05:38Z,2024-09-21T03:57:37Z,,3.364582,6.0039,credit_card_terminal,Payment via credit card or debit card terminal,USCPIE13290491*1
ChargePoint Network,,,13659871,13659871,LAWRENCEBURG / STATION 2 (R),23054921,247,3388481731,2024-09-20T14:20:41Z,2024-09-20T14:45:54Z,,45.306702,117.962,membership,Payment by membership account and/or membership card,USCPIE13659871*1
ChargePoint Network,,,15729991,15729991,AEC / AEC03,25334171,3,3391560011,2024-09-21T21:13:22Z,2024-09-21T21:59:17Z,,4.992698,6.6169,membership,Payment by membership account and/or membership card,USCPIE15729991*1
ChargePoint Network,,,12989161,12989161,BTES / CITY HALL,22285821,3,3409297741,2024-09-29T13:46:04Z,2024-09-29T22:03:58Z,,60.441349,7.4045,membership,Payment by membership account and/or membership card,USCPIE12989161*2
ChargePoint Network,,,5354011,5354011,7SPC / GREENEVILLE TA,8936791,207,3353952351,2024-09-06T00:28:31Z,2024-09-06T01:16:13Z,,42.569901,59.849,membership,Payment by membership account and/or membership card,USCPIE5354011*1
ChargePoint Network,,,15836981,15836981,TOMBIGBEE / STATION 4,25462651,247,3354639581,2024-09-06T08:55:48Z,2024-09-06T09:53:09Z,,59.390400,78.596,membership,Payment by membership account and/or membership card,USCPIE15836981*1
ChargePoint Network,,,5466441,5466441,7SPC / NASA USSRC R,9079371,3,3351411881,2024-09-05T01:47:12Z,2024-09-05T10:02:36Z,,50.166885,6.1396,membership,Payment by membership account and/or membership card,USCPIE5466441*2
ChargePoint Network,,,13026471,13026471,WCMES / CITYHALL2-R,22328331,247,3358593961,2024-09-08T01:30:30Z,2024-09-08T02:04:13Z,,51.642300,96.975,membership,Payment by membership account and/or membership card,USCPIE13026471*1
ChargePoint Network,,,16244681,16244681,TOMBIGBEE / STATION 2,,,3343688541,2024-09-01T17:07:42Z,2024-09-01T17:09:16Z,,0.000000,,credit_card_terminal,Payment via credit card or debit card terminal,USCPIE16244681*0
ChargePoint Network,,,13803581,13803581,FPU / STATION 1 (L),23227201,247,3383743891,2024-09-18T18:09:03Z,2024-09-18T19:06:36Z,,41.043400,54.096,membership,Payment by membership account and/or membership card,USCPIE13803581*1
ChargePoint Network,,,5619801,5619801,7SPC / WARREN RECC BG,25687261,3,3343957461,2024-09-01T20:00:51Z,2024-09-01T20:18:02Z,,1.745733,6.2093,phone_online,"Payment through mobile app, website, automated phone number or messaging system",USCPIE5619801*2
ChargePoint Network,,,13164881,13164881,BTES / STATION 2 (LM),22491051,100011,3410056901,2024-09-29T21:40:22Z,2024-09-29T22:55:56Z,,13.225600,38.312,membership,Payment by membership account and/or membership card,USCPIE13164881*1
ChargePoint Network,,,5354011,5354011,7SPC / GREENEVILLE TA,8936791,207,3376694201,2024-09-15T22:27:07Z,2024-09-15T23:11:37Z,,27.556400,54.02,membership,Payment by membership account and/or membership card,USCPIE5354011*1
ChargePoint Network,,,8851921,8851921,7SPC / SEVIERVILLE DC1,15571271,207,3380795901,2024-09-17T16:10:31Z,2024-09-17T16:58:26Z,,31.225599,43.275,membership,Payment by membership account and/or membership card,USCPIE8851921*1
ChargePoint Network,,,13803581,13803581,FPU / STATION 1 (L),23227201,247,3391069411,2024-09-21T16:44:22Z,2024-09-21T17:36:20Z,,31.598101,76.635,membership,Payment by membership account and/or membership card,USCPIE13803581*1
ChargePoint Network,,,1932851,1932851,BRIGHTRIDGE EV / BR-JC LIBRARY,23319821,3,3389895291,2024-09-21T00:01:59Z,2024-09-21T00:14:14Z,,0.715011,3.7285,membership,Payment by membership account and/or membership card,USCPIE1932851*2
ChargePoint Network,,,5122191,5122191,CULLMANELECTRIC / STATION1-L,8482151,247,3409634461,2024-09-29T17:49:08Z,2024-09-29T18:36:05Z,,26.105200,53.907,membership,Payment by membership account and/or membership card,USCPIE5122191*1
ChargePoint Network,,,15640171,15640171,NECDC / STATION 2 (R),25228711,247,3346857981,2024-09-03T13:12:08Z,2024-09-03T13:13:00Z,,0.000000,0.0,credit_card_terminal,Payment via credit card or debit card terminal,USCPIE15640171*1
ChargePoint Network,,,8851921,8851921,7SPC / SEVIERVILLE DC1,15571271,207,3352210281,2024-09-05T13:13:34Z,2024-09-05T13:38:06Z,,18.973400,49.248,membership,Payment by membership account and/or membership card,USCPIE8851921*1
ChargePoint Network,,,14337221,14337221,HOLSTONELECTRIC / CHURCH HILL-1,23844801,100011,3357287961,2024-09-07T12:11:02Z,2024-09-07T12:31:02Z,,15.988600,51.708,credit_card_terminal,Payment via credit card or debit card terminal,USCPIE14337221*1
ChargePoint Network,,,15548151,15548151,DECATURDOWNTWN / STATION 1 (R),25119511,247,3390866541,2024-09-21T14:36:33Z,2024-09-21T14:48:48Z,,10.692500,55.115,membership,Payment by membership account and/or membership card,USCPIE15548151*1
ChargePoint Network,,,12720881,12720881,WRECC / STATION 1,21977141,247,3372899341,2024-09-13T22:14:17Z,2024-09-13T23:06:23Z,,39.258999,54.832,credit_card_terminal,Payment via credit card or debit card terminal,USCPIE12720881*1
ChargePoint Network,,,15885771,15885771,TWICKENHAM SQ / HU - STATION 4,25521581,247,3378547831,2024-09-16T18:26:43Z,2024-09-16T19:15:51Z,,59.332500,77.805,membership,Payment by membership account and/or membership card,USCPIE15885771*1
ChargePoint Network,,,16311861,16311861,KIMBALL EV CHG / STATION 2 (R),26032351,247,3387118281,2024-09-19T22:47:00Z,2024-09-19T23:24:03Z,,43.581001,76.636,membership,Payment by membership account and/or membership card,USCPIE16311861*1
ChargePoint Network,,,14047321,14047321,JEFFERSON AVE. / OXFORD STA2(R),23514081,247,3357888331,2024-09-07T19:01:07Z,2024-09-07T19:48:38Z,,43.417198,73.481,membership,Payment by membership account and/or membership card,USCPIE14047321*1
ChargePoint Network,,,5565291,5565291,7SPC / SCES LECONTE 1,9205191,3,3370904771,2024-09-13T02:13:26Z,2024-09-13T04:31:25Z,,3.107378,3.7379,credit_card_terminal,Payment via credit card or debit card terminal,USCPIE5565291*1
ChargePoint Network,,,15623231,15623231,CLW / 5TH ST 1 (L),25208301,247,3398139941,2024-09-24T20:00:05Z,2024-09-24T20:37:41Z,,43.371101,76.047,membership,Payment by membership account and/or membership card,USCPIE15623231*1
ChargePoint Network,,,13643801,13643801,PEPA / STATION 2,23036481,247,3374405251,2024-09-14T17:38:56Z,2024-09-14T18:18:28Z,,44.914902,75.041,membership,Payment by membership account and/or membership card,USCPIE13643801*1
ChargePoint Network,,,7505851,7505851,JEFFERSON AVE. / OXFORD STA1(L),12955471,247,3345927881,2024-09-02T23:32:58Z,2024-09-03T00:52:22Z,,44.083302,55.13,other,Any other payment method not specified above. Additional description should be provided in Payment Method Description.,USCPIE7505851*1
ChargePoint Network,,,14337221,14337221,HOLSTONELECTRIC / CHURCH HILL-1,23844801,247,3356429361,2024-09-06T23:40:46Z,2024-09-07T00:24:19Z,,43.097698,84.0,membership,Payment by membership account and/or membership card,USCPIE14337221*1
ChargePoint Network,,,9677521,9677521,UT PARKING / S7 STATION 1,17169331,3,3366706461,2024-09-11T15:45:58Z,2024-09-11T19:33:07Z,,25.642397,7.1285,membership,Payment by membership account and/or membership card,USCPIE9677521*1
ChargePoint Network,,,15885251,15885251,TWICKENHAM SQ / HU - STATION 1,,,3372269701,2024-09-13T17:44:09Z,2024-09-13T17:46:10Z,,0.000000,,other,Any other payment method not specified above. Additional description should be provided in Payment Method Description.,USCPIE15885251*0
ChargePoint Network,,,12406401,12406401,FPIA / RIGHT STATION,21527671,247,3405537951,2024-09-27T16:23:39Z,2024-09-27T16:54:12Z,,35.371601,72.038,credit_card_terminal,Payment via credit card or debit card terminal,USCPIE12406401*1
ChargePoint Network,,,5363211,5363211,HARTSELLE 1 / HARTSELLE 1,23427581,3,3357388431,2024-09-07T13:55:02Z,2024-09-07T16:06:05Z,,15.556774,7.2231,membership,Payment by membership account and/or membership card,USCPIE5363211*2
ChargePoint Network,,,1933211,1933211,BRIGHTRIDGE EV / BR-JONESBOROUGH,2283641,3,3344158831,2024-09-01T22:06:36Z,2024-09-01T23:33:38Z,,8.448960,5.9567,membership,Payment by membership account and/or membership card,USCPIE1933211*2
ChargePoint Network,,,1964521,1964521,EBOFG / GUNTERSVILLE PD,8374201,3,3375968551,2024-09-15T15:22:44Z,2024-09-15T15:42:28Z,,2.278149,7.1145,membership,Payment by membership account and/or membership card,USCPIE1964521*1
ChargePoint Network,,,1932851,1932851,BRIGHTRIDGE EV / BR-JC LIBRARY,23319821,3,3371564291,2024-09-13T12:54:32Z,2024-09-13T14:05:32Z,,8.646380,7.4245,membership,Payment by membership account and/or membership card,USCPIE1932851*2
ChargePoint Network,,,14047321,14047321,JEFFERSON AVE. / OXFORD STA2(R),23514081,247,3342780621,2024-09-01T00:29:12Z,2024-09-01T01:33:52Z,,59.173100,76.238,membership,Payment by membership account and/or membership card,USCPIE14047321*1
ChargePoint Network,,,15836871,15836871,TOMBIGBEE / STATION 3,25462501,247,3353048591,2024-09-05T18:37:30Z,2024-09-05T19:32:28Z,,66.027397,77.805,membership,Payment by membership account and/or membership card,USCPIE15836871*1
ChargePoint Network,,,9677521,9677521,UT PARKING / S7 STATION 1,17169341,3,3397061721,2024-09-24T12:55:52Z,2024-09-24T14:22:25Z,,10.171475,7.1572,credit_card_terminal,Payment via credit card or debit card terminal,USCPIE9677521*2
ChargePoint Network,,,5346231,5346231,CULLMANELECTRIC / STATION2-R,8926271,247,3395685751,2024-09-23T21:06:05Z,2024-09-23T21:21:11Z,,17.205299,71.116,membership,Payment by membership account and/or membership card,USCPIE5346231*1
ChargePoint Network,,,12460751,12460751,PES / LEFT STATION,22360171,215,3364672461,2024-09-10T19:55:45Z,2024-09-11T14:53:56Z,,28.630100,7.762,membership,Payment by membership account and/or membership card,USCPIE12460751*1
ChargePoint Network,,,14097711,14097711,SCOTTSBORO EPB / SEPB DCFC (R),23570811,247,3407777641,2024-09-28T17:04:18Z,2024-09-28T17:57:37Z,,55.147900,69.809,membership,Payment by membership account and/or membership card,USCPIE14097711*1
ChargePoint Network,,,15280441,15280441,SPRFLD ELECTRIC / STATION 2 (R),24807641,247,3393280881,2024-09-22T20:49:27Z,2024-09-22T21:27:43Z,,37.214500,72.299,credit_card_terminal,Payment via credit card or debit card terminal,USCPIE15280441*1
ChargePoint Network,,,7505851,7505851,JEFFERSON AVE. / OXFORD STA1(L),12955471,100011,3357099151,2024-09-07T05:52:44Z,2024-09-07T05:55:06Z,,0.705600,0.0,membership,Payment by membership account and/or membership card,USCPIE7505851*1
ChargePoint Network,,,12720881,12720881,WRECC / STATION 1,,,3400091041,2024-09-25T12:51:18Z,2024-09-25T12:52:00Z,,0.000000,,membership,Payment by membership account and/or membership card,USCPIE12720881*0
ChargePoint Network,,,7505851,7505851,JEFFERSON AVE. / OXFORD STA1(L),12955471,247,3359748811,2024-09-08T20:05:58Z,2024-09-08T21:12:07Z,,32.472301,123.69,phone_online,"Payment through mobile app, website, automated phone number or messaging system",USCPIE7505851*1
ChargePoint Network,,,15623211,15623211,CLW / 5TH ST 2 (R),25208281,247,3356174301,2024-09-06T21:49:25Z,2024-09-06T21:51:57Z,,0.000000,0.0,membership,Payment by membership account and/or membership card,USCPIE15623211*1
ChargePoint Network,,,15836871,15836871,TOMBIGBEE / STATION 3,25462501,247,3381962571,2024-09-18T00:12:30Z,2024-09-18T00:45:59Z,,37.212898,74.283,membership,Payment by membership account and/or membership card,USCPIE15836871*1
ChargePoint Network,,,7505851,7505851,JEFFERSON AVE. / OXFORD STA1(L),12955471,247,3381919051,2024-09-17T23:55:48Z,2024-09-17T23:59:15Z,,3.526900,0.0,membership,Payment by membership account and/or membership card,USCPIE7505851*1
ChargePoint Network,,,13861861,13861861,BRMEMC / STATION 1,23296281,247,3408221211,2024-09-28T21:04:26Z,2024-09-28T21:05:07Z,,0.000000,0.0,credit_card_terminal,Payment via credit card or debit card terminal,USCPIE13861861*1
ChargePoint Network,,,15260241,15260241,STEMC / STATION 1 (L) A,24784071,247,3384309631,2024-09-18T22:03:30Z,2024-09-18T22:31:13Z,,31.046101,70.722,membership,Payment by membership account and/or membership card,USCPIE15260241*1
ChargePoint Network,,,15260251,15260251,STEMC / STATION 2 (R) A,24784081,247,3393040031,2024-09-22T18:37:40Z,2024-09-22T19:30:36Z,,46.845699,75.056,membership,Payment by membership account and/or membership card,USCPIE15260251*1
ChargePoint Network,,,13292801,13292801,LODGE CAST IRON / STORE & MUSEUM,22637561,3,3387583741,2024-09-20T02:12:00Z,2024-09-20T02:54:47Z,,4.885010,6.954,credit_card_terminal,Payment via credit card or debit card terminal,USCPIE13292801*2
ChargePoint Network,,,14047321,14047321,JEFFERSON AVE. / OXFORD STA2(R),23514081,247,3360563001,2024-09-09T03:42:59Z,2024-09-09T04:02:46Z,,16.326200,53.193,membership,Payment by membership account and/or membership card,USCPIE14047321*1
ChargePoint Network,,,15684341,15684341,MLEC / STATION 2 (R) W,25280201,100011,3400439681,2024-09-25T17:21:13Z,2024-09-25T17:57:30Z,,22.970800,52.819,membership,Payment by membership account and/or membership card,USCPIE15684341*1
ChargePoint Network,,,1964521,1964521,EBOFG / GUNTERSVILLE PD,8374201,3,3343507181,2024-09-01T14:52:29Z,2024-09-01T23:51:03Z,,60.110668,7.4638,membership,Payment by membership account and/or membership card,USCPIE1964521*1
ChargePoint Network,,,5346231,5346231,CULLMANELECTRIC / STATION2-R,8926271,247,3389596481,2024-09-20T21:49:59Z,2024-09-20T21:53:02Z,,0.002000,0.0,membership,Payment by membership account and/or membership card,USCPIE5346231*1
ChargePoint Network,,,15885771,15885771,TWICKENHAM SQ / HU - STATION 4,25521581,247,3407955781,2024-09-28T18:42:27Z,2024-09-28T19:31:40Z,,19.184999,48.544,membership,Payment by membership account and/or membership card,USCPIE15885771*1
ChargePoint Network,,,14047321,14047321,JEFFERSON AVE. / OXFORD STA2(R),23514081,100011,3390900861,2024-09-21T14:59:10Z,2024-09-21T15:15:41Z,,5.599800,25.475,membership,Payment by membership account and/or membership card,USCPIE14047321*1
ChargePoint Network,,,12720861,12720861,WRECC / STATION 2,21977121,247,3374332661,2024-09-14T16:59:36Z,2024-09-14T17:18:19Z,,19.268801,65.207,phone_online,"Payment through mobile app, website, automated phone number or messaging system",USCPIE12720861*1
ChargePoint Network,,,13880891,13880891,MU / MUC MAIN OFFICE,23319011,3,3343774741,2024-09-01T18:06:01Z,2024-09-01T18:18:08Z,,1.346387,7.0245,credit_card_terminal,Payment via credit card or debit card terminal,USCPIE13880891*1
ChargePoint Network,,,15694171,15694171,BRIGHTRIDGE EV / STATION 1 (L),25292041,247,3393217521,2024-09-22T20:15:47Z,2024-09-22T20:55:07Z,,33.075401,60.192,membership,Payment by membership account and/or membership card,USCPIE15694171*1
ChargePoint Network,,,16055371,16055371,MES1 / STATION 1 (L),25723421,247,3408088591,2024-09-28T19:52:46Z,2024-09-28T20:03:46Z,,11.507200,69.498,membership,Payment by membership account and/or membership card,USCPIE16055371*1
ChargePoint Network,,,7505851,7505851,JEFFERSON AVE. / OXFORD STA1(L),12955471,247,3389072051,2024-09-20T18:06:11Z,2024-09-20T18:41:11Z,,40.587799,76.83,membership,Payment by membership account and/or membership card,USCPIE7505851*1
ChargePoint Network,,,1844191,1844191,CLW / MAIN ST,23050441,3,3362980981,2024-09-10T02:24:38Z,2024-09-10T11:58:21Z,,70.063919,7.3998,membership,Payment by membership account and/or membership card,USCPIE1844191*2
ChargePoint Network,,,15640171,15640171,NECDC / STATION 2 (R),25228711,247,3390673261,2024-09-21T11:01:07Z,2024-09-21T11:26:17Z,,34.855000,85.694,membership,Payment by membership account and/or membership card,USCPIE15640171*1
ChargePoint Network,,,12720861,12720861,WRECC / STATION 2,21977121,247,3354331181,2024-09-06T03:14:15Z,2024-09-06T04:09:01Z,,35.908001,54.534,roaming,Payment via roaming partners,USCPIE12720861*1
ChargePoint Network,,,14337221,14337221,HOLSTONELECTRIC / CHURCH HILL-1,23844801,100011,3367346661,2024-09-11T20:07:54Z,2024-09-11T20:42:45Z,,24.249100,52.819,credit_card_terminal,Payment via credit card or debit card terminal,USCPIE14337221*1
ChargePoint Network,,,5122191,5122191,CULLMANELECTRIC / STATION1-L,8482151,247,3359108121,2024-09-08T11:56:29Z,2024-09-08T13:06:59Z,,69.385101,74.844,membership,Payment by membership account and/or membership card,USCPIE5122191*1
ChargePoint Network,,,15694081,15694081,BRIGHTRIDGE EV / STATION 2 (R),,,3372243291,2024-09-13T17:31:19Z,2024-09-13T17:33:21Z,,0.000000,,membership,Payment by membership account and/or membership card,USCPIE15694081*0
ChargePoint Network,,,15885771,15885771,TWICKENHAM SQ / HU - STATION 4,25521581,247,3383231581,2024-09-18T15:00:33Z,2024-09-18T15:01:25Z,,0.000000,0.0,membership,Payment by membership account and/or membership card,USCPIE15885771*1
ChargePoint Network,,,15836871,15836871,TOMBIGBEE / STATION 3,25462501,247,3345202611,2024-09-02T16:05:23Z,2024-09-02T16:18:39Z,,14.762700,73.5,membership,Payment by membership account and/or membership card,USCPIE15836871*1
ChargePoint Network,,,13026471,13026471,WCMES / CITYHALL2-R,22328331,247,3381395131,2024-09-17T20:25:54Z,2024-09-17T20:26:16Z,,0.000000,0.0,membership,Payment by membership account and/or membership card,USCPIE13026471*1
ChargePoint Network,,,14047321,14047321,JEFFERSON AVE. / OXFORD STA2(R),23514081,247,3345399571,2024-09-02T18:17:37Z,2024-09-02T18:42:38Z,,30.680000,87.01,membership,Payment by membership account and/or membership card,USCPIE14047321*1
ChargePoint Network,,,15885771,15885771,TWICKENHAM SQ / HU - STATION 4,25521581,247,3382813221,2024-09-18T11:59:59Z,2024-09-18T12:52:06Z,,53.815201,74.676,membership,Payment by membership account and/or membership card,USCPIE15885771*1
ChargePoint Network,,,15250771,15250771,SES-TN / STATION 1,24772691,247,3346026631,2024-09-03T00:30:45Z,2024-09-03T00:58:59Z,,20.515499,45.125,membership,Payment by membership account and/or membership card,USCPIE15250771*1
ChargePoint Network,,,5565191,5565191,7SPC / DOLLYWOOD EMPL,9205031,3,3386089721,2024-09-19T15:52:42Z,2024-09-19T17:39:17Z,,11.563824,6.8527,membership,Payment by membership account and/or membership card,USCPIE5565191*1
ChargePoint Network,,,15640171,15640171,NECDC / STATION 2 (R),25228711,247,3346862281,2024-09-03T13:14:12Z,2024-09-03T13:15:09Z,,0.000000,0.0,credit_card_terminal,Payment via credit card or debit card terminal,USCPIE15640171*1
ChargePoint Network,,,5466441,5466441,7SPC / NASA USSRC R,9079361,3,3389044811,2024-09-20T17:53:13Z,2024-09-21T02:03:45Z,,48.184952,6.1194,membership,Payment by membership account and/or membership card,USCPIE5466441*1
ChargePoint Network,,,13664471,13664471,BTES / STATION 3 (RM),23060511,247,3397960001,2024-09-24T18:46:54Z,2024-09-24T19:52:59Z,,71.074303,77.615,membership,Payment by membership account and/or membership card,USCPIE13664471*1
ChargePoint Network,,,5122191,5122191,CULLMANELECTRIC / STATION1-L,8482151,247,3363862131,2024-09-10T14:43:58Z,2024-09-10T15:29:56Z,,55.286301,74.823,other,Any other payment method not specified above. Additional description should be provided in Payment Method Description.,USCPIE5122191*1
ChargePoint Network,,,5346231,5346231,CULLMANELECTRIC / STATION2-R,8926271,247,3361164741,2024-09-09T13:58:13Z,2024-09-09T14:40:05Z,,48.879398,74.844,membership,Payment by membership account and/or membership card,USCPIE5346231*1
ChargePoint Network,,,9677521,9677521,UT PARKING / S7 STATION 1,17169331,3,3402845991,2024-09-26T15:44:17Z,2024-09-26T18:21:37Z,,18.677868,7.2973,membership,Payment by membership account and/or membership card,USCPIE9677521*1
ChargePoint Network,,,15623211,15623211,CLW / 5TH ST 2 (R),,,3391430151,2024-09-21T20:02:57Z,2024-09-21T20:03:03Z,,0.000000,,membership,Payment by membership account and/or membership card,USCPIE15623211*0
ChargePoint Network,,,14097801,14097801,SCOTTSBORO EPB / SEPB DCFC (L),23570921,247,3369539081,2024-09-12T16:44:30Z,2024-09-12T17:32:05Z,,55.254601,75.466,membership,Payment by membership account and/or membership card,USCPIE14097801*1
ChargePoint Network,,,15885791,15885791,TWICKENHAM SQ / HU - STATION 3,25521611,247,3364177981,2024-09-10T16:20:00Z,2024-09-10T17:07:37Z,,72.754501,95.93,membership,Payment by membership account and/or membership card,USCPIE15885791*1
ChargePoint Network,,,5122191,5122191,CULLMANELECTRIC / STATION1-L,8482151,247,3391482081,2024-09-21T20:31:11Z,2024-09-21T21:16:06Z,,45.123100,74.268,membership,Payment by membership account and/or membership card,USCPIE5122191*1
ChargePoint Network,,,15836981,15836981,TOMBIGBEE / STATION 4,25462651,247,3343872541,2024-09-01T19:07:56Z,2024-09-01T19:08:52Z,,0.000000,0.0,other,Any other payment method not specified above. Additional description should be provided in Payment Method Description.,USCPIE15836981*1
ChargePoint Network,,,14337221,14337221,HOLSTONELECTRIC / CHURCH HILL-1,23844801,247,3406464091,2024-09-27T23:08:57Z,2024-09-28T00:05:56Z,,59.386101,75.819,membership,Payment by membership account and/or membership card,USCPIE14337221*1
ChargePoint Network,,,12406401,12406401,FPIA / RIGHT STATION,21527671,247,3374260491,2024-09-14T16:18:06Z,2024-09-14T16:20:59Z,,0.000000,0.0,membership,Payment by membership account and/or membership card,USCPIE12406401*1
ChargePoint Network,,,14097711,14097711,SCOTTSBORO EPB / SEPB DCFC (R),23570811,247,3384082431,2024-09-18T20:31:45Z,2024-09-18T20:50:14Z,,23.707500,83.358,credit_card_terminal,Payment via credit card or debit card terminal,USCPIE14097711*1
ChargePoint Network,,,12989161,12989161,BTES / CITY HALL,22285821,3,3377081071,2024-09-16T01:50:31Z,2024-09-16T02:07:20Z,,1.991804,7.2798,membership,Payment by membership account and/or membership card,USCPIE12989161*2
ChargePoint Network,,,15332351,15332351,TUA NW ATLANTIC / STATION 2 (R),24867891,247,3343442341,2024-09-01T13:45:02Z,2024-09-01T14:24:57Z,,20.703501,53.279,membership,Payment by membership account and/or membership card,USCPIE15332351*1
ChargePoint Network,,,9677521,9677521,UT PARKING / S7 STATION 1,17169341,3,3354944491,2024-09-06T13:24:02Z,2024-09-06T17:44:25Z,,14.057178,4.1491,membership,Payment by membership account and/or membership card,USCPIE9677521*2
ChargePoint Network,,,8851921,8851921,7SPC / SEVIERVILLE DC1,15571271,207,3367912951,2024-09-11T23:55:25Z,2024-09-12T00:35:34Z,,24.754900,53.872,membership,Payment by membership account and/or membership card,USCPIE8851921*1
ChargePoint Network,,,13423691,13423691,AEC / STATION #1 (L),22787121,247,3356531601,2024-09-07T00:27:41Z,2024-09-07T01:51:50Z,,47.014000,54.316,membership,Payment by membership account and/or membership card,USCPIE13423691*1
ChargePoint Network,,,14097711,14097711,SCOTTSBORO EPB / SEPB DCFC (R),23570811,247,3400197701,2024-09-25T15:50:57Z,2024-09-25T16:10:52Z,,21.599800,72.889,credit_card_terminal,Payment via credit card or debit card terminal,USCPIE14097711*1
ChargePoint Network,,,16311461,16311461,KIMBALL EV CHG / STATION 1 (L),26031811,100011,3389463841,2024-09-20T20:53:18Z,2024-09-20T21:50:25Z,,35.051201,46.111,membership,Payment by membership account and/or membership card,USCPIE16311461*1
ChargePoint Network,,,15623211,15623211,CLW / 5TH ST 2 (R),25208281,247,3395298291,2024-09-23T18:18:01Z,2024-09-23T18:20:15Z,,0.000000,0.0,membership,Payment by membership account and/or membership card,USCPIE15623211*1
ChargePoint Network,,,16022101,16022101,ACEPA / ACE STATION 2,25683761,247,3372914011,2024-09-13T22:20:42Z,2024-09-13T22:30:38Z,,8.991300,60.675,membership,Payment by membership account and/or membership card,USCPIE16022101*1
ChargePoint Network,,,12720881,12720881,WRECC / STATION 1,21977141,247,3345796531,2024-09-02T22:17:29Z,2024-09-02T23:15:19Z,,53.204102,92.106,membership,Payment by membership account and/or membership card,USCPIE12720881*1
ChargePoint Network,,,1964521,1964521,EBOFG / GUNTERSVILLE PD,8374211,3,3360242981,2024-09-09T00:23:31Z,2024-09-09T01:00:56Z,,2.152739,3.6962,credit_card_terminal,Payment via credit card or debit card terminal,USCPIE1964521*2
ChargePoint Network,,,12720861,12720861,WRECC / STATION 2,21977121,100011,3370499491,2024-09-12T23:24:34Z,2024-09-13T00:00:34Z,,26.541599,52.958,membership,Payment by membership account and/or membership card,USCPIE12720861*1
ChargePoint Network,,,5625391,5625391,7SPC / VEC JAMESTOWN,9280961,3,3386211831,2024-09-19T16:33:55Z,2024-09-19T20:22:41Z,,28.159632,7.5296,membership,Payment by membership account and/or membership card,USCPIE5625391*1
ChargePoint Network,,,14047321,14047321,JEFFERSON AVE. / OXFORD STA2(R),,,3355146951,2024-09-06T14:56:49Z,2024-09-06T14:56:54Z,,0.000000,,membership,Payment by membership account and/or membership card,USCPIE14047321*0
ChargePoint Network,,,13966051,13966051,BEA / STATION 3 (RM),23419981,247,3366699101,2024-09-11T15:43:56Z,2024-09-11T16:29:30Z,,33.339100,54.464,membership,Payment by membership account and/or membership card,USCPIE13966051*1
ChargePoint Network,,,1988061,1988061,7SPC / SCES DOLLYWOOD,25499831,3,3374074251,2024-09-14T14:13:48Z,2024-09-15T01:11:35Z,,51.690922,7.1191,membership,Payment by membership account and/or membership card,USCPIE1988061*1
ChargePoint Network,,,15623231,15623231,CLW / 5TH ST 1 (L),25208301,247,3365187451,2024-09-10T23:15:56Z,2024-09-11T00:37:17Z,,82.393501,77.199,membership,Payment by membership account and/or membership card,USCPIE15623231*1
ChargePoint Network,,,7505851,7505851,JEFFERSON AVE. / OXFORD STA1(L),12955471,247,3393650481,2024-09-22T23:58:24Z,2024-09-23T00:52:42Z,,63.973801,75.056,membership,Payment by membership account and/or membership card,USCPIE7505851*1
ChargePoint Network,,,9677521,9677521,UT PARKING / S7 STATION 1,17169341,3,3347738631,2024-09-03T18:54:53Z,2024-09-03T19:27:27Z,,3.109153,5.8295,credit_card_terminal,Payment via credit card or debit card terminal,USCPIE9677521*2
ChargePoint Network,,,15885251,15885251,TWICKENHAM SQ / HU - STATION 1,25520941,247,3403690081,2024-09-26T21:29:58Z,2024-09-26T21:45:19Z,,16.500200,69.972,membership,Payment by membership account and/or membership card,USCPIE15885251*1
ChargePoint Network,,,5424051,5424051,EEDEV / ELIZ DOWNTOWN,9026991,3,3358392511,2024-09-07T23:35:00Z,2024-09-08T12:08:43Z,,57.175011,0.0,membership,Payment by membership account and/or membership card,USCPIE5424051*1
ChargePoint Network,,,16244681,16244681,TOMBIGBEE / STATION 2,25952901,247,3387563001,2024-09-20T02:01:20Z,2024-09-20T02:43:42Z,,36.913101,92.568,membership,Payment by membership account and/or membership card,USCPIE16244681*1
ChargePoint Network,,,14097711,14097711,SCOTTSBORO EPB / SEPB DCFC (R),23570811,247,3388056241,2024-09-20T09:20:30Z,2024-09-20T09:49:52Z,,30.628300,73.655,membership,Payment by membership account and/or membership card,USCPIE14097711*1
ChargePoint Network,,,1921351,1921351,STARKVILLE UTIL / STARKVILLE DWTN,23682571,3,3343643901,2024-09-01T16:38:44Z,2024-09-01T16:39:30Z,,0.000000,,credit_card_terminal,Payment via credit card or debit card terminal,USCPIE1921351*1
ChargePoint Network,,,5346231,5346231,CULLMANELECTRIC / STATION2-R,8926271,247,3408669731,2024-09-29T01:07:32Z,2024-09-29T01:08:11Z,,0.000000,0.0,membership,Payment by membership account and/or membership card,USCPIE5346231*1
ChargePoint Network,,,13803581,13803581,FPU / STATION 1 (L),23227201,247,3407608951,2024-09-28T15:23:57Z,2024-09-28T16:03:45Z,,39.630100,76.83,membership,Payment by membership account and/or membership card,USCPIE13803581*1
ChargePoint Network,,,15250701,15250701,SES-TN / STATION 2,24772611,247,3403528601,2024-09-26T20:21:53Z,2024-09-26T21:00:00Z,,41.134499,66.639,membership,Payment by membership account and/or membership card,USCPIE15250701*1
ChargePoint Network,,,13606091,13606091,I24 EXIT11 / STATION 3 (RM),22992551,247,3398706481,2024-09-24T23:42:18Z,2024-09-25T00:47:01Z,,48.432598,60.527,membership,Payment by membership account and/or membership card,USCPIE13606091*1
ChargePoint Network,,,5565241,5565241,7SPC / SCES LECONTE 4,9205111,3,3379416231,2024-09-17T00:33:22Z,2024-09-17T03:03:06Z,,17.357224,7.0761,membership,Payment by membership account and/or membership card,USCPIE5565241*2
ChargePoint Network,,,15885791,15885791,TWICKENHAM SQ / HU - STATION 3,,,3345603351,2024-09-02T20:22:14Z,2024-09-02T20:24:16Z,,0.000000,,membership,Payment by membership account and/or membership card,USCPIE15885791*0
ChargePoint Network,,,8851921,8851921,7SPC / SEVIERVILLE DC1,15571271,100011,3344061031,2024-09-01T21:07:05Z,2024-09-01T21:51:40Z,,9.626100,48.831,membership,Payment by membership account and/or membership card,USCPIE8851921*1
ChargePoint Network,,,5363211,5363211,HARTSELLE 1 / HARTSELLE 1,23427581,3,3370375651,2024-09-12T22:34:41Z,2024-09-13T00:47:58Z,,8.300409,3.765,credit_card_terminal,Payment via credit card or debit card terminal,USCPIE5363211*2
ChargePoint Network,,,13651631,13651631,MLEC / STATION 2 (R) H,23045821,247,3362800711,2024-09-10T00:59:22Z,2024-09-10T01:03:36Z,,3.862100,62.286,membership,Payment by membership account and/or membership card,USCPIE13651631*1
ChargePoint Network,,,12720861,12720861,WRECC / STATION 2,21977121,247,3391219901,2024-09-21T18:08:27Z,2024-09-21T18:48:16Z,,36.227901,74.199,membership,Payment by membership account and/or membership card,USCPIE12720861*1
ChargePoint Network,,,15885791,15885791,TWICKENHAM SQ / HU - STATION 3,25521611,247,3352972071,2024-09-05T18:01:16Z,2024-09-05T18:29:01Z,,32.536499,72.833,membership,Payment by membership account and/or membership card,USCPIE15885791*1
ChargePoint Network,,,14047321,14047321,JEFFERSON AVE. / OXFORD STA2(R),23514081,247,3388461871,2024-09-20T14:11:39Z,2024-09-20T15:12:18Z,,55.719101,65.797,membership,Payment by membership account and/or membership card,USCPIE14047321*1
ChargePoint Network,,,12720861,12720861,WRECC / STATION 2,21977121,247,3407824501,2024-09-28T17:30:30Z,2024-09-28T17:36:32Z,,10.602000,0.0,membership,Payment by membership account and/or membership card,USCPIE12720861*1
ChargePoint Network,,,15836981,15836981,TOMBIGBEE / STATION 4,25462651,247,3369921131,2024-09-12T19:33:18Z,2024-09-12T20:08:53Z,,56.597599,121.635,membership,Payment by membership account and/or membership card,USCPIE15836981*1
ChargePoint Network,,,5354011,5354011,7SPC / GREENEVILLE TA,8936791,207,3404919821,2024-09-27T11:52:06Z,2024-09-27T12:18:05Z,,24.965900,61.834,membership,Payment by membership account and/or membership card,USCPIE5354011*1
ChargePoint Network,,,15885771,15885771,TWICKENHAM SQ / HU - STATION 4,25521581,247,3359694611,2024-09-08T19:34:49Z,2024-09-08T19:58:07Z,,13.926100,47.824,membership,Payment by membership account and/or membership card,USCPIE15885771*1
ChargePoint Network,,,8851921,8851921,7SPC / SEVIERVILLE DC1,15571271,100011,3347520821,2024-09-03T17:12:03Z,2024-09-03T18:02:57Z,,4.589100,29.007,membership,Payment by membership account and/or membership card,USCPIE8851921*1
ChargePoint Network,,,12406491,12406491,FPIA / LEFT STATION,21527781,247,3357354671,2024-09-07T13:25:08Z,2024-09-07T13:31:50Z,,4.776700,52.514,membership,Payment by membership account and/or membership card,USCPIE12406491*1
ChargePoint Network,,,14097801,14097801,SCOTTSBORO EPB / SEPB DCFC (L),23570921,247,3393543851,2024-09-22T23:02:52Z,2024-09-22T23:18:06Z,,15.088800,68.943,membership,Payment by membership account and/or membership card,USCPIE14097801*1
ChargePoint Network,,,13164881,13164881,BTES / STATION 2 (LM),22491051,100011,3389025861,2024-09-20T17:44:39Z,2024-09-20T18:25:08Z,,13.829100,39.27,credit_card_terminal,Payment via credit card or debit card terminal,USCPIE13164881*1
ChargePoint Network,,,13606061,13606061,I24 EXIT11 / STATION 4 (RR),22992511,247,3357631381,2024-09-07T16:37:00Z,2024-09-07T16:47:00Z,,15.919300,113.19,membership,Payment by membership account and/or membership card,USCPIE13606061*1
ChargePoint Network,,,5346231,5346231,CULLMANELECTRIC / STATION2-R,8926271,247,3367784521,2024-09-11T23:03:59Z,2024-09-11T23:12:01Z,,8.801500,0.0,credit_card_terminal,Payment via credit card or debit card terminal,USCPIE5346231*1
ChargePoint Network,,,15694081,15694081,BRIGHTRIDGE EV / STATION 2 (R),25291921,247,3392893431,2024-09-22T17:09:57Z,2024-09-22T18:09:45Z,,26.120300,58.799,membership,Payment by membership account and/or membership card,USCPIE15694081*1
ChargePoint Network,,,14337501,14337501,HOLSTONELECTRIC / CHURCH HILL-2,23845091,247,3395747901,2024-09-23T21:31:38Z,2024-09-23T22:36:34Z,,52.011799,86.027,membership,Payment by membership account and/or membership card,USCPIE14337501*1
ChargePoint Network,,,5346231,5346231,CULLMANELECTRIC / STATION2-R,8926271,247,3356919221,2024-09-07T03:44:39Z,2024-09-07T03:45:18Z,,0.000000,0.0,membership,Payment by membership account and/or membership card,USCPIE5346231*1
ChargePoint Network,,,12989161,12989161,BTES / CITY HALL,22285821,3,3379643411,2024-09-17T02:21:53Z,2024-09-17T04:00:59Z,,11.913818,7.3179,membership,Payment by membership account and/or membership card,USCPIE12989161*2
ChargePoint Network,,,1988061,1988061,7SPC / SCES DOLLYWOOD,25499831,3,3375880501,2024-09-15T14:05:54Z,2024-09-15T19:24:29Z,,27.844671,7.0543,membership,Payment by membership account and/or membership card,USCPIE1988061*1
ChargePoint Network,,,13290491,13290491,7SPC / NASA USSRC L,25742681,3,3375878161,2024-09-15T14:03:27Z,2024-09-15T16:22:53Z,,0.034689,2.6644,credit_card_terminal,Payment via credit card or debit card terminal,USCPIE13290491*2
ChargePoint Network,,,5346231,5346231,CULLMANELECTRIC / STATION2-R,8926271,247,3402364411,2024-09-26T12:39:31Z,2024-09-26T13:15:13Z,,33.599499,65.01,membership,Payment by membership account and/or membership card,USCPIE5346231*1
ChargePoint Network,,,8851921,8851921,7SPC / SEVIERVILLE DC1,15571271,207,3385889581,2024-09-19T14:55:05Z,2024-09-19T16:13:10Z,,43.362801,59.669,membership,Payment by membership account and/or membership card,USCPIE8851921*1
ChargePoint Network,,,1988061,1988061,7SPC / SCES DOLLYWOOD,25499841,3,3377870741,2024-09-16T14:02:39Z,2024-09-16T14:04:39Z,,0.000000,0.0,credit_card_terminal,Payment via credit card or debit card terminal,USCPIE1988061*2
ChargePoint Network,,,13606141,13606141,I24 EXIT11 / STATION 1 (LL),22992611,247,3384372891,2024-09-18T22:28:12Z,2024-09-18T22:36:05Z,,12.559900,112.008,credit_card_terminal,Payment via credit card or debit card terminal,USCPIE13606141*1
ChargePoint Network,,,12754021,12754021,WCMES / CITYHALL1-L,22015241,247,3359956261,2024-09-08T21:59:10Z,2024-09-08T22:16:24Z,,19.471001,71.76,membership,Payment by membership account and/or membership card,USCPIE12754021*1
ChargePoint Network,,,14047321,14047321,JEFFERSON AVE. / OXFORD STA2(R),23514081,247,3368128681,2024-09-12T01:22:16Z,2024-09-12T01:35:52Z,,15.902100,73.061,membership,Payment by membership account and/or membership card,USCPIE14047321*1
ChargePoint Network,,,5354011,5354011,7SPC / GREENEVILLE TA,,,3372429181,2024-09-13T18:57:17Z,2024-09-13T18:59:17Z,,0.000000,,membership,Payment by membership account and/or membership card,USCPIE5354011*0
ChargePoint Network,,,5122191,5122191,CULLMANELECTRIC / STATION1-L,8482151,247,3402182061,2024-09-26T10:40:01Z,2024-09-26T10:49:55Z,,6.564300,48.979,membership,Payment by membership account and/or membership card,USCPIE5122191*1
ChargePoint Network,,,15694171,15694171,BRIGHTRIDGE EV / STATION 1 (L),25292041,247,3376271921,2024-09-15T18:34:02Z,2024-09-15T19:14:08Z,,58.659801,123.199,membership,Payment by membership account and/or membership card,USCPIE15694171*1
ChargePoint Network,,,15885251,15885251,TWICKENHAM SQ / HU - STATION 1,25520941,247,3359988421,2024-09-08T22:16:22Z,2024-09-08T23:00:38Z,,65.280098,96.064,membership,Payment by membership account and/or membership card,USCPIE15885251*1
ChargePoint Network,,,16249951,16249951,STARKVILLE UTIL / STATION 2 (R),25959201,247,3407779171,2024-09-28T17:05:25Z,2024-09-28T17:15:50Z,,12.053500,74.676,membership,Payment by membership account and/or membership card,USCPIE16249951*1
ChargePoint Network,,,5414151,5414151,7SPC / UC - CARTHAGE,9014641,3,3342945581,2024-09-01T02:08:21Z,2024-09-01T19:43:10Z,,78.228561,3.8452,membership,Payment by membership account and/or membership card,USCPIE5414151*1
ChargePoint Network,,,13606061,13606061,I24 EXIT11 / STATION 4 (RR),22992511,247,3343846501,2024-09-01T18:51:56Z,2024-09-01T19:12:38Z,,23.375700,70.844,membership,Payment by membership account and/or membership card,USCPIE13606061*1
ChargePoint Network,,,15694171,15694171,BRIGHTRIDGE EV / STATION 1 (L),25292041,247,3375383061,2024-09-15T02:36:36Z,2024-09-15T03:46:39Z,,44.149200,75.199,membership,Payment by membership account and/or membership card,USCPIE15694171*1
ChargePoint Network,,,13966031,13966031,BEA / STATION 4 (RR),23419961,247,3354982291,2024-09-06T13:45:15Z,2024-09-06T14:20:55Z,,41.245300,72.127,membership,Payment by membership account and/or membership card,USCPIE13966031*1
ChargePoint Network,,,13290491,13290491,7SPC / NASA USSRC L,25742681,3,3354808251,2024-09-06T12:14:20Z,2024-09-06T17:19:15Z,,20.758823,5.8832,membership,Payment by membership account and/or membership card,USCPIE13290491*2
ChargePoint Network,,,8851921,8851921,7SPC / SEVIERVILLE DC1,15571271,207,3382680151,2024-09-18T10:24:23Z,2024-09-18T10:47:56Z,,20.040001,55.594,membership,Payment by membership account and/or membership card,USCPIE8851921*1
ChargePoint Network,,,8851921,8851921,7SPC / SEVIERVILLE DC1,15571271,207,3355483371,2024-09-06T16:52:36Z,2024-09-06T17:21:20Z,,24.362900,60.741,membership,Payment by membership account and/or membership card,USCPIE8851921*1
ChargePoint Network,,,13606141,13606141,I24 EXIT11 / STATION 1 (LL),22992611,247,3372282801,2024-09-13T17:52:25Z,2024-09-13T18:10:28Z,,25.826300,119.349,membership,Payment by membership account and/or membership card,USCPIE13606141*1
ChargePoint Network,,,15885771,15885771,TWICKENHAM SQ / HU - STATION 4,25521581,247,3345373481,2024-09-02T18:00:13Z,2024-09-02T18:18:07Z,,24.843300,87.821,membership,Payment by membership account and/or membership card,USCPIE15885771*1
ChargePoint Network,,,9677521,9677521,UT PARKING / S7 STATION 1,17169341,3,3363772771,2024-09-10T14:07:41Z,2024-09-10T16:44:32Z,,18.375702,7.208,membership,Payment by membership account and/or membership card,USCPIE9677521*2
ChargePoint Network,,,5466441,5466441,7SPC / NASA USSRC R,9079361,3,3385674031,2024-09-19T13:22:48Z,2024-09-19T16:11:41Z,,3.945964,3.2993,membership,Payment by membership account and/or membership card,USCPIE5466441*1
ChargePoint Network,,,12720881,12720881,WRECC / STATION 1,,,3369185241,2024-09-12T14:51:21Z,2024-09-12T14:53:22Z,,0.000000,,other,Any other payment method not specified above. Additional description should be provided in Payment Method Description.,USCPIE12720881*0
ChargePoint Network,,,15548151,15548151,DECATURDOWNTWN / STATION 1 (R),25119511,247,3366996051,2024-09-11T17:34:25Z,2024-09-11T17:55:37Z,,25.675400,75.239,credit_card_terminal,Payment via credit card or debit card terminal,USCPIE15548151*1
ChargePoint Network,,,14047321,14047321,JEFFERSON AVE. / OXFORD STA2(R),23514081,247,3373854001,2024-09-14T07:37:57Z,2024-09-14T07:55:55Z,,21.362700,73.43,membership,Payment by membership account and/or membership card,USCPIE14047321*1
ChargePoint Network,,,8851921,8851921,7SPC / SEVIERVILLE DC1,15571271,207,3348786161,2024-09-04T01:56:44Z,2024-09-04T02:43:05Z,,34.341801,54.167,membership,Payment by membership account and/or membership card,USCPIE8851921*1
ChargePoint Network,,,1921351,1921351,STARKVILLE UTIL / STARKVILLE DWTN,23682581,3,3348983071,2024-09-04T03:44:26Z,2024-09-04T03:48:47Z,,0.431342,7.5168,membership,Payment by membership account and/or membership card,USCPIE1921351*2
ChargePoint Network,,,15885151,15885151,TWICKENHAM SQ / HU - STATION 2,25520801,247,3355136541,2024-09-06T14:53:16Z,2024-09-06T15:28:05Z,,28.117399,63.895,membership,Payment by membership account and/or membership card,USCPIE15885151*1
ChargePoint Network,,,13423691,13423691,AEC / STATION #1 (L),22787121,247,3371696481,2024-09-13T14:01:29Z,2024-09-13T14:08:59Z,,8.104900,0.0,membership,Payment by membership account and/or membership card,USCPIE13423691*1
ChargePoint Network,,,15885151,15885151,TWICKENHAM SQ / HU - STATION 2,25520801,247,3370515591,2024-09-12T23:31:18Z,2024-09-13T01:01:31Z,,51.337299,70.167,membership,Payment by membership account and/or membership card,USCPIE15885151*1
ChargePoint Network,,,14047321,14047321,JEFFERSON AVE. / OXFORD STA2(R),,,3389434761,2024-09-20T20:38:37Z,2024-09-20T20:40:54Z,,0.000000,,credit_card_terminal,Payment via credit card or debit card terminal,USCPIE14047321*0
ChargePoint Network,,,14097801,14097801,SCOTTSBORO EPB / SEPB DCFC (L),23570921,247,3408090391,2024-09-28T19:54:01Z,2024-09-28T20:16:36Z,,25.561300,72.93,membership,Payment by membership account and/or membership card,USCPIE14097801*1
ChargePoint Network,,,5565241,5565241,7SPC / SCES LECONTE 4,9205111,3,3345635111,2024-09-02T20:43:41Z,2024-09-02T22:44:40Z,,6.320570,3.7542,membership,Payment by membership account and/or membership card,USCPIE5565241*2
ChargePoint Network,,,13606121,13606121,I24 EXIT11 / STATION 2 (LM),22992591,247,3345094191,2024-09-02T14:37:35Z,2024-09-02T15:15:38Z,,57.629200,102.051,credit_card_terminal,Payment via credit card or debit card terminal,USCPIE13606121*1
ChargePoint Network,,,1933211,1933211,BRIGHTRIDGE EV / BR-JONESBOROUGH,2283641,3,3345456511,2024-09-02T18:54:48Z,2024-09-03T02:04:05Z,,42.603085,6.1139,membership,Payment by membership account and/or membership card,USCPIE1933211*2
ChargePoint Network,,,15885151,15885151,TWICKENHAM SQ / HU - STATION 2,25520801,247,3409307391,2024-09-29T13:55:55Z,2024-09-29T14:30:13Z,,54.188400,121.482,membership,Payment by membership account and/or membership card,USCPIE15885151*1
ChargePoint Network,,,5466441,5466441,7SPC / NASA USSRC R,9079371,3,3376335211,2024-09-15T19:10:46Z,2024-09-15T21:10:27Z,,12.349156,6.2856,credit_card_terminal,Payment via credit card or debit card terminal,USCPIE5466441*2
ChargePoint Network,,,5122191,5122191,CULLMANELECTRIC / STATION1-L,8482151,247,3351107201,2024-09-04T23:41:00Z,2024-09-05T00:02:49Z,,15.805100,45.879,membership,Payment by membership account and/or membership card,USCPIE5122191*1
ChargePoint Network,,,15332321,15332321,TUA NW ATLANTIC / STATION 1 (L),24867861,247,3396876261,2024-09-24T11:09:24Z,2024-09-24T11:23:36Z,,8.955400,45.262,membership,Payment by membership account and/or membership card,USCPIE15332321*1
ChargePoint Network,,,15885251,15885251,TWICKENHAM SQ / HU - STATION 1,25520941,247,3375933391,2024-09-15T14:56:00Z,2024-09-15T16:10:01Z,,64.797997,121.941,membership,Payment by membership account and/or membership card,USCPIE15885251*1
ChargePoint Network,,,15548151,15548151,DECATURDOWNTWN / STATION 1 (R),25119511,247,3374549771,2024-09-14T18:58:39Z,2024-09-14T20:06:48Z,,67.827003,74.663,membership,Payment by membership account and/or membership card,USCPIE15548151*1
ChargePoint Network,,,14047321,14047321,JEFFERSON AVE. / OXFORD STA2(R),23514081,100011,3403496611,2024-09-26T20:08:40Z,2024-09-26T20:29:57Z,,4.442300,39.303,membership,Payment by membership account and/or membership card,USCPIE14047321*1
ChargePoint Network,,,14097711,14097711,SCOTTSBORO EPB / SEPB DCFC (R),23570811,247,3392958451,2024-09-22T17:50:23Z,2024-09-22T18:23:13Z,,20.967100,53.65,membership,Payment by membership account and/or membership card,USCPIE14097711*1
ChargePoint Network,,,16022131,16022131,ACEPA / ACE STATION 1,25683791,247,3345103171,2024-09-02T14:47:25Z,2024-09-02T15:14:03Z,,32.518600,118.426,membership,Payment by membership account and/or membership card,USCPIE16022131*1
ChargePoint Network,,,5525971,5525971,7SPC / SPARTA TN,9154691,3,3343946731,2024-09-01T19:54:18Z,2024-09-01T22:11:10Z,,15.934185,7.1969,membership,Payment by membership account and/or membership card,USCPIE5525971*2
ChargePoint Network,,,14337501,14337501,HOLSTONELECTRIC / CHURCH HILL-2,23845091,247,3348117601,2024-09-03T21:27:23Z,2024-09-03T22:01:48Z,,39.920502,76.199,membership,Payment by membership account and/or membership card,USCPIE14337501*1
ChargePoint Network,,,14097711,14097711,SCOTTSBORO EPB / SEPB DCFC (R),23570811,247,3379487841,2024-09-17T01:02:00Z,2024-09-17T01:22:04Z,,23.036900,71.148,membership,Payment by membership account and/or membership card,USCPIE14097711*1
ChargePoint Network,,,14047321,14047321,JEFFERSON AVE. / OXFORD STA2(R),23514081,247,3407733601,2024-09-28T16:39:44Z,2024-09-28T17:11:56Z,,32.252602,70.29,membership,Payment by membership account and/or membership card,USCPIE14047321*1
ChargePoint Network,,,14083151,14083151,STEMC / STATION 2 (R) H,23554701,247,3396395391,2024-09-24T02:06:53Z,2024-09-24T03:27:29Z,,46.184200,52.243,membership,Payment by membership account and/or membership card,USCPIE14083151*1
ChargePoint Network,,,13659831,13659831,LAWRENCEBURG / STATION 1 (L),23054881,247,3343736141,2024-09-01T17:41:03Z,2024-09-01T17:57:18Z,,17.802099,84.513,membership,Payment by membership account and/or membership card,USCPIE13659831*1
ChargePoint Network,,,13606091,13606091,I24 EXIT11 / STATION 3 (RM),22992551,247,3350977441,2024-09-04T22:50:17Z,2024-09-05T00:00:37Z,,70.712799,78.596,credit_card_terminal,Payment via credit card or debit card terminal,USCPIE13606091*1
ChargePoint Network,,,13643801,13643801,PEPA / STATION 2,23036481,247,3406596161,2024-09-28T00:10:54Z,2024-09-28T00:32:05Z,,22.225700,72.517,membership,Payment by membership account and/or membership card,USCPIE13643801*1
ChargePoint Network,,,15684341,15684341,MLEC / STATION 2 (R) W,25280201,247,3376339541,2024-09-15T19:13:55Z,2024-09-15T20:03:48Z,,35.766499,54.167,membership,Payment by membership account and/or membership card,USCPIE15684341*1
ChargePoint Network,,,13664471,13664471,BTES / STATION 3 (RM),23060511,247,3400526911,2024-09-25T18:02:24Z,2024-09-25T18:34:02Z,,23.851601,75.056,membership,Payment by membership account and/or membership card,USCPIE13664471*1
ChargePoint Network,,,13606061,13606061,I24 EXIT11 / STATION 4 (RR),22992511,247,3384282881,2024-09-18T21:52:59Z,2024-09-18T22:33:36Z,,31.551701,50.179,membership,Payment by membership account and/or membership card,USCPIE13606061*1
ChargePoint Network,,,15694171,15694171,BRIGHTRIDGE EV / STATION 1 (L),,,3343838271,2024-09-01T18:46:07Z,2024-09-01T18:47:09Z,,0.000000,,membership,Payment by membership account and/or membership card,USCPIE15694171*0
ChargePoint Network,,,14049761,14049761,PARIS BPU / STATION 2(R),23516951,247,3402616471,2024-09-26T14:33:10Z,2024-09-26T15:16:36Z,,51.173199,75.777,membership,Payment by membership account and/or membership card,USCPIE14049761*1
ChargePoint Network,,,15694171,15694171,BRIGHTRIDGE EV / STATION 1 (L),25292041,100011,3367560001,2024-09-11T21:36:16Z,2024-09-11T21:41:31Z,,3.460700,0.0,membership,Payment by membership account and/or membership card,USCPIE15694171*1
ChargePoint Network,,,14047321,14047321,JEFFERSON AVE. / OXFORD STA2(R),23514081,247,3391191031,2024-09-21T17:51:58Z,2024-09-21T17:53:10Z,,0.000000,0.0,credit_card_terminal,Payment via credit card or debit card terminal,USCPIE14047321*1
ChargePoint Network,,,12406401,12406401,FPIA / RIGHT STATION,21527671,247,3355736811,2024-09-06T18:50:03Z,2024-09-06T19:24:52Z,,30.765499,64.222,membership,Payment by membership account and/or membership card,USCPIE12406401*1
ChargePoint Network,,,12720861,12720861,WRECC / STATION 2,21977121,247,3388493391,2024-09-20T14:25:49Z,2024-09-20T14:51:30Z,,29.477501,72.236,credit_card_terminal,Payment via credit card or debit card terminal,USCPIE12720861*1
ChargePoint Network,,,13423691,13423691,AEC / STATION #1 (L),22787121,247,3349483011,2024-09-04T12:55:07Z,2024-09-04T12:55:21Z,,0.000000,0.0,membership,Payment by membership account and/or membership card,USCPIE13423691*1
ChargePoint Network,,,1921351,1921351,STARKVILLE UTIL / STARKVILLE DWTN,23682571,3,3391467281,2024-09-21T20:23:17Z,2024-09-21T21:20:36Z,,6.936006,7.3746,membership,Payment by membership account and/or membership card,USCPIE1921351*1
ChargePoint Network,,,15885251,15885251,TWICKENHAM SQ / HU - STATION 1,25520941,247,3345537201,2024-09-02T19:43:57Z,2024-09-02T20:17:20Z,,49.051899,95.608,membership,Payment by membership account and/or membership card,USCPIE15885251*1
ChargePoint Network,,,15885771,15885771,TWICKENHAM SQ / HU - STATION 4,25521581,100011,3352765571,2024-09-05T16:30:26Z,2024-09-05T17:37:30Z,,10.231900,33.023,other,Any other payment method not specified above. Additional description should be provided in Payment Method Description.,USCPIE15885771*1
ChargePoint Network,,,16372091,16372091,DOWNTOWN MURPHY / MPB STATION 2,26102611,100011,3392916181,2024-09-22T17:24:27Z,2024-09-22T18:46:19Z,,27.283701,23.391,membership,Payment by membership account and/or membership card,USCPIE16372091*1
ChargePoint Network,,,13966031,13966031,BEA / STATION 4 (RR),23419961,247,3393507501,2024-09-22T22:49:19Z,2024-09-22T23:03:04Z,,15.308000,74.226,membership,Payment by membership account and/or membership card,USCPIE13966031*1
ChargePoint Network,,,16093931,16093931,BCES / CSN-01577436,,,3344169331,2024-09-01T22:11:21Z,2024-09-01T22:13:23Z,,0.000000,0.0,membership,Payment by membership account and/or membership card,USCPIE16093931*0
ChargePoint Network,,,15623231,15623231,CLW / 5TH ST 1 (L),,,3386023241,2024-09-19T15:33:35Z,2024-09-19T15:33:59Z,,0.000000,,membership,Payment by membership account and/or membership card,USCPIE15623231*0
ChargePoint Network,,,15885251,15885251,TWICKENHAM SQ / HU - STATION 1,25520941,247,3392497331,2024-09-22T08:53:44Z,2024-09-22T09:28:34Z,,38.431400,72.889,credit_card_terminal,Payment via credit card or debit card terminal,USCPIE15885251*1
ChargePoint Network,,,12720861,12720861,WRECC / STATION 2,21977121,247,3361380971,2024-09-09T15:18:02Z,2024-09-09T15:35:20Z,,13.786900,53.549,membership,Payment by membership account and/or membership card,USCPIE12720861*1
ChargePoint Network,,,15815141,15815141,GEA-1 / STATION 1 (L),25435121,247,3407620011,2024-09-28T15:31:15Z,2024-09-28T15:31:31Z,,0.000000,0.0,membership,Payment by membership account and/or membership card,USCPIE15815141*1
ChargePoint Network,,,15885251,15885251,TWICKENHAM SQ / HU - STATION 1,25520941,247,3410279661,2024-09-29T23:31:25Z,2024-09-30T00:10:55Z,,37.167702,59.865,membership,Payment by membership account and/or membership card,USCPIE15885251*1
ChargePoint Network,,,1921351,1921351,STARKVILLE UTIL / STARKVILLE DWTN,23682571,3,3371747541,2024-09-13T14:26:26Z,2024-09-13T18:34:36Z,,30.209963,7.3664,membership,Payment by membership account and/or membership card,USCPIE1921351*1
ChargePoint Network,,,8851921,8851921,7SPC / SEVIERVILLE DC1,15571271,207,3409478561,2024-09-29T16:13:37Z,2024-09-29T16:48:21Z,,32.554600,59.057,membership,Payment by membership account and/or membership card,USCPIE8851921*1
ChargePoint Network,,,14337221,14337221,HOLSTONELECTRIC / CHURCH HILL-1,23844801,100011,3371420231,2024-09-13T11:20:53Z,2024-09-13T11:53:31Z,,25.389999,53.2,credit_card_terminal,Payment via credit card or debit card terminal,USCPIE14337221*1
ChargePoint Network,,,15623211,15623211,CLW / 5TH ST 2 (R),25208281,247,3359457061,2024-09-08T17:15:21Z,2024-09-08T19:05:18Z,,86.422302,72.693,credit_card_terminal,Payment via credit card or debit card terminal,USCPIE15623211*1
ChargePoint Network,,,15836981,15836981,TOMBIGBEE / STATION 4,25462651,247,3387269711,2024-09-19T23:46:03Z,2024-09-20T00:00:30Z,,27.078800,122.094,membership,Payment by membership account and/or membership card,USCPIE15836981*1
ChargePoint Network,,,7505851,7505851,JEFFERSON AVE. / OXFORD STA1(L),12955471,247,3354103421,2024-09-06T01:29:01Z,2024-09-06T02:18:52Z,,59.973499,78.012,credit_card_terminal,Payment via credit card or debit card terminal,USCPIE7505851*1
ChargePoint Network,,,14049761,14049761,PARIS BPU / STATION 2(R),23516951,247,3403391631,2024-09-26T19:27:22Z,2024-09-26T19:49:23Z,,12.895700,54.75,credit_card_terminal,Payment via credit card or debit card terminal,USCPIE14049761*1
ChargePoint Network,,,13966051,13966051,BEA / STATION 3 (RM),23419981,247,3360322141,2024-09-09T01:04:52Z,2024-09-09T02:01:03Z,,44.793800,73.481,membership,Payment by membership account and/or membership card,USCPIE13966051*1
ChargePoint Network,,,8851921,8851921,7SPC / SEVIERVILLE DC1,15571271,207,3386906671,2024-09-19T21:24:23Z,2024-09-19T22:36:18Z,,40.021500,54.316,membership,Payment by membership account and/or membership card,USCPIE8851921*1
ChargePoint Network,,,5466441,5466441,7SPC / NASA USSRC R,9079371,3,3345521631,2024-09-02T19:35:15Z,2024-09-02T22:03:22Z,,14.542472,6.2777,membership,Payment by membership account and/or membership card,USCPIE5466441*2
ChargePoint Network,,,12406401,12406401,FPIA / RIGHT STATION,21527671,247,3376805721,2024-09-15T23:20:20Z,2024-09-16T00:32:31Z,,89.239502,87.861,membership,Payment by membership account and/or membership card,USCPIE12406401*1
ChargePoint Network,,,14047321,14047321,JEFFERSON AVE. / OXFORD STA2(R),23514081,247,3393976951,2024-09-23T03:11:13Z,2024-09-23T04:40:46Z,,66.268402,73.108,membership,Payment by membership account and/or membership card,USCPIE14047321*1
ChargePoint Network,,,16249821,16249821,STARKVILLE UTIL / STATION 1 (L),25959011,247,3389836351,2024-09-20T23:35:18Z,2024-09-21T00:04:34Z,,14.047900,37.27,membership,Payment by membership account and/or membership card,USCPIE16249821*1
ChargePoint Network,,,5414151,5414151,7SPC / UC - CARTHAGE,9014641,3,3400451541,2024-09-25T17:27:17Z,2024-09-25T18:02:36Z,,4.108361,7.1469,membership,Payment by membership account and/or membership card,USCPIE5414151*1
ChargePoint Network,,,8851921,8851921,7SPC / SEVIERVILLE DC1,,,3356018951,2024-09-06T20:43:44Z,2024-09-06T20:45:45Z,,0.000000,,other,Any other payment method not specified above. Additional description should be provided in Payment Method Description.,USCPIE8851921*0
ChargePoint Network,,,15694081,15694081,BRIGHTRIDGE EV / STATION 2 (R),25291921,247,3374101311,2024-09-14T14:36:02Z,2024-09-14T15:09:07Z,,48.758499,123.379,membership,Payment by membership account and/or membership card,USCPIE15694081*1
ChargePoint Network,,,1932851,1932851,BRIGHTRIDGE EV / BR-JC LIBRARY,23319821,3,3408545041,2024-09-28T23:55:55Z,2024-09-29T00:41:27Z,,5.558538,7.4592,membership,Payment by membership account and/or membership card,USCPIE1932851*2
ChargePoint Network,,,5466441,5466441,7SPC / NASA USSRC R,9079361,3,3409877681,2024-09-29T20:04:28Z,2024-09-29T22:13:08Z,,13.167063,6.2395,membership,Payment by membership account and/or membership card,USCPIE5466441*1
ChargePoint Network,,,5346231,5346231,CULLMANELECTRIC / STATION2-R,8926271,247,3363580661,2024-09-10T12:42:19Z,2024-09-10T12:43:38Z,,0.068700,0.0,membership,Payment by membership account and/or membership card,USCPIE5346231*1
ChargePoint Network,,,15548181,15548181,DECATURDOWNTWN / STATION 2 (L),25119551,247,3350739341,2024-09-04T21:17:10Z,2024-09-04T22:31:56Z,,70.454201,75.851,membership,Payment by membership account and/or membership card,USCPIE15548181*1
ChargePoint Network,,,13606091,13606091,I24 EXIT11 / STATION 3 (RM),22992551,247,3362374771,2024-09-09T22:01:51Z,2024-09-09T22:51:46Z,,74.936600,94.86,credit_card_terminal,Payment via credit card or debit card terminal,USCPIE13606091*1
ChargePoint Network,,,15836981,15836981,TOMBIGBEE / STATION 4,25462651,247,3409568701,2024-09-29T17:09:43Z,2024-09-29T18:26:16Z,,51.243900,54.534,membership,Payment by membership account and/or membership card,USCPIE15836981*1
ChargePoint Network,,,15885251,15885251,TWICKENHAM SQ / HU - STATION 1,25520941,247,3376183531,2024-09-15T17:39:32Z,2024-09-15T17:41:41Z,,0.000000,0.0,credit_card_terminal,Payment via credit card or debit card terminal,USCPIE15885251*1
ChargePoint Network,,,5122191,5122191,CULLMANELECTRIC / STATION1-L,8482151,247,3363385931,2024-09-10T10:26:57Z,2024-09-10T10:33:37Z,,4.778600,48.484,membership,Payment by membership account and/or membership card,USCPIE5122191*1
ChargePoint Network,,,8851921,8851921,7SPC / SEVIERVILLE DC1,15571271,207,3360185341,2024-09-08T23:56:01Z,2024-09-09T00:12:14Z,,8.502700,60.214,other,Any other payment method not specified above. Additional description should be provided in Payment Method Description.,USCPIE8851921*1
ChargePoint Network,,,13861861,13861861,BRMEMC / STATION 1,23296281,247,3350360461,2024-09-04T18:43:21Z,2024-09-04T19:12:07Z,,38.257000,81.536,membership,Payment by membership account and/or membership card,USCPIE13861861*1
ChargePoint Network,,,15548181,15548181,DECATURDOWNTWN / STATION 2 (L),25119551,247,3364790431,2024-09-10T20:42:44Z,2024-09-10T22:00:51Z,,29.287500,53.949,membership,Payment by membership account and/or membership card,USCPIE15548181*1
ChargePoint Network,,,5565241,5565241,7SPC / SCES LECONTE 4,9205101,3,3352253381,2024-09-05T13:33:28Z,2024-09-05T13:50:39Z,,1.944548,6.9599,membership,Payment by membership account and/or membership card,USCPIE5565241*1
ChargePoint Network,,,1844191,1844191,CLW / MAIN ST,23050431,3,3409266541,2024-09-29T13:04:50Z,2024-09-29T16:59:48Z,,28.350260,7.341,credit_card_terminal,Payment via credit card or debit card terminal,USCPIE1844191*1
ChargePoint Network,,,5565251,5565251,7SPC / SCES LECONTE 3,9205121,3,3375362761,2024-09-15T02:22:36Z,2024-09-15T12:44:15Z,,60.902821,0.0,membership,Payment by membership account and/or membership card,USCPIE5565251*1
ChargePoint Network,,,7505851,7505851,JEFFERSON AVE. / OXFORD STA1(L),12955471,100011,3389289571,2024-09-20T19:41:38Z,2024-09-20T19:42:55Z,,0.000000,0.0,membership,Payment by membership account and/or membership card,USCPIE7505851*1
ChargePoint Network,,,14097711,14097711,SCOTTSBORO EPB / SEPB DCFC (R),23570811,247,3343153651,2024-09-01T04:35:48Z,2024-09-01T05:06:11Z,,35.267799,74.111,membership,Payment by membership account and/or membership card,USCPIE14097711*1
ChargePoint Network,,,16022131,16022131,ACEPA / ACE STATION 1,25683791,247,3388630691,2024-09-20T15:17:16Z,2024-09-20T15:33:24Z,,19.519699,79.379,membership,Payment by membership account and/or membership card,USCPIE16022131*1
ChargePoint Network,,,14047321,14047321,JEFFERSON AVE. / OXFORD STA2(R),23514081,247,3380484841,2024-09-17T14:33:17Z,2024-09-17T14:34:10Z,,0.000000,0.0,membership,Payment by membership account and/or membership card,USCPIE14047321*1
ChargePoint Network,,,15548181,15548181,DECATURDOWNTWN / STATION 2 (L),25119551,247,3350725491,2024-09-04T21:11:05Z,2024-09-04T21:11:41Z,,0.000000,0.0,membership,Payment by membership account and/or membership card,USCPIE15548181*1
ChargePoint Network,,,1988141,1988141,7SPC / SCES DREAM MORE,2355561,3,3356968141,2024-09-07T04:04:19Z,2024-09-07T04:22:10Z,,2.082990,7.2403,membership,Payment by membership account and/or membership card,USCPIE1988141*1
ChargePoint Network,,,13659831,13659831,LAWRENCEBURG / STATION 1 (L),23054881,247,3373029791,2024-09-13T23:11:37Z,2024-09-13T23:24:00Z,,12.296100,66.199,membership,Payment by membership account and/or membership card,USCPIE13659831*1
ChargePoint Network,,,5346231,5346231,CULLMANELECTRIC / STATION2-R,8926271,247,3356345311,2024-09-06T23:01:59Z,2024-09-07T00:07:09Z,,40.003201,72.496,membership,Payment by membership account and/or membership card,USCPIE5346231*1
ChargePoint Network,,,13966051,13966051,BEA / STATION 3 (RM),,,3407928011,2024-09-28T18:26:44Z,2024-09-28T18:27:33Z,,0.000000,,credit_card_terminal,Payment via credit card or debit card terminal,USCPIE13966051*0
ChargePoint Network,,,15885771,15885771,TWICKENHAM SQ / HU - STATION 4,25521581,247,3361800661,2024-09-09T17:55:48Z,2024-09-09T18:12:54Z,,18.559299,69.934,credit_card_terminal,Payment via credit card or debit card terminal,USCPIE15885771*1
ChargePoint Network,,,5380331,5380331,CULLMAN PB / STATION 1,8970961,3,3369741181,2024-09-12T18:15:01Z,2024-09-12T18:24:52Z,,1.072354,,membership,Payment by membership account and/or membership card,USCPIE5380331*2
ChargePoint Network,,,8851921,8851921,7SPC / SEVIERVILLE DC1,15571271,207,3399698771,2024-09-25T12:41:57Z,2024-09-25T13:31:33Z,,33.736198,53.193,membership,Payment by membership account and/or membership card,USCPIE8851921*1
ChargePoint Network,,,13659871,13659871,LAWRENCEBURG / STATION 2 (R),23054921,247,3384368121,2024-09-18T22:26:33Z,2024-09-18T22:52:14Z,,24.997601,70.722,membership,Payment by membership account and/or membership card,USCPIE13659871*1
ChargePoint Network,,,13606061,13606061,I24 EXIT11 / STATION 4 (RR),22992511,247,3345068991,2024-09-02T14:12:44Z,2024-09-02T14:28:56Z,,12.251600,52.772,membership,Payment by membership account and/or membership card,USCPIE13606061*1
ChargePoint Network,,,13861891,13861891,BRMEMC / STATION 2,23296321,247,3386782721,2024-09-19T20:35:05Z,2024-09-19T21:07:27Z,,36.084000,72.127,membership,Payment by membership account and/or membership card,USCPIE13861891*1
ChargePoint Network,,,14337221,14337221,HOLSTONELECTRIC / CHURCH HILL-1,23844801,100011,3388089631,2024-09-20T10:37:47Z,2024-09-20T11:35:28Z,,40.990700,53.58,credit_card_terminal,Payment via credit card or debit card terminal,USCPIE14337221*1
ChargePoint Network,,,13292801,13292801,LODGE CAST IRON / STORE & MUSEUM,22637561,3,3392729821,2024-09-22T15:21:49Z,2024-09-22T16:49:21Z,,8.703696,6.2845,credit_card_terminal,Payment via credit card or debit card terminal,USCPIE13292801*2
ChargePoint Network,,,13026471,13026471,WCMES / CITYHALL2-R,22328331,247,3381384981,2024-09-17T20:21:41Z,2024-09-17T20:24:56Z,,0.000000,0.0,membership,Payment by membership account and/or membership card,USCPIE13026471*1
ChargePoint Network,,,5122191,5122191,CULLMANELECTRIC / STATION1-L,8482151,247,3404549361,2024-09-27T03:55:01Z,2024-09-27T04:28:20Z,,23.168200,62.914,credit_card_terminal,Payment via credit card or debit card terminal,USCPIE5122191*1
ChargePoint Network,,,12676411,12676411,NEMEPA / NEMEPA CUSTOMER,21923891,3,3358452031,2024-09-08T00:07:29Z,2024-09-08T00:22:35Z,,1.464076,6.1353,credit_card_terminal,Payment via credit card or debit card terminal,USCPIE12676411*1
ChargePoint Network,,,14047321,14047321,JEFFERSON AVE. / OXFORD STA2(R),23514081,247,3359271241,2024-09-08T15:09:48Z,2024-09-08T15:10:48Z,,0.000000,0.0,credit_card_terminal,Payment via credit card or debit card terminal,USCPIE14047321*1
ChargePoint Network,,,14047321,14047321,JEFFERSON AVE. / OXFORD STA2(R),23514081,247,3389126861,2024-09-20T18:31:30Z,2024-09-20T18:32:40Z,,0.000000,0.0,credit_card_terminal,Payment via credit card or debit card terminal,USCPIE14047321*1
ChargePoint Network,,,8851921,8851921,7SPC / SEVIERVILLE DC1,15571271,207,3375565201,2024-09-15T04:44:25Z,2024-09-15T05:10:14Z,,22.425600,54.824,membership,Payment by membership account and/or membership card,USCPIE8851921*1
ChargePoint Network,,,14083171,14083171,STEMC / STATION 1 (L) H,23554721,247,3366023901,2024-09-11T10:03:38Z,2024-09-11T10:40:24Z,,37.113602,71.148,membership,Payment by membership account and/or membership card,USCPIE14083171*1
ChargePoint Network,,,5346231,5346231,CULLMANELECTRIC / STATION2-R,8926271,247,3391384351,2024-09-21T19:38:09Z,2024-09-21T19:38:53Z,,0.000000,0.0,membership,Payment by membership account and/or membership card,USCPIE5346231*1
ChargePoint Network,,,5565291,5565291,7SPC / SCES LECONTE 1,9205191,3,3400739071,2024-09-25T19:35:11Z,2024-09-25T21:10:36Z,,5.163276,3.7386,credit_card_terminal,Payment via credit card or debit card terminal,USCPIE5565291*1
ChargePoint Network,,,13861891,13861891,BRMEMC / STATION 2,23296321,247,3369616791,2024-09-12T17:18:10Z,2024-09-12T17:41:06Z,,16.685801,46.215,membership,Payment by membership account and/or membership card,USCPIE13861891*1
ChargePoint Network,,,14097711,14097711,SCOTTSBORO EPB / SEPB DCFC (R),23570811,247,3376858501,2024-09-15T23:46:53Z,2024-09-16T00:11:58Z,,31.851999,81.18,membership,Payment by membership account and/or membership card,USCPIE14097711*1
ChargePoint Network,,,13861891,13861891,BRMEMC / STATION 2,23296321,247,3343653931,2024-09-01T16:46:20Z,2024-09-01T17:00:39Z,,15.575900,70.004,membership,Payment by membership account and/or membership card,USCPIE13861891*1
ChargePoint Network,,,1988061,1988061,7SPC / SCES DOLLYWOOD,25499831,3,3345092871,2024-09-02T14:37:01Z,2024-09-02T20:10:49Z,,14.606907,7.0385,membership,Payment by membership account and/or membership card,USCPIE1988061*1
ChargePoint Network,,,8851921,8851921,7SPC / SEVIERVILLE DC1,15571271,207,3403993141,2024-09-26T23:31:19Z,2024-09-27T00:08:27Z,,34.015900,57.299,membership,Payment by membership account and/or membership card,USCPIE8851921*1
ChargePoint Network,,,7505851,7505851,JEFFERSON AVE. / OXFORD STA1(L),12955471,100011,3356363951,2024-09-06T23:10:17Z,2024-09-06T23:30:19Z,,6.646500,21.01,membership,Payment by membership account and/or membership card,USCPIE7505851*1
ChargePoint Network,,,1988141,1988141,7SPC / SCES DREAM MORE,2355571,3,3389532741,2024-09-20T21:22:45Z,2024-09-21T00:01:31Z,,15.206630,6.7195,membership,Payment by membership account and/or membership card,USCPIE1988141*2
ChargePoint Network,,,5354011,5354011,7SPC / GREENEVILLE TA,8936791,100011,3375864041,2024-09-15T13:47:56Z,2024-09-15T14:18:15Z,,15.749100,46.74,membership,Payment by membership account and/or membership card,USCPIE5354011*1
ChargePoint Network,,,15640171,15640171,NECDC / STATION 2 (R),25228711,247,3375963221,2024-09-15T15:19:02Z,2024-09-15T15:43:33Z,,28.561701,73.061,membership,Payment by membership account and/or membership card,USCPIE15640171*1
ChargePoint Network,,,15684341,15684341,MLEC / STATION 2 (R) W,25280201,247,3407538861,2024-09-28T14:35:32Z,2024-09-28T14:43:36Z,,6.271100,0.0,credit_card_terminal,Payment via credit card or debit card terminal,USCPIE15684341*1
ChargePoint Network,,,1988061,1988061,7SPC / SCES DOLLYWOOD,25499831,3,3407470211,2024-09-28T13:41:34Z,2024-09-28T17:46:58Z,,29.814426,7.3819,membership,Payment by membership account and/or membership card,USCPIE1988061*1
ChargePoint Network,,,8851921,8851921,7SPC / SEVIERVILLE DC1,15571271,207,3378565021,2024-09-16T18:34:46Z,2024-09-16T19:33:19Z,,41.037800,50.796,membership,Payment by membership account and/or membership card,USCPIE8851921*1
ChargePoint Network,,,1988141,1988141,7SPC / SCES DREAM MORE,2355571,3,3363409311,2024-09-10T10:59:07Z,2024-09-10T13:31:35Z,,18.090214,7.2256,membership,Payment by membership account and/or membership card,USCPIE1988141*2
ChargePoint Network,,,1988061,1988061,7SPC / SCES DOLLYWOOD,25499831,3,3397424571,2024-09-24T15:20:27Z,2024-09-24T15:22:10Z,,0.000000,0.0,membership,Payment by membership account and/or membership card,USCPIE1988061*1
ChargePoint Network,,,14047321,14047321,JEFFERSON AVE. / OXFORD STA2(R),23514081,247,3381629831,2024-09-17T22:00:40Z,2024-09-17T23:18:25Z,,19.941799,68.807,membership,Payment by membership account and/or membership card,USCPIE14047321*1
ChargePoint Network,,,14097801,14097801,SCOTTSBORO EPB / SEPB DCFC (L),23570921,247,3363450831,2024-09-10T11:30:18Z,2024-09-10T11:53:14Z,,15.846600,59.051,credit_card_terminal,Payment via credit card or debit card terminal,USCPIE14097801*1
ChargePoint Network,,,14337221,14337221,HOLSTONELECTRIC / CHURCH HILL-1,23844801,100011,3366115111,2024-09-11T11:40:43Z,2024-09-11T12:08:58Z,,23.045200,51.799,credit_card_terminal,Payment via credit card or debit card terminal,USCPIE14337221*1
ChargePoint Network,,,14083171,14083171,STEMC / STATION 1 (L) H,23554721,247,3344473641,2024-09-02T01:16:31Z,2024-09-02T02:28:46Z,,75.320000,77.811,membership,Payment by membership account and/or membership card,USCPIE14083171*1
ChargePoint Network,,,16249951,16249951,STARKVILLE UTIL / STATION 2 (R),25959201,247,3407776761,2024-09-28T17:04:05Z,2024-09-28T17:04:42Z,,0.000000,0.0,membership,Payment by membership account and/or membership card,USCPIE16249951*1
ChargePoint Network,,,7505851,7505851,JEFFERSON AVE. / OXFORD STA1(L),12955471,247,3398335021,2024-09-24T21:17:24Z,2024-09-24T21:39:27Z,,24.322300,73.655,membership,Payment by membership account and/or membership card,USCPIE7505851*1
ChargePoint Network,,,5354011,5354011,7SPC / GREENEVILLE TA,8936791,100011,3381558851,2024-09-17T21:32:57Z,2024-09-17T21:34:15Z,,0.000000,0.0,membership,Payment by membership account and/or membership card,USCPIE5354011*1
ChargePoint Network,,,13664471,13664471,BTES / STATION 3 (RM),23060511,100011,3358076491,2024-09-07T20:42:42Z,2024-09-07T21:46:32Z,,27.255699,46.986,membership,Payment by membership account and/or membership card,USCPIE13664471*1
ChargePoint Network,,,14083171,14083171,STEMC / STATION 1 (L) H,23554721,247,3387152231,2024-09-19T23:00:00Z,2024-09-20T01:38:17Z,,59.570099,78.194,membership,Payment by membership account and/or membership card,USCPIE14083171*1
ChargePoint Network,,,12406491,12406491,FPIA / LEFT STATION,21527781,247,3372464011,2024-09-13T19:13:32Z,2024-09-13T19:18:56Z,,0.000000,0.0,membership,Payment by membership account and/or membership card,USCPIE12406491*1
ChargePoint Network,,,13606141,13606141,I24 EXIT11 / STATION 1 (LL),22992611,247,3373011351,2024-09-13T23:03:32Z,2024-09-13T23:48:00Z,,49.139999,88.753,membership,Payment by membership account and/or membership card,USCPIE13606141*1
ChargePoint Network,,,15280471,15280471,SPRFLD ELECTRIC / STATION 1 (L),24807681,100011,3363863271,2024-09-10T14:44:14Z,2024-09-10T15:07:55Z,,8.049800,48.375,credit_card_terminal,Payment via credit card or debit card terminal,USCPIE15280471*1
ChargePoint Network,,,15280441,15280441,SPRFLD ELECTRIC / STATION 2 (R),24807641,247,3403695921,2024-09-26T21:32:07Z,2024-09-26T23:08:57Z,,55.563499,54.316,membership,Payment by membership account and/or membership card,USCPIE15280441*1
ChargePoint Network,,,14359531,14359531,EBOFG / STATION 2 (R),23870331,247,3406238701,2024-09-27T21:32:30Z,2024-09-27T21:38:05Z,,4.280600,0.0,membership,Payment by membership account and/or membership card,USCPIE14359531*1
ChargePoint Network,,,8851921,8851921,7SPC / SEVIERVILLE DC1,15571271,207,3405574801,2024-09-27T16:38:48Z,2024-09-27T17:38:21Z,,38.806599,59.451,credit_card_terminal,Payment via credit card or debit card terminal,USCPIE8851921*1
ChargePoint Network,,,13861891,13861891,BRMEMC / STATION 2,23296321,247,3408234361,2024-09-28T21:11:15Z,2024-09-28T21:12:08Z,,0.000000,0.0,credit_card_terminal,Payment via credit card or debit card terminal,USCPIE13861891*1
ChargePoint Network,,,13664401,13664401,BTES / STATION 1 (LL),23060421,247,3359324061,2024-09-08T15:50:39Z,2024-09-08T15:51:14Z,,0.000000,0.0,credit_card_terminal,Payment via credit card or debit card terminal,USCPIE13664401*1
ChargePoint Network,,,16093931,16093931,BCES / STATION 2 (R),25770831,247,3393127531,2024-09-22T19:25:25Z,2024-09-22T20:16:00Z,,34.254799,78.208,membership,Payment by membership account and/or membership card,USCPIE16093931*1
ChargePoint Network,,,15836871,15836871,TOMBIGBEE / STATION 3,25462501,247,3343453091,2024-09-01T13:57:23Z,2024-09-01T14:18:14Z,,24.075899,87.468,credit_card_terminal,Payment via credit card or debit card terminal,USCPIE15836871*1
ChargePoint Network,,,5346231,5346231,CULLMANELECTRIC / STATION2-R,8926271,247,3379515361,2024-09-17T01:14:22Z,2024-09-17T01:25:23Z,,12.224900,60.45,membership,Payment by membership account and/or membership card,USCPIE5346231*1
ChargePoint Network,,,14047321,14047321,JEFFERSON AVE. / OXFORD STA2(R),23514081,247,3362093141,2024-09-09T20:03:07Z,2024-09-09T20:20:40Z,,19.529699,69.45,credit_card_terminal,Payment via credit card or debit card terminal,USCPIE14047321*1
ChargePoint Network,,,12720861,12720861,WRECC / STATION 2,21977121,247,3344766091,2024-09-02T04:59:56Z,2024-09-02T05:16:40Z,,23.260700,0.0,membership,Payment by membership account and/or membership card,USCPIE12720861*1
ChargePoint Network,,,15548151,15548151,DECATURDOWNTWN / STATION 1 (R),25119511,247,3409289551,2024-09-29T13:36:52Z,2024-09-29T14:16:58Z,,24.961800,49.972,membership,Payment by membership account and/or membership card,USCPIE15548151*1
ChargePoint Network,,,15640171,15640171,NECDC / STATION 2 (R),25228711,100011,3373697781,2024-09-14T04:53:20Z,2024-09-14T05:59:07Z,,21.201099,19.892,membership,Payment by membership account and/or membership card,USCPIE15640171*1
ChargePoint Network,,,15836871,15836871,TOMBIGBEE / STATION 3,25462501,247,3345343201,2024-09-02T17:40:19Z,2024-09-02T18:07:31Z,,27.732901,68.853,credit_card_terminal,Payment via credit card or debit card terminal,USCPIE15836871*1
ChargePoint Network,,,1964521,1964521,EBOFG / GUNTERSVILLE PD,8374201,3,3388536461,2024-09-20T14:43:34Z,2024-09-20T16:50:47Z,,14.794449,7.1107,credit_card_terminal,Payment via credit card or debit card terminal,USCPIE1964521*1
ChargePoint Network,,,12406401,12406401,FPIA / RIGHT STATION,21527671,247,3361112541,2024-09-09T13:34:19Z,2024-09-09T14:09:48Z,,38.655998,77.815,membership,Payment by membership account and/or membership card,USCPIE12406401*1
ChargePoint Network,,,1988141,1988141,7SPC / SCES DREAM MORE,2355561,3,3362960231,2024-09-10T02:12:19Z,2024-09-10T10:55:45Z,,6.425127,7.2956,membership,Payment by membership account and/or membership card,USCPIE1988141*1
ChargePoint Network,,,12720881,12720881,WRECC / STATION 1,21977141,247,3351984441,2024-09-05T11:10:04Z,2024-09-05T12:02:04Z,,51.110600,74.8,membership,Payment by membership account and/or membership card,USCPIE12720881*1
ChargePoint Network,,,15548181,15548181,DECATURDOWNTWN / STATION 2 (L),25119551,247,3374599051,2024-09-14T19:25:25Z,2024-09-14T19:45:37Z,,14.635400,46.354,membership,Payment by membership account and/or membership card,USCPIE15548181*1
ChargePoint Network,,,16311861,16311861,KIMBALL EV CHG / STATION 2 (R),26032351,247,3358111131,2024-09-07T21:01:11Z,2024-09-07T21:27:53Z,,21.091999,54.682,membership,Payment by membership account and/or membership card,USCPIE16311861*1
ChargePoint Network,,,12720861,12720861,WRECC / STATION 2,21977121,247,3364010101,2024-09-10T15:29:09Z,2024-09-10T15:49:34Z,,26.049299,81.199,other,Any other payment method not specified above. Additional description should be provided in Payment Method Description.,USCPIE12720861*1
ChargePoint Network,,,5466441,5466441,7SPC / NASA USSRC R,9079361,3,3403697971,2024-09-26T21:32:36Z,2024-09-26T23:24:35Z,,11.083115,6.3637,membership,Payment by membership account and/or membership card,USCPIE5466441*1
ChargePoint Network,,,14097801,14097801,SCOTTSBORO EPB / SEPB DCFC (L),23570921,247,3355147391,2024-09-06T14:56:46Z,2024-09-06T15:25:16Z,,22.046400,54.832,membership,Payment by membership account and/or membership card,USCPIE14097801*1
ChargePoint Network,,,15332321,15332321,TUA NW ATLANTIC / STATION 1 (L),,,3395792861,2024-09-23T21:47:57Z,2024-09-23T21:49:58Z,,0.000000,0.0,membership,Payment by membership account and/or membership card,USCPIE15332321*0
ChargePoint Network,,,13026471,13026471,WCMES / CITYHALL2-R,22328331,247,3357591841,2024-09-07T16:13:48Z,2024-09-07T16:21:55Z,,6.702400,53.2,other,Any other payment method not specified above. Additional description should be provided in Payment Method Description.,USCPIE13026471*1
ChargePoint Network,,,5565241,5565241,7SPC / SCES LECONTE 4,9205111,3,3368217111,2024-09-12T02:00:42Z,2024-09-12T03:57:37Z,,5.025463,3.7475,membership,Payment by membership account and/or membership card,USCPIE5565241*2
ChargePoint Network,,,16372091,16372091,DOWNTOWN MURPHY / MPB STATION 2,26102611,247,3402883121,2024-09-26T15:54:16Z,2024-09-26T16:49:32Z,,55.441399,62.282,membership,Payment by membership account and/or membership card,USCPIE16372091*1
ChargePoint Network,,,13606091,13606091,I24 EXIT11 / STATION 3 (RM),22992551,247,3365620971,2024-09-11T02:28:38Z,2024-09-11T03:21:50Z,,53.074001,64.484,membership,Payment by membership account and/or membership card,USCPIE13606091*1
ChargePoint Network,,,15640171,15640171,NECDC / STATION 2 (R),25228711,100011,3391049101,2024-09-21T16:31:37Z,2024-09-21T17:31:29Z,,12.017800,48.831,membership,Payment by membership account and/or membership card,USCPIE15640171*1
ChargePoint Network,,,16249951,16249951,STARKVILLE UTIL / STATION 2 (R),25959201,247,3389292761,2024-09-20T19:42:58Z,2024-09-20T19:45:02Z,,0.000000,0.0,membership,Payment by membership account and/or membership card,USCPIE16249951*1
ChargePoint Network,,,16022131,16022131,ACEPA / ACE STATION 1,25683791,247,3372937991,2024-09-13T22:30:44Z,2024-09-13T22:31:48Z,,0.000000,0.0,membership,Payment by membership account and/or membership card,USCPIE16022131*1
ChargePoint Network,,,1988141,1988141,7SPC / SCES DREAM MORE,2355561,3,3373315191,2024-09-14T01:19:34Z,2024-09-14T12:06:35Z,,77.658241,7.1754,credit_card_terminal,Payment via credit card or debit card terminal,USCPIE1988141*1
ChargePoint Network,,,5346231,5346231,CULLMANELECTRIC / STATION2-R,8926271,247,3383632801,2024-09-18T17:17:28Z,2024-09-18T17:33:19Z,,27.093599,110.16,membership,Payment by membership account and/or membership card,USCPIE5346231*1
ChargePoint Network,,,13861861,13861861,BRMEMC / STATION 1,23296281,247,3343634951,2024-09-01T16:33:16Z,2024-09-01T16:52:54Z,,21.986099,115.519,membership,Payment by membership account and/or membership card,USCPIE13861861*1
ChargePoint Network,,,5414151,5414151,7SPC / UC - CARTHAGE,9014641,3,3359729241,2024-09-08T19:55:37Z,2024-09-08T20:28:00Z,,3.655220,7.0514,membership,Payment by membership account and/or membership card,USCPIE5414151*1
ChargePoint Network,,,14047321,14047321,JEFFERSON AVE. / OXFORD STA2(R),,,3366817371,2024-09-11T16:20:33Z,2024-09-11T16:20:37Z,,0.000000,,membership,Payment by membership account and/or membership card,USCPIE14047321*0
ChargePoint Network,,,8851921,8851921,7SPC / SEVIERVILLE DC1,15571271,100011,3400259661,2024-09-25T16:09:08Z,2024-09-25T16:58:01Z,,3.866500,21.504,credit_card_terminal,Payment via credit card or debit card terminal,USCPIE8851921*1
ChargePoint Network,,,12406491,12406491,FPIA / LEFT STATION,21527781,247,3356069171,2024-09-06T21:06:32Z,2024-09-06T21:17:41Z,,7.801400,51.858,membership,Payment by membership account and/or membership card,USCPIE12406491*1
ChargePoint Network,,,15885251,15885251,TWICKENHAM SQ / HU - STATION 1,25520941,247,3392617581,2024-09-22T13:35:10Z,2024-09-22T13:52:00Z,,16.704599,65.267,membership,Payment by membership account and/or membership card,USCPIE15885251*1
ChargePoint Network,,,5363211,5363211,HARTSELLE 1 / HARTSELLE 1,23427581,3,3372307161,2024-09-13T18:03:14Z,2024-09-13T18:16:16Z,,0.000017,0.0303,credit_card_terminal,Payment via credit card or debit card terminal,USCPIE5363211*2
ChargePoint Network,,,5380331,5380331,CULLMAN PB / STATION 1,8970961,3,3343335761,2024-09-01T10:05:41Z,2024-09-01T15:27:40Z,,37.807800,7.1102,membership,Payment by membership account and/or membership card,USCPIE5380331*2
ChargePoint Network,,,14047321,14047321,JEFFERSON AVE. / OXFORD STA2(R),23514081,247,3375544141,2024-09-15T04:23:15Z,2024-09-15T04:23:42Z,,0.000000,0.0,membership,Payment by membership account and/or membership card,USCPIE14047321*1
ChargePoint Network,,,1988061,1988061,7SPC / SCES DOLLYWOOD,25499841,3,3399912671,2024-09-25T14:17:41Z,2024-09-25T17:58:10Z,,26.798288,7.3299,membership,Payment by membership account and/or membership card,USCPIE1988061*2
ChargePoint Network,,,13880891,13880891,MU / MUC MAIN OFFICE,23319011,3,3350196241,2024-09-04T17:24:02Z,2024-09-04T21:32:14Z,,29.749538,7.3306,credit_card_terminal,Payment via credit card or debit card terminal,USCPIE13880891*1
ChargePoint Network,,,15836981,15836981,TOMBIGBEE / STATION 4,25462651,247,3362236931,2024-09-09T21:05:09Z,2024-09-09T21:36:33Z,,35.636200,73.283,membership,Payment by membership account and/or membership card,USCPIE15836981*1
ChargePoint Network,,,12754021,12754021,WCMES / CITYHALL1-L,22015241,247,3397012141,2024-09-24T12:32:44Z,2024-09-24T13:48:46Z,,63.676300,76.241,membership,Payment by membership account and/or membership card,USCPIE12754021*1
ChargePoint Network,,,14047321,14047321,JEFFERSON AVE. / OXFORD STA2(R),23514081,247,3345453141,2024-09-02T18:52:45Z,2024-09-02T20:23:46Z,,82.366501,65.129,credit_card_terminal,Payment via credit card or debit card terminal,USCPIE14047321*1
ChargePoint Network,,,1932851,1932851,BRIGHTRIDGE EV / BR-JC LIBRARY,23319821,3,3345801011,2024-09-02T22:20:29Z,2024-09-03T00:15:08Z,,14.022022,7.4613,credit_card_terminal,Payment via credit card or debit card terminal,USCPIE1932851*2
ChargePoint Network,,,15742641,15742641,GEA-1 / STATION 2 (R),25349301,247,3345534571,2024-09-02T19:42:44Z,2024-09-02T19:56:24Z,,12.999400,59.279,membership,Payment by membership account and/or membership card,USCPIE15742641*1
ChargePoint Network,,,13643801,13643801,PEPA / STATION 2,23036481,247,3405696021,2024-09-27T17:33:35Z,2024-09-27T18:12:57Z,,45.221298,74.226,membership,Payment by membership account and/or membership card,USCPIE13643801*1
ChargePoint Network,,,15836981,15836981,TOMBIGBEE / STATION 4,25462651,247,3357341461,2024-09-07T13:10:31Z,2024-09-07T14:43:30Z,,74.715500,74.663,credit_card_terminal,Payment via credit card or debit card terminal,USCPIE15836981*1
ChargePoint Network,,,7505851,7505851,JEFFERSON AVE. / OXFORD STA1(L),12955471,100011,3354242211,2024-09-06T02:38:06Z,2024-09-06T02:43:43Z,,1.446900,0.0,membership,Payment by membership account and/or membership card,USCPIE7505851*1
ChargePoint Network,,,8851921,8851921,7SPC / SEVIERVILLE DC1,15571271,207,3409473461,2024-09-29T16:10:19Z,2024-09-29T16:12:42Z,,0.017000,0.0,membership,Payment by membership account and/or membership card,USCPIE8851921*1
ChargePoint Network,,,15885791,15885791,TWICKENHAM SQ / HU - STATION 3,25521611,247,3368088081,2024-09-12T01:04:37Z,2024-09-12T01:04:48Z,,0.000000,0.0,membership,Payment by membership account and/or membership card,USCPIE15885791*1
ChargePoint Network,,,13606061,13606061,I24 EXIT11 / STATION 4 (RR),22992511,247,3402121691,2024-09-26T07:23:52Z,2024-09-26T08:44:01Z,,32.650398,76.625,membership,Payment by membership account and/or membership card,USCPIE13606061*1
ChargePoint Network,,,13659831,13659831,LAWRENCEBURG / STATION 1 (L),23054881,247,3393105021,2024-09-22T19:12:34Z,2024-09-22T19:29:15Z,,12.556500,70.551,membership,Payment by membership account and/or membership card,USCPIE13659831*1
ChargePoint Network,,,14097711,14097711,SCOTTSBORO EPB / SEPB DCFC (R),23570811,247,3349382701,2024-09-04T12:03:50Z,2024-09-04T12:43:36Z,,51.699799,103.581,membership,Payment by membership account and/or membership card,USCPIE14097711*1
ChargePoint Network,,,1844191,1844191,CLW / MAIN ST,23050431,3,3349436151,2024-09-04T12:32:07Z,2024-09-04T21:47:50Z,,60.247242,7.1247,membership,Payment by membership account and/or membership card,USCPIE1844191*1
ChargePoint Network,,,8851921,8851921,7SPC / SEVIERVILLE DC1,15571271,207,3405572811,2024-09-27T16:37:00Z,2024-09-27T16:38:35Z,,0.000000,0.0,credit_card_terminal,Payment via credit card or debit card terminal,USCPIE8851921*1
ChargePoint Network,,,1933211,1933211,BRIGHTRIDGE EV / BR-JONESBOROUGH,2283641,3,3347839211,2024-09-03T19:36:26Z,2024-09-03T20:45:31Z,,6.938628,6.0783,membership,Payment by membership account and/or membership card,USCPIE1933211*2
ChargePoint Network,,,5350831,5350831,CULLMANELECTRIC / CEC MAIN OFFICE,8932501,3,3349362211,2024-09-04T11:53:49Z,2024-09-04T13:30:20Z,,9.725327,6.1203,membership,Payment by membership account and/or membership card,USCPIE5350831*2
ChargePoint Network,,,7173851,7173851,SCOTTSBORO EPB / MAIN OFFICE,12310861,3,3393019841,2024-09-22T18:25:00Z,2024-09-22T18:27:01Z,,0.000000,0.0,membership,Payment by membership account and/or membership card,USCPIE7173851*1
ChargePoint Network,,,5122191,5122191,CULLMANELECTRIC / STATION1-L,8482151,247,3345684951,2024-09-02T21:12:46Z,2024-09-02T21:17:18Z,,0.000000,0.0,membership,Payment by membership account and/or membership card,USCPIE5122191*1
ChargePoint Network,,,1844191,1844191,CLW / MAIN ST,23050441,3,3391404151,2024-09-21T19:48:57Z,2024-09-21T19:52:11Z,,0.337298,7.1753,membership,Payment by membership account and/or membership card,USCPIE1844191*2
ChargePoint Network,,,15548181,15548181,DECATURDOWNTWN / STATION 2 (L),25119551,247,3407783411,2024-09-28T17:07:49Z,2024-09-28T17:59:15Z,,13.751100,29.106,membership,Payment by membership account and/or membership card,USCPIE15548181*1
ChargePoint Network,,,7173851,7173851,SCOTTSBORO EPB / MAIN OFFICE,12310861,3,3394652021,2024-09-23T14:09:38Z,2024-09-23T14:11:38Z,,0.000000,0.0,membership,Payment by membership account and/or membership card,USCPIE7173851*1
ChargePoint Network,,,15623211,15623211,CLW / 5TH ST 2 (R),25208281,247,3350811851,2024-09-04T21:46:23Z,2024-09-04T22:26:45Z,,64.211197,122.706,membership,Payment by membership account and/or membership card,USCPIE15623211*1
ChargePoint Network,,,15885771,15885771,TWICKENHAM SQ / HU - STATION 4,25521581,247,3362416321,2024-09-09T22:18:00Z,2024-09-09T22:51:08Z,,37.170502,84.083,membership,Payment by membership account and/or membership card,USCPIE15885771*1
ChargePoint Network,,,1988141,1988141,7SPC / SCES DREAM MORE,2355571,3,3357979881,2024-09-07T19:51:56Z,2024-09-07T21:43:47Z,,5.962420,3.5935,membership,Payment by membership account and/or membership card,USCPIE1988141*2
ChargePoint Network,,,9677521,9677521,UT PARKING / S7 STATION 1,17169341,3,3378118021,2024-09-16T15:32:16Z,2024-09-16T18:18:50Z,,19.987518,7.3754,credit_card_terminal,Payment via credit card or debit card terminal,USCPIE9677521*2
ChargePoint Network,,,12989161,12989161,BTES / CITY HALL,22285821,3,3410135811,2024-09-29T22:21:48Z,2024-09-29T23:20:13Z,,3.559442,3.7017,membership,Payment by membership account and/or membership card,USCPIE12989161*2
ChargePoint Network,,,15885251,15885251,TWICKENHAM SQ / HU - STATION 1,25520941,247,3376186891,2024-09-15T17:42:02Z,2024-09-15T19:15:35Z,,52.226898,74.268,credit_card_terminal,Payment via credit card or debit card terminal,USCPIE15885251*1
ChargePoint Network,,,1988141,1988141,7SPC / SCES DREAM MORE,2355571,3,3408695171,2024-09-29T01:22:50Z,2024-09-29T13:08:01Z,,54.393555,0.0,credit_card_terminal,Payment via credit card or debit card terminal,USCPIE1988141*2
ChargePoint Network,,,12406401,12406401,FPIA / RIGHT STATION,21527671,247,3409959781,2024-09-29T20:49:06Z,2024-09-29T21:28:47Z,,29.908501,54.167,membership,Payment by membership account and/or membership card,USCPIE12406401*1
ChargePoint Network,,,12406401,12406401,FPIA / RIGHT STATION,21527671,247,3406077451,2024-09-27T20:23:11Z,2024-09-27T20:32:38Z,,16.090599,123.083,membership,Payment by membership account and/or membership card,USCPIE12406401*1
ChargePoint Network,,,15684341,15684341,MLEC / STATION 2 (R) W,25280201,247,3358943591,2024-09-08T05:32:04Z,2024-09-08T05:51:21Z,,21.777000,71.874,membership,Payment by membership account and/or membership card,USCPIE15684341*1
ChargePoint Network,,,7505851,7505851,JEFFERSON AVE. / OXFORD STA1(L),12955471,247,3359524401,2024-09-08T17:56:49Z,2024-09-08T19:04:04Z,,53.833500,78.606,membership,Payment by membership account and/or membership card,USCPIE7505851*1
ChargePoint Network,,,15885251,15885251,TWICKENHAM SQ / HU - STATION 1,25520941,247,3357479851,2024-09-07T15:02:12Z,2024-09-07T15:06:42Z,,0.000000,0.0,credit_card_terminal,Payment via credit card or debit card terminal,USCPIE15885251*1
ChargePoint Network,,,5466441,5466441,7SPC / NASA USSRC R,9079361,3,3361366991,2024-09-09T15:14:18Z,2024-09-09T17:16:53Z,,12.568696,6.2914,membership,Payment by membership account and/or membership card,USCPIE5466441*1
ChargePoint Network,,,5363211,5363211,HARTSELLE 1 / HARTSELLE 1,23427581,3,3347513801,2024-09-03T17:09:17Z,2024-09-03T18:11:06Z,,7.149050,7.0644,membership,Payment by membership account and/or membership card,USCPIE5363211*2
ChargePoint Network,,,14047321,14047321,JEFFERSON AVE. / OXFORD STA2(R),,,3389425841,2024-09-20T20:35:19Z,2024-09-20T20:37:11Z,,0.000000,,membership,Payment by membership account and/or membership card,USCPIE14047321*0
ChargePoint Network,,,15332321,15332321,TUA NW ATLANTIC / STATION 1 (L),24867861,247,3395786351,2024-09-23T21:45:28Z,2024-09-23T21:50:51Z,,0.000000,0.0,membership,Payment by membership account and/or membership card,USCPIE15332321*1
ChargePoint Network,,,14047321,14047321,JEFFERSON AVE. / OXFORD STA2(R),23514081,247,3368638571,2024-09-12T07:39:26Z,2024-09-12T07:47:52Z,,9.496900,73.566,membership,Payment by membership account and/or membership card,USCPIE14047321*1
ChargePoint Network,,,15885771,15885771,TWICKENHAM SQ / HU - STATION 4,25521581,247,3406346471,2024-09-27T22:18:10Z,2024-09-27T22:34:36Z,,23.133200,92.867,membership,Payment by membership account and/or membership card,USCPIE15885771*1
ChargePoint Network,,,5346231,5346231,CULLMANELECTRIC / STATION2-R,8926271,247,3392928211,2024-09-22T17:32:02Z,2024-09-22T18:15:16Z,,41.541801,70.919,membership,Payment by membership account and/or membership card,USCPIE5346231*1
ChargePoint Network,,,13292801,13292801,LODGE CAST IRON / STORE & MUSEUM,22637561,3,3378839841,2024-09-16T20:33:01Z,2024-09-16T21:29:29Z,,6.340448,6.9188,membership,Payment by membership account and/or membership card,USCPIE13292801*2
ChargePoint Network,,,14047321,14047321,JEFFERSON AVE. / OXFORD STA2(R),23514081,247,3381892591,2024-09-17T23:44:35Z,2024-09-17T23:52:21Z,,8.085600,36.36,membership,Payment by membership account and/or membership card,USCPIE14047321*1
ChargePoint Network,,,15640171,15640171,NECDC / STATION 2 (R),25228711,247,3403243471,2024-09-26T18:23:47Z,2024-09-26T18:53:18Z,,25.570101,54.167,membership,Payment by membership account and/or membership card,USCPIE15640171*1
ChargePoint Network,,,13606091,13606091,I24 EXIT11 / STATION 3 (RM),22992551,247,3383751771,2024-09-18T18:12:49Z,2024-09-18T21:46:15Z,,22.038601,74.268,membership,Payment by membership account and/or membership card,USCPIE13606091*1
ChargePoint Network,,,12720881,12720881,WRECC / STATION 1,21977141,247,3360245851,2024-09-09T00:24:44Z,2024-09-09T00:59:17Z,,30.372000,67.374,credit_card_terminal,Payment via credit card or debit card terminal,USCPIE12720881*1
ChargePoint Network,,,14355251,14355251,HARTSELLE 1 / STATION 2 (R),23865691,247,3387107971,2024-09-19T22:42:41Z,2024-09-19T23:42:36Z,,75.160004,120.649,credit_card_terminal,Payment via credit card or debit card terminal,USCPIE14355251*1
ChargePoint Network,,,12720861,12720861,WRECC / STATION 2,21977121,247,3387611281,2024-09-20T02:28:11Z,2024-09-20T02:47:32Z,,15.756600,53.193,roaming,Payment via roaming partners,USCPIE12720861*1
ChargePoint Network,,,15640171,15640171,NECDC / STATION 2 (R),25228711,100011,3389104971,2024-09-20T18:21:52Z,2024-09-20T19:16:46Z,,26.195000,37.692,membership,Payment by membership account and/or membership card,USCPIE15640171*1
ChargePoint Network,,,13290491,13290491,7SPC / NASA USSRC L,25742671,3,3345214271,2024-09-02T16:13:59Z,2024-09-02T20:40:27Z,,27.426931,6.268,membership,Payment by membership account and/or membership card,USCPIE13290491*1
ChargePoint Network,,,5122191,5122191,CULLMANELECTRIC / STATION1-L,8482151,247,3401492381,2024-09-26T00:33:35Z,2024-09-26T00:34:19Z,,0.000000,0.0,membership,Payment by membership account and/or membership card,USCPIE5122191*1
ChargePoint Network,,,15885251,15885251,TWICKENHAM SQ / HU - STATION 1,25520941,247,3381694751,2024-09-17T22:25:44Z,2024-09-17T23:11:36Z,,14.700800,29.639,membership,Payment by membership account and/or membership card,USCPIE15885251*1
ChargePoint Network,,,8851921,8851921,7SPC / SEVIERVILLE DC1,15571271,207,3345491711,2024-09-02T19:16:13Z,2024-09-02T19:42:35Z,,23.032101,54.926,membership,Payment by membership account and/or membership card,USCPIE8851921*1
ChargePoint Network,,,5397731,5397731,EEDEV / MILLIGAN UNIV,9010251,3,3406192261,2024-09-27T21:12:38Z,2024-09-27T23:48:12Z,,19.389639,7.5668,membership,Payment by membership account and/or membership card,USCPIE5397731*1
ChargePoint Network,,,5565241,5565241,7SPC / SCES LECONTE 4,9205101,3,3343606081,2024-09-01T16:12:28Z,2024-09-01T20:52:09Z,,32.536446,7.1411,membership,Payment by membership account and/or membership card,USCPIE5565241*1
ChargePoint Network,,,1964521,1964521,EBOFG / GUNTERSVILLE PD,8374201,3,3350135901,2024-09-04T16:55:51Z,2024-09-04T18:06:27Z,,8.463398,7.4321,credit_card_terminal,Payment via credit card or debit card terminal,USCPIE1964521*1
ChargePoint Network,,,14047321,14047321,JEFFERSON AVE. / OXFORD STA2(R),23514081,100011,3392382061,2024-09-22T05:22:51Z,2024-09-22T05:24:26Z,,0.317400,0.0,membership,Payment by membership account and/or membership card,USCPIE14047321*1
ChargePoint Network,,,15250771,15250771,SES-TN / STATION 1,24772691,247,3390793831,2024-09-21T13:36:02Z,2024-09-21T14:04:08Z,,36.540901,80.751,membership,Payment by membership account and/or membership card,USCPIE15250771*1
ChargePoint Network,,,15332321,15332321,TUA NW ATLANTIC / STATION 1 (L),24867861,247,3355733921,2024-09-06T18:48:45Z,2024-09-06T19:54:46Z,,49.679600,53.949,membership,Payment by membership account and/or membership card,USCPIE15332321*1
ChargePoint Network,,,13966031,13966031,BEA / STATION 4 (RR),23419961,247,3403397611,2024-09-26T19:29:36Z,2024-09-26T19:51:59Z,,23.305901,74.268,membership,Payment by membership account and/or membership card,USCPIE13966031*1
ChargePoint Network,,,5466441,5466441,7SPC / NASA USSRC R,9079361,3,3389018391,2024-09-20T17:39:08Z,2024-09-20T17:41:07Z,,0.000000,0.0,membership,Payment by membership account and/or membership card,USCPIE5466441*1
ChargePoint Network,,,1921351,1921351,STARKVILLE UTIL / STARKVILLE DWTN,23682571,3,3392747361,2024-09-22T15:34:52Z,2024-09-22T17:10:56Z,,11.813900,7.5094,membership,Payment by membership account and/or membership card,USCPIE1921351*1
ChargePoint Network,,,13606061,13606061,I24 EXIT11 / STATION 4 (RR),22992511,247,3407777461,2024-09-28T17:04:29Z,2024-09-28T18:32:34Z,,100.147301,77.022,membership,Payment by membership account and/or membership card,USCPIE13606061*1
ChargePoint Network,,,1921351,1921351,STARKVILLE UTIL / STARKVILLE DWTN,23682571,3,3391645161,2024-09-21T21:58:25Z,2024-09-21T23:46:07Z,,10.839839,7.1568,membership,Payment by membership account and/or membership card,USCPIE1921351*1
ChargePoint Network,,,12720861,12720861,WRECC / STATION 2,21977121,247,3396409201,2024-09-24T02:15:15Z,2024-09-24T02:24:55Z,,13.399900,0.0,membership,Payment by membership account and/or membership card,USCPIE12720861*1
ChargePoint Network,,,5354011,5354011,7SPC / GREENEVILLE TA,8936791,207,3369706751,2024-09-12T17:59:06Z,2024-09-12T18:24:19Z,,23.320801,56.672,membership,Payment by membership account and/or membership card,USCPIE5354011*1
ChargePoint Network,,,8851921,8851921,7SPC / SEVIERVILLE DC1,15571271,207,3374222781,2024-09-14T15:55:39Z,2024-09-14T15:56:40Z,,0.000000,0.0,membership,Payment by membership account and/or membership card,USCPIE8851921*1
ChargePoint Network,,,1988061,1988061,7SPC / SCES DOLLYWOOD,25499841,3,3343754411,2024-09-01T17:52:40Z,2024-09-01T21:42:34Z,,27.483637,7.3998,membership,Payment by membership account and/or membership card,USCPIE1988061*2
ChargePoint Network,,,14337501,14337501,HOLSTONELECTRIC / CHURCH HILL-2,23845091,100011,3407808961,2024-09-28T17:21:53Z,2024-09-28T17:56:03Z,,26.508400,53.2,credit_card_terminal,Payment via credit card or debit card terminal,USCPIE14337501*1
ChargePoint Network,,,15815141,15815141,GEA-1 / STATION 1 (L),25435121,247,3361640091,2024-09-09T16:41:56Z,2024-09-09T16:57:26Z,,24.114000,118.421,membership,Payment by membership account and/or membership card,USCPIE15815141*1
ChargePoint Network,,,5354011,5354011,7SPC / GREENEVILLE TA,8936791,207,3409771171,2024-09-29T19:06:45Z,2024-09-29T19:51:15Z,,20.821501,51.299,membership,Payment by membership account and/or membership card,USCPIE5354011*1
ChargePoint Network,,,5354011,5354011,7SPC / GREENEVILLE TA,8936791,100011,3392605831,2024-09-22T13:19:01Z,2024-09-22T13:20:53Z,,0.000000,0.0,membership,Payment by membership account and/or membership card,USCPIE5354011*1
ChargePoint Network,,,7505851,7505851,JEFFERSON AVE. / OXFORD STA1(L),12955471,100011,3355909251,2024-09-06T20:00:06Z,2024-09-06T20:33:58Z,,14.381800,28.799,membership,Payment by membership account and/or membership card,USCPIE7505851*1
ChargePoint Network,,,14047321,14047321,JEFFERSON AVE. / OXFORD STA2(R),23514081,247,3375545201,2024-09-15T04:23:53Z,2024-09-15T05:01:21Z,,27.903400,72.635,membership,Payment by membership account and/or membership card,USCPIE14047321*1
ChargePoint Network,,,13880891,13880891,MU / MUC MAIN OFFICE,23319011,3,3409560161,2024-09-29T17:04:12Z,2024-09-29T17:04:33Z,,0.000000,,credit_card_terminal,Payment via credit card or debit card terminal,USCPIE13880891*1
ChargePoint Network,,,14047321,14047321,JEFFERSON AVE. / OXFORD STA2(R),23514081,100011,3409073171,2024-09-29T05:42:01Z,2024-09-29T05:43:34Z,,0.411300,0.0,membership,Payment by membership account and/or membership card,USCPIE14047321*1
ChargePoint Network,,,7505851,7505851,JEFFERSON AVE. / OXFORD STA1(L),12955471,100011,3406899311,2024-09-28T02:41:32Z,2024-09-28T03:16:31Z,,17.178600,30.882,membership,Payment by membership account and/or membership card,USCPIE7505851*1
ChargePoint Network,,,13651631,13651631,MLEC / STATION 2 (R) H,23045821,247,3349937901,2024-09-04T15:47:19Z,2024-09-04T16:19:26Z,,24.810699,52.984,membership,Payment by membership account and/or membership card,USCPIE13651631*1
ChargePoint Network,,,15885771,15885771,TWICKENHAM SQ / HU - STATION 4,25521581,247,3378219211,2024-09-16T16:02:00Z,2024-09-16T16:11:10Z,,8.259800,0.0,other,Any other payment method not specified above. Additional description should be provided in Payment Method Description.,USCPIE15885771*1
ChargePoint Network,,,12989161,12989161,BTES / CITY HALL,22285811,3,3374052061,2024-09-14T13:55:29Z,2024-09-14T17:46:33Z,,27.673691,7.2694,membership,Payment by membership account and/or membership card,USCPIE12989161*1
ChargePoint Network,,,12720881,12720881,WRECC / STATION 1,21977141,247,3359475801,2024-09-08T17:27:04Z,2024-09-08T18:47:28Z,,89.759903,75.041,credit_card_terminal,Payment via credit card or debit card terminal,USCPIE12720881*1
ChargePoint Network,,,13026471,13026471,WCMES / CITYHALL2-R,22328331,247,3356256751,2024-09-06T22:23:48Z,2024-09-06T22:43:44Z,,10.250400,46.624,membership,Payment by membership account and/or membership card,USCPIE13026471*1
ChargePoint Network,,,15332351,15332351,TUA NW ATLANTIC / STATION 2 (R),24867891,100011,3384630261,2024-09-19T00:11:02Z,2024-09-19T00:21:58Z,,3.563600,47.945,membership,Payment by membership account and/or membership card,USCPIE15332351*1
ChargePoint Network,,,14047321,14047321,JEFFERSON AVE. / OXFORD STA2(R),23514081,247,3378377031,2024-09-16T17:03:47Z,2024-09-16T17:05:11Z,,0.000000,0.0,membership,Payment by membership account and/or membership card,USCPIE14047321*1
ChargePoint Network,,,15548181,15548181,DECATURDOWNTWN / STATION 2 (L),25119551,247,3406272741,2024-09-27T21:47:26Z,2024-09-27T22:48:28Z,,62.130901,77.617,membership,Payment by membership account and/or membership card,USCPIE15548181*1
ChargePoint Network,,,12406491,12406491,FPIA / LEFT STATION,21527781,247,3361230531,2024-09-09T14:26:49Z,2024-09-09T14:42:09Z,,11.930000,51.59,membership,Payment by membership account and/or membership card,USCPIE12406491*1
ChargePoint Network,,,15548151,15548151,DECATURDOWNTWN / STATION 1 (R),,,3375948211,2024-09-15T15:05:08Z,2024-09-15T15:07:09Z,,0.000000,,membership,Payment by membership account and/or membership card,USCPIE15548151*0
ChargePoint Network,,,5354011,5354011,7SPC / GREENEVILLE TA,8936791,207,3395288241,2024-09-23T18:13:39Z,2024-09-23T18:43:59Z,,28.152700,56.61,membership,Payment by membership account and/or membership card,USCPIE5354011*1
ChargePoint Network,,,14097711,14097711,SCOTTSBORO EPB / SEPB DCFC (R),23570811,247,3407524371,2024-09-28T14:24:12Z,2024-09-28T14:54:51Z,,19.785200,55.825,credit_card_terminal,Payment via credit card or debit card terminal,USCPIE14097711*1
ChargePoint Network,,,13606141,13606141,I24 EXIT11 / STATION 1 (LL),22992611,247,3358813521,2024-09-08T03:54:23Z,2024-09-08T04:12:18Z,,20.476500,71.279,membership,Payment by membership account and/or membership card,USCPIE13606141*1
ChargePoint Network,,,15548151,15548151,DECATURDOWNTWN / STATION 1 (R),,,3375945471,2024-09-15T15:03:00Z,2024-09-15T15:05:01Z,,0.000000,0.0,membership,Payment by membership account and/or membership card,USCPIE15548151*0
ChargePoint Network,,,1988061,1988061,7SPC / SCES DOLLYWOOD,25499831,3,3386111991,2024-09-19T15:59:03Z,2024-09-19T19:18:50Z,,16.180260,7.3494,membership,Payment by membership account and/or membership card,USCPIE1988061*1
ChargePoint Network,,,5619801,5619801,7SPC / WARREN RECC BG,25687251,3,3376125521,2024-09-15T17:03:50Z,2024-09-15T17:10:28Z,,0.640631,6.3117,credit_card_terminal,Payment via credit card or debit card terminal,USCPIE5619801*1
ChargePoint Network,,,1932851,1932851,BRIGHTRIDGE EV / BR-JC LIBRARY,23319811,3,3359390121,2024-09-08T16:32:58Z,2024-09-08T16:34:57Z,,0.000000,,phone_online,"Payment through mobile app, website, automated phone number or messaging system",USCPIE1932851*1
ChargePoint Network,,,7505851,7505851,JEFFERSON AVE. / OXFORD STA1(L),12955471,247,3360154031,2024-09-08T23:39:44Z,2024-09-09T00:56:45Z,,55.301800,88.156,credit_card_terminal,Payment via credit card or debit card terminal,USCPIE7505851*1
ChargePoint Network,,,15885151,15885151,TWICKENHAM SQ / HU - STATION 2,25520801,247,3388350791,2024-09-20T13:17:49Z,2024-09-20T16:25:48Z,,55.178600,64.934,membership,Payment by membership account and/or membership card,USCPIE15885151*1
ChargePoint Network,,,13606061,13606061,I24 EXIT11 / STATION 4 (RR),22992511,247,3370800961,2024-09-13T01:25:27Z,2024-09-13T01:42:04Z,,14.026100,52.835,credit_card_terminal,Payment via credit card or debit card terminal,USCPIE13606061*1
ChargePoint Network,,,15885771,15885771,TWICKENHAM SQ / HU - STATION 4,25521581,100011,3377912641,2024-09-16T14:22:49Z,2024-09-16T15:19:58Z,,16.773100,42.205,other,Any other payment method not specified above. Additional description should be provided in Payment Method Description.,USCPIE15885771*1
ChargePoint Network,,,15885771,15885771,TWICKENHAM SQ / HU - STATION 4,25521581,247,3358087451,2024-09-07T20:48:57Z,2024-09-07T22:00:45Z,,62.001400,75.056,credit_card_terminal,Payment via credit card or debit card terminal,USCPIE15885771*1
ChargePoint Network,,,13292801,13292801,LODGE CAST IRON / STORE & MUSEUM,22637551,3,3345247721,2024-09-02T16:37:01Z,2024-09-02T19:03:07Z,,16.931879,7.0307,membership,Payment by membership account and/or membership card,USCPIE13292801*1
ChargePoint Network,,,13643801,13643801,PEPA / STATION 2,23036481,247,3363528941,2024-09-10T12:16:33Z,2024-09-10T13:00:08Z,,48.081402,75.041,membership,Payment by membership account and/or membership card,USCPIE13643801*1
ChargePoint Network,,,15885151,15885151,TWICKENHAM SQ / HU - STATION 2,25520801,247,3403258951,2024-09-26T18:30:26Z,2024-09-26T18:46:20Z,,13.105600,63.161,membership,Payment by membership account and/or membership card,USCPIE15885151*1
ChargePoint Network,,,1964521,1964521,EBOFG / GUNTERSVILLE PD,8374211,3,3353998471,2024-09-06T00:48:44Z,2024-09-06T01:59:57Z,,4.097741,3.6802,credit_card_terminal,Payment via credit card or debit card terminal,USCPIE1964521*2
ChargePoint Network,,,15885151,15885151,TWICKENHAM SQ / HU - STATION 2,,,3381568801,2024-09-17T21:36:53Z,2024-09-17T21:37:14Z,,0.000000,,membership,Payment by membership account and/or membership card,USCPIE15885151*0
ChargePoint Network,,,13861891,13861891,BRMEMC / STATION 2,23296321,247,3377647921,2024-09-16T12:16:51Z,2024-09-16T12:53:10Z,,37.322399,76.041,membership,Payment by membership account and/or membership card,USCPIE13861891*1
ChargePoint Network,,,16244751,16244751,TOMBIGBEE / STATION 1,25952971,247,3408080301,2024-09-28T19:48:20Z,2024-09-28T20:17:02Z,,33.769901,74.226,membership,Payment by membership account and/or membership card,USCPIE16244751*1
ChargePoint Network,,,16022101,16022101,ACEPA / ACE STATION 2,25683761,247,3348402771,2024-09-03T23:16:53Z,2024-09-03T23:17:34Z,,0.000000,0.0,credit_card_terminal,Payment via credit card or debit card terminal,USCPIE16022101*1
ChargePoint Network,,,12720861,12720861,WRECC / STATION 2,21977121,247,3367181201,2024-09-11T19:00:40Z,2024-09-11T19:20:52Z,,21.395700,73.829,membership,Payment by membership account and/or membership card,USCPIE12720861*1
ChargePoint Network,,,15332321,15332321,TUA NW ATLANTIC / STATION 1 (L),24867861,247,3406974451,2024-09-28T03:10:43Z,2024-09-28T03:57:08Z,,51.106098,73.709,membership,Payment by membership account and/or membership card,USCPIE15332321*1
ChargePoint Network,,,5565251,5565251,7SPC / SCES LECONTE 3,9205121,3,3351395951,2024-09-05T01:38:29Z,2024-09-05T02:35:27Z,,6.206560,7.0591,credit_card_terminal,Payment via credit card or debit card terminal,USCPIE5565251*1
ChargePoint Network,,,14097711,14097711,SCOTTSBORO EPB / SEPB DCFC (R),23570811,247,3391754051,2024-09-21T22:57:14Z,2024-09-21T23:13:38Z,,16.916300,71.116,membership,Payment by membership account and/or membership card,USCPIE14097711*1
ChargePoint Network,,,13651631,13651631,MLEC / STATION 2 (R) H,23045821,247,3403388221,2024-09-26T19:26:22Z,2024-09-26T20:25:54Z,,44.807598,53.361,membership,Payment by membership account and/or membership card,USCPIE13651631*1
ChargePoint Network,,,8851921,8851921,7SPC / SEVIERVILLE DC1,15571271,207,3367771401,2024-09-11T22:59:53Z,2024-09-11T23:54:05Z,,47.119999,60.06,membership,Payment by membership account and/or membership card,USCPIE8851921*1
ChargePoint Network,,,15836871,15836871,TOMBIGBEE / STATION 3,25462501,247,3358014301,2024-09-07T20:09:56Z,2024-09-07T20:53:33Z,,43.332500,62.855,membership,Payment by membership account and/or membership card,USCPIE15836871*1
ChargePoint Network,,,15332321,15332321,TUA NW ATLANTIC / STATION 1 (L),24867861,247,3387096761,2024-09-19T22:37:43Z,2024-09-19T22:53:47Z,,16.763201,67.86,membership,Payment by membership account and/or membership card,USCPIE15332321*1
ChargePoint Network,,,5122191,5122191,CULLMANELECTRIC / STATION1-L,8482151,247,3398503411,2024-09-24T22:22:56Z,2024-09-24T22:57:02Z,,40.153801,73.458,membership,Payment by membership account and/or membership card,USCPIE5122191*1
ChargePoint Network,,,9677521,9677521,UT PARKING / S7 STATION 1,17169341,3,3382765641,2024-09-18T11:29:22Z,2024-09-18T12:06:06Z,,4.315205,7.183,membership,Payment by membership account and/or membership card,USCPIE9677521*2
ChargePoint Network,,,7505851,7505851,JEFFERSON AVE. / OXFORD STA1(L),12955471,247,3357713551,2024-09-07T17:22:54Z,2024-09-07T17:44:10Z,,25.698900,115.44,membership,Payment by membership account and/or membership card,USCPIE7505851*1
ChargePoint Network,,,8851921,8851921,7SPC / SEVIERVILLE DC1,15571271,207,3371792991,2024-09-13T14:46:49Z,2024-09-13T16:00:47Z,,47.237099,50.464,membership,Payment by membership account and/or membership card,USCPIE8851921*1
ChargePoint Network,,,5565191,5565191,7SPC / DOLLYWOOD EMPL,9205031,3,3371561721,2024-09-13T12:53:19Z,2024-09-13T14:25:05Z,,10.332013,6.8447,membership,Payment by membership account and/or membership card,USCPIE5565191*1
ChargePoint Network,,,16244681,16244681,TOMBIGBEE / STATION 2,25952901,247,3409544971,2024-09-29T16:55:21Z,2024-09-29T18:03:25Z,,37.605801,75.833,membership,Payment by membership account and/or membership card,USCPIE16244681*1
ChargePoint Network,,,14097801,14097801,SCOTTSBORO EPB / SEPB DCFC (L),23570921,247,3381547021,2024-09-17T21:28:15Z,2024-09-17T21:49:01Z,,23.097700,75.438,membership,Payment by membership account and/or membership card,USCPIE14097801*1
ChargePoint Network,,,1921351,1921351,STARKVILLE UTIL / STARKVILLE DWTN,23682581,3,3389939471,2024-09-21T00:20:43Z,2024-09-21T00:22:42Z,,0.000000,,credit_card_terminal,Payment via credit card or debit card terminal,USCPIE1921351*2
ChargePoint Network,,,15885151,15885151,TWICKENHAM SQ / HU - STATION 2,25520801,100011,3402746521,2024-09-26T15:16:06Z,2024-09-26T16:28:19Z,,19.683001,45.859,other,Any other payment method not specified above. Additional description should be provided in Payment Method Description.,USCPIE15885151*1
ChargePoint Network,,,15694171,15694171,BRIGHTRIDGE EV / STATION 1 (L),25292041,247,3389198821,2024-09-20T19:04:15Z,2024-09-20T19:55:09Z,,26.700199,60.139,membership,Payment by membership account and/or membership card,USCPIE15694171*1
ChargePoint Network,,,15694081,15694081,BRIGHTRIDGE EV / STATION 2 (R),25291921,247,3386454551,2024-09-19T18:20:01Z,2024-09-19T18:52:55Z,,31.147699,59.903,membership,Payment by membership account and/or membership card,USCPIE15694081*1
ChargePoint Network,,,12720861,12720861,WRECC / STATION 2,21977121,247,3376665021,2024-09-15T22:11:08Z,2024-09-15T22:28:23Z,,19.473700,71.241,credit_card_terminal,Payment via credit card or debit card terminal,USCPIE12720861*1
ChargePoint Network,,,1964521,1964521,EBOFG / GUNTERSVILLE PD,8374211,3,3369702521,2024-09-12T17:57:08Z,2024-09-12T21:45:26Z,,7.928978,3.6839,membership,Payment by membership account and/or membership card,USCPIE1964521*2
ChargePoint Network,,,12406401,12406401,FPIA / RIGHT STATION,21527671,247,3372322951,2024-09-13T18:10:27Z,2024-09-13T18:46:54Z,,20.699800,55.626,credit_card_terminal,Payment via credit card or debit card terminal,USCPIE12406401*1
ChargePoint Network,,,5363211,5363211,HARTSELLE 1 / HARTSELLE 1,23427581,3,3355030821,2024-09-06T14:07:53Z,2024-09-06T16:01:30Z,,13.445098,7.2009,membership,Payment by membership account and/or membership card,USCPIE5363211*2
ChargePoint Network,,,12448521,12448521,7SPC / WARREN RECC LF,21576921,3,3390962101,2024-09-21T15:40:20Z,2024-09-21T16:01:13Z,,1.113539,3.3193,membership,Payment by membership account and/or membership card,USCPIE12448521*2
ChargePoint Network,,,15836981,15836981,TOMBIGBEE / STATION 4,25462651,247,3408206651,2024-09-28T20:56:43Z,2024-09-28T22:16:33Z,,93.849701,78.596,membership,Payment by membership account and/or membership card,USCPIE15836981*1
ChargePoint Network,,,14337221,14337221,HOLSTONELECTRIC / CHURCH HILL-1,23844801,247,3385724471,2024-09-19T13:49:01Z,2024-09-19T14:18:29Z,,50.688801,124.332,membership,Payment by membership account and/or membership card,USCPIE14337221*1
ChargePoint Network,,,13966031,13966031,BEA / STATION 4 (RR),23419961,247,3346986321,2024-09-03T14:09:16Z,2024-09-03T14:10:45Z,,0.000000,0.0,membership,Payment by membership account and/or membership card,USCPIE13966031*1
ChargePoint Network,,,16249951,16249951,STARKVILLE UTIL / STATION 2 (R),,,3388590301,2024-09-20T15:02:00Z,2024-09-20T15:03:46Z,,0.000000,,credit_card_terminal,Payment via credit card or debit card terminal,USCPIE16249951*0
ChargePoint Network,,,7505851,7505851,JEFFERSON AVE. / OXFORD STA1(L),12955471,247,3381736331,2024-09-17T22:42:47Z,2024-09-17T22:54:35Z,,12.289700,87.958,membership,Payment by membership account and/or membership card,USCPIE7505851*1
ChargePoint Network,,,8851921,8851921,7SPC / SEVIERVILLE DC1,15571271,100011,3361768011,2024-09-09T17:39:39Z,2024-09-09T17:42:49Z,,0.000000,0.0,membership,Payment by membership account and/or membership card,USCPIE8851921*1
ChargePoint Network,,,8851921,8851921,7SPC / SEVIERVILLE DC1,15571271,207,3376522691,2024-09-15T20:56:08Z,2024-09-15T21:46:54Z,,39.570599,55.748,credit_card_terminal,Payment via credit card or debit card terminal,USCPIE8851921*1
ChargePoint Network,,,14047321,14047321,JEFFERSON AVE. / OXFORD STA2(R),,,3381344671,2024-09-17T20:05:26Z,2024-09-17T20:05:30Z,,0.000000,,membership,Payment by membership account and/or membership card,USCPIE14047321*0
ChargePoint Network,,,15885791,15885791,TWICKENHAM SQ / HU - STATION 3,25521611,247,3402948431,2024-09-26T16:14:45Z,2024-09-26T16:45:26Z,,35.504101,77.61,membership,Payment by membership account and/or membership card,USCPIE15885791*1
ChargePoint Network,,,15548181,15548181,DECATURDOWNTWN / STATION 2 (L),25119551,247,3385643411,2024-09-19T13:09:57Z,2024-09-19T13:36:32Z,,16.881701,48.953,membership,Payment by membership account and/or membership card,USCPIE15548181*1
ChargePoint Network,,,13290491,13290491,7SPC / NASA USSRC L,25742671,3,3408041841,2024-09-28T19:27:35Z,2024-09-28T22:00:20Z,,15.753055,6.2395,credit_card_terminal,Payment via credit card or debit card terminal,USCPIE13290491*1
ChargePoint Network,,,14047321,14047321,JEFFERSON AVE. / OXFORD STA2(R),,,3408087581,2024-09-28T19:51:39Z,2024-09-28T19:52:32Z,,0.000000,,credit_card_terminal,Payment via credit card or debit card terminal,USCPIE14047321*0
ChargePoint Network,,,15885771,15885771,TWICKENHAM SQ / HU - STATION 4,25521581,247,3408069131,2024-09-28T19:42:45Z,2024-09-28T20:37:10Z,,54.806400,64.222,membership,Payment by membership account and/or membership card,USCPIE15885771*1
ChargePoint Network,,,15885771,15885771,TWICKENHAM SQ / HU - STATION 4,25521581,247,3397999781,2024-09-24T19:03:56Z,2024-09-24T21:25:50Z,,58.368999,60.956,membership,Payment by membership account and/or membership card,USCPIE15885771*1
ChargePoint Network,,,15684301,15684301,MLEC / STATION 1 (L) W,25280151,100011,3359603761,2024-09-08T18:43:09Z,2024-09-08T20:12:07Z,,41.486099,52.577,membership,Payment by membership account and/or membership card,USCPIE15684301*1
ChargePoint Network,,,13861891,13861891,BRMEMC / STATION 2,23296321,247,3395504641,2024-09-23T19:48:34Z,2024-09-23T19:53:45Z,,4.206900,0.0,credit_card_terminal,Payment via credit card or debit card terminal,USCPIE13861891*1
ChargePoint Network,,,1844191,1844191,CLW / MAIN ST,23050441,3,3377014571,2024-09-16T01:06:58Z,2024-09-16T04:41:05Z,,24.281082,7.3694,membership,Payment by membership account and/or membership card,USCPIE1844191*2
ChargePoint Network,,,15885791,15885791,TWICKENHAM SQ / HU - STATION 3,25521611,247,3357585311,2024-09-07T16:09:37Z,2024-09-07T17:50:44Z,,133.357895,101.232,credit_card_terminal,Payment via credit card or debit card terminal,USCPIE15885791*1
ChargePoint Network,,,13606061,13606061,I24 EXIT11 / STATION 4 (RR),22992511,247,3397818491,2024-09-24T17:39:45Z,2024-09-24T18:20:01Z,,45.035099,78.405,membership,Payment by membership account and/or membership card,USCPIE13606061*1
ChargePoint Network,,,1933211,1933211,BRIGHTRIDGE EV / BR-JONESBOROUGH,2283631,3,3407821561,2024-09-28T17:28:36Z,2024-09-28T18:07:46Z,,3.899668,6.1065,membership,Payment by membership account and/or membership card,USCPIE1933211*1
ChargePoint Network,,,15623211,15623211,CLW / 5TH ST 2 (R),25208281,247,3391313711,2024-09-21T19:00:10Z,2024-09-21T19:06:21Z,,10.199400,0.0,membership,Payment by membership account and/or membership card,USCPIE15623211*1
ChargePoint Network,,,14097801,14097801,SCOTTSBORO EPB / SEPB DCFC (L),23570921,247,3392773251,2024-09-22T15:53:39Z,2024-09-22T16:12:40Z,,19.408100,71.175,membership,Payment by membership account and/or membership card,USCPIE14097801*1
ChargePoint Network,,,15555831,15555831,FPU / STATION 2 (R),25128511,247,3364153521,2024-09-10T16:11:09Z,2024-09-10T17:00:01Z,,48.748798,74.676,credit_card_terminal,Payment via credit card or debit card terminal,USCPIE15555831*1
ChargePoint Network,,,15548181,15548181,DECATURDOWNTWN / STATION 2 (L),,,3354127421,2024-09-06T01:38:40Z,2024-09-06T01:40:44Z,,0.000000,,membership,Payment by membership account and/or membership card,USCPIE15548181*0
ChargePoint Network,,,12720861,12720861,WRECC / STATION 2,21977121,247,3348380561,2024-09-03T23:07:40Z,2024-09-03T23:43:49Z,,25.862400,88.555,credit_card_terminal,Payment via credit card or debit card terminal,USCPIE12720861*1
ChargePoint Network,,,13292801,13292801,LODGE CAST IRON / STORE & MUSEUM,22637551,3,3410009181,2024-09-29T21:15:42Z,2024-09-29T21:52:34Z,,4.299941,7.1229,membership,Payment by membership account and/or membership card,USCPIE13292801*1
ChargePoint Network,,,13606141,13606141,I24 EXIT11 / STATION 1 (LL),22992611,247,3395095901,2024-09-23T16:44:09Z,2024-09-23T16:58:37Z,,15.673500,0.0,membership,Payment by membership account and/or membership card,USCPIE13606141*1
ChargePoint Network,,,15694081,15694081,BRIGHTRIDGE EV / STATION 2 (R),25291921,100011,3356524581,2024-09-07T00:24:26Z,2024-09-07T01:18:30Z,,36.977200,52.577,membership,Payment by membership account and/or membership card,USCPIE15694081*1
ChargePoint Network,,,7505851,7505851,JEFFERSON AVE. / OXFORD STA1(L),12955471,247,3389424991,2024-09-20T20:36:28Z,2024-09-20T21:10:03Z,,33.958099,73.061,credit_card_terminal,Payment via credit card or debit card terminal,USCPIE7505851*1
ChargePoint Network,,,12406491,12406491,FPIA / LEFT STATION,21527781,247,3372824071,2024-09-13T21:42:06Z,2024-09-13T22:40:46Z,,49.949100,97.79,membership,Payment by membership account and/or membership card,USCPIE12406491*1
ChargePoint Network,,,1844191,1844191,CLW / MAIN ST,23050441,3,3396670611,2024-09-24T05:00:57Z,2024-09-24T13:54:03Z,,62.984459,7.2427,membership,Payment by membership account and/or membership card,USCPIE1844191*2
ChargePoint Network,,,15623211,15623211,CLW / 5TH ST 2 (R),25208281,247,3357946971,2024-09-07T19:33:39Z,2024-09-07T20:04:05Z,,33.450001,73.283,membership,Payment by membership account and/or membership card,USCPIE15623211*1
ChargePoint Network,,,15623211,15623211,CLW / 5TH ST 2 (R),25208281,247,3408029761,2024-09-28T19:21:40Z,2024-09-28T19:46:46Z,,28.726400,74.663,membership,Payment by membership account and/or membership card,USCPIE15623211*1
ChargePoint Network,,,15623231,15623231,CLW / 5TH ST 1 (L),25208301,247,3386627091,2024-09-19T19:34:32Z,2024-09-19T20:24:00Z,,51.408001,76.435,membership,Payment by membership account and/or membership card,USCPIE15623231*1
ChargePoint Network,,,15885771,15885771,TWICKENHAM SQ / HU - STATION 4,25521581,100011,3374374831,2024-09-14T17:22:21Z,2024-09-14T17:45:40Z,,11.864900,47.243,membership,Payment by membership account and/or membership card,USCPIE15885771*1
ChargePoint Network,,,14047321,14047321,JEFFERSON AVE. / OXFORD STA2(R),23514081,247,3392662171,2024-09-22T14:23:09Z,2024-09-22T14:43:04Z,,20.596001,102.764,membership,Payment by membership account and/or membership card,USCPIE14047321*1
ChargePoint Network,,,1932851,1932851,BRIGHTRIDGE EV / BR-JC LIBRARY,23319821,3,3359162641,2024-09-08T13:25:51Z,2024-09-08T18:57:16Z,,39.022266,7.1502,membership,Payment by membership account and/or membership card,USCPIE1932851*2
ChargePoint Network,,,14047321,14047321,JEFFERSON AVE. / OXFORD STA2(R),23514081,247,3394201601,2024-09-23T07:21:43Z,2024-09-23T07:48:50Z,,31.352100,75.041,membership,Payment by membership account and/or membership card,USCPIE14047321*1
ChargePoint Network,,,15332351,15332351,TUA NW ATLANTIC / STATION 2 (R),24867891,247,3347145871,2024-09-03T15:06:04Z,2024-09-03T15:20:22Z,,19.240000,94.554,membership,Payment by membership account and/or membership card,USCPIE15332351*1
ChargePoint Network,,,5354011,5354011,7SPC / GREENEVILLE TA,8936791,100011,3359174851,2024-09-08T13:40:08Z,2024-09-08T14:21:28Z,,21.109699,47.119,membership,Payment by membership account and/or membership card,USCPIE5354011*1
ChargePoint Network,,,7505851,7505851,JEFFERSON AVE. / OXFORD STA1(L),12955471,100011,3354015711,2024-09-06T00:56:01Z,2024-09-06T01:14:08Z,,5.087100,17.885,membership,Payment by membership account and/or membership card,USCPIE7505851*1
ChargePoint Network,,,14355251,14355251,HARTSELLE 1 / STATION 2 (R),23865691,247,3382952091,2024-09-18T13:04:36Z,2024-09-18T13:44:58Z,,43.002899,69.258,membership,Payment by membership account and/or membership card,USCPIE14355251*1
ChargePoint Network,,,13606061,13606061,I24 EXIT11 / STATION 4 (RR),22992511,247,3358083701,2024-09-07T20:46:58Z,2024-09-07T21:04:09Z,,23.272499,84.375,membership,Payment by membership account and/or membership card,USCPIE13606061*1
ChargePoint Network,,,15548151,15548151,DECATURDOWNTWN / STATION 1 (R),25119511,247,3372660721,2024-09-13T20:32:29Z,2024-09-13T21:12:16Z,,41.041901,74.86,membership,Payment by membership account and/or membership card,USCPIE15548151*1
ChargePoint Network,,,15548181,15548181,DECATURDOWNTWN / STATION 2 (L),25119551,247,3354813961,2024-09-06T12:17:33Z,2024-09-06T12:32:04Z,,15.363200,68.162,membership,Payment by membership account and/or membership card,USCPIE15548181*1
ChargePoint Network,,,13606091,13606091,I24 EXIT11 / STATION 3 (RM),22992551,247,3391819721,2024-09-21T23:28:44Z,2024-09-21T23:45:55Z,,19.331400,72.071,membership,Payment by membership account and/or membership card,USCPIE13606091*1
ChargePoint Network,,,8851921,8851921,7SPC / SEVIERVILLE DC1,15571271,207,3372250541,2024-09-13T17:36:56Z,2024-09-13T17:57:11Z,,16.566000,59.051,membership,Payment by membership account and/or membership card,USCPIE8851921*1
ChargePoint Network,,,15548151,15548151,DECATURDOWNTWN / STATION 1 (R),25119511,247,3378595421,2024-09-16T18:49:34Z,2024-09-16T19:56:48Z,,53.792198,73.283,membership,Payment by membership account and/or membership card,USCPIE15548151*1
ChargePoint Network,,,15885251,15885251,TWICKENHAM SQ / HU - STATION 1,25520941,100011,3381575791,2024-09-17T21:39:59Z,2024-09-17T22:02:04Z,,10.559700,30.363,membership,Payment by membership account and/or membership card,USCPIE15885251*1
ChargePoint Network,,,12720861,12720861,WRECC / STATION 2,21977121,247,3360278261,2024-09-09T00:42:30Z,2024-09-09T01:07:35Z,,22.781099,61.962,membership,Payment by membership account and/or membership card,USCPIE12720861*1
ChargePoint Network,,,13606141,13606141,I24 EXIT11 / STATION 1 (LL),22992611,247,3376350371,2024-09-15T19:20:11Z,2024-09-15T20:18:43Z,,41.101799,54.534,membership,Payment by membership account and/or membership card,USCPIE13606141*1
ChargePoint Network,,,13606061,13606061,I24 EXIT11 / STATION 4 (RR),22992511,247,3379242691,2024-09-16T23:19:47Z,2024-09-16T23:39:07Z,,34.085800,112.111,credit_card_terminal,Payment via credit card or debit card terminal,USCPIE13606061*1
ChargePoint Network,,,15885251,15885251,TWICKENHAM SQ / HU - STATION 1,25520941,247,3390981521,2024-09-21T15:53:01Z,2024-09-21T15:54:04Z,,0.000000,0.0,membership,Payment by membership account and/or membership card,USCPIE15885251*1
ChargePoint Network,,,15885771,15885771,TWICKENHAM SQ / HU - STATION 4,25521581,100011,3399939321,2024-09-25T14:28:33Z,2024-09-25T14:59:23Z,,17.401501,46.251,other,Any other payment method not specified above. Additional description should be provided in Payment Method Description.,USCPIE15885771*1
ChargePoint Network,,,7505851,7505851,JEFFERSON AVE. / OXFORD STA1(L),12955471,247,3398009951,2024-09-24T19:08:25Z,2024-09-24T19:31:17Z,,19.953100,66.777,membership,Payment by membership account and/or membership card,USCPIE7505851*1
ChargePoint Network,,,15623211,15623211,CLW / 5TH ST 2 (R),25208281,247,3371600831,2024-09-13T13:12:17Z,2024-09-13T14:23:41Z,,65.196404,64.795,membership,Payment by membership account and/or membership card,USCPIE15623211*1
ChargePoint Network,,,5122191,5122191,CULLMANELECTRIC / STATION1-L,,,3345667041,2024-09-02T21:02:18Z,2024-09-02T21:02:37Z,,0.000000,,membership,Payment by membership account and/or membership card,USCPIE5122191*0
ChargePoint Network,,,12720861,12720861,WRECC / STATION 2,21977121,247,3409808561,2024-09-29T19:26:34Z,2024-09-29T19:39:24Z,,23.636200,115.283,membership,Payment by membership account and/or membership card,USCPIE12720861*1
ChargePoint Network,,,15332351,15332351,TUA NW ATLANTIC / STATION 2 (R),24867891,100011,3406622011,2024-09-28T00:22:48Z,2024-09-28T00:35:08Z,,2.786700,31.12,membership,Payment by membership account and/or membership card,USCPIE15332351*1
ChargePoint Network,,,5565191,5565191,7SPC / DOLLYWOOD EMPL,9205041,3,3352815181,2024-09-05T16:51:11Z,2024-09-05T17:48:08Z,,0.007694,0.5887,membership,Payment by membership account and/or membership card,USCPIE5565191*2
ChargePoint Network,,,15742641,15742641,GEA-1 / STATION 2 (R),25349301,247,3347081291,2024-09-03T14:46:04Z,2024-09-03T15:14:15Z,,22.739401,76.0,membership,Payment by membership account and/or membership card,USCPIE15742641*1
ChargePoint Network,,,5122191,5122191,CULLMANELECTRIC / STATION1-L,8482151,247,3367739211,2024-09-11T22:47:06Z,2024-09-11T23:01:51Z,,10.387000,45.14,membership,Payment by membership account and/or membership card,USCPIE5122191*1
ChargePoint Network,,,12754021,12754021,WCMES / CITYHALL1-L,22015241,247,3352005571,2024-09-05T11:29:10Z,2024-09-05T12:02:49Z,,38.914501,74.087,membership,Payment by membership account and/or membership card,USCPIE12754021*1
ChargePoint Network,,,7505851,7505851,JEFFERSON AVE. / OXFORD STA1(L),12955471,247,3348468581,2024-09-03T23:42:52Z,2024-09-04T01:12:17Z,,56.152199,78.209,credit_card_terminal,Payment via credit card or debit card terminal,USCPIE7505851*1
ChargePoint Network,,,13659831,13659831,LAWRENCEBURG / STATION 1 (L),23054881,247,3351822871,2024-09-05T06:21:15Z,2024-09-05T06:47:42Z,,27.568600,75.239,phone_online,"Payment through mobile app, website, automated phone number or messaging system",USCPIE13659831*1
ChargePoint Network,,,13861891,13861891,BRMEMC / STATION 2,23296321,247,3350024051,2024-09-04T16:13:36Z,2024-09-04T16:15:09Z,,0.000000,0.0,membership,Payment by membership account and/or membership card,USCPIE13861891*1
ChargePoint Network,,,5565241,5565241,7SPC / SCES LECONTE 4,9205111,3,3349217691,2024-09-04T08:39:27Z,2024-09-04T12:18:36Z,,20.473686,7.023,credit_card_terminal,Payment via credit card or debit card terminal,USCPIE5565241*2
ChargePoint Network,,,14083171,14083171,STEMC / STATION 1 (L) H,23554721,247,3393624251,2024-09-22T23:44:42Z,2024-09-22T23:45:23Z,,0.000000,0.0,membership,Payment by membership account and/or membership card,USCPIE14083171*1
ChargePoint Network,,,16249821,16249821,STARKVILLE UTIL / STATION 1 (L),25959011,247,3407507801,2024-09-28T14:12:01Z,2024-09-28T14:33:00Z,,19.502800,64.475,membership,Payment by membership account and/or membership card,USCPIE16249821*1
ChargePoint Network,,,9677521,9677521,UT PARKING / S7 STATION 1,17169331,3,3397054601,2024-09-24T12:52:50Z,2024-09-24T15:44:37Z,,20.304090,7.2304,membership,Payment by membership account and/or membership card,USCPIE9677521*1
ChargePoint Network,,,14047321,14047321,JEFFERSON AVE. / OXFORD STA2(R),23514081,247,3358190981,2024-09-07T21:44:48Z,2024-09-07T23:18:05Z,,31.191500,73.061,membership,Payment by membership account and/or membership card,USCPIE14047321*1
ChargePoint Network,,,13606061,13606061,I24 EXIT11 / STATION 4 (RR),22992511,247,3374477451,2024-09-14T18:20:04Z,2024-09-14T19:02:27Z,,48.657700,77.42,membership,Payment by membership account and/or membership card,USCPIE13606061*1
ChargePoint Network,,,12720861,12720861,WRECC / STATION 2,21977121,247,3369186921,2024-09-12T14:53:02Z,2024-09-12T15:29:14Z,,35.754601,75.599,other,Any other payment method not specified above. Additional description should be provided in Payment Method Description.,USCPIE12720861*1
ChargePoint Network,,,15885251,15885251,TWICKENHAM SQ / HU - STATION 1,25520941,247,3372292881,2024-09-13T17:56:50Z,2024-09-13T18:53:41Z,,71.389198,94.391,membership,Payment by membership account and/or membership card,USCPIE15885251*1
ChargePoint Network,,,13664501,13664501,BTES / STATION 4 (RR),23060561,247,3409773771,2024-09-29T19:07:48Z,2024-09-29T19:25:27Z,,17.226299,74.25,credit_card_terminal,Payment via credit card or debit card terminal,USCPIE13664501*1
ChargePoint Network,,,14047321,14047321,JEFFERSON AVE. / OXFORD STA2(R),23514081,247,3357723951,2024-09-07T17:29:04Z,2024-09-07T17:29:19Z,,0.000000,0.0,membership,Payment by membership account and/or membership card,USCPIE14047321*1
ChargePoint Network,,,13861891,13861891,BRMEMC / STATION 2,23296321,247,3376453181,2024-09-15T20:18:37Z,2024-09-15T21:23:25Z,,77.642998,86.632,credit_card_terminal,Payment via credit card or debit card terminal,USCPIE13861891*1
ChargePoint Network,,,15694081,15694081,BRIGHTRIDGE EV / STATION 2 (R),25291921,247,3359835131,2024-09-08T20:53:42Z,2024-09-08T21:06:13Z,,13.485100,70.247,credit_card_terminal,Payment via credit card or debit card terminal,USCPIE15694081*1
ChargePoint Network,,,15694171,15694171,BRIGHTRIDGE EV / STATION 1 (L),25292041,247,3353096981,2024-09-05T18:58:40Z,2024-09-05T19:39:29Z,,47.994900,73.629,membership,Payment by membership account and/or membership card,USCPIE15694171*1
ChargePoint Network,,,5346231,5346231,CULLMANELECTRIC / STATION2-R,8926271,247,3391386041,2024-09-21T19:39:02Z,2024-09-21T20:33:17Z,,92.974403,118.421,membership,Payment by membership account and/or membership card,USCPIE5346231*1
ChargePoint Network,,,13803581,13803581,FPU / STATION 1 (L),23227201,247,3376295531,2024-09-15T18:48:39Z,2024-09-15T19:25:29Z,,34.719898,75.855,membership,Payment by membership account and/or membership card,USCPIE13803581*1
ChargePoint Network,,,12720861,12720861,WRECC / STATION 2,21977121,247,3359342461,2024-09-08T16:03:49Z,2024-09-08T16:09:37Z,,1.292300,0.0,membership,Payment by membership account and/or membership card,USCPIE12720861*1
ChargePoint Network,,,14097711,14097711,SCOTTSBORO EPB / SEPB DCFC (R),23570811,247,3393619551,2024-09-22T23:41:53Z,2024-09-23T00:01:51Z,,14.909400,54.464,membership,Payment by membership account and/or membership card,USCPIE14097711*1
ChargePoint Network,,,13290491,13290491,7SPC / NASA USSRC L,25742671,3,3402434431,2024-09-26T13:10:11Z,2024-09-26T19:09:12Z,,19.473221,3.3036,membership,Payment by membership account and/or membership card,USCPIE13290491*1
ChargePoint Network,,,15885251,15885251,TWICKENHAM SQ / HU - STATION 1,25520941,247,3347368971,2024-09-03T16:11:02Z,2024-09-03T16:32:34Z,,24.040501,71.511,membership,Payment by membership account and/or membership card,USCPIE15885251*1
ChargePoint Network,,,15885791,15885791,TWICKENHAM SQ / HU - STATION 3,25521611,247,3345696411,2024-09-02T21:19:32Z,2024-09-02T22:07:17Z,,73.729301,97.127,credit_card_terminal,Payment via credit card or debit card terminal,USCPIE15885791*1
ChargePoint Network,,,15332321,15332321,TUA NW ATLANTIC / STATION 1 (L),24867861,247,3391504651,2024-09-21T20:44:08Z,2024-09-21T20:56:45Z,,10.373200,49.833,membership,Payment by membership account and/or membership card,USCPIE15332321*1
ChargePoint Network,,,1932851,1932851,BRIGHTRIDGE EV / BR-JC LIBRARY,23319811,3,3373990701,2024-09-14T12:55:15Z,2024-09-14T14:17:04Z,,9.519424,7.445,membership,Payment by membership account and/or membership card,USCPIE1932851*1
ChargePoint Network,,,1988061,1988061,7SPC / SCES DOLLYWOOD,25499831,3,3380835241,2024-09-17T16:23:55Z,2024-09-17T20:36:29Z,,14.782351,3.5365,credit_card_terminal,Payment via credit card or debit card terminal,USCPIE1988061*1
ChargePoint Network,,,13164881,13164881,BTES / STATION 2 (LM),22491051,247,3404624001,2024-09-27T04:36:29Z,2024-09-27T04:51:50Z,,16.236099,68.111,membership,Payment by membership account and/or membership card,USCPIE13164881*1
ChargePoint Network,,,5346231,5346231,CULLMANELECTRIC / STATION2-R,8926271,247,3364432091,2024-09-10T18:13:14Z,2024-09-10T18:31:47Z,,18.727301,71.148,membership,Payment by membership account and/or membership card,USCPIE5346231*1
ChargePoint Network,,,5346231,5346231,CULLMANELECTRIC / STATION2-R,8926271,247,3400358061,2024-09-25T16:45:48Z,2024-09-25T17:56:09Z,,45.007198,53.279,other,Any other payment method not specified above. Additional description should be provided in Payment Method Description.,USCPIE5346231*1
ChargePoint Network,,,15640171,15640171,NECDC / STATION 2 (R),25228711,247,3401448931,2024-09-26T00:15:52Z,2024-09-26T00:30:05Z,,11.549200,53.576,membership,Payment by membership account and/or membership card,USCPIE15640171*1
ChargePoint Network,,,12754021,12754021,WCMES / CITYHALL1-L,22015241,247,3365096781,2024-09-10T22:41:12Z,2024-09-10T23:32:57Z,,54.228901,69.188,membership,Payment by membership account and/or membership card,USCPIE12754021*1
ChargePoint Network,,,15548181,15548181,DECATURDOWNTWN / STATION 2 (L),25119551,247,3353454541,2024-09-05T21:21:18Z,2024-09-05T22:20:02Z,,57.094398,73.108,membership,Payment by membership account and/or membership card,USCPIE15548181*1
ChargePoint Network,,,15885151,15885151,TWICKENHAM SQ / HU - STATION 2,25520801,247,3372138721,2024-09-13T16:47:19Z,2024-09-13T17:14:45Z,,31.475000,71.565,membership,Payment by membership account and/or membership card,USCPIE15885151*1
ChargePoint Network,,,5565241,5565241,7SPC / SCES LECONTE 4,9205111,3,3360349351,2024-09-09T01:20:05Z,2024-09-09T02:26:39Z,,3.185638,3.7404,membership,Payment by membership account and/or membership card,USCPIE5565241*2
ChargePoint Network,,,8851921,8851921,7SPC / SEVIERVILLE DC1,15571271,207,3377996421,2024-09-16T14:54:01Z,2024-09-16T15:16:35Z,,19.635099,61.617,membership,Payment by membership account and/or membership card,USCPIE8851921*1
ChargePoint Network,,,1844191,1844191,CLW / MAIN ST,23050431,3,3391402821,2024-09-21T19:46:09Z,2024-09-21T19:48:09Z,,0.000000,,membership,Payment by membership account and/or membership card,USCPIE1844191*1
ChargePoint Network,,,15694081,15694081,BRIGHTRIDGE EV / STATION 2 (R),25291921,247,3385909761,2024-09-19T15:01:02Z,2024-09-19T15:27:13Z,,31.038799,73.164,membership,Payment by membership account and/or membership card,USCPIE15694081*1
ChargePoint Network,,,13606061,13606061,I24 EXIT11 / STATION 4 (RR),22992511,247,3372429851,2024-09-13T18:58:59Z,2024-09-13T19:35:49Z,,27.882099,52.772,membership,Payment by membership account and/or membership card,USCPIE13606061*1
ChargePoint Network,,,14047321,14047321,JEFFERSON AVE. / OXFORD STA2(R),23514081,247,3342993921,2024-09-01T02:43:17Z,2024-09-01T05:14:01Z,,0.834900,73.199,membership,Payment by membership account and/or membership card,USCPIE14047321*1
ChargePoint Network,,,14047321,14047321,JEFFERSON AVE. / OXFORD STA2(R),23514081,247,3343421371,2024-09-01T13:20:32Z,2024-09-01T15:13:07Z,,112.863098,87.515,membership,Payment by membership account and/or membership card,USCPIE14047321*1
ChargePoint Network,,,15548181,15548181,DECATURDOWNTWN / STATION 2 (L),25119551,100011,3357351101,2024-09-07T13:21:17Z,2024-09-07T13:21:26Z,,0.000000,0.0,membership,Payment by membership account and/or membership card,USCPIE15548181*1
ChargePoint Network,,,13606061,13606061,I24 EXIT11 / STATION 4 (RR),22992511,247,3372423361,2024-09-13T18:56:45Z,2024-09-13T18:57:19Z,,0.000000,0.0,membership,Payment by membership account and/or membership card,USCPIE13606061*1
ChargePoint Network,,,15885251,15885251,TWICKENHAM SQ / HU - STATION 1,25520941,247,3375407541,2024-09-15T02:54:46Z,2024-09-15T05:00:10Z,,52.675098,73.875,membership,Payment by membership account and/or membership card,USCPIE15885251*1
ChargePoint Network,,,7505851,7505851,JEFFERSON AVE. / OXFORD STA1(L),12955471,100011,3356777721,2024-09-07T02:29:18Z,2024-09-07T02:46:15Z,,5.875100,22.125,membership,Payment by membership account and/or membership card,USCPIE7505851*1
ChargePoint Network,,,7505851,7505851,JEFFERSON AVE. / OXFORD STA1(L),12955471,100011,3357521721,2024-09-07T15:30:41Z,2024-09-07T15:35:38Z,,1.505300,0.0,membership,Payment by membership account and/or membership card,USCPIE7505851*1
ChargePoint Network,,,8851921,8851921,7SPC / SEVIERVILLE DC1,15571271,207,3352935531,2024-09-05T17:44:46Z,2024-09-05T18:34:44Z,,45.972698,56.763,membership,Payment by membership account and/or membership card,USCPIE8851921*1
ChargePoint Network,,,15729991,15729991,AEC / AEC03,25334171,3,3393289571,2024-09-22T20:54:03Z,2024-09-22T22:30:04Z,,10.527574,6.6117,membership,Payment by membership account and/or membership card,USCPIE15729991*1
ChargePoint Network,,,13659871,13659871,LAWRENCEBURG / STATION 2 (R),23054921,247,3390742841,2024-09-21T12:43:43Z,2024-09-21T13:17:03Z,,37.061199,76.635,membership,Payment by membership account and/or membership card,USCPIE13659871*1
ChargePoint Network,,,1964521,1964521,EBOFG / GUNTERSVILLE PD,8374211,3,3384693101,2024-09-19T00:38:12Z,2024-09-19T01:39:10Z,,3.545043,3.6988,credit_card_terminal,Payment via credit card or debit card terminal,USCPIE1964521*2
ChargePoint Network,,,13643831,13643831,PEPA / STATION 1,23036511,247,3374541531,2024-09-14T18:53:55Z,2024-09-14T19:17:19Z,,24.583401,66.725,membership,Payment by membership account and/or membership card,USCPIE13643831*1
ChargePoint Network,,,12460751,12460751,PES / LEFT STATION,22360171,215,3353339691,2024-09-05T20:35:13Z,2024-09-06T16:13:34Z,,31.355900,7.7548,membership,Payment by membership account and/or membership card,USCPIE12460751*1
ChargePoint Network,,,1964521,1964521,EBOFG / GUNTERSVILLE PD,8374201,3,3394843411,2024-09-23T15:19:42Z,2024-09-23T16:22:56Z,,7.528429,7.3947,membership,Payment by membership account and/or membership card,USCPIE1964521*1
ChargePoint Network,,,15728901,15728901,AEC / AEC04,25332891,3,3353750571,2024-09-05T23:12:33Z,2024-09-05T23:25:23Z,,1.446047,7.4601,credit_card_terminal,Payment via credit card or debit card terminal,USCPIE15728901*2
ChargePoint Network,,,15885771,15885771,TWICKENHAM SQ / HU - STATION 4,25521581,247,3393650051,2024-09-22T23:58:08Z,2024-09-23T00:34:55Z,,52.353500,89.68,credit_card_terminal,Payment via credit card or debit card terminal,USCPIE15885771*1
ChargePoint Network,,,14083171,14083171,STEMC / STATION 1 (L) H,23554721,247,3355575391,2024-09-06T17:34:04Z,2024-09-06T17:59:20Z,,33.384399,122.122,credit_card_terminal,Payment via credit card or debit card terminal,USCPIE14083171*1
ChargePoint Network,,,13861861,13861861,BRMEMC / STATION 1,,,3350024761,2024-09-04T16:11:48Z,2024-09-04T16:13:48Z,,0.000000,,membership,Payment by membership account and/or membership card,USCPIE13861861*0
ChargePoint Network,,,15623231,15623231,CLW / 5TH ST 1 (L),25208301,247,3363542961,2024-09-10T12:23:37Z,2024-09-10T12:44:55Z,,23.502899,71.344,membership,Payment by membership account and/or membership card,USCPIE15623231*1
ChargePoint Network,,,13664501,13664501,BTES / STATION 4 (RR),23060561,100011,3409443651,2024-09-29T15:50:03Z,2024-09-29T18:16:46Z,,3.065400,15.64,credit_card_terminal,Payment via credit card or debit card terminal,USCPIE13664501*1
ChargePoint Network,,,15885251,15885251,TWICKENHAM SQ / HU - STATION 1,25520941,247,3360646681,2024-09-09T04:46:45Z,2024-09-09T05:51:07Z,,41.562000,74.071,membership,Payment by membership account and/or membership card,USCPIE15885251*1
ChargePoint Network,,,15555831,15555831,FPU / STATION 2 (R),25128511,247,3353652121,2024-09-05T22:37:05Z,2024-09-05T23:27:13Z,,44.636501,71.736,phone_online,"Payment through mobile app, website, automated phone number or messaging system",USCPIE15555831*1
ChargePoint Network,,,16244751,16244751,TOMBIGBEE / STATION 1,25952971,247,3364682571,2024-09-10T19:59:19Z,2024-09-10T20:07:19Z,,0.000000,0.0,credit_card_terminal,Payment via credit card or debit card terminal,USCPIE16244751*1
ChargePoint Network,,,15332351,15332351,TUA NW ATLANTIC / STATION 2 (R),24867891,247,3364805531,2024-09-10T20:48:51Z,2024-09-10T21:17:28Z,,31.520901,69.452,membership,Payment by membership account and/or membership card,USCPIE15332351*1
ChargePoint Network,,,13643831,13643831,PEPA / STATION 1,23036511,247,3408294201,2024-09-28T21:44:00Z,2024-09-28T23:39:46Z,,163.138794,102.051,membership,Payment by membership account and/or membership card,USCPIE13643831*1
ChargePoint Network,,,13651631,13651631,MLEC / STATION 2 (R) H,23045821,100011,3361917731,2024-09-09T18:52:02Z,2024-09-09T19:15:10Z,,2.689000,24.094,membership,Payment by membership account and/or membership card,USCPIE13651631*1
ChargePoint Network,,,15694171,15694171,BRIGHTRIDGE EV / STATION 1 (L),25292041,247,3392736441,2024-09-22T15:27:02Z,2024-09-22T15:40:59Z,,14.786600,67.914,membership,Payment by membership account and/or membership card,USCPIE15694171*1
ChargePoint Network,,,14359531,14359531,EBOFG / STATION 2 (R),23870331,247,3376462811,2024-09-15T20:24:21Z,2024-09-15T20:49:31Z,,25.047100,61.56,membership,Payment by membership account and/or membership card,USCPIE14359531*1
ChargePoint Network,,,15640031,15640031,NECDC / STATION 1 (L),25228511,247,3387391721,2024-09-20T00:40:40Z,2024-09-20T01:46:37Z,,54.507099,73.086,membership,Payment by membership account and/or membership card,USCPIE15640031*1
ChargePoint Network,,,15623211,15623211,CLW / 5TH ST 2 (R),25208281,247,3350261841,2024-09-04T17:55:07Z,2024-09-04T18:16:48Z,,24.419100,77.027,credit_card_terminal,Payment via credit card or debit card terminal,USCPIE15623211*1
ChargePoint Network,,,12448521,12448521,7SPC / WARREN RECC LF,21576921,3,3362374951,2024-09-09T22:01:34Z,2024-09-09T23:03:56Z,,5.978137,5.9129,phone_online,"Payment through mobile app, website, automated phone number or messaging system",USCPIE12448521*2
ChargePoint Network,,,15885791,15885791,TWICKENHAM SQ / HU - STATION 3,25521611,247,3410075631,2024-09-29T21:50:32Z,2024-09-29T22:07:22Z,,19.508699,73.43,membership,Payment by membership account and/or membership card,USCPIE15885791*1
ChargePoint Network,,,15280441,15280441,SPRFLD ELECTRIC / STATION 2 (R),24807641,247,3392974531,2024-09-22T17:59:45Z,2024-09-22T20:13:00Z,,43.767502,54.611,credit_card_terminal,Payment via credit card or debit card terminal,USCPIE15280441*1
ChargePoint Network,,,15885151,15885151,TWICKENHAM SQ / HU - STATION 2,25520801,247,3393232331,2024-09-22T20:23:34Z,2024-09-22T21:55:32Z,,50.177502,64.739,membership,Payment by membership account and/or membership card,USCPIE15885151*1
ChargePoint Network,,,1988061,1988061,7SPC / SCES DOLLYWOOD,25499831,3,3349806471,2024-09-04T15:08:27Z,2024-09-04T18:42:47Z,,25.960690,7.3723,membership,Payment by membership account and/or membership card,USCPIE1988061*1
ChargePoint Network,,,15250701,15250701,SES-TN / STATION 2,,,3403722961,2024-09-26T21:42:50Z,2024-09-26T21:42:56Z,,0.000000,,membership,Payment by membership account and/or membership card,USCPIE15250701*0
ChargePoint Network,,,8851921,8851921,7SPC / SEVIERVILLE DC1,15571271,207,3359941191,2024-09-08T21:50:50Z,2024-09-08T22:42:49Z,,36.699902,53.723,membership,Payment by membership account and/or membership card,USCPIE8851921*1
ChargePoint Network,,,7505851,7505851,JEFFERSON AVE. / OXFORD STA1(L),12955471,247,3407771971,2024-09-28T17:01:16Z,2024-09-28T17:34:07Z,,36.080700,73.481,membership,Payment by membership account and/or membership card,USCPIE7505851*1
ChargePoint Network,,,1988061,1988061,7SPC / SCES DOLLYWOOD,25499841,3,3394816851,2024-09-23T15:12:49Z,2024-09-23T19:03:31Z,,26.939005,7.2152,credit_card_terminal,Payment via credit card or debit card terminal,USCPIE1988061*2
ChargePoint Network,,,9677521,9677521,UT PARKING / S7 STATION 1,17169331,3,3385871731,2024-09-19T14:49:13Z,2024-09-19T18:29:00Z,,26.162397,7.3471,membership,Payment by membership account and/or membership card,USCPIE9677521*1
ChargePoint Network,,,15729991,15729991,AEC / AEC03,25334181,3,3397822661,2024-09-24T17:41:37Z,2024-09-24T19:55:11Z,,16.031677,7.2615,membership,Payment by membership account and/or membership card,USCPIE15729991*2
ChargePoint Network,,,14083171,14083171,STEMC / STATION 1 (L) H,23554721,247,3343435681,2024-09-01T13:37:34Z,2024-09-01T15:09:55Z,,58.270802,72.889,membership,Payment by membership account and/or membership card,USCPIE14083171*1
ChargePoint Network,,,15548181,15548181,DECATURDOWNTWN / STATION 2 (L),25119551,247,3378166791,2024-09-16T15:46:14Z,2024-09-16T16:14:57Z,,16.926701,47.945,membership,Payment by membership account and/or membership card,USCPIE15548181*1
ChargePoint Network,,,15640171,15640171,NECDC / STATION 2 (R),25228711,247,3346864931,2024-09-03T13:15:32Z,2024-09-03T13:17:17Z,,0.000000,0.0,credit_card_terminal,Payment via credit card or debit card terminal,USCPIE15640171*1
ChargePoint Network,,,14083171,14083171,STEMC / STATION 1 (L) H,23554721,247,3393622041,2024-09-22T23:43:16Z,2024-09-22T23:44:26Z,,0.000000,0.0,membership,Payment by membership account and/or membership card,USCPIE14083171*1
ChargePoint Network,,,5565241,5565241,7SPC / SCES LECONTE 4,9205111,3,3356284391,2024-09-06T22:35:55Z,2024-09-06T23:22:02Z,,2.440560,3.7491,membership,Payment by membership account and/or membership card,USCPIE5565241*2
ChargePoint Network,,,5350831,5350831,CULLMANELECTRIC / CEC MAIN OFFICE,8932491,3,3408027111,2024-09-28T19:20:11Z,2024-09-28T19:26:08Z,,0.534808,6.1895,membership,Payment by membership account and/or membership card,USCPIE5350831*1
ChargePoint Network,,,5346231,5346231,CULLMANELECTRIC / STATION2-R,8926271,247,3381351661,2024-09-17T20:08:20Z,2024-09-17T21:03:16Z,,54.173801,77.615,membership,Payment by membership account and/or membership card,USCPIE5346231*1
ChargePoint Network,,,15694081,15694081,BRIGHTRIDGE EV / STATION 2 (R),25291921,247,3403080591,2024-09-26T17:07:31Z,2024-09-26T17:22:20Z,,25.759399,118.272,membership,Payment by membership account and/or membership card,USCPIE15694081*1
ChargePoint Network,,,14097711,14097711,SCOTTSBORO EPB / SEPB DCFC (R),23570811,247,3391443541,2024-09-21T20:10:03Z,2024-09-21T20:30:36Z,,23.679399,114.0,membership,Payment by membership account and/or membership card,USCPIE14097711*1
ChargePoint Network,,,15885771,15885771,TWICKENHAM SQ / HU - STATION 4,25521581,100011,3380586581,2024-09-17T15:08:18Z,2024-09-17T15:32:12Z,,7.573500,29.722,other,Any other payment method not specified above. Additional description should be provided in Payment Method Description.,USCPIE15885771*1
ChargePoint Network,,,5122191,5122191,CULLMANELECTRIC / STATION1-L,8482151,247,3386474591,2024-09-19T18:28:47Z,2024-09-19T18:51:24Z,,37.648998,122.122,membership,Payment by membership account and/or membership card,USCPIE5122191*1
ChargePoint Network,,,15885771,15885771,TWICKENHAM SQ / HU - STATION 4,25521581,247,3362267441,2024-09-09T21:18:33Z,2024-09-09T21:40:09Z,,29.594500,85.337,membership,Payment by membership account and/or membership card,USCPIE15885771*1
ChargePoint Network,,,13861891,13861891,BRMEMC / STATION 2,23296321,100011,3393386521,2024-09-22T21:46:29Z,2024-09-22T22:05:33Z,,15.582400,51.728,credit_card_terminal,Payment via credit card or debit card terminal,USCPIE13861891*1
ChargePoint Network,,,13606061,13606061,I24 EXIT11 / STATION 4 (RR),22992511,247,3371867311,2024-09-13T15:13:33Z,2024-09-13T15:42:51Z,,34.930000,76.041,membership,Payment by membership account and/or membership card,USCPIE13606061*1
ChargePoint Network,,,14337221,14337221,HOLSTONELECTRIC / CHURCH HILL-1,23844801,247,3374827431,2024-09-14T21:28:39Z,2024-09-14T22:15:34Z,,47.908199,85.599,membership,Payment by membership account and/or membership card,USCPIE14337221*1
ChargePoint Network,,,7505851,7505851,JEFFERSON AVE. / OXFORD STA1(L),12955471,247,3343629331,2024-09-01T16:29:18Z,2024-09-01T16:57:27Z,,37.155998,89.434,membership,Payment by membership account and/or membership card,USCPIE7505851*1
ChargePoint Network,,,13606141,13606141,I24 EXIT11 / STATION 1 (LL),22992611,247,3353267591,2024-09-05T20:06:41Z,2024-09-05T20:33:13Z,,27.744499,77.223,membership,Payment by membership account and/or membership card,USCPIE13606141*1
ChargePoint Network,,,13861891,13861891,BRMEMC / STATION 2,23296321,247,3350034151,2024-09-04T16:17:02Z,2024-09-04T16:48:01Z,,39.935398,80.555,membership,Payment by membership account and/or membership card,USCPIE13861891*1
ChargePoint Network,,,13423581,13423581,AEC / STATION #2 (R),22787011,247,3404884151,2024-09-27T11:20:59Z,2024-09-27T11:49:38Z,,36.514999,81.952,membership,Payment by membership account and/or membership card,USCPIE13423581*1
ChargePoint Network,,,8851921,8851921,7SPC / SEVIERVILLE DC1,15571271,207,3357377081,2024-09-07T13:45:59Z,2024-09-07T14:07:52Z,,19.270100,55.539,membership,Payment by membership account and/or membership card,USCPIE8851921*1
ChargePoint Network,,,8851921,8851921,7SPC / SEVIERVILLE DC1,15571271,207,3358241721,2024-09-07T22:12:47Z,2024-09-07T23:10:04Z,,47.041302,59.669,membership,Payment by membership account and/or membership card,USCPIE8851921*1
ChargePoint Network,,,14047321,14047321,JEFFERSON AVE. / OXFORD STA2(R),23514081,100011,3392150181,2024-09-22T02:39:15Z,2024-09-22T02:42:18Z,,0.655300,0.0,membership,Payment by membership account and/or membership card,USCPIE14047321*1
ChargePoint Network,,,13606061,13606061,I24 EXIT11 / STATION 4 (RR),22992511,247,3344089881,2024-09-01T21:23:32Z,2024-09-01T21:56:34Z,,47.881401,100.407,credit_card_terminal,Payment via credit card or debit card terminal,USCPIE13606061*1
ChargePoint Network,,,12720861,12720861,WRECC / STATION 2,21977121,247,3393066311,2024-09-22T18:51:18Z,2024-09-22T19:21:15Z,,12.324600,36.287,membership,Payment by membership account and/or membership card,USCPIE12720861*1
ChargePoint Network,,,15885771,15885771,TWICKENHAM SQ / HU - STATION 4,25521581,247,3389008641,2024-09-20T17:36:10Z,2024-09-20T18:20:12Z,,52.129700,75.45,membership,Payment by membership account and/or membership card,USCPIE15885771*1
ChargePoint Network,,,15280471,15280471,SPRFLD ELECTRIC / STATION 1 (L),24807681,247,3388167721,2024-09-20T11:34:16Z,2024-09-20T12:07:27Z,,54.174301,122.583,membership,Payment by membership account and/or membership card,USCPIE15280471*1
ChargePoint Network,,,16244681,16244681,TOMBIGBEE / STATION 2,25952901,247,3359642181,2024-09-08T19:04:53Z,2024-09-08T19:35:53Z,,42.544899,86.68,membership,Payment by membership account and/or membership card,USCPIE16244681*1
ChargePoint Network,,,9677521,9677521,UT PARKING / S7 STATION 1,17169331,3,3400296281,2024-09-25T16:21:38Z,2024-09-25T20:04:56Z,,24.606501,7.1022,membership,Payment by membership account and/or membership card,USCPIE9677521*1
ChargePoint Network,,,1988061,1988061,7SPC / SCES DOLLYWOOD,25499841,3,3374931431,2024-09-14T22:24:45Z,2024-09-15T01:06:47Z,,15.351697,7.1401,credit_card_terminal,Payment via credit card or debit card terminal,USCPIE1988061*2
ChargePoint Network,,,13664501,13664501,BTES / STATION 4 (RR),23060561,247,3353753181,2024-09-05T23:13:49Z,2024-09-05T23:17:17Z,,2.731900,72.8,membership,Payment by membership account and/or membership card,USCPIE13664501*1
ChargePoint Network,,,5346231,5346231,CULLMANELECTRIC / STATION2-R,8926271,247,3401496631,2024-09-26T00:35:25Z,2024-09-26T01:13:39Z,,45.445801,73.458,membership,Payment by membership account and/or membership card,USCPIE5346231*1
ChargePoint Network,,,14337501,14337501,HOLSTONELECTRIC / CHURCH HILL-2,23845091,100011,3382687811,2024-09-18T10:37:42Z,2024-09-18T10:59:09Z,,13.198000,53.2,credit_card_terminal,Payment via credit card or debit card terminal,USCPIE14337501*1
ChargePoint Network,,,12406491,12406491,FPIA / LEFT STATION,21527781,247,3345219671,2024-09-02T16:18:04Z,2024-09-02T16:24:43Z,,4.484700,0.0,membership,Payment by membership account and/or membership card,USCPIE12406491*1
ChargePoint Network,,,5346231,5346231,CULLMANELECTRIC / STATION2-R,8926271,247,3357871021,2024-09-07T18:50:59Z,2024-09-07T19:15:46Z,,8.702000,38.041,membership,Payment by membership account and/or membership card,USCPIE5346231*1
ChargePoint Network,,,15280441,15280441,SPRFLD ELECTRIC / STATION 2 (R),24807641,247,3407645021,2024-09-28T15:47:32Z,2024-09-28T17:04:48Z,,14.135500,23.559,membership,Payment by membership account and/or membership card,USCPIE15280441*1
ChargePoint Network,,,7505851,7505851,JEFFERSON AVE. / OXFORD STA1(L),12955471,247,3405937911,2024-09-27T19:25:33Z,2024-09-27T19:26:23Z,,0.000000,0.0,membership,Payment by membership account and/or membership card,USCPIE7505851*1
ChargePoint Network,,,15548181,15548181,DECATURDOWNTWN / STATION 2 (L),25119551,247,3398310281,2024-09-24T21:07:47Z,2024-09-24T21:42:22Z,,27.506100,52.096,membership,Payment by membership account and/or membership card,USCPIE15548181*1
ChargePoint Network,,,14047321,14047321,JEFFERSON AVE. / OXFORD STA2(R),23514081,247,3375753361,2024-09-15T10:03:19Z,2024-09-15T10:19:05Z,,16.517099,74.0,membership,Payment by membership account and/or membership card,USCPIE14047321*1
ChargePoint Network,,,15885151,15885151,TWICKENHAM SQ / HU - STATION 2,25520801,247,3345623001,2024-09-02T20:36:31Z,2024-09-02T21:17:38Z,,28.846100,75.66,membership,Payment by membership account and/or membership card,USCPIE15885151*1
ChargePoint Network,,,8851921,8851921,7SPC / SEVIERVILLE DC1,15571271,207,3409208051,2024-09-29T11:08:30Z,2024-09-29T11:10:02Z,,0.000000,0.0,membership,Payment by membership account and/or membership card,USCPIE8851921*1
ChargePoint Network,,,14047321,14047321,JEFFERSON AVE. / OXFORD STA2(R),23514081,247,3359466831,2024-09-08T17:21:05Z,2024-09-08T20:27:53Z,,29.286400,48.444,membership,Payment by membership account and/or membership card,USCPIE14047321*1
ChargePoint Network,,,5397731,5397731,EEDEV / MILLIGAN UNIV,9010251,3,3397332021,2024-09-24T14:51:41Z,2024-09-24T18:05:10Z,,21.026470,7.4741,membership,Payment by membership account and/or membership card,USCPIE5397731*1
ChargePoint Network,,,15885251,15885251,TWICKENHAM SQ / HU - STATION 1,25520941,247,3362310261,2024-09-09T21:36:38Z,2024-09-09T22:40:22Z,,84.612900,96.848,membership,Payment by membership account and/or membership card,USCPIE15885251*1
ChargePoint Network,,,13606141,13606141,I24 EXIT11 / STATION 1 (LL),22992611,247,3407518841,2024-09-28T14:20:16Z,2024-09-28T15:14:25Z,,54.104900,77.027,membership,Payment by membership account and/or membership card,USCPIE13606141*1
ChargePoint Network,,,16244681,16244681,TOMBIGBEE / STATION 2,25952901,247,3394060441,2024-09-23T04:10:47Z,2024-09-23T05:01:24Z,,53.317200,84.709,membership,Payment by membership account and/or membership card,USCPIE16244681*1
ChargePoint Network,,,12460751,12460751,PES / LEFT STATION,22360171,215,3347983701,2024-09-03T20:32:51Z,2024-09-04T12:37:01Z,,25.493099,7.7514,membership,Payment by membership account and/or membership card,USCPIE12460751*1
ChargePoint Network,,,5619801,5619801,7SPC / WARREN RECC BG,25687251,3,3382306161,2024-09-18T02:55:23Z,2024-09-18T07:37:59Z,,29.255919,6.3858,membership,Payment by membership account and/or membership card,USCPIE5619801*1
ChargePoint Network,,,5122191,5122191,CULLMANELECTRIC / STATION1-L,8482151,247,3355876261,2024-09-06T19:47:25Z,2024-09-06T20:31:35Z,,40.984699,66.527,membership,Payment by membership account and/or membership card,USCPIE5122191*1
ChargePoint Network,,,16093871,16093871,BCES / STATION 1 (L),25770751,100011,3408464351,2024-09-28T23:12:19Z,2024-09-28T23:36:20Z,,3.407700,25.996,credit_card_terminal,Payment via credit card or debit card terminal,USCPIE16093871*1
ChargePoint Network,,,15885151,15885151,TWICKENHAM SQ / HU - STATION 2,25520801,247,3353911081,2024-09-06T00:12:01Z,2024-09-06T01:12:37Z,,61.286098,83.888,credit_card_terminal,Payment via credit card or debit card terminal,USCPIE15885151*1
ChargePoint Network,,,9677521,9677521,UT PARKING / S7 STATION 1,17169331,3,3372046911,2024-09-13T16:10:43Z,2024-09-13T20:01:09Z,,26.079710,7.1606,membership,Payment by membership account and/or membership card,USCPIE9677521*1
ChargePoint Network,,,13164881,13164881,BTES / STATION 2 (LM),22491051,247,3408310761,2024-09-28T21:53:23Z,2024-09-28T23:03:48Z,,81.736702,78.596,membership,Payment by membership account and/or membership card,USCPIE13164881*1
ChargePoint Network,,,13643801,13643801,PEPA / STATION 2,23036481,247,3374840061,2024-09-14T21:35:24Z,2024-09-14T22:00:32Z,,28.811600,74.25,membership,Payment by membership account and/or membership card,USCPIE13643801*1
ChargePoint Network,,,14355271,14355271,HARTSELLE 1 / STATION 1 (L),,,3345934531,2024-09-02T23:36:03Z,2024-09-02T23:38:04Z,,0.000000,,membership,Payment by membership account and/or membership card,USCPIE14355271*0
ChargePoint Network,,,5565291,5565291,7SPC / SCES LECONTE 1,9205191,3,3371697221,2024-09-13T14:01:39Z,2024-09-13T15:25:52Z,,4.255431,3.742,membership,Payment by membership account and/or membership card,USCPIE5565291*1
ChargePoint Network,,,1921531,1921531,STARKVILLE UTIL / STARKVILLE REC,2268551,3,3392972141,2024-09-22T17:58:43Z,2024-09-22T21:43:53Z,,27.305988,,membership,Payment by membership account and/or membership card,USCPIE1921531*1
ChargePoint Network,,,13861861,13861861,BRMEMC / STATION 1,23296281,247,3408224391,2024-09-28T21:06:02Z,2024-09-28T21:07:17Z,,0.000000,0.0,credit_card_terminal,Payment via credit card or debit card terminal,USCPIE13861861*1
ChargePoint Network,,,9777021,9777021,CRMC / CRMC-2- L2RIGHT,17361741,3,3382974631,2024-09-18T13:13:57Z,2024-09-18T20:01:00Z,,45.486835,7.1181,membership,Payment by membership account and/or membership card,USCPIE9777021*1
ChargePoint Network,,,14097711,14097711,SCOTTSBORO EPB / SEPB DCFC (R),23570811,247,3390775981,2024-09-21T13:18:11Z,2024-09-21T13:30:47Z,,4.760100,24.912,membership,Payment by membership account and/or membership card,USCPIE14097711*1
ChargePoint Network,,,14359531,14359531,EBOFG / STATION 2 (R),23870331,247,3375934081,2024-09-15T14:56:21Z,2024-09-15T15:17:41Z,,20.014601,60.521,membership,Payment by membership account and/or membership card,USCPIE14359531*1
ChargePoint Network,,,5350831,5350831,CULLMANELECTRIC / CEC MAIN OFFICE,8932501,3,3349581221,2024-09-04T13:41:04Z,2024-09-04T16:24:21Z,,16.398216,6.1081,membership,Payment by membership account and/or membership card,USCPIE5350831*2
ChargePoint Network,,,15694081,15694081,BRIGHTRIDGE EV / STATION 2 (R),25291921,247,3394442981,2024-09-23T12:33:58Z,2024-09-23T15:23:00Z,,40.925400,87.759,membership,Payment by membership account and/or membership card,USCPIE15694081*1
ChargePoint Network,,,14097711,14097711,SCOTTSBORO EPB / SEPB DCFC (R),23570811,247,3371742781,2024-09-13T14:24:00Z,2024-09-13T14:49:15Z,,27.561899,73.655,credit_card_terminal,Payment via credit card or debit card terminal,USCPIE14097711*1
ChargePoint Network,,,15280441,15280441,SPRFLD ELECTRIC / STATION 2 (R),24807641,247,3351054291,2024-09-04T23:19:55Z,2024-09-05T00:36:04Z,,43.789398,53.937,membership,Payment by membership account and/or membership card,USCPIE15280441*1
ChargePoint Network,,,8851921,8851921,7SPC / SEVIERVILLE DC1,15571271,207,3353911921,2024-09-06T00:13:02Z,2024-09-06T00:39:12Z,,23.446600,55.5,membership,Payment by membership account and/or membership card,USCPIE8851921*1
ChargePoint Network,,,15260241,15260241,STEMC / STATION 1 (L) A,24784071,247,3345394621,2024-09-02T18:14:19Z,2024-09-02T19:17:37Z,,40.859402,75.438,membership,Payment by membership account and/or membership card,USCPIE15260241*1
ChargePoint Network,,,13606061,13606061,I24 EXIT11 / STATION 4 (RR),22992511,247,3363961571,2024-09-10T15:15:01Z,2024-09-10T15:46:47Z,,26.466900,54.316,other,Any other payment method not specified above. Additional description should be provided in Payment Method Description.,USCPIE13606061*1
ChargePoint Network,,,12406491,12406491,FPIA / LEFT STATION,21527781,247,3374231761,2024-09-14T16:00:27Z,2024-09-14T16:02:18Z,,0.000000,0.0,membership,Payment by membership account and/or membership card,USCPIE12406491*1
ChargePoint Network,,,16093931,16093931,BCES / STATION 2 (R),25770831,247,3391420941,2024-09-21T19:58:07Z,2024-09-21T20:47:01Z,,48.845901,73.032,membership,Payment by membership account and/or membership card,USCPIE16093931*1
ChargePoint Network,,,5625391,5625391,7SPC / VEC JAMESTOWN,9280961,3,3394465141,2024-09-23T12:44:19Z,2024-09-23T20:36:08Z,,58.320900,7.56,membership,Payment by membership account and/or membership card,USCPIE5625391*1
ChargePoint Network,,,15548181,15548181,DECATURDOWNTWN / STATION 2 (L),25119551,100011,3357351621,2024-09-07T13:21:49Z,2024-09-07T13:42:53Z,,16.242500,50.784,membership,Payment by membership account and/or membership card,USCPIE15548181*1
ChargePoint Network,,,8851921,8851921,7SPC / SEVIERVILLE DC1,15571271,207,3374745251,2024-09-14T20:44:19Z,2024-09-14T21:56:21Z,,60.431400,58.057,credit_card_terminal,Payment via credit card or debit card terminal,USCPIE8851921*1
ChargePoint Network,,,14047321,14047321,JEFFERSON AVE. / OXFORD STA2(R),23514081,247,3355147591,2024-09-06T14:57:04Z,2024-09-06T15:38:33Z,,40.247299,72.236,membership,Payment by membership account and/or membership card,USCPIE14047321*1
ChargePoint Network,,,15885251,15885251,TWICKENHAM SQ / HU - STATION 1,25520941,247,3371854351,2024-09-13T15:08:58Z,2024-09-13T15:57:54Z,,29.809000,53.067,membership,Payment by membership account and/or membership card,USCPIE15885251*1
ChargePoint Network,,,14025691,14025691,PARIS BPU / STATION 1(L),23489541,247,3406610541,2024-09-28T00:17:23Z,2024-09-28T00:51:34Z,,24.392099,53.352,membership,Payment by membership account and/or membership card,USCPIE14025691*1
ChargePoint Network,,,1844191,1844191,CLW / MAIN ST,23050431,3,3355426231,2024-09-06T16:29:20Z,2024-09-06T17:17:04Z,,5.476304,7.0231,membership,Payment by membership account and/or membership card,USCPIE1844191*1
ChargePoint Network,,,13651631,13651631,MLEC / STATION 2 (R) H,23045821,247,3375990651,2024-09-15T15:38:29Z,2024-09-15T16:25:24Z,,31.109600,76.625,membership,Payment by membership account and/or membership card,USCPIE13651631*1
ChargePoint Network,,,5122191,5122191,CULLMANELECTRIC / STATION1-L,8482151,247,3367512931,2024-09-11T21:16:45Z,2024-09-11T21:29:26Z,,9.838800,0.0,membership,Payment by membership account and/or membership card,USCPIE5122191*1
ChargePoint Network,,,15684341,15684341,MLEC / STATION 2 (R) W,25280201,247,3357518521,2024-09-07T15:28:07Z,2024-09-07T15:54:03Z,,24.837999,60.956,membership,Payment by membership account and/or membership card,USCPIE15684341*1
ChargePoint Network,,,16311861,16311861,KIMBALL EV CHG / STATION 2 (R),26032351,247,3403731191,2024-09-26T21:46:02Z,2024-09-26T22:58:06Z,,45.342701,74.86,membership,Payment by membership account and/or membership card,USCPIE16311861*1
ChargePoint Network,,,14355251,14355251,HARTSELLE 1 / STATION 2 (R),23865691,247,3381876151,2024-09-17T23:37:05Z,2024-09-18T00:42:48Z,,37.710098,74.496,membership,Payment by membership account and/or membership card,USCPIE14355251*1
ChargePoint Network,,,13861891,13861891,BRMEMC / STATION 2,23296321,247,3408238101,2024-09-28T21:13:15Z,2024-09-28T21:14:44Z,,0.000000,0.0,credit_card_terminal,Payment via credit card or debit card terminal,USCPIE13861891*1
ChargePoint Network,,,5346231,5346231,CULLMANELECTRIC / STATION2-R,8926271,247,3363583981,2024-09-10T12:43:56Z,2024-09-10T13:02:18Z,,34.231098,117.809,membership,Payment by membership account and/or membership card,USCPIE5346231*1
ChargePoint Network,,,16093871,16093871,BCES / STATION 1 (L),25770751,100011,3410242041,2024-09-29T23:11:37Z,2024-09-29T23:47:34Z,,3.665300,22.503,credit_card_terminal,Payment via credit card or debit card terminal,USCPIE16093871*1
ChargePoint Network,,,8851921,8851921,7SPC / SEVIERVILLE DC1,15571271,207,3370613281,2024-09-13T00:09:36Z,2024-09-13T00:59:08Z,,31.097099,53.067,membership,Payment by membership account and/or membership card,USCPIE8851921*1
ChargePoint Network,,,13290491,13290491,7SPC / NASA USSRC L,25742681,3,3396782031,2024-09-24T08:40:23Z,2024-09-24T08:43:05Z,,0.158683,5.9224,membership,Payment by membership account and/or membership card,USCPIE13290491*2
ChargePoint Network,,,5565241,5565241,7SPC / SCES LECONTE 4,9205111,3,3360923821,2024-09-09T11:59:32Z,2024-09-09T13:51:55Z,,5.872395,3.7498,membership,Payment by membership account and/or membership card,USCPIE5565241*2
ChargePoint Network,,,15694171,15694171,BRIGHTRIDGE EV / STATION 1 (L),25292041,247,3407928211,2024-09-28T18:27:40Z,2024-09-28T18:42:26Z,,8.809800,61.698,membership,Payment by membership account and/or membership card,USCPIE15694171*1
ChargePoint Network,,,15623231,15623231,CLW / 5TH ST 1 (L),25208301,247,3370350651,2024-09-12T22:24:58Z,2024-09-12T23:25:08Z,,70.322197,76.241,membership,Payment by membership account and/or membership card,USCPIE15623231*1
ChargePoint Network,,,14337501,14337501,HOLSTONELECTRIC / CHURCH HILL-2,23845091,247,3345094261,2024-09-02T14:38:30Z,2024-09-02T14:54:10Z,,18.569201,74.772,membership,Payment by membership account and/or membership card,USCPIE14337501*1
ChargePoint Network,,,8851921,8851921,7SPC / SEVIERVILLE DC1,15571271,207,3388632251,2024-09-20T15:18:12Z,2024-09-20T15:20:47Z,,0.000000,0.0,membership,Payment by membership account and/or membership card,USCPIE8851921*1
ChargePoint Network,,,15885791,15885791,TWICKENHAM SQ / HU - STATION 3,25521611,247,3391086981,2024-09-21T16:54:59Z,2024-09-21T17:02:50Z,,9.797100,87.361,membership,Payment by membership account and/or membership card,USCPIE15885791*1
ChargePoint Network,,,9677521,9677521,UT PARKING / S7 STATION 1,17169331,3,3405424081,2024-09-27T15:43:56Z,2024-09-27T17:29:10Z,,12.322328,7.1022,membership,Payment by membership account and/or membership card,USCPIE9677521*1
ChargePoint Network,,,12989161,12989161,BTES / CITY HALL,22285821,3,3392566211,2024-09-22T12:18:13Z,2024-09-22T17:18:32Z,,35.777500,7.387,membership,Payment by membership account and/or membership card,USCPIE12989161*2
ChargePoint Network,,,13803581,13803581,FPU / STATION 1 (L),23227201,247,3357632591,2024-09-07T16:37:54Z,2024-09-07T16:57:07Z,,6.256700,22.356,membership,Payment by membership account and/or membership card,USCPIE13803581*1
ChargePoint Network,,,14047321,14047321,JEFFERSON AVE. / OXFORD STA2(R),23514081,247,3358564841,2024-09-08T01:12:47Z,2024-09-08T01:29:25Z,,14.521600,73.655,membership,Payment by membership account and/or membership card,USCPIE14047321*1
ChargePoint Network,,,15640171,15640171,NECDC / STATION 2 (R),25228711,247,3381532771,2024-09-17T21:22:50Z,2024-09-17T22:39:39Z,,57.112400,74.268,membership,Payment by membership account and/or membership card,USCPIE15640171*1
ChargePoint Network,,,13664401,13664401,BTES / STATION 1 (LL),23060421,247,3407794981,2024-09-28T17:14:00Z,2024-09-28T17:39:09Z,,18.029301,63.75,membership,Payment by membership account and/or membership card,USCPIE13664401*1
ChargePoint Network,,,8851921,8851921,7SPC / SEVIERVILLE DC1,15571271,207,3403311551,2024-09-26T18:54:29Z,2024-09-26T19:43:50Z,,39.018501,60.249,roaming,Payment via roaming partners,USCPIE8851921*1
ChargePoint Network,,,14359531,14359531,EBOFG / STATION 2 (R),23870331,247,3408736991,2024-09-29T01:48:36Z,2024-09-29T01:50:01Z,,0.000000,0.0,membership,Payment by membership account and/or membership card,USCPIE14359531*1
ChargePoint Network,,,1964521,1964521,EBOFG / GUNTERSVILLE PD,8374211,3,3379381191,2024-09-17T00:17:52Z,2024-09-17T01:24:10Z,,3.847787,3.7013,credit_card_terminal,Payment via credit card or debit card terminal,USCPIE1964521*2
ChargePoint Network,,,14337501,14337501,HOLSTONELECTRIC / CHURCH HILL-2,23845091,247,3393364561,2024-09-22T21:34:30Z,2024-09-22T21:50:04Z,,18.267200,72.962,membership,Payment by membership account and/or membership card,USCPIE14337501*1
ChargePoint Network,,,7505851,7505851,JEFFERSON AVE. / OXFORD STA1(L),,,3345452441,2024-09-02T18:50:28Z,2024-09-02T18:52:29Z,,0.000000,,membership,Payment by membership account and/or membership card,USCPIE7505851*0
ChargePoint Network,,,13423691,13423691,AEC / STATION #1 (L),22787121,247,3349481041,2024-09-04T12:53:48Z,2024-09-04T12:54:18Z,,0.000000,0.0,membership,Payment by membership account and/or membership card,USCPIE13423691*1
ChargePoint Network,,,13861891,13861891,BRMEMC / STATION 2,23296321,247,3358357081,2024-09-07T23:15:26Z,2024-09-08T00:36:38Z,,76.005898,75.851,credit_card_terminal,Payment via credit card or debit card terminal,USCPIE13861891*1
ChargePoint Network,,,5565291,5565291,7SPC / SCES LECONTE 1,9205191,3,3373291791,2024-09-14T01:07:08Z,2024-09-14T01:50:18Z,,2.041079,3.741,membership,Payment by membership account and/or membership card,USCPIE5565291*1
ChargePoint Network,,,5122191,5122191,CULLMANELECTRIC / STATION1-L,8482151,247,3358691941,2024-09-08T02:28:59Z,2024-09-08T02:44:30Z,,17.073500,68.853,membership,Payment by membership account and/or membership card,USCPIE5122191*1
ChargePoint Network,,,1921351,1921351,STARKVILLE UTIL / STARKVILLE DWTN,23682581,3,3393286921,2024-09-22T20:53:02Z,2024-09-22T21:30:30Z,,4.296774,7.0763,other,Any other payment method not specified above. Additional description should be provided in Payment Method Description.,USCPIE1921351*2
ChargePoint Network,,,14047321,14047321,JEFFERSON AVE. / OXFORD STA2(R),23514081,247,3367040711,2024-09-11T17:55:37Z,2024-09-11T18:09:00Z,,15.651000,76.625,membership,Payment by membership account and/or membership card,USCPIE14047321*1
ChargePoint Network,,,5565241,5565241,7SPC / SCES LECONTE 4,9205101,3,3394526941,2024-09-23T13:10:48Z,2024-09-23T22:10:06Z,,50.086048,7.276,credit_card_terminal,Payment via credit card or debit card terminal,USCPIE5565241*1
ChargePoint Network,,,1844191,1844191,CLW / MAIN ST,23050441,3,3354046041,2024-09-06T01:03:56Z,2024-09-06T04:48:09Z,,25.688044,7.346,membership,Payment by membership account and/or membership card,USCPIE1844191*2
ChargePoint Network,,,7505851,7505851,JEFFERSON AVE. / OXFORD STA1(L),12955471,247,3389969181,2024-09-21T00:35:30Z,2024-09-21T00:37:21Z,,0.000000,0.0,membership,Payment by membership account and/or membership card,USCPIE7505851*1
ChargePoint Network,,,13880891,13880891,MU / MUC MAIN OFFICE,23319021,3,3367034401,2024-09-11T17:51:23Z,2024-09-11T18:39:24Z,,5.464210,7.3193,membership,Payment by membership account and/or membership card,USCPIE13880891*2
ChargePoint Network,,,7505851,7505851,JEFFERSON AVE. / OXFORD STA1(L),,,3393359201,2024-09-22T21:29:40Z,2024-09-22T21:31:42Z,,0.000000,0.0,membership,Payment by membership account and/or membership card,USCPIE7505851*0
ChargePoint Network,,,7505851,7505851,JEFFERSON AVE. / OXFORD STA1(L),12955471,100011,3408516711,2024-09-28T23:42:39Z,2024-09-28T23:52:57Z,,4.754300,32.077,membership,Payment by membership account and/or membership card,USCPIE7505851*1
ChargePoint Network,,,5346231,5346231,CULLMANELECTRIC / STATION2-R,8926271,247,3388969021,2024-09-20T17:18:24Z,2024-09-20T17:49:32Z,,32.449001,77.027,membership,Payment by membership account and/or membership card,USCPIE5346231*1
ChargePoint Network,,,5354011,5354011,7SPC / GREENEVILLE TA,8936791,207,3390351061,2024-09-21T03:49:51Z,2024-09-21T04:03:44Z,,11.998800,58.673,membership,Payment by membership account and/or membership card,USCPIE5354011*1
ChargePoint Network,,,7505851,7505851,JEFFERSON AVE. / OXFORD STA1(L),12955471,247,3350568521,2024-09-04T20:08:03Z,2024-09-04T20:32:37Z,,27.058001,73.232,membership,Payment by membership account and/or membership card,USCPIE7505851*1
ChargePoint Network,,,15694081,15694081,BRIGHTRIDGE EV / STATION 2 (R),25291921,247,3349413861,2024-09-04T12:21:10Z,2024-09-04T13:51:57Z,,49.859200,54.02,membership,Payment by membership account and/or membership card,USCPIE15694081*1
ChargePoint Network,,,14359531,14359531,EBOFG / STATION 2 (R),23870331,247,3381231341,2024-09-17T19:20:53Z,2024-09-17T19:44:37Z,,22.174500,56.575,membership,Payment by membership account and/or membership card,USCPIE14359531*1
ChargePoint Network,,,14097711,14097711,SCOTTSBORO EPB / SEPB DCFC (R),23570811,247,3389001001,2024-09-20T17:32:52Z,2024-09-20T18:13:18Z,,31.475500,54.316,membership,Payment by membership account and/or membership card,USCPIE14097711*1
ChargePoint Network,,,13966031,13966031,BEA / STATION 4 (RR),23419961,247,3380391741,2024-09-17T13:53:39Z,2024-09-17T14:26:04Z,,34.803799,72.889,credit_card_terminal,Payment via credit card or debit card terminal,USCPIE13966031*1
ChargePoint Network,,,13606061,13606061,I24 EXIT11 / STATION 4 (RR),22992511,247,3408440191,2024-09-28T22:59:47Z,2024-09-28T23:57:12Z,,33.439701,53.131,membership,Payment by membership account and/or membership card,USCPIE13606061*1
ChargePoint Network,,,15885151,15885151,TWICKENHAM SQ / HU - STATION 2,25520801,247,3405369011,2024-09-27T15:27:15Z,2024-09-27T16:07:58Z,,40.368801,63.569,membership,Payment by membership account and/or membership card,USCPIE15885151*1
ChargePoint Network,,,14359531,14359531,EBOFG / STATION 2 (R),23870331,247,3398440701,2024-09-24T21:59:17Z,2024-09-24T22:24:11Z,,11.583700,43.91,membership,Payment by membership account and/or membership card,USCPIE14359531*1
ChargePoint Network,,,13651631,13651631,MLEC / STATION 2 (R) H,23045821,247,3343685351,2024-09-01T17:07:07Z,2024-09-01T17:28:43Z,,14.428400,53.341,membership,Payment by membership account and/or membership card,USCPIE13651631*1
ChargePoint Network,,,14047321,14047321,JEFFERSON AVE. / OXFORD STA2(R),23514081,247,3386928631,2024-09-19T21:32:58Z,2024-09-19T21:50:26Z,,19.126801,72.519,membership,Payment by membership account and/or membership card,USCPIE14047321*1
ChargePoint Network,,,15623231,15623231,CLW / 5TH ST 1 (L),25208301,247,3391387021,2024-09-21T19:39:38Z,2024-09-21T20:16:47Z,,40.997002,76.047,membership,Payment by membership account and/or membership card,USCPIE15623231*1
ChargePoint Network,,,5424051,5424051,EEDEV / ELIZ DOWNTOWN,9027001,3,3408664421,2024-09-29T01:04:30Z,2024-09-29T02:00:32Z,,6.667687,7.2365,credit_card_terminal,Payment via credit card or debit card terminal,USCPIE5424051*2
ChargePoint Network,,,15836981,15836981,TOMBIGBEE / STATION 4,25462651,247,3376114141,2024-09-15T16:57:34Z,2024-09-15T18:21:47Z,,68.416199,75.056,membership,Payment by membership account and/or membership card,USCPIE15836981*1
ChargePoint Network,,,1988141,1988141,7SPC / SCES DREAM MORE,2355561,3,3391602761,2024-09-21T21:35:19Z,2024-09-22T00:36:02Z,,20.910643,7.0827,membership,Payment by membership account and/or membership card,USCPIE1988141*1
ChargePoint Network,,,12720861,12720861,WRECC / STATION 2,,,3370624671,2024-09-13T00:12:25Z,2024-09-13T00:14:26Z,,0.000000,,other,Any other payment method not specified above. Additional description should be provided in Payment Method Description.,USCPIE12720861*0
ChargePoint Network,,,14047321,14047321,JEFFERSON AVE. / OXFORD STA2(R),23514081,247,3387691901,2024-09-20T03:06:33Z,2024-09-20T03:36:01Z,,33.595100,74.844,membership,Payment by membership account and/or membership card,USCPIE14047321*1
ChargePoint Network,,,1933211,1933211,BRIGHTRIDGE EV / BR-JONESBOROUGH,2283631,3,3358484501,2024-09-08T00:26:33Z,2024-09-08T00:55:15Z,,2.746921,6.0114,membership,Payment by membership account and/or membership card,USCPIE1933211*1
ChargePoint Network,,,15684301,15684301,MLEC / STATION 1 (L) W,25280151,247,3371030481,2024-09-12T17:11:49Z,2024-09-12T17:14:07Z,,0.762700,0.0,membership,Payment by membership account and/or membership card,USCPIE15684301*1
ChargePoint Network,,,1988141,1988141,7SPC / SCES DREAM MORE,2355571,3,3362681741,2024-09-10T00:05:41Z,2024-09-10T02:20:07Z,,10.169358,7.039,membership,Payment by membership account and/or membership card,USCPIE1988141*2
ChargePoint Network,,,15885771,15885771,TWICKENHAM SQ / HU - STATION 4,25521581,247,3381661091,2024-09-17T22:12:36Z,2024-09-17T23:04:07Z,,48.269001,84.513,membership,Payment by membership account and/or membership card,USCPIE15885771*1
ChargePoint Network,,,15694171,15694171,BRIGHTRIDGE EV / STATION 1 (L),25292041,247,3343430831,2024-09-01T13:32:19Z,2024-09-01T13:33:13Z,,0.144700,0.0,membership,Payment by membership account and/or membership card,USCPIE15694171*1
ChargePoint Network,,,13606061,13606061,I24 EXIT11 / STATION 4 (RR),22992511,100011,3359976381,2024-09-08T22:09:50Z,2024-09-08T23:23:01Z,,28.079201,42.066,credit_card_terminal,Payment via credit card or debit card terminal,USCPIE13606061*1
ChargePoint Network,,,15640171,15640171,NECDC / STATION 2 (R),,,3394990631,2024-09-23T16:03:01Z,2024-09-23T16:05:02Z,,0.000000,0.0,membership,Payment by membership account and/or membership card,USCPIE15640171*0
ChargePoint Network,,,14337221,14337221,HOLSTONELECTRIC / CHURCH HILL-1,23844801,247,3376358681,2024-09-15T19:25:35Z,2024-09-15T20:29:40Z,,54.265400,123.045,membership,Payment by membership account and/or membership card,USCPIE14337221*1
ChargePoint Network,,,1988061,1988061,7SPC / SCES DOLLYWOOD,25499831,3,3392684461,2024-09-22T14:43:47Z,2024-09-23T01:09:09Z,,71.412308,7.3834,membership,Payment by membership account and/or membership card,USCPIE1988061*1
ChargePoint Network,,,14359531,14359531,EBOFG / STATION 2 (R),23870331,247,3403804361,2024-09-26T22:14:33Z,2024-09-26T22:58:43Z,,36.288799,59.365,credit_card_terminal,Payment via credit card or debit card terminal,USCPIE14359531*1
ChargePoint Network,,,15640171,15640171,NECDC / STATION 2 (R),25228711,247,3348534721,2024-09-04T00:06:29Z,2024-09-04T00:45:40Z,,38.457100,73.26,membership,Payment by membership account and/or membership card,USCPIE15640171*1
ChargePoint Network,,,15694171,15694171,BRIGHTRIDGE EV / STATION 1 (L),25292041,247,3384333071,2024-09-18T22:12:36Z,2024-09-18T22:37:41Z,,26.749901,75.851,membership,Payment by membership account and/or membership card,USCPIE15694171*1
ChargePoint Network,,,15280441,15280441,SPRFLD ELECTRIC / STATION 2 (R),24807641,247,3358071411,2024-09-07T20:40:25Z,2024-09-07T21:02:02Z,,21.470600,75.459,membership,Payment by membership account and/or membership card,USCPIE15280441*1
ChargePoint Network,,,5346231,5346231,CULLMANELECTRIC / STATION2-R,,,3373179671,2024-09-14T00:17:44Z,2024-09-14T00:19:45Z,,0.000000,,membership,Payment by membership account and/or membership card,USCPIE5346231*0
ChargePoint Network,,,15885151,15885151,TWICKENHAM SQ / HU - STATION 2,25520801,247,3390794681,2024-09-21T13:36:32Z,2024-09-21T13:55:10Z,,35.801701,123.372,membership,Payment by membership account and/or membership card,USCPIE15885151*1
ChargePoint Network,,,13606091,13606091,I24 EXIT11 / STATION 3 (RM),22992551,247,3385529281,2024-09-19T12:16:47Z,2024-09-19T13:14:30Z,,47.029202,75.833,membership,Payment by membership account and/or membership card,USCPIE13606091*1
ChargePoint Network,,,12720861,12720861,WRECC / STATION 2,21977121,247,3399915221,2024-09-25T14:18:53Z,2024-09-25T14:59:24Z,,29.212000,74.972,membership,Payment by membership account and/or membership card,USCPIE12720861*1
ChargePoint Network,,,1921531,1921531,STARKVILLE UTIL / STARKVILLE REC,2268561,3,3371403671,2024-09-13T11:03:43Z,2024-09-13T19:16:06Z,,61.024696,7.5225,membership,Payment by membership account and/or membership card,USCPIE1921531*2
ChargePoint Network,,,14047321,14047321,JEFFERSON AVE. / OXFORD STA2(R),23514081,247,3388385011,2024-09-20T13:36:49Z,2024-09-20T13:51:20Z,,13.533000,71.064,membership,Payment by membership account and/or membership card,USCPIE14047321*1
ChargePoint Network,,,13026471,13026471,WCMES / CITYHALL2-R,22328331,247,3357748831,2024-09-07T17:43:19Z,2024-09-07T18:57:12Z,,38.907299,54.087,other,Any other payment method not specified above. Additional description should be provided in Payment Method Description.,USCPIE13026471*1
ChargePoint Network,,,14047321,14047321,JEFFERSON AVE. / OXFORD STA2(R),23514081,247,3379694681,2024-09-17T02:57:37Z,2024-09-17T03:01:01Z,,0.000000,0.0,membership,Payment by membership account and/or membership card,USCPIE14047321*1
ChargePoint Network,,,5363211,5363211,HARTSELLE 1 / HARTSELLE 1,23427581,3,3371766561,2024-09-13T14:35:25Z,2024-09-13T16:26:27Z,,13.205580,7.2217,membership,Payment by membership account and/or membership card,USCPIE5363211*2
ChargePoint Network,,,7173851,7173851,SCOTTSBORO EPB / MAIN OFFICE,12310871,3,3388863941,2024-09-20T16:34:11Z,2024-09-20T17:59:44Z,,10.042418,7.1328,credit_card_terminal,Payment via credit card or debit card terminal,USCPIE7173851*2
ChargePoint Network,,,13659871,13659871,LAWRENCEBURG / STATION 2 (R),23054921,247,3380511301,2024-09-17T14:43:59Z,2024-09-17T15:07:20Z,,9.132600,29.84,membership,Payment by membership account and/or membership card,USCPIE13659871*1
ChargePoint Network,,,16022131,16022131,ACEPA / ACE STATION 1,25683791,247,3408256761,2024-09-28T21:23:33Z,2024-09-28T22:05:11Z,,44.492599,77.415,membership,Payment by membership account and/or membership card,USCPIE16022131*1
ChargePoint Network,,,7505851,7505851,JEFFERSON AVE. / OXFORD STA1(L),12955471,100011,3389293791,2024-09-20T19:43:25Z,2024-09-20T20:17:26Z,,7.422400,21.784,membership,Payment by membership account and/or membership card,USCPIE7505851*1
ChargePoint Network,,,13861891,13861891,BRMEMC / STATION 2,23296321,247,3344365571,2024-09-02T00:08:39Z,2024-09-02T00:40:35Z,,37.799999,81.928,membership,Payment by membership account and/or membership card,USCPIE13861891*1
ChargePoint Network,,,16093931,16093931,BCES / CSN-01577436,25770831,247,3344217691,2024-09-01T22:43:40Z,2024-09-01T23:13:31Z,,31.974199,123.845,membership,Payment by membership account and/or membership card,USCPIE16093931*1
ChargePoint Network,,,15548181,15548181,DECATURDOWNTWN / STATION 2 (L),25119551,247,3343596381,2024-09-01T16:04:43Z,2024-09-01T16:39:49Z,,41.561901,82.961,membership,Payment by membership account and/or membership card,USCPIE15548181*1
ChargePoint Network,,,1988061,1988061,7SPC / SCES DOLLYWOOD,25499841,3,3392650561,2024-09-22T14:11:37Z,2024-09-22T22:23:46Z,,8.876245,7.1245,membership,Payment by membership account and/or membership card,USCPIE1988061*2
ChargePoint Network,,,15885151,15885151,TWICKENHAM SQ / HU - STATION 2,25520801,247,3394457791,2024-09-23T12:41:23Z,2024-09-23T14:28:05Z,,58.293598,72.716,credit_card_terminal,Payment via credit card or debit card terminal,USCPIE15885151*1
ChargePoint Network,,,15640171,15640171,NECDC / STATION 2 (R),25228711,247,3349269951,2024-09-04T10:48:22Z,2024-09-04T11:35:16Z,,45.948700,71.676,membership,Payment by membership account and/or membership card,USCPIE15640171*1
ChargePoint Network,,,8851921,8851921,7SPC / SEVIERVILLE DC1,15571271,207,3378074541,2024-09-16T15:19:29Z,2024-09-16T16:06:11Z,,9.843900,52.273,membership,Payment by membership account and/or membership card,USCPIE8851921*1
ChargePoint Network,,,16249821,16249821,STARKVILLE UTIL / STATION 1 (L),25959011,247,3359215801,2024-09-08T14:22:18Z,2024-09-08T15:02:30Z,,15.202000,40.369,membership,Payment by membership account and/or membership card,USCPIE16249821*1
ChargePoint Network,,,7505851,7505851,JEFFERSON AVE. / OXFORD STA1(L),12955471,247,3400266261,2024-09-25T16:11:02Z,2024-09-25T16:42:13Z,,27.021799,67.639,membership,Payment by membership account and/or membership card,USCPIE7505851*1
ChargePoint Network,,,8851921,8851921,7SPC / SEVIERVILLE DC1,15571271,207,3409209391,2024-09-29T11:11:44Z,2024-09-29T11:35:15Z,,21.544901,61.65,membership,Payment by membership account and/or membership card,USCPIE8851921*1
ChargePoint Network,,,5346231,5346231,CULLMANELECTRIC / STATION2-R,8926271,247,3370088261,2024-09-12T20:40:32Z,2024-09-12T20:41:57Z,,0.000000,0.0,membership,Payment by membership account and/or membership card,USCPIE5346231*1
ChargePoint Network,,,5466441,5466441,7SPC / NASA USSRC R,9079361,3,3397957321,2024-09-24T18:44:02Z,2024-09-24T18:46:01Z,,0.000000,0.0,membership,Payment by membership account and/or membership card,USCPIE5466441*1
ChargePoint Network,,,5122191,5122191,CULLMANELECTRIC / STATION1-L,8482151,247,3389576461,2024-09-20T21:41:28Z,2024-09-20T22:02:55Z,,18.201700,54.812,membership,Payment by membership account and/or membership card,USCPIE5122191*1
ChargePoint Network,,,14049761,14049761,PARIS BPU / STATION 2(R),23516951,247,3360256151,2024-09-09T00:30:00Z,2024-09-09T01:32:12Z,,63.349300,77.42,membership,Payment by membership account and/or membership card,USCPIE14049761*1
ChargePoint Network,,,8851921,8851921,7SPC / SEVIERVILLE DC1,15571271,207,3379255791,2024-09-16T23:25:22Z,2024-09-17T00:37:17Z,,34.794701,60.06,membership,Payment by membership account and/or membership card,USCPIE8851921*1
ChargePoint Network,,,7505851,7505851,JEFFERSON AVE. / OXFORD STA1(L),12955471,247,3343930931,2024-09-01T19:43:57Z,2024-09-01T20:44:45Z,,49.934700,71.904,membership,Payment by membership account and/or membership card,USCPIE7505851*1
ChargePoint Network,,,1964521,1964521,EBOFG / GUNTERSVILLE PD,8374201,3,3381452391,2024-09-17T20:49:46Z,2024-09-18T01:39:51Z,,35.843975,7.4982,credit_card_terminal,Payment via credit card or debit card terminal,USCPIE1964521*1
ChargePoint Network,,,14337501,14337501,HOLSTONELECTRIC / CHURCH HILL-2,23845091,247,3384262521,2024-09-18T21:45:08Z,2024-09-18T22:28:12Z,,47.914902,76.179,membership,Payment by membership account and/or membership card,USCPIE14337501*1
ChargePoint Network,,,12720881,12720881,WRECC / STATION 1,21977141,247,3391402561,2024-09-21T19:48:01Z,2024-09-21T20:25:28Z,,41.057499,123.224,membership,Payment by membership account and/or membership card,USCPIE12720881*1
ChargePoint Network,,,12460751,12460751,PES / LEFT STATION,22360171,215,3406068071,2024-09-27T20:19:22Z,2024-09-30T14:48:22Z,,16.428200,7.7827,membership,Payment by membership account and/or membership card,USCPIE12460751*1
ChargePoint Network,,,7173851,7173851,SCOTTSBORO EPB / MAIN OFFICE,12310861,3,3393024541,2024-09-22T18:27:29Z,2024-09-22T18:29:28Z,,0.000000,0.0,membership,Payment by membership account and/or membership card,USCPIE7173851*1
ChargePoint Network,,,5122191,5122191,CULLMANELECTRIC / STATION1-L,8482151,247,3375967031,2024-09-15T15:21:32Z,2024-09-15T15:28:19Z,,3.923100,0.0,membership,Payment by membership account and/or membership card,USCPIE5122191*1
ChargePoint Network,,,16244681,16244681,TOMBIGBEE / STATION 2,25952901,247,3369900421,2024-09-12T19:24:16Z,2024-09-12T19:53:14Z,,33.323700,72.269,membership,Payment by membership account and/or membership card,USCPIE16244681*1
ChargePoint Network,,,1932851,1932851,BRIGHTRIDGE EV / BR-JC LIBRARY,23319811,3,3397155741,2024-09-24T13:38:05Z,2024-09-24T14:20:26Z,,5.043750,7.3183,credit_card_terminal,Payment via credit card or debit card terminal,USCPIE1932851*1
ChargePoint Network,,,14047321,14047321,JEFFERSON AVE. / OXFORD STA2(R),23514081,247,3405173441,2024-09-27T14:10:24Z,2024-09-27T15:39:03Z,,72.818901,70.445,credit_card_terminal,Payment via credit card or debit card terminal,USCPIE14047321*1
ChargePoint Network,,,13164881,13164881,BTES / STATION 2 (LM),22491051,247,3396176131,2024-09-24T00:25:59Z,2024-09-24T00:52:39Z,,47.406300,118.734,membership,Payment by membership account and/or membership card,USCPIE13164881*1
ChargePoint Network,,,15332351,15332351,TUA NW ATLANTIC / STATION 2 (R),24867891,247,3352558061,2024-09-05T15:26:47Z,2024-09-05T16:11:12Z,,45.889900,74.294,membership,Payment by membership account and/or membership card,USCPIE15332351*1
ChargePoint Network,,,15684341,15684341,MLEC / STATION 2 (R) W,25280201,247,3358969001,2024-09-08T06:03:00Z,2024-09-08T06:12:03Z,,9.905300,0.0,membership,Payment by membership account and/or membership card,USCPIE15684341*1
ChargePoint Network,,,13651611,13651611,MLEC / STATION 1 (L) H,23045791,247,3355463661,2024-09-06T16:44:21Z,2024-09-06T16:50:37Z,,9.236200,0.0,membership,Payment by membership account and/or membership card,USCPIE13651611*1
ChargePoint Network,,,12989161,12989161,BTES / CITY HALL,22285821,3,3373992281,2024-09-14T12:56:31Z,2024-09-14T14:45:15Z,,6.942476,3.895,membership,Payment by membership account and/or membership card,USCPIE12989161*2
ChargePoint Network,,,13606121,13606121,I24 EXIT11 / STATION 2 (LM),22992591,247,3370249521,2024-09-12T21:45:57Z,2024-09-12T22:29:40Z,,49.288799,121.941,membership,Payment by membership account and/or membership card,USCPIE13606121*1
ChargePoint Network,,,8851921,8851921,7SPC / SEVIERVILLE DC1,15571271,100011,3403857111,2024-09-26T22:36:07Z,2024-09-26T23:05:53Z,,16.053200,46.493,membership,Payment by membership account and/or membership card,USCPIE8851921*1
ChargePoint Network,,,1988141,1988141,7SPC / SCES DREAM MORE,2355561,3,3381751801,2024-09-17T22:48:50Z,2024-09-18T13:00:08Z,,71.212090,0.0,membership,Payment by membership account and/or membership card,USCPIE1988141*1
ChargePoint Network,,,16311461,16311461,KIMBALL EV CHG / STATION 1 (L),26031811,100011,3400571921,2024-09-25T18:23:37Z,2024-09-25T18:51:53Z,,9.885300,48.831,credit_card_terminal,Payment via credit card or debit card terminal,USCPIE16311461*1
ChargePoint Network,,,9677521,9677521,UT PARKING / S7 STATION 1,17169341,3,3403048631,2024-09-26T16:53:53Z,2024-09-26T19:41:24Z,,19.496416,7.1011,membership,Payment by membership account and/or membership card,USCPIE9677521*2
ChargePoint Network,,,12676411,12676411,NEMEPA / NEMEPA CUSTOMER,21923901,3,3391142991,2024-09-21T17:25:54Z,2024-09-21T17:30:27Z,,0.389898,6.0258,credit_card_terminal,Payment via credit card or debit card terminal,USCPIE12676411*2
ChargePoint Network,,,7505851,7505851,JEFFERSON AVE. / OXFORD STA1(L),12955471,247,3391437931,2024-09-21T20:07:00Z,2024-09-21T20:12:03Z,,0.000000,0.0,credit_card_terminal,Payment via credit card or debit card terminal,USCPIE7505851*1
ChargePoint Network,,,1932851,1932851,BRIGHTRIDGE EV / BR-JC LIBRARY,23319821,3,3410101311,2024-09-29T22:02:27Z,2024-09-29T23:48:06Z,,12.900317,7.4282,membership,Payment by membership account and/or membership card,USCPIE1932851*2
ChargePoint Network,,,13606091,13606091,I24 EXIT11 / STATION 3 (RM),22992551,247,3380022861,2024-09-17T09:43:51Z,2024-09-17T10:07:57Z,,25.298800,65.141,credit_card_terminal,Payment via credit card or debit card terminal,USCPIE13606091*1
ChargePoint Network,,,5625391,5625391,7SPC / VEC JAMESTOWN,9280961,3,3363648161,2024-09-10T13:11:01Z,2024-09-10T20:21:08Z,,53.101086,7.5211,membership,Payment by membership account and/or membership card,USCPIE5625391*1
ChargePoint Network,,,12720861,12720861,WRECC / STATION 2,21977121,247,3356303971,2024-09-06T22:44:29Z,2024-09-06T23:30:35Z,,46.702202,75.239,credit_card_terminal,Payment via credit card or debit card terminal,USCPIE12720861*1
ChargePoint Network,,,5397731,5397731,EEDEV / MILLIGAN UNIV,9010251,3,3404022161,2024-09-26T23:43:36Z,2024-09-27T02:07:16Z,,17.856592,7.5565,membership,Payment by membership account and/or membership card,USCPIE5397731*1
ChargePoint Network,,,8851921,8851921,7SPC / SEVIERVILLE DC1,15571271,207,3349965391,2024-09-04T15:55:23Z,2024-09-04T16:53:35Z,,47.590099,60.419,membership,Payment by membership account and/or membership card,USCPIE8851921*1
ChargePoint Network,,,5122191,5122191,CULLMANELECTRIC / STATION1-L,8482151,247,3385697411,2024-09-19T13:36:13Z,2024-09-19T13:56:36Z,,19.030899,122.737,membership,Payment by membership account and/or membership card,USCPIE5122191*1
ChargePoint Network,,,15548151,15548151,DECATURDOWNTWN / STATION 1 (R),25119511,247,3364942761,2024-09-10T21:44:13Z,2024-09-10T22:45:37Z,,60.840698,76.83,membership,Payment by membership account and/or membership card,USCPIE15548151*1
ChargePoint Network,,,5397731,5397731,EEDEV / MILLIGAN UNIV,9010251,3,3383713941,2024-09-18T17:55:19Z,2024-09-18T19:33:57Z,,12.132632,7.4925,membership,Payment by membership account and/or membership card,USCPIE5397731*1
ChargePoint Network,,,12720861,12720861,WRECC / STATION 2,21977121,247,3358182421,2024-09-07T21:39:59Z,2024-09-07T22:34:32Z,,60.622398,72.666,credit_card_terminal,Payment via credit card or debit card terminal,USCPIE12720861*1
ChargePoint Network,,,13026471,13026471,WCMES / CITYHALL2-R,22328331,247,3355150151,2024-09-06T14:57:56Z,2024-09-06T15:17:08Z,,21.281500,68.949,membership,Payment by membership account and/or membership card,USCPIE13026471*1
ChargePoint Network,,,15332321,15332321,TUA NW ATLANTIC / STATION 1 (L),24867861,247,3374226651,2024-09-14T15:57:28Z,2024-09-14T16:47:32Z,,40.195499,54.096,membership,Payment by membership account and/or membership card,USCPIE15332321*1
ChargePoint Network,,,5346231,5346231,CULLMANELECTRIC / STATION2-R,8926271,247,3366349501,2024-09-11T13:38:23Z,2024-09-11T14:24:25Z,,43.056999,74.663,membership,Payment by membership account and/or membership card,USCPIE5346231*1
ChargePoint Network,,,5346231,5346231,CULLMANELECTRIC / STATION2-R,8926271,247,3372262401,2024-09-13T17:42:19Z,2024-09-13T17:50:33Z,,8.244000,70.526,membership,Payment by membership account and/or membership card,USCPIE5346231*1
ChargePoint Network,,,13664401,13664401,BTES / STATION 1 (LL),23060421,247,3348630151,2024-09-04T00:46:47Z,2024-09-04T01:18:26Z,,55.030899,110.619,credit_card_terminal,Payment via credit card or debit card terminal,USCPIE13664401*1
ChargePoint Network,,,5354011,5354011,7SPC / GREENEVILLE TA,8936791,207,3350310921,2024-09-04T18:19:07Z,2024-09-04T19:02:47Z,,36.828400,59.444,membership,Payment by membership account and/or membership card,USCPIE5354011*1
ChargePoint Network,,,7505851,7505851,JEFFERSON AVE. / OXFORD STA1(L),,,3348399791,2024-09-03T23:13:48Z,2024-09-03T23:15:50Z,,0.000000,0.0,membership,Payment by membership account and/or membership card,USCPIE7505851*0
ChargePoint Network,,,16093871,16093871,BCES / CSN-01577435,25770751,247,3367652291,2024-09-11T22:12:36Z,2024-09-12T00:06:59Z,,60.464600,123.353,membership,Payment by membership account and/or membership card,USCPIE16093871*1
ChargePoint Network,,,13423691,13423691,AEC / STATION #1 (L),22787121,247,3392608721,2024-09-22T13:24:48Z,2024-09-22T13:40:34Z,,19.242201,75.068,membership,Payment by membership account and/or membership card,USCPIE13423691*1
ChargePoint Network,,,5565241,5565241,7SPC / SCES LECONTE 4,9205111,3,3376867051,2024-09-15T23:51:17Z,2024-09-16T00:48:45Z,,2.420693,3.7423,credit_card_terminal,Payment via credit card or debit card terminal,USCPIE5565241*2
ChargePoint Network,,,15885151,15885151,TWICKENHAM SQ / HU - STATION 2,25520801,247,3367639511,2024-09-11T22:07:37Z,2024-09-11T22:58:26Z,,24.770000,54.167,membership,Payment by membership account and/or membership card,USCPIE15885151*1
ChargePoint Network,,,15694081,15694081,BRIGHTRIDGE EV / STATION 2 (R),25291921,247,3343673671,2024-09-01T16:59:44Z,2024-09-01T17:17:09Z,,19.925100,73.43,membership,Payment by membership account and/or membership card,USCPIE15694081*1
ChargePoint Network,,,7505851,7505851,JEFFERSON AVE. / OXFORD STA1(L),12955471,247,3394993021,2024-09-23T16:05:44Z,2024-09-23T16:13:37Z,,9.138600,0.0,membership,Payment by membership account and/or membership card,USCPIE7505851*1
ChargePoint Network,,,15548151,15548151,DECATURDOWNTWN / STATION 1 (R),25119511,247,3395692731,2024-09-23T21:09:02Z,2024-09-23T21:10:25Z,,0.000000,0.0,membership,Payment by membership account and/or membership card,USCPIE15548151*1
ChargePoint Network,,,13861891,13861891,BRMEMC / STATION 2,23296321,247,3386386121,2024-09-19T17:48:39Z,2024-09-19T17:49:39Z,,0.000000,0.0,membership,Payment by membership account and/or membership card,USCPIE13861891*1
ChargePoint Network,,,15548151,15548151,DECATURDOWNTWN / STATION 1 (R),25119511,247,3344524661,2024-09-02T01:51:46Z,2024-09-02T02:35:58Z,,50.008900,77.027,membership,Payment by membership account and/or membership card,USCPIE15548151*1
ChargePoint Network,,,15885251,15885251,TWICKENHAM SQ / HU - STATION 1,25520941,247,3376612581,2024-09-15T21:43:03Z,2024-09-15T22:24:34Z,,46.684101,77.815,membership,Payment by membership account and/or membership card,USCPIE15885251*1
ChargePoint Network,,,13880891,13880891,MU / MUC MAIN OFFICE,23319021,3,3368784541,2024-09-12T11:49:11Z,2024-09-12T13:59:14Z,,4.160542,6.533,membership,Payment by membership account and/or membership card,USCPIE13880891*2
ChargePoint Network,,,15548151,15548151,DECATURDOWNTWN / STATION 1 (R),25119511,247,3372759341,2024-09-13T21:13:48Z,2024-09-13T21:46:18Z,,25.750601,76.635,membership,Payment by membership account and/or membership card,USCPIE15548151*1
ChargePoint Network,,,1988141,1988141,7SPC / SCES DREAM MORE,2355571,3,3362384331,2024-09-09T22:05:47Z,2024-09-09T23:47:18Z,,11.990972,7.1727,membership,Payment by membership account and/or membership card,USCPIE1988141*2
ChargePoint Network,,,15885251,15885251,TWICKENHAM SQ / HU - STATION 1,25520941,247,3348042731,2024-09-03T20:56:56Z,2024-09-03T21:19:00Z,,14.984100,66.492,membership,Payment by membership account and/or membership card,USCPIE15885251*1
ChargePoint Network,,,16022101,16022101,ACEPA / ACE STATION 2,25683761,247,3381160031,2024-09-17T18:49:35Z,2024-09-17T19:11:35Z,,23.787701,70.722,membership,Payment by membership account and/or membership card,USCPIE16022101*1
ChargePoint Network,,,5122191,5122191,CULLMANELECTRIC / STATION1-L,8482151,247,3409511181,2024-09-29T16:33:59Z,2024-09-29T16:47:59Z,,15.413200,73.43,membership,Payment by membership account and/or membership card,USCPIE5122191*1
ChargePoint Network,,,15623211,15623211,CLW / 5TH ST 2 (R),25208281,247,3388357371,2024-09-20T13:21:42Z,2024-09-20T13:48:14Z,,15.779800,122.276,credit_card_terminal,Payment via credit card or debit card terminal,USCPIE15623211*1
ChargePoint Network,,,15885771,15885771,TWICKENHAM SQ / HU - STATION 4,25521581,247,3387225171,2024-09-19T23:27:46Z,2024-09-19T23:28:14Z,,0.000000,0.0,credit_card_terminal,Payment via credit card or debit card terminal,USCPIE15885771*1
ChargePoint Network,,,13803581,13803581,FPU / STATION 1 (L),23227201,247,3397489571,2024-09-24T15:38:50Z,2024-09-24T16:10:14Z,,24.233900,76.05,membership,Payment by membership account and/or membership card,USCPIE13803581*1
ChargePoint Network,,,5346231,5346231,CULLMANELECTRIC / STATION2-R,8926271,247,3380411511,2024-09-17T14:02:04Z,2024-09-17T14:12:50Z,,17.972601,0.0,membership,Payment by membership account and/or membership card,USCPIE5346231*1
ChargePoint Network,,,682921,682921,7SPC / TVPPA OFFICE,9117261,3,3405415451,2024-09-27T15:41:31Z,2024-09-27T20:26:31Z,,28.253084,5.993,membership,Payment by membership account and/or membership card,USCPIE682921*2
ChargePoint Network,,,14097801,14097801,SCOTTSBORO EPB / SEPB DCFC (L),23570921,247,3352497391,2024-09-05T15:08:48Z,2024-09-05T15:29:10Z,,26.145300,78.997,membership,Payment by membership account and/or membership card,USCPIE14097801*1
ChargePoint Network,,,7505851,7505851,JEFFERSON AVE. / OXFORD STA1(L),12955471,247,3392017961,2024-09-22T01:18:51Z,2024-09-22T01:36:00Z,,18.934500,70.8,membership,Payment by membership account and/or membership card,USCPIE7505851*1
ChargePoint Network,,,7505851,7505851,JEFFERSON AVE. / OXFORD STA1(L),12955471,247,3393909801,2024-09-23T02:25:55Z,2024-09-23T03:20:26Z,,57.815399,71.904,membership,Payment by membership account and/or membership card,USCPIE7505851*1
ChargePoint Network,,,13423581,13423581,AEC / STATION #2 (R),22787011,100011,3368004091,2024-09-12T00:32:22Z,2024-09-12T01:47:39Z,,34.368000,52.577,membership,Payment by membership account and/or membership card,USCPIE13423581*1
ChargePoint Network,,,15836871,15836871,TOMBIGBEE / STATION 3,25462501,247,3349875301,2024-09-04T15:29:16Z,2024-09-04T15:38:34Z,,10.641700,71.4,membership,Payment by membership account and/or membership card,USCPIE15836871*1
ChargePoint Network,,,16022131,16022131,ACEPA / ACE STATION 1,25683791,247,3409566971,2024-09-29T17:08:41Z,2024-09-29T17:30:43Z,,23.580400,75.074,membership,Payment by membership account and/or membership card,USCPIE16022131*1
ChargePoint Network,,,15885791,15885791,TWICKENHAM SQ / HU - STATION 3,25521611,247,3410164211,2024-09-29T22:36:16Z,2024-09-29T22:54:23Z,,16.746799,61.911,membership,Payment by membership account and/or membership card,USCPIE15885791*1
ChargePoint Network,,,15729991,15729991,AEC / AEC03,25334181,3,3394710511,2024-09-23T14:37:02Z,2024-09-23T18:12:48Z,,23.492790,7.2699,membership,Payment by membership account and/or membership card,USCPIE15729991*2
ChargePoint Network,,,13606061,13606061,I24 EXIT11 / STATION 4 (RR),22992511,247,3348591681,2024-09-04T00:30:07Z,2024-09-04T00:51:58Z,,26.211901,74.663,credit_card_terminal,Payment via credit card or debit card terminal,USCPIE13606061*1
ChargePoint Network,,,15694171,15694171,BRIGHTRIDGE EV / STATION 1 (L),25292041,247,3392779571,2024-09-22T15:58:22Z,2024-09-22T16:14:56Z,,30.437099,112.22,membership,Payment by membership account and/or membership card,USCPIE15694171*1
ChargePoint Network,,,12720861,12720861,WRECC / STATION 2,21977121,247,3369184091,2024-09-12T14:53:01Z,2024-09-12T14:53:40Z,,0.000000,0.0,other,Any other payment method not specified above. Additional description should be provided in Payment Method Description.,USCPIE12720861*1
ChargePoint Network,,,12676411,12676411,NEMEPA / NEMEPA CUSTOMER,21923891,3,3409398921,2024-09-29T15:15:19Z,2024-09-29T15:17:18Z,,0.000000,0.0,membership,Payment by membership account and/or membership card,USCPIE12676411*1
ChargePoint Network,,,8851921,8851921,7SPC / SEVIERVILLE DC1,15571271,207,3352549331,2024-09-05T15:24:14Z,2024-09-05T15:26:21Z,,0.001500,0.0,membership,Payment by membership account and/or membership card,USCPIE8851921*1
ChargePoint Network,,,5354011,5354011,7SPC / GREENEVILLE TA,8936791,100011,3386555551,2024-09-19T19:05:02Z,2024-09-19T19:05:33Z,,0.000000,0.0,membership,Payment by membership account and/or membership card,USCPIE5354011*1
ChargePoint Network,,,15548181,15548181,DECATURDOWNTWN / STATION 2 (L),25119551,247,3359960951,2024-09-08T22:01:18Z,2024-09-08T22:30:49Z,,34.884800,77.223,membership,Payment by membership account and/or membership card,USCPIE15548181*1
ChargePoint Network,,,13606091,13606091,I24 EXIT11 / STATION 3 (RM),22992551,247,3409499311,2024-09-29T16:27:05Z,2024-09-29T16:27:45Z,,0.000000,0.0,membership,Payment by membership account and/or membership card,USCPIE13606091*1
ChargePoint Network,,,14047321,14047321,JEFFERSON AVE. / OXFORD STA2(R),23514081,247,3390605051,2024-09-21T07:33:51Z,2024-09-21T08:09:47Z,,40.927399,75.239,membership,Payment by membership account and/or membership card,USCPIE14047321*1
ChargePoint Network,,,13664401,13664401,BTES / STATION 1 (LL),23060421,247,3384216831,2024-09-18T21:26:35Z,2024-09-18T21:42:41Z,,28.817200,113.805,membership,Payment by membership account and/or membership card,USCPIE13664401*1
ChargePoint Network,,,15684341,15684341,MLEC / STATION 2 (R) W,25280201,247,3391027801,2024-09-21T16:19:19Z,2024-09-21T16:48:57Z,,28.056200,64.68,membership,Payment by membership account and/or membership card,USCPIE15684341*1
ChargePoint Network,,,13606061,13606061,I24 EXIT11 / STATION 4 (RR),22992511,247,3345673351,2024-09-02T21:05:57Z,2024-09-02T21:49:03Z,,32.324100,71.237,phone_online,"Payment through mobile app, website, automated phone number or messaging system",USCPIE13606061*1
ChargePoint Network,,,15885151,15885151,TWICKENHAM SQ / HU - STATION 2,25520801,247,3359729061,2024-09-08T19:55:30Z,2024-09-08T20:30:45Z,,29.255600,74.676,membership,Payment by membership account and/or membership card,USCPIE15885151*1
ChargePoint Network,,,14047321,14047321,JEFFERSON AVE. / OXFORD STA2(R),23514081,100011,3408625991,2024-09-29T00:43:33Z,2024-09-29T01:01:20Z,,7.244800,29.093,membership,Payment by membership account and/or membership card,USCPIE14047321*1
ChargePoint Network,,,12989161,12989161,BTES / CITY HALL,22285811,3,3381719791,2024-09-17T22:35:46Z,2024-09-17T22:47:38Z,,1.276585,6.7294,membership,Payment by membership account and/or membership card,USCPIE12989161*1
ChargePoint Network,,,15640031,15640031,NECDC / STATION 1 (L),25228511,247,3375875751,2024-09-15T14:00:19Z,2024-09-15T15:03:15Z,,45.711800,73.458,membership,Payment by membership account and/or membership card,USCPIE15640031*1
ChargePoint Network,,,7505851,7505851,JEFFERSON AVE. / OXFORD STA1(L),12955471,247,3398644231,2024-09-24T23:16:37Z,2024-09-24T23:53:35Z,,41.446800,70.092,membership,Payment by membership account and/or membership card,USCPIE7505851*1
ChargePoint Network,,,8851921,8851921,7SPC / SEVIERVILLE DC1,15571271,207,3389604321,2024-09-20T21:53:29Z,2024-09-20T22:30:54Z,,34.245499,59.21,membership,Payment by membership account and/or membership card,USCPIE8851921*1
ChargePoint Network,,,8851921,8851921,7SPC / SEVIERVILLE DC1,15571271,207,3376519161,2024-09-15T20:54:15Z,2024-09-15T20:55:53Z,,0.000000,0.0,credit_card_terminal,Payment via credit card or debit card terminal,USCPIE8851921*1
ChargePoint Network,,,15694081,15694081,BRIGHTRIDGE EV / STATION 2 (R),25291921,247,3407644561,2024-09-28T15:47:13Z,2024-09-28T16:25:27Z,,32.140999,120.744,membership,Payment by membership account and/or membership card,USCPIE15694081*1
ChargePoint Network,,,14359491,14359491,EBOFG / STATION 1 (L),23870291,247,3389936451,2024-09-21T00:21:30Z,2024-09-21T00:47:47Z,,24.059200,56.575,membership,Payment by membership account and/or membership card,USCPIE14359491*1
ChargePoint Network,,,1932851,1932851,BRIGHTRIDGE EV / BR-JC LIBRARY,23319821,3,3367437891,2024-09-11T20:45:21Z,2024-09-11T21:07:43Z,,2.417001,6.5698,membership,Payment by membership account and/or membership card,USCPIE1932851*2
ChargePoint Network,,,16244681,16244681,TOMBIGBEE / STATION 2,25952901,247,3342937701,2024-09-01T02:03:26Z,2024-09-01T02:59:30Z,,56.992901,75.253,membership,Payment by membership account and/or membership card,USCPIE16244681*1
ChargePoint Network,,,1988141,1988141,7SPC / SCES DREAM MORE,2355561,3,3376705781,2024-09-15T22:33:23Z,2024-09-16T12:20:18Z,,94.925400,1.1206,credit_card_terminal,Payment via credit card or debit card terminal,USCPIE1988141*1
ChargePoint Network,,,1988141,1988141,7SPC / SCES DREAM MORE,2355561,3,3396891371,2024-09-24T11:23:17Z,2024-09-24T13:11:26Z,,11.550089,7.2469,membership,Payment by membership account and/or membership card,USCPIE1988141*1
ChargePoint Network,,,15729991,15729991,AEC / AEC03,25334181,3,3355445861,2024-09-06T16:37:05Z,2024-09-06T19:37:08Z,,21.454975,7.2047,membership,Payment by membership account and/or membership card,USCPIE15729991*2
ChargePoint Network,,,13861861,13861861,BRMEMC / STATION 1,23296281,247,3355802181,2024-09-06T19:17:35Z,2024-09-06T20:00:30Z,,34.237000,118.115,credit_card_terminal,Payment via credit card or debit card terminal,USCPIE13861861*1
ChargePoint Network,,,5346231,5346231,CULLMANELECTRIC / STATION2-R,8926271,247,3397672011,2024-09-24T16:37:15Z,2024-09-24T17:08:39Z,,37.043701,74.268,membership,Payment by membership account and/or membership card,USCPIE5346231*1
ChargePoint Network,,,13606091,13606091,I24 EXIT11 / STATION 3 (RM),22992551,247,3373924261,2024-09-14T11:13:23Z,2024-09-14T12:11:45Z,,40.158699,53.789,other,Any other payment method not specified above. Additional description should be provided in Payment Method Description.,USCPIE13606091*1
ChargePoint Network,,,15885771,15885771,TWICKENHAM SQ / HU - STATION 4,25521581,100011,3392548621,2024-09-22T11:40:58Z,2024-09-22T12:06:08Z,,7.132500,27.864,other,Any other payment method not specified above. Additional description should be provided in Payment Method Description.,USCPIE15885771*1
ChargePoint Network,,,14047321,14047321,JEFFERSON AVE. / OXFORD STA2(R),23514081,247,3403073271,2024-09-26T17:04:18Z,2024-09-26T17:31:36Z,,28.274799,77.022,credit_card_terminal,Payment via credit card or debit card terminal,USCPIE14047321*1
ChargePoint Network,,,15548151,15548151,DECATURDOWNTWN / STATION 1 (R),,,3398313331,2024-09-24T21:07:16Z,2024-09-24T21:09:17Z,,0.000000,0.0,membership,Payment by membership account and/or membership card,USCPIE15548151*0
ChargePoint Network,,,7505851,7505851,JEFFERSON AVE. / OXFORD STA1(L),12955471,247,3389511671,2024-09-20T21:13:14Z,2024-09-20T22:01:21Z,,45.699699,69.934,credit_card_terminal,Payment via credit card or debit card terminal,USCPIE7505851*1
ChargePoint Network,,,13659831,13659831,LAWRENCEBURG / STATION 1 (L),23054881,247,3403019571,2024-09-26T16:41:19Z,2024-09-26T16:51:40Z,,17.365101,113.067,membership,Payment by membership account and/or membership card,USCPIE13659831*1
ChargePoint Network,,,13292801,13292801,LODGE CAST IRON / STORE & MUSEUM,22637561,3,3352199561,2024-09-05T13:08:24Z,2024-09-05T13:24:08Z,,1.796536,7.2196,credit_card_terminal,Payment via credit card or debit card terminal,USCPIE13292801*2
ChargePoint Network,,,15885771,15885771,TWICKENHAM SQ / HU - STATION 4,25521581,247,3364616471,2024-09-10T19:33:14Z,2024-09-10T20:05:37Z,,34.826900,69.972,membership,Payment by membership account and/or membership card,USCPIE15885771*1
ChargePoint Network,,,5346231,5346231,CULLMANELECTRIC / STATION2-R,8926271,247,3404119901,2024-09-27T00:24:11Z,2024-09-27T00:35:12Z,,11.770500,68.555,membership,Payment by membership account and/or membership card,USCPIE5346231*1
ChargePoint Network,,,5466441,5466441,7SPC / NASA USSRC R,9079361,3,3402694251,2024-09-26T15:00:13Z,2024-09-26T21:20:52Z,,38.199039,6.1029,membership,Payment by membership account and/or membership card,USCPIE5466441*1
ChargePoint Network,,,13966031,13966031,BEA / STATION 4 (RR),,,3378669711,2024-09-16T19:19:50Z,2024-09-16T19:22:07Z,,0.000000,,credit_card_terminal,Payment via credit card or debit card terminal,USCPIE13966031*0
ChargePoint Network,,,5122191,5122191,CULLMANELECTRIC / STATION1-L,8482151,247,3386369171,2024-09-19T17:40:33Z,2024-09-19T18:27:09Z,,39.288502,73.061,membership,Payment by membership account and/or membership card,USCPIE5122191*1
ChargePoint Network,,,5619801,5619801,7SPC / WARREN RECC BG,25687261,3,3409285051,2024-09-29T13:30:32Z,2024-09-29T17:28:56Z,,21.707531,6.2073,other,Any other payment method not specified above. Additional description should be provided in Payment Method Description.,USCPIE5619801*2
ChargePoint Network,,,5619801,5619801,7SPC / WARREN RECC BG,25687251,3,3349631011,2024-09-04T14:02:38Z,2024-09-04T16:59:30Z,,17.764416,6.3515,membership,Payment by membership account and/or membership card,USCPIE5619801*1
ChargePoint Network,,,13423581,13423581,AEC / STATION #2 (R),22787011,247,3366634801,2024-09-11T15:25:04Z,2024-09-11T15:39:38Z,,22.038000,120.889,membership,Payment by membership account and/or membership card,USCPIE13423581*1
ChargePoint Network,,,5525971,5525971,7SPC / SPARTA TN,9154681,3,3375130741,2024-09-15T00:07:29Z,2024-09-15T00:26:41Z,,2.154378,6.946,membership,Payment by membership account and/or membership card,USCPIE5525971*1
ChargePoint Network,,,13643831,13643831,PEPA / STATION 1,23036511,247,3349368181,2024-09-04T11:57:06Z,2024-09-04T12:25:06Z,,20.089800,74.646,membership,Payment by membership account and/or membership card,USCPIE13643831*1
ChargePoint Network,,,14047321,14047321,JEFFERSON AVE. / OXFORD STA2(R),,,3405117291,2024-09-27T13:42:30Z,2024-09-27T13:42:35Z,,0.000000,,membership,Payment by membership account and/or membership card,USCPIE14047321*0
ChargePoint Network,,,13861891,13861891,BRMEMC / STATION 2,23296321,100011,3359352711,2024-09-08T16:10:32Z,2024-09-08T16:36:24Z,,9.641000,48.584,membership,Payment by membership account and/or membership card,USCPIE13861891*1
ChargePoint Network,,,15260241,15260241,STEMC / STATION 1 (L) A,24784071,247,3398437631,2024-09-24T21:58:01Z,2024-09-24T22:59:26Z,,53.094398,59.279,membership,Payment by membership account and/or membership card,USCPIE15260241*1
ChargePoint Network,,,5525971,5525971,7SPC / SPARTA TN,9154681,3,3374444381,2024-09-14T18:01:28Z,2024-09-14T19:12:40Z,,8.575812,7.321,credit_card_terminal,Payment via credit card or debit card terminal,USCPIE5525971*1
ChargePoint Network,,,1921351,1921351,STARKVILLE UTIL / STARKVILLE DWTN,23682571,3,3372855751,2024-09-13T21:55:56Z,2024-09-14T19:24:47Z,,36.108269,0.0,membership,Payment by membership account and/or membership card,USCPIE1921351*1
ChargePoint Network,,,5350831,5350831,CULLMANELECTRIC / CEC MAIN OFFICE,8932501,3,3407751741,2024-09-28T16:49:54Z,2024-09-28T17:40:51Z,,5.052564,6.126,membership,Payment by membership account and/or membership card,USCPIE5350831*2
ChargePoint Network,,,8851921,8851921,7SPC / SEVIERVILLE DC1,15571271,207,3385475181,2024-09-19T11:50:03Z,2024-09-19T12:19:07Z,,26.902000,57.833,membership,Payment by membership account and/or membership card,USCPIE8851921*1
ChargePoint Network,,,12754021,12754021,WCMES / CITYHALL1-L,22015241,247,3375396621,2024-09-15T02:46:15Z,2024-09-15T03:18:31Z,,34.629501,69.893,membership,Payment by membership account and/or membership card,USCPIE12754021*1
ChargePoint Network,,,14047321,14047321,JEFFERSON AVE. / OXFORD STA2(R),23514081,247,3361650761,2024-09-09T16:46:15Z,2024-09-09T17:03:05Z,,9.912200,72.735,membership,Payment by membership account and/or membership card,USCPIE14047321*1
ChargePoint Network,,,15738401,15738401,MES1 / STATION 2 (R),,,3347115041,2024-09-03T14:55:10Z,2024-09-03T14:57:25Z,,0.000000,,credit_card_terminal,Payment via credit card or debit card terminal,USCPIE15738401*0
ChargePoint Network,,,13606061,13606061,I24 EXIT11 / STATION 4 (RR),22992511,247,3404281651,2024-09-27T01:32:27Z,2024-09-27T02:54:43Z,,35.257599,72.353,membership,Payment by membership account and/or membership card,USCPIE13606061*1
ChargePoint Network,,,1921531,1921531,STARKVILLE UTIL / STARKVILLE REC,2268561,3,3407752571,2024-09-28T16:50:29Z,2024-09-28T17:15:52Z,,2.960861,7.2378,credit_card_terminal,Payment via credit card or debit card terminal,USCPIE1921531*2
ChargePoint Network,,,15548151,15548151,DECATURDOWNTWN / STATION 1 (R),25119511,247,3345410281,2024-09-02T16:57:18Z,2024-09-02T16:58:23Z,,0.000000,0.0,membership,Payment by membership account and/or membership card,USCPIE15548151*1
ChargePoint Network,,,15332351,15332351,TUA NW ATLANTIC / STATION 2 (R),24867891,247,3385960321,2024-09-19T15:15:48Z,2024-09-19T15:44:36Z,,29.957399,72.93,membership,Payment by membership account and/or membership card,USCPIE15332351*1
ChargePoint Network,,,5122191,5122191,CULLMANELECTRIC / STATION1-L,8482151,247,3346606551,2024-09-03T10:40:54Z,2024-09-03T10:49:03Z,,5.736000,48.36,membership,Payment by membership account and/or membership card,USCPIE5122191*1
ChargePoint Network,,,5619801,5619801,7SPC / WARREN RECC BG,25687251,3,3408224061,2024-09-28T21:06:10Z,2024-09-28T21:13:50Z,,0.674944,6.147,membership,Payment by membership account and/or membership card,USCPIE5619801*1
ChargePoint Network,,,15250701,15250701,SES-TN / STATION 2,,,3403726191,2024-09-26T21:43:27Z,2024-09-26T21:44:16Z,,0.000000,,membership,Payment by membership account and/or membership card,USCPIE15250701*0
ChargePoint Network,,,12720861,12720861,WRECC / STATION 2,21977121,247,3348946231,2024-09-04T03:14:15Z,2024-09-04T04:20:37Z,,49.901798,54.682,credit_card_terminal,Payment via credit card or debit card terminal,USCPIE12720861*1
ChargePoint Network,,,7505851,7505851,JEFFERSON AVE. / OXFORD STA1(L),12955471,247,3376877211,2024-09-15T23:56:45Z,2024-09-16T00:09:05Z,,16.184299,80.8,membership,Payment by membership account and/or membership card,USCPIE7505851*1
ChargePoint Network,,,15548181,15548181,DECATURDOWNTWN / STATION 2 (L),25119551,247,3391209121,2024-09-21T18:02:34Z,2024-09-21T18:04:54Z,,0.000000,0.0,membership,Payment by membership account and/or membership card,USCPIE15548181*1
ChargePoint Network,,,13606091,13606091,I24 EXIT11 / STATION 3 (RM),22992551,247,3359225861,2024-09-08T14:32:34Z,2024-09-08T15:01:54Z,,54.263699,120.274,credit_card_terminal,Payment via credit card or debit card terminal,USCPIE13606091*1
ChargePoint Network,,,13643801,13643801,PEPA / STATION 2,23036481,247,3383790301,2024-09-18T18:31:23Z,2024-09-18T18:51:13Z,,22.537001,72.269,membership,Payment by membership account and/or membership card,USCPIE13643801*1
ChargePoint Network,,,14047321,14047321,JEFFERSON AVE. / OXFORD STA2(R),23514081,247,3389847911,2024-09-20T23:41:02Z,2024-09-21T00:00:42Z,,21.010000,72.693,membership,Payment by membership account and/or membership card,USCPIE14047321*1
ChargePoint Network,,,14047321,14047321,JEFFERSON AVE. / OXFORD STA2(R),23514081,247,3353150661,2024-09-05T19:20:21Z,2024-09-05T19:32:00Z,,12.079300,69.893,membership,Payment by membership account and/or membership card,USCPIE14047321*1
ChargePoint Network,,,9677521,9677521,UT PARKING / S7 STATION 1,17169341,3,3385683711,2024-09-19T13:29:19Z,2024-09-19T16:14:49Z,,19.552637,7.2307,membership,Payment by membership account and/or membership card,USCPIE9677521*2
ChargePoint Network,,,12406491,12406491,FPIA / LEFT STATION,21527781,247,3370427621,2024-09-12T22:55:35Z,2024-09-12T23:15:18Z,,22.570601,75.62,membership,Payment by membership account and/or membership card,USCPIE12406491*1
ChargePoint Network,,,15623231,15623231,CLW / 5TH ST 1 (L),25208301,247,3374188601,2024-09-14T15:34:05Z,2024-09-14T15:41:47Z,,10.252000,0.0,membership,Payment by membership account and/or membership card,USCPIE15623231*1
ChargePoint Network,,,15260241,15260241,STEMC / STATION 1 (L) A,24784071,247,3376054961,2024-09-15T16:21:59Z,2024-09-15T17:12:01Z,,29.877001,73.283,membership,Payment by membership account and/or membership card,USCPIE15260241*1
ChargePoint Network,,,15836871,15836871,TOMBIGBEE / STATION 3,25462501,247,3407445151,2024-09-28T13:13:59Z,2024-09-28T14:04:08Z,,62.238201,121.788,credit_card_terminal,Payment via credit card or debit card terminal,USCPIE15836871*1
ChargePoint Network,,,13966051,13966051,BEA / STATION 3 (RM),23419981,247,3346992561,2024-09-03T14:12:11Z,2024-09-03T14:12:23Z,,0.000000,0.0,membership,Payment by membership account and/or membership card,USCPIE13966051*1
ChargePoint Network,,,15885771,15885771,TWICKENHAM SQ / HU - STATION 4,25521581,247,3350628761,2024-09-04T20:31:39Z,2024-09-04T21:43:40Z,,34.435200,82.149,membership,Payment by membership account and/or membership card,USCPIE15885771*1
ChargePoint Network,,,5397731,5397731,EEDEV / MILLIGAN UNIV,9010251,3,3391854311,2024-09-21T23:47:47Z,2024-09-21T23:56:54Z,,0.538241,3.7848,membership,Payment by membership account and/or membership card,USCPIE5397731*1
ChargePoint Network,,,5565241,5565241,7SPC / SCES LECONTE 4,9205111,3,3353536961,2024-09-05T21:53:06Z,2024-09-05T22:16:51Z,,2.634964,6.8858,membership,Payment by membership account and/or membership card,USCPIE5565241*2
ChargePoint Network,,,16022101,16022101,ACEPA / ACE STATION 2,25683761,247,3362164541,2024-09-09T20:33:14Z,2024-09-09T20:59:11Z,,28.840799,70.29,membership,Payment by membership account and/or membership card,USCPIE16022101*1
ChargePoint Network,,,1932851,1932851,BRIGHTRIDGE EV / BR-JC LIBRARY,23319811,3,3372747051,2024-09-13T21:08:48Z,2024-09-13T23:56:10Z,,20.648617,7.505,membership,Payment by membership account and/or membership card,USCPIE1932851*1
ChargePoint Network,,,5466441,5466441,7SPC / NASA USSRC R,9079361,3,3390362731,2024-09-21T03:58:53Z,2024-09-21T06:13:53Z,,13.851590,6.2155,credit_card_terminal,Payment via credit card or debit card terminal,USCPIE5466441*1
ChargePoint Network,,,5466441,5466441,7SPC / NASA USSRC R,9079371,3,3353641861,2024-09-05T22:33:16Z,2024-09-06T00:11:53Z,,9.851689,6.1244,membership,Payment by membership account and/or membership card,USCPIE5466441*2
ChargePoint Network,,,12989161,12989161,BTES / CITY HALL,22285821,3,3359266601,2024-09-08T15:06:23Z,2024-09-08T18:00:29Z,,21.268524,7.4108,membership,Payment by membership account and/or membership card,USCPIE12989161*2
ChargePoint Network,,,5565241,5565241,7SPC / SCES LECONTE 4,9205111,3,3373321851,2024-09-14T01:22:50Z,2024-09-14T14:23:15Z,,62.722393,0.0,membership,Payment by membership account and/or membership card,USCPIE5565241*2
ChargePoint Network,,,1988141,1988141,7SPC / SCES DREAM MORE,2355571,3,3392546601,2024-09-22T11:36:16Z,2024-09-22T13:04:06Z,,10.299925,7.1617,credit_card_terminal,Payment via credit card or debit card terminal,USCPIE1988141*2
ChargePoint Network,,,13643801,13643801,PEPA / STATION 2,23036481,247,3395538971,2024-09-23T20:04:16Z,2024-09-23T21:07:00Z,,53.597000,74.844,membership,Payment by membership account and/or membership card,USCPIE13643801*1
ChargePoint Network,,,12720861,12720861,WRECC / STATION 2,21977121,247,3378510951,2024-09-16T18:08:34Z,2024-09-16T18:58:29Z,,56.464802,70.884,credit_card_terminal,Payment via credit card or debit card terminal,USCPIE12720861*1
ChargePoint Network,,,12460751,12460751,PES / LEFT STATION,22360171,215,3398241901,2024-09-24T20:41:11Z,2024-09-25T14:00:08Z,,64.427696,7.8365,membership,Payment by membership account and/or membership card,USCPIE12460751*1
ChargePoint Network,,,1921351,1921351,STARKVILLE UTIL / STARKVILLE DWTN,23682571,3,3404953161,2024-09-27T12:07:24Z,2024-09-27T16:57:22Z,,33.834213,7.5332,membership,Payment by membership account and/or membership card,USCPIE1921351*1
ChargePoint Network,,,5466441,5466441,7SPC / NASA USSRC R,9079361,3,3401160081,2024-09-25T22:19:44Z,2024-09-25T22:21:43Z,,0.000000,0.0,credit_card_terminal,Payment via credit card or debit card terminal,USCPIE5466441*1
ChargePoint Network,,,13664401,13664401,BTES / STATION 1 (LL),23060421,247,3358174311,2024-09-07T21:35:56Z,2024-09-07T22:02:01Z,,2.216300,13.72,membership,Payment by membership account and/or membership card,USCPIE13664401*1
ChargePoint Network,,,682921,682921,7SPC / TVPPA OFFICE,9117251,3,3396211661,2024-09-24T00:42:30Z,2024-09-24T00:51:40Z,,0.820553,5.8749,membership,Payment by membership account and/or membership card,USCPIE682921*1
ChargePoint Network,,,1932851,1932851,BRIGHTRIDGE EV / BR-JC LIBRARY,23319811,3,3382822611,2024-09-18T12:04:21Z,2024-09-18T13:05:04Z,,7.396060,7.4026,other,Any other payment method not specified above. Additional description should be provided in Payment Method Description.,USCPIE1932851*1
ChargePoint Network,,,16244681,16244681,TOMBIGBEE / STATION 2,25952901,247,3346030071,2024-09-03T00:32:34Z,2024-09-03T00:49:04Z,,13.492800,63.245,membership,Payment by membership account and/or membership card,USCPIE16244681*1
ChargePoint Network,,,1921531,1921531,STARKVILLE UTIL / STARKVILLE REC,2268561,3,3358814911,2024-09-08T03:55:23Z,2024-09-08T06:49:29Z,,21.499809,7.4666,credit_card_terminal,Payment via credit card or debit card terminal,USCPIE1921531*2
ChargePoint Network,,,14097711,14097711,SCOTTSBORO EPB / SEPB DCFC (R),,,3343152841,2024-09-01T04:32:51Z,2024-09-01T04:34:52Z,,0.000000,,membership,Payment by membership account and/or membership card,USCPIE14097711*0
ChargePoint Network,,,1932851,1932851,BRIGHTRIDGE EV / BR-JC LIBRARY,23319821,3,3364313721,2024-09-10T17:16:18Z,2024-09-10T21:01:12Z,,26.524319,7.2269,membership,Payment by membership account and/or membership card,USCPIE1932851*2
ChargePoint Network,,,14359531,14359531,EBOFG / STATION 2 (R),23870331,247,3345020401,2024-09-02T13:15:33Z,2024-09-02T13:53:26Z,,30.334700,59.4,credit_card_terminal,Payment via credit card or debit card terminal,USCPIE14359531*1
ChargePoint Network,,,15885771,15885771,TWICKENHAM SQ / HU - STATION 4,,,3357962431,2024-09-07T19:40:23Z,2024-09-07T19:42:25Z,,0.000000,,membership,Payment by membership account and/or membership card,USCPIE15885771*0
ChargePoint Network,,,1988141,1988141,7SPC / SCES DREAM MORE,2355561,3,3384659941,2024-09-19T00:23:33Z,2024-09-19T04:13:46Z,,25.132242,7.3691,membership,Payment by membership account and/or membership card,USCPIE1988141*1
ChargePoint Network,,,15885771,15885771,TWICKENHAM SQ / HU - STATION 4,25521581,100011,3391965061,2024-09-22T00:49:32Z,2024-09-22T01:09:47Z,,6.994600,29.336,other,Any other payment method not specified above. Additional description should be provided in Payment Method Description.,USCPIE15885771*1
ChargePoint Network,,,1932851,1932851,BRIGHTRIDGE EV / BR-JC LIBRARY,23319821,3,3391354611,2024-09-21T19:22:10Z,2024-09-21T21:07:29Z,,12.828315,7.4228,membership,Payment by membership account and/or membership card,USCPIE1932851*2
ChargePoint Network,,,14047321,14047321,JEFFERSON AVE. / OXFORD STA2(R),,,3391444331,2024-09-21T20:08:45Z,2024-09-21T20:10:45Z,,0.000000,,phone_online,"Payment through mobile app, website, automated phone number or messaging system",USCPIE14047321*0
ChargePoint Network,,,16249951,16249951,STARKVILLE UTIL / STATION 2 (R),25959201,247,3369651001,2024-09-12T17:33:12Z,2024-09-12T18:00:13Z,,21.743299,53.582,credit_card_terminal,Payment via credit card or debit card terminal,USCPIE16249951*1
ChargePoint Network,,,13026471,13026471,WCMES / CITYHALL2-R,22328331,247,3393481371,2024-09-22T22:35:48Z,2024-09-23T00:07:51Z,,56.227798,72.889,membership,Payment by membership account and/or membership card,USCPIE13026471*1
ChargePoint Network,,,682921,682921,7SPC / TVPPA OFFICE,9117251,3,3392131361,2024-09-22T02:26:22Z,2024-09-22T14:24:23Z,,72.287224,6.1478,credit_card_terminal,Payment via credit card or debit card terminal,USCPIE682921*1
ChargePoint Network,,,15640171,15640171,NECDC / STATION 2 (R),25228711,247,3409562401,2024-09-29T17:05:31Z,2024-09-29T17:22:40Z,,22.769199,122.583,credit_card_terminal,Payment via credit card or debit card terminal,USCPIE15640171*1
ChargePoint Network,,,13606141,13606141,I24 EXIT11 / STATION 1 (LL),22992611,247,3345438511,2024-09-02T18:43:23Z,2024-09-02T19:54:29Z,,57.856400,77.223,membership,Payment by membership account and/or membership card,USCPIE13606141*1
ChargePoint Network,,,5354011,5354011,7SPC / GREENEVILLE TA,8936791,100011,3372432651,2024-09-13T19:00:45Z,2024-09-13T19:38:31Z,,15.703500,47.368,membership,Payment by membership account and/or membership card,USCPIE5354011*1
ChargePoint Network,,,15885151,15885151,TWICKENHAM SQ / HU - STATION 2,25520801,247,3343580751,2024-09-01T15:53:04Z,2024-09-01T16:17:23Z,,25.419399,73.108,membership,Payment by membership account and/or membership card,USCPIE15885151*1
ChargePoint Network,,,13659871,13659871,LAWRENCEBURG / STATION 2 (R),23054921,247,3343703251,2024-09-01T17:18:57Z,2024-09-01T17:39:05Z,,24.535601,81.377,membership,Payment by membership account and/or membership card,USCPIE13659871*1
ChargePoint Network,,,15260241,15260241,STEMC / STATION 1 (L) A,24784071,247,3398687091,2024-09-24T23:34:01Z,2024-09-24T23:51:06Z,,11.646100,57.659,membership,Payment by membership account and/or membership card,USCPIE15260241*1
ChargePoint Network,,,5350831,5350831,CULLMANELECTRIC / CEC MAIN OFFICE,8932501,3,3407934231,2024-09-28T18:29:13Z,2024-09-28T19:17:33Z,,2.519410,3.314,credit_card_terminal,Payment via credit card or debit card terminal,USCPIE5350831*2
ChargePoint Network,,,7505851,7505851,JEFFERSON AVE. / OXFORD STA1(L),12955471,247,3407832831,2024-09-28T17:35:13Z,2024-09-28T17:49:19Z,,8.778800,74.027,membership,Payment by membership account and/or membership card,USCPIE7505851*1
ChargePoint Network,,,7505851,7505851,JEFFERSON AVE. / OXFORD STA1(L),12955471,247,3406766331,2024-09-28T01:30:17Z,2024-09-28T01:53:56Z,,23.594299,73.43,membership,Payment by membership account and/or membership card,USCPIE7505851*1
ChargePoint Network,,,12406401,12406401,FPIA / RIGHT STATION,21527671,247,3353444641,2024-09-05T21:17:41Z,2024-09-05T22:22:10Z,,59.377300,64.601,membership,Payment by membership account and/or membership card,USCPIE12406401*1provider_id,station_id,site_id,charger_id,evse_id,evse_name,port_id,connector_id,session_id,session_start,session_end,session_error,energy_kwh,peak_power_kw,payment_method,payment_other,eMI3 Port id
ChargePoint Network,,,14047321,14047321,JEFFERSON AVE. / OXFORD STA2(R),23514081,247,3353147421,2024-09-05T19:18:59Z,2024-09-05T19:20:12Z,,0.000000,0.0,membership,Payment by membership account and/or membership card,USCPIE14047321*1
ChargePoint Network,,,15694171,15694171,BRIGHTRIDGE EV / STATION 1 (L),25292041,247,3384900841,2024-09-19T02:05:45Z,2024-09-19T02:27:35Z,,30.759899,121.675,membership,Payment by membership account and/or membership card,USCPIE15694171*1
ChargePoint Network,,,1964521,1964521,EBOFG / GUNTERSVILLE PD,8374211,3,3355921961,2024-09-06T20:04:43Z,2024-09-07T02:11:30Z,,35.230732,7.4625,credit_card_terminal,Payment via credit card or debit card terminal,USCPIE1964521*2
ChargePoint Network,,,14047321,14047321,JEFFERSON AVE. / OXFORD STA2(R),23514081,247,3378295071,2024-09-16T16:28:17Z,2024-09-16T16:52:55Z,,21.550900,57.04,credit_card_terminal,Payment via credit card or debit card terminal,USCPIE14047321*1
ChargePoint Network,,,15836871,15836871,TOMBIGBEE / STATION 3,25462501,247,3376931001,2024-09-16T00:22:17Z,2024-09-16T00:40:32Z,,20.420601,70.919,membership,Payment by membership account and/or membership card,USCPIE15836871*1
ChargePoint Network,,,7505851,7505851,JEFFERSON AVE. / OXFORD STA1(L),12955471,247,3404626801,2024-09-27T04:39:03Z,2024-09-27T04:41:26Z,,0.000000,0.0,credit_card_terminal,Payment via credit card or debit card terminal,USCPIE7505851*1
ChargePoint Network,,,5565291,5565291,7SPC / SCES LECONTE 1,9205191,3,3374136381,2024-09-14T14:59:39Z,2024-09-14T16:03:40Z,,3.196276,3.7385,credit_card_terminal,Payment via credit card or debit card terminal,USCPIE5565291*1
ChargePoint Network,,,14047321,14047321,JEFFERSON AVE. / OXFORD STA2(R),23514081,247,3351288881,2024-09-05T00:56:08Z,2024-09-05T01:30:39Z,,37.148499,73.481,membership,Payment by membership account and/or membership card,USCPIE14047321*1
ChargePoint Network,,,14097801,14097801,SCOTTSBORO EPB / SEPB DCFC (L),23570921,247,3357794851,2024-09-07T18:09:02Z,2024-09-07T18:29:30Z,,17.840700,118.727,membership,Payment by membership account and/or membership card,USCPIE14097801*1
ChargePoint Network,,,8851921,8851921,7SPC / SEVIERVILLE DC1,15571271,207,3388623561,2024-09-20T15:15:23Z,2024-09-20T15:15:45Z,,0.000000,0.0,membership,Payment by membership account and/or membership card,USCPIE8851921*1
ChargePoint Network,,,13606061,13606061,I24 EXIT11 / STATION 4 (RR),22992511,247,3366354031,2024-09-11T13:41:03Z,2024-09-11T14:13:57Z,,39.918900,75.056,membership,Payment by membership account and/or membership card,USCPIE13606061*1
ChargePoint Network,,,12406401,12406401,FPIA / RIGHT STATION,21527671,247,3369216761,2024-09-12T15:03:08Z,2024-09-12T15:34:16Z,,23.382999,58.981,membership,Payment by membership account and/or membership card,USCPIE12406401*1
ChargePoint Network,,,12460811,12460811,PES / RIGHT STATION,22948831,215,3401190951,2024-09-25T22:34:03Z,2024-09-30T18:22:56Z,,40.094898,7.8368,membership,Payment by membership account and/or membership card,USCPIE12460811*1
ChargePoint Network,,,13423691,13423691,AEC / STATION #1 (L),,,3392960551,2024-09-22T17:49:58Z,2024-09-22T17:51:59Z,,0.000000,0.0,membership,Payment by membership account and/or membership card,USCPIE13423691*0
ChargePoint Network,,,5354011,5354011,7SPC / GREENEVILLE TA,8936791,207,3397087631,2024-09-24T13:05:31Z,2024-09-24T13:18:07Z,,11.464800,62.159,membership,Payment by membership account and/or membership card,USCPIE5354011*1
ChargePoint Network,,,13423581,13423581,AEC / STATION #2 (R),22787011,247,3376386521,2024-09-15T19:42:05Z,2024-09-15T19:53:16Z,,11.620900,69.199,membership,Payment by membership account and/or membership card,USCPIE13423581*1
ChargePoint Network,,,8851921,8851921,7SPC / SEVIERVILLE DC1,15571271,207,3406021251,2024-09-27T19:59:37Z,2024-09-27T20:04:59Z,,3.910100,0.0,credit_card_terminal,Payment via credit card or debit card terminal,USCPIE8851921*1
ChargePoint Network,,,5565191,5565191,7SPC / DOLLYWOOD EMPL,9205031,3,3405035061,2024-09-27T12:56:47Z,2024-09-27T15:58:28Z,,20.379622,6.8523,membership,Payment by membership account and/or membership card,USCPIE5565191*1
ChargePoint Network,,,15250771,15250771,SES-TN / STATION 1,24772691,247,3351582241,2024-09-05T03:05:46Z,2024-09-05T03:51:35Z,,33.891300,74.447,membership,Payment by membership account and/or membership card,USCPIE15250771*1
ChargePoint Network,,,13290491,13290491,7SPC / NASA USSRC L,25742681,3,3374714131,2024-09-14T20:27:26Z,2024-09-14T21:18:42Z,,2.579295,3.1201,membership,Payment by membership account and/or membership card,USCPIE13290491*2
ChargePoint Network,,,8851921,8851921,7SPC / SEVIERVILLE DC1,15571271,207,3375224431,2024-09-15T01:00:26Z,2024-09-15T01:10:50Z,,9.086500,0.0,other,Any other payment method not specified above. Additional description should be provided in Payment Method Description.,USCPIE8851921*1
ChargePoint Network,,,14047321,14047321,JEFFERSON AVE. / OXFORD STA2(R),23514081,247,3391022441,2024-09-21T16:16:17Z,2024-09-21T16:16:44Z,,0.000000,0.0,membership,Payment by membership account and/or membership card,USCPIE14047321*1
ChargePoint Network,,,5363211,5363211,HARTSELLE 1 / HARTSELLE 1,23427581,3,3405960081,2024-09-27T19:34:32Z,2024-09-27T20:10:08Z,,4.274992,7.3572,membership,Payment by membership account and/or membership card,USCPIE5363211*2
ChargePoint Network,,,14337221,14337221,HOLSTONELECTRIC / CHURCH HILL-1,23844801,100011,3354690001,2024-09-06T10:54:51Z,2024-09-06T11:30:47Z,,23.712099,53.2,credit_card_terminal,Payment via credit card or debit card terminal,USCPIE14337221*1
ChargePoint Network,,,15623211,15623211,CLW / 5TH ST 2 (R),25208281,247,3404733411,2024-09-27T06:43:15Z,2024-09-27T06:43:46Z,,0.000000,0.0,credit_card_terminal,Payment via credit card or debit card terminal,USCPIE15623211*1
ChargePoint Network,,,13966031,13966031,BEA / STATION 4 (RR),23419961,247,3401670461,2024-09-26T01:47:29Z,2024-09-26T02:01:19Z,,13.863000,65.6,membership,Payment by membership account and/or membership card,USCPIE13966031*1
ChargePoint Network,,,8851921,8851921,7SPC / SEVIERVILLE DC1,15571271,100011,3361774101,2024-09-09T17:43:01Z,2024-09-09T18:21:30Z,,1.920600,9.359,membership,Payment by membership account and/or membership card,USCPIE8851921*1
ChargePoint Network,,,1988141,1988141,7SPC / SCES DREAM MORE,2355561,3,3362952421,2024-09-10T02:07:06Z,2024-09-10T02:11:52Z,,0.009033,3.6058,membership,Payment by membership account and/or membership card,USCPIE1988141*1
ChargePoint Network,,,14097711,14097711,SCOTTSBORO EPB / SEPB DCFC (R),,,3409755731,2024-09-29T18:56:22Z,2024-09-29T18:58:23Z,,0.000000,,membership,Payment by membership account and/or membership card,USCPIE14097711*0
ChargePoint Network,,,15885771,15885771,TWICKENHAM SQ / HU - STATION 4,25521581,247,3390754051,2024-09-21T12:56:51Z,2024-09-21T12:58:50Z,,0.000000,0.0,credit_card_terminal,Payment via credit card or debit card terminal,USCPIE15885771*1
ChargePoint Network,,,16244681,16244681,TOMBIGBEE / STATION 2,25952901,247,3394207731,2024-09-23T07:51:44Z,2024-09-23T08:52:40Z,,61.358299,78.602,credit_card_terminal,Payment via credit card or debit card terminal,USCPIE16244681*1
ChargePoint Network,,,5565191,5565191,7SPC / DOLLYWOOD EMPL,9205031,3,3354987391,2024-09-06T13:47:43Z,2024-09-06T18:43:29Z,,30.966526,6.851,membership,Payment by membership account and/or membership card,USCPIE5565191*1
ChargePoint Network,,,13861861,13861861,BRMEMC / STATION 1,23296281,247,3401308201,2024-09-25T23:19:26Z,2024-09-25T23:26:40Z,,7.472200,0.0,membership,Payment by membership account and/or membership card,USCPIE13861861*1
ChargePoint Network,,,15694081,15694081,BRIGHTRIDGE EV / STATION 2 (R),25291921,247,3389070081,2024-09-20T18:05:05Z,2024-09-20T19:09:56Z,,69.429100,74.625,membership,Payment by membership account and/or membership card,USCPIE15694081*1
ChargePoint Network,,,12406491,12406491,FPIA / LEFT STATION,21527781,247,3381533501,2024-09-17T21:22:53Z,2024-09-17T21:23:43Z,,0.000000,0.0,credit_card_terminal,Payment via credit card or debit card terminal,USCPIE12406491*1
ChargePoint Network,,,5346231,5346231,CULLMANELECTRIC / STATION2-R,,,3372120001,2024-09-13T16:37:40Z,2024-09-13T16:39:43Z,,0.000000,0.0,membership,Payment by membership account and/or membership card,USCPIE5346231*0
ChargePoint Network,,,8851921,8851921,7SPC / SEVIERVILLE DC1,15571271,100011,3360050461,2024-09-08T22:50:24Z,2024-09-08T23:35:53Z,,2.581400,12.479,membership,Payment by membership account and/or membership card,USCPIE8851921*1
ChargePoint Network,,,15885771,15885771,TWICKENHAM SQ / HU - STATION 4,25521581,247,3353628271,2024-09-05T22:27:41Z,2024-09-05T23:16:19Z,,42.478401,84.709,membership,Payment by membership account and/or membership card,USCPIE15885771*1
ChargePoint Network,,,15836981,15836981,TOMBIGBEE / STATION 4,25462651,247,3402873461,2024-09-26T15:51:50Z,2024-09-26T16:25:09Z,,51.774399,121.635,credit_card_terminal,Payment via credit card or debit card terminal,USCPIE15836981*1
ChargePoint Network,,,13861861,13861861,BRMEMC / STATION 1,23296281,247,3408227941,2024-09-28T21:08:03Z,2024-09-28T21:09:43Z,,0.000000,0.0,credit_card_terminal,Payment via credit card or debit card terminal,USCPIE13861861*1
ChargePoint Network,,,1988141,1988141,7SPC / SCES DREAM MORE,2355561,3,3385146071,2024-09-19T04:17:47Z,2024-09-19T15:35:57Z,,26.695608,2.4609,membership,Payment by membership account and/or membership card,USCPIE1988141*1
ChargePoint Network,,,8851921,8851921,7SPC / SEVIERVILLE DC1,15571271,207,3363065501,2024-09-10T03:02:00Z,2024-09-10T03:40:49Z,,25.139000,43.65,membership,Payment by membership account and/or membership card,USCPIE8851921*1
ChargePoint Network,,,15623211,15623211,CLW / 5TH ST 2 (R),25208281,247,3373281611,2024-09-14T01:03:38Z,2024-09-14T01:53:50Z,,59.327202,74.676,membership,Payment by membership account and/or membership card,USCPIE15623211*1
ChargePoint Network,,,5354011,5354011,7SPC / GREENEVILLE TA,8936791,100011,3370006091,2024-09-12T20:05:49Z,2024-09-12T20:20:16Z,,9.606300,46.617,membership,Payment by membership account and/or membership card,USCPIE5354011*1
ChargePoint Network,,,12406491,12406491,FPIA / LEFT STATION,21527781,247,3387351051,2024-09-20T00:21:39Z,2024-09-20T00:43:28Z,,26.252399,75.648,membership,Payment by membership account and/or membership card,USCPIE12406491*1
ChargePoint Network,,,13643831,13643831,PEPA / STATION 1,23036511,247,3364567101,2024-09-10T19:13:31Z,2024-09-10T19:36:00Z,,24.910500,70.047,membership,Payment by membership account and/or membership card,USCPIE13643831*1
ChargePoint Network,,,15694171,15694171,BRIGHTRIDGE EV / STATION 1 (L),25292041,100011,3398663071,2024-09-24T23:24:25Z,2024-09-24T23:51:38Z,,21.972500,52.577,other,Any other payment method not specified above. Additional description should be provided in Payment Method Description.,USCPIE15694171*1
ChargePoint Network,,,15885771,15885771,TWICKENHAM SQ / HU - STATION 4,25521581,100011,3400172871,2024-09-25T15:43:51Z,2024-09-25T16:06:05Z,,7.205200,29.722,other,Any other payment method not specified above. Additional description should be provided in Payment Method Description.,USCPIE15885771*1
ChargePoint Network,,,13966031,13966031,BEA / STATION 4 (RR),23419961,247,3366679701,2024-09-11T15:38:20Z,2024-09-11T15:40:44Z,,0.000000,0.0,membership,Payment by membership account and/or membership card,USCPIE13966031*1
ChargePoint Network,,,15885251,15885251,TWICKENHAM SQ / HU - STATION 1,25520941,247,3351265111,2024-09-05T00:45:48Z,2024-09-05T00:46:13Z,,0.000000,0.0,membership,Payment by membership account and/or membership card,USCPIE15885251*1
ChargePoint Network,,,13659871,13659871,LAWRENCEBURG / STATION 2 (R),23054921,247,3352461071,2024-09-05T14:57:35Z,2024-09-05T15:22:52Z,,40.360600,122.583,membership,Payment by membership account and/or membership card,USCPIE13659871*1
ChargePoint Network,,,14047321,14047321,JEFFERSON AVE. / OXFORD STA2(R),23514081,247,3388165781,2024-09-20T11:32:58Z,2024-09-20T12:00:05Z,,31.358101,74.823,membership,Payment by membership account and/or membership card,USCPIE14047321*1
ChargePoint Network,,,15250701,15250701,SES-TN / STATION 2,,,3403718201,2024-09-26T21:40:45Z,2024-09-26T21:41:02Z,,0.000000,,membership,Payment by membership account and/or membership card,USCPIE15250701*0
ChargePoint Network,,,5346231,5346231,CULLMANELECTRIC / STATION2-R,8926271,247,3409339461,2024-09-29T14:28:19Z,2024-09-29T15:07:54Z,,37.034100,76.031,membership,Payment by membership account and/or membership card,USCPIE5346231*1
ChargePoint Network,,,15623211,15623211,CLW / 5TH ST 2 (R),,,3356547071,2024-09-07T00:33:55Z,2024-09-07T00:35:57Z,,0.000000,0.0,membership,Payment by membership account and/or membership card,USCPIE15623211*0
ChargePoint Network,,,16093871,16093871,BCES / CSN-01577435,25770751,247,3367539101,2024-09-11T21:27:53Z,2024-09-11T21:28:57Z,,0.725000,0.0,membership,Payment by membership account and/or membership card,USCPIE16093871*1
ChargePoint Network,,,8851921,8851921,7SPC / SEVIERVILLE DC1,15571271,207,3345013491,2024-09-02T13:06:06Z,2024-09-02T13:46:05Z,,33.333099,60.06,membership,Payment by membership account and/or membership card,USCPIE8851921*1
ChargePoint Network,,,13664501,13664501,BTES / STATION 4 (RR),23060561,247,3405230821,2024-09-27T14:38:14Z,2024-09-27T14:40:19Z,,0.551400,0.0,membership,Payment by membership account and/or membership card,USCPIE13664501*1
ChargePoint Network,,,13659831,13659831,LAWRENCEBURG / STATION 1 (L),23054881,247,3343838931,2024-09-01T18:47:08Z,2024-09-01T20:00:58Z,,58.517200,74.48,membership,Payment by membership account and/or membership card,USCPIE13659831*1
ChargePoint Network,,,12989161,12989161,BTES / CITY HALL,22285821,3,3399279991,2024-09-25T04:08:45Z,2024-09-25T05:29:52Z,,9.759971,7.2928,membership,Payment by membership account and/or membership card,USCPIE12989161*2
ChargePoint Network,,,1988061,1988061,7SPC / SCES DOLLYWOOD,25499831,3,3346818151,2024-09-03T12:55:40Z,2024-09-03T16:59:20Z,,24.163080,,membership,Payment by membership account and/or membership card,USCPIE1988061*1
ChargePoint Network,,,15885771,15885771,TWICKENHAM SQ / HU - STATION 4,25521581,100011,3392983751,2024-09-22T18:05:50Z,2024-09-22T18:48:44Z,,31.191500,52.68,credit_card_terminal,Payment via credit card or debit card terminal,USCPIE15885771*1
ChargePoint Network,,,13292801,13292801,LODGE CAST IRON / STORE & MUSEUM,22637561,3,3376067181,2024-09-15T16:30:20Z,2024-09-15T17:09:21Z,,2.153531,3.4147,membership,Payment by membership account and/or membership card,USCPIE13292801*2
ChargePoint Network,,,5565191,5565191,7SPC / DOLLYWOOD EMPL,9205031,3,3383518261,2024-09-18T16:29:18Z,2024-09-18T18:36:45Z,,9.435788,6.8774,membership,Payment by membership account and/or membership card,USCPIE5565191*1
ChargePoint Network,,,7505851,7505851,JEFFERSON AVE. / OXFORD STA1(L),12955471,247,3361573601,2024-09-09T16:15:46Z,2024-09-09T16:17:27Z,,0.000000,0.0,credit_card_terminal,Payment via credit card or debit card terminal,USCPIE7505851*1
ChargePoint Network,,,15280471,15280471,SPRFLD ELECTRIC / STATION 1 (L),24807681,247,3361378781,2024-09-09T15:17:59Z,2024-09-09T15:45:37Z,,50.296101,122.583,membership,Payment by membership account and/or membership card,USCPIE15280471*1
ChargePoint Network,,,1844191,1844191,CLW / MAIN ST,23050431,3,3351494041,2024-09-05T02:29:20Z,2024-09-05T04:01:53Z,,11.231334,7.3677,membership,Payment by membership account and/or membership card,USCPIE1844191*1
ChargePoint Network,,,5363211,5363211,HARTSELLE 1 / HARTSELLE 1,23427571,3,3401097171,2024-09-25T21:57:23Z,2024-09-25T22:06:55Z,,1.088632,7.2592,membership,Payment by membership account and/or membership card,USCPIE5363211*1
ChargePoint Network,,,5625391,5625391,7SPC / VEC JAMESTOWN,9280971,3,3353361551,2024-09-05T20:43:55Z,2024-09-06T15:08:32Z,,95.641052,7.3224,credit_card_terminal,Payment via credit card or debit card terminal,USCPIE5625391*2
ChargePoint Network,,,5565241,5565241,7SPC / SCES LECONTE 4,9205101,3,3342843261,2024-09-01T01:06:23Z,2024-09-01T13:28:08Z,,70.463020,0.0,membership,Payment by membership account and/or membership card,USCPIE5565241*1
ChargePoint Network,,,5565201,5565201,7SPC / SCES LECONTE 2,9205051,3,3407968391,2024-09-28T18:49:23Z,2024-09-28T19:00:50Z,,1.203252,7.0348,credit_card_terminal,Payment via credit card or debit card terminal,USCPIE5565201*1
ChargePoint Network,,,1933211,1933211,BRIGHTRIDGE EV / BR-JONESBOROUGH,2283641,3,3400479821,2024-09-25T17:41:02Z,2024-09-25T18:38:09Z,,5.645786,6.0282,membership,Payment by membership account and/or membership card,USCPIE1933211*2
ChargePoint Network,,,5525971,5525971,7SPC / SPARTA TN,9154681,3,3350306341,2024-09-04T18:16:45Z,2024-09-04T18:28:25Z,,1.285995,6.9173,membership,Payment by membership account and/or membership card,USCPIE5525971*1
ChargePoint Network,,,15885771,15885771,TWICKENHAM SQ / HU - STATION 4,25521581,247,3388080991,2024-09-20T10:20:30Z,2024-09-20T10:59:30Z,,49.197701,86.68,membership,Payment by membership account and/or membership card,USCPIE15885771*1
ChargePoint Network,,,14097711,14097711,SCOTTSBORO EPB / SEPB DCFC (R),23570811,247,3390638641,2024-09-21T09:21:22Z,2024-09-21T09:47:26Z,,30.610300,76.244,membership,Payment by membership account and/or membership card,USCPIE14097711*1
ChargePoint Network,,,9677521,9677521,UT PARKING / S7 STATION 1,17169331,3,3386677911,2024-09-19T19:54:58Z,2024-09-20T01:07:26Z,,25.745461,7.2292,membership,Payment by membership account and/or membership card,USCPIE9677521*1
ChargePoint Network,,,15729991,15729991,AEC / AEC03,25334181,3,3348078731,2024-09-03T21:11:25Z,2024-09-03T21:57:03Z,,4.981086,6.5949,membership,Payment by membership account and/or membership card,USCPIE15729991*2
ChargePoint Network,,,15332351,15332351,TUA NW ATLANTIC / STATION 2 (R),24867891,247,3386334591,2024-09-19T17:24:03Z,2024-09-19T17:25:53Z,,0.000000,0.0,membership,Payment by membership account and/or membership card,USCPIE15332351*1
ChargePoint Network,,,13803581,13803581,FPU / STATION 1 (L),23227201,247,3359719231,2024-09-08T19:49:38Z,2024-09-08T20:01:44Z,,8.336600,46.74,membership,Payment by membership account and/or membership card,USCPIE13803581*1
ChargePoint Network,,,12720881,12720881,WRECC / STATION 1,21977141,247,3363989891,2024-09-10T15:23:06Z,2024-09-10T15:24:34Z,,0.004300,0.0,other,Any other payment method not specified above. Additional description should be provided in Payment Method Description.,USCPIE12720881*1
ChargePoint Network,,,5565241,5565241,7SPC / SCES LECONTE 4,9205111,3,3375412981,2024-09-15T02:58:38Z,2024-09-15T04:01:22Z,,3.324815,3.7438,credit_card_terminal,Payment via credit card or debit card terminal,USCPIE5565241*2
ChargePoint Network,,,13659831,13659831,LAWRENCEBURG / STATION 1 (L),23054881,247,3407471901,2024-09-28T13:43:02Z,2024-09-28T14:04:23Z,,24.161699,71.708,membership,Payment by membership account and/or membership card,USCPIE13659831*1
ChargePoint Network,,,13643801,13643801,PEPA / STATION 2,23036481,247,3385335411,2024-09-19T09:07:01Z,2024-09-19T09:43:09Z,,41.077000,74.447,membership,Payment by membership account and/or membership card,USCPIE13643801*1
ChargePoint Network,,,15836871,15836871,TOMBIGBEE / STATION 3,25462501,247,3378848631,2024-09-16T20:37:11Z,2024-09-16T20:59:07Z,,23.857300,71.148,membership,Payment by membership account and/or membership card,USCPIE15836871*1
ChargePoint Network,,,13966051,13966051,BEA / STATION 3 (RM),23419981,247,3390040091,2024-09-21T01:05:32Z,2024-09-21T01:06:54Z,,0.000000,0.0,membership,Payment by membership account and/or membership card,USCPIE13966051*1
ChargePoint Network,,,13966031,13966031,BEA / STATION 4 (RR),23419961,247,3366227851,2024-09-11T12:41:27Z,2024-09-11T14:34:57Z,,14.014800,123.845,credit_card_terminal,Payment via credit card or debit card terminal,USCPIE13966031*1
ChargePoint Network,,,14097801,14097801,SCOTTSBORO EPB / SEPB DCFC (L),23570921,247,3357572971,2024-09-07T16:02:11Z,2024-09-07T16:22:58Z,,22.150101,73.061,membership,Payment by membership account and/or membership card,USCPIE14097801*1
ChargePoint Network,,,12406491,12406491,FPIA / LEFT STATION,21527781,247,3376261971,2024-09-15T18:28:09Z,2024-09-15T19:31:36Z,,66.745003,93.169,membership,Payment by membership account and/or membership card,USCPIE12406491*1
ChargePoint Network,,,15836871,15836871,TOMBIGBEE / STATION 3,25462501,247,3344715791,2024-09-02T04:02:29Z,2024-09-02T04:36:49Z,,44.860001,81.732,membership,Payment by membership account and/or membership card,USCPIE15836871*1
ChargePoint Network,,,14047321,14047321,JEFFERSON AVE. / OXFORD STA2(R),23514081,247,3359272831,2024-09-08T15:11:24Z,2024-09-08T16:13:15Z,,10.688800,30.954,credit_card_terminal,Payment via credit card or debit card terminal,USCPIE14047321*1
ChargePoint Network,,,8851921,8851921,7SPC / SEVIERVILLE DC1,15571271,100011,3368630311,2024-09-12T07:09:31Z,2024-09-12T08:07:03Z,,3.350300,15.21,membership,Payment by membership account and/or membership card,USCPIE8851921*1
ChargePoint Network,,,8851921,8851921,7SPC / SEVIERVILLE DC1,15571271,207,3393169971,2024-09-22T19:49:37Z,2024-09-22T20:36:36Z,,39.645802,60.419,other,Any other payment method not specified above. Additional description should be provided in Payment Method Description.,USCPIE8851921*1
ChargePoint Network,,,8851921,8851921,7SPC / SEVIERVILLE DC1,15571271,207,3377848951,2024-09-16T13:55:16Z,2024-09-16T14:15:11Z,,18.427401,58.976,membership,Payment by membership account and/or membership card,USCPIE8851921*1
ChargePoint Network,,,14025691,14025691,PARIS BPU / STATION 1(L),23489541,247,3392940601,2024-09-22T17:39:35Z,2024-09-22T18:46:45Z,,67.146797,64.813,membership,Payment by membership account and/or membership card,USCPIE14025691*1
ChargePoint Network,,,5565191,5565191,7SPC / DOLLYWOOD EMPL,9205031,3,3349486501,2024-09-04T12:56:28Z,2024-09-04T16:57:36Z,,25.173338,6.8906,membership,Payment by membership account and/or membership card,USCPIE5565191*1
ChargePoint Network,,,13606061,13606061,I24 EXIT11 / STATION 4 (RR),22992511,247,3348311931,2024-09-03T22:42:00Z,2024-09-03T23:08:33Z,,27.119699,74.663,membership,Payment by membership account and/or membership card,USCPIE13606061*1
ChargePoint Network,,,15260241,15260241,STEMC / STATION 1 (L) A,24784071,247,3352100861,2024-09-05T12:24:03Z,2024-09-05T13:05:00Z,,46.365898,75.056,membership,Payment by membership account and/or membership card,USCPIE15260241*1
ChargePoint Network,,,15623211,15623211,CLW / 5TH ST 2 (R),25208281,247,3398879991,2024-09-25T00:54:10Z,2024-09-25T02:07:01Z,,85.690300,76.44,membership,Payment by membership account and/or membership card,USCPIE15623211*1
ChargePoint Network,,,15548151,15548151,DECATURDOWNTWN / STATION 1 (R),,,3395526641,2024-09-23T19:58:06Z,2024-09-23T19:59:19Z,,0.000000,,membership,Payment by membership account and/or membership card,USCPIE15548151*0
ChargePoint Network,,,13664401,13664401,BTES / STATION 1 (LL),23060421,247,3376509341,2024-09-15T20:48:53Z,2024-09-15T21:17:35Z,,18.304100,58.435,membership,Payment by membership account and/or membership card,USCPIE13664401*1
ChargePoint Network,,,12989161,12989161,BTES / CITY HALL,22285821,3,3407433341,2024-09-28T13:02:20Z,2024-09-28T15:59:10Z,,21.199369,7.2833,membership,Payment by membership account and/or membership card,USCPIE12989161*2
ChargePoint Network,,,15885151,15885151,TWICKENHAM SQ / HU - STATION 2,25520801,247,3372694401,2024-09-13T20:46:17Z,2024-09-13T21:27:05Z,,31.778601,81.12,membership,Payment by membership account and/or membership card,USCPIE15885151*1
ChargePoint Network,,,13861861,13861861,BRMEMC / STATION 1,23296281,247,3372949631,2024-09-13T22:35:57Z,2024-09-13T23:10:04Z,,39.224602,72.127,membership,Payment by membership account and/or membership card,USCPIE13861861*1
ChargePoint Network,,,14025691,14025691,PARIS BPU / STATION 1(L),23489541,247,3389397221,2024-09-20T20:25:40Z,2024-09-20T21:02:55Z,,35.400902,59.192,membership,Payment by membership account and/or membership card,USCPIE14025691*1
ChargePoint Network,,,15684301,15684301,MLEC / STATION 1 (L) W,25280151,247,3359177381,2024-09-08T13:43:07Z,2024-09-08T14:46:02Z,,85.040497,97.79,membership,Payment by membership account and/or membership card,USCPIE15684301*1
ChargePoint Network,,,8851921,8851921,7SPC / SEVIERVILLE DC1,15571271,207,3365277491,2024-09-10T23:52:09Z,2024-09-11T01:32:50Z,,64.712303,59.669,membership,Payment by membership account and/or membership card,USCPIE8851921*1
ChargePoint Network,,,5625391,5625391,7SPC / VEC JAMESTOWN,9280971,3,3364029841,2024-09-10T15:34:42Z,2024-09-10T15:50:33Z,,1.875783,7.3825,membership,Payment by membership account and/or membership card,USCPIE5625391*2
ChargePoint Network,,,15885771,15885771,TWICKENHAM SQ / HU - STATION 4,25521581,247,3363388781,2024-09-10T10:31:30Z,2024-09-10T11:34:00Z,,67.107498,72.101,membership,Payment by membership account and/or membership card,USCPIE15885771*1
ChargePoint Network,,,15623231,15623231,CLW / 5TH ST 1 (L),25208301,247,3377763571,2024-09-16T13:12:23Z,2024-09-16T14:09:53Z,,60.765900,77.007,membership,Payment by membership account and/or membership card,USCPIE15623231*1
ChargePoint Network,,,9677521,9677521,UT PARKING / S7 STATION 1,17169331,3,3377944821,2024-09-16T14:36:03Z,2024-09-16T16:23:24Z,,12.644363,7.1864,membership,Payment by membership account and/or membership card,USCPIE9677521*1
ChargePoint Network,,,15684341,15684341,MLEC / STATION 2 (R) W,25280201,247,3353201121,2024-09-05T19:40:59Z,2024-09-05T20:00:31Z,,30.891399,112.419,membership,Payment by membership account and/or membership card,USCPIE15684341*1
ChargePoint Network,,,14047321,14047321,JEFFERSON AVE. / OXFORD STA2(R),23514081,247,3366818931,2024-09-11T16:21:13Z,2024-09-11T16:53:30Z,,37.397499,77.013,membership,Payment by membership account and/or membership card,USCPIE14047321*1
ChargePoint Network,,,14047321,14047321,JEFFERSON AVE. / OXFORD STA2(R),23514081,247,3388831621,2024-09-20T16:21:40Z,2024-09-20T16:58:51Z,,32.710800,73.108,membership,Payment by membership account and/or membership card,USCPIE14047321*1
ChargePoint Network,,,15280471,15280471,SPRFLD ELECTRIC / STATION 1 (L),24807681,100011,3347125061,2024-09-03T14:59:57Z,2024-09-03T15:31:12Z,,17.512501,47.625,membership,Payment by membership account and/or membership card,USCPIE15280471*1
ChargePoint Network,,,16022131,16022131,ACEPA / ACE STATION 1,25683791,247,3372940571,2024-09-13T22:32:07Z,2024-09-13T23:03:26Z,,38.020302,88.592,membership,Payment by membership account and/or membership card,USCPIE16022131*1
ChargePoint Network,,,1964521,1964521,EBOFG / GUNTERSVILLE PD,8374211,3,3380899471,2024-09-17T16:50:37Z,2024-09-17T21:46:08Z,,8.472731,3.6842,membership,Payment by membership account and/or membership card,USCPIE1964521*2
ChargePoint Network,,,13664401,13664401,BTES / STATION 1 (LL),23060421,247,3381894721,2024-09-17T23:45:17Z,2024-09-18T00:51:26Z,,77.973396,87.318,credit_card_terminal,Payment via credit card or debit card terminal,USCPIE13664401*1
ChargePoint Network,,,12989161,12989161,BTES / CITY HALL,22285821,3,3376072101,2024-09-15T16:33:27Z,2024-09-15T20:32:05Z,,27.044708,7.2322,other,Any other payment method not specified above. Additional description should be provided in Payment Method Description.,USCPIE12989161*2
ChargePoint Network,,,14097801,14097801,SCOTTSBORO EPB / SEPB DCFC (L),23570921,100011,3356906511,2024-09-07T03:33:47Z,2024-09-07T03:50:57Z,,10.629400,53.653,membership,Payment by membership account and/or membership card,USCPIE14097801*1
ChargePoint Network,,,13606121,13606121,I24 EXIT11 / STATION 2 (LM),22992591,247,3396403761,2024-09-24T02:12:03Z,2024-09-24T02:58:06Z,,49.523701,122.737,membership,Payment by membership account and/or membership card,USCPIE13606121*1
ChargePoint Network,,,1933211,1933211,BRIGHTRIDGE EV / BR-JONESBOROUGH,2283631,3,3359332241,2024-09-08T15:54:15Z,2024-09-08T15:56:15Z,,0.000000,0.0,other,Any other payment method not specified above. Additional description should be provided in Payment Method Description.,USCPIE1933211*1
ChargePoint Network,,,15885251,15885251,TWICKENHAM SQ / HU - STATION 1,25520941,247,3406050061,2024-09-27T20:11:35Z,2024-09-27T20:21:14Z,,10.414500,73.086,membership,Payment by membership account and/or membership card,USCPIE15885251*1
ChargePoint Network,,,1932851,1932851,BRIGHTRIDGE EV / BR-JC LIBRARY,23319811,3,3357531341,2024-09-07T15:36:44Z,2024-09-07T15:49:43Z,,1.460425,7.0437,credit_card_terminal,Payment via credit card or debit card terminal,USCPIE1932851*1
ChargePoint Network,,,14337221,14337221,HOLSTONELECTRIC / CHURCH HILL-1,23844801,247,3344377061,2024-09-02T00:16:04Z,2024-09-02T00:36:11Z,,23.184299,77.022,membership,Payment by membership account and/or membership card,USCPIE14337221*1
ChargePoint Network,,,5525971,5525971,7SPC / SPARTA TN,9154681,3,3392433251,2024-09-22T06:38:35Z,2024-09-22T07:29:02Z,,5.976353,7.247,membership,Payment by membership account and/or membership card,USCPIE5525971*1
ChargePoint Network,,,1964521,1964521,EBOFG / GUNTERSVILLE PD,8374211,3,3387451911,2024-09-20T01:06:37Z,2024-09-20T02:40:44Z,,5.405344,3.6989,credit_card_terminal,Payment via credit card or debit card terminal,USCPIE1964521*2
ChargePoint Network,,,15885251,15885251,TWICKENHAM SQ / HU - STATION 1,25520941,247,3378207921,2024-09-16T15:58:27Z,2024-09-16T21:03:13Z,,28.221201,49.352,membership,Payment by membership account and/or membership card,USCPIE15885251*1
ChargePoint Network,,,15729991,15729991,AEC / AEC03,25334171,3,3362288881,2024-09-09T21:27:06Z,2024-09-09T22:13:11Z,,5.002937,6.598,membership,Payment by membership account and/or membership card,USCPIE15729991*1
ChargePoint Network,,,15548181,15548181,DECATURDOWNTWN / STATION 2 (L),25119551,247,3356652311,2024-09-07T01:23:04Z,2024-09-07T02:22:38Z,,59.061100,64.484,membership,Payment by membership account and/or membership card,USCPIE15548181*1
ChargePoint Network,,,15640171,15640171,NECDC / STATION 2 (R),25228711,247,3366045631,2024-09-11T10:44:59Z,2024-09-11T11:20:09Z,,37.279099,71.874,membership,Payment by membership account and/or membership card,USCPIE15640171*1
ChargePoint Network,,,14097801,14097801,SCOTTSBORO EPB / SEPB DCFC (L),23570921,247,3379685391,2024-09-17T02:51:00Z,2024-09-17T03:03:30Z,,15.080800,106.248,credit_card_terminal,Payment via credit card or debit card terminal,USCPIE14097801*1
ChargePoint Network,,,14359531,14359531,EBOFG / STATION 2 (R),23870331,247,3391954921,2024-09-22T00:43:47Z,2024-09-22T01:11:56Z,,23.647301,51.436,membership,Payment by membership account and/or membership card,USCPIE14359531*1
ChargePoint Network,,,5354011,5354011,7SPC / GREENEVILLE TA,8936791,207,3390038971,2024-09-21T01:05:12Z,2024-09-21T01:22:17Z,,14.686300,55.285,membership,Payment by membership account and/or membership card,USCPIE5354011*1
ChargePoint Network,,,1844191,1844191,CLW / MAIN ST,23050441,3,3387626831,2024-09-20T02:39:01Z,2024-09-20T05:27:13Z,,20.368452,7.3523,membership,Payment by membership account and/or membership card,USCPIE1844191*2
ChargePoint Network,,,15548181,15548181,DECATURDOWNTWN / STATION 2 (L),25119551,247,3406545771,2024-09-27T23:48:10Z,2024-09-28T01:08:02Z,,32.799599,82.169,membership,Payment by membership account and/or membership card,USCPIE15548181*1
ChargePoint Network,,,13606061,13606061,I24 EXIT11 / STATION 4 (RR),22992511,247,3367070461,2024-09-11T18:09:32Z,2024-09-11T18:27:24Z,,20.495701,71.279,membership,Payment by membership account and/or membership card,USCPIE13606061*1
ChargePoint Network,,,15836871,15836871,TOMBIGBEE / STATION 3,25462501,247,3342923331,2024-09-01T01:58:25Z,2024-09-01T02:02:28Z,,3.336400,70.199,membership,Payment by membership account and/or membership card,USCPIE15836871*1
ChargePoint Network,,,15640031,15640031,NECDC / STATION 1 (L),25228511,247,3403581891,2024-09-26T20:42:57Z,2024-09-26T21:09:35Z,,30.294800,75.068,membership,Payment by membership account and/or membership card,USCPIE15640031*1
ChargePoint Network,,,15684301,15684301,MLEC / STATION 1 (L) W,,,3400340111,2024-09-25T16:36:45Z,2024-09-25T16:38:46Z,,0.000000,,membership,Payment by membership account and/or membership card,USCPIE15684301*0
ChargePoint Network,,,15885251,15885251,TWICKENHAM SQ / HU - STATION 1,25520941,247,3375794051,2024-09-15T11:59:00Z,2024-09-15T12:36:06Z,,21.294701,48.831,membership,Payment by membership account and/or membership card,USCPIE15885251*1
ChargePoint Network,,,13966051,13966051,BEA / STATION 3 (RM),23419981,247,3364257561,2024-09-10T16:51:30Z,2024-09-10T17:05:28Z,,15.756300,71.708,credit_card_terminal,Payment via credit card or debit card terminal,USCPIE13966051*1
ChargePoint Network,,,5565291,5565291,7SPC / SCES LECONTE 1,9205201,3,3358097241,2024-09-07T20:53:41Z,2024-09-07T21:03:05Z,,1.020154,7.0404,credit_card_terminal,Payment via credit card or debit card terminal,USCPIE5565291*2
ChargePoint Network,,,13643801,13643801,PEPA / STATION 2,23036481,247,3372965651,2024-09-13T22:43:07Z,2024-09-13T22:58:04Z,,16.809000,70.349,membership,Payment by membership account and/or membership card,USCPIE13643801*1
ChargePoint Network,,,5363211,5363211,HARTSELLE 1 / HARTSELLE 1,23427581,3,3364281621,2024-09-10T17:01:33Z,2024-09-10T18:01:31Z,,6.923320,7.0256,membership,Payment by membership account and/or membership card,USCPIE5363211*2
ChargePoint Network,,,13643801,13643801,PEPA / STATION 2,23036481,247,3391998291,2024-09-22T01:07:49Z,2024-09-22T01:19:10Z,,10.201400,66.468,membership,Payment by membership account and/or membership card,USCPIE13643801*1
ChargePoint Network,,,7505851,7505851,JEFFERSON AVE. / OXFORD STA1(L),12955471,100011,3354341451,2024-09-06T03:22:16Z,2024-09-06T03:28:30Z,,1.760500,0.0,membership,Payment by membership account and/or membership card,USCPIE7505851*1
ChargePoint Network,,,15640171,15640171,NECDC / STATION 2 (R),25228711,247,3343393881,2024-09-01T12:40:48Z,2024-09-01T13:06:15Z,,30.027901,73.086,credit_card_terminal,Payment via credit card or debit card terminal,USCPIE15640171*1
ChargePoint Network,,,15885771,15885771,TWICKENHAM SQ / HU - STATION 4,25521581,247,3343570641,2024-09-01T15:44:45Z,2024-09-01T16:18:54Z,,38.832802,70.785,credit_card_terminal,Payment via credit card or debit card terminal,USCPIE15885771*1
ChargePoint Network,,,15694171,15694171,BRIGHTRIDGE EV / STATION 1 (L),25292041,100011,3386436181,2024-09-19T18:10:53Z,2024-09-19T19:09:20Z,,39.100300,53.58,membership,Payment by membership account and/or membership card,USCPIE15694171*1
ChargePoint Network,,,12720861,12720861,WRECC / STATION 2,21977121,247,3387096411,2024-09-19T22:37:50Z,2024-09-19T23:13:02Z,,45.182701,83.16,membership,Payment by membership account and/or membership card,USCPIE12720861*1
ChargePoint Network,,,8851921,8851921,7SPC / SEVIERVILLE DC1,15571271,207,3406795301,2024-09-28T01:46:17Z,2024-09-28T02:55:49Z,,33.599499,52.625,membership,Payment by membership account and/or membership card,USCPIE8851921*1
ChargePoint Network,,,13164881,13164881,BTES / STATION 2 (LM),22491051,247,3402033811,2024-09-26T05:19:06Z,2024-09-26T05:45:26Z,,48.934601,121.968,credit_card_terminal,Payment via credit card or debit card terminal,USCPIE13164881*1
ChargePoint Network,,,14047321,14047321,JEFFERSON AVE. / OXFORD STA2(R),23514081,247,3380492251,2024-09-17T14:36:23Z,2024-09-17T14:49:12Z,,11.764800,58.366,membership,Payment by membership account and/or membership card,USCPIE14047321*1
ChargePoint Network,,,13966031,13966031,BEA / STATION 4 (RR),23419961,100011,3362238491,2024-09-09T21:05:48Z,2024-09-09T21:42:14Z,,8.546500,38.625,membership,Payment by membership account and/or membership card,USCPIE13966031*1
ChargePoint Network,,,8851921,8851921,7SPC / SEVIERVILLE DC1,15571271,207,3391445741,2024-09-21T20:11:33Z,2024-09-21T21:22:38Z,,52.160999,60.249,other,Any other payment method not specified above. Additional description should be provided in Payment Method Description.,USCPIE8851921*1
ChargePoint Network,,,15885771,15885771,TWICKENHAM SQ / HU - STATION 4,25521581,247,3355043961,2024-09-06T14:14:22Z,2024-09-06T15:11:48Z,,35.617100,54.167,membership,Payment by membership account and/or membership card,USCPIE15885771*1
ChargePoint Network,,,1964521,1964521,EBOFG / GUNTERSVILLE PD,8374201,3,3386617071,2024-09-19T19:30:30Z,2024-09-19T20:52:37Z,,9.769613,7.3093,membership,Payment by membership account and/or membership card,USCPIE1964521*1
ChargePoint Network,,,7505851,7505851,JEFFERSON AVE. / OXFORD STA1(L),12955471,247,3382241131,2024-09-18T02:11:55Z,2024-09-18T02:25:54Z,,14.094400,55.692,membership,Payment by membership account and/or membership card,USCPIE7505851*1
ChargePoint Network,,,12406491,12406491,FPIA / LEFT STATION,21527781,247,3361992811,2024-09-09T19:23:04Z,2024-09-09T19:35:14Z,,9.555500,51.84,membership,Payment by membership account and/or membership card,USCPIE12406491*1
ChargePoint Network,,,16249951,16249951,STARKVILLE UTIL / STATION 2 (R),,,3369213651,2024-09-12T15:00:06Z,2024-09-12T15:02:08Z,,0.000000,,membership,Payment by membership account and/or membership card,USCPIE16249951*0
ChargePoint Network,,,14359531,14359531,EBOFG / STATION 2 (R),23870331,247,3359253901,2024-09-08T14:56:24Z,2024-09-08T15:11:44Z,,12.878200,52.544,membership,Payment by membership account and/or membership card,USCPIE14359531*1
ChargePoint Network,,,15548151,15548151,DECATURDOWNTWN / STATION 1 (R),25119511,247,3389932341,2024-09-21T00:19:34Z,2024-09-21T01:24:51Z,,63.632000,63.764,membership,Payment by membership account and/or membership card,USCPIE15548151*1
ChargePoint Network,,,12720861,12720861,WRECC / STATION 2,21977121,247,3397841361,2024-09-24T17:50:02Z,2024-09-24T18:09:37Z,,20.643801,67.063,membership,Payment by membership account and/or membership card,USCPIE12720861*1
ChargePoint Network,,,15729991,15729991,AEC / AEC03,25334181,3,3350402761,2024-09-04T19:01:53Z,2024-09-04T20:03:02Z,,6.700367,6.6094,credit_card_terminal,Payment via credit card or debit card terminal,USCPIE15729991*2
ChargePoint Network,,,16249821,16249821,STARKVILLE UTIL / STATION 1 (L),,,3378909801,2024-09-16T21:01:29Z,2024-09-16T21:03:32Z,,0.000000,0.0,membership,Payment by membership account and/or membership card,USCPIE16249821*0
ChargePoint Network,,,5354011,5354011,7SPC / GREENEVILLE TA,8936791,207,3381197951,2024-09-17T19:06:27Z,2024-09-17T19:32:16Z,,23.632799,58.057,membership,Payment by membership account and/or membership card,USCPIE5354011*1
ChargePoint Network,,,15729991,15729991,AEC / AEC03,25334171,3,3350093011,2024-09-04T16:38:17Z,2024-09-04T21:01:08Z,,23.322073,7.2003,membership,Payment by membership account and/or membership card,USCPIE15729991*1
ChargePoint Network,,,5346231,5346231,CULLMANELECTRIC / STATION2-R,8926271,247,3356161901,2024-09-06T21:44:52Z,2024-09-06T21:56:11Z,,12.334800,0.0,membership,Payment by membership account and/or membership card,USCPIE5346231*1
ChargePoint Network,,,14047321,14047321,JEFFERSON AVE. / OXFORD STA2(R),23514081,247,3355563331,2024-09-06T17:28:41Z,2024-09-06T18:04:14Z,,34.918598,68.276,membership,Payment by membership account and/or membership card,USCPIE14047321*1
ChargePoint Network,,,5565191,5565191,7SPC / DOLLYWOOD EMPL,9205031,3,3380255091,2024-09-17T12:51:36Z,2024-09-17T14:18:31Z,,9.242559,6.9128,membership,Payment by membership account and/or membership card,USCPIE5565191*1
ChargePoint Network,,,15885151,15885151,TWICKENHAM SQ / HU - STATION 2,25520801,247,3409744291,2024-09-29T18:51:52Z,2024-09-29T19:24:50Z,,38.735298,83.888,credit_card_terminal,Payment via credit card or debit card terminal,USCPIE15885151*1
ChargePoint Network,,,16249821,16249821,STARKVILLE UTIL / STATION 1 (L),25959011,247,3378914541,2024-09-16T21:05:38Z,2024-09-16T21:33:45Z,,31.166401,77.415,membership,Payment by membership account and/or membership card,USCPIE16249821*1
ChargePoint Network,,,15885771,15885771,TWICKENHAM SQ / HU - STATION 4,25521581,247,3395743341,2024-09-23T21:29:48Z,2024-09-23T21:46:38Z,,19.821800,77.027,credit_card_terminal,Payment via credit card or debit card terminal,USCPIE15885771*1
ChargePoint Network,,,15885251,15885251,TWICKENHAM SQ / HU - STATION 1,25520941,247,3357797001,2024-09-07T18:10:16Z,2024-09-07T18:22:43Z,,4.238300,68.359,membership,Payment by membership account and/or membership card,USCPIE15885251*1
ChargePoint Network,,,14097711,14097711,SCOTTSBORO EPB / SEPB DCFC (R),23570811,247,3390944881,2024-09-21T15:28:36Z,2024-09-21T16:13:16Z,,27.407801,52.49,membership,Payment by membership account and/or membership card,USCPIE14097711*1
ChargePoint Network,,,15836981,15836981,TOMBIGBEE / STATION 4,25462651,247,3391017541,2024-09-21T16:13:25Z,2024-09-21T16:57:15Z,,53.976501,77.027,membership,Payment by membership account and/or membership card,USCPIE15836981*1
ChargePoint Network,,,13803581,13803581,FPU / STATION 1 (L),23227201,247,3386268091,2024-09-19T16:55:59Z,2024-09-19T17:21:10Z,,30.408600,75.464,membership,Payment by membership account and/or membership card,USCPIE13803581*1
ChargePoint Network,,,13290491,13290491,7SPC / NASA USSRC L,25742681,3,3389209071,2024-09-20T19:08:13Z,2024-09-20T21:18:26Z,,12.252445,5.6814,membership,Payment by membership account and/or membership card,USCPIE13290491*2
ChargePoint Network,,,13606121,13606121,I24 EXIT11 / STATION 2 (LM),22992591,247,3350968331,2024-09-04T22:46:34Z,2024-09-04T22:48:22Z,,0.104500,0.0,credit_card_terminal,Payment via credit card or debit card terminal,USCPIE13606121*1
ChargePoint Network,,,15729991,15729991,AEC / AEC03,25334181,3,3383543941,2024-09-18T16:39:29Z,2024-09-18T21:01:09Z,,26.053972,7.2829,membership,Payment by membership account and/or membership card,USCPIE15729991*2
ChargePoint Network,,,1988061,1988061,7SPC / SCES DOLLYWOOD,25499841,3,3397420881,2024-09-24T15:19:10Z,2024-09-24T15:20:20Z,,0.000000,0.0,membership,Payment by membership account and/or membership card,USCPIE1988061*2
ChargePoint Network,,,14097801,14097801,SCOTTSBORO EPB / SEPB DCFC (L),,,3379488181,2024-09-17T01:00:07Z,2024-09-17T01:02:08Z,,0.000000,,membership,Payment by membership account and/or membership card,USCPIE14097801*0
ChargePoint Network,,,1988061,1988061,7SPC / SCES DOLLYWOOD,25499841,3,3352341051,2024-09-05T14:12:12Z,2024-09-05T19:50:55Z,,32.688412,7.1591,membership,Payment by membership account and/or membership card,USCPIE1988061*2
ChargePoint Network,,,14047321,14047321,JEFFERSON AVE. / OXFORD STA2(R),,,3395962081,2024-09-23T22:57:17Z,2024-09-23T22:57:21Z,,0.000000,,membership,Payment by membership account and/or membership card,USCPIE14047321*0
ChargePoint Network,,,7505851,7505851,JEFFERSON AVE. / OXFORD STA1(L),12955471,100011,3407104681,2024-09-28T04:30:40Z,2024-09-28T04:32:14Z,,0.374700,0.0,membership,Payment by membership account and/or membership card,USCPIE7505851*1
ChargePoint Network,,,15885251,15885251,TWICKENHAM SQ / HU - STATION 1,25520941,247,3365361371,2024-09-11T00:24:36Z,2024-09-11T00:53:40Z,,53.390499,115.216,membership,Payment by membership account and/or membership card,USCPIE15885251*1
ChargePoint Network,,,14047321,14047321,JEFFERSON AVE. / OXFORD STA2(R),23514081,247,3348201421,2024-09-03T22:00:21Z,2024-09-03T22:10:52Z,,11.019900,0.0,membership,Payment by membership account and/or membership card,USCPIE14047321*1
ChargePoint Network,,,14097801,14097801,SCOTTSBORO EPB / SEPB DCFC (L),23570921,247,3356406331,2024-09-06T23:29:34Z,2024-09-06T23:40:07Z,,15.702000,0.0,membership,Payment by membership account and/or membership card,USCPIE14097801*1
ChargePoint Network,,,14047321,14047321,JEFFERSON AVE. / OXFORD STA2(R),23514081,247,3399404641,2024-09-25T06:31:12Z,2024-09-25T06:42:19Z,,12.940600,0.0,membership,Payment by membership account and/or membership card,USCPIE14047321*1
ChargePoint Network,,,13803581,13803581,FPU / STATION 1 (L),23227201,247,3349745321,2024-09-04T14:48:58Z,2024-09-04T15:59:44Z,,31.601299,76.83,membership,Payment by membership account and/or membership card,USCPIE13803581*1
ChargePoint Network,,,15640031,15640031,NECDC / STATION 1 (L),25228511,247,3408780211,2024-09-29T02:10:59Z,2024-09-29T02:52:22Z,,53.086800,80.179,membership,Payment by membership account and/or membership card,USCPIE15640031*1
ChargePoint Network,,,16249951,16249951,STARKVILLE UTIL / STATION 2 (R),25959201,247,3397773941,2024-09-24T17:18:28Z,2024-09-24T18:20:40Z,,36.755100,77.415,membership,Payment by membership account and/or membership card,USCPIE16249951*1
ChargePoint Network,,,15332321,15332321,TUA NW ATLANTIC / STATION 1 (L),24867861,247,3396060881,2024-09-23T23:37:14Z,2024-09-24T00:23:05Z,,37.065601,53.582,membership,Payment by membership account and/or membership card,USCPIE15332321*1
ChargePoint Network,,,8851921,8851921,7SPC / SEVIERVILLE DC1,15571271,207,3344443141,2024-09-02T00:58:18Z,2024-09-02T01:03:57Z,,0.000000,0.0,membership,Payment by membership account and/or membership card,USCPIE8851921*1
ChargePoint Network,,,13659871,13659871,LAWRENCEBURG / STATION 2 (R),23054921,247,3405098501,2024-09-27T13:31:35Z,2024-09-27T13:39:51Z,,14.196600,0.0,membership,Payment by membership account and/or membership card,USCPIE13659871*1
ChargePoint Network,,,13606061,13606061,I24 EXIT11 / STATION 4 (RR),22992511,100011,3368538841,2024-09-12T05:07:55Z,2024-09-12T06:16:47Z,,27.107599,39.872,credit_card_terminal,Payment via credit card or debit card terminal,USCPIE13606061*1
ChargePoint Network,,,15694171,15694171,BRIGHTRIDGE EV / STATION 1 (L),25292041,247,3377614061,2024-09-16T11:58:09Z,2024-09-16T12:14:28Z,,28.748699,108.476,membership,Payment by membership account and/or membership card,USCPIE15694171*1
ChargePoint Network,,,15885771,15885771,TWICKENHAM SQ / HU - STATION 4,25521581,247,3344959911,2024-09-02T11:46:35Z,2024-09-02T12:14:43Z,,11.817500,46.847,membership,Payment by membership account and/or membership card,USCPIE15885771*1
ChargePoint Network,,,1964521,1964521,EBOFG / GUNTERSVILLE PD,8374211,3,3359709321,2024-09-08T19:43:37Z,2024-09-08T19:53:16Z,,0.814191,7.0172,membership,Payment by membership account and/or membership card,USCPIE1964521*2
ChargePoint Network,,,15623211,15623211,CLW / 5TH ST 2 (R),25208281,247,3387252741,2024-09-19T23:39:25Z,2024-09-20T00:18:12Z,,65.511902,121.143,credit_card_terminal,Payment via credit card or debit card terminal,USCPIE15623211*1
ChargePoint Network,,,1932851,1932851,BRIGHTRIDGE EV / BR-JC LIBRARY,23319821,3,3390157551,2024-09-21T02:03:15Z,2024-09-21T08:02:20Z,,44.250515,7.5071,membership,Payment by membership account and/or membership card,USCPIE1932851*2
ChargePoint Network,,,5354011,5354011,7SPC / GREENEVILLE TA,,,3359170881,2024-09-08T13:33:58Z,2024-09-08T13:35:59Z,,0.000000,,membership,Payment by membership account and/or membership card,USCPIE5354011*0
ChargePoint Network,,,15694171,15694171,BRIGHTRIDGE EV / STATION 1 (L),25292041,247,3372912141,2024-09-13T22:20:00Z,2024-09-13T22:31:22Z,,12.407100,69.029,membership,Payment by membership account and/or membership card,USCPIE15694171*1
ChargePoint Network,,,13423691,13423691,AEC / STATION #1 (L),22787121,247,3372811741,2024-09-13T21:36:49Z,2024-09-13T21:38:12Z,,0.000000,0.0,membership,Payment by membership account and/or membership card,USCPIE13423691*1
ChargePoint Network,,,14047321,14047321,JEFFERSON AVE. / OXFORD STA2(R),23514081,247,3389129901,2024-09-20T18:33:08Z,2024-09-20T19:32:54Z,,57.122799,77.027,credit_card_terminal,Payment via credit card or debit card terminal,USCPIE14047321*1
ChargePoint Network,,,15729991,15729991,AEC / AEC03,25334181,3,3391932141,2024-09-22T00:30:12Z,2024-09-22T01:28:28Z,,6.328416,6.5974,membership,Payment by membership account and/or membership card,USCPIE15729991*2
ChargePoint Network,,,12720861,12720861,WRECC / STATION 2,21977121,247,3347051401,2024-09-03T14:35:25Z,2024-09-03T14:48:44Z,,14.790100,71.355,membership,Payment by membership account and/or membership card,USCPIE12720861*1
ChargePoint Network,,,1932851,1932851,BRIGHTRIDGE EV / BR-JC LIBRARY,23319811,3,3376786121,2024-09-15T23:08:10Z,2024-09-15T23:10:09Z,,0.000000,,credit_card_terminal,Payment via credit card or debit card terminal,USCPIE1932851*1
ChargePoint Network,,,5122191,5122191,CULLMANELECTRIC / STATION1-L,8482151,247,3403862431,2024-09-26T22:38:17Z,2024-09-26T22:56:10Z,,12.828400,44.763,membership,Payment by membership account and/or membership card,USCPIE5122191*1
ChargePoint Network,,,13966051,13966051,BEA / STATION 3 (RM),23419981,247,3368182801,2024-09-12T01:48:01Z,2024-09-12T02:35:33Z,,34.703701,73.695,membership,Payment by membership account and/or membership card,USCPIE13966051*1
ChargePoint Network,,,5346231,5346231,CULLMANELECTRIC / STATION2-R,8926271,247,3374450541,2024-09-14T18:04:07Z,2024-09-14T18:38:33Z,,19.814501,52.471,membership,Payment by membership account and/or membership card,USCPIE5346231*1
ChargePoint Network,,,13606061,13606061,I24 EXIT11 / STATION 4 (RR),22992511,247,3348588381,2024-09-04T00:28:47Z,2024-09-04T00:29:02Z,,0.000000,0.0,credit_card_terminal,Payment via credit card or debit card terminal,USCPIE13606061*1
ChargePoint Network,,,15548151,15548151,DECATURDOWNTWN / STATION 1 (R),25119511,247,3403335861,2024-09-26T19:05:12Z,2024-09-26T19:22:12Z,,18.909000,68.706,membership,Payment by membership account and/or membership card,USCPIE15548151*1
ChargePoint Network,,,15640171,15640171,NECDC / STATION 2 (R),25228711,247,3376256911,2024-09-15T18:25:08Z,2024-09-15T19:08:26Z,,67.306900,123.69,membership,Payment by membership account and/or membership card,USCPIE15640171*1
ChargePoint Network,,,16244681,16244681,TOMBIGBEE / STATION 2,25952901,247,3361623751,2024-09-09T16:35:33Z,2024-09-09T17:03:47Z,,31.600300,74.027,membership,Payment by membership account and/or membership card,USCPIE16244681*1
ChargePoint Network,,,16372091,16372091,DOWNTOWN MURPHY / MPB STATION 2,26102611,247,3394070971,2024-09-23T04:23:54Z,2024-09-23T04:55:17Z,,26.082100,59.055,membership,Payment by membership account and/or membership card,USCPIE16372091*1
ChargePoint Network,,,7505851,7505851,JEFFERSON AVE. / OXFORD STA1(L),12955471,247,3370909691,2024-09-13T02:16:20Z,2024-09-13T03:08:47Z,,49.219398,74.466,credit_card_terminal,Payment via credit card or debit card terminal,USCPIE7505851*1
ChargePoint Network,,,15548181,15548181,DECATURDOWNTWN / STATION 2 (L),25119551,100011,3359538101,2024-09-08T18:04:44Z,2024-09-08T18:34:49Z,,16.691601,53.543,membership,Payment by membership account and/or membership card,USCPIE15548181*1
ChargePoint Network,,,1921351,1921351,STARKVILLE UTIL / STARKVILLE DWTN,23682571,3,3365739151,2024-09-11T03:27:55Z,2024-09-11T13:57:34Z,,57.683620,0.0,membership,Payment by membership account and/or membership card,USCPIE1921351*1
ChargePoint Network,,,5346231,5346231,CULLMANELECTRIC / STATION2-R,8926271,247,3391485601,2024-09-21T20:33:35Z,2024-09-21T20:42:58Z,,8.189200,0.0,membership,Payment by membership account and/or membership card,USCPIE5346231*1
ChargePoint Network,,,15694081,15694081,BRIGHTRIDGE EV / STATION 2 (R),25291921,100011,3358609881,2024-09-08T01:40:11Z,2024-09-08T01:42:52Z,,1.624000,0.0,membership,Payment by membership account and/or membership card,USCPIE15694081*1
ChargePoint Network,,,13606061,13606061,I24 EXIT11 / STATION 4 (RR),22992511,247,3364504141,2024-09-10T18:47:29Z,2024-09-10T19:04:58Z,,13.633800,53.067,membership,Payment by membership account and/or membership card,USCPIE13606061*1
ChargePoint Network,,,14047321,14047321,JEFFERSON AVE. / OXFORD STA2(R),23514081,247,3343298261,2024-09-01T07:37:24Z,2024-09-01T07:55:42Z,,21.669300,73.061,membership,Payment by membership account and/or membership card,USCPIE14047321*1
ChargePoint Network,,,5122191,5122191,CULLMANELECTRIC / STATION1-L,8482151,247,3376822321,2024-09-15T23:28:30Z,2024-09-15T23:49:15Z,,22.815201,69.695,membership,Payment by membership account and/or membership card,USCPIE5122191*1
ChargePoint Network,,,15885791,15885791,TWICKENHAM SQ / HU - STATION 3,25521611,247,3352682551,2024-09-05T16:02:06Z,2024-09-05T16:17:33Z,,17.017900,76.625,membership,Payment by membership account and/or membership card,USCPIE15885791*1
ChargePoint Network,,,14337501,14337501,HOLSTONELECTRIC / CHURCH HILL-2,23845091,247,3398857891,2024-09-25T00:44:33Z,2024-09-25T01:32:24Z,,48.632401,75.575,membership,Payment by membership account and/or membership card,USCPIE14337501*1
ChargePoint Network,,,14047321,14047321,JEFFERSON AVE. / OXFORD STA2(R),23514081,247,3401122031,2024-09-25T22:07:29Z,2024-09-25T22:38:04Z,,27.919001,56.209,membership,Payment by membership account and/or membership card,USCPIE14047321*1
ChargePoint Network,,,8851921,8851921,7SPC / SEVIERVILLE DC1,15571271,207,3399000281,2024-09-25T01:44:05Z,2024-09-25T02:22:50Z,,23.301500,52.625,membership,Payment by membership account and/or membership card,USCPIE8851921*1
ChargePoint Network,,,14047321,14047321,JEFFERSON AVE. / OXFORD STA2(R),23514081,247,3348285881,2024-09-03T22:32:10Z,2024-09-03T23:15:42Z,,50.111401,77.223,credit_card_terminal,Payment via credit card or debit card terminal,USCPIE14047321*1
ChargePoint Network,,,13966051,13966051,BEA / STATION 3 (RM),23419981,247,3398362381,2024-09-24T21:28:18Z,2024-09-24T22:22:17Z,,55.066002,74.676,membership,Payment by membership account and/or membership card,USCPIE13966051*1
ChargePoint Network,,,15885771,15885771,TWICKENHAM SQ / HU - STATION 4,25521581,247,3387227411,2024-09-19T23:28:44Z,2024-09-20T00:26:34Z,,77.589996,85.891,credit_card_terminal,Payment via credit card or debit card terminal,USCPIE15885771*1
ChargePoint Network,,,12406401,12406401,FPIA / RIGHT STATION,21527671,247,3381814431,2024-09-17T23:11:51Z,2024-09-17T23:42:37Z,,29.974199,60.45,credit_card_terminal,Payment via credit card or debit card terminal,USCPIE12406401*1
ChargePoint Network,,,14047321,14047321,JEFFERSON AVE. / OXFORD STA2(R),,,3375599321,2024-09-15T05:01:26Z,2024-09-15T05:03:28Z,,0.000000,0.0,membership,Payment by membership account and/or membership card,USCPIE14047321*0
ChargePoint Network,,,13606091,13606091,I24 EXIT11 / STATION 3 (RM),22992551,247,3359338601,2024-09-08T16:00:42Z,2024-09-08T16:41:50Z,,32.262299,55.748,membership,Payment by membership account and/or membership card,USCPIE13606091*1
ChargePoint Network,,,13803581,13803581,FPU / STATION 1 (L),23227201,247,3363656681,2024-09-10T13:15:26Z,2024-09-10T14:23:29Z,,34.872898,76.83,membership,Payment by membership account and/or membership card,USCPIE13803581*1
ChargePoint Network,,,1785631,1785631,HOLSTONELECTRIC / STATION 1,22462981,3,3355186891,2024-09-06T15:09:55Z,2024-09-06T19:22:12Z,,29.778591,7.4858,membership,Payment by membership account and/or membership card,USCPIE1785631*1
ChargePoint Network,,,14355271,14355271,HARTSELLE 1 / STATION 1 (L),23865711,247,3370329221,2024-09-12T22:16:26Z,2024-09-12T22:30:19Z,,12.206200,0.0,membership,Payment by membership account and/or membership card,USCPIE14355271*1
ChargePoint Network,,,13292801,13292801,LODGE CAST IRON / STORE & MUSEUM,22637561,3,3374760871,2024-09-14T20:53:20Z,2024-09-14T21:50:26Z,,6.509893,6.9258,membership,Payment by membership account and/or membership card,USCPIE13292801*2
ChargePoint Network,,,13880891,13880891,MU / MUC MAIN OFFICE,23319021,3,3372103801,2024-09-13T16:33:11Z,2024-09-16T11:56:51Z,,32.891262,0.0,membership,Payment by membership account and/or membership card,USCPIE13880891*2
ChargePoint Network,,,16244681,16244681,TOMBIGBEE / STATION 2,25952901,247,3395654051,2024-09-23T20:53:03Z,2024-09-23T21:33:41Z,,49.439701,77.805,credit_card_terminal,Payment via credit card or debit card terminal,USCPIE16244681*1
ChargePoint Network,,,15885771,15885771,TWICKENHAM SQ / HU - STATION 4,25521581,247,3390096321,2024-09-21T01:34:36Z,2024-09-21T03:10:05Z,,60.824699,73.086,membership,Payment by membership account and/or membership card,USCPIE15885771*1
ChargePoint Network,,,12720881,12720881,WRECC / STATION 1,21977141,247,3344268891,2024-09-01T23:08:03Z,2024-09-01T23:54:04Z,,35.293499,54.167,membership,Payment by membership account and/or membership card,USCPIE12720881*1
ChargePoint Network,,,14047321,14047321,JEFFERSON AVE. / OXFORD STA2(R),23514081,247,3384717431,2024-09-19T00:48:50Z,2024-09-19T01:18:28Z,,28.951401,73.655,membership,Payment by membership account and/or membership card,USCPIE14047321*1
ChargePoint Network,,,7505851,7505851,JEFFERSON AVE. / OXFORD STA1(L),,,3351046271,2024-09-04T23:15:10Z,2024-09-04T23:17:13Z,,0.000000,,membership,Payment by membership account and/or membership card,USCPIE7505851*0
ChargePoint Network,,,5380331,5380331,CULLMAN PB / STATION 1,8970951,3,3369729111,2024-09-12T18:09:07Z,2024-09-12T18:11:40Z,,0.000000,0.0,membership,Payment by membership account and/or membership card,USCPIE5380331*1
ChargePoint Network,,,14097711,14097711,SCOTTSBORO EPB / SEPB DCFC (R),23570811,247,3394654621,2024-09-23T14:12:47Z,2024-09-23T14:34:13Z,,22.075800,73.904,membership,Payment by membership account and/or membership card,USCPIE14097711*1
ChargePoint Network,,,12720861,12720861,WRECC / STATION 2,21977121,247,3391601981,2024-09-21T21:35:25Z,2024-09-21T21:37:23Z,,0.000000,0.0,other,Any other payment method not specified above. Additional description should be provided in Payment Method Description.,USCPIE12720861*1
ChargePoint Network,,,5122191,5122191,CULLMANELECTRIC / STATION1-L,8482151,247,3409061921,2024-09-29T05:27:12Z,2024-09-29T05:43:50Z,,11.929600,44.391,membership,Payment by membership account and/or membership card,USCPIE5122191*1
ChargePoint Network,,,5565241,5565241,7SPC / SCES LECONTE 4,9205101,3,3358343771,2024-09-07T23:07:36Z,2024-09-07T23:07:45Z,,0.000000,,membership,Payment by membership account and/or membership card,USCPIE5565241*1
ChargePoint Network,,,9677521,9677521,UT PARKING / S7 STATION 1,17169341,3,3396935361,2024-09-24T11:53:51Z,2024-09-24T12:53:04Z,,7.043187,7.264,credit_card_terminal,Payment via credit card or debit card terminal,USCPIE9677521*2
ChargePoint Network,,,5122191,5122191,CULLMANELECTRIC / STATION1-L,8482151,247,3388643701,2024-09-20T15:21:43Z,2024-09-20T15:55:06Z,,49.476200,93.177,membership,Payment by membership account and/or membership card,USCPIE5122191*1
ChargePoint Network,,,12720861,12720861,WRECC / STATION 2,21977121,247,3384662791,2024-09-19T00:25:04Z,2024-09-19T00:58:10Z,,34.130901,63.557,phone_online,"Payment through mobile app, website, automated phone number or messaging system",USCPIE12720861*1
ChargePoint Network,,,16311861,16311861,KIMBALL EV CHG / STATION 2 (R),26032351,247,3395336211,2024-09-23T18:37:13Z,2024-09-23T19:19:25Z,,30.955299,73.853,membership,Payment by membership account and/or membership card,USCPIE16311861*1
ChargePoint Network,,,15694081,15694081,BRIGHTRIDGE EV / STATION 2 (R),,,3394441921,2024-09-23T12:33:07Z,2024-09-23T12:33:41Z,,0.000000,,membership,Payment by membership account and/or membership card,USCPIE15694081*0
ChargePoint Network,,,15623211,15623211,CLW / 5TH ST 2 (R),25208281,247,3356180201,2024-09-06T21:52:28Z,2024-09-06T22:24:00Z,,27.401100,63.18,membership,Payment by membership account and/or membership card,USCPIE15623211*1
ChargePoint Network,,,13643831,13643831,PEPA / STATION 1,23036511,247,3390621631,2024-09-21T08:18:41Z,2024-09-21T08:59:34Z,,46.033901,74.25,membership,Payment by membership account and/or membership card,USCPIE13643831*1
ChargePoint Network,,,5498461,5498461,7SPC / CFEC SPENCER,9119451,3,3363327671,2024-09-10T07:05:30Z,2024-09-10T17:33:15Z,,42.676868,7.034,membership,Payment by membership account and/or membership card,USCPIE5498461*2
ChargePoint Network,,,5565191,5565191,7SPC / DOLLYWOOD EMPL,9205031,3,3395055591,2024-09-23T16:28:17Z,2024-09-23T23:29:18Z,,45.126484,6.8501,membership,Payment by membership account and/or membership card,USCPIE5565191*1
ChargePoint Network,,,9677521,9677521,UT PARKING / S7 STATION 1,17169341,3,3402482471,2024-09-26T13:33:20Z,2024-09-26T13:35:02Z,,0.158866,6.9977,membership,Payment by membership account and/or membership card,USCPIE9677521*2
ChargePoint Network,,,13664471,13664471,BTES / STATION 3 (RM),,,3394228471,2024-09-23T09:22:34Z,2024-09-23T09:24:14Z,,0.000000,,membership,Payment by membership account and/or membership card,USCPIE13664471*0
ChargePoint Network,,,16022131,16022131,ACEPA / ACE STATION 1,25683791,247,3346555831,2024-09-03T07:56:36Z,2024-09-03T09:36:41Z,,31.356600,54.316,membership,Payment by membership account and/or membership card,USCPIE16022131*1
ChargePoint Network,,,5346231,5346231,CULLMANELECTRIC / STATION2-R,8926271,247,3362067301,2024-09-09T19:52:44Z,2024-09-09T20:20:03Z,,30.206400,75.239,membership,Payment by membership account and/or membership card,USCPIE5346231*1
ChargePoint Network,,,15548151,15548151,DECATURDOWNTWN / STATION 1 (R),25119511,247,3384067621,2024-09-18T20:25:46Z,2024-09-18T21:00:53Z,,22.311800,75.143,membership,Payment by membership account and/or membership card,USCPIE15548151*1
ChargePoint Network,,,14047321,14047321,JEFFERSON AVE. / OXFORD STA2(R),23514081,247,3390943971,2024-09-21T15:27:59Z,2024-09-21T16:10:16Z,,37.061298,72.496,membership,Payment by membership account and/or membership card,USCPIE14047321*1
ChargePoint Network,,,5122191,5122191,CULLMANELECTRIC / STATION1-L,8482151,247,3389293191,2024-09-20T19:42:53Z,2024-09-20T20:06:09Z,,26.213400,75.041,membership,Payment by membership account and/or membership card,USCPIE5122191*1
ChargePoint Network,,,14047321,14047321,JEFFERSON AVE. / OXFORD STA2(R),23514081,247,3379730821,2024-09-17T03:01:18Z,2024-09-17T03:02:49Z,,0.000000,0.0,membership,Payment by membership account and/or membership card,USCPIE14047321*1
ChargePoint Network,,,5122191,5122191,CULLMANELECTRIC / STATION1-L,8482151,247,3407900261,2024-09-28T18:12:28Z,2024-09-28T18:13:47Z,,0.000000,0.0,membership,Payment by membership account and/or membership card,USCPIE5122191*1
ChargePoint Network,,,15729991,15729991,AEC / AEC03,25334171,3,3407606811,2024-09-28T15:22:28Z,2024-09-28T15:59:21Z,,4.387122,7.2321,membership,Payment by membership account and/or membership card,USCPIE15729991*1
ChargePoint Network,,,5346231,5346231,CULLMANELECTRIC / STATION2-R,8926271,247,3353113881,2024-09-05T19:05:41Z,2024-09-05T19:12:47Z,,8.133900,0.0,membership,Payment by membership account and/or membership card,USCPIE5346231*1
ChargePoint Network,,,8851921,8851921,7SPC / SEVIERVILLE DC1,15571271,207,3394613161,2024-09-23T13:54:19Z,2024-09-23T14:58:22Z,,53.005100,57.456,membership,Payment by membership account and/or membership card,USCPIE8851921*1
ChargePoint Network,,,13664471,13664471,BTES / STATION 3 (RM),23060511,247,3357763521,2024-09-07T17:51:25Z,2024-09-07T18:34:51Z,,46.166401,75.438,credit_card_terminal,Payment via credit card or debit card terminal,USCPIE13664471*1
ChargePoint Network,,,1844191,1844191,CLW / MAIN ST,23050431,3,3409265801,2024-09-29T13:01:37Z,2024-09-29T13:03:36Z,,0.000000,0.0,credit_card_terminal,Payment via credit card or debit card terminal,USCPIE1844191*1
ChargePoint Network,,,13606061,13606061,I24 EXIT11 / STATION 4 (RR),22992511,247,3386818851,2024-09-19T20:50:16Z,2024-09-19T21:17:32Z,,31.606199,75.253,membership,Payment by membership account and/or membership card,USCPIE13606061*1
ChargePoint Network,,,16022101,16022101,ACEPA / ACE STATION 2,25683761,247,3376049401,2024-09-15T16:18:29Z,2024-09-15T16:52:15Z,,24.294001,53.341,membership,Payment by membership account and/or membership card,USCPIE16022101*1
ChargePoint Network,,,5354011,5354011,7SPC / GREENEVILLE TA,,,3359172911,2024-09-08T13:35:59Z,2024-09-08T13:38:00Z,,0.000000,0.0,membership,Payment by membership account and/or membership card,USCPIE5354011*0
ChargePoint Network,,,5354011,5354011,7SPC / GREENEVILLE TA,,,3344683251,2024-09-02T03:45:42Z,2024-09-02T03:47:56Z,,0.000000,,credit_card_terminal,Payment via credit card or debit card terminal,USCPIE5354011*0
ChargePoint Network,,,14337501,14337501,HOLSTONELECTRIC / CHURCH HILL-2,23845091,100011,3392916811,2024-09-22T17:24:36Z,2024-09-22T18:15:59Z,,36.445099,52.36,credit_card_terminal,Payment via credit card or debit card terminal,USCPIE14337501*1
ChargePoint Network,,,14047321,14047321,JEFFERSON AVE. / OXFORD STA2(R),23514081,247,3355827041,2024-09-06T19:28:11Z,2024-09-06T20:00:17Z,,31.498301,73.26,membership,Payment by membership account and/or membership card,USCPIE14047321*1
ChargePoint Network,,,5565251,5565251,7SPC / SCES LECONTE 3,9205121,3,3395664991,2024-09-23T20:56:32Z,2024-09-23T21:14:07Z,,1.870194,7.0292,membership,Payment by membership account and/or membership card,USCPIE5565251*1
ChargePoint Network,,,15885771,15885771,TWICKENHAM SQ / HU - STATION 4,25521581,247,3370227061,2024-09-12T21:37:06Z,2024-09-12T22:00:12Z,,38.555099,122.094,credit_card_terminal,Payment via credit card or debit card terminal,USCPIE15885771*1
ChargePoint Network,,,15885771,15885771,TWICKENHAM SQ / HU - STATION 4,25521581,247,3344020471,2024-09-01T20:41:11Z,2024-09-01T22:56:05Z,,73.913300,40.68,membership,Payment by membership account and/or membership card,USCPIE15885771*1
ChargePoint Network,,,8851921,8851921,7SPC / SEVIERVILLE DC1,15571271,207,3372329501,2024-09-13T18:13:50Z,2024-09-13T19:14:27Z,,42.354301,60.06,membership,Payment by membership account and/or membership card,USCPIE8851921*1
ChargePoint Network,,,13026471,13026471,WCMES / CITYHALL2-R,,,3371881651,2024-09-13T15:16:22Z,2024-09-13T15:18:25Z,,0.000000,,membership,Payment by membership account and/or membership card,USCPIE13026471*0
ChargePoint Network,,,14097801,14097801,SCOTTSBORO EPB / SEPB DCFC (L),,,3393526351,2024-09-22T22:57:12Z,2024-09-22T22:59:14Z,,0.000000,,membership,Payment by membership account and/or membership card,USCPIE14097801*0
ChargePoint Network,,,8851921,8851921,7SPC / SEVIERVILLE DC1,15571271,207,3370429491,2024-09-12T22:56:23Z,2024-09-12T23:45:33Z,,43.024700,61.2,other,Any other payment method not specified above. Additional description should be provided in Payment Method Description.,USCPIE8851921*1
ChargePoint Network,,,7505851,7505851,JEFFERSON AVE. / OXFORD STA1(L),12955471,247,3347501411,2024-09-03T17:04:00Z,2024-09-03T17:54:22Z,,41.404499,54.384,membership,Payment by membership account and/or membership card,USCPIE7505851*1
ChargePoint Network,,,15548181,15548181,DECATURDOWNTWN / STATION 2 (L),25119551,247,3356169571,2024-09-06T21:47:25Z,2024-09-06T21:48:14Z,,0.000000,0.0,membership,Payment by membership account and/or membership card,USCPIE15548181*1
ChargePoint Network,,,13651611,13651611,MLEC / STATION 1 (L) H,23045791,247,3389861391,2024-09-20T23:47:04Z,2024-09-21T00:25:47Z,,31.348499,65.267,membership,Payment by membership account and/or membership card,USCPIE13651611*1
ChargePoint Network,,,12720861,12720861,WRECC / STATION 2,21977121,247,3363207481,2024-09-10T04:50:35Z,2024-09-10T05:14:22Z,,27.149900,88.199,membership,Payment by membership account and/or membership card,USCPIE12720861*1
ChargePoint Network,,,1932851,1932851,BRIGHTRIDGE EV / BR-JC LIBRARY,23319811,3,3369354961,2024-09-12T15:43:20Z,2024-09-12T16:01:21Z,,2.140560,7.3938,membership,Payment by membership account and/or membership card,USCPIE1932851*1
ChargePoint Network,,,15623211,15623211,CLW / 5TH ST 2 (R),,,3390131971,2024-09-21T01:51:59Z,2024-09-21T01:54:00Z,,0.000000,,membership,Payment by membership account and/or membership card,USCPIE15623211*0
ChargePoint Network,,,5424051,5424051,EEDEV / ELIZ DOWNTOWN,9027001,3,3369029681,2024-09-12T13:50:27Z,2024-09-12T15:18:39Z,,3.879500,3.5449,membership,Payment by membership account and/or membership card,USCPIE5424051*2
ChargePoint Network,,,8851921,8851921,7SPC / SEVIERVILLE DC1,15571271,207,3375935211,2024-09-15T14:57:28Z,2024-09-15T16:52:17Z,,54.866699,57.287,membership,Payment by membership account and/or membership card,USCPIE8851921*1
ChargePoint Network,,,15885251,15885251,TWICKENHAM SQ / HU - STATION 1,,,3343807631,2024-09-01T18:26:01Z,2024-09-01T18:27:38Z,,0.000000,,credit_card_terminal,Payment via credit card or debit card terminal,USCPIE15885251*0
ChargePoint Network,,,16311861,16311861,KIMBALL EV CHG / STATION 2 (R),26032351,247,3408130961,2024-09-28T20:15:43Z,2024-09-28T20:20:46Z,,4.924500,0.0,membership,Payment by membership account and/or membership card,USCPIE16311861*1
ChargePoint Network,,,13664501,13664501,BTES / STATION 4 (RR),23060561,247,3406331301,2024-09-27T22:11:57Z,2024-09-27T23:25:05Z,,81.937698,98.269,credit_card_terminal,Payment via credit card or debit card terminal,USCPIE13664501*1
ChargePoint Network,,,13606061,13606061,I24 EXIT11 / STATION 4 (RR),22992511,247,3377877971,2024-09-16T14:07:47Z,2024-09-16T14:37:46Z,,34.963600,72.269,membership,Payment by membership account and/or membership card,USCPIE13606061*1
ChargePoint Network,,,16311861,16311861,KIMBALL EV CHG / STATION 2 (R),26032351,247,3383885151,2024-09-18T19:11:49Z,2024-09-18T19:17:17Z,,0.000000,0.0,credit_card_terminal,Payment via credit card or debit card terminal,USCPIE16311861*1
ChargePoint Network,,,13643801,13643801,PEPA / STATION 2,23036481,247,3401213081,2024-09-25T22:43:01Z,2024-09-25T22:59:30Z,,18.598400,72.517,membership,Payment by membership account and/or membership card,USCPIE13643801*1
ChargePoint Network,,,682921,682921,7SPC / TVPPA OFFICE,9117251,3,3389819861,2024-09-20T23:27:44Z,2024-09-21T00:13:38Z,,4.715079,6.2296,membership,Payment by membership account and/or membership card,USCPIE682921*1
ChargePoint Network,,,15623211,15623211,CLW / 5TH ST 2 (R),25208281,247,3356370931,2024-09-06T23:13:17Z,2024-09-06T23:15:28Z,,0.000000,0.0,credit_card_terminal,Payment via credit card or debit card terminal,USCPIE15623211*1
ChargePoint Network,,,1988061,1988061,7SPC / SCES DOLLYWOOD,25499841,3,3372194081,2024-09-13T17:10:16Z,2024-09-13T20:00:32Z,,15.454574,7.1151,membership,Payment by membership account and/or membership card,USCPIE1988061*2
ChargePoint Network,,,13803581,13803581,FPU / STATION 1 (L),23227201,247,3358140081,2024-09-07T21:17:12Z,2024-09-07T21:18:35Z,,0.000000,0.0,membership,Payment by membership account and/or membership card,USCPIE13803581*1
ChargePoint Network,,,15836871,15836871,TOMBIGBEE / STATION 3,25462501,247,3403436751,2024-09-26T19:45:59Z,2024-09-26T20:39:14Z,,49.436298,72.716,credit_card_terminal,Payment via credit card or debit card terminal,USCPIE15836871*1
ChargePoint Network,,,16311861,16311861,KIMBALL EV CHG / STATION 2 (R),26032351,247,3359382341,2024-09-08T16:29:29Z,2024-09-08T16:50:44Z,,15.608000,53.341,membership,Payment by membership account and/or membership card,USCPIE16311861*1
ChargePoint Network,,,5346231,5346231,CULLMANELECTRIC / STATION2-R,8926271,247,3374289871,2024-09-14T16:34:14Z,2024-09-14T16:56:48Z,,18.142000,53.131,credit_card_terminal,Payment via credit card or debit card terminal,USCPIE5346231*1
ChargePoint Network,,,12406491,12406491,FPIA / LEFT STATION,21527781,247,3398589491,2024-09-24T22:55:56Z,2024-09-24T23:05:00Z,,4.654100,37.408,membership,Payment by membership account and/or membership card,USCPIE12406491*1
ChargePoint Network,,,16249951,16249951,STARKVILLE UTIL / STATION 2 (R),25959201,247,3374319001,2024-09-14T16:51:16Z,2024-09-14T18:40:36Z,,107.852898,98.192,credit_card_terminal,Payment via credit card or debit card terminal,USCPIE16249951*1
ChargePoint Network,,,15548151,15548151,DECATURDOWNTWN / STATION 1 (R),,,3344231381,2024-09-01T21:37:40Z,2024-09-01T21:39:48Z,,0.000000,,credit_card_terminal,Payment via credit card or debit card terminal,USCPIE15548151*0
ChargePoint Network,,,15885791,15885791,TWICKENHAM SQ / HU - STATION 3,25521611,247,3405490181,2024-09-27T16:05:51Z,2024-09-27T16:37:55Z,,37.415401,75.023,credit_card_terminal,Payment via credit card or debit card terminal,USCPIE15885791*1
ChargePoint Network,,,15280471,15280471,SPRFLD ELECTRIC / STATION 1 (L),24807681,247,3355260431,2024-09-06T15:33:18Z,2024-09-06T18:05:46Z,,58.089401,122.737,membership,Payment by membership account and/or membership card,USCPIE15280471*1
ChargePoint Network,,,7505851,7505851,JEFFERSON AVE. / OXFORD STA1(L),12955471,247,3405935451,2024-09-27T19:24:29Z,2024-09-27T19:25:07Z,,0.000000,0.0,membership,Payment by membership account and/or membership card,USCPIE7505851*1
ChargePoint Network,,,12676071,12676071,NEMEPA / NEMEPA EMPLOYEE,21923351,3,3347423671,2024-09-03T16:31:29Z,2024-09-03T19:17:33Z,,15.109660,0.0,membership,Payment by membership account and/or membership card,USCPIE12676071*1
ChargePoint Network,,,14047321,14047321,JEFFERSON AVE. / OXFORD STA2(R),23514081,247,3392823781,2024-09-22T16:27:56Z,2024-09-22T17:36:11Z,,40.695599,91.885,membership,Payment by membership account and/or membership card,USCPIE14047321*1
ChargePoint Network,,,14047321,14047321,JEFFERSON AVE. / OXFORD STA2(R),23514081,247,3407303101,2024-09-28T08:41:14Z,2024-09-28T09:22:54Z,,42.490002,73.829,membership,Payment by membership account and/or membership card,USCPIE14047321*1
ChargePoint Network,,,14337221,14337221,HOLSTONELECTRIC / CHURCH HILL-1,23844801,100011,3360893401,2024-09-09T11:40:24Z,2024-09-09T12:05:09Z,,19.728201,51.939,credit_card_terminal,Payment via credit card or debit card terminal,USCPIE14337221*1
ChargePoint Network,,,7505851,7505851,JEFFERSON AVE. / OXFORD STA1(L),12955471,100011,3358932751,2024-09-08T05:17:33Z,2024-09-08T06:07:41Z,,20.814400,25.841,membership,Payment by membership account and/or membership card,USCPIE7505851*1
ChargePoint Network,,,15885771,15885771,TWICKENHAM SQ / HU - STATION 4,25521581,247,3374588701,2024-09-14T19:19:33Z,2024-09-14T20:12:20Z,,40.145500,54.316,credit_card_terminal,Payment via credit card or debit card terminal,USCPIE15885771*1
ChargePoint Network,,,15694171,15694171,BRIGHTRIDGE EV / STATION 1 (L),25292041,247,3389196891,2024-09-20T19:03:05Z,2024-09-20T19:03:55Z,,0.000000,0.0,membership,Payment by membership account and/or membership card,USCPIE15694171*1
ChargePoint Network,,,13651611,13651611,MLEC / STATION 1 (L) H,23045791,247,3361416391,2024-09-09T15:28:55Z,2024-09-09T15:49:30Z,,19.410700,73.458,membership,Payment by membership account and/or membership card,USCPIE13651611*1
ChargePoint Network,,,15836871,15836871,TOMBIGBEE / STATION 3,25462501,247,3366411891,2024-09-11T14:06:49Z,2024-09-11T14:23:22Z,,18.353001,72.716,membership,Payment by membership account and/or membership card,USCPIE15836871*1
ChargePoint Network,,,8851921,8851921,7SPC / SEVIERVILLE DC1,15571271,207,3365532401,2024-09-11T01:39:06Z,2024-09-11T02:34:20Z,,40.206501,54.087,membership,Payment by membership account and/or membership card,USCPIE8851921*1
ChargePoint Network,,,5498461,5498461,7SPC / CFEC SPENCER,9119451,3,3389950941,2024-09-21T00:27:45Z,2024-09-21T01:21:47Z,,5.856308,6.5616,membership,Payment by membership account and/or membership card,USCPIE5498461*2
ChargePoint Network,,,1932851,1932851,BRIGHTRIDGE EV / BR-JC LIBRARY,23319821,3,3357987531,2024-09-07T19:55:10Z,2024-09-07T21:08:44Z,,8.942686,7.54,credit_card_terminal,Payment via credit card or debit card terminal,USCPIE1932851*2
ChargePoint Network,,,5565241,5565241,7SPC / SCES LECONTE 4,9205111,3,3369860141,2024-09-12T19:08:01Z,2024-09-12T20:41:44Z,,4.409571,3.7453,credit_card_terminal,Payment via credit card or debit card terminal,USCPIE5565241*2
ChargePoint Network,,,1988141,1988141,7SPC / SCES DREAM MORE,2355571,3,3376467841,2024-09-15T20:26:50Z,2024-09-15T21:33:40Z,,7.424973,6.8521,membership,Payment by membership account and/or membership card,USCPIE1988141*2
ChargePoint Network,,,13423691,13423691,AEC / STATION #1 (L),22787121,247,3376002841,2024-09-15T15:47:58Z,2024-09-15T16:11:17Z,,18.370001,77.385,membership,Payment by membership account and/or membership card,USCPIE13423691*1
ChargePoint Network,,,5122191,5122191,CULLMANELECTRIC / STATION1-L,8482151,247,3370432221,2024-09-12T22:57:32Z,2024-09-12T23:24:53Z,,31.183399,70.884,membership,Payment by membership account and/or membership card,USCPIE5122191*1
ChargePoint Network,,,14097711,14097711,SCOTTSBORO EPB / SEPB DCFC (R),23570811,247,3377671111,2024-09-16T12:29:01Z,2024-09-16T13:01:22Z,,42.289398,84.279,credit_card_terminal,Payment via credit card or debit card terminal,USCPIE14097711*1
ChargePoint Network,,,15885251,15885251,TWICKENHAM SQ / HU - STATION 1,25520941,247,3357364081,2024-09-07T13:33:56Z,2024-09-07T14:41:32Z,,61.029099,90.422,credit_card_terminal,Payment via credit card or debit card terminal,USCPIE15885251*1
ChargePoint Network,,,1921351,1921351,STARKVILLE UTIL / STARKVILLE DWTN,23682571,3,3350587051,2024-09-04T20:13:15Z,2024-09-04T20:15:14Z,,0.000000,,credit_card_terminal,Payment via credit card or debit card terminal,USCPIE1921351*1
ChargePoint Network,,,5397731,5397731,EEDEV / MILLIGAN UNIV,9010251,3,3395646451,2024-09-23T20:49:59Z,2024-09-23T22:44:10Z,,14.189787,7.5436,membership,Payment by membership account and/or membership card,USCPIE5397731*1
ChargePoint Network,,,15280471,15280471,SPRFLD ELECTRIC / STATION 1 (L),24807681,100011,3374339411,2024-09-14T17:02:49Z,2024-09-14T17:44:11Z,,25.067301,40.473,membership,Payment by membership account and/or membership card,USCPIE15280471*1
ChargePoint Network,,,1964521,1964521,EBOFG / GUNTERSVILLE PD,8374211,3,3397716251,2024-09-24T16:54:08Z,2024-09-24T21:51:54Z,,7.493210,3.69,membership,Payment by membership account and/or membership card,USCPIE1964521*2
ChargePoint Network,,,1921351,1921351,STARKVILLE UTIL / STARKVILLE DWTN,23682581,3,3374164971,2024-09-14T15:18:22Z,2024-09-14T16:47:00Z,,10.946725,7.5222,credit_card_terminal,Payment via credit card or debit card terminal,USCPIE1921351*2
ChargePoint Network,,,16244681,16244681,TOMBIGBEE / STATION 2,25952901,247,3399016131,2024-09-25T01:52:46Z,2024-09-25T02:52:23Z,,62.273602,86.876,membership,Payment by membership account and/or membership card,USCPIE16244681*1
ChargePoint Network,,,5346231,5346231,CULLMANELECTRIC / STATION2-R,8926271,247,3374356451,2024-09-14T17:12:18Z,2024-09-14T17:38:40Z,,48.930698,118.426,credit_card_terminal,Payment via credit card or debit card terminal,USCPIE5346231*1
ChargePoint Network,,,5346231,5346231,CULLMANELECTRIC / STATION2-R,8926271,247,3369436211,2024-09-12T16:07:02Z,2024-09-12T16:39:44Z,,27.685200,67.9,membership,Payment by membership account and/or membership card,USCPIE5346231*1
ChargePoint Network,,,12720861,12720861,WRECC / STATION 2,21977121,247,3409565481,2024-09-29T17:07:45Z,2024-09-29T17:38:59Z,,36.789398,74.4,membership,Payment by membership account and/or membership card,USCPIE12720861*1
ChargePoint Network,,,15836871,15836871,TOMBIGBEE / STATION 3,,,3384951471,2024-09-19T02:34:47Z,2024-09-19T02:36:58Z,,0.000000,,credit_card_terminal,Payment via credit card or debit card terminal,USCPIE15836871*0
ChargePoint Network,,,15694171,15694171,BRIGHTRIDGE EV / STATION 1 (L),25292041,247,3395829241,2024-09-23T22:04:21Z,2024-09-23T22:15:34Z,,8.721800,64.0,membership,Payment by membership account and/or membership card,USCPIE15694171*1
ChargePoint Network,,,7505851,7505851,JEFFERSON AVE. / OXFORD STA1(L),12955471,247,3392680301,2024-09-22T14:40:32Z,2024-09-22T14:59:10Z,,17.565201,73.918,membership,Payment by membership account and/or membership card,USCPIE7505851*1
ChargePoint Network,,,15623211,15623211,CLW / 5TH ST 2 (R),25208281,247,3379258701,2024-09-16T23:26:52Z,2024-09-16T23:50:51Z,,37.602600,120.105,membership,Payment by membership account and/or membership card,USCPIE15623211*1
ChargePoint Network,,,15885251,15885251,TWICKENHAM SQ / HU - STATION 1,25520941,100011,3342734251,2024-09-01T00:00:31Z,2024-09-01T00:40:00Z,,25.159201,52.439,membership,Payment by membership account and/or membership card,USCPIE15885251*1
ChargePoint Network,,,5619801,5619801,7SPC / WARREN RECC BG,25687261,3,3403725171,2024-09-26T21:43:46Z,2024-09-26T22:37:38Z,,5.418352,6.1366,membership,Payment by membership account and/or membership card,USCPIE5619801*2
ChargePoint Network,,,15640171,15640171,NECDC / STATION 2 (R),25228711,247,3392810981,2024-09-22T16:19:35Z,2024-09-22T16:35:25Z,,21.327299,84.513,membership,Payment by membership account and/or membership card,USCPIE15640171*1
ChargePoint Network,,,13880891,13880891,MU / MUC MAIN OFFICE,23319011,3,3357826641,2024-09-07T18:26:32Z,2024-09-07T18:34:09Z,,0.833566,7.1215,credit_card_terminal,Payment via credit card or debit card terminal,USCPIE13880891*1
ChargePoint Network,,,15836981,15836981,TOMBIGBEE / STATION 4,25462651,247,3382917541,2024-09-18T12:51:15Z,2024-09-18T13:16:41Z,,28.371599,70.329,membership,Payment by membership account and/or membership card,USCPIE15836981*1
ChargePoint Network,,,16055371,16055371,MES1 / STATION 1 (L),25723421,247,3360100911,2024-09-08T23:11:37Z,2024-09-08T23:27:38Z,,20.076000,86.286,membership,Payment by membership account and/or membership card,USCPIE16055371*1
ChargePoint Network,,,13606061,13606061,I24 EXIT11 / STATION 4 (RR),22992511,247,3408627341,2024-09-29T00:43:47Z,2024-09-29T00:45:05Z,,0.000000,0.0,membership,Payment by membership account and/or membership card,USCPIE13606061*1
ChargePoint Network,,,13966031,13966031,BEA / STATION 4 (RR),23419961,247,3403633701,2024-09-26T21:05:57Z,2024-09-26T21:06:54Z,,0.000000,0.0,membership,Payment by membership account and/or membership card,USCPIE13966031*1
ChargePoint Network,,,16249951,16249951,STARKVILLE UTIL / STATION 2 (R),,,3390865721,2024-09-21T14:33:52Z,2024-09-21T14:35:53Z,,0.000000,,credit_card_terminal,Payment via credit card or debit card terminal,USCPIE16249951*0
ChargePoint Network,,,14047321,14047321,JEFFERSON AVE. / OXFORD STA2(R),23514081,247,3345280911,2024-09-02T16:58:48Z,2024-09-02T18:15:48Z,,43.745399,70.487,credit_card_terminal,Payment via credit card or debit card terminal,USCPIE14047321*1
ChargePoint Network,,,13861891,13861891,BRMEMC / STATION 2,23296321,247,3379343131,2024-09-17T00:01:00Z,2024-09-17T00:19:35Z,,21.029301,72.912,membership,Payment by membership account and/or membership card,USCPIE13861891*1
ChargePoint Network,,,14047321,14047321,JEFFERSON AVE. / OXFORD STA2(R),23514081,247,3359021051,2024-09-08T07:06:58Z,2024-09-08T07:30:39Z,,27.278400,74.4,membership,Payment by membership account and/or membership card,USCPIE14047321*1
ChargePoint Network,,,1988061,1988061,7SPC / SCES DOLLYWOOD,25499841,3,3374047821,2024-09-14T13:52:08Z,2024-09-14T20:47:52Z,,47.345226,7.0314,membership,Payment by membership account and/or membership card,USCPIE1988061*2
ChargePoint Network,,,15640171,15640171,NECDC / STATION 2 (R),25228711,247,3360026021,2024-09-08T22:37:50Z,2024-09-08T22:58:55Z,,23.275801,73.458,membership,Payment by membership account and/or membership card,USCPIE15640171*1
ChargePoint Network,,,13643831,13643831,PEPA / STATION 1,23036511,100011,3346113861,2024-09-03T01:16:37Z,2024-09-03T01:26:15Z,,5.849900,0.0,membership,Payment by membership account and/or membership card,USCPIE13643831*1
ChargePoint Network,,,15623211,15623211,CLW / 5TH ST 2 (R),,,3391429841,2024-09-21T20:02:48Z,2024-09-21T20:02:55Z,,0.000000,,membership,Payment by membership account and/or membership card,USCPIE15623211*0
ChargePoint Network,,,8851921,8851921,7SPC / SEVIERVILLE DC1,15571271,207,3399493761,2024-09-25T10:15:12Z,2024-09-25T10:53:08Z,,25.000601,57.903,membership,Payment by membership account and/or membership card,USCPIE8851921*1
ChargePoint Network,,,16249951,16249951,STARKVILLE UTIL / STATION 2 (R),,,3378479521,2024-09-16T17:51:47Z,2024-09-16T17:53:57Z,,0.000000,,credit_card_terminal,Payment via credit card or debit card terminal,USCPIE16249951*0
ChargePoint Network,,,5122191,5122191,CULLMANELECTRIC / STATION1-L,8482151,247,3395610261,2024-09-23T20:34:12Z,2024-09-23T21:02:17Z,,21.365900,52.243,membership,Payment by membership account and/or membership card,USCPIE5122191*1
ChargePoint Network,,,15684341,15684341,MLEC / STATION 2 (R) W,25280201,247,3358940801,2024-09-08T05:28:33Z,2024-09-08T05:30:01Z,,0.000000,0.0,credit_card_terminal,Payment via credit card or debit card terminal,USCPIE15684341*1
ChargePoint Network,,,15684341,15684341,MLEC / STATION 2 (R) W,25280201,247,3349345821,2024-09-04T11:43:29Z,2024-09-04T12:03:43Z,,35.585098,113.344,membership,Payment by membership account and/or membership card,USCPIE15684341*1
ChargePoint Network,,,15885771,15885771,TWICKENHAM SQ / HU - STATION 4,25521581,100011,3389113021,2024-09-20T18:25:34Z,2024-09-20T18:47:53Z,,17.456699,51.68,membership,Payment by membership account and/or membership card,USCPIE15885771*1
ChargePoint Network,,,15885151,15885151,TWICKENHAM SQ / HU - STATION 2,25520801,247,3350836341,2024-09-04T21:55:46Z,2024-09-04T22:45:52Z,,38.758499,76.047,membership,Payment by membership account and/or membership card,USCPIE15885151*1
ChargePoint Network,,,14047321,14047321,JEFFERSON AVE. / OXFORD STA2(R),23514081,100011,3359036981,2024-09-08T07:55:18Z,2024-09-08T07:57:42Z,,0.612100,0.0,membership,Payment by membership account and/or membership card,USCPIE14047321*1
ChargePoint Network,,,5346231,5346231,CULLMANELECTRIC / STATION2-R,8926271,247,3374816031,2024-09-14T21:22:15Z,2024-09-14T21:52:56Z,,28.332199,54.515,membership,Payment by membership account and/or membership card,USCPIE5346231*1
ChargePoint Network,,,16311861,16311861,KIMBALL EV CHG / STATION 2 (R),,,3355523821,2024-09-06T17:09:58Z,2024-09-06T17:10:29Z,,0.000000,,credit_card_terminal,Payment via credit card or debit card terminal,USCPIE16311861*0
ChargePoint Network,,,12406401,12406401,FPIA / RIGHT STATION,21527671,247,3374745791,2024-09-14T20:44:51Z,2024-09-14T21:13:07Z,,21.057800,67.935,membership,Payment by membership account and/or membership card,USCPIE12406401*1
ChargePoint Network,,,13803581,13803581,FPU / STATION 1 (L),23227201,247,3383305341,2024-09-18T15:23:28Z,2024-09-18T16:14:51Z,,31.359800,76.83,membership,Payment by membership account and/or membership card,USCPIE13803581*1
ChargePoint Network,,,7505851,7505851,JEFFERSON AVE. / OXFORD STA1(L),12955471,100011,3407875461,2024-09-28T17:58:55Z,2024-09-28T18:03:05Z,,0.609800,16.884,membership,Payment by membership account and/or membership card,USCPIE7505851*1
ChargePoint Network,,,14337501,14337501,HOLSTONELECTRIC / CHURCH HILL-2,23845091,100011,3376356981,2024-09-15T19:24:21Z,2024-09-15T20:12:27Z,,34.188202,52.819,credit_card_terminal,Payment via credit card or debit card terminal,USCPIE14337501*1
ChargePoint Network,,,14359531,14359531,EBOFG / STATION 2 (R),23870331,247,3408143201,2024-09-28T20:22:43Z,2024-09-28T21:02:10Z,,35.271301,55.49,membership,Payment by membership account and/or membership card,USCPIE14359531*1
ChargePoint Network,,,5397731,5397731,EEDEV / MILLIGAN UNIV,9010251,3,3385874421,2024-09-19T14:50:02Z,2024-09-19T15:58:23Z,,8.404227,7.5377,membership,Payment by membership account and/or membership card,USCPIE5397731*1
ChargePoint Network,,,15694081,15694081,BRIGHTRIDGE EV / STATION 2 (R),25291921,247,3362533471,2024-09-09T23:04:27Z,2024-09-10T00:17:45Z,,47.124901,123.199,membership,Payment by membership account and/or membership card,USCPIE15694081*1
ChargePoint Network,,,13861891,13861891,BRMEMC / STATION 2,23296321,247,3385038411,2024-09-19T03:12:58Z,2024-09-19T03:20:19Z,,8.414800,72.323,membership,Payment by membership account and/or membership card,USCPIE13861891*1
ChargePoint Network,,,13966051,13966051,BEA / STATION 3 (RM),23419981,247,3401953191,2024-09-26T04:11:37Z,2024-09-26T05:04:57Z,,53.527000,74.268,membership,Payment by membership account and/or membership card,USCPIE13966051*1
ChargePoint Network,,,682921,682921,7SPC / TVPPA OFFICE,9117251,3,3405329101,2024-09-27T15:13:55Z,2024-09-27T21:00:55Z,,28.921345,6.2444,credit_card_terminal,Payment via credit card or debit card terminal,USCPIE682921*1
ChargePoint Network,,,15836981,15836981,TOMBIGBEE / STATION 4,25462651,247,3356292401,2024-09-06T22:39:42Z,2024-09-06T23:11:23Z,,13.670500,59.2,membership,Payment by membership account and/or membership card,USCPIE15836981*1
ChargePoint Network,,,13423581,13423581,AEC / STATION #2 (R),22787011,247,3365301461,2024-09-11T00:00:25Z,2024-09-11T00:57:37Z,,60.881901,74.466,membership,Payment by membership account and/or membership card,USCPIE13423581*1
ChargePoint Network,,,15836871,15836871,TOMBIGBEE / STATION 3,25462501,247,3343691061,2024-09-01T17:10:33Z,2024-09-01T17:46:25Z,,24.239700,43.523,credit_card_terminal,Payment via credit card or debit card terminal,USCPIE15836871*1
ChargePoint Network,,,13606061,13606061,I24 EXIT11 / STATION 4 (RR),22992511,247,3376888381,2024-09-16T00:00:37Z,2024-09-16T00:08:30Z,,8.374300,0.0,membership,Payment by membership account and/or membership card,USCPIE13606061*1
ChargePoint Network,,,15640171,15640171,NECDC / STATION 2 (R),25228711,247,3362788941,2024-09-10T00:53:45Z,2024-09-10T01:26:52Z,,33.249100,71.314,membership,Payment by membership account and/or membership card,USCPIE15640171*1
ChargePoint Network,,,15836871,15836871,TOMBIGBEE / STATION 3,25462501,247,3392893831,2024-09-22T17:10:17Z,2024-09-22T17:43:22Z,,41.155201,86.239,membership,Payment by membership account and/or membership card,USCPIE15836871*1
ChargePoint Network,,,8851921,8851921,7SPC / SEVIERVILLE DC1,15571271,207,3377363321,2024-09-16T05:14:49Z,2024-09-16T05:58:17Z,,30.926399,54.167,membership,Payment by membership account and/or membership card,USCPIE8851921*1
ChargePoint Network,,,8851921,8851921,7SPC / SEVIERVILLE DC1,15571271,207,3366525171,2024-09-11T14:51:14Z,2024-09-11T14:53:57Z,,0.000000,0.0,membership,Payment by membership account and/or membership card,USCPIE8851921*1
ChargePoint Network,,,1932851,1932851,BRIGHTRIDGE EV / BR-JC LIBRARY,23319811,3,3364903261,2024-09-10T21:29:18Z,2024-09-11T01:25:24Z,,29.263527,7.5359,membership,Payment by membership account and/or membership card,USCPIE1932851*1
ChargePoint Network,,,5625391,5625391,7SPC / VEC JAMESTOWN,9280961,3,3368540341,2024-09-12T05:09:54Z,2024-09-12T19:06:10Z,,62.820984,7.3141,membership,Payment by membership account and/or membership card,USCPIE5625391*1
ChargePoint Network,,,16244681,16244681,TOMBIGBEE / STATION 2,25952901,247,3389328261,2024-09-20T19:56:44Z,2024-09-20T20:17:50Z,,23.018900,71.415,credit_card_terminal,Payment via credit card or debit card terminal,USCPIE16244681*1
ChargePoint Network,,,1844191,1844191,CLW / MAIN ST,23050441,3,3382032801,2024-09-18T00:41:53Z,2024-09-18T03:27:04Z,,17.172155,7.3241,membership,Payment by membership account and/or membership card,USCPIE1844191*2
ChargePoint Network,,,5565291,5565291,7SPC / SCES LECONTE 1,9205201,3,3395664551,2024-09-23T20:56:39Z,2024-09-23T21:21:04Z,,2.369424,6.825,membership,Payment by membership account and/or membership card,USCPIE5565291*2
ChargePoint Network,,,13861861,13861861,BRMEMC / STATION 1,23296281,247,3402957011,2024-09-26T16:17:49Z,2024-09-26T16:46:44Z,,24.966600,117.656,membership,Payment by membership account and/or membership card,USCPIE13861861*1
ChargePoint Network,,,13606091,13606091,I24 EXIT11 / STATION 3 (RM),22992551,247,3392102681,2024-09-22T02:07:19Z,2024-09-22T03:19:32Z,,53.748600,72.269,membership,Payment by membership account and/or membership card,USCPIE13606091*1
ChargePoint Network,,,13664471,13664471,BTES / STATION 3 (RM),23060511,247,3357289801,2024-09-07T12:12:53Z,2024-09-07T12:35:42Z,,20.378901,74.052,membership,Payment by membership account and/or membership card,USCPIE13664471*1
ChargePoint Network,,,15885771,15885771,TWICKENHAM SQ / HU - STATION 4,25521581,247,3379314261,2024-09-16T23:50:26Z,2024-09-17T00:24:17Z,,39.062000,72.101,membership,Payment by membership account and/or membership card,USCPIE15885771*1
ChargePoint Network,,,12406401,12406401,FPIA / RIGHT STATION,21527671,247,3407539641,2024-09-28T14:36:31Z,2024-09-28T15:17:44Z,,49.055901,76.244,membership,Payment by membership account and/or membership card,USCPIE12406401*1
ChargePoint Network,,,13659871,13659871,LAWRENCEBURG / STATION 2 (R),23054921,247,3347503661,2024-09-03T17:04:41Z,2024-09-03T17:18:59Z,,16.542500,87.759,membership,Payment by membership account and/or membership card,USCPIE13659871*1
ChargePoint Network,,,13659831,13659831,LAWRENCEBURG / STATION 1 (L),23054881,247,3409064261,2024-09-29T05:29:48Z,2024-09-29T05:45:13Z,,16.298500,68.752,membership,Payment by membership account and/or membership card,USCPIE13659831*1
ChargePoint Network,,,14047321,14047321,JEFFERSON AVE. / OXFORD STA2(R),23514081,247,3379423601,2024-09-17T00:36:47Z,2024-09-17T01:19:48Z,,38.872101,56.979,membership,Payment by membership account and/or membership card,USCPIE14047321*1
ChargePoint Network,,,5346231,5346231,CULLMANELECTRIC / STATION2-R,8926271,247,3355546581,2024-09-06T17:20:35Z,2024-09-06T17:46:01Z,,13.819200,53.949,membership,Payment by membership account and/or membership card,USCPIE5346231*1
ChargePoint Network,,,16249821,16249821,STARKVILLE UTIL / STATION 1 (L),25959011,247,3389258131,2024-09-20T19:29:00Z,2024-09-20T19:29:49Z,,0.000000,0.0,membership,Payment by membership account and/or membership card,USCPIE16249821*1
ChargePoint Network,,,8851921,8851921,7SPC / SEVIERVILLE DC1,15571271,207,3349488211,2024-09-04T12:57:08Z,2024-09-04T13:49:08Z,,43.811401,59.597,membership,Payment by membership account and/or membership card,USCPIE8851921*1
ChargePoint Network,,,1921351,1921351,STARKVILLE UTIL / STARKVILLE DWTN,23682571,3,3346988921,2024-09-03T14:10:35Z,2024-09-03T17:24:45Z,,24.074907,7.5455,membership,Payment by membership account and/or membership card,USCPIE1921351*1
ChargePoint Network,,,5122191,5122191,CULLMANELECTRIC / STATION1-L,8482151,247,3386831761,2024-09-19T20:55:20Z,2024-09-19T21:13:33Z,,20.448099,70.685,membership,Payment by membership account and/or membership card,USCPIE5122191*1
ChargePoint Network,,,15623211,15623211,CLW / 5TH ST 2 (R),25208281,247,3343807591,2024-09-01T18:26:37Z,2024-09-01T19:47:57Z,,42.617298,72.693,credit_card_terminal,Payment via credit card or debit card terminal,USCPIE15623211*1
ChargePoint Network,,,1988141,1988141,7SPC / SCES DREAM MORE,2355571,3,3344958101,2024-09-02T11:41:34Z,2024-09-02T22:53:36Z,,47.667904,7.1046,membership,Payment by membership account and/or membership card,USCPIE1988141*2
ChargePoint Network,,,14047321,14047321,JEFFERSON AVE. / OXFORD STA2(R),23514081,247,3358037821,2024-09-07T20:22:22Z,2024-09-07T20:43:15Z,,21.731800,69.934,membership,Payment by membership account and/or membership card,USCPIE14047321*1
ChargePoint Network,,,13966031,13966031,BEA / STATION 4 (RR),23419961,247,3391006521,2024-09-21T16:06:40Z,2024-09-21T16:38:03Z,,30.133900,63.959,membership,Payment by membership account and/or membership card,USCPIE13966031*1
ChargePoint Network,,,5466441,5466441,7SPC / NASA USSRC R,9079371,3,3383849451,2024-09-18T18:57:48Z,2024-09-18T19:12:14Z,,1.440955,6.155,membership,Payment by membership account and/or membership card,USCPIE5466441*2
ChargePoint Network,,,15694171,15694171,BRIGHTRIDGE EV / STATION 1 (L),,,3391003641,2024-09-21T16:03:01Z,2024-09-21T16:05:02Z,,0.000000,0.0,membership,Payment by membership account and/or membership card,USCPIE15694171*0
ChargePoint Network,,,12989161,12989161,BTES / CITY HALL,22285821,3,3377208091,2024-09-16T03:07:18Z,2024-09-16T03:54:05Z,,5.639469,7.3465,membership,Payment by membership account and/or membership card,USCPIE12989161*2
ChargePoint Network,,,7173851,7173851,SCOTTSBORO EPB / MAIN OFFICE,12310861,3,3357484891,2024-09-07T15:05:32Z,2024-09-07T15:32:44Z,,3.234667,7.3162,membership,Payment by membership account and/or membership card,USCPIE7173851*1
ChargePoint Network,,,12406491,12406491,FPIA / LEFT STATION,21527781,247,3372481491,2024-09-13T19:20:17Z,2024-09-13T19:40:19Z,,22.347099,70.247,membership,Payment by membership account and/or membership card,USCPIE12406491*1
ChargePoint Network,,,13606091,13606091,I24 EXIT11 / STATION 3 (RM),22992551,247,3390312611,2024-09-21T03:21:00Z,2024-09-21T03:59:45Z,,24.597900,54.384,membership,Payment by membership account and/or membership card,USCPIE13606091*1
ChargePoint Network,,,15548181,15548181,DECATURDOWNTWN / STATION 2 (L),25119551,247,3389855131,2024-09-20T23:44:17Z,2024-09-20T23:44:57Z,,0.000000,0.0,membership,Payment by membership account and/or membership card,USCPIE15548181*1
ChargePoint Network,,,12720861,12720861,WRECC / STATION 2,21977121,247,3342789071,2024-09-01T00:34:25Z,2024-09-01T00:58:18Z,,22.744400,59.796,membership,Payment by membership account and/or membership card,USCPIE12720861*1
ChargePoint Network,,,15885151,15885151,TWICKENHAM SQ / HU - STATION 2,25520801,247,3353357741,2024-09-05T20:42:10Z,2024-09-05T21:19:42Z,,48.273499,121.143,membership,Payment by membership account and/or membership card,USCPIE15885151*1
ChargePoint Network,,,5397731,5397731,EEDEV / MILLIGAN UNIV,9010251,3,3395232431,2024-09-23T17:47:33Z,2024-09-23T19:21:12Z,,11.443697,7.3853,membership,Payment by membership account and/or membership card,USCPIE5397731*1
ChargePoint Network,,,13643801,13643801,PEPA / STATION 2,23036481,247,3393029991,2024-09-22T18:32:09Z,2024-09-22T18:50:30Z,,21.068399,72.833,membership,Payment by membership account and/or membership card,USCPIE13643801*1
ChargePoint Network,,,5350831,5350831,CULLMANELECTRIC / CEC MAIN OFFICE,8932501,3,3350235591,2024-09-04T17:42:52Z,2024-09-04T20:58:14Z,,19.501860,6.0665,membership,Payment by membership account and/or membership card,USCPIE5350831*2
ChargePoint Network,,,9677521,9677521,UT PARKING / S7 STATION 1,17169341,3,3402466891,2024-09-26T13:25:30Z,2024-09-26T13:30:13Z,,0.472162,6.9861,membership,Payment by membership account and/or membership card,USCPIE9677521*2
ChargePoint Network,,,16311461,16311461,KIMBALL EV CHG / STATION 1 (L),26031811,247,3409658781,2024-09-29T18:02:50Z,2024-09-29T18:27:56Z,,20.481800,83.38,membership,Payment by membership account and/or membership card,USCPIE16311461*1
ChargePoint Network,,,14337221,14337221,HOLSTONELECTRIC / CHURCH HILL-1,23844801,100011,3369792351,2024-09-12T18:38:46Z,2024-09-12T18:59:56Z,,17.066299,50.4,credit_card_terminal,Payment via credit card or debit card terminal,USCPIE14337221*1
ChargePoint Network,,,15260241,15260241,STEMC / STATION 1 (L) A,24784071,247,3395183851,2024-09-23T17:24:14Z,2024-09-23T17:25:32Z,,0.000000,0.0,membership,Payment by membership account and/or membership card,USCPIE15260241*1
ChargePoint Network,,,15694081,15694081,BRIGHTRIDGE EV / STATION 2 (R),25291921,247,3356070741,2024-09-06T21:07:10Z,2024-09-06T21:35:01Z,,17.745100,53.756,credit_card_terminal,Payment via credit card or debit card terminal,USCPIE15694081*1
ChargePoint Network,,,15729991,15729991,AEC / AEC03,25334181,3,3378929681,2024-09-16T21:11:39Z,2024-09-16T22:43:12Z,,9.981707,6.5959,membership,Payment by membership account and/or membership card,USCPIE15729991*2
ChargePoint Network,,,13290491,13290491,7SPC / NASA USSRC L,25742671,3,3380916521,2024-09-17T16:57:40Z,2024-09-17T18:32:26Z,,0.453963,5.8248,other,Any other payment method not specified above. Additional description should be provided in Payment Method Description.,USCPIE13290491*1
ChargePoint Network,,,15640171,15640171,NECDC / STATION 2 (R),25228711,247,3346860041,2024-09-03T13:13:14Z,2024-09-03T13:13:43Z,,0.000000,0.0,credit_card_terminal,Payment via credit card or debit card terminal,USCPIE15640171*1
ChargePoint Network,,,5346231,5346231,CULLMANELECTRIC / STATION2-R,8926271,247,3370889591,2024-09-13T02:05:27Z,2024-09-13T03:05:25Z,,59.540401,64.288,membership,Payment by membership account and/or membership card,USCPIE5346231*1
ChargePoint Network,,,15623211,15623211,CLW / 5TH ST 2 (R),25208281,247,3386701941,2024-09-19T20:02:14Z,2024-09-19T20:24:49Z,,18.348499,53.668,credit_card_terminal,Payment via credit card or debit card terminal,USCPIE15623211*1
ChargePoint Network,,,5565291,5565291,7SPC / SCES LECONTE 1,9205191,3,3357829481,2024-09-07T18:27:58Z,2024-09-07T19:38:50Z,,3.292513,3.7406,membership,Payment by membership account and/or membership card,USCPIE5565291*1
ChargePoint Network,,,13966031,13966031,BEA / STATION 4 (RR),23419961,247,3404141441,2024-09-27T00:33:40Z,2024-09-27T01:06:49Z,,22.049299,47.243,membership,Payment by membership account and/or membership card,USCPIE13966031*1
ChargePoint Network,,,8851921,8851921,7SPC / SEVIERVILLE DC1,15571271,207,3344152461,2024-09-01T22:02:20Z,2024-09-01T22:54:30Z,,38.793598,54.167,membership,Payment by membership account and/or membership card,USCPIE8851921*1
ChargePoint Network,,,15250701,15250701,SES-TN / STATION 2,24772611,247,3402376211,2024-09-26T12:45:18Z,2024-09-26T13:08:50Z,,19.791599,71.708,membership,Payment by membership account and/or membership card,USCPIE15250701*1
ChargePoint Network,,,13606061,13606061,I24 EXIT11 / STATION 4 (RR),22992511,247,3410041291,2024-09-29T21:32:15Z,2024-09-29T21:48:36Z,,26.143000,100.674,membership,Payment by membership account and/or membership card,USCPIE13606061*1
ChargePoint Network,,,1844191,1844191,CLW / MAIN ST,23050431,3,3360367661,2024-09-09T01:32:13Z,2024-09-09T05:01:14Z,,22.495035,7.3488,membership,Payment by membership account and/or membership card,USCPIE1844191*1
ChargePoint Network,,,13164881,13164881,BTES / STATION 2 (LM),22491051,247,3356913541,2024-09-07T03:38:30Z,2024-09-07T04:13:20Z,,38.075199,70.132,credit_card_terminal,Payment via credit card or debit card terminal,USCPIE13164881*1
ChargePoint Network,,,5346231,5346231,CULLMANELECTRIC / STATION2-R,8926271,247,3375908691,2024-09-15T14:33:44Z,2024-09-15T15:26:35Z,,38.529900,54.316,membership,Payment by membership account and/or membership card,USCPIE5346231*1
ChargePoint Network,,,13606091,13606091,I24 EXIT11 / STATION 3 (RM),22992551,247,3370962171,2024-09-13T02:48:45Z,2024-09-13T02:57:18Z,,9.169600,0.0,membership,Payment by membership account and/or membership card,USCPIE13606091*1
ChargePoint Network,,,13861891,13861891,BRMEMC / STATION 2,23296321,247,3399832521,2024-09-25T13:42:58Z,2024-09-25T13:44:43Z,,0.000000,0.0,membership,Payment by membership account and/or membership card,USCPIE13861891*1
ChargePoint Network,,,12406491,12406491,FPIA / LEFT STATION,21527781,247,3361647791,2024-09-09T16:44:58Z,2024-09-09T16:53:27Z,,6.372100,0.0,membership,Payment by membership account and/or membership card,USCPIE12406491*1
ChargePoint Network,,,5424051,5424051,EEDEV / ELIZ DOWNTOWN,9026991,3,3376149181,2024-09-15T17:18:40Z,2024-09-15T18:24:35Z,,7.391679,7.3076,membership,Payment by membership account and/or membership card,USCPIE5424051*1
ChargePoint Network,,,15885791,15885791,TWICKENHAM SQ / HU - STATION 3,25521611,247,3369285151,2024-09-12T15:24:16Z,2024-09-12T15:57:18Z,,37.637001,77.411,membership,Payment by membership account and/or membership card,USCPIE15885791*1
ChargePoint Network,,,5350831,5350831,CULLMANELECTRIC / CEC MAIN OFFICE,8932501,3,3348296031,2024-09-03T22:35:48Z,2024-09-04T01:44:43Z,,19.093004,6.1214,membership,Payment by membership account and/or membership card,USCPIE5350831*2
ChargePoint Network,,,16093931,16093931,BCES / STATION 2 (R),25770831,247,3398755581,2024-09-25T00:01:03Z,2024-09-25T00:21:44Z,,21.294399,66.863,membership,Payment by membership account and/or membership card,USCPIE16093931*1
ChargePoint Network,,,13606141,13606141,I24 EXIT11 / STATION 1 (LL),22992611,247,3348212321,2024-09-03T21:59:30Z,2024-09-03T22:58:28Z,,45.901199,65.267,membership,Payment by membership account and/or membership card,USCPIE13606141*1
ChargePoint Network,,,1988061,1988061,7SPC / SCES DOLLYWOOD,25499831,3,3383176401,2024-09-18T14:41:27Z,2024-09-18T16:48:15Z,,15.276960,7.298,membership,Payment by membership account and/or membership card,USCPIE1988061*1
ChargePoint Network,,,14097801,14097801,SCOTTSBORO EPB / SEPB DCFC (L),23570921,247,3400506151,2024-09-25T17:52:37Z,2024-09-25T18:51:57Z,,48.956600,61.374,membership,Payment by membership account and/or membership card,USCPIE14097801*1
ChargePoint Network,,,15623231,15623231,CLW / 5TH ST 1 (L),25208301,247,3366296981,2024-09-11T13:12:55Z,2024-09-11T13:18:24Z,,4.004400,57.599,membership,Payment by membership account and/or membership card,USCPIE15623231*1
ChargePoint Network,,,15623211,15623211,CLW / 5TH ST 2 (R),25208281,247,3377544581,2024-09-16T11:04:08Z,2024-09-16T11:28:10Z,,26.898300,68.834,membership,Payment by membership account and/or membership card,USCPIE15623211*1
ChargePoint Network,,,16249821,16249821,STARKVILLE UTIL / STATION 1 (L),25959011,247,3374381981,2024-09-14T17:26:21Z,2024-09-14T18:30:48Z,,54.917900,59.599,credit_card_terminal,Payment via credit card or debit card terminal,USCPIE16249821*1
ChargePoint Network,,,15729991,15729991,AEC / AEC03,25334181,3,3353750051,2024-09-05T23:13:01Z,2024-09-06T01:32:49Z,,16.835522,7.3093,membership,Payment by membership account and/or membership card,USCPIE15729991*2
ChargePoint Network,,,682921,682921,7SPC / TVPPA OFFICE,9117261,3,3395785421,2024-09-23T21:47:01Z,2024-09-24T11:29:40Z,,81.053268,6.1469,credit_card_terminal,Payment via credit card or debit card terminal,USCPIE682921*2
ChargePoint Network,,,13423581,13423581,AEC / STATION #2 (R),22787011,247,3342982381,2024-09-01T02:34:35Z,2024-09-01T02:45:13Z,,10.575000,68.209,membership,Payment by membership account and/or membership card,USCPIE13423581*1
ChargePoint Network,,,1964521,1964521,EBOFG / GUNTERSVILLE PD,8374211,3,3349368231,2024-09-04T11:57:00Z,2024-09-04T16:04:32Z,,8.560362,3.6833,membership,Payment by membership account and/or membership card,USCPIE1964521*2
ChargePoint Network,,,1988141,1988141,7SPC / SCES DREAM MORE,2355561,3,3358702351,2024-09-08T02:36:12Z,2024-09-08T13:43:37Z,,54.743595,0.0,credit_card_terminal,Payment via credit card or debit card terminal,USCPIE1988141*1
ChargePoint Network,,,12754021,12754021,WCMES / CITYHALL1-L,22015241,247,3359171131,2024-09-08T13:36:01Z,2024-09-08T14:03:43Z,,26.292900,68.555,membership,Payment by membership account and/or membership card,USCPIE12754021*1
ChargePoint Network,,,15640031,15640031,NECDC / STATION 1 (L),25228511,247,3344173281,2024-09-01T22:15:56Z,2024-09-01T22:27:50Z,,20.720501,0.0,membership,Payment by membership account and/or membership card,USCPIE15640031*1
ChargePoint Network,,,1988061,1988061,7SPC / SCES DOLLYWOOD,25499841,3,3343445901,2024-09-01T13:49:34Z,2024-09-01T17:22:37Z,,25.480856,7.2908,membership,Payment by membership account and/or membership card,USCPIE1988061*2
ChargePoint Network,,,16244751,16244751,TOMBIGBEE / STATION 1,25952971,247,3357219211,2024-09-07T09:39:08Z,2024-09-07T10:04:32Z,,27.868000,74.027,membership,Payment by membership account and/or membership card,USCPIE16244751*1
ChargePoint Network,,,5346231,5346231,CULLMANELECTRIC / STATION2-R,8926271,247,3343920391,2024-09-01T19:37:34Z,2024-09-01T20:09:36Z,,24.878201,54.167,membership,Payment by membership account and/or membership card,USCPIE5346231*1
ChargePoint Network,,,15738401,15738401,MES1 / STATION 2 (R),25344251,247,3383864871,2024-09-18T19:04:12Z,2024-09-18T19:17:47Z,,15.997800,76.633,membership,Payment by membership account and/or membership card,USCPIE15738401*1
ChargePoint Network,,,8851921,8851921,7SPC / SEVIERVILLE DC1,15571271,207,3343351421,2024-09-01T11:01:25Z,2024-09-01T11:16:50Z,,13.873900,56.979,membership,Payment by membership account and/or membership card,USCPIE8851921*1
ChargePoint Network,,,13423581,13423581,AEC / STATION #2 (R),22787011,247,3392841591,2024-09-22T16:39:13Z,2024-09-22T17:28:29Z,,57.120602,87.271,credit_card_terminal,Payment via credit card or debit card terminal,USCPIE13423581*1
ChargePoint Network,,,15885151,15885151,TWICKENHAM SQ / HU - STATION 2,25520801,100011,3359247751,2024-09-08T14:51:17Z,2024-09-08T15:19:38Z,,16.261600,46.617,membership,Payment by membership account and/or membership card,USCPIE15885151*1
ChargePoint Network,,,15885791,15885791,TWICKENHAM SQ / HU - STATION 3,25521611,247,3343709121,2024-09-01T17:22:07Z,2024-09-01T17:56:00Z,,36.230301,78.405,membership,Payment by membership account and/or membership card,USCPIE15885791*1
ChargePoint Network,,,15694171,15694171,BRIGHTRIDGE EV / STATION 1 (L),25292041,247,3407795001,2024-09-28T17:14:01Z,2024-09-28T18:02:11Z,,56.426601,76.8,membership,Payment by membership account and/or membership card,USCPIE15694171*1
ChargePoint Network,,,16372061,16372061,DOWNTOWN MURPHY / MPB STATION 1,,,3392917431,2024-09-22T17:23:10Z,2024-09-22T17:25:11Z,,0.000000,,membership,Payment by membership account and/or membership card,USCPIE16372061*0
ChargePoint Network,,,14047321,14047321,JEFFERSON AVE. / OXFORD STA2(R),23514081,247,3374965691,2024-09-14T22:43:21Z,2024-09-14T23:14:29Z,,37.148602,73.232,membership,Payment by membership account and/or membership card,USCPIE14047321*1
ChargePoint Network,,,5380331,5380331,CULLMAN PB / STATION 1,8970961,3,3406780941,2024-09-28T01:38:08Z,2024-09-28T01:42:45Z,,0.535379,7.4562,credit_card_terminal,Payment via credit card or debit card terminal,USCPIE5380331*2
ChargePoint Network,,,14337221,14337221,HOLSTONELECTRIC / CHURCH HILL-1,,,3359696581,2024-09-08T19:34:14Z,2024-09-08T19:36:15Z,,0.000000,,membership,Payment by membership account and/or membership card,USCPIE14337221*0
ChargePoint Network,,,16311861,16311861,KIMBALL EV CHG / STATION 2 (R),26032351,247,3381644411,2024-09-17T22:05:51Z,2024-09-17T22:30:19Z,,19.768600,53.193,membership,Payment by membership account and/or membership card,USCPIE16311861*1
ChargePoint Network,,,5380331,5380331,CULLMAN PB / STATION 1,8970961,3,3344873861,2024-09-02T07:20:23Z,2024-09-02T08:41:04Z,,9.532964,7.2741,membership,Payment by membership account and/or membership card,USCPIE5380331*2
ChargePoint Network,,,15250701,15250701,SES-TN / STATION 2,24772611,247,3397897171,2024-09-24T18:16:17Z,2024-09-24T19:43:40Z,,79.648102,71.736,membership,Payment by membership account and/or membership card,USCPIE15250701*1
ChargePoint Network,,,13861891,13861891,BRMEMC / STATION 2,,,3343427031,2024-09-01T13:26:11Z,2024-09-01T13:28:05Z,,0.000000,,membership,Payment by membership account and/or membership card,USCPIE13861891*0
ChargePoint Network,,,12754021,12754021,WCMES / CITYHALL1-L,22015241,247,3409570541,2024-09-29T17:10:22Z,2024-09-29T17:36:40Z,,27.694500,67.767,membership,Payment by membership account and/or membership card,USCPIE12754021*1
ChargePoint Network,,,1785631,1785631,HOLSTONELECTRIC / STATION 1,22462981,3,3381001221,2024-09-17T17:35:50Z,2024-09-17T17:44:35Z,,0.991203,7.4038,credit_card_terminal,Payment via credit card or debit card terminal,USCPIE1785631*1
ChargePoint Network,,,15885151,15885151,TWICKENHAM SQ / HU - STATION 2,25520801,247,3372246011,2024-09-13T17:34:39Z,2024-09-13T17:39:40Z,,2.772300,0.0,membership,Payment by membership account and/or membership card,USCPIE15885151*1
ChargePoint Network,,,12406491,12406491,FPIA / LEFT STATION,21527781,247,3355359201,2024-09-06T16:04:04Z,2024-09-06T16:25:23Z,,27.935600,83.753,membership,Payment by membership account and/or membership card,USCPIE12406491*1
ChargePoint Network,,,14355271,14355271,HARTSELLE 1 / STATION 1 (L),23865711,247,3344554271,2024-09-02T02:07:34Z,2024-09-02T02:54:37Z,,51.678101,72.181,membership,Payment by membership account and/or membership card,USCPIE14355271*1
ChargePoint Network,,,13606141,13606141,I24 EXIT11 / STATION 1 (LL),,,3383086241,2024-09-18T14:04:35Z,2024-09-18T14:06:36Z,,0.000000,,membership,Payment by membership account and/or membership card,USCPIE13606141*0
ChargePoint Network,,,16022131,16022131,ACEPA / ACE STATION 1,25683791,247,3355107181,2024-09-06T14:42:15Z,2024-09-06T15:26:55Z,,51.918499,71.736,membership,Payment by membership account and/or membership card,USCPIE16022131*1
ChargePoint Network,,,14047321,14047321,JEFFERSON AVE. / OXFORD STA2(R),23514081,100011,3402844461,2024-09-26T15:43:03Z,2024-09-26T16:53:37Z,,19.547199,17.25,membership,Payment by membership account and/or membership card,USCPIE14047321*1
ChargePoint Network,,,13606091,13606091,I24 EXIT11 / STATION 3 (RM),22992551,247,3388212571,2024-09-20T12:03:19Z,2024-09-20T12:16:33Z,,12.792400,66.33,credit_card_terminal,Payment via credit card or debit card terminal,USCPIE13606091*1
ChargePoint Network,,,13966051,13966051,BEA / STATION 3 (RM),23419981,247,3365029561,2024-09-10T22:15:44Z,2024-09-10T23:23:18Z,,45.726898,74.676,membership,Payment by membership account and/or membership card,USCPIE13966051*1
ChargePoint Network,,,15694171,15694171,BRIGHTRIDGE EV / STATION 1 (L),,,3399985421,2024-09-25T14:45:18Z,2024-09-25T14:47:19Z,,0.000000,,membership,Payment by membership account and/or membership card,USCPIE15694171*0
ChargePoint Network,,,15694171,15694171,BRIGHTRIDGE EV / STATION 1 (L),25292041,247,3344176361,2024-09-01T22:17:32Z,2024-09-01T23:23:14Z,,45.919201,74.426,membership,Payment by membership account and/or membership card,USCPIE15694171*1
ChargePoint Network,,,12720861,12720861,WRECC / STATION 2,21977121,247,3355620961,2024-09-06T17:54:55Z,2024-09-06T18:02:50Z,,8.179000,70.445,membership,Payment by membership account and/or membership card,USCPIE12720861*1
ChargePoint Network,,,7505851,7505851,JEFFERSON AVE. / OXFORD STA1(L),12955471,247,3379736351,2024-09-17T03:04:13Z,2024-09-17T03:05:56Z,,0.000000,0.0,membership,Payment by membership account and/or membership card,USCPIE7505851*1
ChargePoint Network,,,15885771,15885771,TWICKENHAM SQ / HU - STATION 4,25521581,247,3345406141,2024-09-02T18:21:37Z,2024-09-02T19:08:26Z,,59.089500,80.179,membership,Payment by membership account and/or membership card,USCPIE15885771*1
ChargePoint Network,,,14097711,14097711,SCOTTSBORO EPB / SEPB DCFC (R),23570811,247,3386420331,2024-09-19T18:04:20Z,2024-09-19T19:12:26Z,,89.009399,111.568,membership,Payment by membership account and/or membership card,USCPIE14097711*1
ChargePoint Network,,,8851921,8851921,7SPC / SEVIERVILLE DC1,15571271,100011,3402134971,2024-09-26T08:20:12Z,2024-09-26T08:59:32Z,,1.862800,10.892,membership,Payment by membership account and/or membership card,USCPIE8851921*1
ChargePoint Network,,,5122191,5122191,CULLMANELECTRIC / STATION1-L,8482151,247,3389012541,2024-09-20T17:38:13Z,2024-09-20T17:54:25Z,,14.191600,59.367,other,Any other payment method not specified above. Additional description should be provided in Payment Method Description.,USCPIE5122191*1
ChargePoint Network,,,682921,682921,7SPC / TVPPA OFFICE,9117261,3,3376629341,2024-09-15T21:52:21Z,2024-09-16T09:24:14Z,,69.716843,6.1129,credit_card_terminal,Payment via credit card or debit card terminal,USCPIE682921*2
ChargePoint Network,,,13606121,13606121,I24 EXIT11 / STATION 2 (LM),22992591,247,3388533001,2024-09-20T14:42:04Z,2024-09-20T14:55:08Z,,22.760799,109.802,credit_card_terminal,Payment via credit card or debit card terminal,USCPIE13606121*1
ChargePoint Network,,,14337501,14337501,HOLSTONELECTRIC / CHURCH HILL-2,23845091,247,3387002051,2024-09-19T22:01:13Z,2024-09-19T23:39:37Z,,29.550600,54.316,credit_card_terminal,Payment via credit card or debit card terminal,USCPIE14337501*1
ChargePoint Network,,,1988141,1988141,7SPC / SCES DREAM MORE,2355561,3,3343454411,2024-09-01T13:59:24Z,2024-09-01T22:15:27Z,,58.784702,7.2949,membership,Payment by membership account and/or membership card,USCPIE1988141*1
ChargePoint Network,,,15885791,15885791,TWICKENHAM SQ / HU - STATION 3,25521611,247,3393459881,2024-09-22T22:24:42Z,2024-09-22T23:52:13Z,,52.571701,77.211,membership,Payment by membership account and/or membership card,USCPIE15885791*1
ChargePoint Network,,,13659871,13659871,LAWRENCEBURG / STATION 2 (R),23054921,247,3381413231,2024-09-17T20:33:32Z,2024-09-17T21:03:36Z,,30.368200,70.363,membership,Payment by membership account and/or membership card,USCPIE13659871*1
ChargePoint Network,,,5122191,5122191,CULLMANELECTRIC / STATION1-L,8482151,247,3371857701,2024-09-13T15:10:02Z,2024-09-13T15:18:23Z,,6.906300,67.262,membership,Payment by membership account and/or membership card,USCPIE5122191*1
ChargePoint Network,,,7505851,7505851,JEFFERSON AVE. / OXFORD STA1(L),12955471,247,3402442841,2024-09-26T13:14:32Z,2024-09-26T13:23:02Z,,14.824000,50.183,membership,Payment by membership account and/or membership card,USCPIE7505851*1
ChargePoint Network,,,15684301,15684301,MLEC / STATION 1 (L) W,,,3400422231,2024-09-25T17:11:46Z,2024-09-25T17:13:46Z,,0.000000,,membership,Payment by membership account and/or membership card,USCPIE15684301*0
ChargePoint Network,,,1964521,1964521,EBOFG / GUNTERSVILLE PD,8374211,3,3386322291,2024-09-19T17:18:25Z,2024-09-19T21:46:35Z,,6.948935,3.713,membership,Payment by membership account and/or membership card,USCPIE1964521*2
ChargePoint Network,,,15885771,15885771,TWICKENHAM SQ / HU - STATION 4,25521581,247,3373218701,2024-09-14T00:38:14Z,2024-09-14T01:17:36Z,,43.434700,74.071,membership,Payment by membership account and/or membership card,USCPIE15885771*1
ChargePoint Network,,,15694081,15694081,BRIGHTRIDGE EV / STATION 2 (R),,,3395064301,2024-09-23T16:29:31Z,2024-09-23T16:31:41Z,,0.000000,,credit_card_terminal,Payment via credit card or debit card terminal,USCPIE15694081*0
ChargePoint Network,,,5122191,5122191,CULLMANELECTRIC / STATION1-L,8482151,247,3371365981,2024-09-13T10:32:30Z,2024-09-13T10:40:39Z,,5.802100,0.0,membership,Payment by membership account and/or membership card,USCPIE5122191*1
ChargePoint Network,,,14359531,14359531,EBOFG / STATION 2 (R),23870331,247,3362396411,2024-09-09T22:10:35Z,2024-09-09T23:01:16Z,,17.713400,35.986,membership,Payment by membership account and/or membership card,USCPIE14359531*1
ChargePoint Network,,,5565291,5565291,7SPC / SCES LECONTE 1,9205191,3,3375793981,2024-09-15T11:59:01Z,2024-09-15T13:07:32Z,,3.602863,3.7406,credit_card_terminal,Payment via credit card or debit card terminal,USCPIE5565291*1
ChargePoint Network,,,13606061,13606061,I24 EXIT11 / STATION 4 (RR),22992511,247,3375531421,2024-09-15T04:11:05Z,2024-09-15T04:36:34Z,,29.561701,75.041,membership,Payment by membership account and/or membership card,USCPIE13606061*1
ChargePoint Network,,,15684341,15684341,MLEC / STATION 2 (R) W,25280201,247,3373421081,2024-09-14T02:11:41Z,2024-09-14T02:40:25Z,,27.484699,59.976,membership,Payment by membership account and/or membership card,USCPIE15684341*1
ChargePoint Network,,,14097711,14097711,SCOTTSBORO EPB / SEPB DCFC (R),,,3351360301,2024-09-05T01:21:25Z,2024-09-05T01:21:37Z,,0.000000,,membership,Payment by membership account and/or membership card,USCPIE14097711*0
ChargePoint Network,,,7505851,7505851,JEFFERSON AVE. / OXFORD STA1(L),12955471,247,3378194481,2024-09-16T15:54:30Z,2024-09-16T18:08:50Z,,76.156303,70.844,membership,Payment by membership account and/or membership card,USCPIE7505851*1
ChargePoint Network,,,5354011,5354011,7SPC / GREENEVILLE TA,8936791,100011,3392606351,2024-09-22T13:21:24Z,2024-09-22T14:02:10Z,,19.189199,46.862,membership,Payment by membership account and/or membership card,USCPIE5354011*1
ChargePoint Network,,,5363211,5363211,HARTSELLE 1 / HARTSELLE 1,23427581,3,3359813761,2024-09-08T20:42:00Z,2024-09-08T20:45:36Z,,0.361870,7.1389,membership,Payment by membership account and/or membership card,USCPIE5363211*2
ChargePoint Network,,,14047321,14047321,JEFFERSON AVE. / OXFORD STA2(R),23514081,100011,3408875511,2024-09-29T03:09:05Z,2024-09-29T03:13:57Z,,1.738800,0.0,membership,Payment by membership account and/or membership card,USCPIE14047321*1
ChargePoint Network,,,5445161,5445161,7SPC / UC - LIVINGSTON,9052351,3,3406043411,2024-09-27T20:08:47Z,2024-09-28T00:58:27Z,,33.768154,7.1314,membership,Payment by membership account and/or membership card,USCPIE5445161*2
ChargePoint Network,,,1933211,1933211,BRIGHTRIDGE EV / BR-JONESBOROUGH,2283631,3,3394230291,2024-09-23T09:30:00Z,2024-09-23T09:31:55Z,,0.000000,,credit_card_terminal,Payment via credit card or debit card terminal,USCPIE1933211*1
ChargePoint Network,,,13606061,13606061,I24 EXIT11 / STATION 4 (RR),22992511,247,3353416581,2024-09-05T21:06:26Z,2024-09-05T21:40:21Z,,33.497799,61.464,membership,Payment by membership account and/or membership card,USCPIE13606061*1
ChargePoint Network,,,15260251,15260251,STEMC / STATION 2 (R) A,24784081,247,3398515741,2024-09-24T22:27:57Z,2024-09-24T22:53:34Z,,23.607300,56.826,membership,Payment by membership account and/or membership card,USCPIE15260251*1
ChargePoint Network,,,682921,682921,7SPC / TVPPA OFFICE,9117261,3,3350852151,2024-09-04T22:01:35Z,2024-09-05T02:36:43Z,,27.158323,5.9727,membership,Payment by membership account and/or membership card,USCPIE682921*2
ChargePoint Network,,,16022101,16022101,ACEPA / ACE STATION 2,,,3351144331,2024-09-04T23:54:02Z,2024-09-04T23:56:03Z,,0.000000,0.0,membership,Payment by membership account and/or membership card,USCPIE16022101*0
ChargePoint Network,,,15623211,15623211,CLW / 5TH ST 2 (R),,,3374544251,2024-09-14T18:55:27Z,2024-09-14T18:55:41Z,,0.000000,,membership,Payment by membership account and/or membership card,USCPIE15623211*0
ChargePoint Network,,,15885771,15885771,TWICKENHAM SQ / HU - STATION 4,25521581,100011,3366345001,2024-09-11T13:36:25Z,2024-09-11T14:15:43Z,,8.583700,28.177,other,Any other payment method not specified above. Additional description should be provided in Payment Method Description.,USCPIE15885771*1
ChargePoint Network,,,13664471,13664471,BTES / STATION 3 (RM),23060511,247,3375850461,2024-09-15T13:31:47Z,2024-09-15T13:54:17Z,,31.266399,86.328,credit_card_terminal,Payment via credit card or debit card terminal,USCPIE13664471*1
ChargePoint Network,,,15742641,15742641,GEA-1 / STATION 2 (R),,,3366083921,2024-09-11T11:12:35Z,2024-09-11T11:14:37Z,,0.000000,,membership,Payment by membership account and/or membership card,USCPIE15742641*0
ChargePoint Network,,,7505851,7505851,JEFFERSON AVE. / OXFORD STA1(L),12955471,247,3392104791,2024-09-22T02:08:35Z,2024-09-22T06:07:21Z,,12.386500,72.468,membership,Payment by membership account and/or membership card,USCPIE7505851*1
ChargePoint Network,,,1964521,1964521,EBOFG / GUNTERSVILLE PD,8374201,3,3374763401,2024-09-14T20:54:29Z,2024-09-14T22:39:32Z,,12.814625,7.389,membership,Payment by membership account and/or membership card,USCPIE1964521*1
ChargePoint Network,,,12406491,12406491,FPIA / LEFT STATION,21527781,247,3355930791,2024-09-06T20:08:44Z,2024-09-06T20:16:11Z,,5.531700,51.071,membership,Payment by membership account and/or membership card,USCPIE12406491*1
ChargePoint Network,,,8851921,8851921,7SPC / SEVIERVILLE DC1,15571271,207,3344458781,2024-09-02T01:07:02Z,2024-09-02T02:06:20Z,,51.188301,62.0,membership,Payment by membership account and/or membership card,USCPIE8851921*1
ChargePoint Network,,,14337501,14337501,HOLSTONELECTRIC / CHURCH HILL-2,23845091,247,3359695111,2024-09-08T19:35:24Z,2024-09-08T20:02:04Z,,26.442699,74.4,membership,Payment by membership account and/or membership card,USCPIE14337501*1
ChargePoint Network,,,15548181,15548181,DECATURDOWNTWN / STATION 2 (L),25119551,247,3385638381,2024-09-19T13:07:40Z,2024-09-19T13:08:41Z,,0.070100,0.0,membership,Payment by membership account and/or membership card,USCPIE15548181*1
ChargePoint Network,,,15885771,15885771,TWICKENHAM SQ / HU - STATION 4,25521581,247,3390755951,2024-09-21T12:59:03Z,2024-09-21T13:37:56Z,,43.510899,73.695,credit_card_terminal,Payment via credit card or debit card terminal,USCPIE15885771*1
ChargePoint Network,,,14047321,14047321,JEFFERSON AVE. / OXFORD STA2(R),23514081,100011,3392480841,2024-09-22T07:47:16Z,2024-09-22T08:56:35Z,,22.667200,20.354,membership,Payment by membership account and/or membership card,USCPIE14047321*1
ChargePoint Network,,,5363211,5363211,HARTSELLE 1 / HARTSELLE 1,23427581,3,3389760151,2024-09-20T23:00:26Z,2024-09-21T00:09:32Z,,8.198118,7.2712,membership,Payment by membership account and/or membership card,USCPIE5363211*2
ChargePoint Network,,,12720881,12720881,WRECC / STATION 1,21977141,247,3362786231,2024-09-10T00:52:13Z,2024-09-10T01:21:23Z,,32.278599,73.43,membership,Payment by membership account and/or membership card,USCPIE12720881*1
ChargePoint Network,,,14097711,14097711,SCOTTSBORO EPB / SEPB DCFC (R),23570811,247,3345163951,2024-09-02T15:36:41Z,2024-09-02T16:32:28Z,,57.714298,66.611,membership,Payment by membership account and/or membership card,USCPIE14097711*1
ChargePoint Network,,,5346231,5346231,CULLMANELECTRIC / STATION2-R,,,3386820061,2024-09-19T20:48:53Z,2024-09-19T20:50:53Z,,0.000000,,membership,Payment by membership account and/or membership card,USCPIE5346231*0
ChargePoint Network,,,12406491,12406491,FPIA / LEFT STATION,21527781,247,3363097721,2024-09-10T03:27:53Z,2024-09-10T03:29:33Z,,0.000000,0.0,credit_card_terminal,Payment via credit card or debit card terminal,USCPIE12406491*1
ChargePoint Network,,,15250701,15250701,SES-TN / STATION 2,,,3403723321,2024-09-26T21:42:59Z,2024-09-26T21:43:05Z,,0.000000,,membership,Payment by membership account and/or membership card,USCPIE15250701*0
ChargePoint Network,,,16022131,16022131,ACEPA / ACE STATION 1,25683791,247,3398474651,2024-09-24T22:11:59Z,2024-09-24T23:16:18Z,,95.373901,95.152,membership,Payment by membership account and/or membership card,USCPIE16022131*1
ChargePoint Network,,,13659831,13659831,LAWRENCEBURG / STATION 1 (L),23054881,247,3392221171,2024-09-22T03:23:13Z,2024-09-22T03:51:40Z,,31.626699,71.477,membership,Payment by membership account and/or membership card,USCPIE13659831*1
ChargePoint Network,,,16022131,16022131,ACEPA / ACE STATION 1,25683791,247,3355104621,2024-09-06T14:40:52Z,2024-09-06T14:41:53Z,,0.096200,0.0,membership,Payment by membership account and/or membership card,USCPIE16022131*1
ChargePoint Network,,,13664501,13664501,BTES / STATION 4 (RR),,,3378989851,2024-09-16T21:37:43Z,2024-09-16T21:38:25Z,,0.000000,,credit_card_terminal,Payment via credit card or debit card terminal,USCPIE13664501*0
ChargePoint Network,,,15548151,15548151,DECATURDOWNTWN / STATION 1 (R),25119511,100011,3393111611,2024-09-22T19:16:25Z,2024-09-22T19:18:30Z,,0.000000,0.0,membership,Payment by membership account and/or membership card,USCPIE15548151*1
ChargePoint Network,,,13606061,13606061,I24 EXIT11 / STATION 4 (RR),22992511,247,3379327521,2024-09-16T23:55:33Z,2024-09-17T00:20:13Z,,20.124701,75.239,membership,Payment by membership account and/or membership card,USCPIE13606061*1
ChargePoint Network,,,12720861,12720861,WRECC / STATION 2,21977121,247,3376210771,2024-09-15T17:56:46Z,2024-09-15T18:51:11Z,,41.153999,54.464,membership,Payment by membership account and/or membership card,USCPIE12720861*1
ChargePoint Network,,,1932851,1932851,BRIGHTRIDGE EV / BR-JC LIBRARY,23319821,3,3398362851,2024-09-24T21:29:42Z,2024-09-25T02:07:05Z,,31.643131,7.2493,membership,Payment by membership account and/or membership card,USCPIE1932851*2
ChargePoint Network,,,15548151,15548151,DECATURDOWNTWN / STATION 1 (R),25119511,247,3400266591,2024-09-25T16:11:16Z,2024-09-25T17:12:58Z,,57.594299,73.481,membership,Payment by membership account and/or membership card,USCPIE15548151*1
ChargePoint Network,,,15694171,15694171,BRIGHTRIDGE EV / STATION 1 (L),25292041,247,3367702761,2024-09-11T22:32:12Z,2024-09-11T22:59:46Z,,49.570599,114.389,membership,Payment by membership account and/or membership card,USCPIE15694171*1
ChargePoint Network,,,1844191,1844191,CLW / MAIN ST,23050441,3,3346349961,2024-09-03T03:42:57Z,2024-09-03T10:48:13Z,,51.559944,7.3306,membership,Payment by membership account and/or membership card,USCPIE1844191*2
ChargePoint Network,,,5122191,5122191,CULLMANELECTRIC / STATION1-L,8482151,247,3365147761,2024-09-10T23:01:00Z,2024-09-10T23:21:34Z,,14.845400,45.263,membership,Payment by membership account and/or membership card,USCPIE5122191*1
ChargePoint Network,,,15885251,15885251,TWICKENHAM SQ / HU - STATION 1,25520941,247,3356677591,2024-09-07T01:36:33Z,2024-09-07T02:30:11Z,,59.456100,96.542,membership,Payment by membership account and/or membership card,USCPIE15885251*1
ChargePoint Network,,,5380331,5380331,CULLMAN PB / STATION 1,8970961,3,3344073341,2024-09-01T21:14:56Z,2024-09-01T21:28:22Z,,1.516562,7.292,credit_card_terminal,Payment via credit card or debit card terminal,USCPIE5380331*2
ChargePoint Network,,,8851921,8851921,7SPC / SEVIERVILLE DC1,15571271,207,3409974651,2024-09-29T20:57:23Z,2024-09-29T21:34:43Z,,22.259800,48.708,membership,Payment by membership account and/or membership card,USCPIE8851921*1
ChargePoint Network,,,5346231,5346231,CULLMANELECTRIC / STATION2-R,8926271,247,3386256241,2024-09-19T16:51:18Z,2024-09-19T17:24:19Z,,38.229000,72.889,membership,Payment by membership account and/or membership card,USCPIE5346231*1
ChargePoint Network,,,14047321,14047321,JEFFERSON AVE. / OXFORD STA2(R),,,3390849431,2024-09-21T14:21:52Z,2024-09-21T14:23:55Z,,0.000000,,membership,Payment by membership account and/or membership card,USCPIE14047321*0
ChargePoint Network,,,13026471,13026471,WCMES / CITYHALL2-R,22328331,247,3367588291,2024-09-11T21:47:05Z,2024-09-11T22:27:00Z,,45.088902,70.167,membership,Payment by membership account and/or membership card,USCPIE13026471*1
ChargePoint Network,,,15260251,15260251,STEMC / STATION 2 (R) A,24784081,247,3398592601,2024-09-24T22:57:36Z,2024-09-24T23:56:49Z,,56.386501,75.819,membership,Payment by membership account and/or membership card,USCPIE15260251*1
ChargePoint Network,,,1988141,1988141,7SPC / SCES DREAM MORE,2355571,3,3358479721,2024-09-08T00:23:16Z,2024-09-08T02:54:04Z,,14.182878,7.1133,membership,Payment by membership account and/or membership card,USCPIE1988141*2
ChargePoint Network,,,5122191,5122191,CULLMANELECTRIC / STATION1-L,8482151,247,3376631631,2024-09-15T21:53:31Z,2024-09-15T22:13:43Z,,22.404699,69.101,membership,Payment by membership account and/or membership card,USCPIE5122191*1
ChargePoint Network,,,5619801,5619801,7SPC / WARREN RECC BG,25687261,3,3359954591,2024-09-08T21:57:57Z,2024-09-08T22:00:00Z,,0.131915,6.2913,membership,Payment by membership account and/or membership card,USCPIE5619801*2
ChargePoint Network,,,15623211,15623211,CLW / 5TH ST 2 (R),25208281,247,3404731851,2024-09-27T06:38:49Z,2024-09-27T06:39:55Z,,0.000000,0.0,credit_card_terminal,Payment via credit card or debit card terminal,USCPIE15623211*1
ChargePoint Network,,,13606121,13606121,I24 EXIT11 / STATION 2 (LM),22992591,247,3409614951,2024-09-29T17:37:11Z,2024-09-29T18:11:18Z,,25.994101,122.737,membership,Payment by membership account and/or membership card,USCPIE13606121*1
ChargePoint Network,,,13606091,13606091,I24 EXIT11 / STATION 3 (RM),22992551,247,3376157421,2024-09-15T17:22:55Z,2024-09-15T18:40:44Z,,65.598198,76.047,membership,Payment by membership account and/or membership card,USCPIE13606091*1
ChargePoint Network,,,14359531,14359531,EBOFG / STATION 2 (R),23870331,247,3401107201,2024-09-25T22:01:30Z,2024-09-25T22:38:29Z,,16.510401,52.051,membership,Payment by membership account and/or membership card,USCPIE14359531*1
ChargePoint Network,,,15548181,15548181,DECATURDOWNTWN / STATION 2 (L),,,3382042621,2024-09-18T00:44:50Z,2024-09-18T00:46:51Z,,0.000000,,membership,Payment by membership account and/or membership card,USCPIE15548181*0
ChargePoint Network,,,15694081,15694081,BRIGHTRIDGE EV / STATION 2 (R),25291921,247,3382021491,2024-09-18T00:37:16Z,2024-09-18T01:26:20Z,,65.224403,98.269,membership,Payment by membership account and/or membership card,USCPIE15694081*1
ChargePoint Network,,,13290491,13290491,7SPC / NASA USSRC L,25742671,3,3366650131,2024-09-11T15:29:27Z,2024-09-11T17:10:38Z,,4.587028,3.3062,membership,Payment by membership account and/or membership card,USCPIE13290491*1
ChargePoint Network,,,5122191,5122191,CULLMANELECTRIC / STATION1-L,8482151,247,3345671521,2024-09-02T21:05:00Z,2024-09-02T21:09:50Z,,0.000000,0.0,membership,Payment by membership account and/or membership card,USCPIE5122191*1
ChargePoint Network,,,14047321,14047321,JEFFERSON AVE. / OXFORD STA2(R),23514081,247,3405655631,2024-09-27T17:15:18Z,2024-09-27T17:53:52Z,,42.369701,71.639,membership,Payment by membership account and/or membership card,USCPIE14047321*1
ChargePoint Network,,,5565191,5565191,7SPC / DOLLYWOOD EMPL,9205031,3,3361040301,2024-09-09T12:59:33Z,2024-09-09T16:00:54Z,,19.529791,6.874,membership,Payment by membership account and/or membership card,USCPIE5565191*1
ChargePoint Network,,,16372091,16372091,DOWNTOWN MURPHY / MPB STATION 2,26102611,100011,3389114191,2024-09-20T18:26:05Z,2024-09-20T19:22:50Z,,22.441601,25.53,membership,Payment by membership account and/or membership card,USCPIE16372091*1
ChargePoint Network,,,5346231,5346231,CULLMANELECTRIC / STATION2-R,8926271,247,3359376721,2024-09-08T16:26:03Z,2024-09-08T16:54:58Z,,33.709400,74.447,membership,Payment by membership account and/or membership card,USCPIE5346231*1
ChargePoint Network,,,13659871,13659871,LAWRENCEBURG / STATION 2 (R),23054921,247,3359350201,2024-09-08T16:08:32Z,2024-09-08T16:22:17Z,,16.837000,79.793,credit_card_terminal,Payment via credit card or debit card terminal,USCPIE13659871*1
ChargePoint Network,,,9677521,9677521,UT PARKING / S7 STATION 1,17169341,3,3402508881,2024-09-26T13:46:42Z,2024-09-26T16:39:59Z,,20.505362,7.1966,membership,Payment by membership account and/or membership card,USCPIE9677521*2
ChargePoint Network,,,1964521,1964521,EBOFG / GUNTERSVILLE PD,8374201,3,3347487811,2024-09-03T16:57:58Z,2024-09-03T18:07:26Z,,8.415803,7.3344,membership,Payment by membership account and/or membership card,USCPIE1964521*1
ChargePoint Network,,,13290491,13290491,7SPC / NASA USSRC L,25742681,3,3405762021,2024-09-27T18:04:23Z,2024-09-27T19:00:40Z,,5.612829,6.0933,membership,Payment by membership account and/or membership card,USCPIE13290491*2
ChargePoint Network,,,13290491,13290491,7SPC / NASA USSRC L,25742681,3,3393934111,2024-09-23T02:45:39Z,2024-09-23T02:57:20Z,,0.540198,3.1881,membership,Payment by membership account and/or membership card,USCPIE13290491*2
ChargePoint Network,,,8851921,8851921,7SPC / SEVIERVILLE DC1,15571271,207,3377783551,2024-09-16T13:23:11Z,2024-09-16T13:37:07Z,,6.888200,30.912,membership,Payment by membership account and/or membership card,USCPIE8851921*1
ChargePoint Network,,,5565241,5565241,7SPC / SCES LECONTE 4,9205111,3,3354241531,2024-09-06T02:37:10Z,2024-09-06T03:47:21Z,,3.818689,3.7459,membership,Payment by membership account and/or membership card,USCPIE5565241*2
ChargePoint Network,,,8851921,8851921,7SPC / SEVIERVILLE DC1,15571271,207,3359062201,2024-09-08T09:37:04Z,2024-09-08T12:05:44Z,,49.326801,52.772,membership,Payment by membership account and/or membership card,USCPIE8851921*1
ChargePoint Network,,,13880891,13880891,MU / MUC MAIN OFFICE,23319021,3,3350083471,2024-09-04T16:34:37Z,2024-09-04T20:47:37Z,,17.961758,7.0482,membership,Payment by membership account and/or membership card,USCPIE13880891*2
ChargePoint Network,,,15332321,15332321,TUA NW ATLANTIC / STATION 1 (L),24867861,247,3393487801,2024-09-22T22:39:07Z,2024-09-22T23:10:52Z,,35.508400,77.027,membership,Payment by membership account and/or membership card,USCPIE15332321*1
ChargePoint Network,,,14047321,14047321,JEFFERSON AVE. / OXFORD STA2(R),23514081,100011,3364734851,2024-09-10T20:19:56Z,2024-09-10T20:29:17Z,,2.841300,0.0,membership,Payment by membership account and/or membership card,USCPIE14047321*1
ChargePoint Network,,,15332321,15332321,TUA NW ATLANTIC / STATION 1 (L),,,3395795141,2024-09-23T21:50:11Z,2024-09-23T21:50:59Z,,0.000000,,membership,Payment by membership account and/or membership card,USCPIE15332321*0
ChargePoint Network,,,13861861,13861861,BRMEMC / STATION 1,23296281,247,3406564731,2024-09-27T23:56:54Z,2024-09-28T00:48:48Z,,57.756901,74.099,credit_card_terminal,Payment via credit card or debit card terminal,USCPIE13861861*1
ChargePoint Network,,,15548181,15548181,DECATURDOWNTWN / STATION 2 (L),25119551,247,3381551371,2024-09-17T21:29:15Z,2024-09-17T22:07:43Z,,32.678200,77.417,membership,Payment by membership account and/or membership card,USCPIE15548181*1
ChargePoint Network,,,15548181,15548181,DECATURDOWNTWN / STATION 2 (L),25119551,247,3355067321,2024-09-06T14:25:06Z,2024-09-06T14:26:41Z,,0.000000,0.0,credit_card_terminal,Payment via credit card or debit card terminal,USCPIE15548181*1
ChargePoint Network,,,16022101,16022101,ACEPA / ACE STATION 2,25683761,247,3403899821,2024-09-26T22:53:32Z,2024-09-27T00:00:25Z,,61.984798,95.0,membership,Payment by membership account and/or membership card,USCPIE16022101*1
ChargePoint Network,,,1964521,1964521,EBOFG / GUNTERSVILLE PD,8374211,3,3363596691,2024-09-10T12:49:38Z,2024-09-10T13:31:23Z,,4.577439,7.2593,membership,Payment by membership account and/or membership card,USCPIE1964521*2
ChargePoint Network,,,1844191,1844191,CLW / MAIN ST,23050441,3,3401711311,2024-09-26T02:04:29Z,2024-09-26T06:49:04Z,,15.828467,7.3677,membership,Payment by membership account and/or membership card,USCPIE1844191*2
ChargePoint Network,,,15836981,15836981,TOMBIGBEE / STATION 4,25462651,247,3379566731,2024-09-17T01:40:58Z,2024-09-17T02:34:46Z,,33.714401,74.268,membership,Payment by membership account and/or membership card,USCPIE15836981*1
ChargePoint Network,,,12720881,12720881,WRECC / STATION 1,21977141,247,3376128111,2024-09-15T17:05:33Z,2024-09-15T17:22:17Z,,16.407900,61.689,membership,Payment by membership account and/or membership card,USCPIE12720881*1
ChargePoint Network,,,5346231,5346231,CULLMANELECTRIC / STATION2-R,8926271,247,3359986141,2024-09-08T22:14:59Z,2024-09-08T23:01:35Z,,49.722900,75.056,membership,Payment by membership account and/or membership card,USCPIE5346231*1
ChargePoint Network,,,15548151,15548151,DECATURDOWNTWN / STATION 1 (R),25119511,247,3391509501,2024-09-21T20:46:37Z,2024-09-21T21:05:32Z,,21.835899,74.426,membership,Payment by membership account and/or membership card,USCPIE15548151*1
ChargePoint Network,,,5397731,5397731,EEDEV / MILLIGAN UNIV,9010251,3,3373864471,2024-09-14T08:09:02Z,2024-09-14T17:31:24Z,,33.653587,7.4666,membership,Payment by membership account and/or membership card,USCPIE5397731*1
ChargePoint Network,,,15885251,15885251,TWICKENHAM SQ / HU - STATION 1,25520941,247,3409638541,2024-09-29T17:51:01Z,2024-09-29T17:57:27Z,,3.544300,0.0,membership,Payment by membership account and/or membership card,USCPIE15885251*1
ChargePoint Network,,,14047321,14047321,JEFFERSON AVE. / OXFORD STA2(R),,,3386738661,2024-09-19T20:18:24Z,2024-09-19T20:18:28Z,,0.000000,,membership,Payment by membership account and/or membership card,USCPIE14047321*0
ChargePoint Network,,,15885771,15885771,TWICKENHAM SQ / HU - STATION 4,25521581,247,3378355331,2024-09-16T16:54:34Z,2024-09-16T17:19:10Z,,20.143101,73.086,membership,Payment by membership account and/or membership card,USCPIE15885771*1
ChargePoint Network,,,13651631,13651631,MLEC / STATION 2 (R) H,23045821,247,3378104561,2024-09-16T15:28:42Z,2024-09-16T16:44:07Z,,46.205399,52.984,membership,Payment by membership account and/or membership card,USCPIE13651631*1
ChargePoint Network,,,14047321,14047321,JEFFERSON AVE. / OXFORD STA2(R),23514081,247,3357561181,2024-09-07T15:55:03Z,2024-09-07T16:12:08Z,,18.771500,69.199,credit_card_terminal,Payment via credit card or debit card terminal,USCPIE14047321*1
ChargePoint Network,,,15623211,15623211,CLW / 5TH ST 2 (R),25208281,247,3369632461,2024-09-12T17:24:55Z,2024-09-12T18:11:13Z,,54.061401,73.304,membership,Payment by membership account and/or membership card,USCPIE15623211*1
ChargePoint Network,,,13861861,13861861,BRMEMC / STATION 1,,,3344070581,2024-09-01T21:11:18Z,2024-09-01T21:13:19Z,,0.000000,,membership,Payment by membership account and/or membership card,USCPIE13861861*0
ChargePoint Network,,,13290491,13290491,7SPC / NASA USSRC L,25742681,3,3378583191,2024-09-16T18:44:10Z,2024-09-16T19:04:02Z,,2.000796,6.1193,membership,Payment by membership account and/or membership card,USCPIE13290491*2
ChargePoint Network,,,13643801,13643801,PEPA / STATION 2,23036481,247,3382395971,2024-09-18T03:38:13Z,2024-09-18T03:52:41Z,,12.499600,64.638,membership,Payment by membership account and/or membership card,USCPIE13643801*1
ChargePoint Network,,,12989161,12989161,BTES / CITY HALL,22285821,3,3384733501,2024-09-19T00:55:37Z,2024-09-19T01:21:32Z,,3.001297,7.0765,membership,Payment by membership account and/or membership card,USCPIE12989161*2
ChargePoint Network,,,15548151,15548151,DECATURDOWNTWN / STATION 1 (R),25119511,247,3388984941,2024-09-20T17:25:13Z,2024-09-20T17:41:11Z,,28.960400,116.404,credit_card_terminal,Payment via credit card or debit card terminal,USCPIE15548151*1
ChargePoint Network,,,9677521,9677521,UT PARKING / S7 STATION 1,17169341,3,3369832871,2024-09-12T18:56:19Z,2024-09-12T21:33:56Z,,18.843319,7.2733,credit_card_terminal,Payment via credit card or debit card terminal,USCPIE9677521*2
ChargePoint Network,,,13606061,13606061,I24 EXIT11 / STATION 4 (RR),22992511,247,3408629501,2024-09-29T00:45:16Z,2024-09-29T01:28:08Z,,44.350899,74.199,membership,Payment by membership account and/or membership card,USCPIE13606061*1
ChargePoint Network,,,15742641,15742641,GEA-1 / STATION 2 (R),,,3407622021,2024-09-28T15:31:36Z,2024-09-28T15:32:42Z,,0.000000,,credit_card_terminal,Payment via credit card or debit card terminal,USCPIE15742641*0
ChargePoint Network,,,5122191,5122191,CULLMANELECTRIC / STATION1-L,8482151,247,3392870821,2024-09-22T16:57:27Z,2024-09-22T17:44:58Z,,31.911900,47.167,membership,Payment by membership account and/or membership card,USCPIE5122191*1
ChargePoint Network,,,15836871,15836871,TOMBIGBEE / STATION 3,25462501,247,3353322211,2024-09-05T20:28:01Z,2024-09-05T20:58:37Z,,34.917500,69.614,membership,Payment by membership account and/or membership card,USCPIE15836871*1
ChargePoint Network,,,13861891,13861891,BRMEMC / STATION 2,23296321,100011,3393362161,2024-09-22T21:31:52Z,2024-09-22T21:36:42Z,,2.136200,0.0,credit_card_terminal,Payment via credit card or debit card terminal,USCPIE13861891*1
ChargePoint Network,,,15640031,15640031,NECDC / STATION 1 (L),25228511,247,3391774291,2024-09-21T23:04:37Z,2024-09-21T23:15:07Z,,11.905800,74.071,membership,Payment by membership account and/or membership card,USCPIE15640031*1
ChargePoint Network,,,15815141,15815141,GEA-1 / STATION 1 (L),25435121,247,3353770761,2024-09-05T23:20:01Z,2024-09-05T23:57:06Z,,45.020302,121.751,membership,Payment by membership account and/or membership card,USCPIE15815141*1
ChargePoint Network,,,13290491,13290491,7SPC / NASA USSRC L,25742681,3,3343491251,2024-09-01T14:37:59Z,2024-09-01T16:56:37Z,,13.643221,6.1544,membership,Payment by membership account and/or membership card,USCPIE13290491*2
ChargePoint Network,,,1964521,1964521,EBOFG / GUNTERSVILLE PD,8374211,3,3383594161,2024-09-18T16:59:56Z,2024-09-18T21:37:12Z,,7.244779,3.6853,membership,Payment by membership account and/or membership card,USCPIE1964521*2
ChargePoint Network,,,8851921,8851921,7SPC / SEVIERVILLE DC1,15571271,100011,3377017981,2024-09-16T01:08:57Z,2024-09-16T01:30:15Z,,0.826500,6.63,credit_card_terminal,Payment via credit card or debit card terminal,USCPIE8851921*1
ChargePoint Network,,,1988061,1988061,7SPC / SCES DOLLYWOOD,25499841,3,3355013901,2024-09-06T14:00:15Z,2024-09-06T16:40:36Z,,9.910583,3.7723,membership,Payment by membership account and/or membership card,USCPIE1988061*2
ChargePoint Network,,,13606121,13606121,I24 EXIT11 / STATION 2 (LM),22992591,247,3409186551,2024-09-29T09:50:33Z,2024-09-29T10:00:29Z,,7.945300,52.835,other,Any other payment method not specified above. Additional description should be provided in Payment Method Description.,USCPIE13606121*1
ChargePoint Network,,,5122191,5122191,CULLMANELECTRIC / STATION1-L,8482151,247,3407908571,2024-09-28T18:16:53Z,2024-09-28T18:17:49Z,,0.000000,0.0,membership,Payment by membership account and/or membership card,USCPIE5122191*1
ChargePoint Network,,,13643831,13643831,PEPA / STATION 1,23036511,247,3362046871,2024-09-09T19:44:52Z,2024-09-09T20:01:47Z,,21.481600,80.783,membership,Payment by membership account and/or membership card,USCPIE13643831*1
ChargePoint Network,,,15836981,15836981,TOMBIGBEE / STATION 4,25462651,247,3357339121,2024-09-07T13:08:09Z,2024-09-07T13:09:46Z,,0.000000,0.0,credit_card_terminal,Payment via credit card or debit card terminal,USCPIE15836981*1
ChargePoint Network,,,1921351,1921351,STARKVILLE UTIL / STARKVILLE DWTN,23682581,3,3386994211,2024-09-19T21:58:29Z,2024-09-20T13:22:50Z,,47.969925,0.0,membership,Payment by membership account and/or membership card,USCPIE1921351*2
ChargePoint Network,,,13966031,13966031,BEA / STATION 4 (RR),23419961,247,3401057671,2024-09-25T21:41:54Z,2024-09-25T22:06:59Z,,27.223400,68.752,membership,Payment by membership account and/or membership card,USCPIE13966031*1
ChargePoint Network,,,1921351,1921351,STARKVILLE UTIL / STARKVILLE DWTN,23682571,3,3368136911,2024-09-12T01:25:42Z,2024-09-12T01:37:56Z,,1.335207,7.1633,membership,Payment by membership account and/or membership card,USCPIE1921351*1
ChargePoint Network,,,15623211,15623211,CLW / 5TH ST 2 (R),25208281,247,3410042481,2024-09-29T21:32:34Z,2024-09-29T22:02:37Z,,34.907600,75.45,membership,Payment by membership account and/or membership card,USCPIE15623211*1
ChargePoint Network,,,5619801,5619801,7SPC / WARREN RECC BG,25687261,3,3359245051,2024-09-08T14:49:11Z,2024-09-08T18:24:01Z,,21.880796,6.1591,other,Any other payment method not specified above. Additional description should be provided in Payment Method Description.,USCPIE5619801*2
ChargePoint Network,,,13606061,13606061,I24 EXIT11 / STATION 4 (RR),22992511,247,3378578351,2024-09-16T18:41:32Z,2024-09-16T18:48:22Z,,7.105600,73.4,credit_card_terminal,Payment via credit card or debit card terminal,USCPIE13606061*1
ChargePoint Network,,,1921351,1921351,STARKVILLE UTIL / STARKVILLE DWTN,23682571,3,3368303731,2024-09-12T02:55:04Z,2024-09-12T03:39:29Z,,5.245671,7.2017,membership,Payment by membership account and/or membership card,USCPIE1921351*1
ChargePoint Network,,,15280471,15280471,SPRFLD ELECTRIC / STATION 1 (L),24807681,247,3371494751,2024-09-13T12:15:28Z,2024-09-13T12:59:12Z,,58.435398,122.737,membership,Payment by membership account and/or membership card,USCPIE15280471*1
ChargePoint Network,,,14337221,14337221,HOLSTONELECTRIC / CHURCH HILL-1,23844801,247,3408049771,2024-09-28T19:31:42Z,2024-09-28T20:09:59Z,,43.017799,71.199,other,Any other payment method not specified above. Additional description should be provided in Payment Method Description.,USCPIE14337221*1
ChargePoint Network,,,5363211,5363211,HARTSELLE 1 / HARTSELLE 1,23427571,3,3353909241,2024-09-06T00:11:47Z,2024-09-06T01:22:03Z,,8.230389,7.0999,membership,Payment by membership account and/or membership card,USCPIE5363211*1
ChargePoint Network,,,15885791,15885791,TWICKENHAM SQ / HU - STATION 3,25521611,247,3368016581,2024-09-12T00:37:27Z,2024-09-12T01:02:34Z,,25.803699,77.814,membership,Payment by membership account and/or membership card,USCPIE15885791*1
ChargePoint Network,,,1988061,1988061,7SPC / SCES DOLLYWOOD,25499831,3,3377865321,2024-09-16T14:01:00Z,2024-09-16T14:04:06Z,,0.170394,7.2582,credit_card_terminal,Payment via credit card or debit card terminal,USCPIE1988061*1
ChargePoint Network,,,12720861,12720861,WRECC / STATION 2,21977121,247,3363997471,2024-09-10T15:25:20Z,2024-09-10T15:26:34Z,,0.003900,0.0,other,Any other payment method not specified above. Additional description should be provided in Payment Method Description.,USCPIE12720861*1
ChargePoint Network,,,14097801,14097801,SCOTTSBORO EPB / SEPB DCFC (L),23570921,247,3393595841,2024-09-22T23:29:15Z,2024-09-22T23:35:49Z,,5.139000,0.0,membership,Payment by membership account and/or membership card,USCPIE14097801*1
ChargePoint Network,,,15332321,15332321,TUA NW ATLANTIC / STATION 1 (L),24867861,247,3346887961,2024-09-03T13:26:28Z,2024-09-03T13:39:39Z,,4.803400,30.079,membership,Payment by membership account and/or membership card,USCPIE15332321*1
ChargePoint Network,,,15332351,15332351,TUA NW ATLANTIC / STATION 2 (R),24867891,100011,3389999641,2024-09-21T00:51:40Z,2024-09-21T01:37:58Z,,7.941400,48.484,membership,Payment by membership account and/or membership card,USCPIE15332351*1
ChargePoint Network,,,16022131,16022131,ACEPA / ACE STATION 1,25683791,247,3370346511,2024-09-12T22:23:05Z,2024-09-12T22:50:45Z,,30.263300,70.329,membership,Payment by membership account and/or membership card,USCPIE16022131*1
ChargePoint Network,,,15250771,15250771,SES-TN / STATION 1,,,3403761081,2024-09-26T21:57:53Z,2024-09-26T21:58:07Z,,0.000000,,membership,Payment by membership account and/or membership card,USCPIE15250771*0
ChargePoint Network,,,16022101,16022101,ACEPA / ACE STATION 2,25683761,247,3397813691,2024-09-24T17:37:21Z,2024-09-24T18:09:37Z,,25.406099,76.8,other,Any other payment method not specified above. Additional description should be provided in Payment Method Description.,USCPIE16022101*1
ChargePoint Network,,,16022101,16022101,ACEPA / ACE STATION 2,25683761,247,3379147441,2024-09-16T22:41:16Z,2024-09-16T23:20:28Z,,40.836201,74.663,membership,Payment by membership account and/or membership card,USCPIE16022101*1
ChargePoint Network,,,7173851,7173851,SCOTTSBORO EPB / MAIN OFFICE,12310861,3,3394646371,2024-09-23T14:07:01Z,2024-09-23T14:09:02Z,,0.000000,0.0,membership,Payment by membership account and/or membership card,USCPIE7173851*1
ChargePoint Network,,,5619801,5619801,7SPC / WARREN RECC BG,25687261,3,3396338391,2024-09-24T01:39:34Z,2024-09-24T01:40:29Z,,0.007143,1.2374,credit_card_terminal,Payment via credit card or debit card terminal,USCPIE5619801*2
ChargePoint Network,,,13861861,13861861,BRMEMC / STATION 1,23296281,247,3345339161,2024-09-02T17:37:30Z,2024-09-02T17:38:26Z,,0.000000,0.0,membership,Payment by membership account and/or membership card,USCPIE13861861*1
ChargePoint Network,,,5346231,5346231,CULLMANELECTRIC / STATION2-R,8926271,247,3357690031,2024-09-07T17:09:52Z,2024-09-07T17:52:12Z,,43.503799,73.086,credit_card_terminal,Payment via credit card or debit card terminal,USCPIE5346231*1
ChargePoint Network,,,15548181,15548181,DECATURDOWNTWN / STATION 2 (L),25119551,247,3402039351,2024-09-26T05:28:36Z,2024-09-26T05:53:41Z,,17.043600,53.193,membership,Payment by membership account and/or membership card,USCPIE15548181*1
ChargePoint Network,,,14337221,14337221,HOLSTONELECTRIC / CHURCH HILL-1,23844801,247,3359239871,2024-09-08T14:44:52Z,2024-09-08T14:54:43Z,,11.477200,0.0,credit_card_terminal,Payment via credit card or debit card terminal,USCPIE14337221*1
ChargePoint Network,,,13606091,13606091,I24 EXIT11 / STATION 3 (RM),22992551,247,3382920241,2024-09-18T12:52:17Z,2024-09-18T13:21:14Z,,33.666000,73.891,membership,Payment by membership account and/or membership card,USCPIE13606091*1
ChargePoint Network,,,15332351,15332351,TUA NW ATLANTIC / STATION 2 (R),24867891,100011,3399752851,2024-09-25T13:05:00Z,2024-09-25T13:33:22Z,,6.056600,43.29,membership,Payment by membership account and/or membership card,USCPIE15332351*1
ChargePoint Network,,,1988061,1988061,7SPC / SCES DOLLYWOOD,25499841,3,3357443431,2024-09-07T14:36:56Z,2024-09-07T19:55:43Z,,36.939228,7.0325,credit_card_terminal,Payment via credit card or debit card terminal,USCPIE1988061*2
ChargePoint Network,,,13606091,13606091,I24 EXIT11 / STATION 3 (RM),22992551,247,3375128181,2024-09-15T00:06:07Z,2024-09-15T00:25:54Z,,16.384800,53.396,other,Any other payment method not specified above. Additional description should be provided in Payment Method Description.,USCPIE13606091*1
ChargePoint Network,,,13606091,13606091,I24 EXIT11 / STATION 3 (RM),22992551,247,3401748611,2024-09-26T02:26:49Z,2024-09-26T03:13:07Z,,53.038399,76.238,membership,Payment by membership account and/or membership card,USCPIE13606091*1
ChargePoint Network,,,14047321,14047321,JEFFERSON AVE. / OXFORD STA2(R),23514081,247,3359268521,2024-09-08T15:07:57Z,2024-09-08T15:08:55Z,,0.000000,0.0,membership,Payment by membership account and/or membership card,USCPIE14047321*1
ChargePoint Network,,,7505851,7505851,JEFFERSON AVE. / OXFORD STA1(L),12955471,247,3359249251,2024-09-08T14:52:43Z,2024-09-08T16:07:52Z,,75.224503,78.209,credit_card_terminal,Payment via credit card or debit card terminal,USCPIE7505851*1
ChargePoint Network,,,16244681,16244681,TOMBIGBEE / STATION 2,25952901,247,3370726071,2024-09-13T00:57:04Z,2024-09-13T02:24:49Z,,57.940399,41.88,membership,Payment by membership account and/or membership card,USCPIE16244681*1
ChargePoint Network,,,14047321,14047321,JEFFERSON AVE. / OXFORD STA2(R),23514081,247,3370855141,2024-09-13T01:52:47Z,2024-09-13T02:46:46Z,,54.777401,70.644,credit_card_terminal,Payment via credit card or debit card terminal,USCPIE14047321*1
ChargePoint Network,,,15694171,15694171,BRIGHTRIDGE EV / STATION 1 (L),25292041,247,3343877021,2024-09-01T19:10:45Z,2024-09-01T19:44:25Z,,46.767399,122.737,membership,Payment by membership account and/or membership card,USCPIE15694171*1
ChargePoint Network,,,15885791,15885791,TWICKENHAM SQ / HU - STATION 3,25521611,247,3396354071,2024-09-24T01:48:26Z,2024-09-24T02:30:19Z,,45.330799,75.42,membership,Payment by membership account and/or membership card,USCPIE15885791*1
ChargePoint Network,,,15694081,15694081,BRIGHTRIDGE EV / STATION 2 (R),25291921,247,3405218131,2024-09-27T14:32:24Z,2024-09-27T14:41:05Z,,4.269800,0.0,membership,Payment by membership account and/or membership card,USCPIE15694081*1
ChargePoint Network,,,15885151,15885151,TWICKENHAM SQ / HU - STATION 2,25520801,247,3386716001,2024-09-19T20:08:51Z,2024-09-19T20:16:37Z,,2.544600,76.8,membership,Payment by membership account and/or membership card,USCPIE15885151*1
ChargePoint Network,,,13606061,13606061,I24 EXIT11 / STATION 4 (RR),22992511,247,3350700861,2024-09-04T21:01:39Z,2024-09-04T21:41:46Z,,40.581001,62.842,membership,Payment by membership account and/or membership card,USCPIE13606061*1
ChargePoint Network,,,5565201,5565201,7SPC / SCES LECONTE 2,9205061,3,3368403471,2024-09-12T03:41:10Z,2024-09-12T12:00:08Z,,60.145779,7.3279,membership,Payment by membership account and/or membership card,USCPIE5565201*2
ChargePoint Network,,,15885791,15885791,TWICKENHAM SQ / HU - STATION 3,25521611,247,3395019831,2024-09-23T16:15:10Z,2024-09-23T16:29:47Z,,17.497801,0.0,membership,Payment by membership account and/or membership card,USCPIE15885791*1
ChargePoint Network,,,15684341,15684341,MLEC / STATION 2 (R) W,25280201,247,3381609471,2024-09-17T21:52:50Z,2024-09-17T22:31:33Z,,34.730900,122.891,credit_card_terminal,Payment via credit card or debit card terminal,USCPIE15684341*1
ChargePoint Network,,,16022131,16022131,ACEPA / ACE STATION 1,25683791,247,3386755251,2024-09-19T20:24:08Z,2024-09-19T20:35:03Z,,11.465100,69.972,membership,Payment by membership account and/or membership card,USCPIE16022131*1
ChargePoint Network,,,16022101,16022101,ACEPA / ACE STATION 2,25683761,247,3348394811,2024-09-03T23:13:51Z,2024-09-03T23:14:28Z,,0.000000,0.0,credit_card_terminal,Payment via credit card or debit card terminal,USCPIE16022101*1
ChargePoint Network,,,15729991,15729991,AEC / AEC03,25334171,3,3407748791,2024-09-28T16:48:21Z,2024-09-28T21:03:14Z,,26.026066,7.2839,membership,Payment by membership account and/or membership card,USCPIE15729991*1
ChargePoint Network,,,12676411,12676411,NEMEPA / NEMEPA CUSTOMER,21923891,3,3410248361,2024-09-29T23:15:14Z,2024-09-29T23:24:06Z,,0.836044,6.2149,membership,Payment by membership account and/or membership card,USCPIE12676411*1
ChargePoint Network,,,5354011,5354011,7SPC / GREENEVILLE TA,8936791,207,3397928971,2024-09-24T18:33:00Z,2024-09-24T18:33:39Z,,0.000000,0.0,membership,Payment by membership account and/or membership card,USCPIE5354011*1
ChargePoint Network,,,8851921,8851921,7SPC / SEVIERVILLE DC1,15571271,207,3384878901,2024-09-19T01:59:09Z,2024-09-19T02:47:19Z,,30.325800,52.772,membership,Payment by membership account and/or membership card,USCPIE8851921*1
ChargePoint Network,,,8851921,8851921,7SPC / SEVIERVILLE DC1,15571271,207,3383657671,2024-09-18T17:29:00Z,2024-09-18T17:48:09Z,,15.746600,57.833,membership,Payment by membership account and/or membership card,USCPIE8851921*1
ChargePoint Network,,,12406401,12406401,FPIA / RIGHT STATION,21527671,247,3376303351,2024-09-15T18:52:22Z,2024-09-15T20:34:13Z,,61.506001,53.872,membership,Payment by membership account and/or membership card,USCPIE12406401*1
ChargePoint Network,,,14047321,14047321,JEFFERSON AVE. / OXFORD STA2(R),23514081,247,3342955161,2024-09-01T02:15:20Z,2024-09-01T02:31:44Z,,19.251699,73.26,membership,Payment by membership account and/or membership card,USCPIE14047321*1
ChargePoint Network,,,5565241,5565241,7SPC / SCES LECONTE 4,9205111,3,3352352391,2024-09-05T14:16:41Z,2024-09-05T15:15:22Z,,2.939509,3.749,membership,Payment by membership account and/or membership card,USCPIE5565241*2
ChargePoint Network,,,5565191,5565191,7SPC / DOLLYWOOD EMPL,9205041,3,3383008531,2024-09-18T13:30:47Z,2024-09-18T17:55:47Z,,8.921676,6.823,membership,Payment by membership account and/or membership card,USCPIE5565191*2
ChargePoint Network,,,13966851,13966851,BEA / STATION 1 (LL),23420911,247,3362259851,2024-09-09T21:15:16Z,2024-09-09T21:25:39Z,,11.128300,0.0,membership,Payment by membership account and/or membership card,USCPIE13966851*1
ChargePoint Network,,,13292801,13292801,LODGE CAST IRON / STORE & MUSEUM,22637551,3,3378640861,2024-09-16T19:09:47Z,2024-09-16T20:07:55Z,,6.580762,6.9437,membership,Payment by membership account and/or membership card,USCPIE13292801*1
ChargePoint Network,,,13861861,13861861,BRMEMC / STATION 1,23296281,247,3384432491,2024-09-18T22:51:56Z,2024-09-18T23:14:09Z,,25.428400,70.755,membership,Payment by membership account and/or membership card,USCPIE13861861*1
ChargePoint Network,,,15332351,15332351,TUA NW ATLANTIC / STATION 2 (R),24867891,247,3355815721,2024-09-06T19:23:32Z,2024-09-06T19:36:11Z,,10.748500,54.592,membership,Payment by membership account and/or membership card,USCPIE15332351*1
ChargePoint Network,,,15332351,15332351,TUA NW ATLANTIC / STATION 2 (R),24867891,247,3355811021,2024-09-06T19:21:46Z,2024-09-06T19:22:28Z,,0.000000,0.0,membership,Payment by membership account and/or membership card,USCPIE15332351*1
ChargePoint Network,,,13664471,13664471,BTES / STATION 3 (RM),23060511,247,3381097881,2024-09-17T18:21:44Z,2024-09-17T19:18:44Z,,104.376801,116.279,membership,Payment by membership account and/or membership card,USCPIE13664471*1
ChargePoint Network,,,15640031,15640031,NECDC / STATION 1 (L),,,3408778791,2024-09-29T02:08:00Z,2024-09-29T02:10:02Z,,0.000000,,membership,Payment by membership account and/or membership card,USCPIE15640031*0
ChargePoint Network,,,15548181,15548181,DECATURDOWNTWN / STATION 2 (L),25119551,247,3403232971,2024-09-26T18:18:48Z,2024-09-26T18:51:58Z,,28.046200,53.491,membership,Payment by membership account and/or membership card,USCPIE15548181*1
ChargePoint Network,,,13659871,13659871,LAWRENCEBURG / STATION 2 (R),23054921,247,3347534581,2024-09-03T17:19:07Z,2024-09-03T17:26:41Z,,5.961300,0.0,membership,Payment by membership account and/or membership card,USCPIE13659871*1
ChargePoint Network,,,13880891,13880891,MU / MUC MAIN OFFICE,23319021,3,3359176961,2024-09-08T13:42:20Z,2024-09-08T16:22:13Z,,19.399490,7.3543,membership,Payment by membership account and/or membership card,USCPIE13880891*2
ChargePoint Network,,,15623211,15623211,CLW / 5TH ST 2 (R),25208281,247,3349423031,2024-09-04T12:25:40Z,2024-09-04T13:07:46Z,,42.784401,76.047,membership,Payment by membership account and/or membership card,USCPIE15623211*1
ChargePoint Network,,,1964521,1964521,EBOFG / GUNTERSVILLE PD,8374201,3,3406031061,2024-09-27T20:04:02Z,2024-09-27T21:38:02Z,,11.451934,7.3921,membership,Payment by membership account and/or membership card,USCPIE1964521*1
ChargePoint Network,,,5122191,5122191,CULLMANELECTRIC / STATION1-L,8482151,247,3375082721,2024-09-14T23:42:39Z,2024-09-15T00:10:37Z,,19.469900,53.279,membership,Payment by membership account and/or membership card,USCPIE5122191*1
ChargePoint Network,,,13861861,13861861,BRMEMC / STATION 1,23296281,247,3374521221,2024-09-14T18:42:40Z,2024-09-14T19:27:33Z,,33.228802,73.319,credit_card_terminal,Payment via credit card or debit card terminal,USCPIE13861861*1
ChargePoint Network,,,13659871,13659871,LAWRENCEBURG / STATION 2 (R),23054921,247,3372707801,2024-09-13T20:51:48Z,2024-09-13T21:30:50Z,,63.990101,123.353,membership,Payment by membership account and/or membership card,USCPIE13659871*1
ChargePoint Network,,,5397731,5397731,EEDEV / MILLIGAN UNIV,9010251,3,3345055831,2024-09-02T13:57:44Z,2024-09-02T15:35:51Z,,12.002438,7.448,membership,Payment by membership account and/or membership card,USCPIE5397731*1
ChargePoint Network,,,13164881,13164881,BTES / STATION 2 (LM),22491051,247,3373373491,2024-09-14T01:49:38Z,2024-09-14T02:18:48Z,,24.787100,70.919,membership,Payment by membership account and/or membership card,USCPIE13164881*1
ChargePoint Network,,,15836981,15836981,TOMBIGBEE / STATION 4,25462651,247,3360394551,2024-09-09T01:49:52Z,2024-09-09T02:49:37Z,,27.297701,54.15,membership,Payment by membership account and/or membership card,USCPIE15836981*1
ChargePoint Network,,,15885791,15885791,TWICKENHAM SQ / HU - STATION 3,25521611,247,3356434771,2024-09-06T23:43:12Z,2024-09-07T01:02:35Z,,44.814701,76.031,membership,Payment by membership account and/or membership card,USCPIE15885791*1
ChargePoint Network,,,13664501,13664501,BTES / STATION 4 (RR),23060561,247,3345472281,2024-09-02T19:04:16Z,2024-09-02T19:56:02Z,,31.417900,62.832,other,Any other payment method not specified above. Additional description should be provided in Payment Method Description.,USCPIE13664501*1
ChargePoint Network,,,14047321,14047321,JEFFERSON AVE. / OXFORD STA2(R),23514081,247,3406421061,2024-09-27T22:51:01Z,2024-09-28T03:30:42Z,,121.018700,87.318,membership,Payment by membership account and/or membership card,USCPIE14047321*1
ChargePoint Network,,,13966031,13966031,BEA / STATION 4 (RR),23419961,247,3402783041,2024-09-26T15:26:31Z,2024-09-26T16:13:54Z,,54.678600,84.316,membership,Payment by membership account and/or membership card,USCPIE13966031*1
ChargePoint Network,,,15729991,15729991,AEC / AEC03,25334181,3,3388837961,2024-09-20T16:23:56Z,2024-09-20T20:10:36Z,,27.106251,7.2496,membership,Payment by membership account and/or membership card,USCPIE15729991*2
ChargePoint Network,,,9677521,9677521,UT PARKING / S7 STATION 1,17169331,3,3363210231,2024-09-10T04:53:50Z,2024-09-10T07:39:06Z,,15.943351,6.5546,membership,Payment by membership account and/or membership card,USCPIE9677521*1
ChargePoint Network,,,1988061,1988061,7SPC / SCES DOLLYWOOD,25499841,3,3345023721,2024-09-02T13:20:35Z,2024-09-02T17:54:57Z,,32.312599,7.1892,membership,Payment by membership account and/or membership card,USCPIE1988061*2
ChargePoint Network,,,15694171,15694171,BRIGHTRIDGE EV / STATION 1 (L),25292041,247,3364974661,2024-09-10T21:55:44Z,2024-09-10T22:34:21Z,,36.354900,74.052,membership,Payment by membership account and/or membership card,USCPIE15694171*1
ChargePoint Network,,,12406401,12406401,FPIA / RIGHT STATION,21527671,247,3343977311,2024-09-01T20:13:11Z,2024-09-01T20:46:56Z,,19.457100,54.02,membership,Payment by membership account and/or membership card,USCPIE12406401*1
ChargePoint Network,,,15548151,15548151,DECATURDOWNTWN / STATION 1 (R),25119511,247,3408278691,2024-09-28T21:35:18Z,2024-09-28T21:37:25Z,,0.448300,0.0,membership,Payment by membership account and/or membership card,USCPIE15548151*1
ChargePoint Network,,,1932851,1932851,BRIGHTRIDGE EV / BR-JC LIBRARY,23319811,3,3409991641,2024-09-29T21:05:21Z,2024-09-29T22:45:57Z,,12.293785,7.4185,membership,Payment by membership account and/or membership card,USCPIE1932851*1
ChargePoint Network,,,15836981,15836981,TOMBIGBEE / STATION 4,25462651,247,3397142761,2024-09-24T13:31:52Z,2024-09-24T14:01:03Z,,32.608101,70.167,membership,Payment by membership account and/or membership card,USCPIE15836981*1
ChargePoint Network,,,13966811,13966811,BEA / STATION 2 (LM),23420881,247,3403586751,2024-09-26T20:45:45Z,2024-09-26T22:05:46Z,,82.273300,76.83,credit_card_terminal,Payment via credit card or debit card terminal,USCPIE13966811*1
ChargePoint Network,,,13606121,13606121,I24 EXIT11 / STATION 2 (LM),22992591,247,3350941171,2024-09-04T22:35:28Z,2024-09-04T22:45:55Z,,9.896200,71.279,credit_card_terminal,Payment via credit card or debit card terminal,USCPIE13606121*1
ChargePoint Network,,,8851921,8851921,7SPC / SEVIERVILLE DC1,15571271,207,3370162411,2024-09-12T21:11:10Z,2024-09-12T22:35:05Z,,58.917301,59.669,membership,Payment by membership account and/or membership card,USCPIE8851921*1
ChargePoint Network,,,14047321,14047321,JEFFERSON AVE. / OXFORD STA2(R),23514081,247,3343734081,2024-09-01T17:39:26Z,2024-09-01T19:44:47Z,,79.607201,72.889,membership,Payment by membership account and/or membership card,USCPIE14047321*1
ChargePoint Network,,,1921351,1921351,STARKVILLE UTIL / STARKVILLE DWTN,23682581,3,3362223471,2024-09-09T20:59:28Z,2024-09-10T12:30:25Z,,33.602535,0.0,membership,Payment by membership account and/or membership card,USCPIE1921351*2
ChargePoint Network,,,14097801,14097801,SCOTTSBORO EPB / SEPB DCFC (L),23570921,247,3393310661,2024-09-22T21:05:17Z,2024-09-22T21:25:57Z,,23.159500,71.477,membership,Payment by membership account and/or membership card,USCPIE14097801*1
ChargePoint Network,,,13423691,13423691,AEC / STATION #1 (L),22787121,247,3397944801,2024-09-24T18:40:32Z,2024-09-24T19:08:18Z,,27.750200,75.068,membership,Payment by membership account and/or membership card,USCPIE13423691*1
ChargePoint Network,,,13803581,13803581,FPU / STATION 1 (L),23227201,247,3357965841,2024-09-07T19:44:15Z,2024-09-07T19:57:00Z,,14.289300,69.776,membership,Payment by membership account and/or membership card,USCPIE13803581*1
ChargePoint Network,,,5397731,5397731,EEDEV / MILLIGAN UNIV,9010251,3,3355768681,2024-09-06T19:04:01Z,2024-09-06T20:18:02Z,,9.185101,7.5365,membership,Payment by membership account and/or membership card,USCPIE5397731*1
ChargePoint Network,,,13606061,13606061,I24 EXIT11 / STATION 4 (RR),22992511,247,3368366351,2024-09-12T03:13:46Z,2024-09-12T03:14:11Z,,0.000000,0.0,membership,Payment by membership account and/or membership card,USCPIE13606061*1
ChargePoint Network,,,13606061,13606061,I24 EXIT11 / STATION 4 (RR),22992511,247,3372960841,2024-09-13T22:40:45Z,2024-09-14T00:05:33Z,,78.645599,73.0,membership,Payment by membership account and/or membership card,USCPIE13606061*1
ChargePoint Network,,,5354011,5354011,7SPC / GREENEVILLE TA,8936791,207,3369144221,2024-09-12T14:38:54Z,2024-09-12T15:24:49Z,,42.510799,60.894,membership,Payment by membership account and/or membership card,USCPIE5354011*1
ChargePoint Network,,,12406491,12406491,FPIA / LEFT STATION,21527781,247,3394992621,2024-09-23T16:05:33Z,2024-09-23T16:13:15Z,,5.295700,0.0,membership,Payment by membership account and/or membership card,USCPIE12406491*1
ChargePoint Network,,,13803581,13803581,FPU / STATION 1 (L),23227201,100011,3384619461,2024-09-19T00:05:55Z,2024-09-19T00:20:44Z,,7.786600,48.831,membership,Payment by membership account and/or membership card,USCPIE13803581*1
ChargePoint Network,,,13290491,13290491,7SPC / NASA USSRC L,25742681,3,3374359451,2024-09-14T17:13:29Z,2024-09-14T18:25:11Z,,6.966600,5.9632,membership,Payment by membership account and/or membership card,USCPIE13290491*2
ChargePoint Network,,,14047321,14047321,JEFFERSON AVE. / OXFORD STA2(R),,,3391437501,2024-09-21T20:05:30Z,2024-09-21T20:07:04Z,,0.000000,,phone_online,"Payment through mobile app, website, automated phone number or messaging system",USCPIE14047321*0
ChargePoint Network,,,16093871,16093871,BCES / CSN-01577435,25770751,247,3358216731,2024-09-07T21:58:46Z,2024-09-07T23:45:45Z,,69.111504,77.211,credit_card_terminal,Payment via credit card or debit card terminal,USCPIE16093871*1
ChargePoint Network,,,15684301,15684301,MLEC / STATION 1 (L) W,25280151,247,3347478481,2024-09-03T16:54:19Z,2024-09-03T17:47:05Z,,61.264702,74.86,membership,Payment by membership account and/or membership card,USCPIE15684301*1
ChargePoint Network,,,15694171,15694171,BRIGHTRIDGE EV / STATION 1 (L),25292041,247,3408050841,2024-09-28T19:32:29Z,2024-09-28T20:38:28Z,,52.952702,77.417,membership,Payment by membership account and/or membership card,USCPIE15694171*1
ChargePoint Network,,,13966051,13966051,BEA / STATION 3 (RM),23419981,247,3380539951,2024-09-17T14:54:04Z,2024-09-17T15:13:45Z,,17.377501,73.678,membership,Payment by membership account and/or membership card,USCPIE13966051*1
ChargePoint Network,,,15836981,15836981,TOMBIGBEE / STATION 4,25462651,247,3404605201,2024-09-27T04:17:50Z,2024-09-27T06:44:53Z,,93.459999,78.596,membership,Payment by membership account and/or membership card,USCPIE15836981*1
ChargePoint Network,,,13966031,13966031,BEA / STATION 4 (RR),23419961,247,3366175151,2024-09-11T12:15:10Z,2024-09-11T12:41:08Z,,46.807899,117.18,credit_card_terminal,Payment via credit card or debit card terminal,USCPIE13966031*1
ChargePoint Network,,,12406401,12406401,FPIA / RIGHT STATION,21527671,247,3372038021,2024-09-13T16:07:50Z,2024-09-13T16:15:31Z,,0.000000,0.0,membership,Payment by membership account and/or membership card,USCPIE12406401*1
ChargePoint Network,,,7505851,7505851,JEFFERSON AVE. / OXFORD STA1(L),12955471,100011,3354575141,2024-09-06T06:35:10Z,2024-09-06T07:44:20Z,,21.380899,19.04,membership,Payment by membership account and/or membership card,USCPIE7505851*1
ChargePoint Network,,,1921351,1921351,STARKVILLE UTIL / STARKVILLE DWTN,23682571,3,3348491861,2024-09-03T23:51:45Z,2024-09-04T03:00:39Z,,23.363001,7.5668,credit_card_terminal,Payment via credit card or debit card terminal,USCPIE1921351*1
ChargePoint Network,,,15885771,15885771,TWICKENHAM SQ / HU - STATION 4,25521581,247,3383558961,2024-09-18T16:45:40Z,2024-09-18T17:13:57Z,,32.105400,70.526,membership,Payment by membership account and/or membership card,USCPIE15885771*1
ChargePoint Network,,,13643801,13643801,PEPA / STATION 2,23036481,247,3371407611,2024-09-13T11:07:33Z,2024-09-13T11:19:39Z,,13.371800,71.477,membership,Payment by membership account and/or membership card,USCPIE13643801*1
ChargePoint Network,,,14097711,14097711,SCOTTSBORO EPB / SEPB DCFC (R),23570811,247,3345692881,2024-09-02T21:17:38Z,2024-09-02T21:23:14Z,,7.614400,0.0,membership,Payment by membership account and/or membership card,USCPIE14097711*1
ChargePoint Network,,,15260241,15260241,STEMC / STATION 1 (L) A,24784071,247,3374113331,2024-09-14T14:44:45Z,2024-09-14T15:45:33Z,,60.060299,70.526,membership,Payment by membership account and/or membership card,USCPIE15260241*1
ChargePoint Network,,,5363211,5363211,HARTSELLE 1 / HARTSELLE 1,23427581,3,3386808551,2024-09-19T20:45:54Z,2024-09-19T21:05:36Z,,2.181526,6.9443,membership,Payment by membership account and/or membership card,USCPIE5363211*2
ChargePoint Network,,,15885151,15885151,TWICKENHAM SQ / HU - STATION 2,25520801,247,3351271371,2024-09-05T00:48:23Z,2024-09-05T00:49:44Z,,0.000000,0.0,membership,Payment by membership account and/or membership card,USCPIE15885151*1
ChargePoint Network,,,8851921,8851921,7SPC / SEVIERVILLE DC1,15571271,207,3359198681,2024-09-08T14:04:47Z,2024-09-08T15:24:35Z,,58.055000,59.669,membership,Payment by membership account and/or membership card,USCPIE8851921*1
ChargePoint Network,,,9677521,9677521,UT PARKING / S7 STATION 1,17169341,3,3377805481,2024-09-16T13:34:36Z,2024-09-16T15:24:09Z,,12.451038,6.9357,membership,Payment by membership account and/or membership card,USCPIE9677521*2
ChargePoint Network,,,5466441,5466441,7SPC / NASA USSRC R,9079371,3,3369101531,2024-09-12T14:21:45Z,2024-09-12T14:56:48Z,,3.507709,6.0954,credit_card_terminal,Payment via credit card or debit card terminal,USCPIE5466441*2
ChargePoint Network,,,16311861,16311861,KIMBALL EV CHG / STATION 2 (R),26032351,247,3395942621,2024-09-23T22:49:02Z,2024-09-23T23:20:30Z,,37.187401,74.646,membership,Payment by membership account and/or membership card,USCPIE16311861*1
ChargePoint Network,,,1932851,1932851,BRIGHTRIDGE EV / BR-JC LIBRARY,23319821,3,3355586821,2024-09-06T17:39:46Z,2024-09-06T20:23:41Z,,19.339558,7.1989,membership,Payment by membership account and/or membership card,USCPIE1932851*2
ChargePoint Network,,,15548151,15548151,DECATURDOWNTWN / STATION 1 (R),,,3356642891,2024-09-07T01:16:04Z,2024-09-07T01:18:05Z,,0.000000,0.0,membership,Payment by membership account and/or membership card,USCPIE15548151*0
ChargePoint Network,,,14097711,14097711,SCOTTSBORO EPB / SEPB DCFC (R),23570811,247,3357662141,2024-09-07T16:55:38Z,2024-09-07T17:40:58Z,,43.479500,89.542,membership,Payment by membership account and/or membership card,USCPIE14097711*1
ChargePoint Network,,,13643831,13643831,PEPA / STATION 1,23036511,247,3376461781,2024-09-15T20:23:44Z,2024-09-15T20:40:40Z,,14.486100,76.031,membership,Payment by membership account and/or membership card,USCPIE13643831*1
ChargePoint Network,,,5346231,5346231,CULLMANELECTRIC / STATION2-R,8926271,247,3344291791,2024-09-01T23:23:47Z,2024-09-01T23:42:22Z,,17.578699,60.995,membership,Payment by membership account and/or membership card,USCPIE5346231*1
ChargePoint Network,,,5397731,5397731,EEDEV / MILLIGAN UNIV,9010251,3,3354996891,2024-09-06T13:52:31Z,2024-09-06T16:47:14Z,,20.440304,7.4922,membership,Payment by membership account and/or membership card,USCPIE5397731*1
ChargePoint Network,,,12406401,12406401,FPIA / RIGHT STATION,21527671,247,3381439081,2024-09-17T20:43:37Z,2024-09-17T21:24:42Z,,36.434502,65.071,membership,Payment by membership account and/or membership card,USCPIE12406401*1
ChargePoint Network,,,1964521,1964521,EBOFG / GUNTERSVILLE PD,8374201,3,3398046601,2024-09-24T19:23:38Z,2024-09-24T19:51:59Z,,3.330146,7.1627,credit_card_terminal,Payment via credit card or debit card terminal,USCPIE1964521*1
ChargePoint Network,,,15548151,15548151,DECATURDOWNTWN / STATION 1 (R),25119511,247,3360222711,2024-09-09T00:13:08Z,2024-09-09T00:59:35Z,,50.477901,77.617,credit_card_terminal,Payment via credit card or debit card terminal,USCPIE15548151*1
ChargePoint Network,,,13643831,13643831,PEPA / STATION 1,23036511,247,3366624231,2024-09-11T15:21:31Z,2024-09-11T16:01:43Z,,45.353699,71.838,membership,Payment by membership account and/or membership card,USCPIE13643831*1
ChargePoint Network,,,13606091,13606091,I24 EXIT11 / STATION 3 (RM),22992551,247,3351923291,2024-09-05T10:24:46Z,2024-09-05T11:06:59Z,,11.840300,35.243,credit_card_terminal,Payment via credit card or debit card terminal,USCPIE13606091*1
ChargePoint Network,,,5346231,5346231,CULLMANELECTRIC / STATION2-R,8926271,247,3403336911,2024-09-26T19:05:20Z,2024-09-26T19:12:45Z,,5.554300,0.0,membership,Payment by membership account and/or membership card,USCPIE5346231*1
ChargePoint Network,,,13861891,13861891,BRMEMC / STATION 2,,,3369611951,2024-09-12T17:13:49Z,2024-09-12T17:15:50Z,,0.000000,,membership,Payment by membership account and/or membership card,USCPIE13861891*0
ChargePoint Network,,,12676411,12676411,NEMEPA / NEMEPA CUSTOMER,21923891,3,3389268341,2024-09-20T19:32:16Z,2024-09-20T19:51:00Z,,1.704000,5.9609,credit_card_terminal,Payment via credit card or debit card terminal,USCPIE12676411*1
ChargePoint Network,,,1921351,1921351,STARKVILLE UTIL / STARKVILLE DWTN,23682581,3,3368381571,2024-09-12T03:24:54Z,2024-09-12T04:13:41Z,,5.913008,7.5244,membership,Payment by membership account and/or membership card,USCPIE1921351*2
ChargePoint Network,,,13861891,13861891,BRMEMC / STATION 2,23296321,247,3344058641,2024-09-01T21:05:53Z,2024-09-01T21:06:47Z,,0.000000,0.0,membership,Payment by membership account and/or membership card,USCPIE13861891*1
ChargePoint Network,,,15836871,15836871,TOMBIGBEE / STATION 3,25462501,247,3386989521,2024-09-19T21:56:10Z,2024-09-19T23:04:17Z,,68.276199,88.453,membership,Payment by membership account and/or membership card,USCPIE15836871*1
ChargePoint Network,,,8851921,8851921,7SPC / SEVIERVILLE DC1,15571271,100011,3400403391,2024-09-25T17:04:49Z,2024-09-25T17:11:09Z,,0.204400,0.0,credit_card_terminal,Payment via credit card or debit card terminal,USCPIE8851921*1
ChargePoint Network,,,12406491,12406491,FPIA / LEFT STATION,21527781,247,3369175501,2024-09-12T14:49:39Z,2024-09-12T15:11:32Z,,22.089399,83.013,membership,Payment by membership account and/or membership card,USCPIE12406491*1
ChargePoint Network,,,14047321,14047321,JEFFERSON AVE. / OXFORD STA2(R),23514081,247,3373202541,2024-09-14T00:31:05Z,2024-09-14T00:47:20Z,,19.252600,74.335,membership,Payment by membership account and/or membership card,USCPIE14047321*1
ChargePoint Network,,,15260241,15260241,STEMC / STATION 1 (L) A,24784071,247,3387031511,2024-09-19T22:13:05Z,2024-09-19T22:42:08Z,,33.005901,70.132,membership,Payment by membership account and/or membership card,USCPIE15260241*1
ChargePoint Network,,,15885771,15885771,TWICKENHAM SQ / HU - STATION 4,25521581,247,3343714551,2024-09-01T17:26:20Z,2024-09-01T17:50:15Z,,16.867001,60.139,membership,Payment by membership account and/or membership card,USCPIE15885771*1
ChargePoint Network,,,13423581,13423581,AEC / STATION #2 (R),22787011,247,3343857041,2024-09-01T18:58:19Z,2024-09-01T19:13:09Z,,17.241100,72.101,membership,Payment by membership account and/or membership card,USCPIE13423581*1
ChargePoint Network,,,13423691,13423691,AEC / STATION #1 (L),22787121,247,3359760191,2024-09-08T20:12:38Z,2024-09-08T20:56:34Z,,51.962601,74.663,credit_card_terminal,Payment via credit card or debit card terminal,USCPIE13423691*1
ChargePoint Network,,,9677521,9677521,UT PARKING / S7 STATION 1,17169331,3,3402477501,2024-09-26T13:30:26Z,2024-09-26T13:32:46Z,,0.174315,6.9977,membership,Payment by membership account and/or membership card,USCPIE9677521*1
ChargePoint Network,,,12406491,12406491,FPIA / LEFT STATION,21527781,247,3409692581,2024-09-29T18:22:10Z,2024-09-29T18:55:11Z,,42.157799,81.39,membership,Payment by membership account and/or membership card,USCPIE12406491*1
ChargePoint Network,,,15836981,15836981,TOMBIGBEE / STATION 4,25462651,247,3374080811,2024-09-14T14:19:25Z,2024-09-14T14:56:14Z,,57.749298,118.574,membership,Payment by membership account and/or membership card,USCPIE15836981*1
ChargePoint Network,,,14359531,14359531,EBOFG / STATION 2 (R),23870331,247,3367650281,2024-09-11T22:11:34Z,2024-09-11T23:35:49Z,,38.628700,54.15,membership,Payment by membership account and/or membership card,USCPIE14359531*1
ChargePoint Network,,,7173851,7173851,SCOTTSBORO EPB / MAIN OFFICE,12310871,3,3393024601,2024-09-22T18:27:30Z,2024-09-22T18:29:31Z,,0.000000,0.0,membership,Payment by membership account and/or membership card,USCPIE7173851*2
ChargePoint Network,,,14047321,14047321,JEFFERSON AVE. / OXFORD STA2(R),23514081,247,3393502641,2024-09-22T22:46:46Z,2024-09-22T23:31:42Z,,51.458199,78.209,membership,Payment by membership account and/or membership card,USCPIE14047321*1
ChargePoint Network,,,15694081,15694081,BRIGHTRIDGE EV / STATION 2 (R),25291921,247,3395685811,2024-09-23T21:05:30Z,2024-09-23T21:54:22Z,,45.101002,75.4,membership,Payment by membership account and/or membership card,USCPIE15694081*1
ChargePoint Network,,,16022131,16022131,ACEPA / ACE STATION 1,25683791,247,3397809701,2024-09-24T17:35:25Z,2024-09-24T17:35:58Z,,0.000000,0.0,other,Any other payment method not specified above. Additional description should be provided in Payment Method Description.,USCPIE16022131*1
ChargePoint Network,,,9677521,9677521,UT PARKING / S7 STATION 1,17169331,3,3369294741,2024-09-12T15:26:53Z,2024-09-12T19:47:23Z,,22.915556,7.0038,membership,Payment by membership account and/or membership card,USCPIE9677521*1
ChargePoint Network,,,15694171,15694171,BRIGHTRIDGE EV / STATION 1 (L),25292041,247,3348613361,2024-09-04T00:39:12Z,2024-09-04T02:04:39Z,,83.115097,74.48,membership,Payment by membership account and/or membership card,USCPIE15694171*1
ChargePoint Network,,,7505851,7505851,JEFFERSON AVE. / OXFORD STA1(L),12955471,247,3379414511,2024-09-17T00:32:25Z,2024-09-17T01:23:20Z,,44.439701,70.247,membership,Payment by membership account and/or membership card,USCPIE7505851*1
ChargePoint Network,,,13861891,13861891,BRMEMC / STATION 2,23296321,247,3399839321,2024-09-25T13:46:10Z,2024-09-25T13:48:25Z,,0.000000,0.0,membership,Payment by membership account and/or membership card,USCPIE13861891*1
ChargePoint Network,,,12720881,12720881,WRECC / STATION 1,21977141,100011,3345463751,2024-09-02T18:59:03Z,2024-09-02T20:36:37Z,,46.253201,50.4,membership,Payment by membership account and/or membership card,USCPIE12720881*1
ChargePoint Network,,,14359531,14359531,EBOFG / STATION 2 (R),23870331,247,3381608041,2024-09-17T21:52:25Z,2024-09-17T22:49:32Z,,30.539700,53.789,membership,Payment by membership account and/or membership card,USCPIE14359531*1
ChargePoint Network,,,5346231,5346231,CULLMANELECTRIC / STATION2-R,8926271,247,3397155091,2024-09-24T13:37:45Z,2024-09-24T14:11:36Z,,30.875299,73.655,membership,Payment by membership account and/or membership card,USCPIE5346231*1
ChargePoint Network,,,13423581,13423581,AEC / STATION #2 (R),22787011,247,3343665861,2024-09-01T16:54:41Z,2024-09-01T17:09:21Z,,10.458400,54.0,membership,Payment by membership account and/or membership card,USCPIE13423581*1
ChargePoint Network,,,15694081,15694081,BRIGHTRIDGE EV / STATION 2 (R),25291921,247,3347957741,2024-09-03T20:21:03Z,2024-09-03T20:37:22Z,,17.473101,76.435,membership,Payment by membership account and/or membership card,USCPIE15694081*1
ChargePoint Network,,,5363211,5363211,HARTSELLE 1 / HARTSELLE 1,23427581,3,3348180041,2024-09-03T21:51:44Z,2024-09-03T22:03:43Z,,1.347946,6.984,membership,Payment by membership account and/or membership card,USCPIE5363211*2
ChargePoint Network,,,13606141,13606141,I24 EXIT11 / STATION 1 (LL),22992611,247,3390995521,2024-09-21T16:00:16Z,2024-09-21T16:49:30Z,,44.211399,73.481,membership,Payment by membership account and/or membership card,USCPIE13606141*1
ChargePoint Network,,,15885251,15885251,TWICKENHAM SQ / HU - STATION 1,25520941,247,3344203411,2024-09-01T22:35:12Z,2024-09-01T23:31:06Z,,74.759102,96.519,membership,Payment by membership account and/or membership card,USCPIE15885251*1
ChargePoint Network,,,15640031,15640031,NECDC / STATION 1 (L),25228511,247,3375786581,2024-09-15T11:39:53Z,2024-09-15T12:34:05Z,,51.799801,72.468,credit_card_terminal,Payment via credit card or debit card terminal,USCPIE15640031*1
ChargePoint Network,,,14047321,14047321,JEFFERSON AVE. / OXFORD STA2(R),23514081,247,3387449931,2024-09-20T01:05:46Z,2024-09-20T01:33:32Z,,23.029800,73.108,membership,Payment by membership account and/or membership card,USCPIE14047321*1
ChargePoint Network,,,7173851,7173851,SCOTTSBORO EPB / MAIN OFFICE,12310871,3,3369069001,2024-09-12T14:07:28Z,2024-09-12T21:15:36Z,,49.568451,7.1248,membership,Payment by membership account and/or membership card,USCPIE7173851*2
ChargePoint Network,,,15684341,15684341,MLEC / STATION 2 (R) W,25280201,247,3349877961,2024-09-04T15:29:54Z,2024-09-04T15:44:45Z,,13.864100,0.0,membership,Payment by membership account and/or membership card,USCPIE15684341*1
ChargePoint Network,,,1921531,1921531,STARKVILLE UTIL / STARKVILLE REC,2268551,3,3376099221,2024-09-15T16:49:04Z,2024-09-15T21:52:20Z,,36.719593,7.3586,membership,Payment by membership account and/or membership card,USCPIE1921531*1
ChargePoint Network,,,5625391,5625391,7SPC / VEC JAMESTOWN,9280971,3,3386630951,2024-09-19T19:35:55Z,2024-09-19T19:50:31Z,,1.626017,6.9414,credit_card_terminal,Payment via credit card or debit card terminal,USCPIE5625391*2
ChargePoint Network,,,5565191,5565191,7SPC / DOLLYWOOD EMPL,9205041,3,3399709821,2024-09-25T12:47:36Z,2024-09-25T16:13:12Z,,23.795507,7.0563,membership,Payment by membership account and/or membership card,USCPIE5565191*2
ChargePoint Network,,,12406491,12406491,FPIA / LEFT STATION,21527781,247,3410001731,2024-09-29T21:11:56Z,2024-09-29T21:56:29Z,,37.287998,63.84,membership,Payment by membership account and/or membership card,USCPIE12406491*1
ChargePoint Network,,,7505851,7505851,JEFFERSON AVE. / OXFORD STA1(L),12955471,247,3380400951,2024-09-17T13:58:06Z,2024-09-17T14:56:42Z,,67.160103,76.328,credit_card_terminal,Payment via credit card or debit card terminal,USCPIE7505851*1
ChargePoint Network,,,14047321,14047321,JEFFERSON AVE. / OXFORD STA2(R),23514081,247,3380146331,2024-09-17T11:56:34Z,2024-09-17T12:43:42Z,,23.103701,53.849,membership,Payment by membership account and/or membership card,USCPIE14047321*1
ChargePoint Network,,,15885251,15885251,TWICKENHAM SQ / HU - STATION 1,,,3345056451,2024-09-02T13:56:35Z,2024-09-02T13:58:36Z,,0.000000,,membership,Payment by membership account and/or membership card,USCPIE15885251*0
ChargePoint Network,,,1933211,1933211,BRIGHTRIDGE EV / BR-JONESBOROUGH,2283641,3,3392516031,2024-09-22T10:12:03Z,2024-09-22T11:07:47Z,,5.429025,5.9643,membership,Payment by membership account and/or membership card,USCPIE1933211*2
ChargePoint Network,,,16249821,16249821,STARKVILLE UTIL / STATION 1 (L),,,3404829031,2024-09-27T10:29:47Z,2024-09-27T10:29:54Z,,0.000000,,membership,Payment by membership account and/or membership card,USCPIE16249821*0
ChargePoint Network,,,13290491,13290491,7SPC / NASA USSRC L,25742681,3,3368094631,2024-09-12T01:06:35Z,2024-09-12T01:49:24Z,,4.196330,5.9807,credit_card_terminal,Payment via credit card or debit card terminal,USCPIE13290491*2
ChargePoint Network,,,15885771,15885771,TWICKENHAM SQ / HU - STATION 4,25521581,247,3351218911,2024-09-05T00:25:35Z,2024-09-05T00:54:36Z,,56.568901,123.272,membership,Payment by membership account and/or membership card,USCPIE15885771*1
ChargePoint Network,,,12720861,12720861,WRECC / STATION 2,21977121,247,3353311691,2024-09-05T20:23:59Z,2024-09-05T21:12:20Z,,45.190701,74.447,membership,Payment by membership account and/or membership card,USCPIE12720861*1
ChargePoint Network,,,13606141,13606141,I24 EXIT11 / STATION 1 (LL),22992611,247,3356102861,2024-09-06T21:20:47Z,2024-09-06T22:25:57Z,,64.777397,63.631,membership,Payment by membership account and/or membership card,USCPIE13606141*1
ChargePoint Network,,,13423691,13423691,AEC / STATION #1 (L),22787121,247,3374499561,2024-09-14T18:31:22Z,2024-09-14T18:47:09Z,,27.098301,121.505,membership,Payment by membership account and/or membership card,USCPIE13423691*1
ChargePoint Network,,,13643801,13643801,PEPA / STATION 2,23036481,247,3399807191,2024-09-25T13:30:24Z,2024-09-25T13:42:53Z,,11.557000,0.0,membership,Payment by membership account and/or membership card,USCPIE13643801*1
ChargePoint Network,,,14025691,14025691,PARIS BPU / STATION 1(L),23489541,247,3374461511,2024-09-14T18:11:06Z,2024-09-14T18:57:41Z,,49.259800,75.222,membership,Payment by membership account and/or membership card,USCPIE14025691*1
ChargePoint Network,,,13606061,13606061,I24 EXIT11 / STATION 4 (RR),22992511,247,3345603471,2024-09-02T20:24:20Z,2024-09-02T20:47:04Z,,23.194901,64.288,other,Any other payment method not specified above. Additional description should be provided in Payment Method Description.,USCPIE13606061*1
ChargePoint Network,,,15694171,15694171,BRIGHTRIDGE EV / STATION 1 (L),25292041,247,3391015451,2024-09-21T16:12:01Z,2024-09-21T16:16:57Z,,0.000000,0.0,membership,Payment by membership account and/or membership card,USCPIE15694171*1
ChargePoint Network,,,15332351,15332351,TUA NW ATLANTIC / STATION 2 (R),24867891,100011,3375650181,2024-09-15T06:05:49Z,2024-09-15T06:39:19Z,,6.507600,40.95,membership,Payment by membership account and/or membership card,USCPIE15332351*1
ChargePoint Network,,,13606061,13606061,I24 EXIT11 / STATION 4 (RR),22992511,247,3360448021,2024-09-09T02:18:49Z,2024-09-09T02:52:42Z,,39.924599,77.42,membership,Payment by membership account and/or membership card,USCPIE13606061*1
ChargePoint Network,,,8851921,8851921,7SPC / SEVIERVILLE DC1,15571271,207,3346999501,2024-09-03T14:15:27Z,2024-09-03T14:41:32Z,,22.761400,54.111,membership,Payment by membership account and/or membership card,USCPIE8851921*1
ChargePoint Network,,,13966851,13966851,BEA / STATION 1 (LL),23420911,247,3409966811,2024-09-29T20:52:55Z,2024-09-29T21:10:30Z,,11.374600,41.256,credit_card_terminal,Payment via credit card or debit card terminal,USCPIE13966851*1
ChargePoint Network,,,15885251,15885251,TWICKENHAM SQ / HU - STATION 1,25520941,100011,3366762651,2024-09-11T16:02:49Z,2024-09-11T16:16:19Z,,5.772100,43.354,membership,Payment by membership account and/or membership card,USCPIE15885251*1
ChargePoint Network,,,14097801,14097801,SCOTTSBORO EPB / SEPB DCFC (L),23570921,247,3345702601,2024-09-02T21:22:23Z,2024-09-02T21:25:39Z,,0.000000,0.0,membership,Payment by membership account and/or membership card,USCPIE14097801*1
ChargePoint Network,,,1988141,1988141,7SPC / SCES DREAM MORE,2355561,3,3393035001,2024-09-22T18:34:39Z,2024-09-22T21:49:14Z,,22.704182,7.093,membership,Payment by membership account and/or membership card,USCPIE1988141*1
ChargePoint Network,,,12406491,12406491,FPIA / LEFT STATION,21527781,247,3398399261,2024-09-24T21:43:25Z,2024-09-24T22:08:45Z,,45.856800,113.19,membership,Payment by membership account and/or membership card,USCPIE12406491*1
ChargePoint Network,,,5466441,5466441,7SPC / NASA USSRC R,9079361,3,3343954501,2024-09-01T19:59:15Z,2024-09-01T21:43:19Z,,10.674107,6.2346,membership,Payment by membership account and/or membership card,USCPIE5466441*1
ChargePoint Network,,,12406491,12406491,FPIA / LEFT STATION,21527781,247,3372056481,2024-09-13T16:14:29Z,2024-09-13T16:15:27Z,,0.000300,0.0,membership,Payment by membership account and/or membership card,USCPIE12406491*1
ChargePoint Network,,,15640171,15640171,NECDC / STATION 2 (R),25228711,247,3350921921,2024-09-04T22:28:16Z,2024-09-04T23:18:44Z,,49.075600,71.676,membership,Payment by membership account and/or membership card,USCPIE15640171*1
ChargePoint Network,,,8851921,8851921,7SPC / SEVIERVILLE DC1,15571271,207,3376140271,2024-09-15T17:12:43Z,2024-09-15T17:16:23Z,,0.000000,0.0,membership,Payment by membership account and/or membership card,USCPIE8851921*1
ChargePoint Network,,,15684301,15684301,MLEC / STATION 1 (L) W,25280151,247,3381741701,2024-09-17T22:44:40Z,2024-09-17T23:07:28Z,,24.484301,68.949,membership,Payment by membership account and/or membership card,USCPIE15684301*1
ChargePoint Network,,,5380331,5380331,CULLMAN PB / STATION 1,8970961,3,3374301371,2024-09-14T16:41:31Z,2024-09-14T16:46:25Z,,0.509553,7.3769,membership,Payment by membership account and/or membership card,USCPIE5380331*2
ChargePoint Network,,,1921351,1921351,STARKVILLE UTIL / STARKVILLE DWTN,23682581,3,3405215321,2024-09-27T14:31:02Z,2024-09-27T20:35:27Z,,42.694031,7.4542,membership,Payment by membership account and/or membership card,USCPIE1921351*2
ChargePoint Network,,,5122191,5122191,CULLMANELECTRIC / STATION1-L,8482151,247,3359171991,2024-09-08T13:36:58Z,2024-09-08T14:21:44Z,,45.248402,65.01,membership,Payment by membership account and/or membership card,USCPIE5122191*1
ChargePoint Network,,,5122191,5122191,CULLMANELECTRIC / STATION1-L,8482151,247,3357701701,2024-09-07T17:16:24Z,2024-09-07T17:38:32Z,,15.366200,46.115,membership,Payment by membership account and/or membership card,USCPIE5122191*1
ChargePoint Network,,,1921351,1921351,STARKVILLE UTIL / STARKVILLE DWTN,23682571,3,3389201591,2024-09-20T19:05:11Z,2024-09-21T03:03:16Z,,45.444416,7.1617,membership,Payment by membership account and/or membership card,USCPIE1921351*1
ChargePoint Network,,,12406401,12406401,FPIA / RIGHT STATION,21527671,247,3350767201,2024-09-04T21:28:16Z,2024-09-04T21:42:17Z,,14.112000,65.928,membership,Payment by membership account and/or membership card,USCPIE12406401*1
ChargePoint Network,,,5346231,5346231,CULLMANELECTRIC / STATION2-R,8926271,247,3408674901,2024-09-29T01:10:29Z,2024-09-29T01:25:10Z,,16.725700,72.468,membership,Payment by membership account and/or membership card,USCPIE5346231*1
ChargePoint Network,,,15623211,15623211,CLW / 5TH ST 2 (R),25208281,247,3374544931,2024-09-14T18:55:49Z,2024-09-14T19:19:25Z,,23.118700,73.566,membership,Payment by membership account and/or membership card,USCPIE15623211*1
ChargePoint Network,,,13423691,13423691,AEC / STATION #1 (L),22787121,247,3352529781,2024-09-05T15:18:34Z,2024-09-05T16:07:06Z,,27.589500,67.68,membership,Payment by membership account and/or membership card,USCPIE13423691*1
ChargePoint Network,,,13861891,13861891,BRMEMC / STATION 2,23296321,247,3350245501,2024-09-04T17:47:31Z,2024-09-04T18:51:51Z,,45.154800,74.48,credit_card_terminal,Payment via credit card or debit card terminal,USCPIE13861891*1
ChargePoint Network,,,12720881,12720881,WRECC / STATION 1,21977141,247,3368271911,2024-09-12T02:33:28Z,2024-09-12T03:12:31Z,,44.787201,70.092,membership,Payment by membership account and/or membership card,USCPIE12720881*1
ChargePoint Network,,,15836871,15836871,TOMBIGBEE / STATION 3,,,3384926201,2024-09-19T02:18:31Z,2024-09-19T02:20:38Z,,0.000000,,credit_card_terminal,Payment via credit card or debit card terminal,USCPIE15836871*0
ChargePoint Network,,,1964521,1964521,EBOFG / GUNTERSVILLE PD,8374211,3,3390226151,2024-09-21T02:44:29Z,2024-09-21T04:44:25Z,,5.555044,3.7067,credit_card_terminal,Payment via credit card or debit card terminal,USCPIE1964521*2
ChargePoint Network,,,15280441,15280441,SPRFLD ELECTRIC / STATION 2 (R),24807641,247,3391540611,2024-09-21T21:03:22Z,2024-09-21T21:19:30Z,,18.252899,77.615,membership,Payment by membership account and/or membership card,USCPIE15280441*1
ChargePoint Network,,,12406401,12406401,FPIA / RIGHT STATION,21527671,247,3360237161,2024-09-09T00:20:17Z,2024-09-09T00:20:59Z,,0.000000,0.0,membership,Payment by membership account and/or membership card,USCPIE12406401*1
ChargePoint Network,,,9677521,9677521,UT PARKING / S7 STATION 1,17169331,3,3361228951,2024-09-09T14:25:37Z,2024-09-09T16:14:04Z,,12.817636,7.292,credit_card_terminal,Payment via credit card or debit card terminal,USCPIE9677521*1
ChargePoint Network,,,15836871,15836871,TOMBIGBEE / STATION 3,25462501,247,3378153411,2024-09-16T15:42:28Z,2024-09-16T16:13:04Z,,34.146599,73.695,membership,Payment by membership account and/or membership card,USCPIE15836871*1
ChargePoint Network,,,13664401,13664401,BTES / STATION 1 (LL),23060421,247,3359325831,2024-09-08T15:51:43Z,2024-09-08T16:10:44Z,,20.740200,75.263,credit_card_terminal,Payment via credit card or debit card terminal,USCPIE13664401*1
ChargePoint Network,,,13803581,13803581,FPU / STATION 1 (L),23227201,247,3380436501,2024-09-17T14:13:00Z,2024-09-17T16:01:19Z,,34.062901,76.635,membership,Payment by membership account and/or membership card,USCPIE13803581*1
ChargePoint Network,,,5346231,5346231,CULLMANELECTRIC / STATION2-R,8926271,247,3372136831,2024-09-13T16:46:40Z,2024-09-13T16:47:04Z,,0.000000,0.0,membership,Payment by membership account and/or membership card,USCPIE5346231*1
ChargePoint Network,,,15260251,15260251,STEMC / STATION 2 (R) A,24784081,100011,3380444401,2024-09-17T14:16:26Z,2024-09-17T14:55:59Z,,14.212500,38.521,membership,Payment by membership account and/or membership card,USCPIE15260251*1
ChargePoint Network,,,13643801,13643801,PEPA / STATION 2,23036481,247,3398249531,2024-09-24T20:44:14Z,2024-09-24T21:19:17Z,,40.325699,75.62,membership,Payment by membership account and/or membership card,USCPIE13643801*1
ChargePoint Network,,,12406491,12406491,FPIA / LEFT STATION,21527781,247,3355287111,2024-09-06T15:41:29Z,2024-09-06T15:48:51Z,,7.532500,73.232,membership,Payment by membership account and/or membership card,USCPIE12406491*1
ChargePoint Network,,,1844191,1844191,CLW / MAIN ST,23050441,3,3368251991,2024-09-12T02:20:45Z,2024-09-12T05:09:19Z,,19.557493,7.3691,membership,Payment by membership account and/or membership card,USCPIE1844191*2
ChargePoint Network,,,16022131,16022131,ACEPA / ACE STATION 1,25683791,247,3407478081,2024-09-28T13:48:09Z,2024-09-28T14:12:13Z,,24.946800,87.073,membership,Payment by membership account and/or membership card,USCPIE16022131*1
ChargePoint Network,,,14083171,14083171,STEMC / STATION 1 (L) H,23554721,247,3390755201,2024-09-21T12:57:51Z,2024-09-21T13:06:01Z,,7.353100,71.064,credit_card_terminal,Payment via credit card or debit card terminal,USCPIE14083171*1
ChargePoint Network,,,15885771,15885771,TWICKENHAM SQ / HU - STATION 4,25521581,247,3348114081,2024-09-03T21:25:52Z,2024-09-03T22:42:24Z,,36.325500,53.341,membership,Payment by membership account and/or membership card,USCPIE15885771*1
ChargePoint Network,,,5625391,5625391,7SPC / VEC JAMESTOWN,9280961,3,3389062701,2024-09-20T18:01:37Z,2024-09-20T18:26:51Z,,3.062564,7.4886,membership,Payment by membership account and/or membership card,USCPIE5625391*1
ChargePoint Network,,,15885251,15885251,TWICKENHAM SQ / HU - STATION 1,25520941,247,3345350831,2024-09-02T17:45:26Z,2024-09-02T18:41:12Z,,49.173801,85.064,membership,Payment by membership account and/or membership card,USCPIE15885251*1
ChargePoint Network,,,15640171,15640171,NECDC / STATION 2 (R),25228711,247,3364896351,2024-09-10T21:26:17Z,2024-09-10T23:19:58Z,,78.242798,44.756,membership,Payment by membership account and/or membership card,USCPIE15640171*1
ChargePoint Network,,,16249821,16249821,STARKVILLE UTIL / STATION 1 (L),25959011,247,3391250731,2024-09-21T18:25:34Z,2024-09-21T18:47:03Z,,25.016100,75.074,membership,Payment by membership account and/or membership card,USCPIE16249821*1
ChargePoint Network,,,1932851,1932851,BRIGHTRIDGE EV / BR-JC LIBRARY,23319821,3,3409963651,2024-09-29T20:01:23Z,2024-09-29T20:06:38Z,,0.570353,7.1335,membership,Payment by membership account and/or membership card,USCPIE1932851*2
ChargePoint Network,,,5346231,5346231,CULLMANELECTRIC / STATION2-R,8926271,247,3359664371,2024-09-08T19:17:57Z,2024-09-08T19:24:49Z,,8.175300,0.0,membership,Payment by membership account and/or membership card,USCPIE5346231*1
ChargePoint Network,,,5346231,5346231,CULLMANELECTRIC / STATION2-R,8926271,247,3371862731,2024-09-13T15:12:03Z,2024-09-13T15:41:58Z,,27.312099,74.663,membership,Payment by membership account and/or membership card,USCPIE5346231*1
ChargePoint Network,,,15694171,15694171,BRIGHTRIDGE EV / STATION 1 (L),25292041,247,3351530671,2024-09-05T02:53:50Z,2024-09-05T03:43:43Z,,40.845299,74.052,membership,Payment by membership account and/or membership card,USCPIE15694171*1
ChargePoint Network,,,1844191,1844191,CLW / MAIN ST,23050441,3,3393437571,2024-09-22T22:13:01Z,2024-09-23T05:15:09Z,,45.034107,7.3402,membership,Payment by membership account and/or membership card,USCPIE1844191*2
ChargePoint Network,,,13643801,13643801,PEPA / STATION 2,23036481,247,3358405931,2024-09-07T23:42:34Z,2024-09-08T00:05:47Z,,24.322100,73.853,membership,Payment by membership account and/or membership card,USCPIE13643801*1
ChargePoint Network,,,1921351,1921351,STARKVILLE UTIL / STARKVILLE DWTN,23682581,3,3374843371,2024-09-14T21:36:38Z,2024-09-14T22:30:31Z,,6.606234,7.4967,membership,Payment by membership account and/or membership card,USCPIE1921351*2
ChargePoint Network,,,1932851,1932851,BRIGHTRIDGE EV / BR-JC LIBRARY,23319821,3,3353855061,2024-09-05T23:51:59Z,2024-09-06T01:18:16Z,,10.640132,7.4904,membership,Payment by membership account and/or membership card,USCPIE1932851*2
ChargePoint Network,,,12406491,12406491,FPIA / LEFT STATION,21527781,247,3409856071,2024-09-29T19:53:04Z,2024-09-29T20:47:55Z,,64.996002,77.811,membership,Payment by membership account and/or membership card,USCPIE12406491*1
ChargePoint Network,,,13664471,13664471,BTES / STATION 3 (RM),23060511,247,3409511411,2024-09-29T16:34:22Z,2024-09-29T18:22:22Z,,67.816002,75.056,credit_card_terminal,Payment via credit card or debit card terminal,USCPIE13664471*1
ChargePoint Network,,,16022131,16022131,ACEPA / ACE STATION 1,25683791,247,3393015091,2024-09-22T18:24:22Z,2024-09-22T18:40:24Z,,17.027000,67.031,membership,Payment by membership account and/or membership card,USCPIE16022131*1
ChargePoint Network,,,16249821,16249821,STARKVILLE UTIL / STATION 1 (L),25959011,247,3396023531,2024-09-23T23:20:33Z,2024-09-23T23:58:43Z,,45.754501,75.66,membership,Payment by membership account and/or membership card,USCPIE16249821*1
ChargePoint Network,,,16244751,16244751,TOMBIGBEE / STATION 1,25952971,247,3374383241,2024-09-14T17:27:14Z,2024-09-14T18:05:47Z,,44.404598,76.238,membership,Payment by membership account and/or membership card,USCPIE16244751*1
ChargePoint Network,,,15684341,15684341,MLEC / STATION 2 (R) W,25280201,247,3366744211,2024-09-11T15:57:01Z,2024-09-11T16:44:56Z,,48.050499,62.916,membership,Payment by membership account and/or membership card,USCPIE15684341*1
ChargePoint Network,,,1988061,1988061,7SPC / SCES DOLLYWOOD,25499831,3,3390810071,2024-09-21T13:50:35Z,2024-09-21T19:05:45Z,,5.704229,3.7711,membership,Payment by membership account and/or membership card,USCPIE1988061*1
ChargePoint Network,,,15885771,15885771,TWICKENHAM SQ / HU - STATION 4,25521581,100011,3404690771,2024-09-27T05:36:19Z,2024-09-27T05:51:52Z,,4.317600,44.801,credit_card_terminal,Payment via credit card or debit card terminal,USCPIE15885771*1
ChargePoint Network,,,7173851,7173851,SCOTTSBORO EPB / MAIN OFFICE,12310861,3,3345714321,2024-09-02T21:29:54Z,2024-09-02T21:35:16Z,,0.569806,7.0986,membership,Payment by membership account and/or membership card,USCPIE7173851*1
ChargePoint Network,,,13861861,13861861,BRMEMC / STATION 1,23296281,247,3405576871,2024-09-27T16:39:54Z,2024-09-27T17:12:46Z,,38.754002,121.635,membership,Payment by membership account and/or membership card,USCPIE13861861*1
ChargePoint Network,,,13664471,13664471,BTES / STATION 3 (RM),23060511,247,3357761361,2024-09-07T17:50:08Z,2024-09-07T17:50:59Z,,0.000000,0.0,credit_card_terminal,Payment via credit card or debit card terminal,USCPIE13664471*1
ChargePoint Network,,,16249951,16249951,STARKVILLE UTIL / STATION 2 (R),25959201,247,3389298901,2024-09-20T19:45:30Z,2024-09-20T19:46:01Z,,0.000000,0.0,membership,Payment by membership account and/or membership card,USCPIE16249951*1
ChargePoint Network,,,12989161,12989161,BTES / CITY HALL,22285811,3,3376228911,2024-09-15T18:07:50Z,2024-09-15T20:21:22Z,,6.063964,3.7285,credit_card_terminal,Payment via credit card or debit card terminal,USCPIE12989161*1
ChargePoint Network,,,12448521,12448521,7SPC / WARREN RECC LF,21576921,3,3352333801,2024-09-05T14:09:11Z,2024-09-05T19:10:34Z,,30.052614,6.1616,credit_card_terminal,Payment via credit card or debit card terminal,USCPIE12448521*2
ChargePoint Network,,,5122191,5122191,CULLMANELECTRIC / STATION1-L,8482151,247,3408443171,2024-09-28T23:00:38Z,2024-09-29T01:10:42Z,,40.565201,53.341,membership,Payment by membership account and/or membership card,USCPIE5122191*1
ChargePoint Network,,,16249951,16249951,STARKVILLE UTIL / STATION 2 (R),25959201,247,3393560011,2024-09-22T23:10:52Z,2024-09-23T00:13:22Z,,64.307800,76.047,credit_card_terminal,Payment via credit card or debit card terminal,USCPIE16249951*1
ChargePoint Network,,,13803581,13803581,FPU / STATION 1 (L),23227201,247,3357815301,2024-09-07T18:20:15Z,2024-09-07T18:41:13Z,,23.309601,81.536,membership,Payment by membership account and/or membership card,USCPIE13803581*1
ChargePoint Network,,,14047321,14047321,JEFFERSON AVE. / OXFORD STA2(R),23514081,247,3409155991,2024-09-29T07:42:04Z,2024-09-29T08:21:00Z,,38.752201,74.599,membership,Payment by membership account and/or membership card,USCPIE14047321*1
ChargePoint Network,,,15885791,15885791,TWICKENHAM SQ / HU - STATION 3,25521611,247,3378002641,2024-09-16T14:57:14Z,2024-09-16T16:57:37Z,,117.451401,87.515,membership,Payment by membership account and/or membership card,USCPIE15885791*1
ChargePoint Network,,,16249821,16249821,STARKVILLE UTIL / STATION 1 (L),25959011,247,3404831091,2024-09-27T10:33:53Z,2024-09-27T10:44:30Z,,19.530800,0.0,membership,Payment by membership account and/or membership card,USCPIE16249821*1
ChargePoint Network,,,15885251,15885251,TWICKENHAM SQ / HU - STATION 1,25520941,247,3380401931,2024-09-17T13:58:30Z,2024-09-17T14:24:22Z,,12.229000,48.36,credit_card_terminal,Payment via credit card or debit card terminal,USCPIE15885251*1
ChargePoint Network,,,13423691,13423691,AEC / STATION #1 (L),22787121,247,3392957281,2024-09-22T17:49:54Z,2024-09-22T18:25:11Z,,27.608200,71.511,membership,Payment by membership account and/or membership card,USCPIE13423691*1
ChargePoint Network,,,12406401,12406401,FPIA / RIGHT STATION,21527671,247,3358485461,2024-09-08T00:26:52Z,2024-09-08T00:44:37Z,,20.309999,71.279,credit_card_terminal,Payment via credit card or debit card terminal,USCPIE12406401*1
ChargePoint Network,,,5565191,5565191,7SPC / DOLLYWOOD EMPL,9205031,3,3357382121,2024-09-07T13:50:08Z,2024-09-07T15:21:37Z,,9.535061,6.8165,membership,Payment by membership account and/or membership card,USCPIE5565191*1
ChargePoint Network,,,9777021,9777021,CRMC / CRMC-2- L2RIGHT,17361741,3,3374520451,2024-09-14T18:41:33Z,2024-09-14T22:13:34Z,,17.311314,6.8924,credit_card_terminal,Payment via credit card or debit card terminal,USCPIE9777021*1
ChargePoint Network,,,15885771,15885771,TWICKENHAM SQ / HU - STATION 4,,,3397925661,2024-09-24T18:29:06Z,2024-09-24T18:31:08Z,,0.000000,,membership,Payment by membership account and/or membership card,USCPIE15885771*0
ChargePoint Network,,,13606121,13606121,I24 EXIT11 / STATION 2 (LM),22992591,247,3345584071,2024-09-02T20:11:53Z,2024-09-02T20:21:19Z,,8.945300,67.964,membership,Payment by membership account and/or membership card,USCPIE13606121*1
ChargePoint Network,,,8851921,8851921,7SPC / SEVIERVILLE DC1,15571271,207,3396205181,2024-09-24T00:39:28Z,2024-09-24T01:20:19Z,,27.413099,54.167,membership,Payment by membership account and/or membership card,USCPIE8851921*1
ChargePoint Network,,,15885151,15885151,TWICKENHAM SQ / HU - STATION 2,25520801,247,3343642461,2024-09-01T16:37:59Z,2024-09-01T17:39:01Z,,54.680302,56.304,credit_card_terminal,Payment via credit card or debit card terminal,USCPIE15885151*1
ChargePoint Network,,,16244751,16244751,TOMBIGBEE / STATION 1,25952971,247,3379662291,2024-09-17T02:34:48Z,2024-09-17T03:15:09Z,,20.924700,54.299,credit_card_terminal,Payment via credit card or debit card terminal,USCPIE16244751*1
ChargePoint Network,,,12406491,12406491,FPIA / LEFT STATION,21527781,100011,3360019371,2024-09-08T22:33:52Z,2024-09-08T23:12:23Z,,24.075800,53.543,membership,Payment by membership account and/or membership card,USCPIE12406491*1
ChargePoint Network,,,5565241,5565241,7SPC / SCES LECONTE 4,9205111,3,3368629641,2024-09-12T07:05:01Z,2024-09-12T07:07:03Z,,0.000000,0.0,membership,Payment by membership account and/or membership card,USCPIE5565241*2
ChargePoint Network,,,13643831,13643831,PEPA / STATION 1,23036511,247,3384408401,2024-09-18T22:42:17Z,2024-09-18T23:55:41Z,,50.682098,73.26,membership,Payment by membership account and/or membership card,USCPIE13643831*1
ChargePoint Network,,,14047321,14047321,JEFFERSON AVE. / OXFORD STA2(R),23514081,247,3404771311,2024-09-27T07:24:59Z,2024-09-27T07:50:29Z,,29.865700,73.655,membership,Payment by membership account and/or membership card,USCPIE14047321*1
ChargePoint Network,,,12406491,12406491,FPIA / LEFT STATION,21527781,247,3378566651,2024-09-16T18:36:06Z,2024-09-16T19:11:00Z,,28.336800,74.027,membership,Payment by membership account and/or membership card,USCPIE12406491*1
ChargePoint Network,,,13606141,13606141,I24 EXIT11 / STATION 1 (LL),22992611,247,3350933371,2024-09-04T22:32:39Z,2024-09-04T22:33:53Z,,0.411600,0.0,credit_card_terminal,Payment via credit card or debit card terminal,USCPIE13606141*1
ChargePoint Network,,,15694171,15694171,BRIGHTRIDGE EV / STATION 1 (L),25292041,247,3350812941,2024-09-04T21:46:36Z,2024-09-04T22:09:50Z,,25.487200,69.893,membership,Payment by membership account and/or membership card,USCPIE15694171*1
ChargePoint Network,,,5397731,5397731,EEDEV / MILLIGAN UNIV,9010261,3,3391018691,2024-09-21T16:13:46Z,2024-09-21T23:57:07Z,,53.381302,7.2154,membership,Payment by membership account and/or membership card,USCPIE5397731*2
ChargePoint Network,,,5565191,5565191,7SPC / DOLLYWOOD EMPL,9205041,3,3373979761,2024-09-14T12:42:13Z,2024-09-14T14:02:47Z,,9.093183,6.9469,membership,Payment by membership account and/or membership card,USCPIE5565191*2
ChargePoint Network,,,14097711,14097711,SCOTTSBORO EPB / SEPB DCFC (R),23570811,247,3350563881,2024-09-04T20:05:51Z,2024-09-04T20:37:23Z,,28.292900,65.267,membership,Payment by membership account and/or membership card,USCPIE14097711*1
ChargePoint Network,,,15332351,15332351,TUA NW ATLANTIC / STATION 2 (R),24867891,247,3358276511,2024-09-07T22:32:37Z,2024-09-07T23:40:05Z,,37.560398,73.319,credit_card_terminal,Payment via credit card or debit card terminal,USCPIE15332351*1
ChargePoint Network,,,14047321,14047321,JEFFERSON AVE. / OXFORD STA2(R),23514081,247,3393248021,2024-09-22T20:31:28Z,2024-09-22T21:55:47Z,,60.109402,72.889,credit_card_terminal,Payment via credit card or debit card terminal,USCPIE14047321*1
ChargePoint Network,,,12989161,12989161,BTES / CITY HALL,22285821,3,3368454211,2024-09-12T04:02:07Z,2024-09-12T06:00:07Z,,14.136012,7.3002,membership,Payment by membership account and/or membership card,USCPIE12989161*2
ChargePoint Network,,,15694081,15694081,BRIGHTRIDGE EV / STATION 2 (R),25291921,247,3390723511,2024-09-21T12:18:42Z,2024-09-21T13:29:27Z,,47.169601,77.027,membership,Payment by membership account and/or membership card,USCPIE15694081*1
ChargePoint Network,,,15260251,15260251,STEMC / STATION 2 (R) A,24784081,247,3393369721,2024-09-22T21:36:54Z,2024-09-22T22:39:32Z,,90.224503,94.401,membership,Payment by membership account and/or membership card,USCPIE15260251*1
ChargePoint Network,,,5466441,5466441,7SPC / NASA USSRC R,9079361,3,3393935501,2024-09-23T02:45:00Z,2024-09-23T02:47:00Z,,0.000000,0.0,membership,Payment by membership account and/or membership card,USCPIE5466441*1
ChargePoint Network,,,13966051,13966051,BEA / STATION 3 (RM),23419981,247,3346993711,2024-09-03T14:12:54Z,2024-09-03T15:06:25Z,,51.558899,77.811,membership,Payment by membership account and/or membership card,USCPIE13966051*1
ChargePoint Network,,,15694081,15694081,BRIGHTRIDGE EV / STATION 2 (R),25291921,247,3386299491,2024-09-19T17:08:49Z,2024-09-19T18:14:33Z,,67.891800,76.435,roaming,Payment via roaming partners,USCPIE15694081*1
ChargePoint Network,,,13606061,13606061,I24 EXIT11 / STATION 4 (RR),22992511,247,3348589771,2024-09-04T00:29:19Z,2024-09-04T00:29:53Z,,0.000000,0.0,credit_card_terminal,Payment via credit card or debit card terminal,USCPIE13606061*1