provider_id,station_id,site_id,charger_id,evse_id,evse_name,port_id,connector_id,session_id,session_start,session_end,session_error,energy_kwh,peak_power_kw,payment_method,payment_other,eMI3 Port id
ChargePoint Network,,,5466441,5466441,7SPC / NASA USSRC R,9079371,3,3129739591,2024-05-29T20:09:21Z,2024-05-29T20:31:55Z,,2.267484,6.2332,credit_card_terminal,Payment via credit card or debit card terminal,USCPIE5466441*2
ChargePoint Network,,,9677521,9677521,UT PARKING / S7 STATION 1,17169331,3,3104945581,2024-05-18T13:11:36Z,2024-05-18T13:12:54Z,,0.061186,7.2449,membership,Payment by membership account and/or membership card,USCPIE9677521*1
ChargePoint Network,,,8851921,8851921,7SPC / SEVIERVILLE DC1,15571271,207,3120462841,2024-05-25T01:20:41Z,2024-05-25T01:21:27Z,,0.000000,0.0,membership,Payment by membership account and/or membership card,USCPIE8851921*1
ChargePoint Network,,,15623211,15623211,CLW / 5TH ST 2 (R),25208281,247,3093793051,2024-05-13T22:11:58Z,2024-05-13T22:47:35Z,,45.017502,81.361,membership,Payment by membership account and/or membership card,USCPIE15623211*1
ChargePoint Network,,,5565191,5565191,7SPC / DOLLYWOOD EMPL,9205031,3,3114967351,2024-05-22T22:07:14Z,2024-05-23T02:15:12Z,,23.128441,7.0752,membership,Payment by membership account and/or membership card,USCPIE5565191*1
ChargePoint Network,,,15332351,15332351,TUA NW ATLANTIC / STATION 2 (R),24867891,247,3114236081,2024-05-22T16:45:59Z,2024-05-22T17:31:27Z,,20.690300,36.945,phone_online,"Payment through mobile app, website, automated phone number or messaging system",USCPIE15332351*1
ChargePoint Network,,,13659871,13659871,LAWRENCEBURG / STATION 2 (R),23054921,247,3079550351,2024-05-07T17:55:28Z,2024-05-07T18:04:42Z,,7.049500,51.404,membership,Payment by membership account and/or membership card,USCPIE13659871*1
ChargePoint Network,,,12720881,12720881,WRECC / STATION 1,21977141,247,3079331841,2024-05-07T16:16:03Z,2024-05-07T16:54:14Z,,38.949501,72.635,credit_card_terminal,Payment via credit card or debit card terminal,USCPIE12720881*1
ChargePoint Network,,,15548181,15548181,DECATURDOWNTWN / STATION 2 (L),25119551,100011,3132780741,2024-05-30T23:35:48Z,2024-05-31T00:08:13Z,,14.443000,36.134,membership,Payment by membership account and/or membership card,USCPIE15548181*1
ChargePoint Network,,,13423581,13423581,AEC / STATION #2 (R),22787011,247,3079539731,2024-05-07T17:50:34Z,2024-05-07T18:08:41Z,,10.124700,53.29,membership,Payment by membership account and/or membership card,USCPIE13423581*1
ChargePoint Network,,,13803581,13803581,FPU / STATION 1 (L),23227201,247,3129059221,2024-05-29T15:30:38Z,2024-05-29T16:02:47Z,,29.289101,83.055,membership,Payment by membership account and/or membership card,USCPIE13803581*1
ChargePoint Network,,,15260241,15260241,STEMC / STATION 1 (L) A,24784071,247,3103949291,2024-05-17T22:57:08Z,2024-05-17T23:32:24Z,,39.821602,75.056,credit_card_terminal,Payment via credit card or debit card terminal,USCPIE15260241*1
ChargePoint Network,,,1988141,1988141,7SPC / SCES DREAM MORE,2355561,3,3107675081,2024-05-19T23:18:47Z,2024-05-20T01:03:43Z,,12.342174,7.1274,membership,Payment by membership account and/or membership card,USCPIE1988141*1
ChargePoint Network,,,15280441,15280441,SPRFLD ELECTRIC / STATION 2 (R),24807641,247,3079534231,2024-05-07T17:47:49Z,2024-05-07T17:48:32Z,,0.000000,0.0,membership,Payment by membership account and/or membership card,USCPIE15280441*1
ChargePoint Network,,,13606121,13606121,I24 EXIT11 / STATION 2 (LM),22992591,247,3107583661,2024-05-19T22:33:07Z,2024-05-19T22:35:25Z,,1.390100,0.0,membership,Payment by membership account and/or membership card,USCPIE13606121*1
ChargePoint Network,,,13606091,13606091,I24 EXIT11 / STATION 3 (RM),22992551,247,3107506411,2024-05-19T21:50:43Z,2024-05-19T22:00:08Z,,10.119300,72.496,membership,Payment by membership account and/or membership card,USCPIE13606091*1
ChargePoint Network,,,5346231,5346231,CULLMANELECTRIC / STATION2-R,8926271,247,3069964611,2024-05-02T23:52:33Z,2024-05-02T23:59:24Z,,10.886100,0.0,membership,Payment by membership account and/or membership card,USCPIE5346231*1
ChargePoint Network,,,12720861,12720861,WRECC / STATION 2,21977121,247,3121116451,2024-05-25T12:56:17Z,2024-05-25T13:59:29Z,,32.070099,54.314,membership,Payment by membership account and/or membership card,USCPIE12720861*1
ChargePoint Network,,,15694081,15694081,BRIGHTRIDGE EV / STATION 2 (R),25291921,247,3119563161,2024-05-24T18:22:25Z,2024-05-24T19:17:23Z,,54.138401,77.814,membership,Payment by membership account and/or membership card,USCPIE15694081*1
ChargePoint Network,,,12754021,12754021,WCMES / CITYHALL1-L,22015241,247,3121129841,2024-05-25T13:09:54Z,2024-05-25T14:15:08Z,,33.451099,52.895,membership,Payment by membership account and/or membership card,USCPIE12754021*1
ChargePoint Network,,,15250771,15250771,SES-TN / STATION 1,24772691,247,3081980431,2024-05-08T17:12:22Z,2024-05-08T19:21:48Z,,26.084700,44.279,membership,Payment by membership account and/or membership card,USCPIE15250771*1
ChargePoint Network,,,1964521,1964521,EBOFG / GUNTERSVILLE PD,8374201,3,3119514171,2024-05-24T17:58:01Z,2024-05-24T18:33:17Z,,4.216970,7.2659,membership,Payment by membership account and/or membership card,USCPIE1964521*1
ChargePoint Network,,,13966811,13966811,BEA / STATION 2 (LM),23420881,247,3088792051,2024-05-11T12:08:29Z,2024-05-11T12:21:18Z,,7.092600,44.275,membership,Payment by membership account and/or membership card,USCPIE13966811*1
ChargePoint Network,,,15694081,15694081,BRIGHTRIDGE EV / STATION 1 (L),25291921,247,3090732321,2024-05-12T13:50:09Z,2024-05-12T15:22:19Z,,20.303600,67.251,membership,Payment by membership account and/or membership card,USCPIE15694081*1
ChargePoint Network,,,5346231,5346231,CULLMANELECTRIC / STATION2-R,8926271,247,3091213481,2024-05-12T19:33:01Z,2024-05-12T19:56:08Z,,21.098900,82.823,membership,Payment by membership account and/or membership card,USCPIE5346231*1
ChargePoint Network,,,12720881,12720881,WRECC / STATION 1,21977141,247,3107630631,2024-05-19T22:59:11Z,2024-05-19T23:06:02Z,,0.000000,0.0,membership,Payment by membership account and/or membership card,USCPIE12720881*1
ChargePoint Network,,,5565191,5565191,7SPC / DOLLYWOOD EMPL,9205031,3,3079002161,2024-05-07T14:24:45Z,2024-05-07T18:36:15Z,,28.674950,7.1562,membership,Payment by membership account and/or membership card,USCPIE5565191*1
ChargePoint Network,,,15694171,15694171,BRIGHTRIDGE EV / STATION 2 (R),25292041,247,3085761121,2024-05-10T01:39:37Z,2024-05-10T01:58:28Z,,29.587799,120.262,membership,Payment by membership account and/or membership card,USCPIE15694171*1
ChargePoint Network,,,15280471,15280471,SPRFLD ELECTRIC / STATION 1 (L),24807681,247,3075587331,2024-05-05T22:53:32Z,2024-05-05T23:38:13Z,,38.501598,61.291,membership,Payment by membership account and/or membership card,USCPIE15280471*1
ChargePoint Network,,,13861891,13861891,BRMEMC / STATION 2,23296321,247,3071641591,2024-05-03T18:44:20Z,2024-05-03T19:06:09Z,,11.667800,34.83,membership,Payment by membership account and/or membership card,USCPIE13861891*1
ChargePoint Network,,,1933211,1933211,BRIGHTRIDGE EV / BR-JONESBOROUGH,2283631,3,3096096421,2024-05-14T20:58:51Z,2024-05-14T21:11:04Z,,1.229030,6.243,credit_card_terminal,Payment via credit card or debit card terminal,USCPIE1933211*1
ChargePoint Network,,,13861861,13861861,BRMEMC / STATION 1,23296281,247,3067803311,2024-05-02T09:20:07Z,2024-05-02T09:51:51Z,,55.255798,117.962,credit_card_terminal,Payment via credit card or debit card terminal,USCPIE13861861*1
ChargePoint Network,,,13659871,13659871,LAWRENCEBURG / STATION 2 (R),23054921,247,3084085021,2024-05-09T14:28:13Z,2024-05-09T14:49:57Z,,23.069599,72.693,membership,Payment by membership account and/or membership card,USCPIE13659871*1
ChargePoint Network,,,1932851,1932851,BRIGHTRIDGE EV / BR-JC LIBRARY,23319821,3,3068997991,2024-05-02T16:48:35Z,2024-05-02T18:51:40Z,,14.819327,7.2909,membership,Payment by membership account and/or membership card,USCPIE1932851*2
ChargePoint Network,,,5346231,5346231,CULLMANELECTRIC / STATION2-R,8926271,247,3073113231,2024-05-04T13:08:45Z,2024-05-04T13:25:16Z,,10.904900,53.131,membership,Payment by membership account and/or membership card,USCPIE5346231*1
ChargePoint Network,,,15623211,15623211,CLW / 5TH ST 2 (R),,,3096284921,2024-05-14T22:17:40Z,2024-05-14T22:19:46Z,,0.000000,,credit_card_terminal,Payment via credit card or debit card terminal,USCPIE15623211*0
ChargePoint Network,,,13606061,13606061,I24 EXIT11 / STATION 4 (RR),22992511,247,3116922811,2024-05-23T17:22:23Z,2024-05-23T17:23:39Z,,0.000000,0.0,membership,Payment by membership account and/or membership card,USCPIE13606061*1
ChargePoint Network,,,13966031,13966031,BEA / STATION 4 (RR),23419961,247,3073827901,2024-05-04T21:14:42Z,2024-05-04T22:02:56Z,,44.792301,71.344,membership,Payment by membership account and/or membership card,USCPIE13966031*1
ChargePoint Network,,,12406491,12406491,FPIA / LEFT STATION,21527781,247,3075239121,2024-05-05T19:29:06Z,2024-05-05T19:52:19Z,,24.150700,83.778,membership,Payment by membership account and/or membership card,USCPIE12406491*1
ChargePoint Network,,,5346231,5346231,CULLMANELECTRIC / STATION2-R,8926271,247,3098721391,2024-05-15T21:40:02Z,2024-05-15T21:41:46Z,,0.000000,0.0,membership,Payment by membership account and/or membership card,USCPIE5346231*1
ChargePoint Network,,,15623211,15623211,CLW / 5TH ST 2 (R),25208281,247,3121551761,2024-05-25T18:12:10Z,2024-05-25T18:13:39Z,,0.454100,0.0,membership,Payment by membership account and/or membership card,USCPIE15623211*1
ChargePoint Network,,,15640171,15640171,NECDC / STATION 2 (R),25228711,247,3091232151,2024-05-12T19:44:38Z,2024-05-12T19:46:51Z,,0.000000,0.0,membership,Payment by membership account and/or membership card,USCPIE15640171*1
ChargePoint Network,,,13664471,13664471,BTES / STATION 3 (RM),23060511,247,3073407571,2024-05-04T17:02:33Z,2024-05-04T17:49:15Z,,28.856501,65.015,membership,Payment by membership account and/or membership card,USCPIE13664471*1
ChargePoint Network,,,5565291,5565291,7SPC / SCES LECONTE 1,9205201,3,3082556631,2024-05-08T21:22:57Z,2024-05-08T23:17:04Z,,13.246204,7.0477,membership,Payment by membership account and/or membership card,USCPIE5565291*2
ChargePoint Network,,,15332351,15332351,TUA NW ATLANTIC / STATION 2 (R),,,3073986381,2024-05-04T22:47:22Z,2024-05-04T22:49:23Z,,0.000000,,membership,Payment by membership account and/or membership card,USCPIE15332351*0
ChargePoint Network,,,1932851,1932851,BRIGHTRIDGE EV / BR-JC LIBRARY,23319821,3,3103984211,2024-05-17T23:13:51Z,2024-05-18T01:05:56Z,,13.773507,7.4694,membership,Payment by membership account and/or membership card,USCPIE1932851*2
ChargePoint Network,,,14097801,14097801,SCOTTSBORO EPB / SEPB DCFC (L),,,3087141971,2024-05-10T17:43:07Z,2024-05-10T17:45:08Z,,0.000000,,membership,Payment by membership account and/or membership card,USCPIE14097801*0
ChargePoint Network,,,15548181,15548181,DECATURDOWNTWN / STATION 2 (L),25119551,247,3114531451,2024-05-22T19:03:44Z,2024-05-22T19:20:54Z,,26.083799,99.449,credit_card_terminal,Payment via credit card or debit card terminal,USCPIE15548181*1
ChargePoint Network,,,1932851,1932851,BRIGHTRIDGE EV / BR-JC LIBRARY,23319811,3,3113421301,2024-05-22T10:32:52Z,2024-05-22T11:36:51Z,,7.795016,7.4019,membership,Payment by membership account and/or membership card,USCPIE1932851*1
ChargePoint Network,,,1921531,1921531,STARKVILLE UTIL / STARKVILLE REC,2268551,3,3073220881,2024-05-04T14:51:58Z,2024-05-04T20:17:36Z,,24.770166,7.2234,credit_card_terminal,Payment via credit card or debit card terminal,USCPIE1921531*1
ChargePoint Network,,,15280441,15280441,SPRFLD ELECTRIC / STATION 2 (R),24807641,247,3119647721,2024-05-24T19:01:21Z,2024-05-24T20:18:33Z,,29.886700,61.334,membership,Payment by membership account and/or membership card,USCPIE15280441*1
ChargePoint Network,,,1921351,1921351,STARKVILLE UTIL / STARKVILLE DWTN,23682571,3,3093283851,2024-05-13T18:23:06Z,2024-05-13T18:32:55Z,,1.090819,7.1473,membership,Payment by membership account and/or membership card,USCPIE1921351*1
ChargePoint Network,,,1932851,1932851,BRIGHTRIDGE EV / BR-JC LIBRARY,23319811,3,3119651001,2024-05-24T19:00:59Z,2024-05-24T19:02:58Z,,0.000000,0.0,membership,Payment by membership account and/or membership card,USCPIE1932851*1
ChargePoint Network,,,13861891,13861891,BRMEMC / STATION 2,23296321,247,3091339761,2024-05-12T20:47:37Z,2024-05-12T20:51:02Z,,0.000000,0.0,membership,Payment by membership account and/or membership card,USCPIE13861891*1
ChargePoint Network,,,5619801,5619801,7SPC / WARREN RECC BG,9274251,3,3110404441,2024-05-21T02:05:39Z,2024-05-21T03:07:07Z,,6.390012,6.3485,membership,Payment by membership account and/or membership card,USCPIE5619801*1
ChargePoint Network,,,15280441,15280441,SPRFLD ELECTRIC / STATION 2 (R),24807641,247,3069705281,2024-05-02T22:03:02Z,2024-05-02T22:04:03Z,,0.000000,0.0,credit_card_terminal,Payment via credit card or debit card terminal,USCPIE15280441*1
ChargePoint Network,,,13966031,13966031,BEA / STATION 4 (RR),23419961,247,3125979401,2024-05-28T11:24:23Z,2024-05-28T11:45:45Z,,22.714500,74.268,membership,Payment by membership account and/or membership card,USCPIE13966031*1
ChargePoint Network,,,8851921,8851921,7SPC / SEVIERVILLE DC1,15571271,100011,3123131221,2024-05-26T17:21:23Z,2024-05-26T18:17:49Z,,0.221000,4.301,membership,Payment by membership account and/or membership card,USCPIE8851921*1
ChargePoint Network,,,12989161,12989161,BTES / CITY HALL,22285821,3,3122905651,2024-05-26T14:25:01Z,2024-05-26T14:26:02Z,,0.060476,7.2206,membership,Payment by membership account and/or membership card,USCPIE12989161*2
ChargePoint Network,,,1932851,1932851,BRIGHTRIDGE EV / BR-JC LIBRARY,23319811,3,3077533941,2024-05-06T20:46:23Z,2024-05-06T21:21:08Z,,3.691947,6.5267,membership,Payment by membership account and/or membership card,USCPIE1932851*1
ChargePoint Network,,,9677521,9677521,UT PARKING / S7 STATION 1,17169341,3,3074818011,2024-05-05T14:38:12Z,2024-05-05T15:16:20Z,,3.755769,6.6383,membership,Payment by membership account and/or membership card,USCPIE9677521*2
ChargePoint Network,,,12720861,12720861,WRECC / STATION 2,21977121,247,3123972731,2024-05-27T02:27:27Z,2024-05-27T02:28:25Z,,0.000000,0.0,membership,Payment by membership account and/or membership card,USCPIE12720861*1
ChargePoint Network,,,13966851,13966851,BEA / STATION 1 (LL),23420911,247,3077317801,2024-05-06T19:09:35Z,2024-05-06T20:55:26Z,,60.437099,72.15,credit_card_terminal,Payment via credit card or debit card terminal,USCPIE13966851*1
ChargePoint Network,,,1844191,1844191,CLW / MAIN ST,23050431,3,3090654411,2024-05-12T12:07:11Z,2024-05-12T16:13:54Z,,29.931993,7.3804,credit_card_terminal,Payment via credit card or debit card terminal,USCPIE1844191*1
ChargePoint Network,,,1921351,1921351,STARKVILLE UTIL / STARKVILLE DWTN,23682581,3,3099639431,2024-05-16T05:06:13Z,2024-05-16T05:06:51Z,,0.000000,4.0E-4,membership,Payment by membership account and/or membership card,USCPIE1921351*2
ChargePoint Network,,,13606061,13606061,I24 EXIT11 / STATION 4 (RR),22992511,247,3067362231,2024-05-02T01:53:23Z,2024-05-02T02:32:00Z,,42.969501,78.606,credit_card_terminal,Payment via credit card or debit card terminal,USCPIE13606061*1
ChargePoint Network,,,12720861,12720861,WRECC / STATION 2,21977121,247,3084071241,2024-05-09T14:22:17Z,2024-05-09T15:10:35Z,,45.059700,74.625,membership,Payment by membership account and/or membership card,USCPIE12720861*1
ChargePoint Network,,,1988141,1988141,7SPC / SCES DREAM MORE,2355561,3,3102573101,2024-05-17T12:44:18Z,2024-05-17T15:09:28Z,,16.426823,6.956,credit_card_terminal,Payment via credit card or debit card terminal,USCPIE1988141*1
ChargePoint Network,,,9677521,9677521,UT PARKING / S7 STATION 1,17169331,3,3087655561,2024-05-10T21:36:19Z,2024-05-11T03:39:58Z,,43.743000,7.3444,membership,Payment by membership account and/or membership card,USCPIE9677521*1
ChargePoint Network,,,8851921,8851921,7SPC / SEVIERVILLE DC1,15571271,207,3125309611,2024-05-27T23:56:50Z,2024-05-28T00:56:22Z,,57.890099,62.062,membership,Payment by membership account and/or membership card,USCPIE8851921*1
ChargePoint Network,,,15555831,15555831,FPU / STATION 2 (R),25128511,100011,3089676671,2024-05-11T21:38:14Z,2024-05-11T21:49:36Z,,6.645100,40.352,membership,Payment by membership account and/or membership card,USCPIE15555831*1
ChargePoint Network,,,5619801,5619801,7SPC / WARREN RECC BG,9274251,3,3073201391,2024-05-04T14:34:55Z,2024-05-04T18:39:45Z,,23.427687,6.3892,membership,Payment by membership account and/or membership card,USCPIE5619801*1
ChargePoint Network,,,15260241,15260241,STEMC / STATION 1 (L) A,24784071,247,3132504001,2024-05-30T21:38:58Z,2024-05-30T23:20:06Z,,61.618401,54.682,membership,Payment by membership account and/or membership card,USCPIE15260241*1
ChargePoint Network,,,7505851,7505851,JEFFERSON AVE. / OXFORD STA1(L),12955471,247,3080076531,2024-05-07T21:49:14Z,2024-05-07T22:22:11Z,,19.796101,61.993,credit_card_terminal,Payment via credit card or debit card terminal,USCPIE7505851*1
ChargePoint Network,,,8851921,8851921,7SPC / SEVIERVILLE DC1,15571271,207,3121951721,2024-05-25T22:06:59Z,2024-05-25T23:57:15Z,,57.842201,52.984,other,Any other payment method not specified above. Additional description should be provided in Payment Method Description.,USCPIE8851921*1
ChargePoint Network,,,13659831,13659831,LAWRENCEBURG / STATION 1 (L),23054881,247,3110474171,2024-05-21T02:52:47Z,2024-05-21T02:59:10Z,,6.730000,0.0,membership,Payment by membership account and/or membership card,USCPIE13659831*1
ChargePoint Network,,,13606091,13606091,I24 EXIT11 / STATION 3 (RM),22992551,247,3124702001,2024-05-27T17:21:16Z,2024-05-27T17:28:21Z,,7.585300,0.0,membership,Payment by membership account and/or membership card,USCPIE13606091*1
ChargePoint Network,,,9777021,9777021,CRMC / CRMC-2- L2RIGHT,17361741,3,3127228781,2024-05-28T20:19:32Z,2024-05-28T20:44:02Z,,2.866715,,credit_card_terminal,Payment via credit card or debit card terminal,USCPIE9777021*1
ChargePoint Network,,,15640171,15640171,NECDC / STATION 2 (R),25228711,247,3101696481,2024-05-17T00:31:51Z,2024-05-17T00:53:31Z,,18.291599,56.11,credit_card_terminal,Payment via credit card or debit card terminal,USCPIE15640171*1
ChargePoint Network,,,1988061,1988061,7SPC / SCES DOLLYWOOD,25499841,3,3126351841,2024-05-28T14:35:39Z,2024-05-28T20:55:03Z,,39.237896,7.2121,membership,Payment by membership account and/or membership card,USCPIE1988061*2
ChargePoint Network,,,13606141,13606141,I24 EXIT11 / STATION 1 (LL),22992611,247,3068712731,2024-05-02T15:20:47Z,2024-05-02T15:50:12Z,,21.053699,122.891,credit_card_terminal,Payment via credit card or debit card terminal,USCPIE13606141*1
ChargePoint Network,,,5445161,5445161,7SPC / UC - LIVINGSTON,9052351,3,3088358021,2024-05-11T03:13:25Z,2024-05-11T14:54:36Z,,30.829967,7.1749,membership,Payment by membership account and/or membership card,USCPIE5445161*2
ChargePoint Network,,,13606061,13606061,I24 EXIT11 / STATION 4 (RR),22992511,247,3104527301,2024-05-18T03:51:51Z,2024-05-18T05:02:08Z,,63.414299,76.179,membership,Payment by membership account and/or membership card,USCPIE13606061*1
ChargePoint Network,,,15260241,15260241,STEMC / STATION 1 (L) A,24784071,247,3087253441,2024-05-10T18:39:28Z,2024-05-10T19:05:36Z,,23.415501,70.311,credit_card_terminal,Payment via credit card or debit card terminal,USCPIE15260241*1
ChargePoint Network,,,14355251,14355251,HARTSELLE 1 / STATION 2 (R),23865691,247,3070295811,2024-05-03T02:26:40Z,2024-05-03T02:27:48Z,,0.000000,0.0,phone_online,"Payment through mobile app, website, automated phone number or messaging system",USCPIE14355251*1
ChargePoint Network,,,9745721,9745721,CRMC / CRMC-1 - L2LEFT,17301471,3,3108403931,2024-05-20T10:48:30Z,2024-05-20T16:13:51Z,,29.163851,7.3371,membership,Payment by membership account and/or membership card,USCPIE9745721*1
ChargePoint Network,,,8851921,8851921,7SPC / SEVIERVILLE DC1,15571271,100011,3107245581,2024-05-19T19:25:59Z,2024-05-19T20:35:40Z,,2.444900,11.729,membership,Payment by membership account and/or membership card,USCPIE8851921*1
ChargePoint Network,,,13423581,13423581,AEC / STATION #2 (R),22787011,247,3067890471,2024-05-02T11:25:43Z,2024-05-02T11:36:17Z,,11.486200,72.889,membership,Payment by membership account and/or membership card,USCPIE13423581*1
ChargePoint Network,,,13966031,13966031,BEA / STATION 4 (RR),23419961,247,3125089331,2024-05-27T21:32:21Z,2024-05-27T22:13:23Z,,42.922298,76.238,other,Any other payment method not specified above. Additional description should be provided in Payment Method Description.,USCPIE13966031*1
ChargePoint Network,,,15640031,15640031,NECDC / STATION 1 (L),25228511,247,3104179751,2024-05-18T00:50:27Z,2024-05-18T01:17:46Z,,25.573601,59.213,membership,Payment by membership account and/or membership card,USCPIE15640031*1
ChargePoint Network,,,8851921,8851921,7SPC / SEVIERVILLE DC1,15571271,207,3090740951,2024-05-12T13:58:51Z,2024-05-12T14:46:37Z,,47.444698,61.659,membership,Payment by membership account and/or membership card,USCPIE8851921*1
ChargePoint Network,,,1844191,1844191,CLW / MAIN ST,23050441,3,3103867461,2024-05-17T22:20:10Z,2024-05-17T23:25:16Z,,3.594183,3.3571,credit_card_terminal,Payment via credit card or debit card terminal,USCPIE1844191*2
ChargePoint Network,,,5122191,5122191,CULLMANELECTRIC / STATION1-L,8482151,247,3123206711,2024-05-26T18:11:23Z,2024-05-26T19:28:42Z,,75.116600,78.204,membership,Payment by membership account and/or membership card,USCPIE5122191*1
ChargePoint Network,,,13861891,13861891,BRMEMC / STATION 2,,,3076090201,2024-05-06T04:12:51Z,2024-05-06T04:15:17Z,,0.000000,,credit_card_terminal,Payment via credit card or debit card terminal,USCPIE13861891*0
ChargePoint Network,,,9677521,9677521,UT PARKING / S7 STATION 1,17169341,3,3073237201,2024-05-03T14:36:47Z,2024-05-03T16:22:12Z,,12.625364,7.2812,membership,Payment by membership account and/or membership card,USCPIE9677521*2
ChargePoint Network,,,14097711,14097711,SCOTTSBORO EPB / SEPB DCFC (R),23570811,247,3073088571,2024-05-04T12:38:16Z,2024-05-04T12:41:33Z,,0.000000,0.0,credit_card_terminal,Payment via credit card or debit card terminal,USCPIE14097711*1
ChargePoint Network,,,1988061,1988061,7SPC / SCES DOLLYWOOD,25235451,3,3088950481,2024-05-11T14:43:31Z,2024-05-11T14:43:40Z,,0.000000,,membership,Payment by membership account and/or membership card,USCPIE1988061*2
ChargePoint Network,,,13966851,13966851,BEA / STATION 1 (LL),23420911,247,3069874941,2024-05-02T23:12:46Z,2024-05-03T00:04:18Z,,47.837002,71.175,membership,Payment by membership account and/or membership card,USCPIE13966851*1
ChargePoint Network,,,15694081,15694081,BRIGHTRIDGE EV / STATION 1 (L),,,3084606311,2024-05-09T17:32:15Z,2024-05-09T17:32:47Z,,0.000000,,membership,Payment by membership account and/or membership card,USCPIE15694081*0
ChargePoint Network,,,15548181,15548181,DECATURDOWNTWN / STATION 2 (L),25119551,247,3122981121,2024-05-26T15:34:53Z,2024-05-26T15:37:40Z,,0.000000,0.0,membership,Payment by membership account and/or membership card,USCPIE15548181*1
ChargePoint Network,,,13026471,13026471,WCMES / CITYHALL2-R,22328331,247,3092021651,2024-05-13T03:28:09Z,2024-05-13T04:43:35Z,,83.786797,76.041,membership,Payment by membership account and/or membership card,USCPIE13026471*1
ChargePoint Network,,,5466441,5466441,7SPC / NASA USSRC R,9079361,3,3113424881,2024-05-22T10:37:12Z,2024-05-22T15:20:56Z,,22.612904,5.9326,membership,Payment by membership account and/or membership card,USCPIE5466441*1
ChargePoint Network,,,1844191,1844191,CLW / MAIN ST,23050441,3,3083885311,2024-05-09T12:54:49Z,2024-05-09T15:51:00Z,,20.391207,7.0267,membership,Payment by membership account and/or membership card,USCPIE1844191*2
ChargePoint Network,,,1844191,1844191,CLW / MAIN ST,23050431,3,3082547061,2024-05-08T21:17:23Z,2024-05-08T23:20:12Z,,14.042101,7.0536,credit_card_terminal,Payment via credit card or debit card terminal,USCPIE1844191*1
ChargePoint Network,,,5466441,5466441,7SPC / NASA USSRC R,9079361,3,3128495141,2024-05-29T10:50:38Z,2024-05-29T16:14:28Z,,26.019226,5.9183,membership,Payment by membership account and/or membership card,USCPIE5466441*1
ChargePoint Network,,,7173851,7173851,SCOTTSBORO EPB / MAIN OFFICE,12310861,3,3068980451,2024-05-02T16:40:55Z,2024-05-02T17:46:24Z,,6.974031,6.4291,membership,Payment by membership account and/or membership card,USCPIE7173851*1
ChargePoint Network,,,15694081,15694081,BRIGHTRIDGE EV / STATION 2 (R),25291921,247,3123874861,2024-05-27T01:18:36Z,2024-05-27T02:04:37Z,,49.803600,72.8,membership,Payment by membership account and/or membership card,USCPIE15694081*1
ChargePoint Network,,,15694081,15694081,BRIGHTRIDGE EV / STATION 1 (L),25291921,247,3107407731,2024-05-19T20:56:34Z,2024-05-19T21:31:09Z,,33.291401,78.8,membership,Payment by membership account and/or membership card,USCPIE15694081*1
ChargePoint Network,,,5619801,5619801,7SPC / WARREN RECC BG,9274251,3,3082536931,2024-05-08T21:14:08Z,2024-05-09T00:58:32Z,,23.477247,6.3597,membership,Payment by membership account and/or membership card,USCPIE5619801*1
ChargePoint Network,,,5346231,5346231,CULLMANELECTRIC / STATION2-R,8926271,100011,3102629241,2024-05-17T13:14:36Z,2024-05-17T14:03:02Z,,33.012699,62.58,membership,Payment by membership account and/or membership card,USCPIE5346231*1
ChargePoint Network,,,15623211,15623211,CLW / 5TH ST 2 (R),25208281,247,3090141201,2024-05-12T01:55:34Z,2024-05-12T02:29:25Z,,59.695599,114.113,credit_card_terminal,Payment via credit card or debit card terminal,USCPIE15623211*1
ChargePoint Network,,,1932851,1932851,BRIGHTRIDGE EV / BR-JC LIBRARY,23319821,3,3119931491,2024-05-24T21:05:24Z,2024-05-24T22:56:26Z,,13.589493,7.4295,membership,Payment by membership account and/or membership card,USCPIE1932851*2
ChargePoint Network,,,13290491,13290491,7SPC / NASA USSRC L,22634931,3,3108944631,2024-05-20T15:28:38Z,2024-05-20T16:51:49Z,,4.184748,3.0757,credit_card_terminal,Payment via credit card or debit card terminal,USCPIE13290491*1
ChargePoint Network,,,13606061,13606061,I24 EXIT11 / STATION 4 (RR),22992511,247,3114276321,2024-05-22T17:02:41Z,2024-05-22T17:54:21Z,,31.546499,54.464,membership,Payment by membership account and/or membership card,USCPIE13606061*1
ChargePoint Network,,,1932851,1932851,BRIGHTRIDGE EV / BR-JC LIBRARY,23319811,3,3074557891,2024-05-05T05:23:20Z,2024-05-05T05:25:19Z,,0.000000,0.0,membership,Payment by membership account and/or membership card,USCPIE1932851*1
ChargePoint Network,,,13290491,13290491,7SPC / NASA USSRC L,22634941,3,3081202291,2024-05-08T11:55:35Z,2024-05-08T12:00:37Z,,0.179156,5.9175,membership,Payment by membership account and/or membership card,USCPIE13290491*2
ChargePoint Network,,,13659831,13659831,LAWRENCEBURG / STATION 1 (L),23054881,247,3129674791,2024-05-29T19:43:09Z,2024-05-29T19:56:21Z,,11.801700,71.625,membership,Payment by membership account and/or membership card,USCPIE13659831*1
ChargePoint Network,,,5565251,5565251,7SPC / SCES LECONTE 3,9205131,3,3087303181,2024-05-10T19:02:15Z,2024-05-10T20:39:15Z,,9.460258,6.9935,membership,Payment by membership account and/or membership card,USCPIE5565251*2
ChargePoint Network,,,15640171,15640171,NECDC / STATION 2 (R),25228711,247,3123407231,2024-05-26T20:22:58Z,2024-05-26T20:36:35Z,,10.703700,61.962,membership,Payment by membership account and/or membership card,USCPIE15640171*1
ChargePoint Network,,,13026471,13026471,WCMES / CITYHALL2-R,22328331,247,3068700611,2024-05-02T15:16:53Z,2024-05-02T16:22:39Z,,56.178699,75.056,membership,Payment by membership account and/or membership card,USCPIE13026471*1
ChargePoint Network,,,5466441,5466441,7SPC / NASA USSRC R,9079371,3,3073148361,2024-05-04T13:48:28Z,2024-05-04T13:56:06Z,,0.722971,6.0193,membership,Payment by membership account and/or membership card,USCPIE5466441*2
ChargePoint Network,,,5619801,5619801,7SPC / WARREN RECC BG,9274251,3,3069909301,2024-05-02T23:27:32Z,2024-05-03T02:45:41Z,,20.819626,6.3889,membership,Payment by membership account and/or membership card,USCPIE5619801*1
ChargePoint Network,,,5466441,5466441,7SPC / NASA USSRC R,9079371,3,3071021711,2024-05-03T14:13:33Z,2024-05-03T19:35:38Z,,32.379524,6.1153,membership,Payment by membership account and/or membership card,USCPIE5466441*2
ChargePoint Network,,,5346231,5346231,CULLMANELECTRIC / STATION2-R,8926271,247,3068762611,2024-05-02T15:35:47Z,2024-05-02T15:49:52Z,,10.672100,61.707,membership,Payment by membership account and/or membership card,USCPIE5346231*1
ChargePoint Network,,,13606091,13606091,I24 EXIT11 / STATION 3 (RM),22992551,247,3123116381,2024-05-26T17:11:31Z,2024-05-26T18:12:48Z,,39.445099,55.049,other,Any other payment method not specified above. Additional description should be provided in Payment Method Description.,USCPIE13606091*1
ChargePoint Network,,,13026471,13026471,WCMES / CITYHALL2-R,22328331,247,3082413831,2024-05-08T20:21:51Z,2024-05-08T20:49:53Z,,32.620998,75.45,membership,Payment by membership account and/or membership card,USCPIE13026471*1
ChargePoint Network,,,14097711,14097711,SCOTTSBORO EPB / SEPB DCFC (R),23570811,247,3074173731,2024-05-05T00:43:07Z,2024-05-05T00:51:30Z,,6.425700,,membership,Payment by membership account and/or membership card,USCPIE14097711*1
ChargePoint Network,,,13292801,13292801,LODGE CAST IRON / STORE & MUSEUM,22637561,3,3076802241,2024-05-06T15:25:31Z,2024-05-06T15:48:15Z,,2.524593,6.9313,membership,Payment by membership account and/or membership card,USCPIE13292801*2
ChargePoint Network,,,5122191,5122191,CULLMANELECTRIC / STATION1-L,8482151,247,3127640811,2024-05-28T23:10:30Z,2024-05-28T23:29:03Z,,20.834400,70.092,membership,Payment by membership account and/or membership card,USCPIE5122191*1
ChargePoint Network,,,9677521,9677521,UT PARKING / S7 STATION 1,17169331,3,3116728281,2024-05-23T16:02:39Z,2024-05-23T18:33:48Z,,17.710691,7.1437,membership,Payment by membership account and/or membership card,USCPIE9677521*1
ChargePoint Network,,,15694081,15694081,BRIGHTRIDGE EV / STATION 1 (L),25291921,247,3087991731,2024-05-11T00:15:13Z,2024-05-11T01:02:13Z,,45.403099,74.538,membership,Payment by membership account and/or membership card,USCPIE15694081*1
ChargePoint Network,,,13664471,13664471,BTES / STATION 3 (RM),23060511,247,3068711011,2024-05-02T15:20:02Z,2024-05-02T15:43:55Z,,24.959499,65.141,membership,Payment by membership account and/or membership card,USCPIE13664471*1
ChargePoint Network,,,12720881,12720881,WRECC / STATION 1,21977141,247,3108824231,2024-05-20T14:47:59Z,2024-05-20T16:01:08Z,,56.978298,71.148,membership,Payment by membership account and/or membership card,USCPIE12720881*1
ChargePoint Network,,,1988061,1988061,7SPC / SCES DOLLYWOOD,25499841,3,3105111831,2024-05-18T15:29:22Z,2024-05-18T19:20:57Z,,2.399087,3.3505,credit_card_terminal,Payment via credit card or debit card terminal,USCPIE1988061*2
ChargePoint Network,,,1964521,1964521,EBOFG / GUNTERSVILLE PD,8374211,3,3102519161,2024-05-17T12:11:01Z,2024-05-17T16:06:13Z,,5.900293,3.6843,membership,Payment by membership account and/or membership card,USCPIE1964521*2
ChargePoint Network,,,12460811,12460811,PES / RIGHT STATION,22948831,215,3100333631,2024-05-16T15:10:01Z,2024-05-16T15:24:43Z,,1.621000,7.6539,membership,Payment by membership account and/or membership card,USCPIE12460811*1
ChargePoint Network,,,14083171,14083171,STEMC / STATION 1 (L) H,23554721,247,3075492671,2024-05-05T21:57:52Z,2024-05-06T00:36:16Z,,32.919102,76.416,credit_card_terminal,Payment via credit card or debit card terminal,USCPIE14083171*1
ChargePoint Network,,,13664471,13664471,BTES / STATION 3 (RM),23060511,247,3132058951,2024-05-30T18:30:46Z,2024-05-30T19:30:50Z,,24.689301,77.022,membership,Payment by membership account and/or membership card,USCPIE13664471*1
ChargePoint Network,,,12460751,12460751,PES / LEFT STATION,22360171,215,3119879841,2024-05-24T20:42:06Z,2024-05-28T12:07:25Z,,23.833500,7.6741,membership,Payment by membership account and/or membership card,USCPIE12460751*1
ChargePoint Network,,,15694171,15694171,BRIGHTRIDGE EV / STATION 2 (R),25292041,100011,3096425811,2024-05-14T23:18:49Z,2024-05-14T23:43:58Z,,19.326300,52.639,membership,Payment by membership account and/or membership card,USCPIE15694171*1
ChargePoint Network,,,8851921,8851921,7SPC / SEVIERVILLE DC1,15571271,207,3079522671,2024-05-07T17:42:14Z,2024-05-07T18:22:50Z,,35.813099,58.366,other,Any other payment method not specified above. Additional description should be provided in Payment Method Description.,USCPIE8851921*1
ChargePoint Network,,,13290491,13290491,7SPC / NASA USSRC L,22634931,3,3084552811,2024-05-09T17:07:25Z,2024-05-09T17:38:50Z,,2.992504,5.8798,credit_card_terminal,Payment via credit card or debit card terminal,USCPIE13290491*1
ChargePoint Network,,,12406491,12406491,FPIA / LEFT STATION,21527781,247,3095751271,2024-05-14T18:28:42Z,2024-05-14T18:41:28Z,,12.878100,64.874,membership,Payment by membership account and/or membership card,USCPIE12406491*1
ChargePoint Network,,,12720861,12720861,WRECC / STATION 2,21977121,247,3131444481,2024-05-30T14:35:58Z,2024-05-30T14:37:38Z,,0.000000,0.0,membership,Payment by membership account and/or membership card,USCPIE12720861*1
ChargePoint Network,,,1933211,1933211,BRIGHTRIDGE EV / BR-JONESBOROUGH,2283631,3,3080909171,2024-05-08T04:36:13Z,2024-05-08T13:02:06Z,,43.359379,6.3755,credit_card_terminal,Payment via credit card or debit card terminal,USCPIE1933211*1
ChargePoint Network,,,15250701,15250701,SES-TN / STATION 2,,,3072069051,2024-05-03T21:55:23Z,2024-05-03T21:57:24Z,,0.000000,,membership,Payment by membership account and/or membership card,USCPIE15250701*0
ChargePoint Network,,,15548151,15548151,DECATURDOWNTWN / STATION 1 (R),25119511,247,3109508941,2024-05-20T19:27:24Z,2024-05-20T19:29:20Z,,0.000000,0.0,credit_card_terminal,Payment via credit card or debit card terminal,USCPIE15548151*1
ChargePoint Network,,,7505851,7505851,JEFFERSON AVE. / OXFORD STA1(L),12955471,247,3070414351,2024-05-03T03:31:00Z,2024-05-03T03:59:17Z,,23.872299,53.4,membership,Payment by membership account and/or membership card,USCPIE7505851*1
ChargePoint Network,,,13966851,13966851,BEA / STATION 1 (LL),23420911,247,3121392721,2024-05-25T16:35:44Z,2024-05-25T17:49:02Z,,89.928200,86.483,membership,Payment by membership account and/or membership card,USCPIE13966851*1
ChargePoint Network,,,13659871,13659871,LAWRENCEBURG / STATION 2 (R),,,3077706461,2024-05-06T22:03:13Z,2024-05-06T22:05:15Z,,0.000000,0.0,membership,Payment by membership account and/or membership card,USCPIE13659871*0
ChargePoint Network,,,14097801,14097801,SCOTTSBORO EPB / SEPB DCFC (L),23570921,247,3100157321,2024-05-16T14:00:22Z,2024-05-16T14:24:51Z,,24.784100,71.279,membership,Payment by membership account and/or membership card,USCPIE14097801*1
ChargePoint Network,,,13861891,13861891,BRMEMC / STATION 2,23296321,247,3089743681,2024-05-11T22:14:27Z,2024-05-11T22:35:30Z,,23.936899,122.247,membership,Payment by membership account and/or membership card,USCPIE13861891*1
ChargePoint Network,,,14097711,14097711,SCOTTSBORO EPB / SEPB DCFC (R),23570811,247,3073498541,2024-05-04T18:00:50Z,2024-05-04T18:11:02Z,,8.135500,0.0,membership,Payment by membership account and/or membership card,USCPIE14097711*1
ChargePoint Network,,,9777021,9777021,CRMC / CRMC-2- L2RIGHT,17361751,3,3123575431,2024-05-26T22:10:05Z,2024-05-27T01:01:54Z,,20.342070,7.2184,credit_card_terminal,Payment via credit card or debit card terminal,USCPIE9777021*2
ChargePoint Network,,,15640171,15640171,NECDC / STATION 2 (R),25228711,247,3118578541,2024-05-24T07:15:46Z,2024-05-24T07:52:36Z,,34.664799,59.674,credit_card_terminal,Payment via credit card or debit card terminal,USCPIE15640171*1
ChargePoint Network,,,1988141,1988141,7SPC / SCES DREAM MORE,2355571,3,3073263171,2024-05-04T15:24:19Z,2024-05-05T00:37:23Z,,60.132843,7.1796,membership,Payment by membership account and/or membership card,USCPIE1988141*2
ChargePoint Network,,,8851921,8851921,7SPC / SEVIERVILLE DC1,15571271,207,3107894221,2024-05-20T01:16:15Z,2024-05-20T01:18:36Z,,0.000000,0.0,membership,Payment by membership account and/or membership card,USCPIE8851921*1
ChargePoint Network,,,1988141,1988141,7SPC / SCES DREAM MORE,2355571,3,3119922961,2024-05-24T21:01:46Z,2024-05-24T23:08:08Z,,7.176877,3.4621,membership,Payment by membership account and/or membership card,USCPIE1988141*2
ChargePoint Network,,,13664471,13664471,BTES / STATION 3 (RM),23060511,247,3066005801,2024-05-01T16:02:09Z,2024-05-01T16:45:02Z,,39.064999,77.022,credit_card_terminal,Payment via credit card or debit card terminal,USCPIE13664471*1
ChargePoint Network,,,9677521,9677521,UT PARKING / S7 STATION 1,17169341,3,3076798881,2024-05-06T15:24:15Z,2024-05-06T18:59:28Z,,24.502821,7.0079,membership,Payment by membership account and/or membership card,USCPIE9677521*2
ChargePoint Network,,,5122191,5122191,CULLMANELECTRIC / STATION1-L,8482151,247,3068134861,2024-05-02T13:35:17Z,2024-05-02T14:15:53Z,,38.166401,73.26,membership,Payment by membership account and/or membership card,USCPIE5122191*1
ChargePoint Network,,,13651631,13651631,MLEC / STATION 2 (R) H,23045821,100011,3068215451,2024-05-02T14:08:48Z,2024-05-02T14:21:07Z,,1.691400,24.094,membership,Payment by membership account and/or membership card,USCPIE13651631*1
ChargePoint Network,,,14337501,14337501,HOLSTONELECTRIC / CHURCH HILL-2,23845091,100011,3104938321,2024-05-18T13:03:58Z,2024-05-18T13:51:29Z,,34.514801,52.958,membership,Payment by membership account and/or membership card,USCPIE14337501*1
ChargePoint Network,,,1921351,1921351,STARKVILLE UTIL / STARKVILLE DWTN,23682571,3,3083250121,2024-05-09T02:28:26Z,2024-05-09T03:37:04Z,,8.320128,7.4546,phone_online,"Payment through mobile app, website, automated phone number or messaging system",USCPIE1921351*1
ChargePoint Network,,,13606061,13606061,I24 EXIT11 / STATION 4 (RR),22992511,247,3073874131,2024-05-04T21:42:08Z,2024-05-04T21:57:48Z,,17.930901,70.751,other,Any other payment method not specified above. Additional description should be provided in Payment Method Description.,USCPIE13606061*1
ChargePoint Network,,,5354011,5354011,7SPC / GREENEVILLE TA,8936791,207,3110478781,2024-05-21T02:56:25Z,2024-05-21T02:58:42Z,,0.000000,0.0,membership,Payment by membership account and/or membership card,USCPIE5354011*1
ChargePoint Network,,,15640171,15640171,NECDC / STATION 2 (R),25228711,247,3122983621,2024-05-26T15:36:59Z,2024-05-26T16:17:48Z,,35.347301,54.869,credit_card_terminal,Payment via credit card or debit card terminal,USCPIE15640171*1
ChargePoint Network,,,15694171,15694171,BRIGHTRIDGE EV / STATION 2 (R),,,3113582121,2024-05-22T12:27:52Z,2024-05-22T12:29:53Z,,0.000000,,membership,Payment by membership account and/or membership card,USCPIE15694171*0
ChargePoint Network,,,7505851,7505851,JEFFERSON AVE. / OXFORD STA1(L),12955471,247,3088899411,2024-05-11T14:03:16Z,2024-05-11T14:26:44Z,,16.514200,45.31,credit_card_terminal,Payment via credit card or debit card terminal,USCPIE7505851*1
ChargePoint Network,,,12406491,12406491,FPIA / LEFT STATION,21527781,247,3077923561,2024-05-06T23:43:09Z,2024-05-07T00:29:35Z,,83.383400,111.231,membership,Payment by membership account and/or membership card,USCPIE12406491*1
ChargePoint Network,,,5354011,5354011,7SPC / GREENEVILLE TA,8936791,207,3115784051,2024-05-23T04:36:52Z,2024-05-23T06:17:55Z,,58.105400,59.451,membership,Payment by membership account and/or membership card,USCPIE5354011*1
ChargePoint Network,,,13290491,13290491,7SPC / NASA USSRC L,22634941,3,3081517271,2024-05-08T14:29:34Z,2024-05-08T15:49:16Z,,6.536450,6.0229,membership,Payment by membership account and/or membership card,USCPIE13290491*2
ChargePoint Network,,,13606061,13606061,I24 EXIT11 / STATION 4 (RR),22992511,247,3088033971,2024-05-11T00:36:43Z,2024-05-11T01:15:32Z,,42.965599,77.4,membership,Payment by membership account and/or membership card,USCPIE13606061*1
ChargePoint Network,,,13966811,13966811,BEA / STATION 2 (LM),23420881,247,3071982181,2024-05-03T21:17:43Z,2024-05-03T21:57:17Z,,36.673100,70.785,membership,Payment by membership account and/or membership card,USCPIE13966811*1
ChargePoint Network,,,12720861,12720861,WRECC / STATION 2,21977121,247,3096039771,2024-05-14T20:34:16Z,2024-05-14T21:11:38Z,,50.707901,83.977,membership,Payment by membership account and/or membership card,USCPIE12720861*1
ChargePoint Network,,,15694081,15694081,BRIGHTRIDGE EV / STATION 2 (R),25291921,247,3126135501,2024-05-28T12:55:51Z,2024-05-28T12:58:14Z,,0.000000,0.0,membership,Payment by membership account and/or membership card,USCPIE15694081*1
ChargePoint Network,,,8851921,8851921,7SPC / SEVIERVILLE DC1,15571271,207,3120464821,2024-05-25T01:21:43Z,2024-05-25T01:22:46Z,,0.000000,0.0,membership,Payment by membership account and/or membership card,USCPIE8851921*1
ChargePoint Network,,,12406491,12406491,FPIA / LEFT STATION,21527781,247,3085365141,2024-05-09T22:49:34Z,2024-05-09T23:51:49Z,,37.663399,54.45,credit_card_terminal,Payment via credit card or debit card terminal,USCPIE12406491*1
ChargePoint Network,,,5354011,5354011,7SPC / GREENEVILLE TA,,,3068766881,2024-05-02T15:35:00Z,2024-05-02T15:37:01Z,,0.000000,,membership,Payment by membership account and/or membership card,USCPIE5354011*0
ChargePoint Network,,,1988141,1988141,7SPC / SCES DREAM MORE,2355561,3,3124969401,2024-05-27T20:15:52Z,2024-05-27T22:00:15Z,,12.095322,7.0395,membership,Payment by membership account and/or membership card,USCPIE1988141*1
ChargePoint Network,,,5122191,5122191,CULLMANELECTRIC / STATION1-L,8482151,247,3105768801,2024-05-18T22:06:36Z,2024-05-18T22:45:02Z,,31.282900,54.9,membership,Payment by membership account and/or membership card,USCPIE5122191*1
ChargePoint Network,,,5466441,5466441,7SPC / NASA USSRC R,9079371,3,3103362661,2024-05-17T18:34:52Z,2024-05-17T22:00:15Z,,20.830915,6.1232,membership,Payment by membership account and/or membership card,USCPIE5466441*2
ChargePoint Network,,,12720881,12720881,WRECC / STATION 1,21977141,247,3131322881,2024-05-30T13:42:31Z,2024-05-30T13:49:03Z,,0.000000,0.0,membership,Payment by membership account and/or membership card,USCPIE12720881*1
ChargePoint Network,,,13966811,13966811,BEA / STATION 2 (LM),23420881,247,3109414451,2024-05-20T18:43:57Z,2024-05-20T18:44:44Z,,0.000000,0.0,membership,Payment by membership account and/or membership card,USCPIE13966811*1
ChargePoint Network,,,13659871,13659871,LAWRENCEBURG / STATION 2 (R),23054921,247,3081182061,2024-05-08T11:42:01Z,2024-05-08T11:52:45Z,,8.406300,50.763,membership,Payment by membership account and/or membership card,USCPIE13659871*1
ChargePoint Network,,,15548181,15548181,DECATURDOWNTWN / STATION 2 (L),,,3102744711,2024-05-17T14:15:15Z,2024-05-17T14:17:18Z,,0.000000,,membership,Payment by membership account and/or membership card,USCPIE15548181*0
ChargePoint Network,,,12720881,12720881,WRECC / STATION 1,21977141,247,3083972541,2024-05-09T13:36:01Z,2024-05-09T13:39:19Z,,1.115900,0.0,membership,Payment by membership account and/or membership card,USCPIE12720881*1
ChargePoint Network,,,12989161,12989161,BTES / CITY HALL,22285811,3,3097456751,2024-05-15T12:52:36Z,2024-05-15T14:37:00Z,,11.850780,6.8798,membership,Payment by membership account and/or membership card,USCPIE12989161*1
ChargePoint Network,,,12720861,12720861,WRECC / STATION 2,21977121,247,3107028541,2024-05-19T17:23:48Z,2024-05-19T17:53:45Z,,31.855200,76.199,phone_online,"Payment through mobile app, website, automated phone number or messaging system",USCPIE12720861*1
ChargePoint Network,,,5619801,5619801,7SPC / WARREN RECC BG,9274261,3,3095585631,2024-05-14T17:05:16Z,2024-05-14T19:55:35Z,,17.270470,6.1475,other,Any other payment method not specified above. Additional description should be provided in Payment Method Description.,USCPIE5619801*2
ChargePoint Network,,,5122191,5122191,CULLMANELECTRIC / STATION1-L,8482151,247,3068131121,2024-05-02T13:33:46Z,2024-05-02T13:35:04Z,,0.000000,0.0,membership,Payment by membership account and/or membership card,USCPIE5122191*1
ChargePoint Network,,,8851921,8851921,7SPC / SEVIERVILLE DC1,15571271,207,3080039521,2024-05-07T21:33:39Z,2024-05-07T22:11:58Z,,24.891100,54.02,membership,Payment by membership account and/or membership card,USCPIE8851921*1
ChargePoint Network,,,1844191,1844191,CLW / MAIN ST,23050431,3,3093387201,2024-05-13T19:12:19Z,2024-05-13T21:51:34Z,,18.484217,7.0673,membership,Payment by membership account and/or membership card,USCPIE1844191*1
ChargePoint Network,,,12720861,12720861,WRECC / STATION 2,21977121,247,3127589821,2024-05-28T22:49:40Z,2024-05-28T22:50:55Z,,0.000000,0.0,membership,Payment by membership account and/or membership card,USCPIE12720861*1
ChargePoint Network,,,5346231,5346231,CULLMANELECTRIC / STATION2-R,8926271,247,3088418391,2024-05-11T03:58:37Z,2024-05-11T05:10:21Z,,69.537498,75.42,membership,Payment by membership account and/or membership card,USCPIE5346231*1
ChargePoint Network,,,1844191,1844191,CLW / MAIN ST,23050441,3,3080804311,2024-05-08T03:21:38Z,2024-05-08T06:11:00Z,,20.475010,7.2939,membership,Payment by membership account and/or membership card,USCPIE1844191*2
ChargePoint Network,,,5380331,5380331,CULLMAN PB / STATION 1,8970951,3,3117171501,2024-05-23T19:14:35Z,2024-05-23T21:23:03Z,,14.916777,7.0951,membership,Payment by membership account and/or membership card,USCPIE5380331*1
ChargePoint Network,,,12676411,12676411,NEMEPA / NEMEPA CUSTOMER,21923891,3,3078106991,2024-05-07T01:07:22Z,2024-05-07T12:35:47Z,,45.285458,6.1403,membership,Payment by membership account and/or membership card,USCPIE12676411*1
ChargePoint Network,,,5346231,5346231,CULLMANELECTRIC / STATION2-R,8926271,247,3080564701,2024-05-08T01:16:06Z,2024-05-08T01:43:38Z,,12.050700,27.257,membership,Payment by membership account and/or membership card,USCPIE5346231*1
ChargePoint Network,,,5346231,5346231,CULLMANELECTRIC / STATION2-R,8926271,247,3126203331,2024-05-28T13:29:43Z,2024-05-28T13:46:38Z,,18.917601,77.223,membership,Payment by membership account and/or membership card,USCPIE5346231*1
ChargePoint Network,,,8851921,8851921,7SPC / SEVIERVILLE DC1,15571271,207,3125305111,2024-05-27T23:53:45Z,2024-05-27T23:54:24Z,,0.000000,0.0,membership,Payment by membership account and/or membership card,USCPIE8851921*1
ChargePoint Network,,,14047321,14047321,JEFFERSON AVE. / OXFORD STA2(R),23514081,247,3129411271,2024-05-29T17:45:23Z,2024-05-29T18:15:36Z,,33.353401,70.092,membership,Payment by membership account and/or membership card,USCPIE14047321*1
ChargePoint Network,,,13026471,13026471,WCMES / CITYHALL2-R,22328331,247,3080548341,2024-05-08T01:08:35Z,2024-05-08T02:20:07Z,,40.422501,35.72,membership,Payment by membership account and/or membership card,USCPIE13026471*1
ChargePoint Network,,,5122191,5122191,CULLMANELECTRIC / STATION1-L,8482151,247,3098234561,2024-05-15T18:12:39Z,2024-05-15T18:33:39Z,,17.481100,58.88,membership,Payment by membership account and/or membership card,USCPIE5122191*1
ChargePoint Network,,,5424051,5424051,EEDEV / ELIZ DOWNTOWN,9026991,3,3103083711,2024-05-17T16:24:22Z,2024-05-17T17:06:28Z,,4.991541,7.2391,credit_card_terminal,Payment via credit card or debit card terminal,USCPIE5424051*1
ChargePoint Network,,,14047321,14047321,JEFFERSON AVE. / OXFORD STA2(R),23514081,247,3087321831,2024-05-10T19:10:34Z,2024-05-10T19:46:39Z,,40.145302,75.239,membership,Payment by membership account and/or membership card,USCPIE14047321*1
ChargePoint Network,,,8851921,8851921,7SPC / SEVIERVILLE DC1,,,3123029561,2024-05-26T16:09:33Z,2024-05-26T16:09:45Z,,0.000000,,membership,Payment by membership account and/or membership card,USCPIE8851921*0
ChargePoint Network,,,13026471,13026471,WCMES / CITYHALL2-R,22328331,247,3067385811,2024-05-02T01:56:16Z,2024-05-02T03:32:59Z,,53.462502,37.525,membership,Payment by membership account and/or membership card,USCPIE13026471*1
ChargePoint Network,,,5466441,5466441,7SPC / NASA USSRC R,9079371,3,3095124591,2024-05-14T14:20:12Z,2024-05-14T22:37:24Z,,50.314754,6.1221,membership,Payment by membership account and/or membership card,USCPIE5466441*2
ChargePoint Network,,,5565201,5565201,7SPC / SCES LECONTE 2,9205061,3,3105111171,2024-05-18T15:28:54Z,2024-05-18T16:42:18Z,,8.479465,7.0649,credit_card_terminal,Payment via credit card or debit card terminal,USCPIE5565201*2
ChargePoint Network,,,15640171,15640171,NECDC / STATION 2 (R),25228711,100011,3074878681,2024-05-05T15:33:27Z,2024-05-05T16:53:04Z,,17.624001,15.246,membership,Payment by membership account and/or membership card,USCPIE15640171*1
ChargePoint Network,,,5424051,5424051,EEDEV / ELIZ DOWNTOWN,9026991,3,3089706841,2024-05-11T21:54:28Z,2024-05-11T22:39:18Z,,4.980983,7.078,membership,Payment by membership account and/or membership card,USCPIE5424051*1
ChargePoint Network,,,13659831,13659831,LAWRENCEBURG / STATION 1 (L),23054881,247,3102405241,2024-05-17T10:40:59Z,2024-05-17T11:57:37Z,,38.969799,73.108,membership,Payment by membership account and/or membership card,USCPIE13659831*1
ChargePoint Network,,,13966051,13966051,BEA / STATION 3 (RM),,,3127283351,2024-05-28T20:43:12Z,2024-05-28T20:43:20Z,,0.000000,,membership,Payment by membership account and/or membership card,USCPIE13966051*0
ChargePoint Network,,,7173851,7173851,SCOTTSBORO EPB / MAIN OFFICE,12310861,3,3069646621,2024-05-02T21:37:37Z,2024-05-03T14:25:35Z,,54.777061,7.3837,membership,Payment by membership account and/or membership card,USCPIE7173851*1
ChargePoint Network,,,15260241,15260241,STEMC / STATION 1 (L) A,24784071,247,3110034191,2024-05-20T23:14:01Z,2024-05-21T00:20:14Z,,45.845901,50.223,membership,Payment by membership account and/or membership card,USCPIE15260241*1
ChargePoint Network,,,15694081,15694081,BRIGHTRIDGE EV / STATION 1 (L),25291921,247,3115030471,2024-05-22T22:32:44Z,2024-05-22T23:04:05Z,,33.771801,77.223,membership,Payment by membership account and/or membership card,USCPIE15694081*1
ChargePoint Network,,,15280471,15280471,SPRFLD ELECTRIC / STATION 1 (L),24807681,247,3073764751,2024-05-04T20:37:32Z,2024-05-04T21:13:33Z,,33.754700,63.175,membership,Payment by membership account and/or membership card,USCPIE15280471*1
ChargePoint Network,,,8851921,8851921,7SPC / SEVIERVILLE DC1,15571271,207,3113696451,2024-05-22T13:25:34Z,2024-05-22T14:15:17Z,,33.598400,60.571,phone_online,"Payment through mobile app, website, automated phone number or messaging system",USCPIE8851921*1
ChargePoint Network,,,13966851,13966851,BEA / STATION 1 (LL),23420911,247,3126910141,2024-05-28T18:04:06Z,2024-05-28T18:39:09Z,,34.965698,71.344,membership,Payment by membership account and/or membership card,USCPIE13966851*1
ChargePoint Network,,,8851921,8851921,7SPC / SEVIERVILLE DC1,15571271,207,3131531651,2024-05-30T15:06:54Z,2024-05-30T15:34:25Z,,24.282101,59.365,membership,Payment by membership account and/or membership card,USCPIE8851921*1
ChargePoint Network,,,5122191,5122191,CULLMANELECTRIC / STATION1-L,8482151,247,3073553101,2024-05-04T18:32:20Z,2024-05-04T18:46:18Z,,15.706000,73.458,membership,Payment by membership account and/or membership card,USCPIE5122191*1
ChargePoint Network,,,12720881,12720881,WRECC / STATION 1,21977141,247,3120920331,2024-05-24T20:37:29Z,2024-05-24T21:05:43Z,,21.449699,54.111,membership,Payment by membership account and/or membership card,USCPIE12720881*1
ChargePoint Network,,,15623211,15623211,CLW / 5TH ST 2 (R),25208281,247,3073291331,2024-05-04T15:45:02Z,2024-05-04T16:13:13Z,,31.439800,118.268,membership,Payment by membership account and/or membership card,USCPIE15623211*1
ChargePoint Network,,,12720881,12720881,WRECC / STATION 1,,,3105236061,2024-05-18T16:46:31Z,2024-05-18T16:48:40Z,,0.000000,,credit_card_terminal,Payment via credit card or debit card terminal,USCPIE12720881*0
ChargePoint Network,,,5565251,5565251,7SPC / SCES LECONTE 3,9205131,3,3082383391,2024-05-08T20:10:03Z,2024-05-08T22:37:18Z,,15.049020,6.9762,membership,Payment by membership account and/or membership card,USCPIE5565251*2
ChargePoint Network,,,13966031,13966031,BEA / STATION 4 (RR),23419961,247,3117670291,2024-05-23T22:40:09Z,2024-05-23T23:08:17Z,,31.900400,74.86,membership,Payment by membership account and/or membership card,USCPIE13966031*1
ChargePoint Network,,,12448521,12448521,7SPC / WARREN RECC LF,21576921,3,3112319711,2024-05-21T21:34:29Z,2024-05-21T22:19:17Z,,4.404631,5.9627,membership,Payment by membership account and/or membership card,USCPIE12448521*2
ChargePoint Network,,,1921351,1921351,STARKVILLE UTIL / STARKVILLE DWTN,23682571,3,3083933531,2024-05-09T13:17:38Z,2024-05-09T23:01:45Z,,61.938385,7.474,credit_card_terminal,Payment via credit card or debit card terminal,USCPIE1921351*1
ChargePoint Network,,,12720861,12720861,WRECC / STATION 2,21977121,247,3065359251,2024-05-01T11:19:42Z,2024-05-01T11:20:03Z,,0.000000,0.0,membership,Payment by membership account and/or membership card,USCPIE12720861*1
ChargePoint Network,,,5466441,5466441,7SPC / NASA USSRC R,9079371,3,3087173121,2024-05-10T18:00:15Z,2024-05-10T18:50:53Z,,5.080319,6.1132,membership,Payment by membership account and/or membership card,USCPIE5466441*2
ChargePoint Network,,,12720881,12720881,WRECC / STATION 1,21977141,247,3074358031,2024-05-05T02:44:01Z,2024-05-05T02:58:36Z,,19.456499,82.363,membership,Payment by membership account and/or membership card,USCPIE12720881*1
ChargePoint Network,,,5122191,5122191,CULLMANELECTRIC / STATION1-L,8482151,247,3077233321,2024-05-06T18:29:05Z,2024-05-06T19:00:53Z,,26.075701,72.762,membership,Payment by membership account and/or membership card,USCPIE5122191*1
ChargePoint Network,,,682921,682921,7SPC / TVPPA OFFICE,9117261,3,3122849621,2024-05-26T13:18:12Z,2024-05-26T20:00:17Z,,40.129726,6.0471,credit_card_terminal,Payment via credit card or debit card terminal,USCPIE682921*2
ChargePoint Network,,,13290491,13290491,7SPC / NASA USSRC L,22634931,3,3127016481,2024-05-28T18:54:15Z,2024-05-28T19:24:01Z,,2.851898,5.9624,credit_card_terminal,Payment via credit card or debit card terminal,USCPIE13290491*1
ChargePoint Network,,,13966051,13966051,BEA / STATION 3 (RM),23419981,247,3127447021,2024-05-28T21:51:46Z,2024-05-28T22:34:44Z,,30.079700,75.041,roaming,Payment via roaming partners,USCPIE13966051*1
ChargePoint Network,,,13664471,13664471,BTES / STATION 3 (RM),23060511,247,3087341161,2024-05-10T19:18:02Z,2024-05-10T19:34:52Z,,21.371000,87.162,credit_card_terminal,Payment via credit card or debit card terminal,USCPIE13664471*1
ChargePoint Network,,,1964521,1964521,EBOFG / GUNTERSVILLE PD,8374201,3,3131884781,2024-05-30T17:08:31Z,2024-05-31T01:22:32Z,,60.830547,7.5174,membership,Payment by membership account and/or membership card,USCPIE1964521*1
ChargePoint Network,,,12720861,12720861,WRECC / STATION 2,21977121,247,3112020711,2024-05-21T19:30:01Z,2024-05-21T20:34:29Z,,40.308601,61.445,membership,Payment by membership account and/or membership card,USCPIE12720861*1
ChargePoint Network,,,15694081,15694081,BRIGHTRIDGE EV / STATION 2 (R),25291921,100011,3122918301,2024-05-26T14:38:00Z,2024-05-26T15:03:49Z,,5.934200,35.763,membership,Payment by membership account and/or membership card,USCPIE15694081*1
ChargePoint Network,,,1932851,1932851,BRIGHTRIDGE EV / BR-JC LIBRARY,23319811,3,3073840201,2024-05-04T21:22:10Z,2024-05-04T21:27:03Z,,0.550293,7.3022,membership,Payment by membership account and/or membership card,USCPIE1932851*1
ChargePoint Network,,,1988141,1988141,7SPC / SCES DREAM MORE,2355571,3,3102553331,2024-05-17T12:32:30Z,2024-05-17T15:37:11Z,,19.104984,7.1613,membership,Payment by membership account and/or membership card,USCPIE1988141*2
ChargePoint Network,,,8851921,8851921,7SPC / SEVIERVILLE DC1,15571271,207,3074511101,2024-05-05T04:43:39Z,2024-05-05T05:06:48Z,,18.163799,52.772,membership,Payment by membership account and/or membership card,USCPIE8851921*1
ChargePoint Network,,,13966811,13966811,BEA / STATION 2 (LM),23420881,247,3083728141,2024-05-09T11:20:40Z,2024-05-09T11:43:18Z,,23.521400,73.125,membership,Payment by membership account and/or membership card,USCPIE13966811*1
ChargePoint Network,,,9677521,9677521,UT PARKING / S7 STATION 1,17169341,3,3097313151,2024-05-15T11:26:15Z,2024-05-15T12:13:26Z,,5.535842,7.1954,membership,Payment by membership account and/or membership card,USCPIE9677521*2
ChargePoint Network,,,12720881,12720881,WRECC / STATION 1,,,3109194741,2024-05-20T16:55:59Z,2024-05-20T16:58:00Z,,0.000000,,other,Any other payment method not specified above. Additional description should be provided in Payment Method Description.,USCPIE12720881*0
ChargePoint Network,,,5525971,5525971,7SPC / SPARTA TN,9154681,3,3085445331,2024-05-09T23:22:24Z,2024-05-10T01:09:28Z,,12.709308,7.2892,membership,Payment by membership account and/or membership card,USCPIE5525971*1
ChargePoint Network,,,15293211,15293211,TRNG CENTER / TRAININGCENTER1,24823111,3,3073335771,2024-05-04T16:15:51Z,2024-05-04T16:59:09Z,,2.256796,3.2756,membership,Payment by membership account and/or membership card,USCPIE15293211*2
ChargePoint Network,,,15332351,15332351,TUA NW ATLANTIC / STATION 2 (R),24867891,100011,3090593471,2024-05-12T09:22:16Z,2024-05-12T10:25:42Z,,7.276500,,membership,Payment by membership account and/or membership card,USCPIE15332351*1
ChargePoint Network,,,7173851,7173851,SCOTTSBORO EPB / MAIN OFFICE,12310871,3,3099303201,2024-05-16T01:50:11Z,2024-05-16T02:00:33Z,,0.619154,3.864,credit_card_terminal,Payment via credit card or debit card terminal,USCPIE7173851*2
ChargePoint Network,,,5346231,5346231,CULLMANELECTRIC / STATION2-R,8926271,247,3072281831,2024-05-03T23:40:13Z,2024-05-03T23:45:46Z,,0.000000,0.0,membership,Payment by membership account and/or membership card,USCPIE5346231*1
ChargePoint Network,,,13606121,13606121,I24 EXIT11 / STATION 2 (LM),22992591,247,3123765331,2024-05-27T00:09:34Z,2024-05-27T00:50:48Z,,45.789799,78.405,credit_card_terminal,Payment via credit card or debit card terminal,USCPIE13606121*1
ChargePoint Network,,,12720861,12720861,WRECC / STATION 2,21977121,247,3091872191,2024-05-13T01:49:22Z,2024-05-13T02:21:00Z,,35.886101,74.844,membership,Payment by membership account and/or membership card,USCPIE12720861*1
ChargePoint Network,,,5122191,5122191,CULLMANELECTRIC / STATION1-L,8482151,247,3130241411,2024-05-29T23:40:42Z,2024-05-29T23:41:19Z,,0.000000,0.0,credit_card_terminal,Payment via credit card or debit card terminal,USCPIE5122191*1
ChargePoint Network,,,1921351,1921351,STARKVILLE UTIL / STARKVILLE DWTN,23682581,3,3131417401,2024-05-30T14:24:39Z,2024-05-30T18:33:20Z,,26.707289,7.2665,membership,Payment by membership account and/or membership card,USCPIE1921351*2
ChargePoint Network,,,1932851,1932851,BRIGHTRIDGE EV / BR-JC LIBRARY,23319811,3,3106649831,2024-05-19T11:58:00Z,2024-05-19T12:29:23Z,,3.812954,7.395,membership,Payment by membership account and/or membership card,USCPIE1932851*1
ChargePoint Network,,,13606061,13606061,I24 EXIT11 / STATION 4 (RR),22992511,247,3120449701,2024-05-25T01:13:45Z,2024-05-25T01:37:52Z,,29.171801,75.239,membership,Payment by membership account and/or membership card,USCPIE13606061*1
ChargePoint Network,,,5466441,5466441,7SPC / NASA USSRC R,9079371,3,3084135901,2024-05-09T14:48:47Z,2024-05-09T17:34:18Z,,16.980358,6.2155,credit_card_terminal,Payment via credit card or debit card terminal,USCPIE5466441*2
ChargePoint Network,,,12406491,12406491,FPIA / LEFT STATION,21527781,247,3087775721,2024-05-10T22:30:58Z,2024-05-10T22:41:27Z,,12.726600,0.0,membership,Payment by membership account and/or membership card,USCPIE12406491*1
ChargePoint Network,,,15332321,15332321,TUA NW ATLANTIC / STATION 1 (L),24867861,247,3097846391,2024-05-15T15:34:28Z,2024-05-15T16:15:09Z,,26.366699,58.0,credit_card_terminal,Payment via credit card or debit card terminal,USCPIE15332321*1
ChargePoint Network,,,12406401,12406401,FPIA / RIGHT STATION,21527671,247,3069764001,2024-05-02T22:26:57Z,2024-05-02T22:40:47Z,,10.660900,50.919,membership,Payment by membership account and/or membership card,USCPIE12406401*1
ChargePoint Network,,,12720881,12720881,WRECC / STATION 1,21977141,247,3128961441,2024-05-29T14:58:39Z,2024-05-29T15:02:42Z,,0.000000,0.0,membership,Payment by membership account and/or membership card,USCPIE12720881*1
ChargePoint Network,,,12720881,12720881,WRECC / STATION 1,21977141,247,3109750291,2024-05-20T21:12:02Z,2024-05-20T22:03:08Z,,46.094898,69.848,membership,Payment by membership account and/or membership card,USCPIE12720881*1
ChargePoint Network,,,5346231,5346231,CULLMANELECTRIC / STATION2-R,8926271,247,3120227321,2024-05-24T23:25:43Z,2024-05-25T00:26:32Z,,73.947304,87.073,membership,Payment by membership account and/or membership card,USCPIE5346231*1
ChargePoint Network,,,7505851,7505851,JEFFERSON AVE. / OXFORD STA1(L),12955471,247,3066322971,2024-05-01T18:19:57Z,2024-05-01T18:53:16Z,,38.562000,72.435,membership,Payment by membership account and/or membership card,USCPIE7505851*1
ChargePoint Network,,,12720861,12720861,WRECC / STATION 2,21977121,247,3076228421,2024-05-06T07:55:23Z,2024-05-06T08:27:41Z,,28.047400,54.15,membership,Payment by membership account and/or membership card,USCPIE12720861*1
ChargePoint Network,,,15548151,15548151,DECATURDOWNTWN / STATION 1 (R),25119511,247,3102705161,2024-05-17T13:56:39Z,2024-05-17T15:11:36Z,,83.966103,76.435,membership,Payment by membership account and/or membership card,USCPIE15548151*1
ChargePoint Network,,,15640171,15640171,NECDC / STATION 2 (R),25228711,247,3129236281,2024-05-29T16:26:32Z,2024-05-29T16:49:15Z,,20.259399,56.472,membership,Payment by membership account and/or membership card,USCPIE15640171*1
ChargePoint Network,,,15623211,15623211,CLW / 5TH ST 2 (R),25208281,247,3083952231,2024-05-09T13:27:27Z,2024-05-09T16:26:45Z,,48.024502,76.635,membership,Payment by membership account and/or membership card,USCPIE15623211*1
ChargePoint Network,,,5363211,5363211,HARTSELLE 1 / HARTSELLE 1,23427581,3,3085371421,2024-05-09T22:52:22Z,2024-05-10T00:35:07Z,,6.375511,3.7776,membership,Payment by membership account and/or membership card,USCPIE5363211*2
ChargePoint Network,,,1932851,1932851,BRIGHTRIDGE EV / BR-JC LIBRARY,23319821,3,3122727251,2024-05-26T08:24:00Z,2024-05-26T08:43:56Z,,2.170139,6.6219,membership,Payment by membership account and/or membership card,USCPIE1932851*2
ChargePoint Network,,,8851921,8851921,7SPC / SEVIERVILLE DC1,15571271,207,3124488301,2024-05-27T14:31:54Z,2024-05-27T14:37:20Z,,1.089900,0.0,membership,Payment by membership account and/or membership card,USCPIE8851921*1
ChargePoint Network,,,1988061,1988061,7SPC / SCES DOLLYWOOD,25235451,3,3095235961,2024-05-14T15:02:36Z,2024-05-14T19:22:08Z,,21.210768,7.148,membership,Payment by membership account and/or membership card,USCPIE1988061*2
ChargePoint Network,,,8851921,8851921,7SPC / SEVIERVILLE DC1,15571271,207,3121643671,2024-05-25T19:07:26Z,2024-05-25T19:08:46Z,,0.000000,0.0,membership,Payment by membership account and/or membership card,USCPIE8851921*1
ChargePoint Network,,,15332321,15332321,TUA NW ATLANTIC / STATION 1 (L),24867861,247,3079041711,2024-05-07T14:41:26Z,2024-05-07T15:03:32Z,,19.841801,77.013,credit_card_terminal,Payment via credit card or debit card terminal,USCPIE15332321*1
ChargePoint Network,,,1988141,1988141,7SPC / SCES DREAM MORE,2355571,3,3116927651,2024-05-23T17:24:30Z,2024-05-24T02:33:45Z,,59.860317,7.0766,membership,Payment by membership account and/or membership card,USCPIE1988141*2
ChargePoint Network,,,13664501,13664501,BTES / STATION 4 (RR),23060561,247,3073001621,2024-05-04T09:22:45Z,2024-05-04T10:07:07Z,,44.500702,74.86,credit_card_terminal,Payment via credit card or debit card terminal,USCPIE13664501*1
ChargePoint Network,,,15548181,15548181,DECATURDOWNTWN / STATION 2 (L),,,3080399341,2024-05-08T00:03:59Z,2024-05-08T00:06:00Z,,0.000000,,membership,Payment by membership account and/or membership card,USCPIE15548181*0
ChargePoint Network,,,13606091,13606091,I24 EXIT11 / STATION 3 (RM),22992551,100011,3072176811,2024-05-03T22:48:24Z,2024-05-03T22:48:36Z,,0.000000,0.0,membership,Payment by membership account and/or membership card,USCPIE13606091*1
ChargePoint Network,,,15548151,15548151,DECATURDOWNTWN / STATION 1 (R),25119511,247,3115293861,2024-05-23T00:27:19Z,2024-05-23T01:29:08Z,,95.549103,98.378,membership,Payment by membership account and/or membership card,USCPIE15548151*1
ChargePoint Network,,,13026471,13026471,WCMES / CITYHALL2-R,22328331,247,3079506481,2024-05-07T17:33:49Z,2024-05-07T18:03:26Z,,15.824400,33.345,membership,Payment by membership account and/or membership card,USCPIE13026471*1
ChargePoint Network,,,15694171,15694171,BRIGHTRIDGE EV / STATION 2 (R),25292041,247,3087914791,2024-05-10T23:37:13Z,2024-05-11T00:03:26Z,,38.070999,123.379,membership,Payment by membership account and/or membership card,USCPIE15694171*1
ChargePoint Network,,,682921,682921,7SPC / TVPPA OFFICE,9117251,3,3100993541,2024-05-16T19:37:56Z,2024-05-16T20:35:33Z,,5.921026,6.2054,membership,Payment by membership account and/or membership card,USCPIE682921*1
ChargePoint Network,,,12720881,12720881,WRECC / STATION 1,21977141,247,3118311071,2024-05-24T03:25:29Z,2024-05-24T04:55:22Z,,42.232800,56.115,membership,Payment by membership account and/or membership card,USCPIE12720881*1
ChargePoint Network,,,7173851,7173851,SCOTTSBORO EPB / MAIN OFFICE,12310861,3,3073434911,2024-05-04T17:20:18Z,2024-05-05T12:15:36Z,,63.778217,7.1933,membership,Payment by membership account and/or membership card,USCPIE7173851*1
ChargePoint Network,,,15694081,15694081,BRIGHTRIDGE EV / STATION 2 (R),25291921,247,3125566221,2024-05-28T02:48:35Z,2024-05-28T03:42:30Z,,73.166298,98.439,membership,Payment by membership account and/or membership card,USCPIE15694081*1
ChargePoint Network,,,13290491,13290491,7SPC / NASA USSRC L,22634931,3,3089794551,2024-05-11T22:43:39Z,2024-05-11T22:57:00Z,,1.245970,5.99,membership,Payment by membership account and/or membership card,USCPIE13290491*1
ChargePoint Network,,,13664501,13664501,BTES / STATION 4 (RR),23060561,247,3116487591,2024-05-23T14:50:18Z,2024-05-23T15:04:00Z,,7.267200,120.0,membership,Payment by membership account and/or membership card,USCPIE13664501*1
ChargePoint Network,,,5619801,5619801,7SPC / WARREN RECC BG,9274251,3,3072459361,2024-05-04T01:08:01Z,2024-05-04T01:08:49Z,,0.009457,3.6883,membership,Payment by membership account and/or membership card,USCPIE5619801*1
ChargePoint Network,,,13606061,13606061,I24 EXIT11 / STATION 4 (RR),22992511,247,3072625271,2024-05-04T02:40:57Z,2024-05-04T03:05:12Z,,26.701599,70.844,membership,Payment by membership account and/or membership card,USCPIE13606061*1
ChargePoint Network,,,1988061,1988061,7SPC / SCES DOLLYWOOD,25235441,3,3084671411,2024-05-09T18:03:06Z,2024-05-09T18:03:17Z,,0.000000,,membership,Payment by membership account and/or membership card,USCPIE1988061*1
ChargePoint Network,,,15640031,15640031,NECDC / STATION 1 (L),25228511,247,3078111281,2024-05-07T01:09:46Z,2024-05-07T01:22:48Z,,11.347100,56.826,membership,Payment by membership account and/or membership card,USCPIE15640031*1
ChargePoint Network,,,13292801,13292801,LODGE CAST IRON / STORE & MUSEUM,22637561,3,3103305031,2024-05-17T18:05:51Z,2024-05-17T18:39:14Z,,3.702476,6.8369,membership,Payment by membership account and/or membership card,USCPIE13292801*2
ChargePoint Network,,,12720861,12720861,WRECC / STATION 2,21977121,247,3093273091,2024-05-13T18:17:15Z,2024-05-13T18:22:59Z,,0.629100,0.0,membership,Payment by membership account and/or membership card,USCPIE12720861*1
ChargePoint Network,,,13026471,13026471,WCMES / CITYHALL2-R,22328331,247,3069973801,2024-05-02T23:56:13Z,2024-05-03T00:39:04Z,,25.211599,53.428,membership,Payment by membership account and/or membership card,USCPIE13026471*1
ChargePoint Network,,,5397731,5397731,EEDEV / MILLIGAN UNIV,9010251,3,3109645201,2024-05-20T20:25:25Z,2024-05-20T20:58:03Z,,3.981387,7.4556,membership,Payment by membership account and/or membership card,USCPIE5397731*1
ChargePoint Network,,,13026471,13026471,WCMES / CITYHALL2-R,22328331,247,3120029531,2024-05-24T21:50:19Z,2024-05-24T22:41:17Z,,41.530899,71.955,membership,Payment by membership account and/or membership card,USCPIE13026471*1
ChargePoint Network,,,1988061,1988061,7SPC / SCES DOLLYWOOD,25235451,3,3095234491,2024-05-14T15:01:37Z,2024-05-14T15:02:26Z,,0.000000,,membership,Payment by membership account and/or membership card,USCPIE1988061*2
ChargePoint Network,,,5466441,5466441,7SPC / NASA USSRC R,9079361,3,3121865531,2024-05-25T21:15:00Z,2024-05-25T21:17:00Z,,0.000000,0.0,membership,Payment by membership account and/or membership card,USCPIE5466441*1
ChargePoint Network,,,15332321,15332321,TUA NW ATLANTIC / STATION 1 (L),24867861,247,3089611591,2024-05-11T21:03:27Z,2024-05-11T22:01:08Z,,25.111500,51.324,credit_card_terminal,Payment via credit card or debit card terminal,USCPIE15332321*1
ChargePoint Network,,,14337501,14337501,HOLSTONELECTRIC / CHURCH HILL-2,23845091,247,3089967321,2024-05-12T00:14:18Z,2024-05-12T00:15:24Z,,0.000000,0.0,membership,Payment by membership account and/or membership card,USCPIE14337501*1
ChargePoint Network,,,13606091,13606091,I24 EXIT11 / STATION 3 (RM),22992551,247,3090744471,2024-05-12T14:01:42Z,2024-05-12T14:40:32Z,,30.816999,54.682,membership,Payment by membership account and/or membership card,USCPIE13606091*1
ChargePoint Network,,,5445161,5445161,7SPC / UC - LIVINGSTON,9052351,3,3090805821,2024-05-12T15:00:57Z,2024-05-12T16:43:48Z,,12.045392,7.1239,membership,Payment by membership account and/or membership card,USCPIE5445161*2
ChargePoint Network,,,13290491,13290491,7SPC / NASA USSRC L,22634931,3,3105128121,2024-05-18T15:40:45Z,2024-05-18T17:18:54Z,,5.738509,5.8554,membership,Payment by membership account and/or membership card,USCPIE13290491*1
ChargePoint Network,,,13606091,13606091,I24 EXIT11 / STATION 3 (RM),22992551,247,3065441541,2024-05-01T12:16:00Z,2024-05-01T12:32:12Z,,16.206499,71.305,credit_card_terminal,Payment via credit card or debit card terminal,USCPIE13606091*1
ChargePoint Network,,,5122191,5122191,CULLMANELECTRIC / STATION1-L,8482151,100011,3105855791,2024-05-18T23:04:34Z,2024-05-18T23:24:09Z,,6.431700,53.097,credit_card_terminal,Payment via credit card or debit card terminal,USCPIE5122191*1
ChargePoint Network,,,5363211,5363211,HARTSELLE 1 / HARTSELLE 1,23427581,3,3102721291,2024-05-17T14:04:58Z,2024-05-17T17:09:37Z,,21.882118,7.1654,membership,Payment by membership account and/or membership card,USCPIE5363211*2
ChargePoint Network,,,1933211,1933211,BRIGHTRIDGE EV / BR-JONESBOROUGH,2283641,3,3132006241,2024-05-30T18:05:28Z,2024-05-31T01:44:15Z,,46.465477,6.1469,membership,Payment by membership account and/or membership card,USCPIE1933211*2
ChargePoint Network,,,15623211,15623211,CLW / 5TH ST 2 (R),25208281,247,3124582621,2024-05-27T15:55:31Z,2024-05-27T17:13:45Z,,17.902901,79.388,credit_card_terminal,Payment via credit card or debit card terminal,USCPIE15623211*1
ChargePoint Network,,,15694081,15694081,BRIGHTRIDGE EV / STATION 1 (L),25291921,247,3113581541,2024-05-22T12:29:36Z,2024-05-22T13:02:40Z,,27.763300,82.346,membership,Payment by membership account and/or membership card,USCPIE15694081*1
ChargePoint Network,,,5122191,5122191,CULLMANELECTRIC / STATION1-L,8482151,247,3067678871,2024-05-02T05:00:43Z,2024-05-02T05:19:12Z,,32.889900,115.319,membership,Payment by membership account and/or membership card,USCPIE5122191*1
ChargePoint Network,,,5380331,5380331,CULLMAN PB / STATION 1,8970961,3,3103051371,2024-05-17T16:09:59Z,2024-05-17T16:12:01Z,,0.000000,0.0,membership,Payment by membership account and/or membership card,USCPIE5380331*2
ChargePoint Network,,,12720861,12720861,WRECC / STATION 2,21977121,247,3094817451,2024-05-14T11:44:18Z,2024-05-14T12:14:22Z,,37.492100,88.038,membership,Payment by membership account and/or membership card,USCPIE12720861*1
ChargePoint Network,,,15280441,15280441,SPRFLD ELECTRIC / STATION 2 (R),24807641,247,3079530491,2024-05-07T17:45:46Z,2024-05-07T17:47:30Z,,0.000000,0.0,membership,Payment by membership account and/or membership card,USCPIE15280441*1
ChargePoint Network,,,5346231,5346231,CULLMANELECTRIC / STATION2-R,8926271,247,3073860311,2024-05-04T21:33:59Z,2024-05-04T21:44:37Z,,8.736000,0.0,membership,Payment by membership account and/or membership card,USCPIE5346231*1
ChargePoint Network,,,1964521,1964521,EBOFG / GUNTERSVILLE PD,8374201,3,3124930051,2024-05-27T19:50:51Z,2024-05-27T20:11:49Z,,2.475524,7.3244,membership,Payment by membership account and/or membership card,USCPIE1964521*1
ChargePoint Network,,,5354011,5354011,7SPC / GREENEVILLE TA,8936791,100011,3095744511,2024-05-14T18:25:05Z,2024-05-14T18:56:02Z,,24.641701,50.369,credit_card_terminal,Payment via credit card or debit card terminal,USCPIE5354011*1
ChargePoint Network,,,5122191,5122191,CULLMANELECTRIC / STATION1-L,8482151,247,3077230301,2024-05-06T18:27:30Z,2024-05-06T18:28:18Z,,0.000000,0.0,membership,Payment by membership account and/or membership card,USCPIE5122191*1
ChargePoint Network,,,14097711,14097711,SCOTTSBORO EPB / SEPB DCFC (R),23570811,247,3079774361,2024-05-07T19:41:30Z,2024-05-07T20:39:49Z,,53.092899,74.879,membership,Payment by membership account and/or membership card,USCPIE14097711*1
ChargePoint Network,,,5346231,5346231,CULLMANELECTRIC / STATION2-R,8926271,247,3093559011,2024-05-13T20:26:45Z,2024-05-13T20:27:35Z,,0.000000,0.0,membership,Payment by membership account and/or membership card,USCPIE5346231*1
ChargePoint Network,,,15694081,15694081,BRIGHTRIDGE EV / STATION 1 (L),25291921,247,3095566601,2024-05-14T16:56:59Z,2024-05-14T18:09:11Z,,11.921800,42.693,membership,Payment by membership account and/or membership card,USCPIE15694081*1
ChargePoint Network,,,5619801,5619801,7SPC / WARREN RECC BG,9274251,3,3095760151,2024-05-14T18:33:09Z,2024-05-14T18:46:41Z,,1.298695,6.2245,membership,Payment by membership account and/or membership card,USCPIE5619801*1
ChargePoint Network,,,5445161,5445161,7SPC / UC - LIVINGSTON,9052351,3,3127653611,2024-05-28T23:15:44Z,2024-05-29T11:05:12Z,,34.818398,7.1167,membership,Payment by membership account and/or membership card,USCPIE5445161*2
ChargePoint Network,,,5619801,5619801,7SPC / WARREN RECC BG,9274251,3,3078165671,2024-05-07T01:41:14Z,2024-05-07T02:16:58Z,,3.691489,6.3503,membership,Payment by membership account and/or membership card,USCPIE5619801*1
ChargePoint Network,,,13643831,13643831,PEPA / STATION 1,23036511,247,3066871341,2024-05-01T22:17:31Z,2024-05-01T22:51:45Z,,30.819000,73.853,membership,Payment by membership account and/or membership card,USCPIE13643831*1
ChargePoint Network,,,1921531,1921531,STARKVILLE UTIL / STARKVILLE REC,2268551,3,3100804911,2024-05-16T18:12:46Z,2024-05-16T18:14:45Z,,0.000000,0.0,credit_card_terminal,Payment via credit card or debit card terminal,USCPIE1921531*1
ChargePoint Network,,,13664401,13664401,BTES / STATION 1 (LL),23060421,247,3084931981,2024-05-09T19:55:59Z,2024-05-09T20:23:51Z,,26.066099,58.673,membership,Payment by membership account and/or membership card,USCPIE13664401*1
ChargePoint Network,,,7173851,7173851,SCOTTSBORO EPB / MAIN OFFICE,12310871,3,3076084991,2024-05-06T04:09:14Z,2024-05-06T04:18:53Z,,1.033565,7.1441,membership,Payment by membership account and/or membership card,USCPIE7173851*2
ChargePoint Network,,,12720861,12720861,WRECC / STATION 2,21977121,247,3125373441,2024-05-28T00:37:01Z,2024-05-28T00:39:01Z,,0.000000,0.0,membership,Payment by membership account and/or membership card,USCPIE12720861*1
ChargePoint Network,,,12406401,12406401,FPIA / RIGHT STATION,21527671,100011,3121572521,2024-05-25T18:24:49Z,2024-05-25T19:01:36Z,,20.168501,44.268,credit_card_terminal,Payment via credit card or debit card terminal,USCPIE12406401*1
ChargePoint Network,,,12720861,12720861,WRECC / STATION 2,21977121,247,3125365251,2024-05-28T00:31:18Z,2024-05-28T00:33:05Z,,0.000000,0.0,membership,Payment by membership account and/or membership card,USCPIE12720861*1
ChargePoint Network,,,15623211,15623211,CLW / 5TH ST 2 (R),25208281,247,3069152011,2024-05-02T18:01:24Z,2024-05-02T18:01:42Z,,0.000000,0.0,membership,Payment by membership account and/or membership card,USCPIE15623211*1
ChargePoint Network,,,13659871,13659871,LAWRENCEBURG / STATION 2 (R),23054921,247,3101449771,2024-05-16T22:47:02Z,2024-05-16T23:04:42Z,,18.141701,65.403,membership,Payment by membership account and/or membership card,USCPIE13659871*1
ChargePoint Network,,,14337221,14337221,HOLSTONELECTRIC / CHURCH HILL-1,23844801,247,3077435431,2024-05-06T20:02:36Z,2024-05-06T20:22:45Z,,16.674500,54.75,membership,Payment by membership account and/or membership card,USCPIE14337221*1
ChargePoint Network,,,8851921,8851921,7SPC / SEVIERVILLE DC1,,,3106683811,2024-05-19T12:46:43Z,2024-05-19T12:48:45Z,,0.000000,,membership,Payment by membership account and/or membership card,USCPIE8851921*0
ChargePoint Network,,,15548181,15548181,DECATURDOWNTWN / STATION 2 (L),25119551,247,3096802861,2024-05-15T02:10:08Z,2024-05-15T02:44:12Z,,52.240700,100.674,membership,Payment by membership account and/or membership card,USCPIE15548181*1
ChargePoint Network,,,12406491,12406491,FPIA / LEFT STATION,21527781,247,3101177221,2024-05-16T20:54:21Z,2024-05-16T21:30:39Z,,41.409801,76.041,other,Any other payment method not specified above. Additional description should be provided in Payment Method Description.,USCPIE12406491*1
ChargePoint Network,,,15742641,15742641,GEA-1 / STATION 2 (R),25349301,247,3124445611,2024-05-27T13:45:19Z,2024-05-27T13:45:31Z,,0.000000,0.0,membership,Payment by membership account and/or membership card,USCPIE15742641*1
ChargePoint Network,,,5363211,5363211,HARTSELLE 1 / HARTSELLE 1,23427581,3,3088872751,2024-05-11T13:41:22Z,2024-05-11T17:30:55Z,,27.279032,7.2323,membership,Payment by membership account and/or membership card,USCPIE5363211*2
ChargePoint Network,,,13643831,13643831,PEPA / STATION 1,23036511,247,3064703011,2024-05-01T00:46:54Z,2024-05-01T01:19:24Z,,29.401300,75.143,membership,Payment by membership account and/or membership card,USCPIE13643831*1
ChargePoint Network,,,8851921,8851921,7SPC / SEVIERVILLE DC1,15571271,207,3118928251,2024-05-24T13:42:18Z,2024-05-24T14:36:46Z,,18.891800,45.125,membership,Payment by membership account and/or membership card,USCPIE8851921*1
ChargePoint Network,,,13606061,13606061,I24 EXIT11 / STATION 4 (RR),22992511,100011,3079761691,2024-05-07T19:35:49Z,2024-05-07T20:31:30Z,,22.792601,27.299,membership,Payment by membership account and/or membership card,USCPIE13606061*1
ChargePoint Network,,,13606091,13606091,I24 EXIT11 / STATION 3 (RM),22992551,247,3132679351,2024-05-30T22:51:44Z,2024-05-30T23:16:50Z,,21.958200,55.265,membership,Payment by membership account and/or membership card,USCPIE13606091*1
ChargePoint Network,,,13290491,13290491,7SPC / NASA USSRC L,22634931,3,3119349401,2024-05-24T16:40:55Z,2024-05-24T19:17:14Z,,12.574105,5.9874,membership,Payment by membership account and/or membership card,USCPIE13290491*1
ChargePoint Network,,,14359491,14359491,EBOFG / STATION 1 (L),23870291,247,3107506391,2024-05-19T21:50:21Z,2024-05-19T21:51:53Z,,0.000000,0.0,credit_card_terminal,Payment via credit card or debit card terminal,USCPIE14359491*1
ChargePoint Network,,,5619801,5619801,7SPC / WARREN RECC BG,9274261,3,3129322661,2024-05-29T17:02:35Z,2024-05-29T17:08:15Z,,0.437608,6.099,membership,Payment by membership account and/or membership card,USCPIE5619801*2
ChargePoint Network,,,12720881,12720881,WRECC / STATION 1,21977141,247,3118242541,2024-05-24T02:58:57Z,2024-05-24T03:00:45Z,,0.000000,0.0,phone_online,"Payment through mobile app, website, automated phone number or messaging system",USCPIE12720881*1
ChargePoint Network,,,14097711,14097711,SCOTTSBORO EPB / SEPB DCFC (R),23570811,247,3076078141,2024-05-06T04:04:06Z,2024-05-06T05:00:27Z,,42.172501,53.436,membership,Payment by membership account and/or membership card,USCPIE14097711*1
ChargePoint Network,,,12720861,12720861,WRECC / STATION 2,21977121,247,3115067611,2024-05-22T22:49:07Z,2024-05-22T22:50:24Z,,0.000000,0.0,membership,Payment by membership account and/or membership card,USCPIE12720861*1
ChargePoint Network,,,13664501,13664501,BTES / STATION 4 (RR),23060561,247,3112355531,2024-05-21T21:48:42Z,2024-05-21T22:44:40Z,,28.031401,53.428,membership,Payment by membership account and/or membership card,USCPIE13664501*1
ChargePoint Network,,,5346231,5346231,CULLMANELECTRIC / STATION2-R,8926271,247,3083123501,2024-05-09T01:23:36Z,2024-05-09T01:34:29Z,,11.630700,68.508,membership,Payment by membership account and/or membership card,USCPIE5346231*1
ChargePoint Network,,,8851921,8851921,7SPC / SEVIERVILLE DC1,15571271,207,3129586831,2024-05-29T19:07:00Z,2024-05-29T19:07:51Z,,0.002100,0.0,membership,Payment by membership account and/or membership card,USCPIE8851921*1
ChargePoint Network,,,12406491,12406491,FPIA / LEFT STATION,21527781,247,3089316191,2024-05-11T18:21:57Z,2024-05-11T18:42:35Z,,27.380600,122.928,membership,Payment by membership account and/or membership card,USCPIE12406491*1
ChargePoint Network,,,13966051,13966051,BEA / STATION 3 (RM),23419981,247,3119186621,2024-05-24T15:37:24Z,2024-05-24T16:50:12Z,,49.602402,54.316,membership,Payment by membership account and/or membership card,USCPIE13966051*1
ChargePoint Network,,,14097711,14097711,SCOTTSBORO EPB / SEPB DCFC (R),23570811,247,3071999351,2024-05-03T21:25:52Z,2024-05-03T22:27:11Z,,58.622601,74.684,membership,Payment by membership account and/or membership card,USCPIE14097711*1
ChargePoint Network,,,14047321,14047321,JEFFERSON AVE. / OXFORD STA2(R),23514081,247,3117536011,2024-05-23T21:45:28Z,2024-05-23T22:35:44Z,,56.091400,71.082,membership,Payment by membership account and/or membership card,USCPIE14047321*1
ChargePoint Network,,,15332351,15332351,TUA NW ATLANTIC / STATION 2 (R),24867891,247,3074377851,2024-05-05T02:59:18Z,2024-05-05T03:47:26Z,,33.563702,72.345,credit_card_terminal,Payment via credit card or debit card terminal,USCPIE15332351*1
ChargePoint Network,,,15623211,15623211,CLW / 5TH ST 2 (R),25208281,247,3109597201,2024-05-20T20:04:01Z,2024-05-20T20:36:55Z,,30.394400,73.875,credit_card_terminal,Payment via credit card or debit card terminal,USCPIE15623211*1
ChargePoint Network,,,8851921,8851921,7SPC / SEVIERVILLE DC1,15571271,207,3132164521,2024-05-30T19:18:00Z,2024-05-30T19:19:18Z,,0.000000,0.0,membership,Payment by membership account and/or membership card,USCPIE8851921*1
ChargePoint Network,,,13861891,13861891,BRMEMC / STATION 2,23296321,247,3092786171,2024-05-13T15:04:57Z,2024-05-13T16:11:13Z,,87.884499,84.824,credit_card_terminal,Payment via credit card or debit card terminal,USCPIE13861891*1
ChargePoint Network,,,15694171,15694171,BRIGHTRIDGE EV / STATION 1 (L),25292041,247,3124544231,2024-05-27T15:23:01Z,2024-05-27T15:23:19Z,,0.000000,0.0,membership,Payment by membership account and/or membership card,USCPIE15694171*1
ChargePoint Network,,,13606091,13606091,I24 EXIT11 / STATION 3 (RM),22992551,247,3086297601,2024-05-10T10:42:48Z,2024-05-10T11:12:01Z,,21.528000,52.984,membership,Payment by membership account and/or membership card,USCPIE13606091*1
ChargePoint Network,,,5424051,5424051,EEDEV / ELIZ DOWNTOWN,9026991,3,3121933521,2024-05-25T21:56:19Z,2024-05-25T22:36:47Z,,4.709305,7.1416,membership,Payment by membership account and/or membership card,USCPIE5424051*1
ChargePoint Network,,,12460751,12460751,PES / LEFT STATION,22360171,215,3096131941,2024-05-14T21:14:38Z,2024-05-14T21:30:42Z,,1.913600,7.6329,membership,Payment by membership account and/or membership card,USCPIE12460751*1
ChargePoint Network,,,1988061,1988061,7SPC / SCES DOLLYWOOD,25499831,3,3128838401,2024-05-29T14:08:27Z,2024-05-29T21:14:40Z,,42.805561,7.1003,other,Any other payment method not specified above. Additional description should be provided in Payment Method Description.,USCPIE1988061*1
ChargePoint Network,,,1932851,1932851,BRIGHTRIDGE EV / BR-JC LIBRARY,23319821,3,3119651031,2024-05-24T19:01:00Z,2024-05-24T19:03:00Z,,0.000000,0.0,membership,Payment by membership account and/or membership card,USCPIE1932851*2
ChargePoint Network,,,5346231,5346231,CULLMANELECTRIC / STATION2-R,8926271,247,3092362411,2024-05-13T11:32:57Z,2024-05-13T12:06:44Z,,36.451801,77.615,membership,Payment by membership account and/or membership card,USCPIE5346231*1
ChargePoint Network,,,13861861,13861861,BRMEMC / STATION 1,23296281,247,3073413521,2024-05-04T17:06:23Z,2024-05-04T17:09:06Z,,0.000000,0.0,membership,Payment by membership account and/or membership card,USCPIE13861861*1
ChargePoint Network,,,13290491,13290491,7SPC / NASA USSRC L,22634941,3,3070709601,2024-05-03T10:43:12Z,2024-05-03T12:33:59Z,,2.496389,5.6826,membership,Payment by membership account and/or membership card,USCPIE13290491*2
ChargePoint Network,,,12406401,12406401,FPIA / RIGHT STATION,21527671,247,3118200551,2024-05-24T02:31:00Z,2024-05-24T02:36:00Z,,0.000000,0.0,membership,Payment by membership account and/or membership card,USCPIE12406401*1
ChargePoint Network,,,13423691,13423691,AEC / STATION #1 (L),22787121,247,3132068801,2024-05-30T18:36:00Z,2024-05-30T19:22:44Z,,61.900700,123.199,membership,Payment by membership account and/or membership card,USCPIE13423691*1
ChargePoint Network,,,12720861,12720861,WRECC / STATION 2,21977121,247,3118292291,2024-05-24T03:10:30Z,2024-05-24T04:24:22Z,,37.272800,52.771,membership,Payment by membership account and/or membership card,USCPIE12720861*1
ChargePoint Network,,,8851921,8851921,7SPC / SEVIERVILLE DC1,15571271,207,3116376371,2024-05-23T14:05:14Z,2024-05-23T14:36:33Z,,23.521700,61.215,phone_online,"Payment through mobile app, website, automated phone number or messaging system",USCPIE8851921*1
ChargePoint Network,,,12720881,12720881,WRECC / STATION 1,21977141,247,3117547291,2024-05-23T21:50:15Z,2024-05-23T21:52:27Z,,0.000000,0.0,membership,Payment by membership account and/or membership card,USCPIE12720881*1
ChargePoint Network,,,13659871,13659871,LAWRENCEBURG / STATION 2 (R),23054921,247,3086828281,2024-05-10T15:35:18Z,2024-05-10T16:08:49Z,,34.265598,75.636,membership,Payment by membership account and/or membership card,USCPIE13659871*1
ChargePoint Network,,,14359491,14359491,EBOFG / STATION 1 (L),23870291,247,3116916141,2024-05-23T17:19:00Z,2024-05-23T17:19:35Z,,0.000000,0.0,credit_card_terminal,Payment via credit card or debit card terminal,USCPIE14359491*1
ChargePoint Network,,,1932851,1932851,BRIGHTRIDGE EV / BR-JC LIBRARY,23319821,3,3107541481,2024-05-19T22:10:11Z,2024-05-19T23:34:05Z,,6.563877,6.4771,credit_card_terminal,Payment via credit card or debit card terminal,USCPIE1932851*2
ChargePoint Network,,,14047321,14047321,JEFFERSON AVE. / OXFORD STA2(R),23514081,247,3128903891,2024-05-29T14:36:55Z,2024-05-29T15:39:29Z,,43.962898,54.384,membership,Payment by membership account and/or membership card,USCPIE14047321*1
ChargePoint Network,,,13659871,13659871,LAWRENCEBURG / STATION 2 (R),23054921,247,3092476071,2024-05-13T12:42:31Z,2024-05-13T13:14:50Z,,37.161400,72.071,membership,Payment by membership account and/or membership card,USCPIE13659871*1
ChargePoint Network,,,13423581,13423581,AEC / STATION #2 (R),22787011,247,3098467501,2024-05-15T19:54:59Z,2024-05-15T20:02:07Z,,0.000000,0.0,credit_card_terminal,Payment via credit card or debit card terminal,USCPIE13423581*1
ChargePoint Network,,,13966811,13966811,BEA / STATION 2 (LM),23420881,247,3127379961,2024-05-28T21:24:42Z,2024-05-28T21:57:57Z,,36.879002,68.87,credit_card_terminal,Payment via credit card or debit card terminal,USCPIE13966811*1
ChargePoint Network,,,15694171,15694171,BRIGHTRIDGE EV / STATION 1 (L),,,3117995881,2024-05-24T00:57:27Z,2024-05-24T00:59:28Z,,0.000000,,membership,Payment by membership account and/or membership card,USCPIE15694171*0
ChargePoint Network,,,7505851,7505851,JEFFERSON AVE. / OXFORD STA1(L),12955471,247,3079646881,2024-05-07T18:44:30Z,2024-05-07T19:13:22Z,,53.545300,115.596,credit_card_terminal,Payment via credit card or debit card terminal,USCPIE7505851*1
ChargePoint Network,,,12720861,12720861,WRECC / STATION 2,21977121,247,3127552521,2024-05-28T22:34:02Z,2024-05-28T22:38:31Z,,0.000000,0.0,membership,Payment by membership account and/or membership card,USCPIE12720861*1
ChargePoint Network,,,9677521,9677521,UT PARKING / S7 STATION 1,17169341,3,3086394961,2024-05-10T12:06:32Z,2024-05-10T15:57:02Z,,13.838236,3.6392,membership,Payment by membership account and/or membership card,USCPIE9677521*2
ChargePoint Network,,,15623231,15623231,CLW / 5TH ST 1 (L),25208301,247,3129921251,2024-05-29T21:27:17Z,2024-05-29T21:38:13Z,,11.297000,68.654,membership,Payment by membership account and/or membership card,USCPIE15623231*1
ChargePoint Network,,,682921,682921,7SPC / TVPPA OFFICE,9117261,3,3079850321,2024-05-07T20:12:00Z,2024-05-07T21:36:55Z,,8.587211,6.146,membership,Payment by membership account and/or membership card,USCPIE682921*2
ChargePoint Network,,,15694081,15694081,BRIGHTRIDGE EV / STATION 2 (R),25291921,247,3123606901,2024-05-26T22:32:03Z,2024-05-26T22:32:37Z,,0.000000,0.0,membership,Payment by membership account and/or membership card,USCPIE15694081*1
ChargePoint Network,,,13861861,13861861,BRMEMC / STATION 1,23296281,247,3073406911,2024-05-04T17:01:25Z,2024-05-04T17:05:54Z,,0.000000,0.0,credit_card_terminal,Payment via credit card or debit card terminal,USCPIE13861861*1
ChargePoint Network,,,1844191,1844191,CLW / MAIN ST,23050441,3,3083279241,2024-05-09T02:49:01Z,2024-05-09T11:00:21Z,,59.273193,7.2949,membership,Payment by membership account and/or membership card,USCPIE1844191*2
ChargePoint Network,,,15640171,15640171,NECDC / STATION 2 (R),25228711,247,3084522571,2024-05-09T16:55:35Z,2024-05-09T17:40:24Z,,34.484600,47.576,membership,Payment by membership account and/or membership card,USCPIE15640171*1
ChargePoint Network,,,14359491,14359491,EBOFG / STATION 1 (L),23870291,247,3120158671,2024-05-24T22:52:02Z,2024-05-24T22:52:57Z,,0.000000,0.0,membership,Payment by membership account and/or membership card,USCPIE14359491*1
ChargePoint Network,,,13606091,13606091,I24 EXIT11 / STATION 3 (RM),22992551,247,3091283131,2024-05-12T20:13:33Z,2024-05-12T20:26:29Z,,13.488000,65.797,membership,Payment by membership account and/or membership card,USCPIE13606091*1
ChargePoint Network,,,13966851,13966851,BEA / STATION 1 (LL),23420911,247,3081204471,2024-05-08T11:56:59Z,2024-05-08T12:31:58Z,,29.844500,74.099,membership,Payment by membership account and/or membership card,USCPIE13966851*1
ChargePoint Network,,,15640171,15640171,NECDC / STATION 2 (R),25228711,247,3066226181,2024-05-01T17:32:14Z,2024-05-01T17:54:15Z,,5.012200,16.253,membership,Payment by membership account and/or membership card,USCPIE15640171*1
ChargePoint Network,,,14337501,14337501,HOLSTONELECTRIC / CHURCH HILL-2,23845091,247,3078648901,2024-05-07T11:06:44Z,2024-05-07T11:30:21Z,,44.691200,124.176,membership,Payment by membership account and/or membership card,USCPIE14337501*1
ChargePoint Network,,,5363211,5363211,HARTSELLE 1 / HARTSELLE 1,23427571,3,3070313731,2024-05-03T02:37:10Z,2024-05-03T02:39:10Z,,0.000000,0.0,phone_online,"Payment through mobile app, website, automated phone number or messaging system",USCPIE5363211*1
ChargePoint Network,,,5414151,5414151,7SPC / UC - CARTHAGE,9014641,3,3097710231,2024-05-15T14:49:40Z,2024-05-15T20:20:11Z,,38.845261,7.1082,credit_card_terminal,Payment via credit card or debit card terminal,USCPIE5414151*1
ChargePoint Network,,,15694171,15694171,BRIGHTRIDGE EV / STATION 1 (L),25292041,247,3126148141,2024-05-28T13:01:29Z,2024-05-28T13:02:43Z,,0.000000,0.0,membership,Payment by membership account and/or membership card,USCPIE15694171*1
ChargePoint Network,,,14097711,14097711,SCOTTSBORO EPB / SEPB DCFC (R),23570811,247,3079918521,2024-05-07T20:41:46Z,2024-05-07T20:42:22Z,,0.000000,0.0,membership,Payment by membership account and/or membership card,USCPIE14097711*1
ChargePoint Network,,,5619801,5619801,7SPC / WARREN RECC BG,9274251,3,3113255071,2024-05-22T05:10:26Z,2024-05-22T06:30:56Z,,8.364126,6.3664,membership,Payment by membership account and/or membership card,USCPIE5619801*1
ChargePoint Network,,,14359491,14359491,EBOFG / STATION 1 (L),23870291,247,3124655741,2024-05-27T16:49:43Z,2024-05-27T16:50:26Z,,0.000000,0.0,membership,Payment by membership account and/or membership card,USCPIE14359491*1
ChargePoint Network,,,14097801,14097801,SCOTTSBORO EPB / SEPB DCFC (L),23570921,247,3068105481,2024-05-02T13:20:48Z,2024-05-02T13:21:34Z,,0.000000,0.0,membership,Payment by membership account and/or membership card,USCPIE14097801*1
ChargePoint Network,,,5122191,5122191,CULLMANELECTRIC / STATION1-L,8482151,247,3101697231,2024-05-17T00:33:08Z,2024-05-17T01:18:01Z,,31.047899,54.682,membership,Payment by membership account and/or membership card,USCPIE5122191*1
ChargePoint Network,,,14047321,14047321,JEFFERSON AVE. / OXFORD STA2(R),23514081,247,3090799991,2024-05-12T14:56:31Z,2024-05-12T14:57:21Z,,0.000000,0.0,membership,Payment by membership account and/or membership card,USCPIE14047321*1
ChargePoint Network,,,5619801,5619801,7SPC / WARREN RECC BG,9274261,3,3131998021,2024-05-30T18:01:24Z,2024-05-30T18:17:24Z,,0.751579,3.3152,membership,Payment by membership account and/or membership card,USCPIE5619801*2
ChargePoint Network,,,7173851,7173851,SCOTTSBORO EPB / MAIN OFFICE,12310861,3,3107423491,2024-05-19T21:03:35Z,2024-05-19T21:05:34Z,,0.000000,0.0,membership,Payment by membership account and/or membership card,USCPIE7173851*1
ChargePoint Network,,,12406491,12406491,FPIA / LEFT STATION,21527781,247,3123311821,2024-05-26T19:21:41Z,2024-05-26T19:49:13Z,,46.345600,123.845,membership,Payment by membership account and/or membership card,USCPIE12406491*1
ChargePoint Network,,,9745721,9745721,CRMC / CRMC-1 - L2LEFT,17301481,3,3129276151,2024-05-29T16:42:58Z,2024-05-29T16:50:08Z,,0.205721,7.1516,membership,Payment by membership account and/or membership card,USCPIE9745721*2
ChargePoint Network,,,682921,682921,7SPC / TVPPA OFFICE,9117261,3,3090684481,2024-05-12T12:53:59Z,2024-05-13T01:31:13Z,,74.851570,6.0699,credit_card_terminal,Payment via credit card or debit card terminal,USCPIE682921*2
ChargePoint Network,,,5122191,5122191,CULLMANELECTRIC / STATION1-L,8482151,247,3119490931,2024-05-24T17:47:22Z,2024-05-24T17:48:15Z,,0.000000,0.0,membership,Payment by membership account and/or membership card,USCPIE5122191*1
ChargePoint Network,,,13606141,13606141,I24 EXIT11 / STATION 1 (LL),22992611,247,3075395341,2024-05-05T21:00:54Z,2024-05-05T21:20:11Z,,22.173901,77.815,membership,Payment by membership account and/or membership card,USCPIE13606141*1
ChargePoint Network,,,8851921,8851921,7SPC / SEVIERVILLE DC1,15571271,207,3080573791,2024-05-08T01:20:55Z,2024-05-08T01:40:52Z,,17.453501,54.669,membership,Payment by membership account and/or membership card,USCPIE8851921*1
ChargePoint Network,,,15623211,15623211,CLW / 5TH ST 2 (R),25208281,247,3119906731,2024-05-24T20:52:32Z,2024-05-24T21:38:47Z,,43.328899,78.012,membership,Payment by membership account and/or membership card,USCPIE15623211*1
ChargePoint Network,,,5424051,5424051,EEDEV / ELIZ DOWNTOWN,9026991,3,3095668631,2024-05-14T17:46:44Z,2024-05-14T18:32:19Z,,2.538579,3.6344,membership,Payment by membership account and/or membership card,USCPIE5424051*1
ChargePoint Network,,,5466441,5466441,7SPC / NASA USSRC R,9079371,3,3108767111,2024-05-20T14:23:27Z,2024-05-20T21:36:03Z,,43.789467,6.1784,membership,Payment by membership account and/or membership card,USCPIE5466441*2
ChargePoint Network,,,12754021,12754021,WCMES / CITYHALL1-L,22015241,247,3096281861,2024-05-14T22:18:10Z,2024-05-15T00:28:41Z,,56.090698,54.096,membership,Payment by membership account and/or membership card,USCPIE12754021*1
ChargePoint Network,,,8851921,8851921,7SPC / SEVIERVILLE DC1,15571271,100011,3086559391,2024-05-10T13:41:43Z,2024-05-10T15:00:06Z,,4.794300,21.895,membership,Payment by membership account and/or membership card,USCPIE8851921*1
ChargePoint Network,,,14047321,14047321,JEFFERSON AVE. / OXFORD STA2(R),23514081,247,3107162701,2024-05-19T18:40:27Z,2024-05-19T19:19:07Z,,60.772900,98.531,membership,Payment by membership account and/or membership card,USCPIE14047321*1
ChargePoint Network,,,15548151,15548151,DECATURDOWNTWN / STATION 1 (R),25119511,247,3101823981,2024-05-17T01:25:01Z,2024-05-17T02:09:08Z,,56.119400,94.86,credit_card_terminal,Payment via credit card or debit card terminal,USCPIE15548151*1
ChargePoint Network,,,13861861,13861861,BRMEMC / STATION 1,23296281,247,3089979611,2024-05-12T00:21:58Z,2024-05-12T00:25:28Z,,1.678400,0.0,membership,Payment by membership account and/or membership card,USCPIE13861861*1
ChargePoint Network,,,14047321,14047321,JEFFERSON AVE. / OXFORD STA2(R),23514081,247,3095712911,2024-05-14T18:08:52Z,2024-05-14T18:35:07Z,,29.832399,71.599,membership,Payment by membership account and/or membership card,USCPIE14047321*1
ChargePoint Network,,,15694081,15694081,BRIGHTRIDGE EV / STATION 1 (L),25291921,247,3112510401,2024-05-21T22:52:35Z,2024-05-21T23:34:16Z,,30.206200,74.426,credit_card_terminal,Payment via credit card or debit card terminal,USCPIE15694081*1
ChargePoint Network,,,15694171,15694171,BRIGHTRIDGE EV / STATION 2 (R),25292041,247,3103364101,2024-05-17T18:35:41Z,2024-05-17T18:56:36Z,,22.762600,74.625,membership,Payment by membership account and/or membership card,USCPIE15694171*1
ChargePoint Network,,,15548181,15548181,DECATURDOWNTWN / STATION 2 (L),25119551,247,3132643311,2024-05-30T22:36:25Z,2024-05-30T23:20:31Z,,41.047501,72.468,membership,Payment by membership account and/or membership card,USCPIE15548181*1
ChargePoint Network,,,1844191,1844191,CLW / MAIN ST,23050431,3,3106053721,2024-05-19T01:22:01Z,2024-05-19T03:07:08Z,,5.816586,3.3631,credit_card_terminal,Payment via credit card or debit card terminal,USCPIE1844191*1
ChargePoint Network,,,15280471,15280471,SPRFLD ELECTRIC / STATION 1 (L),24807681,247,3119699831,2024-05-24T19:24:09Z,2024-05-24T19:34:52Z,,9.973600,63.332,membership,Payment by membership account and/or membership card,USCPIE15280471*1
ChargePoint Network,,,5346231,5346231,CULLMANELECTRIC / STATION2-R,8926271,247,3131064541,2024-05-30T11:07:56Z,2024-05-30T11:15:29Z,,4.970500,50.291,other,Any other payment method not specified above. Additional description should be provided in Payment Method Description.,USCPIE5346231*1
ChargePoint Network,,,12720861,12720861,WRECC / STATION 2,21977121,247,3132553171,2024-05-30T21:59:33Z,2024-05-30T22:00:52Z,,0.000000,0.0,membership,Payment by membership account and/or membership card,USCPIE12720861*1
ChargePoint Network,,,1988141,1988141,7SPC / SCES DREAM MORE,2355561,3,3116171861,2024-05-23T12:25:16Z,2024-05-23T14:01:12Z,,11.144620,7.0904,membership,Payment by membership account and/or membership card,USCPIE1988141*1
ChargePoint Network,,,7505851,7505851,JEFFERSON AVE. / OXFORD STA1(L),12955471,247,3065714581,2024-05-01T14:25:20Z,2024-05-01T14:40:22Z,,12.613200,58.258,membership,Payment by membership account and/or membership card,USCPIE7505851*1
ChargePoint Network,,,13966811,13966811,BEA / STATION 2 (LM),23420881,247,3132261451,2024-05-30T19:55:54Z,2024-05-30T20:45:00Z,,54.812401,73.904,membership,Payment by membership account and/or membership card,USCPIE13966811*1
ChargePoint Network,,,14025691,14025691,PARIS BPU / STATION 1(L),23489541,247,3120630821,2024-05-25T02:56:39Z,2024-05-25T03:59:22Z,,40.257099,73.853,membership,Payment by membership account and/or membership card,USCPIE14025691*1
ChargePoint Network,,,13966811,13966811,BEA / STATION 2 (LM),,,3121390311,2024-05-25T16:31:57Z,2024-05-25T16:33:58Z,,0.000000,,membership,Payment by membership account and/or membership card,USCPIE13966811*0
ChargePoint Network,,,15623231,15623231,CLW / 5TH ST 1 (L),25208301,247,3132106831,2024-05-30T18:53:16Z,2024-05-30T20:40:37Z,,42.622601,72.167,membership,Payment by membership account and/or membership card,USCPIE15623231*1
ChargePoint Network,,,1844191,1844191,CLW / MAIN ST,23050431,3,3098854971,2024-05-15T22:34:48Z,2024-05-16T11:06:48Z,,40.041542,7.3402,credit_card_terminal,Payment via credit card or debit card terminal,USCPIE1844191*1
ChargePoint Network,,,12460751,12460751,PES / LEFT STATION,22360171,215,3103695651,2024-05-17T21:02:46Z,2024-05-20T14:08:18Z,,45.132301,7.7246,membership,Payment by membership account and/or membership card,USCPIE12460751*1
ChargePoint Network,,,15280441,15280441,SPRFLD ELECTRIC / STATION 2 (R),24807641,247,3069698211,2024-05-02T21:59:38Z,2024-05-02T22:01:31Z,,0.000000,0.0,credit_card_terminal,Payment via credit card or debit card terminal,USCPIE15280441*1
ChargePoint Network,,,1988061,1988061,7SPC / SCES DOLLYWOOD,25235441,3,3073398631,2024-05-04T14:56:22Z,2024-05-04T17:12:13Z,,4.062405,3.7192,membership,Payment by membership account and/or membership card,USCPIE1988061*1
ChargePoint Network,,,12720861,12720861,WRECC / STATION 2,21977121,247,3127564801,2024-05-28T22:39:42Z,2024-05-28T22:42:09Z,,0.000000,0.0,membership,Payment by membership account and/or membership card,USCPIE12720861*1
ChargePoint Network,,,5619801,5619801,7SPC / WARREN RECC BG,9274251,3,3101119401,2024-05-16T20:28:52Z,2024-05-16T22:42:06Z,,13.857012,6.2964,membership,Payment by membership account and/or membership card,USCPIE5619801*1
ChargePoint Network,,,12460811,12460811,PES / RIGHT STATION,22948831,215,3129794991,2024-05-29T20:33:06Z,2024-05-30T12:37:52Z,,43.335400,7.7295,membership,Payment by membership account and/or membership card,USCPIE12460811*1
ChargePoint Network,,,1964521,1964521,EBOFG / GUNTERSVILLE PD,8374211,3,3066136791,2024-05-01T16:51:20Z,2024-05-01T21:32:37Z,,7.436444,3.6843,membership,Payment by membership account and/or membership card,USCPIE1964521*2
ChargePoint Network,,,15742641,15742641,GEA-1 / STATION 2 (R),25349301,247,3123778331,2024-05-27T00:17:34Z,2024-05-27T01:22:40Z,,47.604198,54.167,credit_card_terminal,Payment via credit card or debit card terminal,USCPIE15742641*1
ChargePoint Network,,,13290491,13290491,7SPC / NASA USSRC L,22634941,3,3103781061,2024-05-17T21:41:16Z,2024-05-17T22:19:13Z,,3.720952,5.9897,membership,Payment by membership account and/or membership card,USCPIE13290491*2
ChargePoint Network,,,12720861,12720861,WRECC / STATION 2,21977121,247,3124597061,2024-05-27T16:06:39Z,2024-05-27T16:47:38Z,,27.263300,54.534,membership,Payment by membership account and/or membership card,USCPIE12720861*1
ChargePoint Network,,,12754021,12754021,WCMES / CITYHALL1-L,22015241,247,3087916291,2024-05-10T23:38:03Z,2024-05-11T00:03:08Z,,26.402800,70.132,membership,Payment by membership account and/or membership card,USCPIE12754021*1
ChargePoint Network,,,1933211,1933211,BRIGHTRIDGE EV / BR-JONESBOROUGH,2283641,3,3107275391,2024-05-19T19:42:04Z,2024-05-19T21:15:58Z,,9.211329,6.0967,credit_card_terminal,Payment via credit card or debit card terminal,USCPIE1933211*2
ChargePoint Network,,,15548151,15548151,DECATURDOWNTWN / STATION 1 (R),25119511,247,3122130371,2024-05-25T23:49:09Z,2024-05-26T00:27:18Z,,8.355500,40.736,credit_card_terminal,Payment via credit card or debit card terminal,USCPIE15548151*1
ChargePoint Network,,,14047321,14047321,JEFFERSON AVE. / OXFORD STA2(R),23514081,247,3090032431,2024-05-12T00:52:23Z,2024-05-12T02:12:12Z,,92.527100,88.453,membership,Payment by membership account and/or membership card,USCPIE14047321*1
ChargePoint Network,,,15623211,15623211,CLW / 5TH ST 2 (R),,,3088163371,2024-05-11T01:35:51Z,2024-05-11T01:37:54Z,,0.000000,,membership,Payment by membership account and/or membership card,USCPIE15623211*0
ChargePoint Network,,,1932851,1932851,BRIGHTRIDGE EV / BR-JC LIBRARY,23319811,3,3073871521,2024-05-04T21:38:49Z,2024-05-04T21:40:48Z,,0.000000,0.0,membership,Payment by membership account and/or membership card,USCPIE1932851*1
ChargePoint Network,,,9677521,9677521,UT PARKING / S7 STATION 1,17169341,3,3094931381,2024-05-14T12:49:17Z,2024-05-14T16:52:13Z,,13.968665,3.6372,membership,Payment by membership account and/or membership card,USCPIE9677521*2
ChargePoint Network,,,1844191,1844191,CLW / MAIN ST,23050431,3,3111782081,2024-05-21T17:41:26Z,2024-05-21T18:02:32Z,,2.367212,7.012,membership,Payment by membership account and/or membership card,USCPIE1844191*1
ChargePoint Network,,,15280471,15280471,SPRFLD ELECTRIC / STATION 1 (L),24807681,247,3085280361,2024-05-09T22:15:47Z,2024-05-10T00:36:05Z,,50.060398,62.488,membership,Payment by membership account and/or membership card,USCPIE15280471*1
ChargePoint Network,,,15623211,15623211,CLW / 5TH ST 2 (R),25208281,247,3125475391,2024-05-28T01:41:56Z,2024-05-28T02:12:23Z,,45.433498,92.871,membership,Payment by membership account and/or membership card,USCPIE15623211*1
ChargePoint Network,,,14097711,14097711,SCOTTSBORO EPB / SEPB DCFC (R),23570811,247,3087164331,2024-05-10T17:56:11Z,2024-05-10T17:56:52Z,,0.000000,0.0,membership,Payment by membership account and/or membership card,USCPIE14097711*1
ChargePoint Network,,,15332351,15332351,TUA NW ATLANTIC / STATION 2 (R),24867891,100011,3070523331,2024-05-03T04:52:20Z,2024-05-03T06:13:40Z,,6.554800,42.551,membership,Payment by membership account and/or membership card,USCPIE15332351*1
ChargePoint Network,,,1932851,1932851,BRIGHTRIDGE EV / BR-JC LIBRARY,23319811,3,3072295101,2024-05-03T23:46:35Z,2024-05-04T14:11:42Z,,51.844578,7.4927,membership,Payment by membership account and/or membership card,USCPIE1932851*1
ChargePoint Network,,,7505851,7505851,JEFFERSON AVE. / OXFORD STA1(L),12955471,247,3087080821,2024-05-10T17:15:13Z,2024-05-10T17:35:35Z,,19.834499,68.903,credit_card_terminal,Payment via credit card or debit card terminal,USCPIE7505851*1
ChargePoint Network,,,13606091,13606091,I24 EXIT11 / STATION 3 (RM),22992551,100011,3072175471,2024-05-03T22:47:14Z,2024-05-03T22:48:05Z,,0.000000,0.0,membership,Payment by membership account and/or membership card,USCPIE13606091*1
ChargePoint Network,,,9677521,9677521,UT PARKING / S7 STATION 1,17169331,3,3094897131,2024-05-14T12:30:02Z,2024-05-14T16:27:14Z,,28.228325,7.299,membership,Payment by membership account and/or membership card,USCPIE9677521*1
ChargePoint Network,,,5424051,5424051,EEDEV / ELIZ DOWNTOWN,9027001,3,3066029931,2024-05-01T16:10:09Z,2024-05-01T18:32:11Z,,6.746713,3.5975,membership,Payment by membership account and/or membership card,USCPIE5424051*2
ChargePoint Network,,,5122191,5122191,CULLMANELECTRIC / STATION1-L,8482151,247,3093570451,2024-05-13T20:32:00Z,2024-05-13T20:56:14Z,,15.809400,56.3,membership,Payment by membership account and/or membership card,USCPIE5122191*1
ChargePoint Network,,,12720861,12720861,WRECC / STATION 2,21977121,247,3089538731,2024-05-11T20:23:41Z,2024-05-11T20:46:55Z,,19.518900,54.682,membership,Payment by membership account and/or membership card,USCPIE12720861*1
ChargePoint Network,,,12676071,12676071,NEMEPA / NEMEPA EMPLOYEE,21923351,3,3084476071,2024-05-09T16:35:57Z,2024-05-09T16:45:45Z,,0.925954,6.1269,membership,Payment by membership account and/or membership card,USCPIE12676071*1
ChargePoint Network,,,13292801,13292801,LODGE CAST IRON / STORE & MUSEUM,22637561,3,3089619401,2024-05-11T21:07:29Z,2024-05-11T21:49:23Z,,4.780563,6.9188,membership,Payment by membership account and/or membership card,USCPIE13292801*2
ChargePoint Network,,,14047321,14047321,JEFFERSON AVE. / OXFORD STA2(R),23514081,247,3095584681,2024-05-14T17:05:00Z,2024-05-14T17:12:50Z,,4.068100,0.0,membership,Payment by membership account and/or membership card,USCPIE14047321*1
ChargePoint Network,,,13966031,13966031,BEA / STATION 4 (RR),23419961,247,3123328581,2024-05-26T19:32:53Z,2024-05-26T20:33:38Z,,41.395901,54.316,other,Any other payment method not specified above. Additional description should be provided in Payment Method Description.,USCPIE13966031*1
ChargePoint Network,,,1988061,1988061,7SPC / SCES DOLLYWOOD,25235451,3,3066209091,2024-05-01T17:21:34Z,2024-05-01T17:23:37Z,,0.000000,0.0,membership,Payment by membership account and/or membership card,USCPIE1988061*2
ChargePoint Network,,,13659871,13659871,LAWRENCEBURG / STATION 2 (R),23054921,247,3127850571,2024-05-29T00:42:39Z,2024-05-29T00:53:35Z,,8.821000,50.511,other,Any other payment method not specified above. Additional description should be provided in Payment Method Description.,USCPIE13659871*1
ChargePoint Network,,,1988061,1988061,7SPC / SCES DOLLYWOOD,25235441,3,3100509531,2024-05-16T16:03:29Z,2024-05-16T16:03:44Z,,0.000000,,credit_card_terminal,Payment via credit card or debit card terminal,USCPIE1988061*1
ChargePoint Network,,,1964521,1964521,EBOFG / GUNTERSVILLE PD,8374201,3,3089116581,2024-05-11T16:32:01Z,2024-05-11T18:23:00Z,,12.886223,7.0625,membership,Payment by membership account and/or membership card,USCPIE1964521*1
ChargePoint Network,,,14097711,14097711,SCOTTSBORO EPB / SEPB DCFC (R),23570811,247,3089366561,2024-05-11T18:50:24Z,2024-05-11T19:17:40Z,,19.065599,52.687,credit_card_terminal,Payment via credit card or debit card terminal,USCPIE14097711*1
ChargePoint Network,,,13606091,13606091,I24 EXIT11 / STATION 3 (RM),22992551,247,3070309971,2024-05-03T02:36:02Z,2024-05-03T02:37:56Z,,0.066900,0.0,membership,Payment by membership account and/or membership card,USCPIE13606091*1
ChargePoint Network,,,15250771,15250771,SES-TN / STATION 1,24772691,247,3121323731,2024-05-25T15:50:34Z,2024-05-25T15:58:56Z,,8.350400,0.0,credit_card_terminal,Payment via credit card or debit card terminal,USCPIE15250771*1
ChargePoint Network,,,15694081,15694081,BRIGHTRIDGE EV / STATION 1 (L),25291921,247,3087189241,2024-05-10T18:08:18Z,2024-05-10T18:34:39Z,,18.164400,60.672,membership,Payment by membership account and/or membership card,USCPIE15694081*1
ChargePoint Network,,,5350831,5350831,CULLMANELECTRIC / CEC MAIN OFFICE,8932491,3,3070663361,2024-05-03T08:20:51Z,2024-05-03T08:33:40Z,,1.223324,6.1093,credit_card_terminal,Payment via credit card or debit card terminal,USCPIE5350831*1
ChargePoint Network,,,1932851,1932851,BRIGHTRIDGE EV / BR-JC LIBRARY,23319821,3,3124700881,2024-05-27T17:20:29Z,2024-05-27T21:14:14Z,,28.675283,7.4268,membership,Payment by membership account and/or membership card,USCPIE1932851*2
ChargePoint Network,,,13861891,13861891,BRMEMC / STATION 2,23296321,247,3091336691,2024-05-12T20:45:27Z,2024-05-12T20:47:12Z,,0.000000,0.0,membership,Payment by membership account and/or membership card,USCPIE13861891*1
ChargePoint Network,,,5619801,5619801,7SPC / WARREN RECC BG,9274251,3,3129331561,2024-05-29T17:05:04Z,2024-05-29T17:06:51Z,,0.000000,,membership,Payment by membership account and/or membership card,USCPIE5619801*1
ChargePoint Network,,,14097801,14097801,SCOTTSBORO EPB / SEPB DCFC (L),23570921,247,3124545271,2024-05-27T15:22:51Z,2024-05-27T15:50:38Z,,17.311399,73.655,credit_card_terminal,Payment via credit card or debit card terminal,USCPIE14097801*1
ChargePoint Network,,,13606121,13606121,I24 EXIT11 / STATION 2 (LM),22992591,100011,3091786441,2024-05-13T00:57:58Z,2024-05-13T01:36:00Z,,16.752300,28.319,membership,Payment by membership account and/or membership card,USCPIE13606121*1
ChargePoint Network,,,9677521,9677521,UT PARKING / S7 STATION 1,17169331,3,3125853281,2024-05-28T07:18:00Z,2024-05-28T07:41:02Z,,2.399591,7.0315,membership,Payment by membership account and/or membership card,USCPIE9677521*1
ChargePoint Network,,,12754021,12754021,WCMES / CITYHALL1-L,,,3095944561,2024-05-14T19:52:02Z,2024-05-14T19:54:21Z,,0.000000,,credit_card_terminal,Payment via credit card or debit card terminal,USCPIE12754021*0
ChargePoint Network,,,14097711,14097711,SCOTTSBORO EPB / SEPB DCFC (R),23570811,100011,3068875581,2024-05-02T16:11:27Z,2024-05-02T16:39:48Z,,22.291000,50.22,membership,Payment by membership account and/or membership card,USCPIE14097711*1
ChargePoint Network,,,14355251,14355251,HARTSELLE 1 / STATION 2 (R),23865691,247,3085060531,2024-05-09T20:47:29Z,2024-05-09T21:35:32Z,,40.968399,108.188,membership,Payment by membership account and/or membership card,USCPIE14355251*1
ChargePoint Network,,,7505851,7505851,JEFFERSON AVE. / OXFORD STA1(L),12955471,247,3092890521,2024-05-13T15:37:55Z,2024-05-13T16:16:30Z,,32.636600,77.183,membership,Payment by membership account and/or membership card,USCPIE7505851*1
ChargePoint Network,,,15694081,15694081,BRIGHTRIDGE EV / STATION 1 (L),25291921,247,3106789801,2024-05-19T14:42:31Z,2024-05-19T15:46:33Z,,37.736900,53.279,credit_card_terminal,Payment via credit card or debit card terminal,USCPIE15694081*1
ChargePoint Network,,,5346231,5346231,CULLMANELECTRIC / STATION2-R,8926271,247,3075562731,2024-05-05T22:39:10Z,2024-05-05T22:58:50Z,,20.298401,63.557,membership,Payment by membership account and/or membership card,USCPIE5346231*1
ChargePoint Network,,,15694171,15694171,BRIGHTRIDGE EV / STATION 2 (R),25292041,247,3114306611,2024-05-22T17:17:10Z,2024-05-22T18:24:34Z,,87.061302,86.435,membership,Payment by membership account and/or membership card,USCPIE15694171*1
ChargePoint Network,,,14337501,14337501,HOLSTONELECTRIC / CHURCH HILL-2,23845091,247,3123642101,2024-05-26T22:55:34Z,2024-05-26T23:22:02Z,,48.970600,121.211,membership,Payment by membership account and/or membership card,USCPIE14337501*1
ChargePoint Network,,,5122191,5122191,CULLMANELECTRIC / STATION1-L,8482151,100011,3129256841,2024-05-29T16:34:59Z,2024-05-29T16:56:24Z,,9.210900,53.268,membership,Payment by membership account and/or membership card,USCPIE5122191*1
ChargePoint Network,,,5466441,5466441,7SPC / NASA USSRC R,9079371,3,3075037071,2024-05-05T17:24:07Z,2024-05-05T18:28:58Z,,6.605929,6.1667,membership,Payment by membership account and/or membership card,USCPIE5466441*2
ChargePoint Network,,,14359491,14359491,EBOFG / STATION 1 (L),23870291,247,3089459191,2024-05-11T19:41:22Z,2024-05-11T19:42:36Z,,0.000000,0.0,membership,Payment by membership account and/or membership card,USCPIE14359491*1
ChargePoint Network,,,12720861,12720861,WRECC / STATION 2,21977121,247,3103550621,2024-05-17T19:58:48Z,2024-05-17T20:34:05Z,,28.543301,53.907,membership,Payment by membership account and/or membership card,USCPIE12720861*1
ChargePoint Network,,,14047321,14047321,JEFFERSON AVE. / OXFORD STA2(R),23514081,247,3065713701,2024-05-01T14:24:57Z,2024-05-01T14:39:55Z,,12.828600,53.976,credit_card_terminal,Payment via credit card or debit card terminal,USCPIE14047321*1
ChargePoint Network,,,8851921,8851921,7SPC / SEVIERVILLE DC1,15571271,207,3108087911,2024-05-20T03:18:36Z,2024-05-20T03:54:31Z,,32.049099,56.695,membership,Payment by membership account and/or membership card,USCPIE8851921*1
ChargePoint Network,,,8851921,8851921,7SPC / SEVIERVILLE DC1,15571271,100011,3130118921,2024-05-29T22:48:53Z,2024-05-29T23:52:05Z,,4.266500,19.159,membership,Payment by membership account and/or membership card,USCPIE8851921*1
ChargePoint Network,,,5122191,5122191,CULLMANELECTRIC / STATION1-L,8482151,247,3107233581,2024-05-19T19:19:13Z,2024-05-19T20:23:46Z,,44.816299,53.341,membership,Payment by membership account and/or membership card,USCPIE5122191*1
ChargePoint Network,,,1921351,1921351,STARKVILLE UTIL / STARKVILLE DWTN,23682581,3,3129985441,2024-05-29T21:54:38Z,2024-05-30T13:04:56Z,,55.703300,7.3938,membership,Payment by membership account and/or membership card,USCPIE1921351*2
ChargePoint Network,,,5122191,5122191,CULLMANELECTRIC / STATION1-L,8482151,247,3129455731,2024-05-29T18:07:10Z,2024-05-29T18:24:40Z,,16.915701,73.319,membership,Payment by membership account and/or membership card,USCPIE5122191*1
ChargePoint Network,,,5619801,5619801,7SPC / WARREN RECC BG,9274251,3,3101969851,2024-05-17T02:42:24Z,2024-05-17T05:29:18Z,,14.321294,6.3557,membership,Payment by membership account and/or membership card,USCPIE5619801*1
ChargePoint Network,,,13659831,13659831,LAWRENCEBURG / STATION 1 (L),23054881,247,3105234301,2024-05-18T16:47:14Z,2024-05-18T17:03:21Z,,15.462600,64.288,credit_card_terminal,Payment via credit card or debit card terminal,USCPIE13659831*1
ChargePoint Network,,,15332351,15332351,TUA NW ATLANTIC / STATION 2 (R),24867891,247,3117829161,2024-05-23T23:47:17Z,2024-05-24T00:10:33Z,,25.671200,71.344,membership,Payment by membership account and/or membership card,USCPIE15332351*1
ChargePoint Network,,,15815141,15815141,GEA-1 / STATION 1 (L),25435121,247,3087886341,2024-05-10T23:23:17Z,2024-05-11T00:08:41Z,,42.228199,59.136,membership,Payment by membership account and/or membership card,USCPIE15815141*1
ChargePoint Network,,,12720881,12720881,WRECC / STATION 1,21977141,247,3067870921,2024-05-02T11:05:51Z,2024-05-02T11:30:26Z,,28.354900,88.842,membership,Payment by membership account and/or membership card,USCPIE12720881*1
ChargePoint Network,,,12989161,12989161,BTES / CITY HALL,22285821,3,3098012891,2024-05-15T16:29:39Z,2024-05-15T16:52:12Z,,1.369452,3.7322,membership,Payment by membership account and/or membership card,USCPIE12989161*2
ChargePoint Network,,,1933211,1933211,BRIGHTRIDGE EV / BR-JONESBOROUGH,2283641,3,3118842191,2024-05-24T12:53:02Z,2024-05-24T16:31:06Z,,22.698851,6.3181,credit_card_terminal,Payment via credit card or debit card terminal,USCPIE1933211*2
ChargePoint Network,,,5466441,5466441,7SPC / NASA USSRC R,9079361,3,3098195041,2024-05-15T17:53:50Z,2024-05-15T19:47:08Z,,11.389112,6.082,credit_card_terminal,Payment via credit card or debit card terminal,USCPIE5466441*1
ChargePoint Network,,,13664501,13664501,BTES / STATION 4 (RR),23060561,247,3132745711,2024-05-30T23:19:31Z,2024-05-31T00:06:57Z,,52.447899,75.056,membership,Payment by membership account and/or membership card,USCPIE13664501*1
ChargePoint Network,,,5466441,5466441,7SPC / NASA USSRC R,9079371,3,3097262371,2024-05-15T10:40:52Z,2024-05-15T11:02:17Z,,0.489470,5.9285,membership,Payment by membership account and/or membership card,USCPIE5466441*2
ChargePoint Network,,,13966031,13966031,BEA / STATION 4 (RR),23419961,247,3112351441,2024-05-21T21:47:03Z,2024-05-21T22:16:49Z,,28.290701,75.023,membership,Payment by membership account and/or membership card,USCPIE13966031*1
ChargePoint Network,,,5122191,5122191,CULLMANELECTRIC / STATION1-L,8482151,247,3090228801,2024-05-12T02:47:13Z,2024-05-12T03:14:23Z,,30.582300,69.65,membership,Payment by membership account and/or membership card,USCPIE5122191*1
ChargePoint Network,,,13966031,13966031,BEA / STATION 4 (RR),23419961,247,3114917441,2024-05-22T21:46:26Z,2024-05-22T22:11:35Z,,28.353600,73.304,membership,Payment by membership account and/or membership card,USCPIE13966031*1
ChargePoint Network,,,13606121,13606121,I24 EXIT11 / STATION 2 (LM),22992591,100011,3084571621,2024-05-09T17:16:22Z,2024-05-09T19:52:23Z,,16.509300,43.24,membership,Payment by membership account and/or membership card,USCPIE13606121*1
ChargePoint Network,,,5122191,5122191,CULLMANELECTRIC / STATION1-L,8482151,247,3079567751,2024-05-07T18:03:59Z,2024-05-07T18:21:32Z,,20.294100,72.269,membership,Payment by membership account and/or membership card,USCPIE5122191*1
ChargePoint Network,,,14359491,14359491,EBOFG / STATION 1 (L),23870291,247,3074928961,2024-05-05T16:11:58Z,2024-05-05T16:12:17Z,,0.000000,0.0,membership,Payment by membership account and/or membership card,USCPIE14359491*1
ChargePoint Network,,,8851921,8851921,7SPC / SEVIERVILLE DC1,15571271,207,3127079611,2024-05-28T19:20:48Z,2024-05-28T20:24:50Z,,44.886700,58.366,membership,Payment by membership account and/or membership card,USCPIE8851921*1
ChargePoint Network,,,12720861,12720861,WRECC / STATION 2,21977121,247,3117554771,2024-05-23T21:53:12Z,2024-05-23T21:56:30Z,,0.000000,0.0,membership,Payment by membership account and/or membership card,USCPIE12720861*1
ChargePoint Network,,,5466441,5466441,7SPC / NASA USSRC R,9079371,3,3116559041,2024-05-23T15:13:10Z,2024-05-23T22:06:44Z,,41.759357,6.1173,membership,Payment by membership account and/or membership card,USCPIE5466441*2
ChargePoint Network,,,9677521,9677521,UT PARKING / S7 STATION 1,17169331,3,3075209421,2024-05-05T19:11:15Z,2024-05-05T21:36:46Z,,8.648279,3.9207,membership,Payment by membership account and/or membership card,USCPIE9677521*1
ChargePoint Network,,,13664401,13664401,BTES / STATION 1 (LL),23060421,247,3122203251,2024-05-26T00:32:04Z,2024-05-26T01:18:59Z,,27.426500,54.316,membership,Payment by membership account and/or membership card,USCPIE13664401*1
ChargePoint Network,,,13966851,13966851,BEA / STATION 1 (LL),23420911,247,3128532711,2024-05-29T11:21:40Z,2024-05-29T11:44:02Z,,21.556499,73.319,membership,Payment by membership account and/or membership card,USCPIE13966851*1
ChargePoint Network,,,15623211,15623211,CLW / 5TH ST 2 (R),25208281,247,3079508281,2024-05-07T17:34:44Z,2024-05-07T18:07:14Z,,36.389400,97.154,membership,Payment by membership account and/or membership card,USCPIE15623211*1
ChargePoint Network,,,13606061,13606061,I24 EXIT11 / STATION 4 (RR),22992511,100011,3091784071,2024-05-13T00:56:27Z,2024-05-13T00:57:06Z,,0.000000,0.0,membership,Payment by membership account and/or membership card,USCPIE13606061*1
ChargePoint Network,,,1933211,1933211,BRIGHTRIDGE EV / BR-JONESBOROUGH,2283641,3,3106857931,2024-05-19T15:33:49Z,2024-05-19T16:59:39Z,,8.293839,5.9679,membership,Payment by membership account and/or membership card,USCPIE1933211*2
ChargePoint Network,,,14097711,14097711,SCOTTSBORO EPB / SEPB DCFC (R),23570811,247,3079771161,2024-05-07T19:40:10Z,2024-05-07T19:40:51Z,,0.000000,0.0,membership,Payment by membership account and/or membership card,USCPIE14097711*1
ChargePoint Network,,,15260241,15260241,STEMC / STATION 1 (L) A,24784071,247,3107615511,2024-05-19T22:50:09Z,2024-05-19T23:13:50Z,,19.030100,51.652,credit_card_terminal,Payment via credit card or debit card terminal,USCPIE15260241*1
ChargePoint Network,,,12460811,12460811,PES / RIGHT STATION,22948831,215,3082105861,2024-05-08T18:11:57Z,2024-05-08T22:59:11Z,,36.195099,7.7233,membership,Payment by membership account and/or membership card,USCPIE12460811*1
ChargePoint Network,,,14359491,14359491,EBOFG / STATION 1 (L),23870291,247,3073557191,2024-05-04T18:34:36Z,2024-05-04T18:35:26Z,,0.000000,0.0,membership,Payment by membership account and/or membership card,USCPIE14359491*1
ChargePoint Network,,,15548151,15548151,DECATURDOWNTWN / STATION 1 (R),25119511,100011,3082651371,2024-05-08T22:01:07Z,2024-05-08T22:28:18Z,,22.000999,51.52,membership,Payment by membership account and/or membership card,USCPIE15548151*1
ChargePoint Network,,,12720881,12720881,WRECC / STATION 1,21977141,247,3127599651,2024-05-28T22:53:12Z,2024-05-28T23:40:56Z,,36.474800,60.06,membership,Payment by membership account and/or membership card,USCPIE12720881*1
ChargePoint Network,,,15623231,15623231,CLW / 5TH ST 1 (L),25208301,247,3109278661,2024-05-20T17:36:50Z,2024-05-20T18:21:28Z,,49.628502,122.706,membership,Payment by membership account and/or membership card,USCPIE15623231*1
ChargePoint Network,,,1844191,1844191,CLW / MAIN ST,23050441,3,3110382221,2024-05-21T01:57:42Z,2024-05-21T05:59:13Z,,29.201874,7.3263,membership,Payment by membership account and/or membership card,USCPIE1844191*2
ChargePoint Network,,,15623211,15623211,CLW / 5TH ST 2 (R),,,3088061221,2024-05-11T00:51:04Z,2024-05-11T00:51:25Z,,0.000000,,membership,Payment by membership account and/or membership card,USCPIE15623211*0
ChargePoint Network,,,15640171,15640171,NECDC / STATION 2 (R),,,3105658971,2024-05-18T20:47:01Z,2024-05-18T20:49:02Z,,0.000000,0.0,membership,Payment by membership account and/or membership card,USCPIE15640171*0
ChargePoint Network,,,13290491,13290491,7SPC / NASA USSRC L,22634931,3,3111842511,2024-05-21T18:09:44Z,2024-05-21T18:37:59Z,,1.414590,3.0626,membership,Payment by membership account and/or membership card,USCPIE13290491*1
ChargePoint Network,,,12460751,12460751,PES / LEFT STATION,22360171,215,3098847601,2024-05-15T22:31:54Z,2024-05-16T15:40:43Z,,47.251701,7.7083,membership,Payment by membership account and/or membership card,USCPIE12460751*1
ChargePoint Network,,,14359491,14359491,EBOFG / STATION 1 (L),23870291,247,3073759891,2024-05-04T20:35:01Z,2024-05-04T20:37:48Z,,0.000000,0.0,membership,Payment by membership account and/or membership card,USCPIE14359491*1
ChargePoint Network,,,13664501,13664501,BTES / STATION 4 (RR),,,3117692891,2024-05-23T22:49:31Z,2024-05-23T22:50:05Z,,0.000000,,membership,Payment by membership account and/or membership card,USCPIE13664501*0
ChargePoint Network,,,15623211,15623211,CLW / 5TH ST 2 (R),25208281,247,3121929731,2024-05-25T21:54:22Z,2024-05-25T21:55:10Z,,0.000000,0.0,other,Any other payment method not specified above. Additional description should be provided in Payment Method Description.,USCPIE15623211*1
ChargePoint Network,,,15260251,15260251,STEMC / STATION 2 (R) A,,,3101890611,2024-05-17T01:57:51Z,2024-05-17T01:59:52Z,,0.000000,,membership,Payment by membership account and/or membership card,USCPIE15260251*0
ChargePoint Network,,,5354011,5354011,7SPC / GREENEVILLE TA,8936791,100011,3125196751,2024-05-27T22:42:05Z,2024-05-27T23:30:18Z,,30.609100,52.196,credit_card_terminal,Payment via credit card or debit card terminal,USCPIE5354011*1
ChargePoint Network,,,15548151,15548151,DECATURDOWNTWN / STATION 1 (R),25119511,247,3120189791,2024-05-24T23:06:32Z,2024-05-25T00:08:20Z,,60.345501,85.734,membership,Payment by membership account and/or membership card,USCPIE15548151*1
ChargePoint Network,,,5122191,5122191,CULLMANELECTRIC / STATION1-L,8482151,247,3073879711,2024-05-04T21:45:07Z,2024-05-04T23:11:15Z,,48.162399,72.435,membership,Payment by membership account and/or membership card,USCPIE5122191*1
ChargePoint Network,,,14049761,14049761,PARIS BPU / STATION 2(R),23516951,247,3122394621,2024-05-26T02:31:04Z,2024-05-26T02:31:50Z,,0.000000,0.0,membership,Payment by membership account and/or membership card,USCPIE14049761*1
ChargePoint Network,,,13606061,13606061,I24 EXIT11 / STATION 4 (RR),22992511,247,3124865871,2024-05-27T19:09:06Z,2024-05-27T19:28:23Z,,21.945200,72.666,membership,Payment by membership account and/or membership card,USCPIE13606061*1
ChargePoint Network,,,13880891,13880891,MU / MUC MAIN OFFICE,23319021,3,3087096141,2024-05-10T17:22:46Z,2024-05-10T21:06:26Z,,26.738895,7.2256,membership,Payment by membership account and/or membership card,USCPIE13880891*2
ChargePoint Network,,,5122191,5122191,CULLMANELECTRIC / STATION1-L,,,3102105651,2024-05-17T03:57:09Z,2024-05-17T03:59:10Z,,0.000000,,other,Any other payment method not specified above. Additional description should be provided in Payment Method Description.,USCPIE5122191*0
ChargePoint Network,,,14097801,14097801,SCOTTSBORO EPB / SEPB DCFC (L),,,3087137801,2024-05-10T17:40:51Z,2024-05-10T17:42:52Z,,0.000000,,membership,Payment by membership account and/or membership card,USCPIE14097801*0
ChargePoint Network,,,1988061,1988061,7SPC / SCES DOLLYWOOD,25499841,3,3121150441,2024-05-25T13:32:08Z,2024-05-25T18:33:46Z,,20.449448,7.2693,membership,Payment by membership account and/or membership card,USCPIE1988061*2
ChargePoint Network,,,12406491,12406491,FPIA / LEFT STATION,21527781,247,3073531771,2024-05-04T18:20:15Z,2024-05-04T19:11:13Z,,54.227901,75.239,credit_card_terminal,Payment via credit card or debit card terminal,USCPIE12406491*1
ChargePoint Network,,,13659871,13659871,LAWRENCEBURG / STATION 2 (R),23054921,247,3100683631,2024-05-16T17:15:13Z,2024-05-16T17:40:20Z,,22.302299,70.272,membership,Payment by membership account and/or membership card,USCPIE13659871*1
ChargePoint Network,,,15640171,15640171,NECDC / STATION 2 (R),25228711,247,3131555101,2024-05-30T15:14:41Z,2024-05-30T15:18:09Z,,0.990500,0.0,membership,Payment by membership account and/or membership card,USCPIE15640171*1
ChargePoint Network,,,5346231,5346231,CULLMANELECTRIC / STATION2-R,8926271,247,3132367111,2024-05-30T20:41:00Z,2024-05-30T21:02:36Z,,15.809900,48.215,membership,Payment by membership account and/or membership card,USCPIE5346231*1
ChargePoint Network,,,14047321,14047321,JEFFERSON AVE. / OXFORD STA2(R),23514081,100011,3077609281,2024-05-06T21:20:49Z,2024-05-06T22:03:21Z,,23.031900,40.567,credit_card_terminal,Payment via credit card or debit card terminal,USCPIE14047321*1
ChargePoint Network,,,15623231,15623231,CLW / 5TH ST 1 (L),25208301,247,3071128431,2024-05-03T15:02:40Z,2024-05-03T15:04:08Z,,0.000000,0.0,phone_online,"Payment through mobile app, website, automated phone number or messaging system",USCPIE15623231*1
ChargePoint Network,,,13423691,13423691,AEC / STATION #1 (L),22787121,247,3112096441,2024-05-21T20:00:07Z,2024-05-21T20:17:50Z,,20.147200,73.5,membership,Payment by membership account and/or membership card,USCPIE13423691*1
ChargePoint Network,,,8851921,8851921,7SPC / SEVIERVILLE DC1,15571271,207,3129592161,2024-05-29T19:09:04Z,2024-05-29T20:11:32Z,,44.124001,62.063,membership,Payment by membership account and/or membership card,USCPIE8851921*1
ChargePoint Network,,,5346231,5346231,CULLMANELECTRIC / STATION2-R,8926271,247,3074429731,2024-05-05T03:35:29Z,2024-05-05T03:47:15Z,,12.636300,69.3,membership,Payment by membership account and/or membership card,USCPIE5346231*1
ChargePoint Network,,,5346231,5346231,CULLMANELECTRIC / STATION2-R,8926271,247,3105879761,2024-05-18T23:22:08Z,2024-05-19T00:21:53Z,,85.695000,93.183,membership,Payment by membership account and/or membership card,USCPIE5346231*1
ChargePoint Network,,,13966051,13966051,BEA / STATION 3 (RM),23419981,247,3106944181,2024-05-19T16:32:12Z,2024-05-19T16:34:44Z,,0.000000,0.0,credit_card_terminal,Payment via credit card or debit card terminal,USCPIE13966051*1
ChargePoint Network,,,14097711,14097711,SCOTTSBORO EPB / SEPB DCFC (R),23570811,247,3073537761,2024-05-04T18:23:49Z,2024-05-04T18:25:24Z,,0.866500,0.0,membership,Payment by membership account and/or membership card,USCPIE14097711*1
ChargePoint Network,,,13423691,13423691,AEC / STATION #1 (L),22787121,247,3071841161,2024-05-03T20:12:53Z,2024-05-03T21:07:02Z,,63.892101,87.515,credit_card_terminal,Payment via credit card or debit card terminal,USCPIE13423691*1
ChargePoint Network,,,12406491,12406491,FPIA / LEFT STATION,21527781,247,3124791131,2024-05-27T18:21:12Z,2024-05-27T19:13:31Z,,53.001301,73.458,membership,Payment by membership account and/or membership card,USCPIE12406491*1
ChargePoint Network,,,14359491,14359491,EBOFG / STATION 1 (L),23870291,247,3107517511,2024-05-19T21:56:31Z,2024-05-19T21:57:37Z,,0.000000,0.0,credit_card_terminal,Payment via credit card or debit card terminal,USCPIE14359491*1
ChargePoint Network,,,8851921,8851921,7SPC / SEVIERVILLE DC1,15571271,207,3107899771,2024-05-20T01:19:22Z,2024-05-20T01:41:02Z,,18.237900,53.576,membership,Payment by membership account and/or membership card,USCPIE8851921*1
ChargePoint Network,,,13606141,13606141,I24 EXIT11 / STATION 1 (LL),22992611,247,3111728361,2024-05-21T17:14:13Z,2024-05-21T17:50:24Z,,30.884300,123.379,credit_card_terminal,Payment via credit card or debit card terminal,USCPIE13606141*1
ChargePoint Network,,,1988141,1988141,7SPC / SCES DREAM MORE,2355561,3,3091560551,2024-05-12T22:56:53Z,2024-05-12T22:57:50Z,,0.000000,0.0,membership,Payment by membership account and/or membership card,USCPIE1988141*1
ChargePoint Network,,,12720861,12720861,WRECC / STATION 2,21977121,247,3085541491,2024-05-10T00:03:39Z,2024-05-10T00:33:28Z,,39.950298,83.778,membership,Payment by membership account and/or membership card,USCPIE12720861*1
ChargePoint Network,,,12989161,12989161,BTES / CITY HALL,22285821,3,3109647431,2024-05-20T20:26:26Z,2024-05-20T22:00:33Z,,10.823441,6.9648,credit_card_terminal,Payment via credit card or debit card terminal,USCPIE12989161*2
ChargePoint Network,,,12720881,12720881,WRECC / STATION 1,21977141,247,3074080611,2024-05-04T23:45:11Z,2024-05-05T00:08:45Z,,34.094101,89.208,other,Any other payment method not specified above. Additional description should be provided in Payment Method Description.,USCPIE12720881*1
ChargePoint Network,,,8851921,8851921,7SPC / SEVIERVILLE DC1,15571271,207,3106994981,2024-05-19T17:04:20Z,2024-05-19T18:11:44Z,,54.490200,57.986,membership,Payment by membership account and/or membership card,USCPIE8851921*1
ChargePoint Network,,,5414151,5414151,7SPC / UC - CARTHAGE,9014651,3,3082463141,2024-05-08T20:42:26Z,2024-05-09T16:04:42Z,,53.808823,7.2647,credit_card_terminal,Payment via credit card or debit card terminal,USCPIE5414151*2
ChargePoint Network,,,15548181,15548181,DECATURDOWNTWN / STATION 2 (L),25119551,247,3093345331,2024-05-13T18:53:14Z,2024-05-13T19:26:10Z,,35.120399,66.466,membership,Payment by membership account and/or membership card,USCPIE15548181*1
ChargePoint Network,,,14047321,14047321,JEFFERSON AVE. / OXFORD STA2(R),23514081,247,3119524941,2024-05-24T18:03:10Z,2024-05-24T18:05:09Z,,0.000000,0.0,credit_card_terminal,Payment via credit card or debit card terminal,USCPIE14047321*1
ChargePoint Network,,,15640171,15640171,NECDC / STATION 2 (R),25228711,247,3071869661,2024-05-03T20:26:00Z,2024-05-03T22:18:38Z,,102.400703,59.674,other,Any other payment method not specified above. Additional description should be provided in Payment Method Description.,USCPIE15640171*1
ChargePoint Network,,,12754021,12754021,WCMES / CITYHALL1-L,,,3122934021,2024-05-26T14:52:02Z,2024-05-26T14:54:04Z,,0.000000,0.0,membership,Payment by membership account and/or membership card,USCPIE12754021*0
ChargePoint Network,,,5350831,5350831,CULLMANELECTRIC / CEC MAIN OFFICE,8932501,3,3129969621,2024-05-29T21:47:17Z,2024-05-29T22:13:58Z,,2.567609,6.1535,credit_card_terminal,Payment via credit card or debit card terminal,USCPIE5350831*2
ChargePoint Network,,,15548181,15548181,DECATURDOWNTWN / STATION 2 (L),25119551,100011,3107722181,2024-05-19T23:44:38Z,2024-05-19T23:45:50Z,,0.311400,0.0,membership,Payment by membership account and/or membership card,USCPIE15548181*1
ChargePoint Network,,,13966811,13966811,BEA / STATION 2 (LM),23420881,247,3075448611,2024-05-05T21:31:48Z,2024-05-05T21:51:38Z,,28.740200,91.807,membership,Payment by membership account and/or membership card,USCPIE13966811*1
ChargePoint Network,,,5466441,5466441,7SPC / NASA USSRC R,9079361,3,3086362871,2024-05-10T11:42:34Z,2024-05-10T15:27:45Z,,22.412283,6.0658,membership,Payment by membership account and/or membership card,USCPIE5466441*1
ChargePoint Network,,,14359491,14359491,EBOFG / STATION 1 (L),23870291,247,3089611521,2024-05-11T21:03:18Z,2024-05-11T21:04:10Z,,0.000000,0.0,membership,Payment by membership account and/or membership card,USCPIE14359491*1
ChargePoint Network,,,8851921,8851921,7SPC / SEVIERVILLE DC1,15571271,207,3106598671,2024-05-19T10:05:50Z,2024-05-19T10:33:34Z,,16.519600,53.131,membership,Payment by membership account and/or membership card,USCPIE8851921*1
ChargePoint Network,,,5466441,5466441,7SPC / NASA USSRC R,9079371,3,3132516921,2024-05-30T21:44:10Z,2024-05-30T23:59:11Z,,7.553856,3.4107,membership,Payment by membership account and/or membership card,USCPIE5466441*2
ChargePoint Network,,,7173851,7173851,SCOTTSBORO EPB / MAIN OFFICE,12310871,3,3073192891,2024-05-04T14:26:54Z,2024-05-04T15:13:25Z,,5.352613,7.1049,membership,Payment by membership account and/or membership card,USCPIE7173851*2
ChargePoint Network,,,7505851,7505851,JEFFERSON AVE. / OXFORD STA1(L),12955471,247,3074291411,2024-05-05T01:58:44Z,2024-05-05T02:21:17Z,,22.760201,63.953,membership,Payment by membership account and/or membership card,USCPIE7505851*1
ChargePoint Network,,,12406401,12406401,FPIA / RIGHT STATION,21527671,247,3075252881,2024-05-05T19:37:05Z,2024-05-05T19:53:25Z,,8.616500,30.645,membership,Payment by membership account and/or membership card,USCPIE12406401*1
ChargePoint Network,,,13606091,13606091,I24 EXIT11 / STATION 3 (RM),22992551,247,3075693131,2024-05-05T23:51:19Z,2024-05-06T00:03:12Z,,13.398900,72.101,membership,Payment by membership account and/or membership card,USCPIE13606091*1
ChargePoint Network,,,1964521,1964521,EBOFG / GUNTERSVILLE PD,8374211,3,3116865851,2024-05-23T16:56:01Z,2024-05-23T21:39:46Z,,10.152522,3.6971,membership,Payment by membership account and/or membership card,USCPIE1964521*2
ChargePoint Network,,,13651631,13651631,MLEC / STATION 2 (R) H,23045821,247,3084303111,2024-05-09T15:40:30Z,2024-05-09T16:36:25Z,,61.450001,71.116,membership,Payment by membership account and/or membership card,USCPIE13651631*1
ChargePoint Network,,,5122191,5122191,CULLMANELECTRIC / STATION1-L,8482151,247,3116472321,2024-05-23T14:44:35Z,2024-05-23T15:07:26Z,,12.400300,65.869,membership,Payment by membership account and/or membership card,USCPIE5122191*1
ChargePoint Network,,,15640171,15640171,NECDC / STATION 2 (R),25228711,247,3129629231,2024-05-29T19:24:21Z,2024-05-29T19:34:25Z,,7.165200,54.98,membership,Payment by membership account and/or membership card,USCPIE15640171*1
ChargePoint Network,,,14355251,14355251,HARTSELLE 1 / STATION 2 (R),23865691,247,3070291771,2024-05-03T02:23:49Z,2024-05-03T02:24:08Z,,0.000000,0.0,phone_online,"Payment through mobile app, website, automated phone number or messaging system",USCPIE14355251*1
ChargePoint Network,,,13292801,13292801,LODGE CAST IRON / STORE & MUSEUM,22637561,3,3073296071,2024-05-04T15:48:21Z,2024-05-04T18:29:03Z,,18.563902,7.1822,membership,Payment by membership account and/or membership card,USCPIE13292801*2
ChargePoint Network,,,14097801,14097801,SCOTTSBORO EPB / SEPB DCFC (L),23570921,247,3066815791,2024-05-01T21:53:58Z,2024-05-01T22:10:21Z,,13.067700,52.895,credit_card_terminal,Payment via credit card or debit card terminal,USCPIE14097801*1
ChargePoint Network,,,15684301,15684301,MLEC / STATION 1 (L) W,25280151,247,3107369831,2024-05-19T20:35:16Z,2024-05-19T21:56:58Z,,52.894100,50.911,credit_card_terminal,Payment via credit card or debit card terminal,USCPIE15684301*1
ChargePoint Network,,,13861891,13861891,BRMEMC / STATION 2,23296321,247,3086987671,2024-05-10T16:33:57Z,2024-05-10T16:54:53Z,,25.323601,74.099,membership,Payment by membership account and/or membership card,USCPIE13861891*1
ChargePoint Network,,,5350831,5350831,CULLMANELECTRIC / CEC MAIN OFFICE,8932491,3,3129560851,2024-05-29T18:54:37Z,2024-05-29T22:27:44Z,,21.451365,6.1455,membership,Payment by membership account and/or membership card,USCPIE5350831*1
ChargePoint Network,,,15280471,15280471,SPRFLD ELECTRIC / STATION 1 (L),24807681,247,3130096691,2024-05-29T22:39:35Z,2024-05-30T00:58:52Z,,46.355400,62.166,membership,Payment by membership account and/or membership card,USCPIE15280471*1
ChargePoint Network,,,5346231,5346231,CULLMANELECTRIC / STATION2-R,8926271,247,3074981601,2024-05-05T16:49:28Z,2024-05-05T16:53:56Z,,1.577100,0.0,membership,Payment by membership account and/or membership card,USCPIE5346231*1
ChargePoint Network,,,15548181,15548181,DECATURDOWNTWN / STATION 2 (L),25119551,247,3086604611,2024-05-10T14:04:58Z,2024-05-10T14:49:58Z,,47.042801,72.269,membership,Payment by membership account and/or membership card,USCPIE15548181*1
ChargePoint Network,,,13966051,13966051,BEA / STATION 3 (RM),23419981,100011,3068694371,2024-05-02T15:14:50Z,2024-05-02T15:43:08Z,,10.969300,48.953,membership,Payment by membership account and/or membership card,USCPIE13966051*1
ChargePoint Network,,,5424051,5424051,EEDEV / ELIZ DOWNTOWN,9026991,3,3095189311,2024-05-14T14:47:04Z,2024-05-14T15:46:31Z,,7.196229,7.3413,membership,Payment by membership account and/or membership card,USCPIE5424051*1
ChargePoint Network,,,13606141,13606141,I24 EXIT11 / STATION 1 (LL),22992611,247,3095531051,2024-05-14T16:41:35Z,2024-05-14T17:19:09Z,,31.645599,122.891,credit_card_terminal,Payment via credit card or debit card terminal,USCPIE13606141*1
ChargePoint Network,,,14355251,14355251,HARTSELLE 1 / STATION 2 (R),23865691,247,3070287491,2024-05-03T02:21:07Z,2024-05-03T02:22:30Z,,0.000000,0.0,phone_online,"Payment through mobile app, website, automated phone number or messaging system",USCPIE14355251*1
ChargePoint Network,,,5122191,5122191,CULLMANELECTRIC / STATION1-L,8482151,247,3125214811,2024-05-27T22:54:20Z,2024-05-27T23:59:05Z,,38.019001,61.936,membership,Payment by membership account and/or membership card,USCPIE5122191*1
ChargePoint Network,,,13659831,13659831,LAWRENCEBURG / STATION 1 (L),23054881,247,3124401771,2024-05-27T12:48:41Z,2024-05-27T13:14:36Z,,23.639099,81.606,membership,Payment by membership account and/or membership card,USCPIE13659831*1
ChargePoint Network,,,14047321,14047321,JEFFERSON AVE. / OXFORD STA2(R),23514081,247,3089362711,2024-05-11T18:48:17Z,2024-05-11T18:49:58Z,,0.968700,0.0,membership,Payment by membership account and/or membership card,USCPIE14047321*1
ChargePoint Network,,,15694171,15694171,BRIGHTRIDGE EV / STATION 2 (R),25292041,247,3105990011,2024-05-19T00:39:58Z,2024-05-19T01:46:17Z,,32.864601,76.636,credit_card_terminal,Payment via credit card or debit card terminal,USCPIE15694171*1
ChargePoint Network,,,15555831,15555831,FPU / STATION 2 (R),25128511,247,3089721681,2024-05-11T22:02:58Z,2024-05-11T22:12:15Z,,9.985400,0.0,membership,Payment by membership account and/or membership card,USCPIE15555831*1
ChargePoint Network,,,15548151,15548151,DECATURDOWNTWN / STATION 1 (R),25119511,247,3109514521,2024-05-20T19:30:32Z,2024-05-20T20:02:40Z,,42.784599,87.318,membership,Payment by membership account and/or membership card,USCPIE15548151*1
ChargePoint Network,,,1933211,1933211,BRIGHTRIDGE EV / BR-JONESBOROUGH,2283641,3,3113479291,2024-05-22T11:25:58Z,2024-05-22T11:59:50Z,,0.356405,6.241,credit_card_terminal,Payment via credit card or debit card terminal,USCPIE1933211*2
ChargePoint Network,,,8851921,8851921,7SPC / SEVIERVILLE DC1,15571271,207,3124974791,2024-05-27T20:19:38Z,2024-05-27T21:07:02Z,,42.188801,56.467,membership,Payment by membership account and/or membership card,USCPIE8851921*1
ChargePoint Network,,,13659831,13659831,LAWRENCEBURG / STATION 1 (L),23054881,247,3129670961,2024-05-29T19:41:34Z,2024-05-29T19:42:49Z,,0.000000,0.0,membership,Payment by membership account and/or membership card,USCPIE13659831*1
ChargePoint Network,,,13861861,13861861,BRMEMC / STATION 1,23296281,247,3090982001,2024-05-12T17:09:31Z,2024-05-12T17:34:44Z,,27.642200,76.635,membership,Payment by membership account and/or membership card,USCPIE13861861*1
ChargePoint Network,,,5346231,5346231,CULLMANELECTRIC / STATION2-R,8926271,247,3122999791,2024-05-26T15:48:35Z,2024-05-26T16:20:38Z,,36.420601,74.86,membership,Payment by membership account and/or membership card,USCPIE5346231*1
ChargePoint Network,,,8851921,8851921,7SPC / SEVIERVILLE DC1,15571271,207,3072277901,2024-05-03T23:38:30Z,2024-05-04T00:31:37Z,,45.983101,60.875,membership,Payment by membership account and/or membership card,USCPIE8851921*1
ChargePoint Network,,,13606091,13606091,I24 EXIT11 / STATION 3 (RM),22992551,247,3069122511,2024-05-02T17:47:12Z,2024-05-02T17:47:58Z,,0.000000,0.0,credit_card_terminal,Payment via credit card or debit card terminal,USCPIE13606091*1
ChargePoint Network,,,5346231,5346231,CULLMANELECTRIC / STATION2-R,8926271,247,3087005021,2024-05-10T16:41:19Z,2024-05-10T17:38:29Z,,62.044102,71.874,other,Any other payment method not specified above. Additional description should be provided in Payment Method Description.,USCPIE5346231*1
ChargePoint Network,,,5619801,5619801,7SPC / WARREN RECC BG,9274251,3,3110573251,2024-05-21T03:51:11Z,2024-05-21T05:49:22Z,,12.357412,6.3672,membership,Payment by membership account and/or membership card,USCPIE5619801*1
ChargePoint Network,,,5346231,5346231,CULLMANELECTRIC / STATION2-R,8926271,247,3070944081,2024-05-03T13:30:13Z,2024-05-03T13:48:04Z,,17.678801,72.071,membership,Payment by membership account and/or membership card,USCPIE5346231*1
ChargePoint Network,,,13664501,13664501,BTES / STATION 4 (RR),23060561,247,3089343611,2024-05-11T18:37:57Z,2024-05-11T18:51:27Z,,13.811900,67.57,membership,Payment by membership account and/or membership card,USCPIE13664501*1
ChargePoint Network,,,13606121,13606121,I24 EXIT11 / STATION 2 (LM),22992591,247,3124059861,2024-05-27T03:32:31Z,2024-05-27T04:03:42Z,,35.560799,72.468,membership,Payment by membership account and/or membership card,USCPIE13606121*1
ChargePoint Network,,,1933211,1933211,BRIGHTRIDGE EV / BR-JONESBOROUGH,2283631,3,3073252231,2024-05-04T15:15:40Z,2024-05-04T16:21:45Z,,6.507339,6.1438,credit_card_terminal,Payment via credit card or debit card terminal,USCPIE1933211*1
ChargePoint Network,,,1932851,1932851,BRIGHTRIDGE EV / BR-JC LIBRARY,23319821,3,3131486751,2024-05-30T14:52:04Z,2024-05-30T18:18:36Z,,6.843376,7.1794,membership,Payment by membership account and/or membership card,USCPIE1932851*2
ChargePoint Network,,,5466441,5466441,7SPC / NASA USSRC R,9079371,3,3096728561,2024-05-15T01:32:30Z,2024-05-15T04:44:21Z,,19.712629,6.2114,membership,Payment by membership account and/or membership card,USCPIE5466441*2
ChargePoint Network,,,15640031,15640031,NECDC / STATION 1 (L),25228511,247,3102621241,2024-05-17T13:09:49Z,2024-05-17T13:20:23Z,,10.402100,62.208,membership,Payment by membership account and/or membership card,USCPIE15640031*1
ChargePoint Network,,,5122191,5122191,CULLMANELECTRIC / STATION1-L,8482151,100011,3104903551,2024-05-18T12:23:13Z,2024-05-18T12:55:27Z,,23.247601,46.872,membership,Payment by membership account and/or membership card,USCPIE5122191*1
ChargePoint Network,,,13606091,13606091,I24 EXIT11 / STATION 3 (RM),22992551,247,3107524151,2024-05-19T22:00:46Z,2024-05-19T22:05:45Z,,5.257700,0.0,membership,Payment by membership account and/or membership card,USCPIE13606091*1
ChargePoint Network,,,15548181,15548181,DECATURDOWNTWN / STATION 2 (L),25119551,247,3122989321,2024-05-26T15:41:11Z,2024-05-26T16:24:19Z,,47.800400,70.445,membership,Payment by membership account and/or membership card,USCPIE15548181*1
ChargePoint Network,,,1932851,1932851,BRIGHTRIDGE EV / BR-JC LIBRARY,23319811,3,3114854871,2024-05-22T21:19:45Z,2024-05-22T23:00:03Z,,11.991669,7.3656,credit_card_terminal,Payment via credit card or debit card terminal,USCPIE1932851*1
ChargePoint Network,,,5122191,5122191,CULLMANELECTRIC / STATION1-L,8482151,247,3087098401,2024-05-10T17:23:37Z,2024-05-10T18:04:40Z,,38.719002,75.62,membership,Payment by membership account and/or membership card,USCPIE5122191*1
ChargePoint Network,,,1844191,1844191,CLW / MAIN ST,23050431,3,3091226611,2024-05-12T19:40:29Z,2024-05-12T21:42:47Z,,14.343124,7.1239,membership,Payment by membership account and/or membership card,USCPIE1844191*1
ChargePoint Network,,,13659871,13659871,LAWRENCEBURG / STATION 2 (R),,,3074431461,2024-05-05T03:35:17Z,2024-05-05T03:37:18Z,,0.000000,,other,Any other payment method not specified above. Additional description should be provided in Payment Method Description.,USCPIE13659871*0
ChargePoint Network,,,682921,682921,7SPC / TVPPA OFFICE,9117261,3,3117321161,2024-05-23T20:14:38Z,2024-05-23T21:09:25Z,,5.245428,5.9659,membership,Payment by membership account and/or membership card,USCPIE682921*2
ChargePoint Network,,,5565191,5565191,7SPC / DOLLYWOOD EMPL,9205031,3,3097554151,2024-05-15T13:41:46Z,2024-05-15T19:55:29Z,,40.997627,7.1515,membership,Payment by membership account and/or membership card,USCPIE5565191*1
ChargePoint Network,,,15694081,15694081,BRIGHTRIDGE EV / STATION 1 (L),25291921,247,3100642451,2024-05-16T16:56:25Z,2024-05-16T18:10:00Z,,10.064500,36.0,membership,Payment by membership account and/or membership card,USCPIE15694081*1
ChargePoint Network,,,1933211,1933211,BRIGHTRIDGE EV / BR-JONESBOROUGH,2283631,3,3119326161,2024-05-24T16:30:43Z,2024-05-24T18:12:17Z,,9.970559,5.9698,credit_card_terminal,Payment via credit card or debit card terminal,USCPIE1933211*1
ChargePoint Network,,,8851921,8851921,7SPC / SEVIERVILLE DC1,15571271,207,3084320831,2024-05-09T15:45:23Z,2024-05-09T17:51:36Z,,70.670700,57.986,membership,Payment by membership account and/or membership card,USCPIE8851921*1
ChargePoint Network,,,1988061,1988061,7SPC / SCES DOLLYWOOD,25235441,3,3066203951,2024-05-01T17:19:08Z,2024-05-01T17:21:09Z,,0.000000,0.0,membership,Payment by membership account and/or membership card,USCPIE1988061*1
ChargePoint Network,,,1988141,1988141,7SPC / SCES DREAM MORE,2355571,3,3129420951,2024-05-29T17:50:12Z,2024-05-29T23:58:46Z,,42.566387,7.1527,credit_card_terminal,Payment via credit card or debit card terminal,USCPIE1988141*2
ChargePoint Network,,,13664501,13664501,BTES / STATION 4 (RR),23060561,247,3100781131,2024-05-16T18:02:28Z,2024-05-16T19:59:06Z,,52.245701,71.116,membership,Payment by membership account and/or membership card,USCPIE13664501*1
ChargePoint Network,,,15260241,15260241,STEMC / STATION 1 (L) A,24784071,247,3117663631,2024-05-23T22:37:12Z,2024-05-23T22:38:19Z,,0.000000,0.0,credit_card_terminal,Payment via credit card or debit card terminal,USCPIE15260241*1
ChargePoint Network,,,12406491,12406491,FPIA / LEFT STATION,21527781,247,3087335541,2024-05-10T19:16:47Z,2024-05-10T19:18:20Z,,0.000000,0.0,membership,Payment by membership account and/or membership card,USCPIE12406491*1
ChargePoint Network,,,12406491,12406491,FPIA / LEFT STATION,21527781,247,3095461781,2024-05-14T16:13:29Z,2024-05-14T17:14:18Z,,46.846600,73.829,membership,Payment by membership account and/or membership card,USCPIE12406491*1
ChargePoint Network,,,1921351,1921351,STARKVILLE UTIL / STARKVILLE DWTN,23682571,3,3099640751,2024-05-16T05:08:07Z,2024-05-16T10:50:43Z,,41.996304,7.4023,membership,Payment by membership account and/or membership card,USCPIE1921351*1
ChargePoint Network,,,13651631,13651631,MLEC / STATION 2 (R) H,23045821,247,3123248541,2024-05-26T18:40:04Z,2024-05-26T19:20:54Z,,42.529598,71.237,membership,Payment by membership account and/or membership card,USCPIE13651631*1
ChargePoint Network,,,5122191,5122191,CULLMANELECTRIC / STATION1-L,8482151,247,3117414581,2024-05-23T20:53:48Z,2024-05-23T21:14:25Z,,19.095699,71.042,membership,Payment by membership account and/or membership card,USCPIE5122191*1
ChargePoint Network,,,15623231,15623231,CLW / 5TH ST 1 (L),25208301,247,3085181171,2024-05-09T21:35:27Z,2024-05-09T22:01:25Z,,35.193802,123.045,membership,Payment by membership account and/or membership card,USCPIE15623231*1
ChargePoint Network,,,1988061,1988061,7SPC / SCES DOLLYWOOD,25235451,3,3089049961,2024-05-11T15:51:24Z,2024-05-11T19:48:02Z,,28.740381,7.3595,membership,Payment by membership account and/or membership card,USCPIE1988061*2
ChargePoint Network,,,5346231,5346231,CULLMANELECTRIC / STATION2-R,8926271,247,3095814281,2024-05-14T18:58:48Z,2024-05-14T19:30:57Z,,41.839802,86.723,membership,Payment by membership account and/or membership card,USCPIE5346231*1
ChargePoint Network,,,13606091,13606091,I24 EXIT11 / STATION 3 (RM),22992551,247,3131189791,2024-05-30T12:33:01Z,2024-05-30T13:09:01Z,,28.856701,53.341,membership,Payment by membership account and/or membership card,USCPIE13606091*1
ChargePoint Network,,,15548151,15548151,DECATURDOWNTWN / STATION 1 (R),25119511,247,3119028621,2024-05-24T14:36:25Z,2024-05-24T15:21:07Z,,18.649900,46.001,credit_card_terminal,Payment via credit card or debit card terminal,USCPIE15548151*1
ChargePoint Network,,,1964521,1964521,EBOFG / GUNTERSVILLE PD,8374201,3,3131822661,2024-05-30T16:42:07Z,2024-05-30T16:56:24Z,,1.717886,7.416,membership,Payment by membership account and/or membership card,USCPIE1964521*1
ChargePoint Network,,,13664471,13664471,BTES / STATION 3 (RM),23060511,247,3079101111,2024-05-07T15:00:55Z,2024-05-07T15:39:35Z,,26.401199,53.849,other,Any other payment method not specified above. Additional description should be provided in Payment Method Description.,USCPIE13664471*1
ChargePoint Network,,,1921531,1921531,STARKVILLE UTIL / STARKVILLE REC,2268551,3,3096667661,2024-05-15T01:03:36Z,2024-05-15T01:40:02Z,,2.264869,3.7776,membership,Payment by membership account and/or membership card,USCPIE1921531*1
ChargePoint Network,,,12720881,12720881,WRECC / STATION 1,21977141,247,3112175221,2024-05-21T20:32:43Z,2024-05-21T21:28:06Z,,47.743099,53.591,membership,Payment by membership account and/or membership card,USCPIE12720881*1
ChargePoint Network,,,14047321,14047321,JEFFERSON AVE. / OXFORD STA2(R),,,3065573111,2024-05-01T13:22:07Z,2024-05-01T13:22:11Z,,0.000000,,membership,Payment by membership account and/or membership card,USCPIE14047321*0
ChargePoint Network,,,13290491,13290491,7SPC / NASA USSRC L,22634931,3,3121347901,2024-05-25T16:05:55Z,2024-05-25T16:08:26Z,,0.000002,0.0022,membership,Payment by membership account and/or membership card,USCPIE13290491*1
ChargePoint Network,,,5122191,5122191,CULLMANELECTRIC / STATION1-L,8482151,247,3076996361,2024-05-06T16:32:07Z,2024-05-06T16:46:56Z,,16.603100,74.823,membership,Payment by membership account and/or membership card,USCPIE5122191*1
ChargePoint Network,,,1988061,1988061,7SPC / SCES DOLLYWOOD,25235451,3,3073467441,2024-05-04T17:39:19Z,2024-05-04T17:41:19Z,,0.000000,0.0,membership,Payment by membership account and/or membership card,USCPIE1988061*2
ChargePoint Network,,,1844191,1844191,CLW / MAIN ST,23050431,3,3111647871,2024-05-21T16:39:00Z,2024-05-21T17:34:49Z,,6.304338,7.1159,membership,Payment by membership account and/or membership card,USCPIE1844191*1
ChargePoint Network,,,5565291,5565291,7SPC / SCES LECONTE 1,9205201,3,3125345841,2024-05-28T00:18:19Z,2024-05-28T11:56:12Z,,66.252579,7.2338,membership,Payment by membership account and/or membership card,USCPIE5565291*2
ChargePoint Network,,,14025691,14025691,PARIS BPU / STATION 1(L),23489541,247,3124800621,2024-05-27T18:27:25Z,2024-05-27T19:10:31Z,,41.398201,74.052,membership,Payment by membership account and/or membership card,USCPIE14025691*1
ChargePoint Network,,,13659871,13659871,LAWRENCEBURG / STATION 2 (R),23054921,247,3075140081,2024-05-05T18:28:51Z,2024-05-05T18:53:29Z,,22.022499,76.823,membership,Payment by membership account and/or membership card,USCPIE13659871*1
ChargePoint Network,,,13664401,13664401,BTES / STATION 1 (LL),23060421,247,3069109651,2024-05-02T17:41:00Z,2024-05-02T18:20:28Z,,22.821301,49.868,credit_card_terminal,Payment via credit card or debit card terminal,USCPIE13664401*1
ChargePoint Network,,,1921351,1921351,STARKVILLE UTIL / STARKVILLE DWTN,23682581,3,3074964211,2024-05-05T16:37:48Z,2024-05-05T21:15:57Z,,32.607803,7.4735,membership,Payment by membership account and/or membership card,USCPIE1921351*2
ChargePoint Network,,,7505851,7505851,JEFFERSON AVE. / OXFORD STA1(L),12955471,247,3075203641,2024-05-05T19:07:53Z,2024-05-05T19:40:28Z,,33.004398,87.958,membership,Payment by membership account and/or membership card,USCPIE7505851*1
ChargePoint Network,,,5346231,5346231,CULLMANELECTRIC / STATION2-R,8926271,247,3071496901,2024-05-03T17:30:36Z,2024-05-03T17:52:22Z,,17.882401,61.047,membership,Payment by membership account and/or membership card,USCPIE5346231*1
ChargePoint Network,,,15623231,15623231,CLW / 5TH ST 1 (L),25208301,247,3087209391,2024-05-10T18:18:06Z,2024-05-10T19:28:10Z,,57.898399,65.279,credit_card_terminal,Payment via credit card or debit card terminal,USCPIE15623231*1
ChargePoint Network,,,13606121,13606121,I24 EXIT11 / STATION 2 (LM),22992591,247,3077922561,2024-05-06T23:42:45Z,2024-05-06T23:59:37Z,,17.141300,63.083,membership,Payment by membership account and/or membership card,USCPIE13606121*1
ChargePoint Network,,,13664401,13664401,BTES / STATION 1 (LL),23060421,247,3084922521,2024-05-09T19:52:29Z,2024-05-09T19:54:31Z,,0.000000,0.0,membership,Payment by membership account and/or membership card,USCPIE13664401*1
ChargePoint Network,,,13664401,13664401,BTES / STATION 1 (LL),23060421,247,3121260191,2024-05-25T15:05:31Z,2024-05-25T15:41:17Z,,17.587000,52.439,membership,Payment by membership account and/or membership card,USCPIE13664401*1
ChargePoint Network,,,12406491,12406491,FPIA / LEFT STATION,,,3118184761,2024-05-24T02:19:32Z,2024-05-24T02:21:34Z,,0.000000,,membership,Payment by membership account and/or membership card,USCPIE12406491*0
ChargePoint Network,,,12720861,12720861,WRECC / STATION 2,21977121,247,3128923981,2024-05-29T14:44:49Z,2024-05-29T14:56:36Z,,0.000000,0.0,membership,Payment by membership account and/or membership card,USCPIE12720861*1
ChargePoint Network,,,5397731,5397731,EEDEV / MILLIGAN UNIV,9010251,3,3104066351,2024-05-17T23:54:38Z,2024-05-18T13:21:10Z,,68.862602,7.3223,credit_card_terminal,Payment via credit card or debit card terminal,USCPIE5397731*1
ChargePoint Network,,,5363211,5363211,HARTSELLE 1 / HARTSELLE 1,23427581,3,3095663341,2024-05-14T17:43:46Z,2024-05-14T18:37:08Z,,6.244776,7.1531,membership,Payment by membership account and/or membership card,USCPIE5363211*2
ChargePoint Network,,,12720861,12720861,WRECC / STATION 2,21977121,247,3122258431,2024-05-26T01:05:03Z,2024-05-26T01:06:39Z,,0.000000,0.0,membership,Payment by membership account and/or membership card,USCPIE12720861*1
ChargePoint Network,,,13290491,13290491,7SPC / NASA USSRC L,22634931,3,3065600201,2024-05-01T13:35:25Z,2024-05-01T15:24:30Z,,0.616416,3.4476,credit_card_terminal,Payment via credit card or debit card terminal,USCPIE13290491*1
ChargePoint Network,,,5619801,5619801,7SPC / WARREN RECC BG,9274251,3,3122496161,2024-05-26T03:44:48Z,2024-05-26T07:52:32Z,,25.058176,6.3171,membership,Payment by membership account and/or membership card,USCPIE5619801*1
ChargePoint Network,,,7505851,7505851,JEFFERSON AVE. / OXFORD STA1(L),12955471,247,3082526351,2024-05-08T21:09:48Z,2024-05-08T21:26:01Z,,15.914400,58.655,membership,Payment by membership account and/or membership card,USCPIE7505851*1
ChargePoint Network,,,1844191,1844191,CLW / MAIN ST,23050431,3,3118126861,2024-05-24T01:54:23Z,2024-05-24T04:02:28Z,,13.547671,7.0727,membership,Payment by membership account and/or membership card,USCPIE1844191*1
ChargePoint Network,,,12720861,12720861,WRECC / STATION 2,21977121,247,3114925061,2024-05-22T21:49:38Z,2024-05-22T21:51:19Z,,0.000000,0.0,membership,Payment by membership account and/or membership card,USCPIE12720861*1
ChargePoint Network,,,13664401,13664401,BTES / STATION 1 (LL),23060421,247,3121987311,2024-05-25T22:28:05Z,2024-05-25T23:05:28Z,,35.604301,59.905,other,Any other payment method not specified above. Additional description should be provided in Payment Method Description.,USCPIE13664401*1
ChargePoint Network,,,15260251,15260251,STEMC / STATION 2 (R) A,24784081,247,3106997771,2024-05-19T17:05:43Z,2024-05-19T17:57:32Z,,73.812202,124.154,membership,Payment by membership account and/or membership card,USCPIE15260251*1
ChargePoint Network,,,5619801,5619801,7SPC / WARREN RECC BG,9274261,3,3098563751,2024-05-15T20:30:32Z,2024-05-15T21:29:44Z,,2.615705,3.1526,membership,Payment by membership account and/or membership card,USCPIE5619801*2
ChargePoint Network,,,5565251,5565251,7SPC / SCES LECONTE 3,9205131,3,3073983191,2024-05-04T22:47:15Z,2024-05-05T01:13:10Z,,15.223395,6.9722,membership,Payment by membership account and/or membership card,USCPIE5565251*2
ChargePoint Network,,,14359491,14359491,EBOFG / STATION 1 (L),23870291,247,3074926471,2024-05-05T16:10:17Z,2024-05-05T16:10:50Z,,0.000000,0.0,membership,Payment by membership account and/or membership card,USCPIE14359491*1
ChargePoint Network,,,5346231,5346231,CULLMANELECTRIC / STATION2-R,8926271,247,3068087681,2024-05-02T13:11:58Z,2024-05-02T13:24:04Z,,10.088900,46.818,membership,Payment by membership account and/or membership card,USCPIE5346231*1
ChargePoint Network,,,14359491,14359491,EBOFG / STATION 1 (L),23870291,247,3078022671,2024-05-07T00:30:15Z,2024-05-07T00:31:43Z,,0.000000,0.0,membership,Payment by membership account and/or membership card,USCPIE14359491*1
ChargePoint Network,,,8851921,8851921,7SPC / SEVIERVILLE DC1,15571271,207,3067104241,2024-05-01T23:57:41Z,2024-05-02T00:38:32Z,,36.192902,57.375,membership,Payment by membership account and/or membership card,USCPIE8851921*1
ChargePoint Network,,,5380331,5380331,CULLMAN PB / STATION 1,8970951,3,3103051151,2024-05-17T16:09:59Z,2024-05-17T16:11:58Z,,0.000000,0.0,membership,Payment by membership account and/or membership card,USCPIE5380331*1
ChargePoint Network,,,13861891,13861891,BRMEMC / STATION 2,23296321,247,3104069781,2024-05-17T23:56:15Z,2024-05-18T01:22:14Z,,29.976299,72.716,membership,Payment by membership account and/or membership card,USCPIE13861891*1
ChargePoint Network,,,13606061,13606061,I24 EXIT11 / STATION 4 (RR),22992511,247,3131351251,2024-05-30T13:56:20Z,2024-05-30T15:21:28Z,,49.747101,74.027,membership,Payment by membership account and/or membership card,USCPIE13606061*1
ChargePoint Network,,,5354011,5354011,7SPC / GREENEVILLE TA,8936791,207,3079627641,2024-05-07T18:35:30Z,2024-05-07T19:02:45Z,,24.605600,56.24,membership,Payment by membership account and/or membership card,USCPIE5354011*1
ChargePoint Network,,,13861891,13861891,BRMEMC / STATION 2,23296321,247,3079360911,2024-05-07T16:27:08Z,2024-05-07T16:30:59Z,,0.000000,0.0,membership,Payment by membership account and/or membership card,USCPIE13861891*1
ChargePoint Network,,,15640171,15640171,NECDC / STATION 2 (R),25228711,247,3070016601,2024-05-03T00:15:03Z,2024-05-03T00:45:56Z,,27.404100,55.692,other,Any other payment method not specified above. Additional description should be provided in Payment Method Description.,USCPIE15640171*1
ChargePoint Network,,,5354011,5354011,7SPC / GREENEVILLE TA,8936791,207,3124560241,2024-05-27T15:36:40Z,2024-05-27T16:23:03Z,,34.495098,52.414,membership,Payment by membership account and/or membership card,USCPIE5354011*1
ChargePoint Network,,,5354011,5354011,7SPC / GREENEVILLE TA,8936791,207,3081378491,2024-05-08T13:28:18Z,2024-05-08T14:19:11Z,,46.734402,58.215,membership,Payment by membership account and/or membership card,USCPIE5354011*1
ChargePoint Network,,,15694171,15694171,BRIGHTRIDGE EV / STATION 1 (L),25292041,247,3121373171,2024-05-25T16:22:46Z,2024-05-25T17:24:38Z,,52.906200,71.148,membership,Payment by membership account and/or membership card,USCPIE15694171*1
ChargePoint Network,,,5354011,5354011,7SPC / GREENEVILLE TA,8936791,207,3109914961,2024-05-20T22:21:58Z,2024-05-20T22:23:02Z,,0.000000,0.0,membership,Payment by membership account and/or membership card,USCPIE5354011*1
ChargePoint Network,,,1932851,1932851,BRIGHTRIDGE EV / BR-JC LIBRARY,23319821,3,3074745861,2024-05-05T13:05:59Z,2024-05-05T17:00:50Z,,26.781149,7.3734,membership,Payment by membership account and/or membership card,USCPIE1932851*2
ChargePoint Network,,,13861861,13861861,BRMEMC / STATION 1,23296281,247,3083682911,2024-05-09T10:39:14Z,2024-05-09T11:08:32Z,,48.873699,117.503,membership,Payment by membership account and/or membership card,USCPIE13861861*1
ChargePoint Network,,,13966031,13966031,BEA / STATION 4 (RR),23419961,247,3107584401,2024-05-19T22:33:35Z,2024-05-19T22:59:31Z,,33.560600,79.785,membership,Payment by membership account and/or membership card,USCPIE13966031*1
ChargePoint Network,,,13606121,13606121,I24 EXIT11 / STATION 2 (LM),22992591,247,3087509701,2024-05-10T20:31:44Z,2024-05-10T21:01:32Z,,35.477001,78.012,membership,Payment by membership account and/or membership card,USCPIE13606121*1
ChargePoint Network,,,13966851,13966851,BEA / STATION 1 (LL),23420911,247,3093648831,2024-05-13T21:07:32Z,2024-05-13T21:52:01Z,,29.271999,71.175,membership,Payment by membership account and/or membership card,USCPIE13966851*1
ChargePoint Network,,,13966031,13966031,BEA / STATION 4 (RR),,,3068698851,2024-05-02T15:14:36Z,2024-05-02T15:16:37Z,,0.000000,,membership,Payment by membership account and/or membership card,USCPIE13966031*0
ChargePoint Network,,,5122191,5122191,CULLMANELECTRIC / STATION1-L,8482151,247,3074977711,2024-05-05T16:46:59Z,2024-05-05T17:00:37Z,,15.413900,85.26,membership,Payment by membership account and/or membership card,USCPIE5122191*1
ChargePoint Network,,,13606121,13606121,I24 EXIT11 / STATION 2 (LM),22992591,247,3122605041,2024-05-26T05:03:49Z,2024-05-26T06:04:31Z,,81.342102,87.0,membership,Payment by membership account and/or membership card,USCPIE13606121*1
ChargePoint Network,,,1932851,1932851,BRIGHTRIDGE EV / BR-JC LIBRARY,23319821,3,3073163791,2024-05-04T14:01:15Z,2024-05-04T15:56:07Z,,11.602652,6.517,membership,Payment by membership account and/or membership card,USCPIE1932851*2
ChargePoint Network,,,15694081,15694081,BRIGHTRIDGE EV / STATION 2 (R),25291921,247,3124431031,2024-05-27T13:26:12Z,2024-05-27T14:12:07Z,,31.983700,49.818,membership,Payment by membership account and/or membership card,USCPIE15694081*1
ChargePoint Network,,,5346231,5346231,CULLMANELECTRIC / STATION2-R,8926271,247,3108756971,2024-05-20T14:18:59Z,2024-05-20T14:20:58Z,,0.000000,0.0,membership,Payment by membership account and/or membership card,USCPIE5346231*1
ChargePoint Network,,,5565191,5565191,7SPC / DOLLYWOOD EMPL,9205041,3,3097606011,2024-05-15T14:05:56Z,2024-05-15T14:22:22Z,,1.011241,3.7778,membership,Payment by membership account and/or membership card,USCPIE5565191*2
ChargePoint Network,,,9777021,9777021,CRMC / CRMC-2- L2RIGHT,17361741,3,3095958301,2024-05-14T19:59:43Z,2024-05-14T21:16:53Z,,9.363838,7.3441,credit_card_terminal,Payment via credit card or debit card terminal,USCPIE9777021*1
ChargePoint Network,,,15332351,15332351,TUA NW ATLANTIC / STATION 2 (R),24867891,247,3088825681,2024-05-11T12:52:17Z,2024-05-11T13:27:05Z,,26.442499,52.479,membership,Payment by membership account and/or membership card,USCPIE15332351*1
ChargePoint Network,,,9677521,9677521,UT PARKING / S7 STATION 1,17169341,3,3108697971,2024-05-20T13:49:54Z,2024-05-20T15:07:25Z,,9.056830,7.0906,credit_card_terminal,Payment via credit card or debit card terminal,USCPIE9677521*2
ChargePoint Network,,,15694171,15694171,BRIGHTRIDGE EV / STATION 2 (R),25292041,247,3090942421,2024-05-12T16:44:13Z,2024-05-12T17:09:18Z,,37.820499,120.9,membership,Payment by membership account and/or membership card,USCPIE15694171*1
ChargePoint Network,,,5346231,5346231,CULLMANELECTRIC / STATION2-R,8926271,247,3065663811,2024-05-01T14:03:46Z,2024-05-01T14:04:35Z,,0.000000,0.0,credit_card_terminal,Payment via credit card or debit card terminal,USCPIE5346231*1
ChargePoint Network,,,15640171,15640171,NECDC / STATION 2 (R),25228711,247,3124524981,2024-05-27T15:04:52Z,2024-05-27T15:47:29Z,,24.304501,53.639,membership,Payment by membership account and/or membership card,USCPIE15640171*1
ChargePoint Network,,,12720881,12720881,WRECC / STATION 1,21977141,247,3115532451,2024-05-23T02:11:10Z,2024-05-23T02:12:10Z,,0.000000,0.0,membership,Payment by membership account and/or membership card,USCPIE12720881*1
ChargePoint Network,,,13966031,13966031,BEA / STATION 4 (RR),23419961,247,3118051971,2024-05-24T01:19:41Z,2024-05-24T02:24:52Z,,65.075401,72.435,membership,Payment by membership account and/or membership card,USCPIE13966031*1
ChargePoint Network,,,13880891,13880891,MU / MUC MAIN OFFICE,23319021,3,3069615351,2024-05-02T21:21:58Z,2024-05-02T21:24:00Z,,0.000000,0.0,membership,Payment by membership account and/or membership card,USCPIE13880891*2
ChargePoint Network,,,13664471,13664471,BTES / STATION 3 (RM),23060511,247,3090653301,2024-05-12T12:03:58Z,2024-05-12T12:56:33Z,,24.231701,48.895,membership,Payment by membership account and/or membership card,USCPIE13664471*1
ChargePoint Network,,,13966031,13966031,BEA / STATION 4 (RR),23419961,247,3075349251,2024-05-05T20:33:17Z,2024-05-05T21:58:12Z,,79.357002,71.904,other,Any other payment method not specified above. Additional description should be provided in Payment Method Description.,USCPIE13966031*1
ChargePoint Network,,,13659871,13659871,LAWRENCEBURG / STATION 2 (R),23054921,247,3098123241,2024-05-15T17:17:57Z,2024-05-15T17:45:19Z,,21.449699,66.259,membership,Payment by membership account and/or membership card,USCPIE13659871*1
ChargePoint Network,,,13664501,13664501,BTES / STATION 4 (RR),23060561,247,3075189531,2024-05-05T18:59:58Z,2024-05-05T19:43:53Z,,38.967201,98.425,membership,Payment by membership account and/or membership card,USCPIE13664501*1
ChargePoint Network,,,12720881,12720881,WRECC / STATION 1,21977141,247,3131457411,2024-05-30T14:40:58Z,2024-05-30T14:41:43Z,,0.000000,0.0,membership,Payment by membership account and/or membership card,USCPIE12720881*1
ChargePoint Network,,,1932851,1932851,BRIGHTRIDGE EV / BR-JC LIBRARY,23319821,3,3091594711,2024-05-12T23:11:46Z,2024-05-12T23:23:27Z,,0.676710,3.5569,membership,Payment by membership account and/or membership card,USCPIE1932851*2
ChargePoint Network,,,13606091,13606091,I24 EXIT11 / STATION 3 (RM),22992551,247,3116380351,2024-05-23T14:06:44Z,2024-05-23T14:25:39Z,,24.518700,81.377,membership,Payment by membership account and/or membership card,USCPIE13606091*1
ChargePoint Network,,,13664501,13664501,BTES / STATION 4 (RR),23060561,247,3120170661,2024-05-24T22:57:52Z,2024-05-24T23:50:16Z,,37.686199,54.316,other,Any other payment method not specified above. Additional description should be provided in Payment Method Description.,USCPIE13664501*1
ChargePoint Network,,,1932851,1932851,BRIGHTRIDGE EV / BR-JC LIBRARY,23319811,3,3074713991,2024-05-05T12:05:51Z,2024-05-05T14:03:47Z,,14.180991,7.2898,membership,Payment by membership account and/or membership card,USCPIE1932851*1
ChargePoint Network,,,5414151,5414151,7SPC / UC - CARTHAGE,9014651,3,3090966471,2024-05-12T17:00:07Z,2024-05-16T12:43:14Z,,62.613949,0.0,membership,Payment by membership account and/or membership card,USCPIE5414151*2
ChargePoint Network,,,15684301,15684301,MLEC / STATION 1 (L) W,25280151,247,3122938121,2024-05-26T14:57:15Z,2024-05-26T15:36:38Z,,36.315800,59.436,membership,Payment by membership account and/or membership card,USCPIE15684301*1
ChargePoint Network,,,12720881,12720881,WRECC / STATION 1,21977141,100011,3091540961,2024-05-12T22:45:37Z,2024-05-12T23:12:07Z,,14.857800,38.4,membership,Payment by membership account and/or membership card,USCPIE12720881*1
ChargePoint Network,,,13606061,13606061,I24 EXIT11 / STATION 4 (RR),22992511,247,3109422561,2024-05-20T18:48:14Z,2024-05-20T18:49:06Z,,0.000000,0.0,credit_card_terminal,Payment via credit card or debit card terminal,USCPIE13606061*1
ChargePoint Network,,,13966031,13966031,BEA / STATION 4 (RR),23419961,247,3131080961,2024-05-30T11:23:37Z,2024-05-30T11:46:08Z,,21.283501,73.678,membership,Payment by membership account and/or membership card,USCPIE13966031*1
ChargePoint Network,,,13880891,13880891,MU / MUC MAIN OFFICE,23319021,3,3108855851,2024-05-20T14:59:28Z,2024-05-20T15:44:24Z,,5.287533,7.1516,membership,Payment by membership account and/or membership card,USCPIE13880891*2
ChargePoint Network,,,13292801,13292801,LODGE CAST IRON / STORE & MUSEUM,22637561,3,3122948901,2024-05-26T15:06:27Z,2024-05-26T15:24:12Z,,1.089251,3.7884,credit_card_terminal,Payment via credit card or debit card terminal,USCPIE13292801*2
ChargePoint Network,,,13606061,13606061,I24 EXIT11 / STATION 4 (RR),22992511,247,3069017261,2024-05-02T16:56:51Z,2024-05-02T17:21:26Z,,28.744600,78.606,membership,Payment by membership account and/or membership card,USCPIE13606061*1
ChargePoint Network,,,13966031,13966031,BEA / STATION 4 (RR),23419961,247,3108522451,2024-05-20T12:17:52Z,2024-05-20T12:49:27Z,,26.191700,74.071,membership,Payment by membership account and/or membership card,USCPIE13966031*1
ChargePoint Network,,,15640031,15640031,NECDC / STATION 1 (L),25228511,247,3086301241,2024-05-10T10:48:07Z,2024-05-10T11:51:05Z,,62.470001,62.118,membership,Payment by membership account and/or membership card,USCPIE15640031*1
ChargePoint Network,,,14047321,14047321,JEFFERSON AVE. / OXFORD STA2(R),23514081,247,3114347291,2024-05-22T17:36:28Z,2024-05-22T18:11:43Z,,26.084801,54.682,membership,Payment by membership account and/or membership card,USCPIE14047321*1
ChargePoint Network,,,13606141,13606141,I24 EXIT11 / STATION 1 (LL),22992611,247,3131404241,2024-05-30T14:18:55Z,2024-05-30T15:53:42Z,,54.984402,54.964,membership,Payment by membership account and/or membership card,USCPIE13606141*1
ChargePoint Network,,,15623211,15623211,CLW / 5TH ST 2 (R),25208281,247,3071388041,2024-05-03T16:40:00Z,2024-05-03T17:57:16Z,,81.512001,78.204,membership,Payment by membership account and/or membership card,USCPIE15623211*1
ChargePoint Network,,,13643831,13643831,PEPA / STATION 1,23036511,247,3066089551,2024-05-01T16:31:54Z,2024-05-01T17:07:27Z,,52.968601,122.76,membership,Payment by membership account and/or membership card,USCPIE13643831*1
ChargePoint Network,,,8851921,8851921,7SPC / SEVIERVILLE DC1,15571271,207,3125057101,2024-05-27T21:11:58Z,2024-05-27T21:42:18Z,,24.491400,61.224,other,Any other payment method not specified above. Additional description should be provided in Payment Method Description.,USCPIE8851921*1
ChargePoint Network,,,5619801,5619801,7SPC / WARREN RECC BG,9274251,3,3125259291,2024-05-27T23:22:25Z,2024-05-28T01:38:15Z,,14.301049,6.4076,membership,Payment by membership account and/or membership card,USCPIE5619801*1
ChargePoint Network,,,5122191,5122191,CULLMANELECTRIC / STATION1-L,8482151,247,3115065861,2024-05-22T22:48:17Z,2024-05-22T22:59:54Z,,12.615700,0.0,membership,Payment by membership account and/or membership card,USCPIE5122191*1
ChargePoint Network,,,14097711,14097711,SCOTTSBORO EPB / SEPB DCFC (R),23570811,247,3091458701,2024-05-12T21:57:22Z,2024-05-12T22:35:08Z,,44.117298,116.126,membership,Payment by membership account and/or membership card,USCPIE14097711*1
ChargePoint Network,,,13664471,13664471,BTES / STATION 3 (RM),23060511,247,3122013531,2024-05-25T22:43:48Z,2024-05-25T22:45:06Z,,0.000000,0.0,credit_card_terminal,Payment via credit card or debit card terminal,USCPIE13664471*1
ChargePoint Network,,,15332321,15332321,TUA NW ATLANTIC / STATION 1 (L),24867861,247,3073234941,2024-05-04T15:02:14Z,2024-05-04T15:44:52Z,,39.886398,72.716,credit_card_terminal,Payment via credit card or debit card terminal,USCPIE15332321*1
ChargePoint Network,,,15260241,15260241,STEMC / STATION 1 (L) A,24784071,247,3070913231,2024-05-03T13:11:30Z,2024-05-03T13:49:59Z,,37.144600,73.629,credit_card_terminal,Payment via credit card or debit card terminal,USCPIE15260241*1
ChargePoint Network,,,1932851,1932851,BRIGHTRIDGE EV / BR-JC LIBRARY,23319821,3,3083048611,2024-05-09T00:54:19Z,2024-05-09T01:40:15Z,,5.017073,,membership,Payment by membership account and/or membership card,USCPIE1932851*2
ChargePoint Network,,,5346231,5346231,CULLMANELECTRIC / STATION2-R,8926271,247,3120077171,2024-05-24T22:12:47Z,2024-05-24T22:45:46Z,,20.211800,53.801,membership,Payment by membership account and/or membership card,USCPIE5346231*1
ChargePoint Network,,,12406491,12406491,FPIA / LEFT STATION,,,3118200561,2024-05-24T02:29:01Z,2024-05-24T02:31:02Z,,0.000000,,membership,Payment by membership account and/or membership card,USCPIE12406491*0
ChargePoint Network,,,13659831,13659831,LAWRENCEBURG / STATION 1 (L),23054881,247,3105065851,2024-05-18T14:55:30Z,2024-05-18T15:14:45Z,,18.352600,63.917,credit_card_terminal,Payment via credit card or debit card terminal,USCPIE13659831*1
ChargePoint Network,,,9777021,9777021,CRMC / CRMC-2- L2RIGHT,17361741,3,3093069951,2024-05-13T16:39:45Z,2024-05-13T22:39:45Z,,42.945732,,membership,Payment by membership account and/or membership card,USCPIE9777021*1
ChargePoint Network,,,13861891,13861891,BRMEMC / STATION 2,23296321,247,3069753781,2024-05-02T22:23:07Z,2024-05-02T23:05:34Z,,32.318401,54.464,other,Any other payment method not specified above. Additional description should be provided in Payment Method Description.,USCPIE13861891*1
ChargePoint Network,,,15623211,15623211,CLW / 5TH ST 2 (R),25208281,247,3095877901,2024-05-14T19:26:12Z,2024-05-14T19:46:57Z,,38.070999,122.43,membership,Payment by membership account and/or membership card,USCPIE15623211*1
ChargePoint Network,,,12720861,12720861,WRECC / STATION 2,21977121,247,3098253671,2024-05-15T18:22:11Z,2024-05-15T19:04:19Z,,50.052799,74.124,membership,Payment by membership account and/or membership card,USCPIE12720861*1
ChargePoint Network,,,5354011,5354011,7SPC / GREENEVILLE TA,8936791,100011,3120249211,2024-05-24T23:36:14Z,2024-05-25T00:38:49Z,,38.790001,52.196,credit_card_terminal,Payment via credit card or debit card terminal,USCPIE5354011*1
ChargePoint Network,,,15280471,15280471,SPRFLD ELECTRIC / STATION 1 (L),24807681,247,3078528791,2024-05-07T06:48:00Z,2024-05-07T08:19:20Z,,39.883999,62.877,membership,Payment by membership account and/or membership card,USCPIE15280471*1
ChargePoint Network,,,5346231,5346231,CULLMANELECTRIC / STATION2-R,8926271,247,3098570441,2024-05-15T20:33:31Z,2024-05-15T21:13:46Z,,17.167999,81.39,membership,Payment by membership account and/or membership card,USCPIE5346231*1
ChargePoint Network,,,13966811,13966811,BEA / STATION 2 (LM),23420881,247,3082718191,2024-05-08T22:28:44Z,2024-05-08T23:19:57Z,,51.210300,72.889,credit_card_terminal,Payment via credit card or debit card terminal,USCPIE13966811*1
ChargePoint Network,,,5346231,5346231,CULLMANELECTRIC / STATION2-R,8926271,247,3094089761,2024-05-14T00:24:30Z,2024-05-14T00:44:00Z,,26.703501,83.867,membership,Payment by membership account and/or membership card,USCPIE5346231*1
ChargePoint Network,,,13606061,13606061,I24 EXIT11 / STATION 4 (RR),22992511,247,3120446511,2024-05-25T01:11:55Z,2024-05-25T01:13:17Z,,0.000000,0.0,credit_card_terminal,Payment via credit card or debit card terminal,USCPIE13606061*1
ChargePoint Network,,,5346231,5346231,CULLMANELECTRIC / STATION2-R,,,3072175911,2024-05-03T22:45:55Z,2024-05-03T22:47:55Z,,0.000000,,other,Any other payment method not specified above. Additional description should be provided in Payment Method Description.,USCPIE5346231*0
ChargePoint Network,,,12406491,12406491,FPIA / LEFT STATION,21527781,247,3105103851,2024-05-18T15:23:26Z,2024-05-18T15:54:22Z,,24.131201,88.4,membership,Payment by membership account and/or membership card,USCPIE12406491*1
ChargePoint Network,,,14359491,14359491,EBOFG / STATION 1 (L),23870291,247,3121420491,2024-05-25T16:53:41Z,2024-05-25T16:54:34Z,,0.000000,0.0,membership,Payment by membership account and/or membership card,USCPIE14359491*1
ChargePoint Network,,,1933211,1933211,BRIGHTRIDGE EV / BR-JONESBOROUGH,2283631,3,3087345541,2024-05-10T19:20:54Z,2024-05-10T22:56:41Z,,22.481989,6.3395,credit_card_terminal,Payment via credit card or debit card terminal,USCPIE1933211*1
ChargePoint Network,,,14097711,14097711,SCOTTSBORO EPB / SEPB DCFC (R),23570811,247,3074047351,2024-05-04T23:23:58Z,2024-05-05T00:31:36Z,,30.515699,63.919,membership,Payment by membership account and/or membership card,USCPIE14097711*1
ChargePoint Network,,,7505851,7505851,JEFFERSON AVE. / OXFORD STA1(L),12955471,100011,3083574711,2024-05-09T06:44:58Z,2024-05-09T07:17:51Z,,25.280199,53.097,membership,Payment by membership account and/or membership card,USCPIE7505851*1
ChargePoint Network,,,8851921,8851921,7SPC / SEVIERVILLE DC1,15571271,207,3123322771,2024-05-26T19:29:04Z,2024-05-26T20:16:49Z,,42.334801,60.419,membership,Payment by membership account and/or membership card,USCPIE8851921*1
ChargePoint Network,,,5122191,5122191,CULLMANELECTRIC / STATION1-L,8482151,247,3130134581,2024-05-29T22:55:36Z,2024-05-29T23:02:41Z,,6.875300,71.042,membership,Payment by membership account and/or membership card,USCPIE5122191*1
ChargePoint Network,,,12720881,12720881,WRECC / STATION 1,21977141,100011,3101525031,2024-05-16T23:19:02Z,2024-05-16T23:57:51Z,,28.247400,53.861,membership,Payment by membership account and/or membership card,USCPIE12720881*1
ChargePoint Network,,,15548181,15548181,DECATURDOWNTWN / STATION 2 (L),25119551,247,3084954811,2024-05-09T20:04:39Z,2024-05-09T20:27:04Z,,17.959400,77.223,membership,Payment by membership account and/or membership card,USCPIE15548181*1
ChargePoint Network,,,13861861,13861861,BRMEMC / STATION 1,23296281,247,3105461111,2024-05-18T18:59:49Z,2024-05-18T19:00:00Z,,0.000000,0.0,membership,Payment by membership account and/or membership card,USCPIE13861861*1
ChargePoint Network,,,13606121,13606121,I24 EXIT11 / STATION 2 (LM),22992591,247,3099104971,2024-05-16T00:20:56Z,2024-05-16T00:32:14Z,,10.808700,63.96,membership,Payment by membership account and/or membership card,USCPIE13606121*1
ChargePoint Network,,,14049761,14049761,PARIS BPU / STATION 2(R),23516951,247,3122395851,2024-05-26T02:32:01Z,2024-05-26T02:52:18Z,,24.175100,78.209,membership,Payment by membership account and/or membership card,USCPIE14049761*1
ChargePoint Network,,,13026471,13026471,WCMES / CITYHALL2-R,22328331,247,3069236311,2024-05-02T18:42:34Z,2024-05-02T19:10:29Z,,16.571600,36.575,membership,Payment by membership account and/or membership card,USCPIE13026471*1
ChargePoint Network,,,13606141,13606141,I24 EXIT11 / STATION 1 (LL),22992611,247,3098947211,2024-05-15T23:14:08Z,2024-05-15T23:15:14Z,,0.000000,0.0,membership,Payment by membership account and/or membership card,USCPIE13606141*1
ChargePoint Network,,,15280471,15280471,SPRFLD ELECTRIC / STATION 1 (L),24807681,247,3105968741,2024-05-19T00:24:20Z,2024-05-19T03:32:50Z,,59.127499,62.646,membership,Payment by membership account and/or membership card,USCPIE15280471*1
ChargePoint Network,,,13966851,13966851,BEA / STATION 1 (LL),,,3092394701,2024-05-13T11:55:17Z,2024-05-13T11:56:25Z,,0.000000,,credit_card_terminal,Payment via credit card or debit card terminal,USCPIE13966851*0
ChargePoint Network,,,5346231,5346231,CULLMANELECTRIC / STATION2-R,8926271,100011,3107975001,2024-05-20T02:01:28Z,2024-05-20T02:45:21Z,,14.788100,53.097,credit_card_terminal,Payment via credit card or debit card terminal,USCPIE5346231*1
ChargePoint Network,,,1988061,1988061,7SPC / SCES DOLLYWOOD,25235451,3,3066255571,2024-05-01T17:47:09Z,2024-05-01T20:40:47Z,,14.159826,7.0664,membership,Payment by membership account and/or membership card,USCPIE1988061*2
ChargePoint Network,,,13026471,13026471,WCMES / CITYHALL2-R,22328331,247,3073104351,2024-05-04T12:58:26Z,2024-05-04T13:38:35Z,,39.175301,76.832,credit_card_terminal,Payment via credit card or debit card terminal,USCPIE13026471*1
ChargePoint Network,,,15548181,15548181,DECATURDOWNTWN / STATION 2 (L),,,3122262411,2024-05-26T01:07:09Z,2024-05-26T01:07:34Z,,0.000000,,membership,Payment by membership account and/or membership card,USCPIE15548181*0
ChargePoint Network,,,14359531,14359531,EBOFG / STATION 2 (R),23870331,247,3121423701,2024-05-25T16:55:48Z,2024-05-25T17:49:25Z,,65.149597,123.535,membership,Payment by membership account and/or membership card,USCPIE14359531*1
ChargePoint Network,,,13861861,13861861,BRMEMC / STATION 1,23296281,247,3089993061,2024-05-12T00:29:45Z,2024-05-12T01:25:09Z,,38.705799,86.385,membership,Payment by membership account and/or membership card,USCPIE13861861*1
ChargePoint Network,,,13606061,13606061,I24 EXIT11 / STATION 4 (RR),22992511,247,3080795551,2024-05-08T03:14:49Z,2024-05-08T03:35:22Z,,22.804001,74.268,membership,Payment by membership account and/or membership card,USCPIE13606061*1
ChargePoint Network,,,5354011,5354011,7SPC / GREENEVILLE TA,8936791,207,3130791001,2024-05-30T04:12:46Z,2024-05-30T04:14:02Z,,0.000000,0.0,membership,Payment by membership account and/or membership card,USCPIE5354011*1
ChargePoint Network,,,13966811,13966811,BEA / STATION 2 (LM),23420881,247,3086527431,2024-05-10T13:22:55Z,2024-05-10T13:47:56Z,,21.653700,76.428,membership,Payment by membership account and/or membership card,USCPIE13966811*1
ChargePoint Network,,,13606061,13606061,I24 EXIT11 / STATION 4 (RR),22992511,100011,3087118241,2024-05-10T17:32:27Z,2024-05-10T18:06:34Z,,14.245300,47.119,credit_card_terminal,Payment via credit card or debit card terminal,USCPIE13606061*1
ChargePoint Network,,,13606061,13606061,I24 EXIT11 / STATION 4 (RR),22992511,247,3067359791,2024-05-02T01:52:06Z,2024-05-02T01:53:08Z,,0.000000,0.0,credit_card_terminal,Payment via credit card or debit card terminal,USCPIE13606061*1
ChargePoint Network,,,1844191,1844191,CLW / MAIN ST,23050431,3,3087059361,2024-05-10T17:05:01Z,2024-05-10T17:20:07Z,,1.767439,7.2609,credit_card_terminal,Payment via credit card or debit card terminal,USCPIE1844191*1
ChargePoint Network,,,13026471,13026471,WCMES / CITYHALL2-R,22328331,247,3121831611,2024-05-25T20:57:05Z,2024-05-25T21:44:09Z,,20.491899,61.073,membership,Payment by membership account and/or membership card,USCPIE13026471*1
ChargePoint Network,,,12676071,12676071,NEMEPA / NEMEPA EMPLOYEE,21923351,3,3084672131,2024-05-09T18:03:17Z,2024-05-13T16:08:08Z,,29.106228,6.2389,membership,Payment by membership account and/or membership card,USCPIE12676071*1
ChargePoint Network,,,13606141,13606141,I24 EXIT11 / STATION 1 (LL),22992611,247,3072116361,2024-05-03T22:19:28Z,2024-05-03T23:01:50Z,,45.178902,122.737,credit_card_terminal,Payment via credit card or debit card terminal,USCPIE13606141*1
ChargePoint Network,,,12406491,12406491,FPIA / LEFT STATION,21527781,247,3122981851,2024-05-26T15:35:16Z,2024-05-26T15:59:53Z,,19.332100,76.416,credit_card_terminal,Payment via credit card or debit card terminal,USCPIE12406491*1
ChargePoint Network,,,12720881,12720881,WRECC / STATION 1,21977141,247,3089035501,2024-05-11T15:41:57Z,2024-05-11T16:15:19Z,,35.413601,96.893,membership,Payment by membership account and/or membership card,USCPIE12720881*1
ChargePoint Network,,,1964521,1964521,EBOFG / GUNTERSVILLE PD,8374201,3,3078056021,2024-05-07T00:44:57Z,2024-05-07T02:36:36Z,,13.101894,7.2908,membership,Payment by membership account and/or membership card,USCPIE1964521*1
ChargePoint Network,,,15332351,15332351,TUA NW ATLANTIC / STATION 2 (R),,,3105125411,2024-05-18T15:37:11Z,2024-05-18T15:39:14Z,,0.000000,,membership,Payment by membership account and/or membership card,USCPIE15332351*0
ChargePoint Network,,,13861891,13861891,BRMEMC / STATION 2,23296321,247,3079494461,2024-05-07T17:27:18Z,2024-05-07T17:37:59Z,,10.348100,75.0,membership,Payment by membership account and/or membership card,USCPIE13861891*1
ChargePoint Network,,,12720881,12720881,WRECC / STATION 1,21977141,247,3114931771,2024-05-22T21:52:28Z,2024-05-22T21:54:08Z,,0.000000,0.0,membership,Payment by membership account and/or membership card,USCPIE12720881*1
ChargePoint Network,,,5350831,5350831,CULLMANELECTRIC / CEC MAIN OFFICE,8932491,3,3130341621,2024-05-30T00:25:31Z,2024-05-30T00:25:57Z,,0.000000,,credit_card_terminal,Payment via credit card or debit card terminal,USCPIE5350831*1
ChargePoint Network,,,13292801,13292801,LODGE CAST IRON / STORE & MUSEUM,22637551,3,3083939581,2024-05-09T13:20:47Z,2024-05-09T14:44:35Z,,9.485155,7.0086,credit_card_terminal,Payment via credit card or debit card terminal,USCPIE13292801*1
ChargePoint Network,,,5122191,5122191,CULLMANELECTRIC / STATION1-L,8482151,247,3116974491,2024-05-23T17:46:47Z,2024-05-23T18:36:20Z,,41.763000,62.195,membership,Payment by membership account and/or membership card,USCPIE5122191*1
ChargePoint Network,,,1988141,1988141,7SPC / SCES DREAM MORE,2355561,3,3130447431,2024-05-30T01:10:13Z,2024-05-30T13:45:31Z,,40.350777,7.2221,membership,Payment by membership account and/or membership card,USCPIE1988141*1
ChargePoint Network,,,13664471,13664471,BTES / STATION 3 (RM),23060511,247,3075466831,2024-05-05T21:43:17Z,2024-05-05T22:01:52Z,,15.763700,54.243,membership,Payment by membership account and/or membership card,USCPIE13664471*1
ChargePoint Network,,,15815141,15815141,GEA-1 / STATION 1 (L),25435121,247,3095511261,2024-05-14T16:32:56Z,2024-05-14T16:52:08Z,,17.498501,58.904,membership,Payment by membership account and/or membership card,USCPIE15815141*1
ChargePoint Network,,,5346231,5346231,CULLMANELECTRIC / STATION2-R,8926271,247,3098479801,2024-05-15T19:59:10Z,2024-05-15T20:24:45Z,,27.122101,66.725,membership,Payment by membership account and/or membership card,USCPIE5346231*1
ChargePoint Network,,,14355271,14355271,HARTSELLE 1 / STATION 1 (L),,,3095501551,2024-05-14T16:27:02Z,2024-05-14T16:29:04Z,,0.000000,0.0,membership,Payment by membership account and/or membership card,USCPIE14355271*0
ChargePoint Network,,,5354011,5354011,7SPC / GREENEVILLE TA,8936791,100011,3084536141,2024-05-09T17:01:09Z,2024-05-09T17:34:31Z,,27.368299,51.785,membership,Payment by membership account and/or membership card,USCPIE5354011*1
ChargePoint Network,,,15694081,15694081,BRIGHTRIDGE EV / STATION 1 (L),25291921,247,3078662941,2024-05-07T11:21:51Z,2024-05-07T12:33:03Z,,6.031000,64.01,membership,Payment by membership account and/or membership card,USCPIE15694081*1
ChargePoint Network,,,12720881,12720881,WRECC / STATION 1,21977141,247,3115058431,2024-05-22T22:45:15Z,2024-05-22T22:47:00Z,,0.000000,0.0,membership,Payment by membership account and/or membership card,USCPIE12720881*1
ChargePoint Network,,,5565241,5565241,7SPC / SCES LECONTE 4,9205111,3,3121188861,2024-05-25T14:07:57Z,2024-05-25T14:27:38Z,,2.228603,6.9137,membership,Payment by membership account and/or membership card,USCPIE5565241*2
ChargePoint Network,,,8851921,8851921,7SPC / SEVIERVILLE DC1,15571271,207,3085681581,2024-05-10T01:02:26Z,2024-05-10T02:01:54Z,,52.189800,62.062,membership,Payment by membership account and/or membership card,USCPIE8851921*1
ChargePoint Network,,,5466441,5466441,7SPC / NASA USSRC R,9079371,3,3112276631,2024-05-21T21:16:40Z,2024-05-21T22:35:30Z,,7.811992,,membership,Payment by membership account and/or membership card,USCPIE5466441*2
ChargePoint Network,,,1844191,1844191,CLW / MAIN ST,23050431,3,3085202891,2024-05-09T21:44:04Z,2024-05-09T23:15:07Z,,10.667062,7.2077,credit_card_terminal,Payment via credit card or debit card terminal,USCPIE1844191*1
ChargePoint Network,,,5619801,5619801,7SPC / WARREN RECC BG,9274251,3,3078068811,2024-05-07T00:53:11Z,2024-05-07T00:59:43Z,,0.628920,6.2844,membership,Payment by membership account and/or membership card,USCPIE5619801*1
ChargePoint Network,,,5466441,5466441,7SPC / NASA USSRC R,9079371,3,3123211951,2024-05-26T18:14:49Z,2024-05-26T19:49:08Z,,5.305682,3.4094,membership,Payment by membership account and/or membership card,USCPIE5466441*2
ChargePoint Network,,,5565201,5565201,7SPC / SCES LECONTE 2,9205061,3,3122849311,2024-05-26T13:18:14Z,2024-05-26T18:28:02Z,,27.113293,7.1831,credit_card_terminal,Payment via credit card or debit card terminal,USCPIE5565201*2
ChargePoint Network,,,5354011,5354011,7SPC / GREENEVILLE TA,8936791,100011,3106928031,2024-05-19T16:21:47Z,2024-05-19T17:18:18Z,,16.686899,52.577,membership,Payment by membership account and/or membership card,USCPIE5354011*1
ChargePoint Network,,,13651611,13651611,MLEC / STATION 1 (L) H,23045791,247,3091482731,2024-05-12T22:11:14Z,2024-05-12T22:31:09Z,,17.454500,70.844,credit_card_terminal,Payment via credit card or debit card terminal,USCPIE13651611*1
ChargePoint Network,,,5122191,5122191,CULLMANELECTRIC / STATION1-L,8482151,247,3105611281,2024-05-18T20:22:40Z,2024-05-18T20:56:19Z,,34.749401,76.23,membership,Payment by membership account and/or membership card,USCPIE5122191*1
ChargePoint Network,,,1844191,1844191,CLW / MAIN ST,23050441,3,3081857831,2024-05-08T16:22:03Z,2024-05-08T17:57:10Z,,11.326937,7.2536,membership,Payment by membership account and/or membership card,USCPIE1844191*2
ChargePoint Network,,,12676071,12676071,NEMEPA / NEMEPA EMPLOYEE,21923351,3,3114454731,2024-05-22T18:26:38Z,2024-05-22T18:28:39Z,,0.000000,0.0,membership,Payment by membership account and/or membership card,USCPIE12676071*1
ChargePoint Network,,,8851921,8851921,7SPC / SEVIERVILLE DC1,15571271,207,3071117331,2024-05-03T14:58:57Z,2024-05-03T15:49:09Z,,39.311901,53.949,membership,Payment by membership account and/or membership card,USCPIE8851921*1
ChargePoint Network,,,13606141,13606141,I24 EXIT11 / STATION 1 (LL),22992611,247,3076162351,2024-05-06T05:46:38Z,2024-05-06T05:47:57Z,,0.000000,0.0,membership,Payment by membership account and/or membership card,USCPIE13606141*1
ChargePoint Network,,,15260241,15260241,STEMC / STATION 1 (L) A,24784071,247,3109323681,2024-05-20T17:59:37Z,2024-05-20T18:38:59Z,,30.428900,122.605,membership,Payment by membership account and/or membership card,USCPIE15260241*1
ChargePoint Network,,,14097801,14097801,SCOTTSBORO EPB / SEPB DCFC (L),23570921,247,3071666711,2024-05-03T18:56:45Z,2024-05-03T19:24:27Z,,32.943199,84.824,membership,Payment by membership account and/or membership card,USCPIE14097801*1
ChargePoint Network,,,13606091,13606091,I24 EXIT11 / STATION 3 (RM),22992551,247,3073527821,2024-05-04T18:18:52Z,2024-05-04T18:38:00Z,,10.353700,47.863,membership,Payment by membership account and/or membership card,USCPIE13606091*1
ChargePoint Network,,,14359491,14359491,EBOFG / STATION 1 (L),23870291,247,3123737241,2024-05-26T23:53:21Z,2024-05-26T23:54:03Z,,0.000000,0.0,membership,Payment by membership account and/or membership card,USCPIE14359491*1
ChargePoint Network,,,13664501,13664501,BTES / STATION 4 (RR),23060561,247,3074607671,2024-05-05T06:57:21Z,2024-05-05T08:02:47Z,,86.478203,98.58,membership,Payment by membership account and/or membership card,USCPIE13664501*1
ChargePoint Network,,,12720881,12720881,WRECC / STATION 1,21977141,247,3117541081,2024-05-23T21:47:40Z,2024-05-23T21:50:01Z,,0.000000,0.0,membership,Payment by membership account and/or membership card,USCPIE12720881*1
ChargePoint Network,,,1988061,1988061,7SPC / SCES DOLLYWOOD,25235441,3,3066221461,2024-05-01T17:27:48Z,2024-05-01T17:29:48Z,,0.000000,0.0,membership,Payment by membership account and/or membership card,USCPIE1988061*1
ChargePoint Network,,,5354011,5354011,7SPC / GREENEVILLE TA,8936791,207,3085847271,2024-05-10T02:22:40Z,2024-05-10T02:30:59Z,,6.504400,,membership,Payment by membership account and/or membership card,USCPIE5354011*1
ChargePoint Network,,,13606091,13606091,I24 EXIT11 / STATION 3 (RM),22992551,247,3065265161,2024-05-01T08:48:18Z,2024-05-01T10:01:26Z,,42.437199,52.984,membership,Payment by membership account and/or membership card,USCPIE13606091*1
ChargePoint Network,,,15623231,15623231,CLW / 5TH ST 1 (L),25208301,247,3117662421,2024-05-23T22:37:19Z,2024-05-23T23:44:52Z,,69.501297,77.025,membership,Payment by membership account and/or membership card,USCPIE15623231*1
ChargePoint Network,,,14047321,14047321,JEFFERSON AVE. / OXFORD STA2(R),23514081,247,3109315241,2024-05-20T17:55:19Z,2024-05-20T17:55:31Z,,0.000000,0.0,membership,Payment by membership account and/or membership card,USCPIE14047321*1
ChargePoint Network,,,12720861,12720861,WRECC / STATION 2,21977121,247,3069633551,2024-05-02T21:32:11Z,2024-05-02T22:16:36Z,,59.860100,85.103,membership,Payment by membership account and/or membership card,USCPIE12720861*1
ChargePoint Network,,,5466441,5466441,7SPC / NASA USSRC R,9079371,3,3114643591,2024-05-22T19:51:34Z,2024-05-22T20:49:19Z,,5.820932,6.1243,membership,Payment by membership account and/or membership card,USCPIE5466441*2
ChargePoint Network,,,13606061,13606061,I24 EXIT11 / STATION 4 (RR),22992511,247,3065432061,2024-05-01T12:10:16Z,2024-05-01T12:23:22Z,,12.869700,72.833,credit_card_terminal,Payment via credit card or debit card terminal,USCPIE13606061*1
ChargePoint Network,,,1964521,1964521,EBOFG / GUNTERSVILLE PD,8374211,3,3131851951,2024-05-30T16:54:36Z,2024-05-30T21:33:10Z,,7.537782,3.6853,membership,Payment by membership account and/or membership card,USCPIE1964521*2
ChargePoint Network,,,15694171,15694171,BRIGHTRIDGE EV / STATION 1 (L),25292041,247,3127033781,2024-05-28T19:01:47Z,2024-05-28T19:03:14Z,,0.000000,0.0,membership,Payment by membership account and/or membership card,USCPIE15694171*1
ChargePoint Network,,,13606091,13606091,I24 EXIT11 / STATION 3 (RM),22992551,247,3125712641,2024-05-28T04:20:28Z,2024-05-28T04:41:05Z,,18.429800,75.313,membership,Payment by membership account and/or membership card,USCPIE13606091*1
ChargePoint Network,,,13606091,13606091,I24 EXIT11 / STATION 3 (RM),22992551,247,3124574761,2024-05-27T15:48:28Z,2024-05-27T16:16:41Z,,11.909400,41.58,membership,Payment by membership account and/or membership card,USCPIE13606091*1
ChargePoint Network,,,14097711,14097711,SCOTTSBORO EPB / SEPB DCFC (R),23570811,247,3106832111,2024-05-19T15:14:25Z,2024-05-19T15:40:49Z,,8.081000,24.912,membership,Payment by membership account and/or membership card,USCPIE14097711*1
ChargePoint Network,,,13880891,13880891,MU / MUC MAIN OFFICE,23319011,3,3069615201,2024-05-02T21:21:58Z,2024-05-02T21:23:57Z,,0.000000,0.0,membership,Payment by membership account and/or membership card,USCPIE13880891*1
ChargePoint Network,,,13606121,13606121,I24 EXIT11 / STATION 2 (LM),22992591,247,3083902141,2024-05-09T13:02:01Z,2024-05-09T13:10:41Z,,8.000700,0.0,membership,Payment by membership account and/or membership card,USCPIE13606121*1
ChargePoint Network,,,1844191,1844191,CLW / MAIN ST,23050441,3,3114323071,2024-05-22T17:24:36Z,2024-05-22T17:44:35Z,,2.305181,7.1833,membership,Payment by membership account and/or membership card,USCPIE1844191*2
ChargePoint Network,,,14047321,14047321,JEFFERSON AVE. / OXFORD STA2(R),23514081,247,3080062661,2024-05-07T21:43:26Z,2024-05-07T21:44:06Z,,0.163600,0.0,membership,Payment by membership account and/or membership card,USCPIE14047321*1
ChargePoint Network,,,15729991,15729991,AEC / AEC03,25334171,3,3070913091,2024-05-03T13:12:04Z,2024-05-03T15:51:30Z,,19.299580,7.3231,membership,Payment by membership account and/or membership card,USCPIE15729991*1
ChargePoint Network,,,5346231,5346231,CULLMANELECTRIC / STATION2-R,8926271,247,3071316051,2024-05-03T16:09:35Z,2024-05-03T16:57:59Z,,48.300800,76.238,other,Any other payment method not specified above. Additional description should be provided in Payment Method Description.,USCPIE5346231*1
ChargePoint Network,,,15640171,15640171,NECDC / STATION 2 (R),25228711,247,3131896451,2024-05-30T17:13:57Z,2024-05-30T17:20:14Z,,3.563400,58.279,membership,Payment by membership account and/or membership card,USCPIE15640171*1
ChargePoint Network,,,13606061,13606061,I24 EXIT11 / STATION 4 (RR),22992511,247,3129217871,2024-05-29T16:19:58Z,2024-05-29T16:59:10Z,,38.691101,74.625,membership,Payment by membership account and/or membership card,USCPIE13606061*1
ChargePoint Network,,,9677521,9677521,UT PARKING / S7 STATION 1,17169341,3,3065466891,2024-05-01T12:28:22Z,2024-05-01T12:30:22Z,,0.000000,0.0,membership,Payment by membership account and/or membership card,USCPIE9677521*2
ChargePoint Network,,,13606091,13606091,I24 EXIT11 / STATION 3 (RM),22992551,247,3095675981,2024-05-14T17:50:34Z,2024-05-14T18:30:33Z,,31.135599,73.458,membership,Payment by membership account and/or membership card,USCPIE13606091*1
ChargePoint Network,,,15640031,15640031,NECDC / STATION 1 (L),25228511,247,3098816431,2024-05-15T22:18:36Z,2024-05-15T22:26:52Z,,7.337400,0.0,membership,Payment by membership account and/or membership card,USCPIE15640031*1
ChargePoint Network,,,5122191,5122191,CULLMANELECTRIC / STATION1-L,8482151,247,3079565771,2024-05-07T18:03:06Z,2024-05-07T18:03:22Z,,0.000000,0.0,membership,Payment by membership account and/or membership card,USCPIE5122191*1
ChargePoint Network,,,14047321,14047321,JEFFERSON AVE. / OXFORD STA2(R),23514081,247,3069022991,2024-05-02T16:59:30Z,2024-05-02T18:14:34Z,,47.460201,54.236,membership,Payment by membership account and/or membership card,USCPIE14047321*1
ChargePoint Network,,,12406491,12406491,FPIA / LEFT STATION,21527781,247,3075557281,2024-05-05T22:35:55Z,2024-05-05T22:48:51Z,,10.085200,51.59,membership,Payment by membership account and/or membership card,USCPIE12406491*1
ChargePoint Network,,,15280441,15280441,SPRFLD ELECTRIC / STATION 2 (R),24807641,247,3119644911,2024-05-24T18:59:54Z,2024-05-24T19:01:08Z,,0.000000,0.0,membership,Payment by membership account and/or membership card,USCPIE15280441*1
ChargePoint Network,,,5363211,5363211,HARTSELLE 1 / HARTSELLE 1,23427581,3,3103438971,2024-05-17T19:10:27Z,2024-05-17T20:47:14Z,,11.827471,7.3862,membership,Payment by membership account and/or membership card,USCPIE5363211*2
ChargePoint Network,,,5565191,5565191,7SPC / DOLLYWOOD EMPL,9205031,3,3065647071,2024-05-01T13:57:00Z,2024-05-01T17:37:07Z,,23.191835,7.3526,membership,Payment by membership account and/or membership card,USCPIE5565191*1
ChargePoint Network,,,15640171,15640171,NECDC / STATION 2 (R),25228711,247,3102101651,2024-05-17T03:55:31Z,2024-05-17T04:46:49Z,,46.794998,58.673,credit_card_terminal,Payment via credit card or debit card terminal,USCPIE15640171*1
ChargePoint Network,,,14355251,14355251,HARTSELLE 1 / STATION 2 (R),23865691,247,3122210021,2024-05-26T00:35:50Z,2024-05-26T00:49:41Z,,13.457000,67.227,membership,Payment by membership account and/or membership card,USCPIE14355251*1
ChargePoint Network,,,8851921,8851921,7SPC / SEVIERVILLE DC1,15571271,207,3111694591,2024-05-21T16:59:25Z,2024-05-21T17:37:26Z,,35.104900,61.38,other,Any other payment method not specified above. Additional description should be provided in Payment Method Description.,USCPIE8851921*1
ChargePoint Network,,,5363211,5363211,HARTSELLE 1 / HARTSELLE 1,23427581,3,3073223061,2024-05-04T14:54:05Z,2024-05-04T16:41:40Z,,12.629006,7.0961,membership,Payment by membership account and/or membership card,USCPIE5363211*2
ChargePoint Network,,,5565191,5565191,7SPC / DOLLYWOOD EMPL,9205041,3,3126115901,2024-05-28T12:46:38Z,2024-05-28T16:37:17Z,,6.553164,1.0684,membership,Payment by membership account and/or membership card,USCPIE5565191*2
ChargePoint Network,,,9677521,9677521,UT PARKING / S7 STATION 1,17169341,3,3080282241,2024-05-07T23:14:22Z,2024-05-08T01:29:13Z,,15.566422,7.0361,credit_card_terminal,Payment via credit card or debit card terminal,USCPIE9677521*2
ChargePoint Network,,,12720861,12720861,WRECC / STATION 2,21977121,247,3127581041,2024-05-28T22:45:59Z,2024-05-28T22:47:20Z,,0.000000,0.0,membership,Payment by membership account and/or membership card,USCPIE12720861*1
ChargePoint Network,,,9677521,9677521,UT PARKING / S7 STATION 1,17169341,3,3073237041,2024-05-04T11:32:54Z,2024-05-04T17:02:23Z,,37.552593,7.0834,membership,Payment by membership account and/or membership card,USCPIE9677521*2
ChargePoint Network,,,5350831,5350831,CULLMANELECTRIC / CEC MAIN OFFICE,8932491,3,3130338731,2024-05-30T00:22:39Z,2024-05-30T00:24:39Z,,0.000000,0.0,credit_card_terminal,Payment via credit card or debit card terminal,USCPIE5350831*1
ChargePoint Network,,,1933211,1933211,BRIGHTRIDGE EV / BR-JONESBOROUGH,2283631,3,3073376521,2024-05-04T16:42:23Z,2024-05-04T21:42:06Z,,30.529875,6.1535,membership,Payment by membership account and/or membership card,USCPIE1933211*1
ChargePoint Network,,,5346231,5346231,CULLMANELECTRIC / STATION2-R,8926271,247,3104931151,2024-05-18T12:56:23Z,2024-05-18T12:58:01Z,,0.000000,0.0,membership,Payment by membership account and/or membership card,USCPIE5346231*1
ChargePoint Network,,,15640171,15640171,NECDC / STATION 2 (R),25228711,247,3117385051,2024-05-23T20:41:32Z,2024-05-23T21:40:03Z,,49.509300,56.472,credit_card_terminal,Payment via credit card or debit card terminal,USCPIE15640171*1
ChargePoint Network,,,13606141,13606141,I24 EXIT11 / STATION 1 (LL),22992611,247,3131983491,2024-05-30T17:54:29Z,2024-05-30T19:25:51Z,,41.379299,69.258,membership,Payment by membership account and/or membership card,USCPIE13606141*1
ChargePoint Network,,,13606121,13606121,I24 EXIT11 / STATION 2 (LM),22992591,100011,3082193181,2024-05-08T18:51:58Z,2024-05-08T20:18:56Z,,25.316799,26.95,membership,Payment by membership account and/or membership card,USCPIE13606121*1
ChargePoint Network,,,12720861,12720861,WRECC / STATION 2,21977121,247,3122294301,2024-05-26T01:28:05Z,2024-05-26T01:32:12Z,,0.000000,0.0,other,Any other payment method not specified above. Additional description should be provided in Payment Method Description.,USCPIE12720861*1
ChargePoint Network,,,15548151,15548151,DECATURDOWNTWN / STATION 1 (R),25119511,247,3080388471,2024-05-08T00:00:59Z,2024-05-08T00:01:57Z,,0.005000,0.0,membership,Payment by membership account and/or membership card,USCPIE15548151*1
ChargePoint Network,,,13880891,13880891,MU / MUC MAIN OFFICE,23319021,3,3127090041,2024-05-28T19:25:19Z,2024-05-29T11:36:42Z,,14.198176,0.0,membership,Payment by membership account and/or membership card,USCPIE13880891*2
ChargePoint Network,,,14097801,14097801,SCOTTSBORO EPB / SEPB DCFC (L),23570921,247,3126906131,2024-05-28T18:02:00Z,2024-05-28T18:31:31Z,,20.448601,53.937,credit_card_terminal,Payment via credit card or debit card terminal,USCPIE14097801*1
ChargePoint Network,,,13664471,13664471,BTES / STATION 3 (RM),23060511,100011,3085003801,2024-05-09T20:23:55Z,2024-05-09T20:41:15Z,,4.250500,15.479,membership,Payment by membership account and/or membership card,USCPIE13664471*1
ChargePoint Network,,,13606141,13606141,I24 EXIT11 / STATION 1 (LL),22992611,247,3098246961,2024-05-15T18:18:45Z,2024-05-15T19:21:43Z,,47.136299,74.071,membership,Payment by membership account and/or membership card,USCPIE13606141*1
ChargePoint Network,,,13606091,13606091,I24 EXIT11 / STATION 3 (RM),22992551,247,3119631461,2024-05-24T18:53:59Z,2024-05-24T19:07:46Z,,8.379900,50.18,membership,Payment by membership account and/or membership card,USCPIE13606091*1
ChargePoint Network,,,13643801,13643801,PEPA / STATION 2,23036481,247,3075098131,2024-05-05T18:02:08Z,2024-05-05T19:00:13Z,,44.063301,74.447,membership,Payment by membership account and/or membership card,USCPIE13643801*1
ChargePoint Network,,,13664501,13664501,BTES / STATION 4 (RR),23060561,100011,3084998431,2024-05-09T20:21:43Z,2024-05-09T20:22:57Z,,0.156000,0.0,membership,Payment by membership account and/or membership card,USCPIE13664501*1
ChargePoint Network,,,1844191,1844191,CLW / MAIN ST,23050441,3,3117525641,2024-05-23T21:40:52Z,2024-05-24T01:40:46Z,,25.944918,7.2647,credit_card_terminal,Payment via credit card or debit card terminal,USCPIE1844191*2
ChargePoint Network,,,1933211,1933211,BRIGHTRIDGE EV / BR-JONESBOROUGH,2283631,3,3108408991,2024-05-20T10:54:19Z,2024-05-20T20:57:27Z,,39.444118,6.4854,credit_card_terminal,Payment via credit card or debit card terminal,USCPIE1933211*1
ChargePoint Network,,,14359491,14359491,EBOFG / STATION 1 (L),23870291,247,3089466781,2024-05-11T19:45:31Z,2024-05-11T19:46:41Z,,0.000000,0.0,membership,Payment by membership account and/or membership card,USCPIE14359491*1
ChargePoint Network,,,1964521,1964521,EBOFG / GUNTERSVILLE PD,8374201,3,3123871561,2024-05-27T01:15:29Z,2024-05-27T02:31:45Z,,4.401794,3.8066,credit_card_terminal,Payment via credit card or debit card terminal,USCPIE1964521*1
ChargePoint Network,,,13966031,13966031,BEA / STATION 4 (RR),23419961,247,3124834391,2024-05-27T18:49:44Z,2024-05-27T19:03:28Z,,24.949699,115.5,membership,Payment by membership account and/or membership card,USCPIE13966031*1
ChargePoint Network,,,13164881,13164881,BTES / STATION 2 (LM),22491051,247,3069130581,2024-05-02T17:51:24Z,2024-05-02T18:31:36Z,,42.752701,87.073,membership,Payment by membership account and/or membership card,USCPIE13164881*1
ChargePoint Network,,,14097711,14097711,SCOTTSBORO EPB / SEPB DCFC (R),23570811,247,3073630671,2024-05-04T19:18:05Z,2024-05-04T19:51:43Z,,27.331900,72.468,membership,Payment by membership account and/or membership card,USCPIE14097711*1
ChargePoint Network,,,1785631,1785631,HOLSTONELECTRIC / STATION 1,22462981,3,3102809671,2024-05-17T14:45:52Z,2024-05-17T18:32:52Z,,27.998163,7.4539,membership,Payment by membership account and/or membership card,USCPIE1785631*1
ChargePoint Network,,,13423581,13423581,AEC / STATION #2 (R),22787011,247,3068252341,2024-05-02T14:23:57Z,2024-05-02T14:48:28Z,,10.472500,46.368,membership,Payment by membership account and/or membership card,USCPIE13423581*1
ChargePoint Network,,,15332351,15332351,TUA NW ATLANTIC / STATION 2 (R),24867891,247,3071688121,2024-05-03T19:06:26Z,2024-05-03T19:57:33Z,,47.731998,69.58,membership,Payment by membership account and/or membership card,USCPIE15332351*1
ChargePoint Network,,,9677521,9677521,UT PARKING / S7 STATION 1,17169341,3,3105052911,2024-05-18T14:46:39Z,2024-05-18T18:44:33Z,,15.313487,3.9118,membership,Payment by membership account and/or membership card,USCPIE9677521*2
ChargePoint Network,,,15332351,15332351,TUA NW ATLANTIC / STATION 2 (R),24867891,247,3098224201,2024-05-15T18:07:14Z,2024-05-15T18:21:38Z,,9.687700,44.771,membership,Payment by membership account and/or membership card,USCPIE15332351*1
ChargePoint Network,,,14337221,14337221,HOLSTONELECTRIC / CHURCH HILL-1,,,3127426481,2024-05-28T21:42:02Z,2024-05-28T21:44:03Z,,0.000000,0.0,membership,Payment by membership account and/or membership card,USCPIE14337221*0
ChargePoint Network,,,8851921,8851921,7SPC / SEVIERVILLE DC1,15571271,207,3092551791,2024-05-13T13:20:59Z,2024-05-13T13:37:29Z,,0.000000,0.0,membership,Payment by membership account and/or membership card,USCPIE8851921*1
ChargePoint Network,,,5122191,5122191,CULLMANELECTRIC / STATION1-L,8482151,247,3085208911,2024-05-09T21:47:00Z,2024-05-09T22:40:35Z,,58.942001,75.023,membership,Payment by membership account and/or membership card,USCPIE5122191*1
ChargePoint Network,,,14049761,14049761,PARIS BPU / STATION 2(R),23516951,247,3089646581,2024-05-11T21:21:41Z,2024-05-11T21:44:55Z,,25.472300,76.017,other,Any other payment method not specified above. Additional description should be provided in Payment Method Description.,USCPIE14049761*1
ChargePoint Network,,,13659831,13659831,LAWRENCEBURG / STATION 1 (L),23054881,247,3105678671,2024-05-18T21:00:50Z,2024-05-18T21:34:49Z,,37.500099,70.167,membership,Payment by membership account and/or membership card,USCPIE13659831*1
ChargePoint Network,,,14083171,14083171,STEMC / STATION 1 (L) H,23554721,247,3089313121,2024-05-11T18:20:23Z,2024-05-11T18:47:58Z,,31.070900,73.481,other,Any other payment method not specified above. Additional description should be provided in Payment Method Description.,USCPIE14083171*1
ChargePoint Network,,,13966051,13966051,BEA / STATION 3 (RM),23419981,247,3078995111,2024-05-07T14:21:44Z,2024-05-07T15:00:38Z,,20.227400,54.511,membership,Payment by membership account and/or membership card,USCPIE13966051*1
ChargePoint Network,,,13664471,13664471,BTES / STATION 3 (RM),23060511,247,3075366851,2024-05-05T20:44:25Z,2024-05-05T21:01:21Z,,17.927401,69.3,membership,Payment by membership account and/or membership card,USCPIE13664471*1
ChargePoint Network,,,1844191,1844191,CLW / MAIN ST,23050431,3,3109121921,2024-05-20T16:28:08Z,2024-05-21T01:42:58Z,,59.456451,7.0972,membership,Payment by membership account and/or membership card,USCPIE1844191*1
ChargePoint Network,,,15815141,15815141,GEA-1 / STATION 1 (L),,,3087659601,2024-05-10T21:35:58Z,2024-05-10T21:38:19Z,,0.000000,,credit_card_terminal,Payment via credit card or debit card terminal,USCPIE15815141*0
ChargePoint Network,,,15694171,15694171,BRIGHTRIDGE EV / STATION 1 (L),25292041,247,3127038691,2024-05-28T19:03:47Z,2024-05-28T19:04:57Z,,0.000000,0.0,membership,Payment by membership account and/or membership card,USCPIE15694171*1
ChargePoint Network,,,13659831,13659831,LAWRENCEBURG / STATION 1 (L),,,3068087341,2024-05-02T13:09:56Z,2024-05-02T13:11:57Z,,0.000000,,other,Any other payment method not specified above. Additional description should be provided in Payment Method Description.,USCPIE13659831*0
ChargePoint Network,,,15548151,15548151,DECATURDOWNTWN / STATION 1 (R),25119511,247,3111684491,2024-05-21T16:54:41Z,2024-05-21T16:58:54Z,,3.466700,0.0,other,Any other payment method not specified above. Additional description should be provided in Payment Method Description.,USCPIE15548151*1
ChargePoint Network,,,13606061,13606061,I24 EXIT11 / STATION 4 (RR),22992511,247,3073488971,2024-05-04T17:54:55Z,2024-05-04T19:23:34Z,,56.578499,54.682,credit_card_terminal,Payment via credit card or debit card terminal,USCPIE13606061*1
ChargePoint Network,,,15332321,15332321,TUA NW ATLANTIC / STATION 1 (L),24867861,247,3121452811,2024-05-25T17:12:53Z,2024-05-25T18:37:37Z,,47.915401,75.851,credit_card_terminal,Payment via credit card or debit card terminal,USCPIE15332321*1
ChargePoint Network,,,15548181,15548181,DECATURDOWNTWN / STATION 2 (L),25119551,247,3120214701,2024-05-24T23:19:11Z,2024-05-24T23:20:34Z,,0.000000,0.0,credit_card_terminal,Payment via credit card or debit card terminal,USCPIE15548181*1
ChargePoint Network,,,8851921,8851921,7SPC / SEVIERVILLE DC1,15571271,100011,3125106461,2024-05-27T21:43:46Z,2024-05-27T23:15:53Z,,47.453400,52.958,membership,Payment by membership account and/or membership card,USCPIE8851921*1
ChargePoint Network,,,5424051,5424051,EEDEV / ELIZ DOWNTOWN,9027001,3,3085038381,2024-05-09T20:38:26Z,2024-05-09T21:03:07Z,,2.883035,7.1141,membership,Payment by membership account and/or membership card,USCPIE5424051*2
ChargePoint Network,,,5625391,5625391,7SPC / VEC JAMESTOWN,9280971,3,3105128971,2024-05-18T15:41:23Z,2024-05-18T20:07:12Z,,32.465698,7.4158,membership,Payment by membership account and/or membership card,USCPIE5625391*2
ChargePoint Network,,,1964521,1964521,EBOFG / GUNTERSVILLE PD,8374201,3,3105143001,2024-05-18T15:50:28Z,2024-05-18T16:38:28Z,,5.508729,7.0154,credit_card_terminal,Payment via credit card or debit card terminal,USCPIE1964521*1
ChargePoint Network,,,14049761,14049761,PARIS BPU / STATION 2(R),23516951,247,3107255431,2024-05-19T19:31:04Z,2024-05-19T19:47:03Z,,19.095501,76.823,membership,Payment by membership account and/or membership card,USCPIE14049761*1
ChargePoint Network,,,13861891,13861891,BRMEMC / STATION 2,,,3076108191,2024-05-06T04:37:21Z,2024-05-06T04:38:37Z,,0.000000,,credit_card_terminal,Payment via credit card or debit card terminal,USCPIE13861891*0
ChargePoint Network,,,13664471,13664471,BTES / STATION 3 (RM),23060511,247,3087512461,2024-05-10T20:32:37Z,2024-05-10T21:22:45Z,,67.493500,86.328,credit_card_terminal,Payment via credit card or debit card terminal,USCPIE13664471*1
ChargePoint Network,,,1921351,1921351,STARKVILLE UTIL / STARKVILLE DWTN,23682571,3,3080728011,2024-05-08T02:47:51Z,2024-05-08T13:04:37Z,,72.994049,7.1878,credit_card_terminal,Payment via credit card or debit card terminal,USCPIE1921351*1
ChargePoint Network,,,15623211,15623211,CLW / 5TH ST 2 (R),25208281,247,3085853281,2024-05-10T02:26:10Z,2024-05-10T02:37:39Z,,12.015600,,other,Any other payment method not specified above. Additional description should be provided in Payment Method Description.,USCPIE15623211*1
ChargePoint Network,,,5363211,5363211,HARTSELLE 1 / HARTSELLE 1,23427581,3,3111655791,2024-05-21T16:42:23Z,2024-05-21T17:40:44Z,,6.734339,7.0505,membership,Payment by membership account and/or membership card,USCPIE5363211*2
ChargePoint Network,,,13026471,13026471,WCMES / CITYHALL2-R,22328331,247,3087062161,2024-05-10T17:06:23Z,2024-05-10T17:07:04Z,,0.000000,0.0,membership,Payment by membership account and/or membership card,USCPIE13026471*1
ChargePoint Network,,,1844191,1844191,CLW / MAIN ST,23050441,3,3093742511,2024-05-13T21:49:08Z,2024-05-14T01:51:25Z,,28.838795,7.3305,credit_card_terminal,Payment via credit card or debit card terminal,USCPIE1844191*2
ChargePoint Network,,,14047321,14047321,JEFFERSON AVE. / OXFORD STA2(R),23514081,247,3089843201,2024-05-11T23:06:42Z,2024-05-12T00:21:17Z,,80.092697,87.271,membership,Payment by membership account and/or membership card,USCPIE14047321*1
ChargePoint Network,,,12720861,12720861,WRECC / STATION 2,21977121,247,3105240161,2024-05-18T16:50:54Z,2024-05-18T17:06:39Z,,8.779900,45.847,phone_online,"Payment through mobile app, website, automated phone number or messaging system",USCPIE12720861*1
ChargePoint Network,,,15332351,15332351,TUA NW ATLANTIC / STATION 2 (R),24867891,100011,3064799471,2024-05-01T01:27:29Z,2024-05-01T02:02:28Z,,5.984000,38.318,membership,Payment by membership account and/or membership card,USCPIE15332351*1
ChargePoint Network,,,5565251,5565251,7SPC / SCES LECONTE 3,9205131,3,3074574021,2024-05-05T05:53:05Z,2024-05-05T13:53:30Z,,57.881252,7.3917,credit_card_terminal,Payment via credit card or debit card terminal,USCPIE5565251*2
ChargePoint Network,,,12406491,12406491,FPIA / LEFT STATION,21527781,247,3103071451,2024-05-17T16:19:43Z,2024-05-17T16:21:40Z,,0.000000,0.0,membership,Payment by membership account and/or membership card,USCPIE12406491*1
ChargePoint Network,,,5354011,5354011,7SPC / GREENEVILLE TA,8936791,207,3080741221,2024-05-08T02:57:33Z,2024-05-08T03:54:40Z,,47.272900,58.976,membership,Payment by membership account and/or membership card,USCPIE5354011*1
ChargePoint Network,,,5565191,5565191,7SPC / DOLLYWOOD EMPL,9205031,3,3117033801,2024-05-23T18:14:14Z,2024-05-23T20:07:18Z,,8.496012,6.8667,membership,Payment by membership account and/or membership card,USCPIE5565191*1
ChargePoint Network,,,1785631,1785631,HOLSTONELECTRIC / STATION 1,22462991,3,3102804061,2024-05-17T14:43:27Z,2024-05-17T14:44:34Z,,0.050405,7.4512,membership,Payment by membership account and/or membership card,USCPIE1785631*2
ChargePoint Network,,,1932851,1932851,BRIGHTRIDGE EV / BR-JC LIBRARY,23319821,3,3105217441,2024-05-18T16:37:35Z,2024-05-18T22:04:00Z,,38.713619,7.239,membership,Payment by membership account and/or membership card,USCPIE1932851*2
ChargePoint Network,,,13423581,13423581,AEC / STATION #2 (R),22787011,247,3107421061,2024-05-19T21:04:10Z,2024-05-19T22:09:00Z,,34.712002,54.167,membership,Payment by membership account and/or membership card,USCPIE13423581*1
ChargePoint Network,,,12754021,12754021,WCMES / CITYHALL1-L,22015241,247,3112442041,2024-05-21T22:24:29Z,2024-05-21T23:15:26Z,,48.358601,69.737,membership,Payment by membership account and/or membership card,USCPIE12754021*1
ChargePoint Network,,,15640171,15640171,NECDC / STATION 2 (R),25228711,247,3089288081,2024-05-11T18:06:53Z,2024-05-11T18:48:15Z,,35.146301,60.527,membership,Payment by membership account and/or membership card,USCPIE15640171*1
ChargePoint Network,,,15548151,15548151,DECATURDOWNTWN / STATION 1 (R),25119511,247,3089632031,2024-05-11T21:14:15Z,2024-05-11T21:31:02Z,,19.543800,74.027,credit_card_terminal,Payment via credit card or debit card terminal,USCPIE15548151*1
ChargePoint Network,,,12720881,12720881,WRECC / STATION 1,21977141,247,3065082711,2024-05-01T04:05:40Z,2024-05-01T04:48:59Z,,44.346699,72.635,membership,Payment by membership account and/or membership card,USCPIE12720881*1
ChargePoint Network,,,12720861,12720861,WRECC / STATION 2,21977121,247,3120887241,2024-05-25T05:54:21Z,2024-05-25T06:11:24Z,,0.000000,0.0,membership,Payment by membership account and/or membership card,USCPIE12720861*1
ChargePoint Network,,,7505851,7505851,JEFFERSON AVE. / OXFORD STA1(L),12955471,247,3071515641,2024-05-03T17:39:57Z,2024-05-03T18:24:24Z,,48.425701,68.309,membership,Payment by membership account and/or membership card,USCPIE7505851*1
ChargePoint Network,,,13606061,13606061,I24 EXIT11 / STATION 4 (RR),22992511,247,3095049071,2024-05-14T13:46:49Z,2024-05-14T15:04:26Z,,42.232201,82.584,membership,Payment by membership account and/or membership card,USCPIE13606061*1
ChargePoint Network,,,7505851,7505851,JEFFERSON AVE. / OXFORD STA1(L),12955471,247,3113950241,2024-05-22T15:11:21Z,2024-05-22T16:16:17Z,,28.612499,77.61,membership,Payment by membership account and/or membership card,USCPIE7505851*1
ChargePoint Network,,,14359491,14359491,EBOFG / STATION 1 (L),23870291,247,3131876061,2024-05-30T17:04:36Z,2024-05-30T17:05:19Z,,0.000000,0.0,credit_card_terminal,Payment via credit card or debit card terminal,USCPIE14359491*1
ChargePoint Network,,,15548151,15548151,DECATURDOWNTWN / STATION 1 (R),25119511,247,3127614081,2024-05-28T22:59:46Z,2024-05-28T23:08:37Z,,0.000000,0.0,membership,Payment by membership account and/or membership card,USCPIE15548151*1
ChargePoint Network,,,5346231,5346231,CULLMANELECTRIC / STATION2-R,8926271,247,3109140701,2024-05-20T16:35:36Z,2024-05-20T16:55:05Z,,18.880899,76.031,membership,Payment by membership account and/or membership card,USCPIE5346231*1
ChargePoint Network,,,5122191,5122191,CULLMANELECTRIC / STATION1-L,8482151,247,3121372031,2024-05-25T16:21:54Z,2024-05-25T17:00:57Z,,36.348202,73.458,membership,Payment by membership account and/or membership card,USCPIE5122191*1
ChargePoint Network,,,13423691,13423691,AEC / STATION #1 (L),22787121,247,3120253001,2024-05-24T23:38:16Z,2024-05-24T23:54:11Z,,18.141399,73.599,membership,Payment by membership account and/or membership card,USCPIE13423691*1
ChargePoint Network,,,5346231,5346231,CULLMANELECTRIC / STATION2-R,8926271,247,3072397971,2024-05-04T00:40:39Z,2024-05-04T01:17:23Z,,39.357498,70.487,membership,Payment by membership account and/or membership card,USCPIE5346231*1
ChargePoint Network,,,12720861,12720861,WRECC / STATION 2,,,3124599801,2024-05-27T16:06:40Z,2024-05-27T16:08:41Z,,0.000000,0.0,membership,Payment by membership account and/or membership card,USCPIE12720861*0
ChargePoint Network,,,13423691,13423691,AEC / STATION #1 (L),22787121,247,3106148051,2024-05-19T02:06:38Z,2024-05-19T02:35:03Z,,22.327700,53.131,credit_card_terminal,Payment via credit card or debit card terminal,USCPIE13423691*1
ChargePoint Network,,,13664471,13664471,BTES / STATION 3 (RM),23060511,247,3122016091,2024-05-25T22:45:22Z,2024-05-25T23:50:41Z,,61.622299,74.268,credit_card_terminal,Payment via credit card or debit card terminal,USCPIE13664471*1
ChargePoint Network,,,12720861,12720861,WRECC / STATION 2,21977121,247,3118285831,2024-05-24T03:06:13Z,2024-05-24T03:09:37Z,,0.000000,0.0,membership,Payment by membership account and/or membership card,USCPIE12720861*1
ChargePoint Network,,,1844191,1844191,CLW / MAIN ST,23050431,3,3127420141,2024-05-28T21:41:16Z,2024-05-29T02:23:05Z,,30.757559,7.2798,credit_card_terminal,Payment via credit card or debit card terminal,USCPIE1844191*1
ChargePoint Network,,,14047321,14047321,JEFFERSON AVE. / OXFORD STA2(R),23514081,247,3122124901,2024-05-25T23:46:17Z,2024-05-26T00:30:19Z,,66.649498,95.472,membership,Payment by membership account and/or membership card,USCPIE14047321*1
ChargePoint Network,,,14097711,14097711,SCOTTSBORO EPB / SEPB DCFC (R),23570811,247,3089662621,2024-05-11T21:30:42Z,2024-05-11T21:44:13Z,,19.119699,0.0,membership,Payment by membership account and/or membership card,USCPIE14097711*1
ChargePoint Network,,,13606141,13606141,I24 EXIT11 / STATION 1 (LL),22992611,247,3073887881,2024-05-04T21:50:20Z,2024-05-04T22:10:28Z,,22.935600,72.199,membership,Payment by membership account and/or membership card,USCPIE13606141*1
ChargePoint Network,,,15742641,15742641,GEA-1 / STATION 2 (R),25349301,247,3118331561,2024-05-24T03:41:03Z,2024-05-24T03:41:43Z,,0.000000,0.0,membership,Payment by membership account and/or membership card,USCPIE15742641*1
ChargePoint Network,,,14355271,14355271,HARTSELLE 1 / STATION 1 (L),23865711,247,3091344561,2024-05-12T20:50:18Z,2024-05-12T21:02:11Z,,19.278700,108.417,membership,Payment by membership account and/or membership card,USCPIE14355271*1
ChargePoint Network,,,5122191,5122191,CULLMANELECTRIC / STATION1-L,8482151,247,3088509731,2024-05-11T04:54:10Z,2024-05-11T05:21:44Z,,19.851500,69.251,membership,Payment by membership account and/or membership card,USCPIE5122191*1
ChargePoint Network,,,5350831,5350831,CULLMANELECTRIC / CEC MAIN OFFICE,8932501,3,3130348551,2024-05-30T00:29:11Z,2024-05-30T05:15:29Z,,29.352800,6.2251,credit_card_terminal,Payment via credit card or debit card terminal,USCPIE5350831*2
ChargePoint Network,,,7173851,7173851,SCOTTSBORO EPB / MAIN OFFICE,12310861,3,3103920141,2024-05-17T22:44:00Z,2024-05-18T01:33:44Z,,19.526697,7.2716,membership,Payment by membership account and/or membership card,USCPIE7173851*1
ChargePoint Network,,,13966851,13966851,BEA / STATION 1 (LL),23420911,100011,3069594881,2024-05-02T21:14:37Z,2024-05-02T21:54:23Z,,21.471001,39.49,membership,Payment by membership account and/or membership card,USCPIE13966851*1
ChargePoint Network,,,1932851,1932851,BRIGHTRIDGE EV / BR-JC LIBRARY,23319811,3,3107787661,2024-05-20T00:18:24Z,2024-05-20T06:06:25Z,,29.247646,7.4535,membership,Payment by membership account and/or membership card,USCPIE1932851*1
ChargePoint Network,,,8851921,8851921,7SPC / SEVIERVILLE DC1,15571271,207,3120468131,2024-05-25T01:23:42Z,2024-05-25T02:04:30Z,,34.264301,52.275,membership,Payment by membership account and/or membership card,USCPIE8851921*1
ChargePoint Network,,,14097711,14097711,SCOTTSBORO EPB / SEPB DCFC (R),23570811,247,3073957471,2024-05-04T22:31:48Z,2024-05-04T23:18:25Z,,38.602901,70.487,membership,Payment by membership account and/or membership card,USCPIE14097711*1
ChargePoint Network,,,13659831,13659831,LAWRENCEBURG / STATION 1 (L),23054881,247,3116947041,2024-05-23T17:33:36Z,2024-05-23T17:53:43Z,,32.454300,119.952,membership,Payment by membership account and/or membership card,USCPIE13659831*1
ChargePoint Network,,,8851921,8851921,7SPC / SEVIERVILLE DC1,15571271,207,3132196891,2024-05-30T19:31:10Z,2024-05-30T20:16:35Z,,39.125000,61.224,membership,Payment by membership account and/or membership card,USCPIE8851921*1
ChargePoint Network,,,15640031,15640031,NECDC / STATION 1 (L),25228511,100011,3126817111,2024-05-28T17:19:11Z,2024-05-28T17:47:10Z,,13.002400,51.479,membership,Payment by membership account and/or membership card,USCPIE15640031*1
ChargePoint Network,,,5346231,5346231,CULLMANELECTRIC / STATION2-R,8926271,247,3095388751,2024-05-14T15:49:38Z,2024-05-14T16:25:45Z,,30.823500,76.217,membership,Payment by membership account and/or membership card,USCPIE5346231*1
ChargePoint Network,,,15640171,15640171,NECDC / STATION 2 (R),25228711,247,3073008751,2024-05-04T09:46:55Z,2024-05-04T09:48:22Z,,0.280900,0.0,credit_card_terminal,Payment via credit card or debit card terminal,USCPIE15640171*1
ChargePoint Network,,,14359491,14359491,EBOFG / STATION 1 (L),23870291,247,3073561111,2024-05-04T18:36:39Z,2024-05-04T18:37:20Z,,0.000000,0.0,credit_card_terminal,Payment via credit card or debit card terminal,USCPIE14359491*1
ChargePoint Network,,,13606061,13606061,I24 EXIT11 / STATION 4 (RR),22992511,247,3101665571,2024-05-17T00:19:37Z,2024-05-17T00:30:49Z,,19.179300,113.19,membership,Payment by membership account and/or membership card,USCPIE13606061*1
ChargePoint Network,,,12720861,12720861,WRECC / STATION 2,,,3120006891,2024-05-24T21:38:13Z,2024-05-24T21:40:14Z,,0.000000,0.0,membership,Payment by membership account and/or membership card,USCPIE12720861*0
ChargePoint Network,,,15742641,15742641,GEA-1 / STATION 2 (R),25349301,247,3105893741,2024-05-18T23:32:59Z,2024-05-19T00:26:43Z,,37.720600,59.597,membership,Payment by membership account and/or membership card,USCPIE15742641*1
ChargePoint Network,,,15684341,15684341,MLEC / STATION 2 (R) W,25280201,247,3105758701,2024-05-18T21:58:26Z,2024-05-18T23:20:33Z,,71.561096,58.366,credit_card_terminal,Payment via credit card or debit card terminal,USCPIE15684341*1
ChargePoint Network,,,5619801,5619801,7SPC / WARREN RECC BG,9274251,3,3080741521,2024-05-08T02:57:46Z,2024-05-08T03:01:35Z,,0.351185,6.3718,membership,Payment by membership account and/or membership card,USCPIE5619801*1
ChargePoint Network,,,5354011,5354011,7SPC / GREENEVILLE TA,8936791,207,3099811581,2024-05-16T10:31:20Z,2024-05-16T10:51:46Z,,19.034300,58.673,membership,Payment by membership account and/or membership card,USCPIE5354011*1
ChargePoint Network,,,15694081,15694081,BRIGHTRIDGE EV / STATION 2 (R),25291921,247,3121756811,2024-05-25T20:13:19Z,2024-05-25T20:22:59Z,,7.340900,52.784,membership,Payment by membership account and/or membership card,USCPIE15694081*1
ChargePoint Network,,,5565191,5565191,7SPC / DOLLYWOOD EMPL,9205031,3,3111296491,2024-05-21T14:42:12Z,2024-05-21T19:03:11Z,,28.573408,7.15,membership,Payment by membership account and/or membership card,USCPIE5565191*1
ChargePoint Network,,,13423581,13423581,AEC / STATION #2 (R),22787011,247,3107006221,2024-05-19T17:11:04Z,2024-05-19T17:33:51Z,,26.270599,76.244,membership,Payment by membership account and/or membership card,USCPIE13423581*1
ChargePoint Network,,,5354011,5354011,7SPC / GREENEVILLE TA,8936791,207,3121983401,2024-05-25T22:25:38Z,2024-05-25T23:50:08Z,,78.842300,59.849,membership,Payment by membership account and/or membership card,USCPIE5354011*1
ChargePoint Network,,,5346231,5346231,CULLMANELECTRIC / STATION2-R,8926271,247,3112277291,2024-05-21T21:16:43Z,2024-05-21T22:24:57Z,,35.267101,54.832,membership,Payment by membership account and/or membership card,USCPIE5346231*1
ChargePoint Network,,,12720861,12720861,WRECC / STATION 2,21977121,247,3125369031,2024-05-28T00:33:43Z,2024-05-28T00:35:18Z,,0.000000,0.0,membership,Payment by membership account and/or membership card,USCPIE12720861*1
ChargePoint Network,,,1844191,1844191,CLW / MAIN ST,23050441,3,3087688921,2024-05-10T21:51:11Z,2024-05-11T03:19:58Z,,39.891438,7.3444,credit_card_terminal,Payment via credit card or debit card terminal,USCPIE1844191*2
ChargePoint Network,,,12406491,12406491,FPIA / LEFT STATION,21527781,247,3108747151,2024-05-20T14:14:08Z,2024-05-20T14:14:29Z,,0.000000,0.0,credit_card_terminal,Payment via credit card or debit card terminal,USCPIE12406491*1
ChargePoint Network,,,12406491,12406491,FPIA / LEFT STATION,21527781,247,3082220051,2024-05-08T19:03:31Z,2024-05-08T19:42:07Z,,39.227200,75.056,other,Any other payment method not specified above. Additional description should be provided in Payment Method Description.,USCPIE12406491*1
ChargePoint Network,,,5414151,5414151,7SPC / UC - CARTHAGE,9014651,3,3126738951,2024-05-28T16:43:32Z,2024-05-28T17:23:08Z,,3.702270,7.3286,credit_card_terminal,Payment via credit card or debit card terminal,USCPIE5414151*2
ChargePoint Network,,,13026471,13026471,WCMES / CITYHALL2-R,22328331,247,3066047721,2024-05-01T16:15:58Z,2024-05-01T17:14:27Z,,44.845699,54.243,membership,Payment by membership account and/or membership card,USCPIE13026471*1
ChargePoint Network,,,5363211,5363211,HARTSELLE 1 / HARTSELLE 1,23427571,3,3131799801,2024-05-30T16:32:29Z,2024-05-30T16:33:08Z,,0.000000,,credit_card_terminal,Payment via credit card or debit card terminal,USCPIE5363211*1
ChargePoint Network,,,13290491,13290491,7SPC / NASA USSRC L,22634931,3,3089896501,2024-05-11T23:34:15Z,2024-05-17T13:41:40Z,,3.386032,0.0,membership,Payment by membership account and/or membership card,USCPIE13290491*1
ChargePoint Network,,,15694171,15694171,BRIGHTRIDGE EV / STATION 2 (R),25292041,247,3087072761,2024-05-10T17:11:19Z,2024-05-10T17:43:50Z,,52.268398,118.872,membership,Payment by membership account and/or membership card,USCPIE15694171*1
ChargePoint Network,,,13861891,13861891,BRMEMC / STATION 2,23296321,247,3074958141,2024-05-05T16:33:19Z,2024-05-05T16:48:15Z,,26.089701,117.503,membership,Payment by membership account and/or membership card,USCPIE13861891*1
ChargePoint Network,,,13861891,13861891,BRMEMC / STATION 2,23296321,247,3099987131,2024-05-16T12:38:23Z,2024-05-16T13:19:47Z,,48.702999,91.475,credit_card_terminal,Payment via credit card or debit card terminal,USCPIE13861891*1
ChargePoint Network,,,15280441,15280441,SPRFLD ELECTRIC / STATION 2 (R),,,3080596491,2024-05-08T01:30:25Z,2024-05-08T01:32:26Z,,0.000000,,other,Any other payment method not specified above. Additional description should be provided in Payment Method Description.,USCPIE15280441*0provider_id,station_id,site_id,charger_id,evse_id,evse_name,port_id,connector_id,session_id,session_start,session_end,session_error,energy_kwh,peak_power_kw,payment_method,payment_other,eMI3 Port id
ChargePoint Network,,,1964521,1964521,EBOFG / GUNTERSVILLE PD,8374211,3,3122160461,2024-05-26T00:06:16Z,2024-05-26T01:09:48Z,,3.710177,3.7918,credit_card_terminal,Payment via credit card or debit card terminal,USCPIE1964521*2
ChargePoint Network,,,15548151,15548151,DECATURDOWNTWN / STATION 1 (R),,,3111730271,2024-05-21T17:13:45Z,2024-05-21T17:15:47Z,,0.000000,,membership,Payment by membership account and/or membership card,USCPIE15548151*0
ChargePoint Network,,,5354011,5354011,7SPC / GREENEVILLE TA,8936791,207,3109908981,2024-05-20T22:19:31Z,2024-05-20T22:21:34Z,,0.000000,0.0,membership,Payment by membership account and/or membership card,USCPIE5354011*1
ChargePoint Network,,,12720861,12720861,WRECC / STATION 2,21977121,247,3122278501,2024-05-26T01:17:35Z,2024-05-26T01:21:41Z,,0.000000,0.0,membership,Payment by membership account and/or membership card,USCPIE12720861*1
ChargePoint Network,,,5466441,5466441,7SPC / NASA USSRC R,9079361,3,3123102751,2024-05-26T17:02:03Z,2024-05-26T17:02:17Z,,0.000000,,membership,Payment by membership account and/or membership card,USCPIE5466441*1
ChargePoint Network,,,14047321,14047321,JEFFERSON AVE. / OXFORD STA2(R),,,3090796811,2024-05-12T14:53:40Z,2024-05-12T14:53:44Z,,0.000000,,membership,Payment by membership account and/or membership card,USCPIE14047321*0
ChargePoint Network,,,13664401,13664401,BTES / STATION 1 (LL),23060421,247,3124610281,2024-05-27T16:17:10Z,2024-05-27T16:49:18Z,,21.816601,61.138,membership,Payment by membership account and/or membership card,USCPIE13664401*1
ChargePoint Network,,,1932851,1932851,BRIGHTRIDGE EV / BR-JC LIBRARY,23319811,3,3101675511,2024-05-17T00:22:51Z,2024-05-17T14:08:20Z,,51.498093,7.5167,membership,Payment by membership account and/or membership card,USCPIE1932851*1
ChargePoint Network,,,12406491,12406491,FPIA / LEFT STATION,21527781,247,3096389531,2024-05-14T23:03:20Z,2024-05-14T23:39:03Z,,28.650999,75.041,membership,Payment by membership account and/or membership card,USCPIE12406491*1
ChargePoint Network,,,7505851,7505851,JEFFERSON AVE. / OXFORD STA1(L),12955471,247,3086911651,2024-05-10T16:03:24Z,2024-05-10T16:33:20Z,,22.497299,125.443,membership,Payment by membership account and/or membership card,USCPIE7505851*1
ChargePoint Network,,,13659871,13659871,LAWRENCEBURG / STATION 2 (R),23054921,247,3114434611,2024-05-22T18:18:17Z,2024-05-22T18:40:43Z,,10.883600,63.161,membership,Payment by membership account and/or membership card,USCPIE13659871*1
ChargePoint Network,,,1933211,1933211,BRIGHTRIDGE EV / BR-JONESBOROUGH,2283631,3,3074657641,2024-05-05T08:45:41Z,2024-05-05T10:17:25Z,,9.197203,6.0408,membership,Payment by membership account and/or membership card,USCPIE1933211*1
ChargePoint Network,,,13606061,13606061,I24 EXIT11 / STATION 4 (RR),22992511,247,3129163851,2024-05-29T16:02:18Z,2024-05-29T16:03:21Z,,0.000000,0.0,membership,Payment by membership account and/or membership card,USCPIE13606061*1
ChargePoint Network,,,13606061,13606061,I24 EXIT11 / STATION 4 (RR),22992511,100011,3088203441,2024-05-11T01:59:37Z,2024-05-11T02:51:04Z,,23.134399,32.507,credit_card_terminal,Payment via credit card or debit card terminal,USCPIE13606061*1
ChargePoint Network,,,14047321,14047321,JEFFERSON AVE. / OXFORD STA2(R),23514081,247,3071664961,2024-05-03T18:55:58Z,2024-05-03T19:33:51Z,,33.763901,65.6,credit_card_terminal,Payment via credit card or debit card terminal,USCPIE14047321*1
ChargePoint Network,,,15694171,15694171,BRIGHTRIDGE EV / STATION 1 (L),,,3122919231,2024-05-26T14:38:16Z,2024-05-26T14:39:25Z,,0.000000,,membership,Payment by membership account and/or membership card,USCPIE15694171*0
ChargePoint Network,,,12989161,12989161,BTES / CITY HALL,22285821,3,3122783221,2024-05-26T11:18:26Z,2024-05-26T12:46:42Z,,10.420433,7.1831,membership,Payment by membership account and/or membership card,USCPIE12989161*2
ChargePoint Network,,,1988141,1988141,7SPC / SCES DREAM MORE,2355561,3,3109349851,2024-05-20T18:11:50Z,2024-05-20T23:36:23Z,,30.594130,7.0802,membership,Payment by membership account and/or membership card,USCPIE1988141*1
ChargePoint Network,,,13966031,13966031,BEA / STATION 4 (RR),23419961,247,3132372941,2024-05-30T20:43:36Z,2024-05-30T21:03:04Z,,22.352900,74.283,membership,Payment by membership account and/or membership card,USCPIE13966031*1
ChargePoint Network,,,15332351,15332351,TUA NW ATLANTIC / STATION 2 (R),24867891,247,3090834371,2024-05-12T15:25:20Z,2024-05-12T15:38:35Z,,24.027599,116.738,membership,Payment by membership account and/or membership card,USCPIE15332351*1
ChargePoint Network,,,1933211,1933211,BRIGHTRIDGE EV / BR-JONESBOROUGH,2283641,3,3122015161,2024-05-25T22:44:45Z,2024-05-26T02:28:02Z,,22.288506,6.078,credit_card_terminal,Payment via credit card or debit card terminal,USCPIE1933211*2
ChargePoint Network,,,5414151,5414151,7SPC / UC - CARTHAGE,9014641,3,3090994861,2024-05-12T17:18:05Z,2024-05-12T21:55:04Z,,31.611170,7.0548,credit_card_terminal,Payment via credit card or debit card terminal,USCPIE5414151*1
ChargePoint Network,,,15260251,15260251,STEMC / STATION 2 (R) A,24784081,247,3096093791,2024-05-14T20:57:31Z,2024-05-14T21:35:13Z,,31.826900,73.458,credit_card_terminal,Payment via credit card or debit card terminal,USCPIE15260251*1
ChargePoint Network,,,1988061,1988061,7SPC / SCES DOLLYWOOD,25235441,3,3095061621,2024-05-14T13:52:24Z,2024-05-14T13:52:41Z,,0.000000,,membership,Payment by membership account and/or membership card,USCPIE1988061*1
ChargePoint Network,,,13606091,13606091,I24 EXIT11 / STATION 3 (RM),22992551,247,3105468861,2024-05-18T19:04:20Z,2024-05-18T19:05:51Z,,0.000000,0.0,membership,Payment by membership account and/or membership card,USCPIE13606091*1
ChargePoint Network,,,13606091,13606091,I24 EXIT11 / STATION 3 (RM),22992551,247,3087476021,2024-05-10T20:16:57Z,2024-05-10T20:44:05Z,,21.586800,61.957,membership,Payment by membership account and/or membership card,USCPIE13606091*1
ChargePoint Network,,,5619801,5619801,7SPC / WARREN RECC BG,9274251,3,3074273211,2024-05-05T01:45:37Z,2024-05-05T01:59:09Z,,1.362478,6.3381,membership,Payment by membership account and/or membership card,USCPIE5619801*1
ChargePoint Network,,,15623211,15623211,CLW / 5TH ST 2 (R),25208281,247,3073856141,2024-05-04T21:31:38Z,2024-05-04T22:05:27Z,,34.011600,63.959,credit_card_terminal,Payment via credit card or debit card terminal,USCPIE15623211*1
ChargePoint Network,,,14047321,14047321,JEFFERSON AVE. / OXFORD STA2(R),23514081,247,3123017111,2024-05-26T16:00:31Z,2024-05-26T17:06:12Z,,46.165100,50.459,membership,Payment by membership account and/or membership card,USCPIE14047321*1
ChargePoint Network,,,13606061,13606061,I24 EXIT11 / STATION 4 (RR),22992511,100011,3098220791,2024-05-15T18:05:50Z,2024-05-15T18:52:03Z,,8.978400,30.336,credit_card_terminal,Payment via credit card or debit card terminal,USCPIE13606061*1
ChargePoint Network,,,13290491,13290491,7SPC / NASA USSRC L,22634941,3,3070846451,2024-05-03T12:34:17Z,2024-05-03T20:12:40Z,,14.330712,5.6907,membership,Payment by membership account and/or membership card,USCPIE13290491*2
ChargePoint Network,,,8851921,8851921,7SPC / SEVIERVILLE DC1,15571271,207,3094009831,2024-05-13T23:48:48Z,2024-05-14T00:31:17Z,,29.281401,52.984,membership,Payment by membership account and/or membership card,USCPIE8851921*1
ChargePoint Network,,,1988141,1988141,7SPC / SCES DREAM MORE,2355571,3,3106935681,2024-05-19T16:26:44Z,2024-05-19T18:42:48Z,,14.115886,7.0301,membership,Payment by membership account and/or membership card,USCPIE1988141*2
ChargePoint Network,,,5122191,5122191,CULLMANELECTRIC / STATION1-L,8482151,247,3069617761,2024-05-02T21:24:45Z,2024-05-02T21:53:00Z,,32.487999,72.468,membership,Payment by membership account and/or membership card,USCPIE5122191*1
ChargePoint Network,,,12720861,12720861,WRECC / STATION 2,21977121,247,3091593931,2024-05-12T23:11:24Z,2024-05-12T23:50:33Z,,43.263599,69.0,membership,Payment by membership account and/or membership card,USCPIE12720861*1
ChargePoint Network,,,8851921,8851921,7SPC / SEVIERVILLE DC1,15571271,207,3070009361,2024-05-03T00:11:42Z,2024-05-03T00:37:23Z,,23.351900,57.911,membership,Payment by membership account and/or membership card,USCPIE8851921*1
ChargePoint Network,,,5414151,5414151,7SPC / UC - CARTHAGE,9014641,3,3099118641,2024-05-16T00:27:00Z,2024-05-16T14:04:34Z,,59.337715,7.1878,credit_card_terminal,Payment via credit card or debit card terminal,USCPIE5414151*1
ChargePoint Network,,,5619801,5619801,7SPC / WARREN RECC BG,9274261,3,3106689841,2024-05-19T12:57:06Z,2024-05-19T16:22:36Z,,20.173874,6.1795,other,Any other payment method not specified above. Additional description should be provided in Payment Method Description.,USCPIE5619801*2
ChargePoint Network,,,13966851,13966851,BEA / STATION 1 (LL),23420911,247,3132693151,2024-05-30T22:57:49Z,2024-05-30T23:50:17Z,,49.948200,70.98,membership,Payment by membership account and/or membership card,USCPIE13966851*1
ChargePoint Network,,,5122191,5122191,CULLMANELECTRIC / STATION1-L,8482151,247,3091430221,2024-05-12T21:39:48Z,2024-05-12T22:10:49Z,,32.542500,77.417,membership,Payment by membership account and/or membership card,USCPIE5122191*1
ChargePoint Network,,,5346231,5346231,CULLMANELECTRIC / STATION2-R,8926271,247,3065660561,2024-05-01T14:02:12Z,2024-05-01T14:03:16Z,,0.000000,0.0,credit_card_terminal,Payment via credit card or debit card terminal,USCPIE5346231*1
ChargePoint Network,,,14097801,14097801,SCOTTSBORO EPB / SEPB DCFC (L),23570921,247,3107095621,2024-05-19T18:02:09Z,2024-05-19T18:19:14Z,,20.031200,73.086,membership,Payment by membership account and/or membership card,USCPIE14097801*1
ChargePoint Network,,,1932851,1932851,BRIGHTRIDGE EV / BR-JC LIBRARY,23319811,3,3116091521,2024-05-23T11:40:08Z,2024-05-23T16:23:31Z,,34.816032,7.5112,membership,Payment by membership account and/or membership card,USCPIE1932851*1
ChargePoint Network,,,13606061,13606061,I24 EXIT11 / STATION 4 (RR),22992511,247,3116926161,2024-05-23T17:23:58Z,2024-05-23T18:20:53Z,,47.355400,73.655,membership,Payment by membership account and/or membership card,USCPIE13606061*1
ChargePoint Network,,,5354011,5354011,7SPC / GREENEVILLE TA,8936791,100011,3084844621,2024-05-09T19:21:03Z,2024-05-09T19:41:56Z,,7.496900,22.555,membership,Payment by membership account and/or membership card,USCPIE5354011*1
ChargePoint Network,,,14097801,14097801,SCOTTSBORO EPB / SEPB DCFC (L),23570921,247,3107421051,2024-05-19T21:04:10Z,2024-05-19T21:44:13Z,,35.666302,70.019,membership,Payment by membership account and/or membership card,USCPIE14097801*1
ChargePoint Network,,,12720861,12720861,WRECC / STATION 2,21977121,247,3083739141,2024-05-09T11:30:33Z,2024-05-09T12:02:45Z,,18.478800,62.237,membership,Payment by membership account and/or membership card,USCPIE12720861*1
ChargePoint Network,,,13606061,13606061,I24 EXIT11 / STATION 4 (RR),22992511,247,3114923431,2024-05-22T21:49:03Z,2024-05-22T21:51:12Z,,1.536700,0.0,membership,Payment by membership account and/or membership card,USCPIE13606061*1
ChargePoint Network,,,14359491,14359491,EBOFG / STATION 1 (L),23870291,247,3123731571,2024-05-26T23:49:50Z,2024-05-26T23:50:41Z,,0.000000,0.0,membership,Payment by membership account and/or membership card,USCPIE14359491*1
ChargePoint Network,,,15332351,15332351,TUA NW ATLANTIC / STATION 2 (R),,,3129213411,2024-05-29T16:18:24Z,2024-05-29T16:18:30Z,,0.000000,,membership,Payment by membership account and/or membership card,USCPIE15332351*0
ChargePoint Network,,,7505851,7505851,JEFFERSON AVE. / OXFORD STA1(L),12955471,247,3089996371,2024-05-12T00:31:26Z,2024-05-12T00:51:32Z,,13.390500,75.374,membership,Payment by membership account and/or membership card,USCPIE7505851*1
ChargePoint Network,,,1844191,1844191,CLW / MAIN ST,23050431,3,3069204481,2024-05-02T18:27:17Z,2024-05-03T01:28:35Z,,51.099472,7.3574,membership,Payment by membership account and/or membership card,USCPIE1844191*1
ChargePoint Network,,,5346231,5346231,CULLMANELECTRIC / STATION2-R,8926271,247,3069001541,2024-05-02T16:50:09Z,2024-05-02T17:47:43Z,,59.432201,81.377,membership,Payment by membership account and/or membership card,USCPIE5346231*1
ChargePoint Network,,,12720861,12720861,WRECC / STATION 2,21977121,247,3127573721,2024-05-28T22:43:16Z,2024-05-28T22:45:38Z,,0.000000,0.0,membership,Payment by membership account and/or membership card,USCPIE12720861*1
ChargePoint Network,,,14355271,14355271,HARTSELLE 1 / STATION 1 (L),23865711,247,3070321101,2024-05-03T02:44:02Z,2024-05-03T02:45:09Z,,0.000000,0.0,credit_card_terminal,Payment via credit card or debit card terminal,USCPIE14355271*1
ChargePoint Network,,,14025691,14025691,PARIS BPU / STATION 1(L),23489541,247,3073575601,2024-05-04T18:45:55Z,2024-05-04T19:09:49Z,,22.456800,58.981,membership,Payment by membership account and/or membership card,USCPIE14025691*1
ChargePoint Network,,,15623211,15623211,CLW / 5TH ST 2 (R),25208281,247,3084709141,2024-05-09T18:21:49Z,2024-05-09T19:07:17Z,,59.099098,96.519,membership,Payment by membership account and/or membership card,USCPIE15623211*1
ChargePoint Network,,,5122191,5122191,CULLMANELECTRIC / STATION1-L,8482151,247,3116323491,2024-05-23T13:40:29Z,2024-05-23T14:42:51Z,,52.646500,65.267,membership,Payment by membership account and/or membership card,USCPIE5122191*1
ChargePoint Network,,,9745721,9745721,CRMC / CRMC-1 - L2LEFT,17301471,3,3111133331,2024-05-21T13:30:24Z,2024-05-21T15:12:34Z,,11.902074,7.0409,membership,Payment by membership account and/or membership card,USCPIE9745721*1
ChargePoint Network,,,1988061,1988061,7SPC / SCES DOLLYWOOD,25499831,3,3105147561,2024-05-18T15:52:57Z,2024-05-18T21:27:42Z,,11.919090,6.6611,membership,Payment by membership account and/or membership card,USCPIE1988061*1
ChargePoint Network,,,12720861,12720861,WRECC / STATION 2,21977121,247,3066420981,2024-05-01T19:06:22Z,2024-05-01T19:37:08Z,,20.825899,54.534,membership,Payment by membership account and/or membership card,USCPIE12720861*1
ChargePoint Network,,,15332321,15332321,TUA NW ATLANTIC / STATION 1 (L),24867861,247,3131610041,2024-05-30T15:30:42Z,2024-05-30T16:45:14Z,,62.196098,52.151,membership,Payment by membership account and/or membership card,USCPIE15332321*1
ChargePoint Network,,,13026471,13026471,WCMES / CITYHALL2-R,22328331,247,3083096661,2024-05-09T01:11:14Z,2024-05-09T01:15:56Z,,1.291900,38.023,membership,Payment by membership account and/or membership card,USCPIE13026471*1
ChargePoint Network,,,15694081,15694081,BRIGHTRIDGE EV / STATION 1 (L),,,3093158581,2024-05-13T17:17:36Z,2024-05-13T17:19:48Z,,0.000000,,credit_card_terminal,Payment via credit card or debit card terminal,USCPIE15694081*0
ChargePoint Network,,,682921,682921,7SPC / TVPPA OFFICE,9117251,3,3110529401,2024-05-21T03:11:39Z,2024-05-21T11:19:02Z,,49.142822,6.1289,membership,Payment by membership account and/or membership card,USCPIE682921*1
ChargePoint Network,,,1844191,1844191,CLW / MAIN ST,23050441,3,3091418591,2024-05-12T21:34:06Z,2024-05-13T01:29:05Z,,27.819319,7.3342,credit_card_terminal,Payment via credit card or debit card terminal,USCPIE1844191*2
ChargePoint Network,,,14337501,14337501,HOLSTONELECTRIC / CHURCH HILL-2,23845091,100011,3105793051,2024-05-18T22:24:29Z,2024-05-18T23:23:58Z,,34.443501,52.36,membership,Payment by membership account and/or membership card,USCPIE14337501*1
ChargePoint Network,,,1988061,1988061,7SPC / SCES DOLLYWOOD,25235441,3,3071037751,2024-05-03T14:20:27Z,2024-05-03T14:22:27Z,,0.000000,0.0,credit_card_terminal,Payment via credit card or debit card terminal,USCPIE1988061*1
ChargePoint Network,,,12720861,12720861,WRECC / STATION 2,21977121,100011,3107189611,2024-05-19T18:55:29Z,2024-05-19T19:41:30Z,,23.105101,42.035,membership,Payment by membership account and/or membership card,USCPIE12720861*1
ChargePoint Network,,,14047321,14047321,JEFFERSON AVE. / OXFORD STA2(R),23514081,247,3084017571,2024-05-09T13:58:53Z,2024-05-09T14:35:06Z,,17.416800,52.779,membership,Payment by membership account and/or membership card,USCPIE14047321*1
ChargePoint Network,,,13861891,13861891,BRMEMC / STATION 2,23296321,247,3079373421,2024-05-07T16:32:22Z,2024-05-07T16:58:18Z,,22.271999,73.125,membership,Payment by membership account and/or membership card,USCPIE13861891*1
ChargePoint Network,,,1785631,1785631,HOLSTONELECTRIC / STATION 1,22462991,3,3095883721,2024-05-14T19:28:52Z,2024-05-14T21:29:11Z,,12.620201,7.1029,membership,Payment by membership account and/or membership card,USCPIE1785631*2
ChargePoint Network,,,12406401,12406401,FPIA / RIGHT STATION,,,3071223971,2024-05-03T15:37:49Z,2024-05-03T15:38:01Z,,0.000000,,membership,Payment by membership account and/or membership card,USCPIE12406401*0
ChargePoint Network,,,5122191,5122191,CULLMANELECTRIC / STATION1-L,8482151,247,3073176861,2024-05-04T14:13:39Z,2024-05-04T14:47:14Z,,25.177700,58.9,membership,Payment by membership account and/or membership card,USCPIE5122191*1
ChargePoint Network,,,15548151,15548151,DECATURDOWNTWN / STATION 1 (R),25119511,247,3120541461,2024-05-25T02:00:02Z,2024-05-25T02:35:08Z,,52.359299,94.863,membership,Payment by membership account and/or membership card,USCPIE15548151*1
ChargePoint Network,,,15694081,15694081,BRIGHTRIDGE EV / STATION 2 (R),25291921,247,3121967131,2024-05-25T22:15:41Z,2024-05-25T23:19:00Z,,52.888802,77.4,membership,Payment by membership account and/or membership card,USCPIE15694081*1
ChargePoint Network,,,13606141,13606141,I24 EXIT11 / STATION 1 (LL),22992611,247,3112346091,2024-05-21T21:44:52Z,2024-05-21T22:18:36Z,,30.070000,123.045,credit_card_terminal,Payment via credit card or debit card terminal,USCPIE13606141*1
ChargePoint Network,,,1932851,1932851,BRIGHTRIDGE EV / BR-JC LIBRARY,23319811,3,3087192911,2024-05-10T18:08:07Z,2024-05-10T18:10:07Z,,0.000000,,membership,Payment by membership account and/or membership card,USCPIE1932851*1
ChargePoint Network,,,15694081,15694081,BRIGHTRIDGE EV / STATION 1 (L),25291921,247,3107578551,2024-05-19T22:30:21Z,2024-05-19T22:57:26Z,,15.519100,64.125,credit_card_terminal,Payment via credit card or debit card terminal,USCPIE15694081*1
ChargePoint Network,,,13966851,13966851,BEA / STATION 1 (LL),23420911,247,3111277111,2024-05-21T14:34:26Z,2024-05-21T15:00:50Z,,13.750200,50.874,membership,Payment by membership account and/or membership card,USCPIE13966851*1
ChargePoint Network,,,14359491,14359491,EBOFG / STATION 1 (L),23870291,247,3089613431,2024-05-11T21:04:27Z,2024-05-11T21:05:08Z,,0.000000,0.0,membership,Payment by membership account and/or membership card,USCPIE14359491*1
ChargePoint Network,,,8851921,8851921,7SPC / SEVIERVILLE DC1,15571271,207,3071883091,2024-05-03T20:32:22Z,2024-05-03T20:56:12Z,,7.036400,50.546,other,Any other payment method not specified above. Additional description should be provided in Payment Method Description.,USCPIE8851921*1
ChargePoint Network,,,5346231,5346231,CULLMANELECTRIC / STATION2-R,8926271,247,3116970391,2024-05-23T17:44:38Z,2024-05-23T17:45:13Z,,0.000000,0.0,membership,Payment by membership account and/or membership card,USCPIE5346231*1
ChargePoint Network,,,9677521,9677521,UT PARKING / S7 STATION 1,17169341,3,3104726781,2024-05-18T06:30:37Z,2024-05-18T06:33:14Z,,0.225810,6.9513,membership,Payment by membership account and/or membership card,USCPIE9677521*2
ChargePoint Network,,,5414151,5414151,7SPC / UC - CARTHAGE,9014641,3,3091941711,2024-05-13T02:33:27Z,2024-05-13T12:55:16Z,,24.390518,7.0025,membership,Payment by membership account and/or membership card,USCPIE5414151*1
ChargePoint Network,,,13966851,13966851,BEA / STATION 1 (LL),23420911,247,3117269001,2024-05-23T19:54:35Z,2024-05-23T20:34:37Z,,46.812302,77.025,membership,Payment by membership account and/or membership card,USCPIE13966851*1
ChargePoint Network,,,13606141,13606141,I24 EXIT11 / STATION 1 (LL),22992611,247,3069592491,2024-05-02T21:13:38Z,2024-05-02T21:37:30Z,,18.040400,123.045,credit_card_terminal,Payment via credit card or debit card terminal,USCPIE13606141*1
ChargePoint Network,,,9677521,9677521,UT PARKING / S7 STATION 1,17169331,3,3089013251,2024-05-11T15:27:05Z,2024-05-11T19:16:56Z,,14.782923,3.9019,membership,Payment by membership account and/or membership card,USCPIE9677521*1
ChargePoint Network,,,8851921,8851921,7SPC / SEVIERVILLE DC1,15571271,207,3130298551,2024-05-30T00:05:04Z,2024-05-30T01:16:36Z,,45.212299,61.138,other,Any other payment method not specified above. Additional description should be provided in Payment Method Description.,USCPIE8851921*1
ChargePoint Network,,,13606121,13606121,I24 EXIT11 / STATION 2 (LM),22992591,100011,3083117431,2024-05-09T01:20:35Z,2024-05-09T02:20:03Z,,20.716101,21.716,membership,Payment by membership account and/or membership card,USCPIE13606121*1
ChargePoint Network,,,15260241,15260241,STEMC / STATION 1 (L) A,24784071,247,3110027731,2024-05-20T23:11:08Z,2024-05-20T23:12:59Z,,0.000000,0.0,membership,Payment by membership account and/or membership card,USCPIE15260241*1
ChargePoint Network,,,12720861,12720861,WRECC / STATION 2,21977121,247,3122287081,2024-05-26T01:22:34Z,2024-05-26T01:24:50Z,,0.000000,0.0,membership,Payment by membership account and/or membership card,USCPIE12720861*1
ChargePoint Network,,,5346231,5346231,CULLMANELECTRIC / STATION2-R,8926271,247,3105006751,2024-05-18T14:08:36Z,2024-05-18T14:26:42Z,,22.636400,80.196,membership,Payment by membership account and/or membership card,USCPIE5346231*1
ChargePoint Network,,,12720861,12720861,WRECC / STATION 2,21977121,247,3077287471,2024-05-06T18:56:43Z,2024-05-06T19:22:18Z,,30.008900,76.0,membership,Payment by membership account and/or membership card,USCPIE12720861*1
ChargePoint Network,,,1932851,1932851,BRIGHTRIDGE EV / BR-JC LIBRARY,23319811,3,3123090781,2024-05-26T16:53:26Z,2024-05-26T23:57:28Z,,52.172405,7.4821,membership,Payment by membership account and/or membership card,USCPIE1932851*1
ChargePoint Network,,,15694171,15694171,BRIGHTRIDGE EV / STATION 2 (R),25292041,247,3088879521,2024-05-11T13:47:13Z,2024-05-11T15:07:14Z,,17.586700,43.055,membership,Payment by membership account and/or membership card,USCPIE15694171*1
ChargePoint Network,,,5498461,5498461,7SPC / CFEC SPENCER,9119451,3,3128729441,2024-05-29T13:15:35Z,2024-05-29T13:19:12Z,,0.344505,7.1672,membership,Payment by membership account and/or membership card,USCPIE5498461*2
ChargePoint Network,,,5354011,5354011,7SPC / GREENEVILLE TA,8936791,100011,3113472921,2024-05-22T11:20:20Z,2024-05-22T11:42:21Z,,17.671499,50.231,credit_card_terminal,Payment via credit card or debit card terminal,USCPIE5354011*1
ChargePoint Network,,,13659831,13659831,LAWRENCEBURG / STATION 1 (L),23054881,247,3107053431,2024-05-19T17:36:59Z,2024-05-19T18:22:29Z,,51.085602,71.37,membership,Payment by membership account and/or membership card,USCPIE13659831*1
ChargePoint Network,,,1932851,1932851,BRIGHTRIDGE EV / BR-JC LIBRARY,23319821,3,3103399111,2024-05-17T18:52:33Z,2024-05-17T19:34:34Z,,4.518238,6.5075,membership,Payment by membership account and/or membership card,USCPIE1932851*2
ChargePoint Network,,,13606061,13606061,I24 EXIT11 / STATION 4 (RR),22992511,247,3080001121,2024-05-07T21:17:40Z,2024-05-07T22:05:17Z,,47.615299,77.42,membership,Payment by membership account and/or membership card,USCPIE13606061*1
ChargePoint Network,,,5363211,5363211,HARTSELLE 1 / HARTSELLE 1,23427571,3,3070320161,2024-05-03T02:41:31Z,2024-05-03T02:43:31Z,,0.000000,,phone_online,"Payment through mobile app, website, automated phone number or messaging system",USCPIE5363211*1
ChargePoint Network,,,15623231,15623231,CLW / 5TH ST 1 (L),25208301,247,3089060471,2024-05-11T15:57:36Z,2024-05-11T16:31:19Z,,15.888000,52.852,membership,Payment by membership account and/or membership card,USCPIE15623231*1
ChargePoint Network,,,15694081,15694081,BRIGHTRIDGE EV / STATION 1 (L),25291921,247,3093650191,2024-05-13T21:07:39Z,2024-05-13T21:38:44Z,,19.656000,60.995,membership,Payment by membership account and/or membership card,USCPIE15694081*1
ChargePoint Network,,,5363211,5363211,HARTSELLE 1 / HARTSELLE 1,23427571,3,3126371751,2024-05-28T14:41:40Z,2024-05-28T14:43:39Z,,0.000000,0.0,credit_card_terminal,Payment via credit card or debit card terminal,USCPIE5363211*1
ChargePoint Network,,,15684301,15684301,MLEC / STATION 1 (L) W,25280151,247,3097262621,2024-05-15T10:41:01Z,2024-05-15T11:59:02Z,,52.478401,59.436,credit_card_terminal,Payment via credit card or debit card terminal,USCPIE15684301*1
ChargePoint Network,,,13606061,13606061,I24 EXIT11 / STATION 4 (RR),22992511,247,3120996891,2024-05-25T08:56:16Z,2024-05-25T09:24:52Z,,26.429100,67.251,membership,Payment by membership account and/or membership card,USCPIE13606061*1
ChargePoint Network,,,1932851,1932851,BRIGHTRIDGE EV / BR-JC LIBRARY,23319811,3,3121282461,2024-05-25T15:21:41Z,2024-05-25T16:33:51Z,,7.934612,6.6371,membership,Payment by membership account and/or membership card,USCPIE1932851*1
ChargePoint Network,,,5354011,5354011,7SPC / GREENEVILLE TA,8936791,207,3111883731,2024-05-21T18:29:47Z,2024-05-21T19:06:30Z,,32.986900,55.479,membership,Payment by membership account and/or membership card,USCPIE5354011*1
ChargePoint Network,,,14337501,14337501,HOLSTONELECTRIC / CHURCH HILL-2,23845091,247,3089120641,2024-05-11T16:34:31Z,2024-05-11T17:28:19Z,,35.404598,53.25,membership,Payment by membership account and/or membership card,USCPIE14337501*1
ChargePoint Network,,,14097711,14097711,SCOTTSBORO EPB / SEPB DCFC (R),23570811,247,3079916911,2024-05-07T20:41:06Z,2024-05-07T20:41:26Z,,0.000000,0.0,membership,Payment by membership account and/or membership card,USCPIE14097711*1
ChargePoint Network,,,15694171,15694171,BRIGHTRIDGE EV / STATION 1 (L),25292041,247,3119537731,2024-05-24T18:09:40Z,2024-05-24T18:10:09Z,,0.000000,0.0,credit_card_terminal,Payment via credit card or debit card terminal,USCPIE15694171*1
ChargePoint Network,,,14359491,14359491,EBOFG / STATION 1 (L),23870291,247,3074079231,2024-05-04T23:43:49Z,2024-05-04T23:45:00Z,,0.000000,0.0,membership,Payment by membership account and/or membership card,USCPIE14359491*1
ChargePoint Network,,,15250771,15250771,SES-TN / STATION 1,24772691,247,3114982701,2024-05-22T22:12:41Z,2024-05-22T22:33:24Z,,10.720000,53.067,membership,Payment by membership account and/or membership card,USCPIE15250771*1
ChargePoint Network,,,7505851,7505851,JEFFERSON AVE. / OXFORD STA1(L),12955471,247,3119536991,2024-05-24T18:09:00Z,2024-05-24T18:58:55Z,,55.421700,77.013,other,Any other payment method not specified above. Additional description should be provided in Payment Method Description.,USCPIE7505851*1
ChargePoint Network,,,5346231,5346231,CULLMANELECTRIC / STATION2-R,8926271,247,3068627731,2024-05-02T14:26:54Z,2024-05-02T15:00:25Z,,42.762001,83.134,membership,Payment by membership account and/or membership card,USCPIE5346231*1
ChargePoint Network,,,14047321,14047321,JEFFERSON AVE. / OXFORD STA2(R),23514081,247,3085384241,2024-05-09T22:57:37Z,2024-05-09T23:05:30Z,,8.745300,71.676,membership,Payment by membership account and/or membership card,USCPIE14047321*1
ChargePoint Network,,,13292801,13292801,LODGE CAST IRON / STORE & MUSEUM,22637561,3,3073942551,2024-05-04T22:22:44Z,2024-05-04T23:01:47Z,,4.447178,7.0128,credit_card_terminal,Payment via credit card or debit card terminal,USCPIE13292801*2
ChargePoint Network,,,15332351,15332351,TUA NW ATLANTIC / STATION 2 (R),24867891,247,3067175861,2024-05-02T00:28:35Z,2024-05-02T00:41:35Z,,9.265600,57.276,credit_card_terminal,Payment via credit card or debit card terminal,USCPIE15332351*1
ChargePoint Network,,,13659831,13659831,LAWRENCEBURG / STATION 1 (L),23054881,247,3090430741,2024-05-12T04:59:59Z,2024-05-12T05:02:46Z,,0.000000,0.0,credit_card_terminal,Payment via credit card or debit card terminal,USCPIE13659831*1
ChargePoint Network,,,5346231,5346231,CULLMANELECTRIC / STATION2-R,8926271,247,3103138531,2024-05-17T16:48:19Z,2024-05-17T17:43:35Z,,45.277599,87.713,membership,Payment by membership account and/or membership card,USCPIE5346231*1
ChargePoint Network,,,1964521,1964521,EBOFG / GUNTERSVILLE PD,8374211,3,3126942391,2024-05-28T18:20:06Z,2024-05-28T19:33:29Z,,8.630669,7.2178,membership,Payment by membership account and/or membership card,USCPIE1964521*2
ChargePoint Network,,,5122191,5122191,CULLMANELECTRIC / STATION1-L,8482151,247,3094152881,2024-05-14T00:55:00Z,2024-05-14T01:28:14Z,,35.156700,74.199,membership,Payment by membership account and/or membership card,USCPIE5122191*1
ChargePoint Network,,,13880891,13880891,MU / MUC MAIN OFFICE,23319021,3,3126782201,2024-05-28T17:02:09Z,2024-05-28T18:52:15Z,,13.130642,7.1985,membership,Payment by membership account and/or membership card,USCPIE13880891*2
ChargePoint Network,,,14097711,14097711,SCOTTSBORO EPB / SEPB DCFC (R),23570811,247,3084087511,2024-05-09T14:29:26Z,2024-05-09T15:32:36Z,,80.629601,106.248,membership,Payment by membership account and/or membership card,USCPIE14097711*1
ChargePoint Network,,,5397731,5397731,EEDEV / MILLIGAN UNIV,9010261,3,3079829971,2024-05-07T20:03:25Z,2024-05-08T01:06:25Z,,36.104649,7.2112,membership,Payment by membership account and/or membership card,USCPIE5397731*2
ChargePoint Network,,,14359491,14359491,EBOFG / STATION 1 (L),23870291,247,3067151721,2024-05-02T00:17:47Z,2024-05-02T00:18:36Z,,0.000000,0.0,membership,Payment by membership account and/or membership card,USCPIE14359491*1
ChargePoint Network,,,13606121,13606121,I24 EXIT11 / STATION 2 (LM),22992591,247,3074061751,2024-05-04T23:33:09Z,2024-05-04T23:52:13Z,,20.617901,69.053,membership,Payment by membership account and/or membership card,USCPIE13606121*1
ChargePoint Network,,,8851921,8851921,7SPC / SEVIERVILLE DC1,15571271,207,3123413521,2024-05-26T20:27:17Z,2024-05-26T21:15:12Z,,44.809200,61.445,credit_card_terminal,Payment via credit card or debit card terminal,USCPIE8851921*1
ChargePoint Network,,,13606121,13606121,I24 EXIT11 / STATION 2 (LM),22992591,247,3107541541,2024-05-19T22:10:23Z,2024-05-19T22:22:32Z,,14.535200,75.648,membership,Payment by membership account and/or membership card,USCPIE13606121*1
ChargePoint Network,,,5466441,5466441,7SPC / NASA USSRC R,9079361,3,3095182671,2024-05-14T14:44:25Z,2024-05-14T20:18:58Z,,30.027792,6.2656,membership,Payment by membership account and/or membership card,USCPIE5466441*1
ChargePoint Network,,,5619801,5619801,7SPC / WARREN RECC BG,9274251,3,3073924581,2024-05-04T22:12:17Z,2024-05-04T23:41:08Z,,9.254572,6.3523,membership,Payment by membership account and/or membership card,USCPIE5619801*1
ChargePoint Network,,,14049761,14049761,PARIS BPU / STATION 2(R),23516951,247,3079639151,2024-05-07T18:40:48Z,2024-05-07T19:02:55Z,,18.518000,54.599,credit_card_terminal,Payment via credit card or debit card terminal,USCPIE14049761*1
ChargePoint Network,,,5354011,5354011,7SPC / GREENEVILLE TA,8936791,207,3105554401,2024-05-18T19:50:39Z,2024-05-18T20:40:03Z,,33.440701,53.949,membership,Payment by membership account and/or membership card,USCPIE5354011*1
ChargePoint Network,,,5122191,5122191,CULLMANELECTRIC / STATION1-L,8482151,247,3087746581,2024-05-10T22:17:42Z,2024-05-10T23:29:10Z,,39.225899,31.679,membership,Payment by membership account and/or membership card,USCPIE5122191*1
ChargePoint Network,,,5363211,5363211,HARTSELLE 1 / HARTSELLE 1,23427581,3,3079444271,2024-05-07T17:03:28Z,2024-05-07T17:40:33Z,,4.288898,7.1025,membership,Payment by membership account and/or membership card,USCPIE5363211*2
ChargePoint Network,,,15332351,15332351,TUA NW ATLANTIC / STATION 2 (R),24867891,247,3122364861,2024-05-26T02:09:49Z,2024-05-26T02:10:41Z,,0.006000,0.0,membership,Payment by membership account and/or membership card,USCPIE15332351*1
ChargePoint Network,,,7173851,7173851,SCOTTSBORO EPB / MAIN OFFICE,12310861,3,3123462441,2024-05-26T20:59:29Z,2024-05-27T01:57:00Z,,35.629074,7.354,membership,Payment by membership account and/or membership card,USCPIE7173851*1
ChargePoint Network,,,15640171,15640171,NECDC / STATION 2 (R),25228711,247,3123977811,2024-05-27T02:31:18Z,2024-05-27T02:50:29Z,,18.801399,62.712,membership,Payment by membership account and/or membership card,USCPIE15640171*1
ChargePoint Network,,,15694081,15694081,BRIGHTRIDGE EV / STATION 2 (R),25291921,247,3132387831,2024-05-30T20:49:59Z,2024-05-30T21:15:16Z,,29.486000,77.223,membership,Payment by membership account and/or membership card,USCPIE15694081*1
ChargePoint Network,,,1988141,1988141,7SPC / SCES DREAM MORE,2355561,3,3101331161,2024-05-16T21:57:37Z,2024-05-16T23:53:10Z,,13.184709,6.9544,credit_card_terminal,Payment via credit card or debit card terminal,USCPIE1988141*1
ChargePoint Network,,,5498461,5498461,7SPC / CFEC SPENCER,9119451,3,3100365961,2024-05-16T15:20:09Z,2024-05-16T15:45:05Z,,2.664696,6.5373,membership,Payment by membership account and/or membership card,USCPIE5498461*2
ChargePoint Network,,,1921351,1921351,STARKVILLE UTIL / STARKVILLE DWTN,23682581,3,3096233911,2024-05-14T21:58:47Z,2024-05-15T12:17:45Z,,60.101429,7.3862,membership,Payment by membership account and/or membership card,USCPIE1921351*2
ChargePoint Network,,,1988141,1988141,7SPC / SCES DREAM MORE,2355571,3,3086327971,2024-05-10T11:08:48Z,2024-05-10T20:47:35Z,,56.452076,7.1033,membership,Payment by membership account and/or membership card,USCPIE1988141*2
ChargePoint Network,,,5122191,5122191,CULLMANELECTRIC / STATION1-L,8482151,247,3105072021,2024-05-18T15:00:52Z,2024-05-18T15:56:02Z,,57.263901,84.375,other,Any other payment method not specified above. Additional description should be provided in Payment Method Description.,USCPIE5122191*1
ChargePoint Network,,,15260241,15260241,STEMC / STATION 1 (L) A,24784071,247,3111772451,2024-05-21T17:36:38Z,2024-05-21T17:48:48Z,,14.119000,75.253,membership,Payment by membership account and/or membership card,USCPIE15260241*1
ChargePoint Network,,,1844191,1844191,CLW / MAIN ST,23050431,3,3123129901,2024-05-26T17:20:32Z,2024-05-27T01:25:33Z,,56.585503,7.3004,credit_card_terminal,Payment via credit card or debit card terminal,USCPIE1844191*1
ChargePoint Network,,,14355251,14355251,HARTSELLE 1 / STATION 2 (R),23865691,247,3103013471,2024-05-17T15:58:19Z,2024-05-17T16:05:36Z,,5.494600,52.835,membership,Payment by membership account and/or membership card,USCPIE14355251*1
ChargePoint Network,,,1988141,1988141,7SPC / SCES DREAM MORE,2355561,3,3100136231,2024-05-16T13:51:42Z,2024-05-16T15:45:32Z,,13.040504,6.9283,credit_card_terminal,Payment via credit card or debit card terminal,USCPIE1988141*1
ChargePoint Network,,,5525971,5525971,7SPC / SPARTA TN,9154691,3,3096222581,2024-05-14T21:53:54Z,2024-05-14T21:55:07Z,,0.087298,7.3359,credit_card_terminal,Payment via credit card or debit card terminal,USCPIE5525971*2
ChargePoint Network,,,15694171,15694171,BRIGHTRIDGE EV / STATION 2 (R),25292041,247,3105698831,2024-05-18T21:14:43Z,2024-05-18T21:58:15Z,,42.752102,79.199,credit_card_terminal,Payment via credit card or debit card terminal,USCPIE15694171*1
ChargePoint Network,,,14337501,14337501,HOLSTONELECTRIC / CHURCH HILL-2,23845091,247,3127432241,2024-05-28T21:46:09Z,2024-05-28T22:12:33Z,,49.298401,116.844,membership,Payment by membership account and/or membership card,USCPIE14337501*1
ChargePoint Network,,,13861861,13861861,BRMEMC / STATION 1,23296281,247,3105012241,2024-05-18T14:13:34Z,2024-05-18T14:33:37Z,,21.714199,85.847,membership,Payment by membership account and/or membership card,USCPIE13861861*1
ChargePoint Network,,,13643801,13643801,PEPA / STATION 2,23036481,247,3075357011,2024-05-05T20:38:33Z,2024-05-05T21:19:07Z,,32.552898,74.052,membership,Payment by membership account and/or membership card,USCPIE13643801*1
ChargePoint Network,,,1844191,1844191,CLW / MAIN ST,23050441,3,3090789451,2024-05-12T14:46:34Z,2024-05-12T16:42:54Z,,13.690226,7.1114,membership,Payment by membership account and/or membership card,USCPIE1844191*2
ChargePoint Network,,,15250701,15250701,SES-TN / STATION 2,24772611,247,3105411251,2024-05-18T18:31:33Z,2024-05-18T19:07:47Z,,23.936899,74.25,membership,Payment by membership account and/or membership card,USCPIE15250701*1
ChargePoint Network,,,13292801,13292801,LODGE CAST IRON / STORE & MUSEUM,22637561,3,3124536811,2024-05-27T15:15:36Z,2024-05-27T15:19:57Z,,0.000000,0.0,membership,Payment by membership account and/or membership card,USCPIE13292801*2
ChargePoint Network,,,13659871,13659871,LAWRENCEBURG / STATION 2 (R),23054921,247,3126841471,2024-05-28T17:31:26Z,2024-05-28T17:53:45Z,,19.742800,70.069,membership,Payment by membership account and/or membership card,USCPIE13659871*1
ChargePoint Network,,,13026471,13026471,WCMES / CITYHALL2-R,22328331,247,3087063861,2024-05-10T17:07:21Z,2024-05-10T17:54:22Z,,44.889801,76.635,membership,Payment by membership account and/or membership card,USCPIE13026471*1
ChargePoint Network,,,1988141,1988141,7SPC / SCES DREAM MORE,2355571,3,3087844731,2024-05-10T23:03:25Z,2024-05-11T02:05:12Z,,20.760941,6.9875,membership,Payment by membership account and/or membership card,USCPIE1988141*2
ChargePoint Network,,,5354011,5354011,7SPC / GREENEVILLE TA,8936791,207,3112858191,2024-05-22T01:18:37Z,2024-05-22T01:44:58Z,,22.897400,53.303,membership,Payment by membership account and/or membership card,USCPIE5354011*1
ChargePoint Network,,,1988061,1988061,7SPC / SCES DOLLYWOOD,25235441,3,3066224131,2024-05-01T17:30:11Z,2024-05-01T17:31:12Z,,0.000000,,membership,Payment by membership account and/or membership card,USCPIE1988061*1
ChargePoint Network,,,5565291,5565291,7SPC / SCES LECONTE 1,9205201,3,3099884081,2024-05-16T11:39:51Z,2024-05-16T18:13:44Z,,46.095039,7.283,membership,Payment by membership account and/or membership card,USCPIE5565291*2
ChargePoint Network,,,13861891,13861891,BRMEMC / STATION 2,23296321,100011,3069343031,2024-05-02T19:27:16Z,2024-05-02T19:31:53Z,,2.451200,48.831,membership,Payment by membership account and/or membership card,USCPIE13861891*1
ChargePoint Network,,,12406491,12406491,FPIA / LEFT STATION,21527781,247,3101918411,2024-05-17T02:10:55Z,2024-05-17T03:04:06Z,,94.531700,122.4,membership,Payment by membership account and/or membership card,USCPIE12406491*1
ChargePoint Network,,,5122191,5122191,CULLMANELECTRIC / STATION1-L,8482151,247,3068765771,2024-05-02T15:36:38Z,2024-05-02T15:50:13Z,,10.900500,48.979,membership,Payment by membership account and/or membership card,USCPIE5122191*1
ChargePoint Network,,,15623231,15623231,CLW / 5TH ST 1 (L),25208301,247,3098841331,2024-05-15T22:29:13Z,2024-05-15T22:57:27Z,,46.240398,120.12,membership,Payment by membership account and/or membership card,USCPIE15623231*1
ChargePoint Network,,,5619801,5619801,7SPC / WARREN RECC BG,9274251,3,3075932511,2024-05-06T02:14:43Z,2024-05-06T02:56:24Z,,4.314041,6.3503,membership,Payment by membership account and/or membership card,USCPIE5619801*1
ChargePoint Network,,,13423691,13423691,AEC / STATION #1 (L),22787121,247,3119376541,2024-05-24T16:52:54Z,2024-05-24T17:24:52Z,,27.202801,74.466,membership,Payment by membership account and/or membership card,USCPIE13423691*1
ChargePoint Network,,,13290491,13290491,7SPC / NASA USSRC L,22634941,3,3132255771,2024-05-30T19:54:47Z,2024-05-30T22:34:36Z,,15.795262,6.0178,membership,Payment by membership account and/or membership card,USCPIE13290491*2
ChargePoint Network,,,13606061,13606061,I24 EXIT11 / STATION 4 (RR),22992511,247,3069113011,2024-05-02T17:42:19Z,2024-05-02T17:43:14Z,,0.000000,0.0,credit_card_terminal,Payment via credit card or debit card terminal,USCPIE13606061*1
ChargePoint Network,,,15548181,15548181,DECATURDOWNTWN / STATION 2 (L),25119551,247,3101743571,2024-05-17T00:53:58Z,2024-05-17T01:39:28Z,,61.044498,100.099,membership,Payment by membership account and/or membership card,USCPIE15548181*1
ChargePoint Network,,,5346231,5346231,CULLMANELECTRIC / STATION2-R,,,3119965561,2024-05-24T21:20:26Z,2024-05-24T21:20:38Z,,0.000000,,membership,Payment by membership account and/or membership card,USCPIE5346231*0
ChargePoint Network,,,1964521,1964521,EBOFG / GUNTERSVILLE PD,8374201,3,3089394151,2024-05-11T19:05:30Z,2024-05-11T20:37:21Z,,11.157199,7.4123,membership,Payment by membership account and/or membership card,USCPIE1964521*1
ChargePoint Network,,,12720861,12720861,WRECC / STATION 2,21977121,247,3132564861,2024-05-30T22:04:07Z,2024-05-30T23:15:54Z,,58.707401,55.386,membership,Payment by membership account and/or membership card,USCPIE12720861*1
ChargePoint Network,,,5466441,5466441,7SPC / NASA USSRC R,9079361,3,3105333621,2024-05-18T17:44:52Z,2024-05-18T17:46:52Z,,0.000000,0.0,membership,Payment by membership account and/or membership card,USCPIE5466441*1
ChargePoint Network,,,7505851,7505851,JEFFERSON AVE. / OXFORD STA1(L),12955471,247,3073706271,2024-05-04T20:03:01Z,2024-05-04T20:04:43Z,,0.000000,0.0,membership,Payment by membership account and/or membership card,USCPIE7505851*1
ChargePoint Network,,,15815141,15815141,GEA-1 / STATION 1 (L),25435121,247,3091126511,2024-05-12T18:40:57Z,2024-05-12T19:32:26Z,,47.917000,60.116,membership,Payment by membership account and/or membership card,USCPIE15815141*1
ChargePoint Network,,,9677521,9677521,UT PARKING / S7 STATION 1,17169331,3,3080028401,2024-05-07T21:29:02Z,2024-05-08T01:15:09Z,,14.589451,3.913,membership,Payment by membership account and/or membership card,USCPIE9677521*1
ChargePoint Network,,,15623231,15623231,CLW / 5TH ST 1 (L),25208301,247,3087730971,2024-05-10T22:10:23Z,2024-05-10T23:11:22Z,,70.594002,85.995,other,Any other payment method not specified above. Additional description should be provided in Payment Method Description.,USCPIE15623231*1
ChargePoint Network,,,1932851,1932851,BRIGHTRIDGE EV / BR-JC LIBRARY,23319821,3,3072388811,2024-05-04T00:35:42Z,2024-05-04T03:46:20Z,,22.275375,7.2112,membership,Payment by membership account and/or membership card,USCPIE1932851*2
ChargePoint Network,,,5346231,5346231,CULLMANELECTRIC / STATION2-R,8926271,247,3077713931,2024-05-06T22:07:51Z,2024-05-06T22:22:58Z,,16.355400,69.893,membership,Payment by membership account and/or membership card,USCPIE5346231*1
ChargePoint Network,,,5122191,5122191,CULLMANELECTRIC / STATION1-L,8482151,247,3071448011,2024-05-03T17:06:22Z,2024-05-03T18:54:27Z,,52.576500,54.534,membership,Payment by membership account and/or membership card,USCPIE5122191*1
ChargePoint Network,,,13290491,13290491,7SPC / NASA USSRC L,22634931,3,3119931271,2024-05-24T21:05:26Z,2024-05-24T21:25:22Z,,1.859958,5.8424,credit_card_terminal,Payment via credit card or debit card terminal,USCPIE13290491*1
ChargePoint Network,,,5346231,5346231,CULLMANELECTRIC / STATION2-R,8926271,247,3093561801,2024-05-13T20:27:59Z,2024-05-13T20:28:25Z,,0.000000,0.0,membership,Payment by membership account and/or membership card,USCPIE5346231*1
ChargePoint Network,,,12720881,12720881,WRECC / STATION 1,21977141,247,3065360321,2024-05-01T11:20:41Z,2024-05-01T11:21:23Z,,0.006000,0.0,membership,Payment by membership account and/or membership card,USCPIE12720881*1
ChargePoint Network,,,5122191,5122191,CULLMANELECTRIC / STATION1-L,8482151,247,3121550501,2024-05-25T18:11:27Z,2024-05-25T18:27:21Z,,16.073000,68.403,credit_card_terminal,Payment via credit card or debit card terminal,USCPIE5122191*1
ChargePoint Network,,,5354011,5354011,7SPC / GREENEVILLE TA,8936791,207,3069394091,2024-05-02T19:48:59Z,2024-05-02T20:05:44Z,,14.718000,55.285,membership,Payment by membership account and/or membership card,USCPIE5354011*1
ChargePoint Network,,,14049761,14049761,PARIS BPU / STATION 2(R),23516951,247,3081996361,2024-05-08T17:20:21Z,2024-05-08T17:30:59Z,,11.758900,74.027,membership,Payment by membership account and/or membership card,USCPIE14049761*1
ChargePoint Network,,,15260241,15260241,STEMC / STATION 1 (L) A,24784071,247,3124901421,2024-05-27T19:32:18Z,2024-05-27T21:06:11Z,,57.567699,54.832,membership,Payment by membership account and/or membership card,USCPIE15260241*1
ChargePoint Network,,,8851921,8851921,7SPC / SEVIERVILLE DC1,15571271,207,3084864661,2024-05-09T19:28:38Z,2024-05-09T19:52:05Z,,20.578699,55.285,membership,Payment by membership account and/or membership card,USCPIE8851921*1
ChargePoint Network,,,12448521,12448521,7SPC / WARREN RECC LF,21576921,3,3121144271,2024-05-25T13:26:02Z,2024-05-25T14:16:41Z,,5.122474,6.12,membership,Payment by membership account and/or membership card,USCPIE12448521*2
ChargePoint Network,,,5350831,5350831,CULLMANELECTRIC / CEC MAIN OFFICE,8932501,3,3073240351,2024-05-04T15:06:17Z,2024-05-04T15:43:49Z,,3.710035,6.1076,membership,Payment by membership account and/or membership card,USCPIE5350831*2
ChargePoint Network,,,1933211,1933211,BRIGHTRIDGE EV / BR-JONESBOROUGH,2283641,3,3073399441,2024-05-04T16:57:30Z,2024-05-04T18:37:47Z,,10.351821,6.2382,other,Any other payment method not specified above. Additional description should be provided in Payment Method Description.,USCPIE1933211*2
ChargePoint Network,,,8851921,8851921,7SPC / SEVIERVILLE DC1,15571271,207,3123538811,2024-05-26T21:48:50Z,2024-05-26T23:02:13Z,,50.312401,57.986,membership,Payment by membership account and/or membership card,USCPIE8851921*1
ChargePoint Network,,,14097801,14097801,SCOTTSBORO EPB / SEPB DCFC (L),23570921,247,3073094171,2024-05-04T12:45:42Z,2024-05-04T13:18:46Z,,37.523499,73.904,phone_online,"Payment through mobile app, website, automated phone number or messaging system",USCPIE14097801*1
ChargePoint Network,,,5619801,5619801,7SPC / WARREN RECC BG,9274251,3,3071714781,2024-05-03T19:18:50Z,2024-05-03T22:51:52Z,,22.174881,6.3158,membership,Payment by membership account and/or membership card,USCPIE5619801*1
ChargePoint Network,,,1921351,1921351,STARKVILLE UTIL / STARKVILLE DWTN,23682581,3,3114937251,2024-05-22T21:54:39Z,2024-05-23T13:01:28Z,,49.035431,7.3707,membership,Payment by membership account and/or membership card,USCPIE1921351*2
ChargePoint Network,,,14359491,14359491,EBOFG / STATION 1 (L),23870291,247,3116894541,2024-05-23T17:08:49Z,2024-05-23T17:09:57Z,,0.000000,0.0,other,Any other payment method not specified above. Additional description should be provided in Payment Method Description.,USCPIE14359491*1
ChargePoint Network,,,14097801,14097801,SCOTTSBORO EPB / SEPB DCFC (L),23570921,247,3071464391,2024-05-03T17:13:58Z,2024-05-03T17:38:31Z,,24.702200,73.678,credit_card_terminal,Payment via credit card or debit card terminal,USCPIE14097801*1
ChargePoint Network,,,14359491,14359491,EBOFG / STATION 1 (L),23870291,247,3089594321,2024-05-11T20:53:59Z,2024-05-11T20:54:46Z,,0.000000,0.0,other,Any other payment method not specified above. Additional description should be provided in Payment Method Description.,USCPIE14359491*1
ChargePoint Network,,,13606061,13606061,I24 EXIT11 / STATION 4 (RR),22992511,247,3065042431,2024-05-01T03:50:25Z,2024-05-01T04:45:14Z,,28.816601,53.131,membership,Payment by membership account and/or membership card,USCPIE13606061*1
ChargePoint Network,,,13606061,13606061,I24 EXIT11 / STATION 4 (RR),22992511,247,3120441901,2024-05-25T01:09:16Z,2024-05-25T01:10:22Z,,0.000000,0.0,membership,Payment by membership account and/or membership card,USCPIE13606061*1
ChargePoint Network,,,12720861,12720861,WRECC / STATION 2,21977121,247,3090497171,2024-05-12T06:23:18Z,2024-05-12T07:07:48Z,,26.336599,75.11,phone_online,"Payment through mobile app, website, automated phone number or messaging system",USCPIE12720861*1
ChargePoint Network,,,15815141,15815141,GEA-1 / STATION 1 (L),,,3122810421,2024-05-26T12:17:11Z,2024-05-26T12:17:30Z,,0.000000,,membership,Payment by membership account and/or membership card,USCPIE15815141*0
ChargePoint Network,,,12720861,12720861,WRECC / STATION 2,21977121,247,3070392871,2024-05-03T03:12:59Z,2024-05-03T04:11:15Z,,42.591900,54.9,membership,Payment by membership account and/or membership card,USCPIE12720861*1
ChargePoint Network,,,14097801,14097801,SCOTTSBORO EPB / SEPB DCFC (L),23570921,247,3082163491,2024-05-08T18:38:46Z,2024-05-08T19:10:31Z,,27.302299,75.819,membership,Payment by membership account and/or membership card,USCPIE14097801*1
ChargePoint Network,,,13659831,13659831,LAWRENCEBURG / STATION 1 (L),23054881,247,3071037281,2024-05-03T14:22:03Z,2024-05-03T14:39:44Z,,17.015600,81.806,membership,Payment by membership account and/or membership card,USCPIE13659831*1
ChargePoint Network,,,15623231,15623231,CLW / 5TH ST 1 (L),25208301,247,3088113981,2024-05-11T01:11:54Z,2024-05-11T01:40:48Z,,51.696301,116.279,membership,Payment by membership account and/or membership card,USCPIE15623231*1
ChargePoint Network,,,5354011,5354011,7SPC / GREENEVILLE TA,8936791,207,3105538841,2024-05-18T19:43:00Z,2024-05-18T19:49:16Z,,0.000000,0.0,membership,Payment by membership account and/or membership card,USCPIE5354011*1
ChargePoint Network,,,13606141,13606141,I24 EXIT11 / STATION 1 (LL),22992611,247,3076163211,2024-05-06T05:48:39Z,2024-05-06T06:18:34Z,,19.539200,72.889,membership,Payment by membership account and/or membership card,USCPIE13606141*1
ChargePoint Network,,,5354011,5354011,7SPC / GREENEVILLE TA,8936791,207,3121381161,2024-05-25T16:28:09Z,2024-05-25T17:19:06Z,,46.328999,55.724,membership,Payment by membership account and/or membership card,USCPIE5354011*1
ChargePoint Network,,,15332351,15332351,TUA NW ATLANTIC / STATION 2 (R),24867891,247,3074369791,2024-05-05T02:52:31Z,2024-05-05T02:58:16Z,,4.919600,0.0,credit_card_terminal,Payment via credit card or debit card terminal,USCPIE15332351*1
ChargePoint Network,,,5445161,5445161,7SPC / UC - LIVINGSTON,9052351,3,3118047831,2024-05-24T01:17:38Z,2024-05-24T12:55:02Z,,50.689732,7.1301,membership,Payment by membership account and/or membership card,USCPIE5445161*2
ChargePoint Network,,,13659831,13659831,LAWRENCEBURG / STATION 1 (L),23054881,247,3111667191,2024-05-21T16:47:38Z,2024-05-21T17:14:09Z,,21.713301,64.726,membership,Payment by membership account and/or membership card,USCPIE13659831*1
ChargePoint Network,,,13966031,13966031,BEA / STATION 4 (RR),23419961,247,3112289681,2024-05-21T21:22:07Z,2024-05-21T21:37:43Z,,15.489300,64.025,membership,Payment by membership account and/or membership card,USCPIE13966031*1
ChargePoint Network,,,5122191,5122191,CULLMANELECTRIC / STATION1-L,8482151,247,3118147261,2024-05-24T02:00:40Z,2024-05-24T03:08:56Z,,70.308502,78.008,membership,Payment by membership account and/or membership card,USCPIE5122191*1
ChargePoint Network,,,1844191,1844191,CLW / MAIN ST,23050431,3,3087616731,2024-05-10T21:18:33Z,2024-05-11T08:56:48Z,,61.815887,7.1503,membership,Payment by membership account and/or membership card,USCPIE1844191*1
ChargePoint Network,,,5122191,5122191,CULLMANELECTRIC / STATION1-L,8482151,247,3068088311,2024-05-02T13:12:30Z,2024-05-02T13:19:12Z,,4.582200,46.965,membership,Payment by membership account and/or membership card,USCPIE5122191*1
ChargePoint Network,,,5354011,5354011,7SPC / GREENEVILLE TA,8936791,207,3075492581,2024-05-05T21:57:47Z,2024-05-05T22:45:22Z,,33.457802,43.776,membership,Payment by membership account and/or membership card,USCPIE5354011*1
ChargePoint Network,,,5346231,5346231,CULLMANELECTRIC / STATION2-R,8926271,100011,3099500491,2024-05-16T03:34:43Z,2024-05-16T04:07:15Z,,9.839100,18.719,membership,Payment by membership account and/or membership card,USCPIE5346231*1
ChargePoint Network,,,8851921,8851921,7SPC / SEVIERVILLE DC1,15571271,207,3124803341,2024-05-27T18:29:18Z,2024-05-27T19:24:14Z,,46.024799,57.903,membership,Payment by membership account and/or membership card,USCPIE8851921*1
ChargePoint Network,,,15260251,15260251,STEMC / STATION 2 (R) A,24784081,247,3088969781,2024-05-11T14:57:57Z,2024-05-11T15:49:33Z,,61.992699,76.23,membership,Payment by membership account and/or membership card,USCPIE15260251*1
ChargePoint Network,,,5354011,5354011,7SPC / GREENEVILLE TA,8936791,207,3115200561,2024-05-22T23:46:38Z,2024-05-23T00:36:25Z,,31.886600,53.949,membership,Payment by membership account and/or membership card,USCPIE5354011*1
ChargePoint Network,,,15623231,15623231,CLW / 5TH ST 1 (L),25208301,247,3085246381,2024-05-09T22:01:53Z,2024-05-09T22:04:25Z,,1.137600,0.0,membership,Payment by membership account and/or membership card,USCPIE15623231*1
ChargePoint Network,,,13606091,13606091,I24 EXIT11 / STATION 3 (RM),22992551,247,3105472481,2024-05-18T19:06:14Z,2024-05-18T19:07:58Z,,0.000000,0.0,membership,Payment by membership account and/or membership card,USCPIE13606091*1
ChargePoint Network,,,9677521,9677521,UT PARKING / S7 STATION 1,17169341,3,3124686031,2024-05-27T17:10:15Z,2024-05-27T19:01:06Z,,12.791430,6.9737,membership,Payment by membership account and/or membership card,USCPIE9677521*2
ChargePoint Network,,,1988061,1988061,7SPC / SCES DOLLYWOOD,25235441,3,3100537681,2024-05-16T16:13:37Z,2024-05-16T16:13:44Z,,0.000000,,credit_card_terminal,Payment via credit card or debit card terminal,USCPIE1988061*1
ChargePoint Network,,,15815141,15815141,GEA-1 / STATION 1 (L),25435121,247,3122192491,2024-05-26T00:25:26Z,2024-05-26T00:26:41Z,,0.000000,0.0,credit_card_terminal,Payment via credit card or debit card terminal,USCPIE15815141*1
ChargePoint Network,,,14337501,14337501,HOLSTONELECTRIC / CHURCH HILL-2,23845091,247,3117591701,2024-05-23T22:08:07Z,2024-05-23T22:29:11Z,,37.455002,118.535,membership,Payment by membership account and/or membership card,USCPIE14337501*1
ChargePoint Network,,,15548181,15548181,DECATURDOWNTWN / STATION 2 (L),,,3087114621,2024-05-10T17:29:17Z,2024-05-10T17:31:18Z,,0.000000,,membership,Payment by membership account and/or membership card,USCPIE15548181*0
ChargePoint Network,,,1844191,1844191,CLW / MAIN ST,23050431,3,3066762721,2024-05-01T21:31:16Z,2024-05-02T02:03:26Z,,33.142410,7.3677,credit_card_terminal,Payment via credit card or debit card terminal,USCPIE1844191*1
ChargePoint Network,,,13606121,13606121,I24 EXIT11 / STATION 2 (LM),22992591,247,3070743251,2024-05-03T11:15:25Z,2024-05-03T12:12:56Z,,47.579399,82.566,membership,Payment by membership account and/or membership card,USCPIE13606121*1
ChargePoint Network,,,12720881,12720881,WRECC / STATION 1,21977141,247,3114943431,2024-05-22T21:57:13Z,2024-05-22T21:59:11Z,,0.000000,0.0,membership,Payment by membership account and/or membership card,USCPIE12720881*1
ChargePoint Network,,,5565241,5565241,7SPC / SCES LECONTE 4,9205101,3,3075866291,2024-05-06T01:33:25Z,2024-05-06T10:49:44Z,,32.436573,7.3777,credit_card_terminal,Payment via credit card or debit card terminal,USCPIE5565241*1
ChargePoint Network,,,14097711,14097711,SCOTTSBORO EPB / SEPB DCFC (R),23570811,247,3082377521,2024-05-08T20:07:43Z,2024-05-08T21:05:51Z,,66.354897,102.831,membership,Payment by membership account and/or membership card,USCPIE14097711*1
ChargePoint Network,,,1921531,1921531,STARKVILLE UTIL / STARKVILLE REC,2268561,3,3122486011,2024-05-26T03:35:47Z,2024-05-26T03:52:37Z,,0.378474,1.4277,credit_card_terminal,Payment via credit card or debit card terminal,USCPIE1921531*2
ChargePoint Network,,,12989161,12989161,BTES / CITY HALL,22285821,3,3071452611,2024-05-03T17:08:39Z,2024-05-04T00:04:27Z,,45.783886,7.0541,membership,Payment by membership account and/or membership card,USCPIE12989161*2
ChargePoint Network,,,14097801,14097801,SCOTTSBORO EPB / SEPB DCFC (L),23570921,247,3082117571,2024-05-08T18:17:23Z,2024-05-08T18:31:52Z,,16.320700,75.45,membership,Payment by membership account and/or membership card,USCPIE14097801*1
ChargePoint Network,,,1988061,1988061,7SPC / SCES DOLLYWOOD,25499841,3,3128801321,2024-05-29T13:51:23Z,2024-05-29T19:20:44Z,,33.705715,7.3306,credit_card_terminal,Payment via credit card or debit card terminal,USCPIE1988061*2
ChargePoint Network,,,13664501,13664501,BTES / STATION 4 (RR),23060561,247,3100402251,2024-05-16T15:31:26Z,2024-05-16T15:50:01Z,,34.423801,120.274,membership,Payment by membership account and/or membership card,USCPIE13664501*1
ChargePoint Network,,,5414151,5414151,7SPC / UC - CARTHAGE,9014651,3,3071961151,2024-05-03T21:07:52Z,2024-05-06T12:46:35Z,,59.229610,7.1754,membership,Payment by membership account and/or membership card,USCPIE5414151*2
ChargePoint Network,,,14337501,14337501,HOLSTONELECTRIC / CHURCH HILL-2,23845091,247,3074265591,2024-05-05T01:40:38Z,2024-05-05T02:09:15Z,,53.633999,118.716,membership,Payment by membership account and/or membership card,USCPIE14337501*1
ChargePoint Network,,,5414151,5414151,7SPC / UC - CARTHAGE,9014641,3,3123796121,2024-05-27T00:29:04Z,2024-05-27T01:00:39Z,,3.736307,7.325,credit_card_terminal,Payment via credit card or debit card terminal,USCPIE5414151*1
ChargePoint Network,,,12720861,12720861,WRECC / STATION 2,21977121,247,3103179051,2024-05-17T17:05:36Z,2024-05-17T17:27:30Z,,23.579500,67.064,membership,Payment by membership account and/or membership card,USCPIE12720861*1
ChargePoint Network,,,14047321,14047321,JEFFERSON AVE. / OXFORD STA2(R),23514081,247,3094200181,2024-05-14T01:13:43Z,2024-05-14T01:35:35Z,,40.799000,121.361,membership,Payment by membership account and/or membership card,USCPIE14047321*1
ChargePoint Network,,,14337221,14337221,HOLSTONELECTRIC / CHURCH HILL-1,23844801,247,3089958281,2024-05-12T00:09:00Z,2024-05-12T00:10:32Z,,0.000000,0.0,membership,Payment by membership account and/or membership card,USCPIE14337221*1
ChargePoint Network,,,5525971,5525971,7SPC / SPARTA TN,9154691,3,3114639581,2024-05-22T19:49:41Z,2024-05-22T21:41:16Z,,6.094602,3.3507,membership,Payment by membership account and/or membership card,USCPIE5525971*2
ChargePoint Network,,,13606121,13606121,I24 EXIT11 / STATION 2 (LM),22992591,100011,3074471911,2024-05-05T04:03:17Z,2024-05-05T04:03:54Z,,0.000000,0.0,membership,Payment by membership account and/or membership card,USCPIE13606121*1
ChargePoint Network,,,5424051,5424051,EEDEV / ELIZ DOWNTOWN,9027001,3,3123458361,2024-05-26T20:56:58Z,2024-05-27T13:07:21Z,,75.952362,7.2015,membership,Payment by membership account and/or membership card,USCPIE5424051*2
ChargePoint Network,,,1844191,1844191,CLW / MAIN ST,23050431,3,3103191891,2024-05-17T17:11:44Z,2024-05-17T18:03:51Z,,5.981299,7.0976,membership,Payment by membership account and/or membership card,USCPIE1844191*1
ChargePoint Network,,,8851921,8851921,7SPC / SEVIERVILLE DC1,15571271,207,3089848151,2024-05-11T23:09:29Z,2024-05-11T23:52:23Z,,28.823400,58.673,membership,Payment by membership account and/or membership card,USCPIE8851921*1
ChargePoint Network,,,13966051,13966051,BEA / STATION 3 (RM),23419981,247,3094789461,2024-05-14T11:21:20Z,2024-05-14T11:47:08Z,,24.788601,73.891,membership,Payment by membership account and/or membership card,USCPIE13966051*1
ChargePoint Network,,,14337501,14337501,HOLSTONELECTRIC / CHURCH HILL-2,23845091,247,3123087121,2024-05-26T16:51:51Z,2024-05-26T17:17:29Z,,29.093800,71.355,membership,Payment by membership account and/or membership card,USCPIE14337501*1
ChargePoint Network,,,13290491,13290491,7SPC / NASA USSRC L,22634941,3,3105254091,2024-05-18T16:59:19Z,2024-05-22T04:47:16Z,,0.816095,0.0,credit_card_terminal,Payment via credit card or debit card terminal,USCPIE13290491*2
ChargePoint Network,,,13606141,13606141,I24 EXIT11 / STATION 1 (LL),22992611,247,3098951911,2024-05-15T23:15:53Z,2024-05-15T23:39:49Z,,27.528999,72.299,membership,Payment by membership account and/or membership card,USCPIE13606141*1
ChargePoint Network,,,1844191,1844191,CLW / MAIN ST,23050431,3,3098068431,2024-05-15T16:53:12Z,2024-05-15T20:50:37Z,,15.270980,6.9995,membership,Payment by membership account and/or membership card,USCPIE1844191*1
ChargePoint Network,,,14359491,14359491,EBOFG / STATION 1 (L),23870291,247,3090736231,2024-05-12T13:53:55Z,2024-05-12T13:54:59Z,,0.000000,0.0,membership,Payment by membership account and/or membership card,USCPIE14359491*1
ChargePoint Network,,,5565241,5565241,7SPC / SCES LECONTE 4,9205111,3,3077081891,2024-05-06T17:10:59Z,2024-05-06T17:37:21Z,,3.034168,7.0339,credit_card_terminal,Payment via credit card or debit card terminal,USCPIE5565241*2
ChargePoint Network,,,8851921,8851921,7SPC / SEVIERVILLE DC1,15571271,207,3092969591,2024-05-13T16:02:17Z,2024-05-13T16:19:19Z,,12.597100,53.279,membership,Payment by membership account and/or membership card,USCPIE8851921*1
ChargePoint Network,,,13606141,13606141,I24 EXIT11 / STATION 1 (LL),22992611,247,3097497731,2024-05-15T13:12:04Z,2024-05-15T13:43:18Z,,33.296799,67.599,membership,Payment by membership account and/or membership card,USCPIE13606141*1
ChargePoint Network,,,1844191,1844191,CLW / MAIN ST,23050431,3,3114236951,2024-05-22T16:46:31Z,2024-05-22T17:21:15Z,,3.970106,7.0232,membership,Payment by membership account and/or membership card,USCPIE1844191*1
ChargePoint Network,,,5122191,5122191,CULLMANELECTRIC / STATION1-L,8482151,247,3114691321,2024-05-22T20:10:22Z,2024-05-22T21:01:58Z,,38.162998,76.823,membership,Payment by membership account and/or membership card,USCPIE5122191*1
ChargePoint Network,,,14097801,14097801,SCOTTSBORO EPB / SEPB DCFC (L),23570921,247,3090910781,2024-05-12T16:22:32Z,2024-05-12T16:45:01Z,,17.507500,73.481,membership,Payment by membership account and/or membership card,USCPIE14097801*1
ChargePoint Network,,,15640171,15640171,NECDC / STATION 2 (R),25228711,247,3073009451,2024-05-04T09:49:25Z,2024-05-04T10:36:25Z,,43.207401,59.52,credit_card_terminal,Payment via credit card or debit card terminal,USCPIE15640171*1
ChargePoint Network,,,8851921,8851921,7SPC / SEVIERVILLE DC1,15571271,100011,3123031651,2024-05-26T16:11:20Z,2024-05-26T16:56:33Z,,2.668500,12.479,membership,Payment by membership account and/or membership card,USCPIE8851921*1
ChargePoint Network,,,14025691,14025691,PARIS BPU / STATION 1(L),,,3104729881,2024-05-18T06:34:59Z,2024-05-18T06:37:00Z,,0.000000,,membership,Payment by membership account and/or membership card,USCPIE14025691*0
ChargePoint Network,,,5122191,5122191,CULLMANELECTRIC / STATION1-L,8482151,247,3080540471,2024-05-08T01:04:55Z,2024-05-08T01:55:50Z,,57.610901,88.391,membership,Payment by membership account and/or membership card,USCPIE5122191*1
ChargePoint Network,,,13659871,13659871,LAWRENCEBURG / STATION 2 (R),23054921,247,3122875171,2024-05-26T13:51:44Z,2024-05-26T14:07:58Z,,10.005900,46.125,membership,Payment by membership account and/or membership card,USCPIE13659871*1
ChargePoint Network,,,5619801,5619801,7SPC / WARREN RECC BG,9274251,3,3080305241,2024-05-07T23:24:32Z,2024-05-08T00:37:36Z,,7.641304,6.3583,membership,Payment by membership account and/or membership card,USCPIE5619801*1
ChargePoint Network,,,15548151,15548151,DECATURDOWNTWN / STATION 1 (R),25119511,247,3118892901,2024-05-24T13:22:01Z,2024-05-24T13:51:32Z,,22.744801,53.756,credit_card_terminal,Payment via credit card or debit card terminal,USCPIE15548151*1
ChargePoint Network,,,12720861,12720861,WRECC / STATION 2,21977121,247,3122253951,2024-05-26T01:02:17Z,2024-05-26T01:04:56Z,,0.000000,0.0,membership,Payment by membership account and/or membership card,USCPIE12720861*1
ChargePoint Network,,,5346231,5346231,CULLMANELECTRIC / STATION2-R,8926271,247,3102237611,2024-05-17T05:26:18Z,2024-05-17T06:08:57Z,,60.339100,88.856,other,Any other payment method not specified above. Additional description should be provided in Payment Method Description.,USCPIE5346231*1
ChargePoint Network,,,14049761,14049761,PARIS BPU / STATION 2(R),23516951,247,3097685211,2024-05-15T14:40:28Z,2024-05-15T15:22:19Z,,45.331100,75.62,membership,Payment by membership account and/or membership card,USCPIE14049761*1
ChargePoint Network,,,12460751,12460751,PES / LEFT STATION,22360171,215,3096254051,2024-05-14T22:07:11Z,2024-05-15T15:11:21Z,,60.824100,7.7508,membership,Payment by membership account and/or membership card,USCPIE12460751*1
ChargePoint Network,,,9677521,9677521,UT PARKING / S7 STATION 1,17169341,3,3069638231,2024-05-02T21:34:19Z,2024-05-03T00:15:07Z,,10.371684,3.9036,membership,Payment by membership account and/or membership card,USCPIE9677521*2
ChargePoint Network,,,9677521,9677521,UT PARKING / S7 STATION 1,17169341,3,3065481601,2024-05-01T12:38:24Z,2024-05-01T16:36:06Z,,19.222076,6.9532,membership,Payment by membership account and/or membership card,USCPIE9677521*2
ChargePoint Network,,,14097711,14097711,SCOTTSBORO EPB / SEPB DCFC (R),23570811,247,3109661211,2024-05-20T20:31:32Z,2024-05-20T20:34:09Z,,0.000000,0.0,membership,Payment by membership account and/or membership card,USCPIE14097711*1
ChargePoint Network,,,12676411,12676411,NEMEPA / NEMEPA CUSTOMER,21923891,3,3080672201,2024-05-08T02:10:35Z,2024-05-08T17:17:21Z,,83.567612,6.221,membership,Payment by membership account and/or membership card,USCPIE12676411*1
ChargePoint Network,,,15640171,15640171,NECDC / STATION 2 (R),25228711,247,3076904271,2024-05-06T15:57:25Z,2024-05-06T17:29:07Z,,50.323200,59.363,credit_card_terminal,Payment via credit card or debit card terminal,USCPIE15640171*1
ChargePoint Network,,,13606091,13606091,I24 EXIT11 / STATION 3 (RM),22992551,247,3075689791,2024-05-05T23:49:01Z,2024-05-05T23:49:54Z,,0.000000,0.0,membership,Payment by membership account and/or membership card,USCPIE13606091*1
ChargePoint Network,,,1933211,1933211,BRIGHTRIDGE EV / BR-JONESBOROUGH,2283641,3,3122893521,2024-05-26T14:11:24Z,2024-05-26T16:56:05Z,,16.505133,6.1084,membership,Payment by membership account and/or membership card,USCPIE1933211*2
ChargePoint Network,,,1921531,1921531,STARKVILLE UTIL / STARKVILLE REC,2268561,3,3105177251,2024-05-18T16:11:49Z,2024-05-18T16:39:06Z,,0.620935,1.4171,credit_card_terminal,Payment via credit card or debit card terminal,USCPIE1921531*2
ChargePoint Network,,,1921351,1921351,STARKVILLE UTIL / STARKVILLE DWTN,23682581,3,3087306931,2024-05-10T19:03:43Z,2024-05-10T19:26:53Z,,2.772449,7.3511,other,Any other payment method not specified above. Additional description should be provided in Payment Method Description.,USCPIE1921351*2
ChargePoint Network,,,14097801,14097801,SCOTTSBORO EPB / SEPB DCFC (L),23570921,100011,3066576871,2024-05-01T20:10:51Z,2024-05-01T21:11:42Z,,12.448800,50.922,membership,Payment by membership account and/or membership card,USCPIE14097801*1
ChargePoint Network,,,14097801,14097801,SCOTTSBORO EPB / SEPB DCFC (L),23570921,247,3129448901,2024-05-29T18:03:36Z,2024-05-29T18:55:44Z,,64.787697,82.29,credit_card_terminal,Payment via credit card or debit card terminal,USCPIE14097801*1
ChargePoint Network,,,8851921,8851921,7SPC / SEVIERVILLE DC1,15571271,100011,3109471601,2024-05-20T19:10:55Z,2024-05-20T20:33:18Z,,2.477500,12.121,membership,Payment by membership account and/or membership card,USCPIE8851921*1
ChargePoint Network,,,5346231,5346231,CULLMANELECTRIC / STATION2-R,8926271,247,3082109261,2024-05-08T18:12:22Z,2024-05-08T18:52:29Z,,26.903299,54.384,membership,Payment by membership account and/or membership card,USCPIE5346231*1
ChargePoint Network,,,12406401,12406401,FPIA / RIGHT STATION,21527671,247,3071566381,2024-05-03T18:05:09Z,2024-05-03T18:24:11Z,,18.896299,66.572,membership,Payment by membership account and/or membership card,USCPIE12406401*1
ChargePoint Network,,,5354011,5354011,7SPC / GREENEVILLE TA,8936791,207,3122843211,2024-05-26T13:10:40Z,2024-05-26T13:41:13Z,,21.273800,47.97,membership,Payment by membership account and/or membership card,USCPIE5354011*1
ChargePoint Network,,,5354011,5354011,7SPC / GREENEVILLE TA,8936791,207,3079299731,2024-05-07T16:04:16Z,2024-05-07T16:46:13Z,,37.639000,55.869,membership,Payment by membership account and/or membership card,USCPIE5354011*1
ChargePoint Network,,,13861891,13861891,BRMEMC / STATION 2,23296321,247,3077136541,2024-05-06T17:39:10Z,2024-05-06T18:20:05Z,,46.715000,74.684,membership,Payment by membership account and/or membership card,USCPIE13861891*1
ChargePoint Network,,,5466441,5466441,7SPC / NASA USSRC R,9079371,3,3084848891,2024-05-09T19:22:25Z,2024-05-09T21:07:32Z,,5.705390,3.4381,credit_card_terminal,Payment via credit card or debit card terminal,USCPIE5466441*2
ChargePoint Network,,,14097711,14097711,SCOTTSBORO EPB / SEPB DCFC (R),23570811,247,3093248661,2024-05-13T18:04:36Z,2024-05-13T20:37:30Z,,40.132599,76.047,membership,Payment by membership account and/or membership card,USCPIE14097711*1
ChargePoint Network,,,13659871,13659871,LAWRENCEBURG / STATION 2 (R),23054921,247,3078183421,2024-05-07T01:52:16Z,2024-05-07T02:26:41Z,,13.330800,47.125,membership,Payment by membership account and/or membership card,USCPIE13659871*1
ChargePoint Network,,,14047321,14047321,JEFFERSON AVE. / OXFORD STA2(R),23514081,247,3103666501,2024-05-17T20:50:23Z,2024-05-17T21:35:49Z,,42.074402,74.199,membership,Payment by membership account and/or membership card,USCPIE14047321*1
ChargePoint Network,,,12406491,12406491,FPIA / LEFT STATION,21527781,247,3108748081,2024-05-20T14:14:36Z,2024-05-20T14:14:57Z,,0.000000,0.0,credit_card_terminal,Payment via credit card or debit card terminal,USCPIE12406491*1
ChargePoint Network,,,12720881,12720881,WRECC / STATION 1,21977141,247,3115534831,2024-05-23T02:12:41Z,2024-05-23T03:53:58Z,,94.017601,59.136,membership,Payment by membership account and/or membership card,USCPIE12720881*1
ChargePoint Network,,,15694171,15694171,BRIGHTRIDGE EV / STATION 1 (L),25292041,247,3124670581,2024-05-27T16:59:23Z,2024-05-27T17:51:03Z,,49.754200,77.415,membership,Payment by membership account and/or membership card,USCPIE15694171*1
ChargePoint Network,,,5397731,5397731,EEDEV / MILLIGAN UNIV,9010261,3,3095860821,2024-05-14T19:19:15Z,2024-05-14T20:26:27Z,,3.772791,3.589,membership,Payment by membership account and/or membership card,USCPIE5397731*2
ChargePoint Network,,,9677521,9677521,UT PARKING / S7 STATION 1,17169341,3,3131661091,2024-05-30T15:46:29Z,2024-05-30T18:40:34Z,,19.851753,7.0187,membership,Payment by membership account and/or membership card,USCPIE9677521*2
ChargePoint Network,,,15623211,15623211,CLW / 5TH ST 2 (R),25208281,247,3117589981,2024-05-23T22:07:14Z,2024-05-23T23:23:01Z,,33.354301,53.453,membership,Payment by membership account and/or membership card,USCPIE15623211*1
ChargePoint Network,,,5363211,5363211,HARTSELLE 1 / HARTSELLE 1,23427581,3,3121152541,2024-05-25T13:34:27Z,2024-05-25T15:46:24Z,,15.612709,7.2311,membership,Payment by membership account and/or membership card,USCPIE5363211*2
ChargePoint Network,,,13026471,13026471,WCMES / CITYHALL2-R,22328331,247,3070151891,2024-05-03T01:06:24Z,2024-05-03T02:02:24Z,,53.008900,91.755,membership,Payment by membership account and/or membership card,USCPIE13026471*1
ChargePoint Network,,,13966031,13966031,BEA / STATION 4 (RR),23419961,247,3082750641,2024-05-08T22:42:36Z,2024-05-08T22:59:21Z,,19.262899,72.8,membership,Payment by membership account and/or membership card,USCPIE13966031*1
ChargePoint Network,,,5619801,5619801,7SPC / WARREN RECC BG,9274261,3,3121133661,2024-05-25T13:15:05Z,2024-05-25T18:04:34Z,,28.434977,6.1921,other,Any other payment method not specified above. Additional description should be provided in Payment Method Description.,USCPIE5619801*2
ChargePoint Network,,,5424051,5424051,EEDEV / ELIZ DOWNTOWN,9027001,3,3089704491,2024-05-11T21:53:04Z,2024-05-11T22:37:43Z,,5.402792,7.4487,membership,Payment by membership account and/or membership card,USCPIE5424051*2
ChargePoint Network,,,14355271,14355271,HARTSELLE 1 / STATION 1 (L),23865711,247,3078562271,2024-05-07T07:30:16Z,2024-05-07T09:01:41Z,,49.066002,52.49,membership,Payment by membership account and/or membership card,USCPIE14355271*1
ChargePoint Network,,,15548181,15548181,DECATURDOWNTWN / STATION 2 (L),25119551,247,3122256191,2024-05-26T01:03:55Z,2024-05-26T01:09:29Z,,0.000000,0.0,membership,Payment by membership account and/or membership card,USCPIE15548181*1
ChargePoint Network,,,13651631,13651631,MLEC / STATION 2 (R) H,23045821,247,3113939921,2024-05-22T15:07:49Z,2024-05-22T15:21:42Z,,20.653999,98.251,membership,Payment by membership account and/or membership card,USCPIE13651631*1
ChargePoint Network,,,5354011,5354011,7SPC / GREENEVILLE TA,8936791,207,3124241501,2024-05-27T06:49:05Z,2024-05-27T07:10:09Z,,18.851000,55.025,membership,Payment by membership account and/or membership card,USCPIE5354011*1
ChargePoint Network,,,5466441,5466441,7SPC / NASA USSRC R,9079371,3,3105105361,2024-05-18T15:24:34Z,2024-05-18T18:44:15Z,,20.433928,6.2437,membership,Payment by membership account and/or membership card,USCPIE5466441*2
ChargePoint Network,,,14355251,14355251,HARTSELLE 1 / STATION 2 (R),23865691,247,3111692021,2024-05-21T16:57:52Z,2024-05-21T17:50:32Z,,26.402201,63.84,credit_card_terminal,Payment via credit card or debit card terminal,USCPIE14355251*1
ChargePoint Network,,,15694081,15694081,BRIGHTRIDGE EV / STATION 2 (R),25291921,247,3121378031,2024-05-25T16:24:49Z,2024-05-25T18:22:37Z,,91.816803,87.073,credit_card_terminal,Payment via credit card or debit card terminal,USCPIE15694081*1
ChargePoint Network,,,14337501,14337501,HOLSTONELECTRIC / CHURCH HILL-2,23845091,247,3111263421,2024-05-21T14:28:46Z,2024-05-21T14:50:46Z,,38.658501,123.708,membership,Payment by membership account and/or membership card,USCPIE14337501*1
ChargePoint Network,,,5122191,5122191,CULLMANELECTRIC / STATION1-L,8482151,247,3072277371,2024-05-03T23:38:10Z,2024-05-03T23:39:10Z,,0.000000,0.0,membership,Payment by membership account and/or membership card,USCPIE5122191*1
ChargePoint Network,,,7505851,7505851,JEFFERSON AVE. / OXFORD STA1(L),12955471,247,3109352671,2024-05-20T18:13:15Z,2024-05-20T18:59:38Z,,48.489101,75.068,membership,Payment by membership account and/or membership card,USCPIE7505851*1
ChargePoint Network,,,12406491,12406491,FPIA / LEFT STATION,21527781,247,3123309021,2024-05-26T19:19:49Z,2024-05-26T19:20:50Z,,0.000000,0.0,membership,Payment by membership account and/or membership card,USCPIE12406491*1
ChargePoint Network,,,13606061,13606061,I24 EXIT11 / STATION 4 (RR),22992511,247,3130200161,2024-05-29T23:22:11Z,2024-05-29T23:35:23Z,,13.166100,65.072,membership,Payment by membership account and/or membership card,USCPIE13606061*1
ChargePoint Network,,,5122191,5122191,CULLMANELECTRIC / STATION1-L,8482151,247,3082108261,2024-05-08T18:12:42Z,2024-05-08T18:29:02Z,,14.016900,55.223,membership,Payment by membership account and/or membership card,USCPIE5122191*1
ChargePoint Network,,,12676071,12676071,NEMEPA / NEMEPA EMPLOYEE,21923351,3,3067532381,2024-05-02T03:21:21Z,2024-05-02T12:47:46Z,,18.594715,6.2526,membership,Payment by membership account and/or membership card,USCPIE12676071*1
ChargePoint Network,,,1844191,1844191,CLW / MAIN ST,23050431,3,3114912001,2024-05-22T21:44:17Z,2024-05-23T01:53:25Z,,27.937939,7.3151,credit_card_terminal,Payment via credit card or debit card terminal,USCPIE1844191*1
ChargePoint Network,,,14359491,14359491,EBOFG / STATION 1 (L),23870291,247,3074916391,2024-05-05T16:02:40Z,2024-05-05T16:03:24Z,,0.000000,0.0,membership,Payment by membership account and/or membership card,USCPIE14359491*1
ChargePoint Network,,,14097711,14097711,SCOTTSBORO EPB / SEPB DCFC (R),23570811,247,3121404881,2024-05-25T16:44:03Z,2024-05-25T17:20:53Z,,33.609600,57.0,membership,Payment by membership account and/or membership card,USCPIE14097711*1
ChargePoint Network,,,12989161,12989161,BTES / CITY HALL,22285821,3,3122192311,2024-05-26T00:25:20Z,2024-05-26T03:11:04Z,,19.166166,7.0484,membership,Payment by membership account and/or membership card,USCPIE12989161*2
ChargePoint Network,,,14047321,14047321,JEFFERSON AVE. / OXFORD STA2(R),23514081,247,3087749151,2024-05-10T22:19:01Z,2024-05-10T23:02:08Z,,44.238499,78.209,membership,Payment by membership account and/or membership card,USCPIE14047321*1
ChargePoint Network,,,15623231,15623231,CLW / 5TH ST 1 (L),,,3069709151,2024-05-02T22:03:37Z,2024-05-02T22:04:45Z,,0.000000,,membership,Payment by membership account and/or membership card,USCPIE15623231*0
ChargePoint Network,,,12720881,12720881,WRECC / STATION 1,21977141,247,3084107831,2024-05-09T14:36:21Z,2024-05-09T15:31:42Z,,29.853300,73.678,credit_card_terminal,Payment via credit card or debit card terminal,USCPIE12720881*1
ChargePoint Network,,,13659831,13659831,LAWRENCEBURG / STATION 1 (L),23054881,247,3113436871,2024-05-22T10:52:52Z,2024-05-22T11:04:09Z,,10.977000,73.061,membership,Payment by membership account and/or membership card,USCPIE13659831*1
ChargePoint Network,,,1932851,1932851,BRIGHTRIDGE EV / BR-JC LIBRARY,23319811,3,3105707591,2024-05-18T21:20:52Z,2024-05-19T03:26:06Z,,36.817513,7.5033,membership,Payment by membership account and/or membership card,USCPIE1932851*1
ChargePoint Network,,,5354011,5354011,7SPC / GREENEVILLE TA,8936791,207,3117146541,2024-05-23T19:04:32Z,2024-05-23T19:27:47Z,,21.169100,55.645,membership,Payment by membership account and/or membership card,USCPIE5354011*1
ChargePoint Network,,,13651631,13651631,MLEC / STATION 2 (R) H,23045821,100011,3068904261,2024-05-02T16:16:32Z,2024-05-02T16:35:04Z,,7.624800,48.584,membership,Payment by membership account and/or membership card,USCPIE13651631*1
ChargePoint Network,,,13026471,13026471,WCMES / CITYHALL2-R,22328331,247,3090865991,2024-05-12T15:49:23Z,2024-05-12T16:27:23Z,,40.502300,76.635,credit_card_terminal,Payment via credit card or debit card terminal,USCPIE13026471*1
ChargePoint Network,,,13292801,13292801,LODGE CAST IRON / STORE & MUSEUM,22637561,3,3088793671,2024-05-11T12:10:40Z,2024-05-11T13:08:20Z,,6.720749,7.0829,membership,Payment by membership account and/or membership card,USCPIE13292801*2
ChargePoint Network,,,13664401,13664401,BTES / STATION 1 (LL),23060421,247,3089066651,2024-05-11T16:01:05Z,2024-05-11T17:39:23Z,,89.969803,62.4,membership,Payment by membership account and/or membership card,USCPIE13664401*1
ChargePoint Network,,,12720881,12720881,WRECC / STATION 1,21977141,247,3096033351,2024-05-14T20:31:34Z,2024-05-14T20:33:21Z,,1.571300,0.0,membership,Payment by membership account and/or membership card,USCPIE12720881*1
ChargePoint Network,,,1988061,1988061,7SPC / SCES DOLLYWOOD,25235441,3,3103194651,2024-05-17T17:13:01Z,2024-05-17T17:13:19Z,,0.000000,,other,Any other payment method not specified above. Additional description should be provided in Payment Method Description.,USCPIE1988061*1
ChargePoint Network,,,1844191,1844191,CLW / MAIN ST,23050441,3,3069688651,2024-05-02T21:55:58Z,2024-05-03T01:48:11Z,,27.882166,7.2905,credit_card_terminal,Payment via credit card or debit card terminal,USCPIE1844191*2
ChargePoint Network,,,15623231,15623231,CLW / 5TH ST 1 (L),25208301,247,3120258231,2024-05-24T23:41:01Z,2024-05-24T23:57:55Z,,13.879000,53.099,membership,Payment by membership account and/or membership card,USCPIE15623231*1
ChargePoint Network,,,15332351,15332351,TUA NW ATLANTIC / STATION 2 (R),24867891,247,3071008521,2024-05-03T14:05:47Z,2024-05-03T14:21:45Z,,4.713700,19.746,credit_card_terminal,Payment via credit card or debit card terminal,USCPIE15332351*1
ChargePoint Network,,,12989161,12989161,BTES / CITY HALL,22285821,3,3103975871,2024-05-17T23:10:01Z,2024-05-18T00:32:15Z,,8.544705,7.2413,membership,Payment by membership account and/or membership card,USCPIE12989161*2
ChargePoint Network,,,5619801,5619801,7SPC / WARREN RECC BG,9274251,3,3106961071,2024-05-19T16:43:40Z,2024-05-19T19:33:55Z,,14.856966,6.4071,membership,Payment by membership account and/or membership card,USCPIE5619801*1
ChargePoint Network,,,15694081,15694081,BRIGHTRIDGE EV / STATION 2 (R),25291921,247,3124391821,2024-05-27T12:33:29Z,2024-05-27T13:14:30Z,,47.497898,76.041,membership,Payment by membership account and/or membership card,USCPIE15694081*1
ChargePoint Network,,,13026471,13026471,WCMES / CITYHALL2-R,,,3121128871,2024-05-25T13:07:29Z,2024-05-25T13:09:27Z,,0.000000,,membership,Payment by membership account and/or membership card,USCPIE13026471*0
ChargePoint Network,,,12676411,12676411,NEMEPA / NEMEPA CUSTOMER,21923891,3,3105224611,2024-05-18T16:40:00Z,2024-05-18T16:42:00Z,,0.000000,0.0,other,Any other payment method not specified above. Additional description should be provided in Payment Method Description.,USCPIE12676411*1
ChargePoint Network,,,15260241,15260241,STEMC / STATION 1 (L) A,24784071,247,3080466591,2024-05-08T00:35:48Z,2024-05-08T01:27:37Z,,46.191898,73.655,credit_card_terminal,Payment via credit card or debit card terminal,USCPIE15260241*1
ChargePoint Network,,,12720861,12720861,WRECC / STATION 2,21977121,247,3120908431,2024-05-25T06:13:21Z,2024-05-25T07:20:53Z,,49.599602,54.75,membership,Payment by membership account and/or membership card,USCPIE12720861*1
ChargePoint Network,,,12720861,12720861,WRECC / STATION 2,21977121,247,3072103451,2024-05-03T22:13:26Z,2024-05-03T22:50:37Z,,41.532799,69.65,membership,Payment by membership account and/or membership card,USCPIE12720861*1
ChargePoint Network,,,14337501,14337501,HOLSTONELECTRIC / CHURCH HILL-2,23845091,100011,3089481931,2024-05-11T19:54:14Z,2024-05-11T20:20:24Z,,17.596001,53.34,membership,Payment by membership account and/or membership card,USCPIE14337501*1
ChargePoint Network,,,13966851,13966851,BEA / STATION 1 (LL),23420911,247,3112349311,2024-05-21T21:46:19Z,2024-05-21T23:18:10Z,,65.652100,71.148,membership,Payment by membership account and/or membership card,USCPIE13966851*1
ChargePoint Network,,,15332351,15332351,TUA NW ATLANTIC / STATION 2 (R),24867891,247,3090275821,2024-05-12T03:13:17Z,2024-05-12T04:09:11Z,,38.696999,54.464,membership,Payment by membership account and/or membership card,USCPIE15332351*1
ChargePoint Network,,,12406491,12406491,FPIA / LEFT STATION,21527781,247,3082019821,2024-05-08T17:31:33Z,2024-05-08T18:04:12Z,,35.186600,76.031,membership,Payment by membership account and/or membership card,USCPIE12406491*1
ChargePoint Network,,,13606121,13606121,I24 EXIT11 / STATION 2 (LM),22992591,247,3088038841,2024-05-11T00:39:16Z,2024-05-11T01:05:29Z,,20.617300,53.341,membership,Payment by membership account and/or membership card,USCPIE13606121*1
ChargePoint Network,,,15623231,15623231,CLW / 5TH ST 1 (L),25208301,247,3088047221,2024-05-11T00:43:37Z,2024-05-11T01:09:02Z,,23.593800,65.945,membership,Payment by membership account and/or membership card,USCPIE15623231*1
ChargePoint Network,,,13606091,13606091,I24 EXIT11 / STATION 3 (RM),22992551,247,3109319001,2024-05-20T17:56:58Z,2024-05-20T18:38:01Z,,47.227100,73.283,membership,Payment by membership account and/or membership card,USCPIE13606091*1
ChargePoint Network,,,5122191,5122191,CULLMANELECTRIC / STATION1-L,8482151,247,3090840041,2024-05-12T15:29:51Z,2024-05-12T16:15:06Z,,48.972900,76.017,membership,Payment by membership account and/or membership card,USCPIE5122191*1
ChargePoint Network,,,1988061,1988061,7SPC / SCES DOLLYWOOD,25235441,3,3090768311,2024-05-12T14:26:08Z,2024-05-12T14:26:17Z,,0.000000,,membership,Payment by membership account and/or membership card,USCPIE1988061*1
ChargePoint Network,,,1988061,1988061,7SPC / SCES DOLLYWOOD,25235441,3,3090769251,2024-05-12T14:27:01Z,2024-05-12T14:27:15Z,,0.000000,,membership,Payment by membership account and/or membership card,USCPIE1988061*1
ChargePoint Network,,,14359491,14359491,EBOFG / STATION 1 (L),23870291,247,3077225461,2024-05-06T18:24:40Z,2024-05-06T18:25:53Z,,0.000000,0.0,membership,Payment by membership account and/or membership card,USCPIE14359491*1
ChargePoint Network,,,15640171,15640171,NECDC / STATION 2 (R),25228711,247,3089017071,2024-05-11T15:29:34Z,2024-05-11T16:00:02Z,,23.410700,59.903,membership,Payment by membership account and/or membership card,USCPIE15640171*1
ChargePoint Network,,,14025691,14025691,PARIS BPU / STATION 1(L),23489541,247,3121421851,2024-05-25T16:54:44Z,2024-05-25T17:25:11Z,,32.827301,76.031,membership,Payment by membership account and/or membership card,USCPIE14025691*1
ChargePoint Network,,,5445161,5445161,7SPC / UC - LIVINGSTON,9052341,3,3095785551,2024-05-14T18:45:51Z,2024-05-14T18:46:00Z,,0.000000,,membership,Payment by membership account and/or membership card,USCPIE5445161*1
ChargePoint Network,,,13290491,13290491,7SPC / NASA USSRC L,22634941,3,3127162871,2024-05-28T19:53:25Z,2024-05-28T20:08:43Z,,1.408796,,membership,Payment by membership account and/or membership card,USCPIE13290491*2
ChargePoint Network,,,14359491,14359491,EBOFG / STATION 1 (L),23870291,247,3131870531,2024-05-30T17:02:34Z,2024-05-30T17:03:08Z,,0.000000,0.0,membership,Payment by membership account and/or membership card,USCPIE14359491*1
ChargePoint Network,,,14355251,14355251,HARTSELLE 1 / STATION 2 (R),23865691,247,3095480781,2024-05-14T16:20:23Z,2024-05-14T16:21:17Z,,0.000000,0.0,credit_card_terminal,Payment via credit card or debit card terminal,USCPIE14355251*1
ChargePoint Network,,,13966811,13966811,BEA / STATION 2 (LM),23420881,247,3070390691,2024-05-03T03:11:24Z,2024-05-03T03:41:37Z,,26.239500,75.851,membership,Payment by membership account and/or membership card,USCPIE13966811*1
ChargePoint Network,,,1844191,1844191,CLW / MAIN ST,23050441,3,3089756951,2024-05-11T22:22:00Z,2024-05-11T22:47:27Z,,3.016614,7.2987,credit_card_terminal,Payment via credit card or debit card terminal,USCPIE1844191*2
ChargePoint Network,,,15684301,15684301,MLEC / STATION 1 (L) W,25280151,247,3121266141,2024-05-25T15:09:18Z,2024-05-25T15:30:07Z,,19.253300,59.591,credit_card_terminal,Payment via credit card or debit card terminal,USCPIE15684301*1
ChargePoint Network,,,15260241,15260241,STEMC / STATION 1 (L) A,24784071,247,3117665721,2024-05-23T22:38:23Z,2024-05-23T22:41:25Z,,2.737400,0.0,credit_card_terminal,Payment via credit card or debit card terminal,USCPIE15260241*1
ChargePoint Network,,,13659871,13659871,LAWRENCEBURG / STATION 2 (R),23054921,247,3114254731,2024-05-22T16:53:55Z,2024-05-22T17:22:11Z,,27.151600,75.056,membership,Payment by membership account and/or membership card,USCPIE13659871*1
ChargePoint Network,,,15332351,15332351,TUA NW ATLANTIC / STATION 2 (R),24867891,247,3071954621,2024-05-03T21:04:45Z,2024-05-03T22:01:39Z,,57.152901,74.676,membership,Payment by membership account and/or membership card,USCPIE15332351*1
ChargePoint Network,,,13606091,13606091,I24 EXIT11 / STATION 3 (RM),22992551,247,3070306191,2024-05-03T02:33:41Z,2024-05-03T02:34:03Z,,0.000000,0.0,membership,Payment by membership account and/or membership card,USCPIE13606091*1
ChargePoint Network,,,14359491,14359491,EBOFG / STATION 1 (L),23870291,247,3131866961,2024-05-30T17:00:23Z,2024-05-30T17:01:49Z,,0.000000,0.0,membership,Payment by membership account and/or membership card,USCPIE14359491*1
ChargePoint Network,,,13606091,13606091,I24 EXIT11 / STATION 3 (RM),22992551,247,3080255571,2024-05-07T23:03:02Z,2024-05-07T23:21:48Z,,16.159800,53.576,membership,Payment by membership account and/or membership card,USCPIE13606091*1
ChargePoint Network,,,13290491,13290491,7SPC / NASA USSRC L,22634931,3,3126445041,2024-05-28T15:06:41Z,2024-05-28T15:12:42Z,,0.439243,5.8766,membership,Payment by membership account and/or membership card,USCPIE13290491*1
ChargePoint Network,,,13606091,13606091,I24 EXIT11 / STATION 3 (RM),22992551,247,3071867051,2024-05-03T20:25:16Z,2024-05-03T21:03:21Z,,44.580898,84.942,membership,Payment by membership account and/or membership card,USCPIE13606091*1
ChargePoint Network,,,5122191,5122191,CULLMANELECTRIC / STATION1-L,8482151,247,3125316691,2024-05-27T23:59:46Z,2024-05-28T00:23:53Z,,24.367901,64.092,membership,Payment by membership account and/or membership card,USCPIE5122191*1
ChargePoint Network,,,15548151,15548151,DECATURDOWNTWN / STATION 1 (R),25119511,247,3080395171,2024-05-08T00:03:58Z,2024-05-08T00:48:09Z,,38.636200,87.759,membership,Payment by membership account and/or membership card,USCPIE15548151*1
ChargePoint Network,,,13423581,13423581,AEC / STATION #2 (R),22787011,247,3115009741,2024-05-22T22:24:08Z,2024-05-22T22:59:32Z,,27.330601,66.293,membership,Payment by membership account and/or membership card,USCPIE13423581*1
ChargePoint Network,,,1844191,1844191,CLW / MAIN ST,23050441,3,3068756931,2024-05-02T15:33:45Z,2024-05-02T17:41:27Z,,15.139068,7.2224,membership,Payment by membership account and/or membership card,USCPIE1844191*2
ChargePoint Network,,,13606091,13606091,I24 EXIT11 / STATION 3 (RM),22992551,247,3123263321,2024-05-26T18:49:29Z,2024-05-26T19:25:06Z,,28.451401,53.4,membership,Payment by membership account and/or membership card,USCPIE13606091*1
ChargePoint Network,,,15260241,15260241,STEMC / STATION 1 (L) A,24784071,247,3064676081,2024-05-01T00:33:23Z,2024-05-01T00:45:50Z,,12.333100,66.199,other,Any other payment method not specified above. Additional description should be provided in Payment Method Description.,USCPIE15260241*1
ChargePoint Network,,,1932851,1932851,BRIGHTRIDGE EV / BR-JC LIBRARY,23319811,3,3071280941,2024-05-03T15:56:12Z,2024-05-03T15:57:16Z,,0.000000,,credit_card_terminal,Payment via credit card or debit card terminal,USCPIE1932851*1
ChargePoint Network,,,12720861,12720861,WRECC / STATION 2,21977121,247,3073244401,2024-05-04T15:09:58Z,2024-05-04T15:33:53Z,,28.874399,94.486,membership,Payment by membership account and/or membership card,USCPIE12720861*1
ChargePoint Network,,,13606121,13606121,I24 EXIT11 / STATION 2 (LM),22992591,247,3103792861,2024-05-17T21:46:13Z,2024-05-17T22:05:51Z,,33.979401,115.208,credit_card_terminal,Payment via credit card or debit card terminal,USCPIE13606121*1
ChargePoint Network,,,13606061,13606061,I24 EXIT11 / STATION 4 (RR),22992511,100011,3096575431,2024-05-15T00:24:59Z,2024-05-15T01:11:47Z,,24.812000,39.647,credit_card_terminal,Payment via credit card or debit card terminal,USCPIE13606061*1
ChargePoint Network,,,13606141,13606141,I24 EXIT11 / STATION 1 (LL),22992611,247,3085097261,2024-05-09T21:00:57Z,2024-05-09T21:21:41Z,,24.469400,77.617,membership,Payment by membership account and/or membership card,USCPIE13606141*1
ChargePoint Network,,,5466441,5466441,7SPC / NASA USSRC R,9079361,3,3100182851,2024-05-16T14:10:35Z,2024-05-16T14:12:34Z,,0.000000,0.0,membership,Payment by membership account and/or membership card,USCPIE5466441*1
ChargePoint Network,,,5414151,5414151,7SPC / UC - CARTHAGE,9014651,3,3087639001,2024-05-10T21:28:35Z,2024-05-10T22:24:52Z,,6.662699,7.1557,credit_card_terminal,Payment via credit card or debit card terminal,USCPIE5414151*2
ChargePoint Network,,,14047321,14047321,JEFFERSON AVE. / OXFORD STA2(R),23514081,247,3091468811,2024-05-12T22:03:20Z,2024-05-12T22:44:58Z,,49.373100,75.845,membership,Payment by membership account and/or membership card,USCPIE14047321*1
ChargePoint Network,,,13659871,13659871,LAWRENCEBURG / STATION 2 (R),23054921,247,3103603481,2024-05-17T20:22:20Z,2024-05-17T20:43:38Z,,20.573200,66.176,membership,Payment by membership account and/or membership card,USCPIE13659871*1
ChargePoint Network,,,12406491,12406491,FPIA / LEFT STATION,21527781,247,3088992591,2024-05-11T15:12:09Z,2024-05-11T15:36:34Z,,26.136600,68.0,credit_card_terminal,Payment via credit card or debit card terminal,USCPIE12406491*1
ChargePoint Network,,,14337501,14337501,HOLSTONELECTRIC / CHURCH HILL-2,23845091,100011,3098833691,2024-05-15T22:26:23Z,2024-05-15T23:12:23Z,,30.691900,52.958,membership,Payment by membership account and/or membership card,USCPIE14337501*1
ChargePoint Network,,,15332351,15332351,TUA NW ATLANTIC / STATION 2 (R),24867891,100011,3094185061,2024-05-14T01:05:22Z,2024-05-14T01:33:30Z,,5.089300,,membership,Payment by membership account and/or membership card,USCPIE15332351*1
ChargePoint Network,,,12406491,12406491,FPIA / LEFT STATION,21527781,247,3071166261,2024-05-03T15:17:29Z,2024-05-03T16:13:51Z,,59.226601,74.466,membership,Payment by membership account and/or membership card,USCPIE12406491*1
ChargePoint Network,,,5466441,5466441,7SPC / NASA USSRC R,9079371,3,3089015431,2024-05-11T15:28:17Z,2024-05-11T17:00:57Z,,9.093495,5.9567,membership,Payment by membership account and/or membership card,USCPIE5466441*2
ChargePoint Network,,,14337501,14337501,HOLSTONELECTRIC / CHURCH HILL-2,23845091,247,3095920241,2024-05-14T19:44:07Z,2024-05-14T20:04:19Z,,38.465302,121.835,membership,Payment by membership account and/or membership card,USCPIE14337501*1
ChargePoint Network,,,1921531,1921531,STARKVILLE UTIL / STARKVILLE REC,2268551,3,3095247561,2024-05-14T15:06:29Z,2024-05-14T18:12:02Z,,22.078642,7.2033,credit_card_terminal,Payment via credit card or debit card terminal,USCPIE1921531*1
ChargePoint Network,,,5619801,5619801,7SPC / WARREN RECC BG,9274261,3,3078433281,2024-05-07T04:33:37Z,2024-05-07T05:14:35Z,,4.199067,6.2794,membership,Payment by membership account and/or membership card,USCPIE5619801*2
ChargePoint Network,,,13643801,13643801,PEPA / STATION 2,23036481,247,3064690151,2024-05-01T00:40:38Z,2024-05-01T00:58:33Z,,17.283199,70.884,membership,Payment by membership account and/or membership card,USCPIE13643801*1
ChargePoint Network,,,5466441,5466441,7SPC / NASA USSRC R,9079371,3,3093244931,2024-05-13T18:02:36Z,2024-05-13T20:03:20Z,,12.428864,6.2345,membership,Payment by membership account and/or membership card,USCPIE5466441*2
ChargePoint Network,,,14047321,14047321,JEFFERSON AVE. / OXFORD STA2(R),23514081,247,3085084681,2024-05-09T20:56:26Z,2024-05-09T21:32:55Z,,49.402802,123.69,membership,Payment by membership account and/or membership card,USCPIE14047321*1
ChargePoint Network,,,15742641,15742641,GEA-1 / STATION 2 (R),25349301,247,3123428161,2024-05-26T20:37:29Z,2024-05-26T22:03:23Z,,85.912903,61.754,membership,Payment by membership account and/or membership card,USCPIE15742641*1
ChargePoint Network,,,1964521,1964521,EBOFG / GUNTERSVILLE PD,8374211,3,3123744651,2024-05-26T23:58:06Z,2024-05-26T23:59:10Z,,0.000000,0.0,membership,Payment by membership account and/or membership card,USCPIE1964521*2
ChargePoint Network,,,5354011,5354011,7SPC / GREENEVILLE TA,8936791,207,3091066941,2024-05-12T18:04:39Z,2024-05-12T18:20:24Z,,8.195600,46.368,membership,Payment by membership account and/or membership card,USCPIE5354011*1
ChargePoint Network,,,13290491,13290491,7SPC / NASA USSRC L,22634941,3,3079871141,2024-05-07T20:20:38Z,2024-05-07T22:19:07Z,,10.279158,6.0222,membership,Payment by membership account and/or membership card,USCPIE13290491*2
ChargePoint Network,,,5363211,5363211,HARTSELLE 1 / HARTSELLE 1,23427571,3,3075479041,2024-05-05T21:48:51Z,2024-05-05T23:55:11Z,,14.859455,7.267,membership,Payment by membership account and/or membership card,USCPIE5363211*1
ChargePoint Network,,,5346231,5346231,CULLMANELECTRIC / STATION2-R,8926271,247,3114761391,2024-05-22T20:39:10Z,2024-05-22T21:12:32Z,,30.885599,77.027,membership,Payment by membership account and/or membership card,USCPIE5346231*1
ChargePoint Network,,,1933211,1933211,BRIGHTRIDGE EV / BR-JONESBOROUGH,2283631,3,3120110671,2024-05-24T22:28:21Z,2024-05-25T04:18:41Z,,35.413696,6.1283,membership,Payment by membership account and/or membership card,USCPIE1933211*1
ChargePoint Network,,,13606091,13606091,I24 EXIT11 / STATION 3 (RM),22992551,247,3078730211,2024-05-07T12:09:59Z,2024-05-07T13:27:31Z,,46.388401,54.534,membership,Payment by membership account and/or membership card,USCPIE13606091*1
ChargePoint Network,,,15280441,15280441,SPRFLD ELECTRIC / STATION 2 (R),,,3069486021,2024-05-02T20:25:02Z,2024-05-02T20:27:23Z,,0.000000,,credit_card_terminal,Payment via credit card or debit card terminal,USCPIE15280441*0
ChargePoint Network,,,5619801,5619801,7SPC / WARREN RECC BG,9274251,3,3094591701,2024-05-14T05:24:53Z,2024-05-14T07:52:01Z,,15.437355,6.3693,membership,Payment by membership account and/or membership card,USCPIE5619801*1
ChargePoint Network,,,1988061,1988061,7SPC / SCES DOLLYWOOD,25235441,3,3095059931,2024-05-14T13:51:44Z,2024-05-14T13:52:00Z,,0.000000,,membership,Payment by membership account and/or membership card,USCPIE1988061*1
ChargePoint Network,,,1933211,1933211,BRIGHTRIDGE EV / BR-JONESBOROUGH,2283631,3,3107086071,2024-05-19T17:56:13Z,2024-05-20T00:55:55Z,,43.168171,6.3153,membership,Payment by membership account and/or membership card,USCPIE1933211*1
ChargePoint Network,,,5122191,5122191,CULLMANELECTRIC / STATION1-L,8482151,247,3091157641,2024-05-12T18:58:50Z,2024-05-12T19:44:32Z,,49.363300,89.599,membership,Payment by membership account and/or membership card,USCPIE5122191*1
ChargePoint Network,,,13026471,13026471,WCMES / CITYHALL2-R,22328331,247,3070911011,2024-05-03T13:10:24Z,2024-05-03T13:58:54Z,,25.255899,53.491,membership,Payment by membership account and/or membership card,USCPIE13026471*1
ChargePoint Network,,,8851921,8851921,7SPC / SEVIERVILLE DC1,,,3085651701,2024-05-10T00:52:04Z,2024-05-10T00:54:05Z,,0.000000,0.0,membership,Payment by membership account and/or membership card,USCPIE8851921*0
ChargePoint Network,,,14097801,14097801,SCOTTSBORO EPB / SEPB DCFC (L),23570921,247,3089103061,2024-05-11T16:22:59Z,2024-05-11T16:44:57Z,,24.433201,74.283,membership,Payment by membership account and/or membership card,USCPIE14097801*1
ChargePoint Network,,,13606141,13606141,I24 EXIT11 / STATION 1 (LL),22992611,247,3076180721,2024-05-06T06:20:12Z,2024-05-06T06:21:24Z,,0.000000,0.0,membership,Payment by membership account and/or membership card,USCPIE13606141*1
ChargePoint Network,,,15332321,15332321,TUA NW ATLANTIC / STATION 1 (L),24867861,247,3118979941,2024-05-24T14:10:41Z,2024-05-24T14:54:30Z,,40.785198,76.635,membership,Payment by membership account and/or membership card,USCPIE15332321*1
ChargePoint Network,,,5619801,5619801,7SPC / WARREN RECC BG,9274261,3,3073098831,2024-05-04T12:52:02Z,2024-05-04T17:19:32Z,,26.204340,6.197,other,Any other payment method not specified above. Additional description should be provided in Payment Method Description.,USCPIE5619801*2
ChargePoint Network,,,9677521,9677521,UT PARKING / S7 STATION 1,17169341,3,3126401861,2024-05-28T14:54:16Z,2024-05-28T19:00:59Z,,28.232347,6.9626,membership,Payment by membership account and/or membership card,USCPIE9677521*2
ChargePoint Network,,,12720881,12720881,WRECC / STATION 1,21977141,247,3112148071,2024-05-21T20:21:28Z,2024-05-21T20:23:15Z,,0.000000,0.0,membership,Payment by membership account and/or membership card,USCPIE12720881*1
ChargePoint Network,,,15640171,15640171,NECDC / STATION 2 (R),,,3122124201,2024-05-25T23:44:36Z,2024-05-25T23:45:58Z,,0.000000,,credit_card_terminal,Payment via credit card or debit card terminal,USCPIE15640171*0
ChargePoint Network,,,1964521,1964521,EBOFG / GUNTERSVILLE PD,8374211,3,3121585861,2024-05-25T18:32:58Z,2024-05-25T18:53:37Z,,1.239784,7.0774,membership,Payment by membership account and/or membership card,USCPIE1964521*2
ChargePoint Network,,,5466441,5466441,7SPC / NASA USSRC R,9079371,3,3074838131,2024-05-05T14:57:14Z,2024-05-05T17:15:04Z,,14.188398,6.2576,membership,Payment by membership account and/or membership card,USCPIE5466441*2
ChargePoint Network,,,1988061,1988061,7SPC / SCES DOLLYWOOD,25235441,3,3075220671,2024-05-05T19:17:28Z,2024-05-05T21:38:58Z,,13.309628,7.2723,membership,Payment by membership account and/or membership card,USCPIE1988061*1
ChargePoint Network,,,13292801,13292801,LODGE CAST IRON / STORE & MUSEUM,22637561,3,3091440791,2024-05-12T21:46:34Z,2024-05-12T21:54:46Z,,0.936460,7.198,credit_card_terminal,Payment via credit card or debit card terminal,USCPIE13292801*2
ChargePoint Network,,,5397731,5397731,EEDEV / MILLIGAN UNIV,9010251,3,3116073791,2024-05-23T11:27:32Z,2024-05-23T14:02:58Z,,19.326656,7.5726,membership,Payment by membership account and/or membership card,USCPIE5397731*1
ChargePoint Network,,,1785631,1785631,HOLSTONELECTRIC / STATION 1,22462991,3,3106778281,2024-05-19T14:32:14Z,2024-05-19T17:26:52Z,,21.225773,7.4052,membership,Payment by membership account and/or membership card,USCPIE1785631*2
ChargePoint Network,,,5466441,5466441,7SPC / NASA USSRC R,9079371,3,3065714591,2024-05-01T14:25:27Z,2024-05-01T19:25:35Z,,30.998949,6.2916,membership,Payment by membership account and/or membership card,USCPIE5466441*2
ChargePoint Network,,,15548181,15548181,DECATURDOWNTWN / STATION 2 (L),25119551,247,3124582151,2024-05-27T15:55:07Z,2024-05-27T16:33:27Z,,34.282700,73.032,membership,Payment by membership account and/or membership card,USCPIE15548181*1
ChargePoint Network,,,13966051,13966051,BEA / STATION 3 (RM),23419981,247,3096125981,2024-05-14T21:12:01Z,2024-05-14T21:36:07Z,,26.708401,74.86,membership,Payment by membership account and/or membership card,USCPIE13966051*1
ChargePoint Network,,,14355251,14355251,HARTSELLE 1 / STATION 2 (R),23865691,247,3120140961,2024-05-24T22:43:30Z,2024-05-24T23:16:23Z,,23.987000,109.109,membership,Payment by membership account and/or membership card,USCPIE14355251*1
ChargePoint Network,,,13606061,13606061,I24 EXIT11 / STATION 4 (RR),22992511,100011,3072180411,2024-05-03T22:49:54Z,2024-05-03T23:30:01Z,,17.594999,27.299,membership,Payment by membership account and/or membership card,USCPIE13606061*1
ChargePoint Network,,,1988141,1988141,7SPC / SCES DREAM MORE,2355561,3,3080279651,2024-05-07T23:11:35Z,2024-05-08T02:52:37Z,,25.815554,7.24,membership,Payment by membership account and/or membership card,USCPIE1988141*1
ChargePoint Network,,,13664471,13664471,BTES / STATION 3 (RM),23060511,247,3117545351,2024-05-23T21:48:57Z,2024-05-24T00:18:54Z,,72.813904,75.636,membership,Payment by membership account and/or membership card,USCPIE13664471*1
ChargePoint Network,,,13618361,13618361,MU / MUC PWRENG BLDG,23006061,3,3124711781,2024-05-27T17:27:43Z,2024-05-27T17:47:59Z,,2.331395,7.2721,membership,Payment by membership account and/or membership card,USCPIE13618361*1
ChargePoint Network,,,1844191,1844191,CLW / MAIN ST,23050431,3,3129994661,2024-05-29T21:58:35Z,2024-05-30T02:21:27Z,,30.386175,7.3322,credit_card_terminal,Payment via credit card or debit card terminal,USCPIE1844191*1
ChargePoint Network,,,7505851,7505851,JEFFERSON AVE. / OXFORD STA1(L),12955471,247,3093460001,2024-05-13T19:44:43Z,2024-05-13T19:55:59Z,,9.296800,0.0,membership,Payment by membership account and/or membership card,USCPIE7505851*1
ChargePoint Network,,,14097801,14097801,SCOTTSBORO EPB / SEPB DCFC (L),23570921,247,3073451991,2024-05-04T17:31:27Z,2024-05-04T18:26:26Z,,15.754100,52.22,membership,Payment by membership account and/or membership card,USCPIE14097801*1
ChargePoint Network,,,15260251,15260251,STEMC / STATION 2 (R) A,24784081,247,3093637061,2024-05-13T21:01:47Z,2024-05-13T21:41:48Z,,33.857601,71.676,credit_card_terminal,Payment via credit card or debit card terminal,USCPIE15260251*1
ChargePoint Network,,,5414151,5414151,7SPC / UC - CARTHAGE,9014651,3,3108559291,2024-05-20T12:39:06Z,2024-05-20T19:00:46Z,,44.906353,7.161,credit_card_terminal,Payment via credit card or debit card terminal,USCPIE5414151*2
ChargePoint Network,,,14337501,14337501,HOLSTONELECTRIC / CHURCH HILL-2,23845091,247,3110112971,2024-05-20T23:50:35Z,2024-05-21T00:18:47Z,,53.057098,121.211,membership,Payment by membership account and/or membership card,USCPIE14337501*1
ChargePoint Network,,,1844191,1844191,CLW / MAIN ST,23050441,3,3114487871,2024-05-22T18:43:58Z,2024-05-22T19:57:39Z,,7.549986,6.9976,credit_card_terminal,Payment via credit card or debit card terminal,USCPIE1844191*2
ChargePoint Network,,,13664501,13664501,BTES / STATION 4 (RR),23060561,247,3069091921,2024-05-02T17:32:22Z,2024-05-02T17:41:48Z,,9.504400,0.0,credit_card_terminal,Payment via credit card or debit card terminal,USCPIE13664501*1
ChargePoint Network,,,12989161,12989161,BTES / CITY HALL,22285821,3,3104846791,2024-05-18T10:48:01Z,2024-05-18T12:36:19Z,,11.997704,7.1276,membership,Payment by membership account and/or membership card,USCPIE12989161*2
ChargePoint Network,,,5122191,5122191,CULLMANELECTRIC / STATION1-L,8482151,247,3066639061,2024-05-01T20:37:02Z,2024-05-01T20:48:04Z,,11.264800,79.991,membership,Payment by membership account and/or membership card,USCPIE5122191*1
ChargePoint Network,,,682921,682921,7SPC / TVPPA OFFICE,9117251,3,3082372751,2024-05-08T20:05:43Z,2024-05-08T21:15:10Z,,3.596019,3.2289,membership,Payment by membership account and/or membership card,USCPIE682921*1
ChargePoint Network,,,8851921,8851921,7SPC / SEVIERVILLE DC1,15571271,207,3091098291,2024-05-12T18:22:47Z,2024-05-12T19:07:17Z,,39.202000,57.375,membership,Payment by membership account and/or membership card,USCPIE8851921*1
ChargePoint Network,,,15623231,15623231,CLW / 5TH ST 1 (L),25208301,247,3087070701,2024-05-10T17:10:25Z,2024-05-10T17:23:05Z,,14.458800,72.519,membership,Payment by membership account and/or membership card,USCPIE15623231*1
ChargePoint Network,,,7505851,7505851,JEFFERSON AVE. / OXFORD STA1(L),12955471,247,3081082771,2024-05-08T09:26:08Z,2024-05-08T09:26:50Z,,0.000000,0.0,membership,Payment by membership account and/or membership card,USCPIE7505851*1
ChargePoint Network,,,15250701,15250701,SES-TN / STATION 2,,,3077592411,2024-05-06T21:12:13Z,2024-05-06T21:13:31Z,,0.000000,,credit_card_terminal,Payment via credit card or debit card terminal,USCPIE15250701*0
ChargePoint Network,,,13606061,13606061,I24 EXIT11 / STATION 4 (RR),22992511,247,3066129281,2024-05-01T16:48:37Z,2024-05-01T17:17:24Z,,34.462799,83.724,membership,Payment by membership account and/or membership card,USCPIE13606061*1
ChargePoint Network,,,13880891,13880891,MU / MUC MAIN OFFICE,23319021,3,3095172891,2024-05-14T14:40:44Z,2024-05-14T15:53:40Z,,8.618255,7.1571,membership,Payment by membership account and/or membership card,USCPIE13880891*2
ChargePoint Network,,,14047321,14047321,JEFFERSON AVE. / OXFORD STA2(R),23514081,247,3087002081,2024-05-10T16:40:04Z,2024-05-10T17:25:21Z,,51.202999,78.405,membership,Payment by membership account and/or membership card,USCPIE14047321*1
ChargePoint Network,,,1932851,1932851,BRIGHTRIDGE EV / BR-JC LIBRARY,23319821,3,3120445151,2024-05-25T01:11:21Z,2024-05-25T01:40:36Z,,3.189083,6.6233,membership,Payment by membership account and/or membership card,USCPIE1932851*2
ChargePoint Network,,,12720881,12720881,WRECC / STATION 1,21977141,247,3065364891,2024-05-01T11:24:59Z,2024-05-01T11:37:14Z,,16.439800,85.023,membership,Payment by membership account and/or membership card,USCPIE12720881*1
ChargePoint Network,,,13659871,13659871,LAWRENCEBURG / STATION 2 (R),23054921,247,3090754641,2024-05-12T14:11:56Z,2024-05-12T14:40:27Z,,12.786700,49.125,membership,Payment by membership account and/or membership card,USCPIE13659871*1
ChargePoint Network,,,5363211,5363211,HARTSELLE 1 / HARTSELLE 1,23427581,3,3122123751,2024-05-25T23:45:19Z,2024-05-26T00:29:57Z,,5.215833,7.2006,membership,Payment by membership account and/or membership card,USCPIE5363211*2
ChargePoint Network,,,15640031,15640031,NECDC / STATION 1 (L),25228511,247,3105294291,2024-05-18T17:23:14Z,2024-05-18T18:22:12Z,,42.681599,54.682,membership,Payment by membership account and/or membership card,USCPIE15640031*1
ChargePoint Network,,,13290491,13290491,7SPC / NASA USSRC L,22634931,3,3085051951,2024-05-09T20:42:17Z,2024-05-09T20:44:17Z,,0.000000,0.0,credit_card_terminal,Payment via credit card or debit card terminal,USCPIE13290491*1
ChargePoint Network,,,1988141,1988141,7SPC / SCES DREAM MORE,2355571,3,3132592231,2024-05-30T22:15:13Z,2024-05-30T23:42:04Z,,10.108467,7.053,membership,Payment by membership account and/or membership card,USCPIE1988141*2
ChargePoint Network,,,15548151,15548151,DECATURDOWNTWN / STATION 1 (R),25119511,247,3100415321,2024-05-16T15:35:12Z,2024-05-16T16:06:13Z,,15.166000,52.992,membership,Payment by membership account and/or membership card,USCPIE15548151*1
ChargePoint Network,,,15694171,15694171,BRIGHTRIDGE EV / STATION 1 (L),25292041,247,3128574661,2024-05-29T11:53:57Z,2024-05-29T12:20:13Z,,26.194901,74.052,membership,Payment by membership account and/or membership card,USCPIE15694171*1
ChargePoint Network,,,15694171,15694171,BRIGHTRIDGE EV / STATION 2 (R),,,3090108881,2024-05-12T01:34:25Z,2024-05-12T01:36:27Z,,0.000000,,membership,Payment by membership account and/or membership card,USCPIE15694171*0
ChargePoint Network,,,12406401,12406401,FPIA / RIGHT STATION,21527671,247,3075249761,2024-05-05T19:35:37Z,2024-05-05T19:36:48Z,,0.000000,0.0,membership,Payment by membership account and/or membership card,USCPIE12406401*1
ChargePoint Network,,,13966851,13966851,BEA / STATION 1 (LL),23420911,247,3096155951,2024-05-14T21:25:45Z,2024-05-14T22:16:08Z,,48.031399,70.615,membership,Payment by membership account and/or membership card,USCPIE13966851*1
ChargePoint Network,,,5354011,5354011,7SPC / GREENEVILLE TA,8936791,207,3130787181,2024-05-30T04:09:59Z,2024-05-30T04:12:32Z,,0.000000,0.0,membership,Payment by membership account and/or membership card,USCPIE5354011*1
ChargePoint Network,,,9677521,9677521,UT PARKING / S7 STATION 1,17169341,3,3116192591,2024-05-23T12:36:29Z,2024-05-23T16:01:05Z,,23.833702,7.0656,membership,Payment by membership account and/or membership card,USCPIE9677521*2
ChargePoint Network,,,13861861,13861861,BRMEMC / STATION 1,23296281,247,3081345581,2024-05-08T13:11:26Z,2024-05-08T13:12:35Z,,0.000000,0.0,membership,Payment by membership account and/or membership card,USCPIE13861861*1
ChargePoint Network,,,13966051,13966051,BEA / STATION 3 (RM),23419981,247,3115102931,2024-05-22T23:03:29Z,2024-05-22T23:27:38Z,,14.045400,40.424,membership,Payment by membership account and/or membership card,USCPIE13966051*1
ChargePoint Network,,,8851921,8851921,7SPC / SEVIERVILLE DC1,15571271,207,3095696591,2024-05-14T18:01:03Z,2024-05-14T18:31:36Z,,21.260900,53.279,membership,Payment by membership account and/or membership card,USCPIE8851921*1
ChargePoint Network,,,14097801,14097801,SCOTTSBORO EPB / SEPB DCFC (L),23570921,247,3111463101,2024-05-21T15:36:34Z,2024-05-21T15:38:06Z,,0.000000,0.0,membership,Payment by membership account and/or membership card,USCPIE14097801*1
ChargePoint Network,,,1844191,1844191,CLW / MAIN ST,23050431,3,3082950821,2024-05-09T00:09:02Z,2024-05-09T00:36:54Z,,3.140562,6.9996,membership,Payment by membership account and/or membership card,USCPIE1844191*1
ChargePoint Network,,,12720861,12720861,WRECC / STATION 2,21977121,247,3115077591,2024-05-22T22:53:20Z,2024-05-22T22:54:29Z,,0.000000,0.0,membership,Payment by membership account and/or membership card,USCPIE12720861*1
ChargePoint Network,,,15548181,15548181,DECATURDOWNTWN / STATION 2 (L),,,3132777051,2024-05-30T23:32:19Z,2024-05-30T23:34:20Z,,0.000000,,membership,Payment by membership account and/or membership card,USCPIE15548181*0
ChargePoint Network,,,13606121,13606121,I24 EXIT11 / STATION 2 (LM),22992591,247,3070943971,2024-05-03T13:30:06Z,2024-05-03T14:05:01Z,,28.386101,74.168,membership,Payment by membership account and/or membership card,USCPIE13606121*1
ChargePoint Network,,,13606121,13606121,I24 EXIT11 / STATION 2 (LM),22992591,247,3072305191,2024-05-03T23:51:55Z,2024-05-04T00:06:38Z,,16.379101,71.676,membership,Payment by membership account and/or membership card,USCPIE13606121*1
ChargePoint Network,,,13423691,13423691,AEC / STATION #1 (L),22787121,247,3093172751,2024-05-13T17:26:37Z,2024-05-13T18:12:27Z,,52.356899,71.904,credit_card_terminal,Payment via credit card or debit card terminal,USCPIE13423691*1
ChargePoint Network,,,15548151,15548151,DECATURDOWNTWN / STATION 1 (R),25119511,247,3123986791,2024-05-27T02:38:29Z,2024-05-27T03:04:33Z,,34.312901,101.439,membership,Payment by membership account and/or membership card,USCPIE15548151*1
ChargePoint Network,,,15694171,15694171,BRIGHTRIDGE EV / STATION 1 (L),25292041,247,3125267331,2024-05-27T23:28:03Z,2024-05-27T23:35:23Z,,4.578000,70.685,membership,Payment by membership account and/or membership card,USCPIE15694171*1
ChargePoint Network,,,5346231,5346231,CULLMANELECTRIC / STATION2-R,8926271,247,3132150351,2024-05-30T19:12:01Z,2024-05-30T19:35:33Z,,8.889900,33.943,membership,Payment by membership account and/or membership card,USCPIE5346231*1
ChargePoint Network,,,1932851,1932851,BRIGHTRIDGE EV / BR-JC LIBRARY,23319821,3,3106358931,2024-05-19T04:18:08Z,2024-05-19T05:38:32Z,,8.834653,6.6284,membership,Payment by membership account and/or membership card,USCPIE1932851*2
ChargePoint Network,,,8851921,8851921,7SPC / SEVIERVILLE DC1,15571271,100011,3089528411,2024-05-11T20:18:26Z,2024-05-11T21:08:00Z,,2.126900,10.92,membership,Payment by membership account and/or membership card,USCPIE8851921*1
ChargePoint Network,,,15332351,15332351,TUA NW ATLANTIC / STATION 2 (R),24867891,247,3087312611,2024-05-10T19:06:22Z,2024-05-10T20:06:08Z,,78.996696,86.632,membership,Payment by membership account and/or membership card,USCPIE15332351*1
ChargePoint Network,,,12989161,12989161,BTES / CITY HALL,22285821,3,3097365711,2024-05-15T12:03:36Z,2024-05-15T16:11:16Z,,29.025824,7.1205,membership,Payment by membership account and/or membership card,USCPIE12989161*2
ChargePoint Network,,,5397731,5397731,EEDEV / MILLIGAN UNIV,9010261,3,3075808691,2024-05-06T00:58:29Z,2024-05-06T01:07:51Z,,0.888469,7.1542,credit_card_terminal,Payment via credit card or debit card terminal,USCPIE5397731*2
ChargePoint Network,,,14047321,14047321,JEFFERSON AVE. / OXFORD STA2(R),23514081,247,3090803031,2024-05-12T14:59:09Z,2024-05-12T15:53:30Z,,52.750401,77.814,membership,Payment by membership account and/or membership card,USCPIE14047321*1
ChargePoint Network,,,12406401,12406401,FPIA / RIGHT STATION,21527671,247,3122920341,2024-05-26T14:40:06Z,2024-05-26T14:54:38Z,,16.209101,73.629,credit_card_terminal,Payment via credit card or debit card terminal,USCPIE12406401*1
ChargePoint Network,,,1964521,1964521,EBOFG / GUNTERSVILLE PD,8374211,3,3100541301,2024-05-16T16:15:01Z,2024-05-16T19:16:25Z,,7.028791,3.6844,membership,Payment by membership account and/or membership card,USCPIE1964521*2
ChargePoint Network,,,682921,682921,7SPC / TVPPA OFFICE,9117261,3,3118793961,2024-05-24T12:22:46Z,2024-05-24T15:32:46Z,,18.888128,6.0577,credit_card_terminal,Payment via credit card or debit card terminal,USCPIE682921*2
ChargePoint Network,,,5346231,5346231,CULLMANELECTRIC / STATION2-R,8926271,247,3082509281,2024-05-08T21:02:34Z,2024-05-08T21:25:36Z,,25.807899,71.082,membership,Payment by membership account and/or membership card,USCPIE5346231*1
ChargePoint Network,,,1921531,1921531,STARKVILLE UTIL / STARKVILLE REC,2268551,3,3102654111,2024-05-17T13:28:57Z,2024-05-17T15:10:49Z,,12.172180,7.2376,membership,Payment by membership account and/or membership card,USCPIE1921531*1
ChargePoint Network,,,15555831,15555831,FPU / STATION 2 (R),25128511,247,3121888831,2024-05-25T21:30:23Z,2024-05-25T22:16:11Z,,29.482401,73.5,membership,Payment by membership account and/or membership card,USCPIE15555831*1
ChargePoint Network,,,13659831,13659831,LAWRENCEBURG / STATION 1 (L),23054881,247,3071032661,2024-05-03T14:19:23Z,2024-05-03T14:21:17Z,,0.000000,0.0,credit_card_terminal,Payment via credit card or debit card terminal,USCPIE13659831*1
ChargePoint Network,,,15694081,15694081,BRIGHTRIDGE EV / STATION 2 (R),25291921,247,3123610371,2024-05-26T22:33:59Z,2024-05-26T23:11:14Z,,43.242298,73.766,membership,Payment by membership account and/or membership card,USCPIE15694081*1
ChargePoint Network,,,14097711,14097711,SCOTTSBORO EPB / SEPB DCFC (R),23570811,247,3128033641,2024-05-29T02:03:25Z,2024-05-29T02:05:38Z,,0.000000,0.0,membership,Payment by membership account and/or membership card,USCPIE14097711*1
ChargePoint Network,,,13606061,13606061,I24 EXIT11 / STATION 4 (RR),22992511,247,3066645331,2024-05-01T20:39:29Z,2024-05-01T20:56:57Z,,18.578600,73.481,membership,Payment by membership account and/or membership card,USCPIE13606061*1
ChargePoint Network,,,1988061,1988061,7SPC / SCES DOLLYWOOD,25235451,3,3073491911,2024-05-04T17:56:53Z,2024-05-04T23:01:35Z,,35.147934,7.3553,membership,Payment by membership account and/or membership card,USCPIE1988061*2
ChargePoint Network,,,8851921,8851921,7SPC / SEVIERVILLE DC1,15571271,207,3089945721,2024-05-12T00:01:38Z,2024-05-12T00:56:02Z,,54.745300,62.062,credit_card_terminal,Payment via credit card or debit card terminal,USCPIE8851921*1
ChargePoint Network,,,15332321,15332321,TUA NW ATLANTIC / STATION 1 (L),24867861,247,3090711151,2024-05-12T13:24:26Z,2024-05-12T14:05:39Z,,40.378799,75.851,credit_card_terminal,Payment via credit card or debit card terminal,USCPIE15332321*1
ChargePoint Network,,,15548181,15548181,DECATURDOWNTWN / STATION 2 (L),25119551,247,3107835931,2024-05-20T00:44:04Z,2024-05-20T01:02:09Z,,27.753799,101.639,membership,Payment by membership account and/or membership card,USCPIE15548181*1
ChargePoint Network,,,1932851,1932851,BRIGHTRIDGE EV / BR-JC LIBRARY,23319811,3,3096248401,2024-05-14T22:04:08Z,2024-05-14T22:05:19Z,,0.001014,1.534,other,Any other payment method not specified above. Additional description should be provided in Payment Method Description.,USCPIE1932851*1
ChargePoint Network,,,15332351,15332351,TUA NW ATLANTIC / STATION 2 (R),24867891,247,3118239901,2024-05-24T02:57:00Z,2024-05-24T04:04:26Z,,32.147301,37.043,membership,Payment by membership account and/or membership card,USCPIE15332351*1
ChargePoint Network,,,12754021,12754021,WCMES / CITYHALL1-L,22015241,247,3095736521,2024-05-14T18:21:01Z,2024-05-14T18:48:44Z,,23.169901,67.424,membership,Payment by membership account and/or membership card,USCPIE12754021*1
ChargePoint Network,,,1964521,1964521,EBOFG / GUNTERSVILLE PD,8374211,3,3065493311,2024-05-01T12:44:29Z,2024-05-01T13:23:48Z,,4.696124,7.338,membership,Payment by membership account and/or membership card,USCPIE1964521*2
ChargePoint Network,,,5466441,5466441,7SPC / NASA USSRC R,9079361,3,3075495761,2024-05-05T21:59:28Z,2024-05-05T22:01:46Z,,0.174189,6.1317,credit_card_terminal,Payment via credit card or debit card terminal,USCPIE5466441*1
ChargePoint Network,,,15694081,15694081,BRIGHTRIDGE EV / STATION 1 (L),25291921,247,3113687291,2024-05-22T13:20:19Z,2024-05-22T13:54:26Z,,33.823299,74.4,credit_card_terminal,Payment via credit card or debit card terminal,USCPIE15694081*1
ChargePoint Network,,,15640171,15640171,NECDC / STATION 2 (R),25228711,247,3087175761,2024-05-10T18:01:39Z,2024-05-10T18:51:15Z,,45.541698,59.674,membership,Payment by membership account and/or membership card,USCPIE15640171*1
ChargePoint Network,,,1964521,1964521,EBOFG / GUNTERSVILLE PD,8374211,3,3089592561,2024-05-11T20:52:59Z,2024-05-11T21:02:47Z,,1.124762,7.3998,membership,Payment by membership account and/or membership card,USCPIE1964521*2
ChargePoint Network,,,5122191,5122191,CULLMANELECTRIC / STATION1-L,8482151,247,3132339521,2024-05-30T20:29:28Z,2024-05-30T20:41:38Z,,21.119200,0.0,membership,Payment by membership account and/or membership card,USCPIE5122191*1
ChargePoint Network,,,12720861,12720861,WRECC / STATION 2,21977121,247,3082958151,2024-05-09T00:12:10Z,2024-05-09T00:38:40Z,,21.638300,53.067,membership,Payment by membership account and/or membership card,USCPIE12720861*1
ChargePoint Network,,,5346231,5346231,CULLMANELECTRIC / STATION2-R,8926271,247,3117924051,2024-05-24T00:27:44Z,2024-05-24T01:17:12Z,,49.856300,73.43,membership,Payment by membership account and/or membership card,USCPIE5346231*1
ChargePoint Network,,,12460751,12460751,PES / LEFT STATION,22360171,215,3117261281,2024-05-23T19:51:19Z,2024-05-24T14:39:47Z,,40.999199,7.6368,membership,Payment by membership account and/or membership card,USCPIE12460751*1
ChargePoint Network,,,13659871,13659871,LAWRENCEBURG / STATION 2 (R),23054921,247,3111643641,2024-05-21T16:37:02Z,2024-05-21T16:47:23Z,,6.365200,45.625,membership,Payment by membership account and/or membership card,USCPIE13659871*1
ChargePoint Network,,,12676071,12676071,NEMEPA / NEMEPA EMPLOYEE,21923351,3,3070953271,2024-05-03T13:35:52Z,2024-05-04T16:31:34Z,,62.591564,6.2439,membership,Payment by membership account and/or membership card,USCPIE12676071*1
ChargePoint Network,,,5619801,5619801,7SPC / WARREN RECC BG,9274251,3,3075221011,2024-05-05T19:18:01Z,2024-05-05T19:41:58Z,,2.441852,6.3012,membership,Payment by membership account and/or membership card,USCPIE5619801*1
ChargePoint Network,,,13966851,13966851,BEA / STATION 1 (LL),23420911,247,3113469841,2024-05-22T11:17:30Z,2024-05-22T11:39:39Z,,22.276699,74.48,membership,Payment by membership account and/or membership card,USCPIE13966851*1
ChargePoint Network,,,13292801,13292801,LODGE CAST IRON / STORE & MUSEUM,22637561,3,3084516221,2024-05-09T16:52:51Z,2024-05-09T18:31:45Z,,0.730534,6.6802,credit_card_terminal,Payment via credit card or debit card terminal,USCPIE13292801*2
ChargePoint Network,,,5619801,5619801,7SPC / WARREN RECC BG,9274251,3,3085894321,2024-05-10T02:53:58Z,2024-05-10T05:11:41Z,,12.097728,6.3857,membership,Payment by membership account and/or membership card,USCPIE5619801*1
ChargePoint Network,,,5466441,5466441,7SPC / NASA USSRC R,9079361,3,3087296971,2024-05-10T18:59:26Z,2024-05-10T21:33:59Z,,15.589716,6.1292,membership,Payment by membership account and/or membership card,USCPIE5466441*1
ChargePoint Network,,,13290491,13290491,7SPC / NASA USSRC L,22634931,3,3123047521,2024-05-26T16:23:41Z,2024-05-26T18:44:05Z,,13.845836,5.9732,membership,Payment by membership account and/or membership card,USCPIE13290491*1
ChargePoint Network,,,13659831,13659831,LAWRENCEBURG / STATION 1 (L),23054881,100011,3130310291,2024-05-30T00:11:10Z,2024-05-30T00:18:44Z,,4.457800,39.9,membership,Payment by membership account and/or membership card,USCPIE13659831*1
ChargePoint Network,,,13861891,13861891,BRMEMC / STATION 2,23296321,247,3075759631,2024-05-06T00:28:42Z,2024-05-06T00:58:57Z,,52.470402,114.75,membership,Payment by membership account and/or membership card,USCPIE13861891*1
ChargePoint Network,,,5619801,5619801,7SPC / WARREN RECC BG,9274251,3,3080920311,2024-05-08T04:49:40Z,2024-05-08T06:19:29Z,,9.394078,6.3692,membership,Payment by membership account and/or membership card,USCPIE5619801*1
ChargePoint Network,,,12406491,12406491,FPIA / LEFT STATION,21527781,247,3115321811,2024-05-23T00:39:28Z,2024-05-23T00:51:48Z,,19.443800,120.279,membership,Payment by membership account and/or membership card,USCPIE12406491*1
ChargePoint Network,,,5397731,5397731,EEDEV / MILLIGAN UNIV,9010261,3,3066833101,2024-05-01T22:01:20Z,2024-05-01T22:40:42Z,,4.657670,7.1669,membership,Payment by membership account and/or membership card,USCPIE5397731*2
ChargePoint Network,,,5619801,5619801,7SPC / WARREN RECC BG,9274251,3,3080709221,2024-05-08T02:35:12Z,2024-05-08T02:39:37Z,,0.419540,6.3453,membership,Payment by membership account and/or membership card,USCPIE5619801*1
ChargePoint Network,,,5122191,5122191,CULLMANELECTRIC / STATION1-L,8482151,247,3083020171,2024-05-09T00:40:56Z,2024-05-09T01:20:28Z,,43.935501,75.42,membership,Payment by membership account and/or membership card,USCPIE5122191*1
ChargePoint Network,,,14097711,14097711,SCOTTSBORO EPB / SEPB DCFC (R),23570811,247,3101174021,2024-05-16T20:52:47Z,2024-05-16T21:16:32Z,,24.197701,87.759,credit_card_terminal,Payment via credit card or debit card terminal,USCPIE14097711*1
ChargePoint Network,,,13861891,13861891,BRMEMC / STATION 2,23296321,247,3102955321,2024-05-17T15:38:02Z,2024-05-17T15:58:29Z,,16.847401,64.767,membership,Payment by membership account and/or membership card,USCPIE13861891*1
ChargePoint Network,,,15548181,15548181,DECATURDOWNTWN / STATION 2 (L),25119551,247,3122266531,2024-05-26T01:10:13Z,2024-05-26T02:10:47Z,,59.209202,78.209,membership,Payment by membership account and/or membership card,USCPIE15548181*1
ChargePoint Network,,,5565241,5565241,7SPC / SCES LECONTE 4,9205111,3,3073799991,2024-05-04T20:58:28Z,2024-05-05T00:57:26Z,,28.091206,7.2276,membership,Payment by membership account and/or membership card,USCPIE5565241*2
ChargePoint Network,,,13606091,13606091,I24 EXIT11 / STATION 3 (RM),22992551,247,3119944181,2024-05-24T21:11:05Z,2024-05-24T21:40:33Z,,25.554399,53.639,membership,Payment by membership account and/or membership card,USCPIE13606091*1
ChargePoint Network,,,1964521,1964521,EBOFG / GUNTERSVILLE PD,8374211,3,3119372451,2024-05-24T16:51:20Z,2024-05-24T21:31:54Z,,6.494584,3.6858,membership,Payment by membership account and/or membership card,USCPIE1964521*2
ChargePoint Network,,,7505851,7505851,JEFFERSON AVE. / OXFORD STA1(L),12955471,247,3085694751,2024-05-10T01:07:49Z,2024-05-10T01:58:15Z,,58.027500,123.224,membership,Payment by membership account and/or membership card,USCPIE7505851*1
ChargePoint Network,,,15260241,15260241,STEMC / STATION 1 (L) A,24784071,247,3123478661,2024-05-26T21:09:33Z,2024-05-26T22:37:46Z,,54.250401,54.682,membership,Payment by membership account and/or membership card,USCPIE15260241*1
ChargePoint Network,,,13651611,13651611,MLEC / STATION 1 (L) H,23045791,247,3121459121,2024-05-25T17:16:20Z,2024-05-25T17:53:14Z,,41.311401,73.853,credit_card_terminal,Payment via credit card or debit card terminal,USCPIE13651611*1
ChargePoint Network,,,7173851,7173851,SCOTTSBORO EPB / MAIN OFFICE,12310861,3,3103913661,2024-05-17T22:39:08Z,2024-05-17T22:41:08Z,,0.000000,0.0,membership,Payment by membership account and/or membership card,USCPIE7173851*1
ChargePoint Network,,,5619801,5619801,7SPC / WARREN RECC BG,9274251,3,3066630151,2024-05-01T20:32:47Z,2024-05-02T01:47:14Z,,32.527145,6.3666,membership,Payment by membership account and/or membership card,USCPIE5619801*1
ChargePoint Network,,,7505851,7505851,JEFFERSON AVE. / OXFORD STA1(L),12955471,247,3091154241,2024-05-12T18:57:13Z,2024-05-12T19:44:38Z,,33.165501,61.689,membership,Payment by membership account and/or membership card,USCPIE7505851*1
ChargePoint Network,,,13606121,13606121,I24 EXIT11 / STATION 2 (LM),22992591,247,3099103241,2024-05-16T00:19:44Z,2024-05-16T00:20:22Z,,0.000000,0.0,membership,Payment by membership account and/or membership card,USCPIE13606121*1
ChargePoint Network,,,5380331,5380331,CULLMAN PB / STATION 1,8970961,3,3122236351,2024-05-26T00:53:20Z,2024-05-26T03:02:33Z,,15.427920,7.2431,membership,Payment by membership account and/or membership card,USCPIE5380331*2
ChargePoint Network,,,12448521,12448521,7SPC / WARREN RECC LF,21576921,3,3113596041,2024-05-22T12:37:01Z,2024-05-22T15:16:27Z,,15.583467,5.9814,membership,Payment by membership account and/or membership card,USCPIE12448521*2
ChargePoint Network,,,15684341,15684341,MLEC / STATION 2 (R) W,25280201,247,3086992071,2024-05-10T16:35:49Z,2024-05-10T17:15:51Z,,33.998798,,membership,Payment by membership account and/or membership card,USCPIE15684341*1
ChargePoint Network,,,13606091,13606091,I24 EXIT11 / STATION 3 (RM),22992551,247,3080143271,2024-05-07T22:16:25Z,2024-05-07T22:52:22Z,,41.820099,77.615,membership,Payment by membership account and/or membership card,USCPIE13606091*1
ChargePoint Network,,,15640171,15640171,NECDC / STATION 2 (R),25228711,247,3094143031,2024-05-14T00:50:18Z,2024-05-14T01:11:45Z,,15.240600,44.304,membership,Payment by membership account and/or membership card,USCPIE15640171*1
ChargePoint Network,,,14359491,14359491,EBOFG / STATION 1 (L),23870291,247,3116890521,2024-05-23T17:06:41Z,2024-05-23T17:08:01Z,,0.000000,0.0,credit_card_terminal,Payment via credit card or debit card terminal,USCPIE14359491*1
ChargePoint Network,,,15548151,15548151,DECATURDOWNTWN / STATION 1 (R),,,3127267761,2024-05-28T20:34:25Z,2024-05-28T20:36:28Z,,0.000000,,membership,Payment by membership account and/or membership card,USCPIE15548151*0
ChargePoint Network,,,13664471,13664471,BTES / STATION 3 (RM),23060511,247,3126546901,2024-05-28T15:38:10Z,2024-05-28T16:10:41Z,,40.305599,123.353,membership,Payment by membership account and/or membership card,USCPIE13664471*1
ChargePoint Network,,,12406491,12406491,FPIA / LEFT STATION,21527781,247,3123111151,2024-05-26T17:07:40Z,2024-05-26T17:37:06Z,,31.493900,67.716,membership,Payment by membership account and/or membership card,USCPIE12406491*1
ChargePoint Network,,,15694081,15694081,BRIGHTRIDGE EV / STATION 2 (R),25291921,247,3122568021,2024-05-26T04:37:41Z,2024-05-26T05:21:06Z,,40.310200,75.0,credit_card_terminal,Payment via credit card or debit card terminal,USCPIE15694081*1
ChargePoint Network,,,5346231,5346231,CULLMANELECTRIC / STATION2-R,8926271,247,3116972101,2024-05-23T17:45:30Z,2024-05-23T18:28:20Z,,40.092300,110.007,membership,Payment by membership account and/or membership card,USCPIE5346231*1
ChargePoint Network,,,15548181,15548181,DECATURDOWNTWN / STATION 2 (L),25119551,247,3100324581,2024-05-16T15:07:15Z,2024-05-16T15:24:45Z,,7.908100,50.546,membership,Payment by membership account and/or membership card,USCPIE15548181*1
ChargePoint Network,,,12676071,12676071,NEMEPA / NEMEPA EMPLOYEE,21923351,3,3075092181,2024-05-05T17:57:52Z,2024-05-06T13:08:33Z,,59.041527,6.2468,membership,Payment by membership account and/or membership card,USCPIE12676071*1
ChargePoint Network,,,5445161,5445161,7SPC / UC - LIVINGSTON,9052351,3,3117840141,2024-05-23T23:52:54Z,2024-05-24T00:55:22Z,,7.258075,7.0895,membership,Payment by membership account and/or membership card,USCPIE5445161*2
ChargePoint Network,,,5122191,5122191,CULLMANELECTRIC / STATION1-L,8482151,247,3130231111,2024-05-29T23:35:56Z,2024-05-29T23:37:15Z,,0.000000,0.0,credit_card_terminal,Payment via credit card or debit card terminal,USCPIE5122191*1
ChargePoint Network,,,13606061,13606061,I24 EXIT11 / STATION 4 (RR),22992511,247,3097476431,2024-05-15T13:01:39Z,2024-05-15T13:01:52Z,,0.000000,0.0,membership,Payment by membership account and/or membership card,USCPIE13606061*1
ChargePoint Network,,,1964521,1964521,EBOFG / GUNTERSVILLE PD,8374211,3,3120166671,2024-05-24T22:55:52Z,2024-05-25T15:00:44Z,,110.556900,7.4048,membership,Payment by membership account and/or membership card,USCPIE1964521*2
ChargePoint Network,,,1844191,1844191,CLW / MAIN ST,23050431,3,3070237771,2024-05-03T01:56:58Z,2024-05-03T08:37:40Z,,13.725105,7.0422,membership,Payment by membership account and/or membership card,USCPIE1844191*1
ChargePoint Network,,,8851921,8851921,7SPC / SEVIERVILLE DC1,15571271,207,3089931971,2024-05-11T23:54:38Z,2024-05-11T23:55:33Z,,0.003700,0.0,credit_card_terminal,Payment via credit card or debit card terminal,USCPIE8851921*1
ChargePoint Network,,,1964521,1964521,EBOFG / GUNTERSVILLE PD,8374211,3,3082807841,2024-05-08T23:05:59Z,2024-05-09T00:24:00Z,,8.809743,6.9156,membership,Payment by membership account and/or membership card,USCPIE1964521*2
ChargePoint Network,,,13664501,13664501,BTES / STATION 4 (RR),23060561,247,3116418441,2024-05-23T14:23:46Z,2024-05-23T14:46:30Z,,27.527300,122.891,membership,Payment by membership account and/or membership card,USCPIE13664501*1
ChargePoint Network,,,5445161,5445161,7SPC / UC - LIVINGSTON,9052351,3,3124994351,2024-05-27T20:31:53Z,2024-05-28T01:42:30Z,,35.990768,7.0313,membership,Payment by membership account and/or membership card,USCPIE5445161*2
ChargePoint Network,,,8851921,8851921,7SPC / SEVIERVILLE DC1,15571271,207,3107728031,2024-05-19T23:47:29Z,2024-05-20T00:30:10Z,,37.801998,58.057,membership,Payment by membership account and/or membership card,USCPIE8851921*1
ChargePoint Network,,,5122191,5122191,CULLMANELECTRIC / STATION1-L,8482151,247,3103776801,2024-05-17T21:39:17Z,2024-05-17T22:00:24Z,,18.502501,72.833,membership,Payment by membership account and/or membership card,USCPIE5122191*1
ChargePoint Network,,,12720861,12720861,WRECC / STATION 2,21977121,247,3128955981,2024-05-29T14:56:57Z,2024-05-29T14:57:49Z,,0.000000,0.0,membership,Payment by membership account and/or membership card,USCPIE12720861*1
ChargePoint Network,,,13861891,13861891,BRMEMC / STATION 2,,,3091346731,2024-05-12T20:51:36Z,2024-05-12T20:51:42Z,,0.000000,,membership,Payment by membership account and/or membership card,USCPIE13861891*0
ChargePoint Network,,,1932851,1932851,BRIGHTRIDGE EV / BR-JC LIBRARY,23319811,3,3105090581,2024-05-18T15:14:05Z,2024-05-18T16:21:35Z,,6.740386,6.2971,membership,Payment by membership account and/or membership card,USCPIE1932851*1
ChargePoint Network,,,5466441,5466441,7SPC / NASA USSRC R,9079361,3,3090154271,2024-05-12T01:59:35Z,2024-05-12T02:06:10Z,,0.576842,6.0626,membership,Payment by membership account and/or membership card,USCPIE5466441*1
ChargePoint Network,,,8851921,8851921,7SPC / SEVIERVILLE DC1,15571271,207,3126155241,2024-05-28T13:04:57Z,2024-05-28T13:18:32Z,,12.163400,58.744,membership,Payment by membership account and/or membership card,USCPIE8851921*1
ChargePoint Network,,,1988061,1988061,7SPC / SCES DOLLYWOOD,25499841,3,3131583521,2024-05-30T15:23:28Z,2024-05-31T00:03:40Z,,11.132638,3.7205,membership,Payment by membership account and/or membership card,USCPIE1988061*2
ChargePoint Network,,,13659871,13659871,LAWRENCEBURG / STATION 2 (R),23054921,247,3126085001,2024-05-28T12:31:06Z,2024-05-28T13:01:43Z,,35.253799,73.481,membership,Payment by membership account and/or membership card,USCPIE13659871*1
ChargePoint Network,,,13966031,13966031,BEA / STATION 4 (RR),23419961,247,3129784521,2024-05-29T20:28:29Z,2024-05-29T20:59:39Z,,35.985802,72.101,membership,Payment by membership account and/or membership card,USCPIE13966031*1
ChargePoint Network,,,682921,682921,7SPC / TVPPA OFFICE,9117261,3,3081868071,2024-05-08T16:25:40Z,2024-05-08T20:50:10Z,,26.418718,6.0699,credit_card_terminal,Payment via credit card or debit card terminal,USCPIE682921*2
ChargePoint Network,,,13861891,13861891,BRMEMC / STATION 2,23296321,247,3073147761,2024-05-04T13:47:53Z,2024-05-04T13:49:59Z,,0.000000,0.0,credit_card_terminal,Payment via credit card or debit card terminal,USCPIE13861891*1
ChargePoint Network,,,15623211,15623211,CLW / 5TH ST 2 (R),25208281,247,3114435621,2024-05-22T18:19:10Z,2024-05-22T18:57:36Z,,41.132000,68.162,membership,Payment by membership account and/or membership card,USCPIE15623211*1
ChargePoint Network,,,12720861,12720861,WRECC / STATION 2,21977121,247,3089181951,2024-05-11T17:09:16Z,2024-05-11T17:28:06Z,,21.927200,73.766,membership,Payment by membership account and/or membership card,USCPIE12720861*1
ChargePoint Network,,,5346231,5346231,CULLMANELECTRIC / STATION2-R,8926271,247,3071203391,2024-05-03T15:30:34Z,2024-05-03T16:04:08Z,,33.069500,61.611,membership,Payment by membership account and/or membership card,USCPIE5346231*1
ChargePoint Network,,,12406491,12406491,FPIA / LEFT STATION,21527781,247,3129849601,2024-05-29T20:56:28Z,2024-05-29T21:02:00Z,,0.000000,0.0,membership,Payment by membership account and/or membership card,USCPIE12406491*1
ChargePoint Network,,,5346231,5346231,CULLMANELECTRIC / STATION2-R,8926271,247,3073939931,2024-05-04T22:21:20Z,2024-05-04T23:15:43Z,,36.657101,54.167,membership,Payment by membership account and/or membership card,USCPIE5346231*1
ChargePoint Network,,,15684301,15684301,MLEC / STATION 1 (L) W,25280151,247,3119712961,2024-05-24T19:29:57Z,2024-05-24T20:26:32Z,,38.931801,53.872,membership,Payment by membership account and/or membership card,USCPIE15684301*1
ChargePoint Network,,,1988061,1988061,7SPC / SCES DOLLYWOOD,25499841,3,3116177861,2024-05-22T18:58:26Z,2024-05-22T21:46:17Z,,19.284126,7.0472,membership,Payment by membership account and/or membership card,USCPIE1988061*2
ChargePoint Network,,,14337501,14337501,HOLSTONELECTRIC / CHURCH HILL-2,23845091,247,3095978481,2024-05-14T20:07:49Z,2024-05-14T21:01:01Z,,71.346298,86.832,membership,Payment by membership account and/or membership card,USCPIE14337501*1
ChargePoint Network,,,13861861,13861861,BRMEMC / STATION 1,23296281,100011,3069763061,2024-05-02T22:26:46Z,2024-05-02T23:06:04Z,,16.042601,26.068,membership,Payment by membership account and/or membership card,USCPIE13861861*1
ChargePoint Network,,,13292801,13292801,LODGE CAST IRON / STORE & MUSEUM,22637551,3,3089698441,2024-05-11T21:50:10Z,2024-05-11T22:17:36Z,,2.995727,6.5952,credit_card_terminal,Payment via credit card or debit card terminal,USCPIE13292801*1
ChargePoint Network,,,5354011,5354011,7SPC / GREENEVILLE TA,8936791,207,3129175691,2024-05-29T16:05:57Z,2024-05-29T16:33:01Z,,24.365499,55.692,membership,Payment by membership account and/or membership card,USCPIE5354011*1
ChargePoint Network,,,15623211,15623211,CLW / 5TH ST 2 (R),25208281,247,3087163591,2024-05-10T17:55:51Z,2024-05-10T18:53:18Z,,66.380096,114.267,membership,Payment by membership account and/or membership card,USCPIE15623211*1
ChargePoint Network,,,14337221,14337221,HOLSTONELECTRIC / CHURCH HILL-1,23844801,247,3069894311,2024-05-02T23:21:17Z,2024-05-02T23:22:12Z,,0.000100,0.0,membership,Payment by membership account and/or membership card,USCPIE14337221*1
ChargePoint Network,,,15694171,15694171,BRIGHTRIDGE EV / STATION 1 (L),25292041,247,3119538871,2024-05-24T18:10:29Z,2024-05-24T18:57:03Z,,35.730701,73.875,credit_card_terminal,Payment via credit card or debit card terminal,USCPIE15694171*1
ChargePoint Network,,,5122191,5122191,CULLMANELECTRIC / STATION1-L,8482151,247,3104242641,2024-05-18T01:17:12Z,2024-05-18T03:28:30Z,,77.575500,72.833,membership,Payment by membership account and/or membership card,USCPIE5122191*1
ChargePoint Network,,,13606061,13606061,I24 EXIT11 / STATION 4 (RR),22992511,247,3075245961,2024-05-05T19:33:31Z,2024-05-05T20:18:44Z,,46.884701,77.42,membership,Payment by membership account and/or membership card,USCPIE13606061*1
ChargePoint Network,,,13606091,13606091,I24 EXIT11 / STATION 3 (RM),22992551,247,3123721231,2024-05-26T23:43:23Z,2024-05-27T00:09:54Z,,26.003000,73.4,membership,Payment by membership account and/or membership card,USCPIE13606091*1
ChargePoint Network,,,12406401,12406401,FPIA / RIGHT STATION,21527671,247,3075241521,2024-05-05T19:30:31Z,2024-05-05T19:34:01Z,,0.363500,0.0,membership,Payment by membership account and/or membership card,USCPIE12406401*1
ChargePoint Network,,,1844191,1844191,CLW / MAIN ST,23050441,3,3107937981,2024-05-20T01:42:49Z,2024-05-20T11:35:19Z,,72.204262,7.3801,membership,Payment by membership account and/or membership card,USCPIE1844191*2
ChargePoint Network,,,1844191,1844191,CLW / MAIN ST,23050441,3,3096193311,2024-05-14T21:41:53Z,2024-05-15T01:43:29Z,,28.528870,7.2935,credit_card_terminal,Payment via credit card or debit card terminal,USCPIE1844191*2
ChargePoint Network,,,14047321,14047321,JEFFERSON AVE. / OXFORD STA2(R),23514081,247,3080067561,2024-05-07T21:45:31Z,2024-05-07T22:34:49Z,,44.886600,73.108,membership,Payment by membership account and/or membership card,USCPIE14047321*1
ChargePoint Network,,,15640171,15640171,NECDC / STATION 2 (R),25228711,100011,3127252211,2024-05-28T20:29:00Z,2024-05-28T20:59:07Z,,9.089900,48.092,membership,Payment by membership account and/or membership card,USCPIE15640171*1
ChargePoint Network,,,1844191,1844191,CLW / MAIN ST,23050431,3,3117173651,2024-05-23T19:15:35Z,2024-05-23T21:42:52Z,,16.928185,7.0147,membership,Payment by membership account and/or membership card,USCPIE1844191*1
ChargePoint Network,,,13659871,13659871,LAWRENCEBURG / STATION 2 (R),23054921,247,3128089621,2024-05-29T02:40:36Z,2024-05-29T02:49:48Z,,7.219200,50.319,other,Any other payment method not specified above. Additional description should be provided in Payment Method Description.,USCPIE13659871*1
ChargePoint Network,,,1844191,1844191,CLW / MAIN ST,23050441,3,3074718061,2024-05-05T12:15:48Z,2024-05-05T17:42:11Z,,39.707932,7.3924,credit_card_terminal,Payment via credit card or debit card terminal,USCPIE1844191*2
ChargePoint Network,,,5565291,5565291,7SPC / SCES LECONTE 1,9205191,3,3128043981,2024-05-29T02:09:44Z,2024-05-29T03:37:03Z,,10.276614,7.2245,membership,Payment by membership account and/or membership card,USCPIE5565291*1
ChargePoint Network,,,5619801,5619801,7SPC / WARREN RECC BG,9274251,3,3080643901,2024-05-08T01:58:44Z,2024-05-08T02:13:09Z,,1.461765,6.3544,membership,Payment by membership account and/or membership card,USCPIE5619801*1
ChargePoint Network,,,15623211,15623211,CLW / 5TH ST 2 (R),25208281,247,3122987301,2024-05-26T15:39:38Z,2024-05-26T17:18:19Z,,67.139702,86.435,credit_card_terminal,Payment via credit card or debit card terminal,USCPIE15623211*1
ChargePoint Network,,,14047321,14047321,JEFFERSON AVE. / OXFORD STA2(R),23514081,247,3107017701,2024-05-19T17:17:29Z,2024-05-19T17:42:28Z,,19.061199,75.4,membership,Payment by membership account and/or membership card,USCPIE14047321*1
ChargePoint Network,,,14097711,14097711,SCOTTSBORO EPB / SEPB DCFC (R),23570811,247,3128037921,2024-05-29T02:06:11Z,2024-05-29T02:25:31Z,,17.927200,65.188,membership,Payment by membership account and/or membership card,USCPIE14097711*1
ChargePoint Network,,,13026471,13026471,WCMES / CITYHALL2-R,22328331,247,3074992291,2024-05-05T16:56:35Z,2024-05-05T17:44:44Z,,39.171902,54.167,membership,Payment by membership account and/or membership card,USCPIE13026471*1
ChargePoint Network,,,13861891,13861891,BRMEMC / STATION 2,23296321,247,3090687721,2024-05-12T12:58:55Z,2024-05-12T13:22:46Z,,18.247700,73.032,membership,Payment by membership account and/or membership card,USCPIE13861891*1
ChargePoint Network,,,15548181,15548181,DECATURDOWNTWN / STATION 2 (L),25119551,247,3108532771,2024-05-20T12:24:11Z,2024-05-20T12:36:53Z,,6.153800,48.215,membership,Payment by membership account and/or membership card,USCPIE15548181*1
ChargePoint Network,,,14097801,14097801,SCOTTSBORO EPB / SEPB DCFC (L),23570921,247,3073547411,2024-05-04T18:28:58Z,2024-05-04T18:58:11Z,,7.300500,24.992,membership,Payment by membership account and/or membership card,USCPIE14097801*1
ChargePoint Network,,,5354011,5354011,7SPC / GREENEVILLE TA,8936791,207,3112699441,2024-05-22T00:11:47Z,2024-05-22T01:16:22Z,,54.829601,59.451,credit_card_terminal,Payment via credit card or debit card terminal,USCPIE5354011*1
ChargePoint Network,,,13966051,13966051,BEA / STATION 3 (RM),23419981,247,3122014971,2024-05-25T22:44:19Z,2024-05-25T23:09:33Z,,32.107300,80.36,credit_card_terminal,Payment via credit card or debit card terminal,USCPIE13966051*1
ChargePoint Network,,,15694081,15694081,BRIGHTRIDGE EV / STATION 1 (L),25291921,247,3109697721,2024-05-20T20:48:46Z,2024-05-20T21:31:13Z,,49.371101,77.027,membership,Payment by membership account and/or membership card,USCPIE15694081*1
ChargePoint Network,,,14047321,14047321,JEFFERSON AVE. / OXFORD STA2(R),,,3117296031,2024-05-23T20:04:51Z,2024-05-23T20:04:55Z,,0.000000,,membership,Payment by membership account and/or membership card,USCPIE14047321*0
ChargePoint Network,,,14337221,14337221,HOLSTONELECTRIC / CHURCH HILL-1,23844801,247,3069899771,2024-05-02T23:23:40Z,2024-05-03T00:07:29Z,,58.603600,119.349,membership,Payment by membership account and/or membership card,USCPIE14337221*1
ChargePoint Network,,,7505851,7505851,JEFFERSON AVE. / OXFORD STA1(L),12955471,247,3085372231,2024-05-09T22:52:28Z,2024-05-09T22:57:08Z,,3.195900,0.0,membership,Payment by membership account and/or membership card,USCPIE7505851*1
ChargePoint Network,,,15548151,15548151,DECATURDOWNTWN / STATION 1 (R),25119511,247,3121158091,2024-05-25T13:40:20Z,2024-05-25T14:06:48Z,,25.672899,123.69,membership,Payment by membership account and/or membership card,USCPIE15548151*1
ChargePoint Network,,,13659871,13659871,LAWRENCEBURG / STATION 2 (R),,,3074434151,2024-05-05T03:37:50Z,2024-05-05T03:39:51Z,,0.000000,,other,Any other payment method not specified above. Additional description should be provided in Payment Method Description.,USCPIE13659871*0
ChargePoint Network,,,14097801,14097801,SCOTTSBORO EPB / SEPB DCFC (L),23570921,247,3087150781,2024-05-10T17:49:31Z,2024-05-10T17:50:01Z,,0.000000,0.0,membership,Payment by membership account and/or membership card,USCPIE14097801*1
ChargePoint Network,,,12989161,12989161,BTES / CITY HALL,22285821,3,3124356601,2024-05-27T11:18:03Z,2024-05-27T14:37:25Z,,23.315331,7.1143,membership,Payment by membership account and/or membership card,USCPIE12989161*2
ChargePoint Network,,,9745721,9745721,CRMC / CRMC-1 - L2LEFT,17301471,3,3097486551,2024-05-15T13:06:33Z,2024-05-15T22:29:24Z,,65.579056,7.0921,membership,Payment by membership account and/or membership card,USCPIE9745721*1
ChargePoint Network,,,15684341,15684341,MLEC / STATION 2 (R) W,25280201,247,3132154131,2024-05-30T19:13:26Z,2024-05-30T19:54:53Z,,37.393002,58.52,membership,Payment by membership account and/or membership card,USCPIE15684341*1
ChargePoint Network,,,7505851,7505851,JEFFERSON AVE. / OXFORD STA1(L),12955471,247,3071513761,2024-05-03T17:38:54Z,2024-05-03T17:39:45Z,,0.000000,0.0,membership,Payment by membership account and/or membership card,USCPIE7505851*1
ChargePoint Network,,,9745721,9745721,CRMC / CRMC-1 - L2LEFT,17301471,3,3111036151,2024-05-21T12:42:26Z,2024-05-21T12:44:26Z,,0.000000,0.0,membership,Payment by membership account and/or membership card,USCPIE9745721*1
ChargePoint Network,,,5414151,5414151,7SPC / UC - CARTHAGE,9014641,3,3101395461,2024-05-16T22:23:37Z,2024-05-17T00:19:24Z,,13.691788,7.1746,credit_card_terminal,Payment via credit card or debit card terminal,USCPIE5414151*1
ChargePoint Network,,,12720861,12720861,WRECC / STATION 2,21977121,247,3076366681,2024-05-06T12:01:56Z,2024-05-06T12:40:00Z,,52.846600,86.199,membership,Payment by membership account and/or membership card,USCPIE12720861*1
ChargePoint Network,,,5122191,5122191,CULLMANELECTRIC / STATION1-L,8482151,247,3073417811,2024-05-04T17:08:31Z,2024-05-04T17:16:42Z,,6.061500,57.75,membership,Payment by membership account and/or membership card,USCPIE5122191*1
ChargePoint Network,,,5466441,5466441,7SPC / NASA USSRC R,9079361,3,3123028901,2024-05-26T16:09:00Z,2024-05-26T16:26:14Z,,1.688157,6.2931,credit_card_terminal,Payment via credit card or debit card terminal,USCPIE5466441*1
ChargePoint Network,,,1988061,1988061,7SPC / SCES DOLLYWOOD,25235441,3,3071024161,2024-05-03T14:13:02Z,2024-05-03T14:15:02Z,,0.000000,0.0,credit_card_terminal,Payment via credit card or debit card terminal,USCPIE1988061*1
ChargePoint Network,,,5122191,5122191,CULLMANELECTRIC / STATION1-L,8482151,247,3066813511,2024-05-01T21:52:49Z,2024-05-01T22:53:53Z,,72.250198,76.031,other,Any other payment method not specified above. Additional description should be provided in Payment Method Description.,USCPIE5122191*1
ChargePoint Network,,,5346231,5346231,CULLMANELECTRIC / STATION2-R,8926271,247,3103702211,2024-05-17T21:04:59Z,2024-05-17T21:54:50Z,,45.822498,77.617,membership,Payment by membership account and/or membership card,USCPIE5346231*1
ChargePoint Network,,,15548151,15548151,DECATURDOWNTWN / STATION 1 (R),25119511,247,3119331851,2024-05-24T16:33:08Z,2024-05-24T16:42:36Z,,16.109600,0.0,membership,Payment by membership account and/or membership card,USCPIE15548151*1
ChargePoint Network,,,13803581,13803581,FPU / STATION 1 (L),23227201,247,3123197611,2024-05-26T18:05:52Z,2024-05-26T18:18:29Z,,9.646800,94.707,membership,Payment by membership account and/or membership card,USCPIE13803581*1
ChargePoint Network,,,13423691,13423691,AEC / STATION #1 (L),22787121,247,3088905751,2024-05-11T14:08:34Z,2024-05-11T14:42:43Z,,20.237499,53.604,membership,Payment by membership account and/or membership card,USCPIE13423691*1
ChargePoint Network,,,12406491,12406491,FPIA / LEFT STATION,21527781,247,3076679731,2024-05-06T14:42:45Z,2024-05-06T15:10:39Z,,36.177399,83.16,membership,Payment by membership account and/or membership card,USCPIE12406491*1
ChargePoint Network,,,1933211,1933211,BRIGHTRIDGE EV / BR-JONESBOROUGH,2283641,3,3087713001,2024-05-10T22:02:14Z,2024-05-11T10:55:24Z,,72.639679,6.1678,membership,Payment by membership account and/or membership card,USCPIE1933211*2
ChargePoint Network,,,15280441,15280441,SPRFLD ELECTRIC / STATION 2 (R),24807641,247,3079536691,2024-05-07T17:49:12Z,2024-05-07T17:56:09Z,,4.637900,0.0,membership,Payment by membership account and/or membership card,USCPIE15280441*1
ChargePoint Network,,,13026471,13026471,WCMES / CITYHALL2-R,22328331,247,3081261721,2024-05-08T12:31:00Z,2024-05-08T13:01:34Z,,17.785299,36.768,membership,Payment by membership account and/or membership card,USCPIE13026471*1
ChargePoint Network,,,13966051,13966051,BEA / STATION 3 (RM),23419981,247,3107722821,2024-05-19T23:44:53Z,2024-05-19T23:46:19Z,,0.000000,0.0,credit_card_terminal,Payment via credit card or debit card terminal,USCPIE13966051*1
ChargePoint Network,,,12406401,12406401,FPIA / RIGHT STATION,21527671,100011,3123558591,2024-05-26T22:01:18Z,2024-05-26T22:29:40Z,,12.560400,28.35,membership,Payment by membership account and/or membership card,USCPIE12406401*1
ChargePoint Network,,,13292801,13292801,LODGE CAST IRON / STORE & MUSEUM,22637551,3,3074947351,2024-05-05T16:25:41Z,2024-05-05T16:37:43Z,,1.326280,7.1155,membership,Payment by membership account and/or membership card,USCPIE13292801*1
ChargePoint Network,,,5346231,5346231,CULLMANELECTRIC / STATION2-R,8926271,247,3118332541,2024-05-24T03:41:51Z,2024-05-24T04:06:58Z,,28.532400,72.496,membership,Payment by membership account and/or membership card,USCPIE5346231*1
ChargePoint Network,,,13606091,13606091,I24 EXIT11 / STATION 3 (RM),22992551,247,3070313031,2024-05-03T02:38:33Z,2024-05-03T02:39:13Z,,0.000000,0.0,membership,Payment by membership account and/or membership card,USCPIE13606091*1
ChargePoint Network,,,15623231,15623231,CLW / 5TH ST 1 (L),25208301,247,3092690201,2024-05-13T14:27:51Z,2024-05-13T15:01:51Z,,52.260101,122.583,membership,Payment by membership account and/or membership card,USCPIE15623231*1
ChargePoint Network,,,5346231,5346231,CULLMANELECTRIC / STATION2-R,8926271,247,3104026411,2024-05-17T23:34:18Z,2024-05-18T02:16:59Z,,166.144897,73.599,membership,Payment by membership account and/or membership card,USCPIE5346231*1
ChargePoint Network,,,15694081,15694081,BRIGHTRIDGE EV / STATION 1 (L),25291921,247,3114165291,2024-05-22T16:18:11Z,2024-05-22T17:08:49Z,,57.591301,77.025,membership,Payment by membership account and/or membership card,USCPIE15694081*1
ChargePoint Network,,,13659871,13659871,LAWRENCEBURG / STATION 2 (R),23054921,247,3069711031,2024-05-02T22:05:22Z,2024-05-02T22:31:45Z,,25.039400,76.0,membership,Payment by membership account and/or membership card,USCPIE13659871*1
ChargePoint Network,,,8851921,8851921,7SPC / SEVIERVILLE DC1,15571271,207,3106662271,2024-05-19T12:17:58Z,2024-05-19T12:44:08Z,,21.894400,61.65,membership,Payment by membership account and/or membership card,USCPIE8851921*1
ChargePoint Network,,,13659831,13659831,LAWRENCEBURG / STATION 1 (L),23054881,247,3116945831,2024-05-23T17:33:07Z,2024-05-23T17:33:26Z,,0.000000,0.0,membership,Payment by membership account and/or membership card,USCPIE13659831*1
ChargePoint Network,,,8851921,8851921,7SPC / SEVIERVILLE DC1,15571271,207,3116212671,2024-05-23T12:47:00Z,2024-05-23T13:50:19Z,,55.415001,57.903,membership,Payment by membership account and/or membership card,USCPIE8851921*1
ChargePoint Network,,,15694081,15694081,BRIGHTRIDGE EV / STATION 1 (L),25291921,247,3089323871,2024-05-11T18:25:55Z,2024-05-11T18:45:59Z,,22.909000,84.942,membership,Payment by membership account and/or membership card,USCPIE15694081*1
ChargePoint Network,,,12754021,12754021,WCMES / CITYHALL1-L,22015241,247,3087129301,2024-05-10T17:38:19Z,2024-05-10T18:25:56Z,,26.372601,75.655,membership,Payment by membership account and/or membership card,USCPIE12754021*1
ChargePoint Network,,,5122191,5122191,CULLMANELECTRIC / STATION1-L,8482151,247,3130305271,2024-05-30T00:07:52Z,2024-05-30T00:09:32Z,,0.000000,0.0,credit_card_terminal,Payment via credit card or debit card terminal,USCPIE5122191*1
ChargePoint Network,,,13664401,13664401,BTES / STATION 1 (LL),23060421,247,3073073971,2024-05-04T12:15:51Z,2024-05-04T13:10:44Z,,46.282700,59.365,credit_card_terminal,Payment via credit card or debit card terminal,USCPIE13664401*1
ChargePoint Network,,,13966031,13966031,BEA / STATION 4 (RR),23419961,247,3097489211,2024-05-15T13:07:51Z,2024-05-15T13:41:31Z,,38.648499,71.116,membership,Payment by membership account and/or membership card,USCPIE13966031*1
ChargePoint Network,,,15694171,15694171,BRIGHTRIDGE EV / STATION 2 (R),25292041,247,3106112041,2024-05-19T01:50:48Z,2024-05-19T02:14:36Z,,26.822500,74.302,membership,Payment by membership account and/or membership card,USCPIE15694171*1
ChargePoint Network,,,5619801,5619801,7SPC / WARREN RECC BG,9274251,3,3099360191,2024-05-16T02:17:37Z,2024-05-16T06:03:23Z,,23.652735,6.3622,membership,Payment by membership account and/or membership card,USCPIE5619801*1
ChargePoint Network,,,9677521,9677521,UT PARKING / S7 STATION 1,17169331,3,3081116641,2024-05-08T10:40:45Z,2024-05-08T11:29:42Z,,0.000012,0.0185,membership,Payment by membership account and/or membership card,USCPIE9677521*1
ChargePoint Network,,,13423581,13423581,AEC / STATION #2 (R),22787011,247,3107073111,2024-05-19T17:48:40Z,2024-05-19T18:11:32Z,,29.269100,86.088,membership,Payment by membership account and/or membership card,USCPIE13423581*1
ChargePoint Network,,,14359491,14359491,EBOFG / STATION 1 (L),23870291,247,3127287741,2024-05-28T20:44:58Z,2024-05-28T20:45:48Z,,0.000000,0.0,credit_card_terminal,Payment via credit card or debit card terminal,USCPIE14359491*1
ChargePoint Network,,,13643801,13643801,PEPA / STATION 2,23036481,247,3075437171,2024-05-05T21:24:47Z,2024-05-05T22:10:02Z,,60.217999,83.778,membership,Payment by membership account and/or membership card,USCPIE13643801*1
ChargePoint Network,,,15742641,15742641,GEA-1 / STATION 2 (R),25349301,247,3082817841,2024-05-08T23:10:01Z,2024-05-09T00:12:26Z,,44.685902,61.353,membership,Payment by membership account and/or membership card,USCPIE15742641*1
ChargePoint Network,,,13966811,13966811,BEA / STATION 2 (LM),23420881,247,3089650771,2024-05-11T21:24:16Z,2024-05-11T22:21:12Z,,50.584202,70.615,membership,Payment by membership account and/or membership card,USCPIE13966811*1
ChargePoint Network,,,8851921,8851921,7SPC / SEVIERVILLE DC1,15571271,207,3089730841,2024-05-11T22:08:07Z,2024-05-11T22:09:32Z,,0.000000,0.0,membership,Payment by membership account and/or membership card,USCPIE8851921*1
ChargePoint Network,,,15548151,15548151,DECATURDOWNTWN / STATION 1 (R),,,3122969841,2024-05-26T15:25:12Z,2024-05-26T15:25:21Z,,0.000000,,membership,Payment by membership account and/or membership card,USCPIE15548151*0
ChargePoint Network,,,15623211,15623211,CLW / 5TH ST 2 (R),,,3125332431,2024-05-28T00:08:05Z,2024-05-28T00:10:10Z,,0.000000,0.0,membership,Payment by membership account and/or membership card,USCPIE15623211*0
ChargePoint Network,,,13659831,13659831,LAWRENCEBURG / STATION 1 (L),23054881,247,3108605721,2024-05-20T13:02:00Z,2024-05-20T13:21:37Z,,21.653200,72.323,membership,Payment by membership account and/or membership card,USCPIE13659831*1
ChargePoint Network,,,12406491,12406491,FPIA / LEFT STATION,21527781,247,3075794531,2024-05-06T00:49:41Z,2024-05-06T01:49:15Z,,84.374496,91.885,membership,Payment by membership account and/or membership card,USCPIE12406491*1
ChargePoint Network,,,15332321,15332321,TUA NW ATLANTIC / STATION 1 (L),24867861,247,3104959941,2024-05-18T13:26:37Z,2024-05-18T14:23:29Z,,66.199501,74.099,credit_card_terminal,Payment via credit card or debit card terminal,USCPIE15332321*1
ChargePoint Network,,,5565251,5565251,7SPC / SCES LECONTE 3,9205131,3,3124551711,2024-05-27T15:29:00Z,2024-05-27T17:56:12Z,,17.161877,7.1526,phone_online,"Payment through mobile app, website, automated phone number or messaging system",USCPIE5565251*2
ChargePoint Network,,,12720861,12720861,WRECC / STATION 2,21977121,247,3071161291,2024-05-03T15:15:47Z,2024-05-03T15:43:29Z,,31.735399,69.891,membership,Payment by membership account and/or membership card,USCPIE12720861*1
ChargePoint Network,,,15260251,15260251,STEMC / STATION 2 (R) A,24784081,247,3112567451,2024-05-21T23:14:19Z,2024-05-21T23:56:08Z,,49.114799,75.068,membership,Payment by membership account and/or membership card,USCPIE15260251*1
ChargePoint Network,,,13606061,13606061,I24 EXIT11 / STATION 4 (RR),22992511,247,3094053201,2024-05-14T00:06:39Z,2024-05-14T00:49:12Z,,49.628700,78.208,credit_card_terminal,Payment via credit card or debit card terminal,USCPIE13606061*1
ChargePoint Network,,,1964521,1964521,EBOFG / GUNTERSVILLE PD,8374201,3,3107204331,2024-05-19T19:03:10Z,2024-05-19T20:12:37Z,,8.373411,7.3377,membership,Payment by membership account and/or membership card,USCPIE1964521*1
ChargePoint Network,,,1964521,1964521,EBOFG / GUNTERSVILLE PD,8374211,3,3103713741,2024-05-17T21:10:55Z,2024-05-17T23:24:18Z,,16.052050,7.2819,membership,Payment by membership account and/or membership card,USCPIE1964521*2
ChargePoint Network,,,1933211,1933211,BRIGHTRIDGE EV / BR-JONESBOROUGH,2283641,3,3103648601,2024-05-17T20:42:14Z,2024-05-17T21:30:52Z,,4.842640,6.1896,credit_card_terminal,Payment via credit card or debit card terminal,USCPIE1933211*2
ChargePoint Network,,,13606061,13606061,I24 EXIT11 / STATION 4 (RR),22992511,247,3108322271,2024-05-20T07:08:58Z,2024-05-20T08:30:40Z,,77.609398,75.239,membership,Payment by membership account and/or membership card,USCPIE13606061*1
ChargePoint Network,,,14025691,14025691,PARIS BPU / STATION 1(L),23489541,247,3090810161,2024-05-12T15:04:05Z,2024-05-12T15:51:22Z,,34.625401,70.638,membership,Payment by membership account and/or membership card,USCPIE14025691*1
ChargePoint Network,,,1933211,1933211,BRIGHTRIDGE EV / BR-JONESBOROUGH,2283641,3,3120707471,2024-05-25T03:32:33Z,2024-05-25T04:22:13Z,,4.855028,6.0081,membership,Payment by membership account and/or membership card,USCPIE1933211*2
ChargePoint Network,,,13026471,13026471,WCMES / CITYHALL2-R,22328331,247,3071232421,2024-05-03T15:40:43Z,2024-05-03T16:11:22Z,,15.140100,33.582,membership,Payment by membership account and/or membership card,USCPIE13026471*1
ChargePoint Network,,,14359491,14359491,EBOFG / STATION 1 (L),23870291,247,3073590541,2024-05-04T18:55:10Z,2024-05-04T18:55:55Z,,0.000000,0.0,membership,Payment by membership account and/or membership card,USCPIE14359491*1
ChargePoint Network,,,5346231,5346231,CULLMANELECTRIC / STATION2-R,8926271,247,3112480421,2024-05-21T22:40:35Z,2024-05-22T01:27:05Z,,95.952202,76.823,other,Any other payment method not specified above. Additional description should be provided in Payment Method Description.,USCPIE5346231*1
ChargePoint Network,,,7505851,7505851,JEFFERSON AVE. / OXFORD STA1(L),12955471,247,3085405331,2024-05-09T23:05:44Z,2024-05-09T23:26:18Z,,13.746500,54.662,membership,Payment by membership account and/or membership card,USCPIE7505851*1
ChargePoint Network,,,15548181,15548181,DECATURDOWNTWN / STATION 2 (L),25119551,247,3079569031,2024-05-07T18:04:43Z,2024-05-07T18:30:57Z,,29.595200,75.42,membership,Payment by membership account and/or membership card,USCPIE15548181*1
ChargePoint Network,,,13966811,13966811,BEA / STATION 2 (LM),23420881,247,3107717981,2024-05-19T23:42:00Z,2024-05-19T23:43:38Z,,0.000000,0.0,credit_card_terminal,Payment via credit card or debit card terminal,USCPIE13966811*1
ChargePoint Network,,,12720861,12720861,WRECC / STATION 2,21977121,247,3106300831,2024-05-19T03:42:57Z,2024-05-19T04:25:24Z,,36.714600,72.199,membership,Payment by membership account and/or membership card,USCPIE12720861*1
ChargePoint Network,,,13966031,13966031,BEA / STATION 4 (RR),23419961,247,3114191181,2024-05-22T16:27:47Z,2024-05-22T17:22:06Z,,58.406601,122.737,membership,Payment by membership account and/or membership card,USCPIE13966031*1
ChargePoint Network,,,1964521,1964521,EBOFG / GUNTERSVILLE PD,8374211,3,3123750701,2024-05-27T00:00:39Z,2024-05-27T01:35:05Z,,10.125654,6.4878,membership,Payment by membership account and/or membership card,USCPIE1964521*2
ChargePoint Network,,,7505851,7505851,JEFFERSON AVE. / OXFORD STA1(L),12955471,247,3109494931,2024-05-20T19:21:28Z,2024-05-20T20:21:45Z,,74.879601,87.073,membership,Payment by membership account and/or membership card,USCPIE7505851*1
ChargePoint Network,,,5565191,5565191,7SPC / DOLLYWOOD EMPL,9205031,3,3111077861,2024-05-21T13:02:46Z,2024-05-21T14:15:57Z,,8.104775,6.8347,membership,Payment by membership account and/or membership card,USCPIE5565191*1
ChargePoint Network,,,15332321,15332321,TUA NW ATLANTIC / STATION 1 (L),24867861,247,3069815701,2024-05-02T22:48:26Z,2024-05-02T23:56:00Z,,27.793200,63.08,credit_card_terminal,Payment via credit card or debit card terminal,USCPIE15332321*1
ChargePoint Network,,,7505851,7505851,JEFFERSON AVE. / OXFORD STA1(L),12955471,247,3091250771,2024-05-12T19:55:09Z,2024-05-12T20:58:46Z,,75.538803,74.86,membership,Payment by membership account and/or membership card,USCPIE7505851*1
ChargePoint Network,,,5397731,5397731,EEDEV / MILLIGAN UNIV,9010251,3,3129681611,2024-05-29T19:46:03Z,2024-05-30T01:17:09Z,,39.458130,7.2681,credit_card_terminal,Payment via credit card or debit card terminal,USCPIE5397731*1
ChargePoint Network,,,5445161,5445161,7SPC / UC - LIVINGSTON,9052351,3,3091718531,2024-05-13T00:19:21Z,2024-05-13T12:31:25Z,,49.232399,7.1356,membership,Payment by membership account and/or membership card,USCPIE5445161*2
ChargePoint Network,,,15332351,15332351,TUA NW ATLANTIC / STATION 2 (R),,,3074749101,2024-05-05T13:09:00Z,2024-05-05T13:11:00Z,,0.000000,,membership,Payment by membership account and/or membership card,USCPIE15332351*0
ChargePoint Network,,,13861891,13861891,BRMEMC / STATION 2,23296321,100011,3077408761,2024-05-06T19:51:26Z,2024-05-06T20:16:20Z,,7.162000,30.639,membership,Payment by membership account and/or membership card,USCPIE13861891*1
ChargePoint Network,,,12720861,12720861,WRECC / STATION 2,21977121,247,3122318821,2024-05-26T01:43:05Z,2024-05-26T01:45:23Z,,0.000000,0.0,other,Any other payment method not specified above. Additional description should be provided in Payment Method Description.,USCPIE12720861*1
ChargePoint Network,,,15694081,15694081,BRIGHTRIDGE EV / STATION 1 (L),25291921,247,3088750331,2024-05-11T10:58:07Z,2024-05-11T12:14:06Z,,75.166100,73.364,membership,Payment by membership account and/or membership card,USCPIE15694081*1
ChargePoint Network,,,8851921,8851921,7SPC / SEVIERVILLE DC1,15571271,207,3122150161,2024-05-25T23:59:57Z,2024-05-26T00:46:03Z,,45.589298,62.18,membership,Payment by membership account and/or membership card,USCPIE8851921*1
ChargePoint Network,,,15260241,15260241,STEMC / STATION 1 (L) A,24784071,247,3122986061,2024-05-26T15:38:48Z,2024-05-26T16:20:55Z,,28.492800,54.316,membership,Payment by membership account and/or membership card,USCPIE15260241*1
ChargePoint Network,,,15548181,15548181,DECATURDOWNTWN / STATION 2 (L),25119551,247,3092655091,2024-05-13T14:11:26Z,2024-05-13T14:30:59Z,,18.819799,72.435,membership,Payment by membership account and/or membership card,USCPIE15548181*1
ChargePoint Network,,,14047321,14047321,JEFFERSON AVE. / OXFORD STA2(R),23514081,247,3077165091,2024-05-06T17:53:43Z,2024-05-06T18:41:14Z,,64.188202,124.487,membership,Payment by membership account and/or membership card,USCPIE14047321*1
ChargePoint Network,,,14337501,14337501,HOLSTONELECTRIC / CHURCH HILL-2,23845091,247,3089970501,2024-05-12T00:16:25Z,2024-05-12T00:17:59Z,,0.000000,0.0,membership,Payment by membership account and/or membership card,USCPIE14337501*1
ChargePoint Network,,,5384781,5384781,7SPC / TRI-COUNTY EMC,9273691,3,3118904111,2024-05-24T13:28:21Z,2024-05-24T15:32:31Z,,14.985065,7.327,membership,Payment by membership account and/or membership card,USCPIE5384781*1
ChargePoint Network,,,5466441,5466441,7SPC / NASA USSRC R,9079371,3,3111819741,2024-05-21T17:58:59Z,2024-05-21T19:29:17Z,,9.278215,6.2675,membership,Payment by membership account and/or membership card,USCPIE5466441*2
ChargePoint Network,,,15640171,15640171,NECDC / STATION 2 (R),25228711,247,3098780751,2024-05-15T22:04:02Z,2024-05-15T22:09:42Z,,4.675400,0.0,membership,Payment by membership account and/or membership card,USCPIE15640171*1
ChargePoint Network,,,7505851,7505851,JEFFERSON AVE. / OXFORD STA1(L),12955471,247,3125040511,2024-05-27T21:00:51Z,2024-05-27T21:54:48Z,,65.245499,76.633,membership,Payment by membership account and/or membership card,USCPIE7505851*1
ChargePoint Network,,,8851921,8851921,7SPC / SEVIERVILLE DC1,15571271,207,3124601571,2024-05-27T16:08:27Z,2024-05-27T16:24:44Z,,13.021000,56.055,membership,Payment by membership account and/or membership card,USCPIE8851921*1
ChargePoint Network,,,1964521,1964521,EBOFG / GUNTERSVILLE PD,8374201,3,3084697001,2024-05-09T18:15:38Z,2024-05-09T19:27:19Z,,8.679151,7.3929,membership,Payment by membership account and/or membership card,USCPIE1964521*1
ChargePoint Network,,,5466441,5466441,7SPC / NASA USSRC R,9079371,3,3084684341,2024-05-09T18:09:07Z,2024-05-09T18:46:10Z,,3.731429,6.1673,membership,Payment by membership account and/or membership card,USCPIE5466441*2
ChargePoint Network,,,15548181,15548181,DECATURDOWNTWN / STATION 2 (L),25119551,247,3120106701,2024-05-24T22:26:26Z,2024-05-24T23:01:35Z,,55.926899,124.464,membership,Payment by membership account and/or membership card,USCPIE15548181*1
ChargePoint Network,,,13664471,13664471,BTES / STATION 3 (RM),23060511,247,3085184971,2024-05-09T21:37:01Z,2024-05-09T22:28:57Z,,39.112598,73.678,membership,Payment by membership account and/or membership card,USCPIE13664471*1
ChargePoint Network,,,15729991,15729991,AEC / AEC03,25334181,3,3073762121,2024-05-04T20:36:09Z,2024-05-04T23:02:56Z,,17.363276,7.1797,credit_card_terminal,Payment via credit card or debit card terminal,USCPIE15729991*2
ChargePoint Network,,,1844191,1844191,CLW / MAIN ST,23050441,3,3082637411,2024-05-08T21:55:49Z,2024-05-09T01:35:18Z,,26.400051,7.2867,credit_card_terminal,Payment via credit card or debit card terminal,USCPIE1844191*2
ChargePoint Network,,,1932851,1932851,BRIGHTRIDGE EV / BR-JC LIBRARY,23319821,3,3123138761,2024-05-26T17:26:32Z,2024-05-26T20:23:15Z,,21.424402,7.3595,membership,Payment by membership account and/or membership card,USCPIE1932851*2
ChargePoint Network,,,13606121,13606121,I24 EXIT11 / STATION 2 (LM),22992591,247,3122603121,2024-05-26T05:01:38Z,2024-05-26T05:02:33Z,,0.002500,0.0,membership,Payment by membership account and/or membership card,USCPIE13606121*1
ChargePoint Network,,,14097711,14097711,SCOTTSBORO EPB / SEPB DCFC (R),23570811,247,3074193801,2024-05-05T00:54:53Z,2024-05-05T01:12:13Z,,18.613600,70.599,membership,Payment by membership account and/or membership card,USCPIE14097711*1
ChargePoint Network,,,5346231,5346231,CULLMANELECTRIC / STATION2-R,8926271,247,3092506511,2024-05-13T12:57:27Z,2024-05-13T13:28:23Z,,38.995399,88.856,membership,Payment by membership account and/or membership card,USCPIE5346231*1
ChargePoint Network,,,13966851,13966851,BEA / STATION 1 (LL),23420911,247,3118131871,2024-05-24T01:56:51Z,2024-05-24T02:13:02Z,,16.197800,64.288,membership,Payment by membership account and/or membership card,USCPIE13966851*1
ChargePoint Network,,,12720881,12720881,WRECC / STATION 1,21977141,247,3131450741,2024-05-30T14:37:58Z,2024-05-30T14:40:34Z,,0.000000,0.0,membership,Payment by membership account and/or membership card,USCPIE12720881*1
ChargePoint Network,,,5445161,5445161,7SPC / UC - LIVINGSTON,9052351,3,3086574371,2024-05-10T13:50:01Z,2024-05-10T17:06:19Z,,22.313747,7.0361,membership,Payment by membership account and/or membership card,USCPIE5445161*2
ChargePoint Network,,,14047321,14047321,JEFFERSON AVE. / OXFORD STA2(R),23514081,247,3065575571,2024-05-01T13:23:11Z,2024-05-01T13:24:21Z,,0.000000,0.0,membership,Payment by membership account and/or membership card,USCPIE14047321*1
ChargePoint Network,,,15694081,15694081,BRIGHTRIDGE EV / STATION 1 (L),,,3109095861,2024-05-20T16:16:29Z,2024-05-20T16:18:30Z,,0.000000,,other,Any other payment method not specified above. Additional description should be provided in Payment Method Description.,USCPIE15694081*0
ChargePoint Network,,,12406491,12406491,FPIA / LEFT STATION,21527781,247,3086541281,2024-05-10T13:31:37Z,2024-05-10T13:43:16Z,,15.483500,0.0,membership,Payment by membership account and/or membership card,USCPIE12406491*1
ChargePoint Network,,,12406491,12406491,FPIA / LEFT STATION,21527781,247,3122880431,2024-05-26T13:57:40Z,2024-05-26T14:08:44Z,,11.917300,69.083,membership,Payment by membership account and/or membership card,USCPIE12406491*1
ChargePoint Network,,,5466441,5466441,7SPC / NASA USSRC R,9079361,3,3074227421,2024-05-05T01:14:15Z,2024-05-05T01:15:08Z,,0.000000,,credit_card_terminal,Payment via credit card or debit card terminal,USCPIE5466441*1
ChargePoint Network,,,15280471,15280471,SPRFLD ELECTRIC / STATION 1 (L),24807681,247,3069547601,2024-05-02T20:53:38Z,2024-05-02T23:03:47Z,,38.972900,62.166,membership,Payment by membership account and/or membership card,USCPIE15280471*1
ChargePoint Network,,,1844191,1844191,CLW / MAIN ST,23050431,3,3086447641,2024-05-10T12:40:25Z,2024-05-10T17:03:26Z,,30.486042,7.1202,membership,Payment by membership account and/or membership card,USCPIE1844191*1
ChargePoint Network,,,15640171,15640171,NECDC / STATION 2 (R),25228711,247,3112477771,2024-05-21T22:39:23Z,2024-05-21T22:48:51Z,,9.025900,62.491,membership,Payment by membership account and/or membership card,USCPIE15640171*1
ChargePoint Network,,,12406401,12406401,FPIA / RIGHT STATION,21527671,247,3075247191,2024-05-05T19:34:06Z,2024-05-05T19:35:31Z,,0.000000,0.0,membership,Payment by membership account and/or membership card,USCPIE12406401*1
ChargePoint Network,,,5346231,5346231,CULLMANELECTRIC / STATION2-R,8926271,247,3125102971,2024-05-27T21:41:53Z,2024-05-27T21:43:59Z,,0.000000,0.0,membership,Payment by membership account and/or membership card,USCPIE5346231*1
ChargePoint Network,,,15548181,15548181,DECATURDOWNTWN / STATION 2 (L),25119551,100011,3107725491,2024-05-19T23:46:13Z,2024-05-20T00:41:30Z,,23.566200,29.399,membership,Payment by membership account and/or membership card,USCPIE15548181*1
ChargePoint Network,,,13861891,13861891,BRMEMC / STATION 2,23296321,247,3091198971,2024-05-12T19:24:09Z,2024-05-12T20:12:40Z,,34.254101,53.949,membership,Payment by membership account and/or membership card,USCPIE13861891*1
ChargePoint Network,,,1964521,1964521,EBOFG / GUNTERSVILLE PD,8374201,3,3099138711,2024-05-16T00:34:27Z,2024-05-16T00:36:26Z,,0.000000,0.0,membership,Payment by membership account and/or membership card,USCPIE1964521*1
ChargePoint Network,,,5363211,5363211,HARTSELLE 1 / HARTSELLE 1,23427571,3,3095410361,2024-05-14T15:56:01Z,2024-05-14T17:09:38Z,,7.676732,6.3207,membership,Payment by membership account and/or membership card,USCPIE5363211*1
ChargePoint Network,,,15623231,15623231,CLW / 5TH ST 1 (L),25208301,247,3131078131,2024-05-30T11:20:52Z,2024-05-30T11:47:27Z,,23.769899,75.263,membership,Payment by membership account and/or membership card,USCPIE15623231*1
ChargePoint Network,,,13423691,13423691,AEC / STATION #1 (L),22787121,247,3070546291,2024-05-03T04:59:37Z,2024-05-03T05:14:30Z,,16.166599,0.0,membership,Payment by membership account and/or membership card,USCPIE13423691*1
ChargePoint Network,,,13292801,13292801,LODGE CAST IRON / STORE & MUSEUM,22637551,3,3095901941,2024-05-14T19:36:30Z,2024-05-14T20:42:03Z,,7.635776,7.1091,credit_card_terminal,Payment via credit card or debit card terminal,USCPIE13292801*1
ChargePoint Network,,,14097801,14097801,SCOTTSBORO EPB / SEPB DCFC (L),23570921,247,3101261071,2024-05-16T21:29:54Z,2024-05-16T21:53:11Z,,23.112600,74.335,membership,Payment by membership account and/or membership card,USCPIE14097801*1
ChargePoint Network,,,12406491,12406491,FPIA / LEFT STATION,21527781,247,3121953971,2024-05-25T22:08:18Z,2024-05-25T23:41:43Z,,170.655396,119.624,membership,Payment by membership account and/or membership card,USCPIE12406491*1
ChargePoint Network,,,13664501,13664501,BTES / STATION 4 (RR),23060561,247,3095629801,2024-05-14T17:27:25Z,2024-05-14T17:41:00Z,,24.010900,117.025,membership,Payment by membership account and/or membership card,USCPIE13664501*1
ChargePoint Network,,,15640031,15640031,NECDC / STATION 1 (L),25228511,247,3117464471,2024-05-23T21:15:14Z,2024-05-23T22:21:07Z,,52.613499,61.854,membership,Payment by membership account and/or membership card,USCPIE15640031*1
ChargePoint Network,,,8851921,8851921,7SPC / SEVIERVILLE DC1,15571271,207,3117534571,2024-05-23T21:44:50Z,2024-05-23T21:59:46Z,,14.017100,0.0,membership,Payment by membership account and/or membership card,USCPIE8851921*1
ChargePoint Network,,,13861891,13861891,BRMEMC / STATION 2,23296321,247,3074846371,2024-05-05T15:03:36Z,2024-05-05T15:36:46Z,,20.375000,52.625,other,Any other payment method not specified above. Additional description should be provided in Payment Method Description.,USCPIE13861891*1
ChargePoint Network,,,5466441,5466441,7SPC / NASA USSRC R,9079371,3,3121641381,2024-05-25T19:06:02Z,2024-05-25T21:20:10Z,,7.457215,3.3852,membership,Payment by membership account and/or membership card,USCPIE5466441*2
ChargePoint Network,,,15694171,15694171,BRIGHTRIDGE EV / STATION 1 (L),25292041,247,3121371191,2024-05-25T16:21:26Z,2024-05-25T16:22:25Z,,0.000000,0.0,membership,Payment by membership account and/or membership card,USCPIE15694171*1
ChargePoint Network,,,1964521,1964521,EBOFG / GUNTERSVILLE PD,8374211,3,3073727631,2024-05-04T20:14:15Z,2024-05-04T21:46:02Z,,10.896880,7.345,membership,Payment by membership account and/or membership card,USCPIE1964521*2
ChargePoint Network,,,15332321,15332321,TUA NW ATLANTIC / STATION 1 (L),24867861,247,3067462051,2024-05-02T02:51:38Z,2024-05-02T03:49:26Z,,20.544701,58.11,credit_card_terminal,Payment via credit card or debit card terminal,USCPIE15332321*1
ChargePoint Network,,,14047321,14047321,JEFFERSON AVE. / OXFORD STA2(R),,,3123015591,2024-05-26T15:59:37Z,2024-05-26T15:59:41Z,,0.000000,,membership,Payment by membership account and/or membership card,USCPIE14047321*0
ChargePoint Network,,,13606061,13606061,I24 EXIT11 / STATION 4 (RR),22992511,247,3124548381,2024-05-27T15:26:30Z,2024-05-27T16:07:59Z,,46.047001,79.002,membership,Payment by membership account and/or membership card,USCPIE13606061*1
ChargePoint Network,,,15694081,15694081,BRIGHTRIDGE EV / STATION 1 (L),25291921,247,3091250961,2024-05-12T19:54:49Z,2024-05-12T20:05:56Z,,8.457900,60.68,membership,Payment by membership account and/or membership card,USCPIE15694081*1
ChargePoint Network,,,5380331,5380331,CULLMAN PB / STATION 1,8970951,3,3066634701,2024-05-01T20:33:01Z,2024-05-01T20:35:01Z,,0.000000,0.0,membership,Payment by membership account and/or membership card,USCPIE5380331*1
ChargePoint Network,,,12406401,12406401,FPIA / RIGHT STATION,21527671,100011,3122833691,2024-05-26T12:56:59Z,2024-05-26T13:08:34Z,,8.657200,50.591,membership,Payment by membership account and/or membership card,USCPIE12406401*1
ChargePoint Network,,,1932851,1932851,BRIGHTRIDGE EV / BR-JC LIBRARY,23319821,3,3073889301,2024-05-04T21:51:11Z,2024-05-05T01:34:40Z,,27.608816,7.459,credit_card_terminal,Payment via credit card or debit card terminal,USCPIE1932851*2
ChargePoint Network,,,12720861,12720861,WRECC / STATION 2,21977121,247,3122293501,2024-05-26T01:27:11Z,2024-05-26T01:27:37Z,,0.000000,0.0,other,Any other payment method not specified above. Additional description should be provided in Payment Method Description.,USCPIE12720861*1
ChargePoint Network,,,12406401,12406401,FPIA / RIGHT STATION,21527671,247,3125089961,2024-05-27T21:33:20Z,2024-05-27T21:40:39Z,,7.785200,0.0,membership,Payment by membership account and/or membership card,USCPIE12406401*1
ChargePoint Network,,,9677521,9677521,UT PARKING / S7 STATION 1,17169331,3,3065315431,2024-05-01T10:47:14Z,2024-05-01T11:32:23Z,,5.347550,7.2245,membership,Payment by membership account and/or membership card,USCPIE9677521*1
ChargePoint Network,,,13643801,13643801,PEPA / STATION 2,23036481,247,3071704081,2024-05-03T19:13:58Z,2024-05-03T19:35:44Z,,25.007601,72.635,membership,Payment by membership account and/or membership card,USCPIE13643801*1
ChargePoint Network,,,13966811,13966811,BEA / STATION 2 (LM),23420881,247,3120216611,2024-05-24T23:20:25Z,2024-05-24T23:30:08Z,,7.217900,57.662,membership,Payment by membership account and/or membership card,USCPIE13966811*1
ChargePoint Network,,,8851921,8851921,7SPC / SEVIERVILLE DC1,15571271,100011,3112582121,2024-05-21T23:21:16Z,2024-05-22T01:33:10Z,,2.419300,14.076,membership,Payment by membership account and/or membership card,USCPIE8851921*1
ChargePoint Network,,,12406401,12406401,FPIA / RIGHT STATION,21527671,247,3128674941,2024-05-29T12:49:35Z,2024-05-29T13:30:42Z,,30.196301,54.057,membership,Payment by membership account and/or membership card,USCPIE12406401*1
ChargePoint Network,,,15280441,15280441,SPRFLD ELECTRIC / STATION 2 (R),24807641,247,3075835941,2024-05-06T01:13:30Z,2024-05-06T01:20:26Z,,4.016300,55.799,other,Any other payment method not specified above. Additional description should be provided in Payment Method Description.,USCPIE15280441*1
ChargePoint Network,,,5414151,5414151,7SPC / UC - CARTHAGE,9014651,3,3111530281,2024-05-21T15:56:28Z,2024-05-21T16:27:01Z,,3.549300,7.351,membership,Payment by membership account and/or membership card,USCPIE5414151*2
ChargePoint Network,,,9677521,9677521,UT PARKING / S7 STATION 1,17169341,3,3088771341,2024-05-11T11:37:01Z,2024-05-11T21:18:51Z,,59.267773,7.1222,membership,Payment by membership account and/or membership card,USCPIE9677521*2
ChargePoint Network,,,5619801,5619801,7SPC / WARREN RECC BG,9274251,3,3077574571,2024-05-06T21:05:13Z,2024-05-06T21:12:07Z,,0.674901,6.3241,membership,Payment by membership account and/or membership card,USCPIE5619801*1
ChargePoint Network,,,8851921,8851921,7SPC / SEVIERVILLE DC1,15571271,100011,3071520331,2024-05-03T17:42:24Z,2024-05-03T18:26:27Z,,21.011101,46.74,membership,Payment by membership account and/or membership card,USCPIE8851921*1
ChargePoint Network,,,13606061,13606061,I24 EXIT11 / STATION 4 (RR),22992511,247,3105878521,2024-05-18T23:22:10Z,2024-05-18T23:23:57Z,,0.000000,0.0,membership,Payment by membership account and/or membership card,USCPIE13606061*1
ChargePoint Network,,,5414151,5414151,7SPC / UC - CARTHAGE,9014651,3,3119930251,2024-05-24T21:05:00Z,2024-05-25T12:26:19Z,,66.297363,7.1445,membership,Payment by membership account and/or membership card,USCPIE5414151*2
ChargePoint Network,,,13606121,13606121,I24 EXIT11 / STATION 2 (LM),22992591,247,3132722471,2024-05-30T23:09:47Z,2024-05-30T23:32:19Z,,27.531099,78.405,membership,Payment by membership account and/or membership card,USCPIE13606121*1
ChargePoint Network,,,8851921,8851921,7SPC / SEVIERVILLE DC1,15571271,207,3094861301,2024-05-14T12:10:52Z,2024-05-14T12:53:10Z,,24.466600,53.131,membership,Payment by membership account and/or membership card,USCPIE8851921*1
ChargePoint Network,,,14355251,14355251,HARTSELLE 1 / STATION 2 (R),23865691,247,3095486141,2024-05-14T16:22:37Z,2024-05-14T16:26:46Z,,0.000000,0.0,credit_card_terminal,Payment via credit card or debit card terminal,USCPIE14355251*1
ChargePoint Network,,,1988061,1988061,7SPC / SCES DOLLYWOOD,25235451,3,3079443391,2024-05-07T17:02:46Z,2024-05-07T23:33:10Z,,33.546291,7.1257,membership,Payment by membership account and/or membership card,USCPIE1988061*2
ChargePoint Network,,,5122191,5122191,CULLMANELECTRIC / STATION1-L,8482151,247,3119494181,2024-05-24T17:49:00Z,2024-05-24T18:02:51Z,,25.210600,117.347,membership,Payment by membership account and/or membership card,USCPIE5122191*1
ChargePoint Network,,,1921351,1921351,STARKVILLE UTIL / STARKVILLE DWTN,23682571,3,3119248961,2024-05-24T15:59:35Z,2024-05-24T18:45:27Z,,18.735466,7.4222,membership,Payment by membership account and/or membership card,USCPIE1921351*1
ChargePoint Network,,,13966851,13966851,BEA / STATION 1 (LL),23420911,247,3073941031,2024-05-04T22:22:03Z,2024-05-04T22:46:15Z,,20.414499,53.361,membership,Payment by membership account and/or membership card,USCPIE13966851*1
ChargePoint Network,,,15332351,15332351,TUA NW ATLANTIC / STATION 2 (R),24867891,247,3071005681,2024-05-03T14:04:08Z,2024-05-03T14:05:30Z,,0.000000,0.0,credit_card_terminal,Payment via credit card or debit card terminal,USCPIE15332351*1
ChargePoint Network,,,15640171,15640171,NECDC / STATION 2 (R),25228711,247,3109971601,2024-05-20T22:46:21Z,2024-05-20T23:05:55Z,,19.386400,62.633,membership,Payment by membership account and/or membership card,USCPIE15640171*1
ChargePoint Network,,,14047321,14047321,JEFFERSON AVE. / OXFORD STA2(R),23514081,247,3071433101,2024-05-03T16:59:57Z,2024-05-03T17:00:27Z,,0.000000,0.0,membership,Payment by membership account and/or membership card,USCPIE14047321*1
ChargePoint Network,,,13606141,13606141,I24 EXIT11 / STATION 1 (LL),22992611,247,3129942591,2024-05-29T21:36:34Z,2024-05-29T22:25:05Z,,55.042198,122.43,credit_card_terminal,Payment via credit card or debit card terminal,USCPIE13606141*1
ChargePoint Network,,,5466441,5466441,7SPC / NASA USSRC R,9079371,3,3119641911,2024-05-24T18:58:44Z,2024-05-24T22:02:57Z,,18.869513,6.2283,credit_card_terminal,Payment via credit card or debit card terminal,USCPIE5466441*2
ChargePoint Network,,,13659831,13659831,LAWRENCEBURG / STATION 1 (L),23054881,247,3127562441,2024-05-28T22:38:24Z,2024-05-28T23:13:09Z,,39.004299,74.48,membership,Payment by membership account and/or membership card,USCPIE13659831*1
ChargePoint Network,,,13292801,13292801,LODGE CAST IRON / STORE & MUSEUM,22637551,3,3124387471,2024-05-27T12:25:27Z,2024-05-27T13:12:39Z,,5.394255,7.0359,membership,Payment by membership account and/or membership card,USCPIE13292801*1
ChargePoint Network,,,1964521,1964521,EBOFG / GUNTERSVILLE PD,8374211,3,3098067571,2024-05-15T16:53:01Z,2024-05-15T21:39:31Z,,7.899209,3.6873,membership,Payment by membership account and/or membership card,USCPIE1964521*2
ChargePoint Network,,,1921351,1921351,STARKVILLE UTIL / STARKVILLE DWTN,23682571,3,3099637251,2024-05-16T05:04:23Z,2024-05-16T05:04:59Z,,0.000000,0.0,membership,Payment by membership account and/or membership card,USCPIE1921351*1
ChargePoint Network,,,14359491,14359491,EBOFG / STATION 1 (L),23870291,247,3073758031,2024-05-04T20:33:50Z,2024-05-04T20:34:12Z,,0.000000,0.0,membership,Payment by membership account and/or membership card,USCPIE14359491*1
ChargePoint Network,,,5619801,5619801,7SPC / WARREN RECC BG,9274251,3,3072727781,2024-05-04T03:35:25Z,2024-05-04T04:47:31Z,,7.529062,6.3539,membership,Payment by membership account and/or membership card,USCPIE5619801*1
ChargePoint Network,,,14355251,14355251,HARTSELLE 1 / STATION 2 (R),23865691,247,3129599691,2024-05-29T19:12:00Z,2024-05-29T19:50:07Z,,39.462002,67.374,other,Any other payment method not specified above. Additional description should be provided in Payment Method Description.,USCPIE14355251*1
ChargePoint Network,,,9677521,9677521,UT PARKING / S7 STATION 1,17169331,3,3073797741,2024-05-04T20:57:27Z,2024-05-05T00:41:01Z,,13.488026,3.9228,membership,Payment by membership account and/or membership card,USCPIE9677521*1
ChargePoint Network,,,15640171,15640171,NECDC / STATION 2 (R),25228711,247,3084822111,2024-05-09T19:12:15Z,2024-05-09T19:31:41Z,,19.250601,62.776,membership,Payment by membership account and/or membership card,USCPIE15640171*1
ChargePoint Network,,,15694081,15694081,BRIGHTRIDGE EV / STATION 1 (L),25291921,247,3087160661,2024-05-10T17:54:28Z,2024-05-10T17:54:46Z,,0.000000,0.0,membership,Payment by membership account and/or membership card,USCPIE15694081*1
ChargePoint Network,,,12720861,12720861,WRECC / STATION 2,21977121,247,3108808061,2024-05-20T14:41:28Z,2024-05-20T15:33:51Z,,41.937901,71.305,membership,Payment by membership account and/or membership card,USCPIE12720861*1
ChargePoint Network,,,5619801,5619801,7SPC / WARREN RECC BG,9274251,3,3067409351,2024-05-02T02:15:39Z,2024-05-02T02:28:11Z,,1.270244,6.3003,membership,Payment by membership account and/or membership card,USCPIE5619801*1
ChargePoint Network,,,12720861,12720861,WRECC / STATION 2,21977121,247,3122055061,2024-05-25T23:05:31Z,2024-05-25T23:08:44Z,,0.000000,0.0,membership,Payment by membership account and/or membership card,USCPIE12720861*1
ChargePoint Network,,,5346231,5346231,CULLMANELECTRIC / STATION2-R,8926271,247,3077234681,2024-05-06T18:29:28Z,2024-05-06T18:47:29Z,,8.556900,30.799,membership,Payment by membership account and/or membership card,USCPIE5346231*1
ChargePoint Network,,,5565191,5565191,7SPC / DOLLYWOOD EMPL,9205031,3,3088799811,2024-05-11T12:19:09Z,2024-05-11T16:57:32Z,,29.510803,7.1727,membership,Payment by membership account and/or membership card,USCPIE5565191*1
ChargePoint Network,,,15742641,15742641,GEA-1 / STATION 2 (R),,,3107050101,2024-05-19T17:33:46Z,2024-05-19T17:36:00Z,,0.000000,,credit_card_terminal,Payment via credit card or debit card terminal,USCPIE15742641*0
ChargePoint Network,,,13861861,13861861,BRMEMC / STATION 1,23296281,247,3081348581,2024-05-08T13:12:47Z,2024-05-08T13:55:06Z,,45.734299,73.695,membership,Payment by membership account and/or membership card,USCPIE13861861*1
ChargePoint Network,,,14359491,14359491,EBOFG / STATION 1 (L),23870291,247,3073567631,2024-05-04T18:41:04Z,2024-05-04T18:42:22Z,,0.000000,0.0,membership,Payment by membership account and/or membership card,USCPIE14359491*1
ChargePoint Network,,,14097711,14097711,SCOTTSBORO EPB / SEPB DCFC (R),23570811,247,3107363361,2024-05-19T20:31:39Z,2024-05-19T21:09:03Z,,39.550201,69.101,other,Any other payment method not specified above. Additional description should be provided in Payment Method Description.,USCPIE14097711*1
ChargePoint Network,,,682921,682921,7SPC / TVPPA OFFICE,9117261,3,3088994231,2024-05-11T15:13:33Z,2024-05-11T18:39:58Z,,20.422894,5.9734,membership,Payment by membership account and/or membership card,USCPIE682921*2
ChargePoint Network,,,12720861,12720861,WRECC / STATION 2,21977121,247,3091285861,2024-05-12T20:15:46Z,2024-05-12T20:17:03Z,,0.000000,0.0,membership,Payment by membership account and/or membership card,USCPIE12720861*1
ChargePoint Network,,,5619801,5619801,7SPC / WARREN RECC BG,9274261,3,3079844241,2024-05-07T20:09:17Z,2024-05-07T20:57:01Z,,4.339431,6.076,membership,Payment by membership account and/or membership card,USCPIE5619801*2
ChargePoint Network,,,13423691,13423691,AEC / STATION #1 (L),,,3119374181,2024-05-24T16:50:14Z,2024-05-24T16:52:15Z,,0.000000,,membership,Payment by membership account and/or membership card,USCPIE13423691*0
ChargePoint Network,,,7505851,7505851,JEFFERSON AVE. / OXFORD STA1(L),,,3105764801,2024-05-18T22:01:42Z,2024-05-18T22:03:43Z,,0.000000,,other,Any other payment method not specified above. Additional description should be provided in Payment Method Description.,USCPIE7505851*0
ChargePoint Network,,,5354011,5354011,7SPC / GREENEVILLE TA,8936791,207,3119552691,2024-05-24T18:17:25Z,2024-05-24T19:02:49Z,,23.960800,48.953,membership,Payment by membership account and/or membership card,USCPIE5354011*1
ChargePoint Network,,,5122191,5122191,CULLMANELECTRIC / STATION1-L,8482151,247,3092767311,2024-05-13T14:58:58Z,2024-05-13T15:55:00Z,,53.593399,74.426,membership,Payment by membership account and/or membership card,USCPIE5122191*1
ChargePoint Network,,,8851921,8851921,7SPC / SEVIERVILLE DC1,15571271,207,3114678721,2024-05-22T20:05:22Z,2024-05-22T21:11:38Z,,43.033401,60.571,membership,Payment by membership account and/or membership card,USCPIE8851921*1
ChargePoint Network,,,13651631,13651631,MLEC / STATION 2 (R) H,23045821,247,3120256441,2024-05-24T23:39:56Z,2024-05-24T23:40:50Z,,0.000000,0.0,credit_card_terminal,Payment via credit card or debit card terminal,USCPIE13651631*1
ChargePoint Network,,,12720861,12720861,WRECC / STATION 2,21977121,247,3083960031,2024-05-09T13:30:57Z,2024-05-09T13:38:12Z,,7.389700,0.0,membership,Payment by membership account and/or membership card,USCPIE12720861*1
ChargePoint Network,,,15332351,15332351,TUA NW ATLANTIC / STATION 2 (R),24867891,247,3120445711,2024-05-25T01:11:36Z,2024-05-25T01:41:59Z,,51.004601,116.432,credit_card_terminal,Payment via credit card or debit card terminal,USCPIE15332351*1
ChargePoint Network,,,14359491,14359491,EBOFG / STATION 1 (L),23870291,247,3074841101,2024-05-05T14:59:41Z,2024-05-05T15:00:31Z,,0.000000,0.0,membership,Payment by membership account and/or membership card,USCPIE14359491*1
ChargePoint Network,,,1932851,1932851,BRIGHTRIDGE EV / BR-JC LIBRARY,23319821,3,3070186701,2024-05-03T01:29:41Z,2024-05-03T01:53:57Z,,2.644528,,membership,Payment by membership account and/or membership card,USCPIE1932851*2
ChargePoint Network,,,5122191,5122191,CULLMANELECTRIC / STATION1-L,8482151,247,3075041851,2024-05-05T17:26:55Z,2024-05-05T18:13:57Z,,35.410500,77.814,membership,Payment by membership account and/or membership card,USCPIE5122191*1
ChargePoint Network,,,5122191,5122191,CULLMANELECTRIC / STATION1-L,8482151,247,3073767031,2024-05-04T20:39:14Z,2024-05-04T20:57:01Z,,20.184000,71.042,membership,Payment by membership account and/or membership card,USCPIE5122191*1
ChargePoint Network,,,13292801,13292801,LODGE CAST IRON / STORE & MUSEUM,22637561,3,3124543011,2024-05-27T15:21:03Z,2024-05-27T16:51:44Z,,0.000000,0.0,membership,Payment by membership account and/or membership card,USCPIE13292801*2
ChargePoint Network,,,8851921,8851921,7SPC / SEVIERVILLE DC1,15571271,207,3124497231,2024-05-27T14:40:27Z,2024-05-27T15:37:24Z,,45.563099,57.986,membership,Payment by membership account and/or membership card,USCPIE8851921*1
ChargePoint Network,,,15694081,15694081,BRIGHTRIDGE EV / STATION 2 (R),25291921,247,3116371361,2024-05-23T14:02:45Z,2024-05-23T15:23:42Z,,17.058001,67.642,membership,Payment by membership account and/or membership card,USCPIE15694081*1
ChargePoint Network,,,13290491,13290491,7SPC / NASA USSRC L,22634931,3,3087005881,2024-05-10T16:40:06Z,2024-05-10T17:40:02Z,,5.678718,5.9644,credit_card_terminal,Payment via credit card or debit card terminal,USCPIE13290491*1
ChargePoint Network,,,1988061,1988061,7SPC / SCES DOLLYWOOD,25235451,3,3074794531,2024-05-05T14:10:40Z,2024-05-05T21:47:08Z,,13.641951,3.822,credit_card_terminal,Payment via credit card or debit card terminal,USCPIE1988061*2
ChargePoint Network,,,15332351,15332351,TUA NW ATLANTIC / STATION 2 (R),24867891,247,3106997421,2024-05-19T17:04:49Z,2024-05-19T17:31:31Z,,29.346701,73.709,membership,Payment by membership account and/or membership card,USCPIE15332351*1
ChargePoint Network,,,15815141,15815141,GEA-1 / STATION 1 (L),25435121,247,3124741351,2024-05-27T17:47:40Z,2024-05-27T17:48:28Z,,0.000500,0.0,membership,Payment by membership account and/or membership card,USCPIE15815141*1
ChargePoint Network,,,13659831,13659831,LAWRENCEBURG / STATION 1 (L),23054881,247,3090434941,2024-05-12T05:03:46Z,2024-05-12T06:05:38Z,,43.219501,52.984,other,Any other payment method not specified above. Additional description should be provided in Payment Method Description.,USCPIE13659831*1
ChargePoint Network,,,13290491,13290491,7SPC / NASA USSRC L,22634941,3,3105035441,2024-05-18T14:32:31Z,2024-05-18T16:41:02Z,,9.685263,5.8765,roaming,Payment via roaming partners,USCPIE13290491*2
ChargePoint Network,,,13861891,13861891,BRMEMC / STATION 2,23296321,247,3073399801,2024-05-04T16:57:36Z,2024-05-04T17:00:05Z,,0.000000,0.0,credit_card_terminal,Payment via credit card or debit card terminal,USCPIE13861891*1
ChargePoint Network,,,13861861,13861861,BRMEMC / STATION 1,23296281,247,3066568391,2024-05-01T20:05:55Z,2024-05-01T20:21:26Z,,16.676001,75.074,membership,Payment by membership account and/or membership card,USCPIE13861861*1
ChargePoint Network,,,5122191,5122191,CULLMANELECTRIC / STATION1-L,8482151,247,3109643431,2024-05-20T20:24:32Z,2024-05-20T20:58:44Z,,38.528000,69.65,other,Any other payment method not specified above. Additional description should be provided in Payment Method Description.,USCPIE5122191*1
ChargePoint Network,,,15548181,15548181,DECATURDOWNTWN / STATION 2 (L),,,3102619701,2024-05-17T13:06:41Z,2024-05-17T13:08:58Z,,0.000000,,credit_card_terminal,Payment via credit card or debit card terminal,USCPIE15548181*0
ChargePoint Network,,,5122191,5122191,CULLMANELECTRIC / STATION1-L,8482151,247,3072271481,2024-05-03T23:34:34Z,2024-05-03T23:37:14Z,,0.000000,0.0,membership,Payment by membership account and/or membership card,USCPIE5122191*1
ChargePoint Network,,,13966811,13966811,BEA / STATION 2 (LM),23420881,247,3087596801,2024-05-10T21:09:49Z,2024-05-10T22:01:11Z,,48.324299,70.98,membership,Payment by membership account and/or membership card,USCPIE13966811*1
ChargePoint Network,,,1932851,1932851,BRIGHTRIDGE EV / BR-JC LIBRARY,23319821,3,3067191661,2024-05-02T00:35:54Z,2024-05-02T04:01:08Z,,24.016953,7.2321,membership,Payment by membership account and/or membership card,USCPIE1932851*2
ChargePoint Network,,,15623231,15623231,CLW / 5TH ST 1 (L),25208301,247,3083913211,2024-05-09T13:07:44Z,2024-05-09T13:43:45Z,,50.455601,113.847,membership,Payment by membership account and/or membership card,USCPIE15623231*1
ChargePoint Network,,,15260241,15260241,STEMC / STATION 1 (L) A,24784071,247,3107504061,2024-05-19T21:49:26Z,2024-05-19T22:03:31Z,,14.762500,123.396,membership,Payment by membership account and/or membership card,USCPIE15260241*1
ChargePoint Network,,,5397731,5397731,EEDEV / MILLIGAN UNIV,9010251,3,3099130981,2024-05-16T00:32:37Z,2024-05-16T10:01:25Z,,31.059288,7.3485,credit_card_terminal,Payment via credit card or debit card terminal,USCPIE5397731*1
ChargePoint Network,,,15332321,15332321,TUA NW ATLANTIC / STATION 1 (L),24867861,247,3122369981,2024-05-26T02:13:27Z,2024-05-26T03:11:41Z,,37.009499,66.912,membership,Payment by membership account and/or membership card,USCPIE15332321*1
ChargePoint Network,,,14025691,14025691,PARIS BPU / STATION 1(L),23489541,247,3124787071,2024-05-27T18:18:35Z,2024-05-27T18:26:48Z,,0.000000,0.0,membership,Payment by membership account and/or membership card,USCPIE14025691*1
ChargePoint Network,,,5354011,5354011,7SPC / GREENEVILLE TA,8936791,207,3099482981,2024-05-16T03:20:10Z,2024-05-16T03:20:45Z,,0.000000,0.0,membership,Payment by membership account and/or membership card,USCPIE5354011*1
ChargePoint Network,,,5619801,5619801,7SPC / WARREN RECC BG,9274251,3,3078284051,2024-05-07T02:59:19Z,2024-05-07T03:36:53Z,,3.870273,6.3007,membership,Payment by membership account and/or membership card,USCPIE5619801*1
ChargePoint Network,,,1964521,1964521,EBOFG / GUNTERSVILLE PD,8374211,3,3089854751,2024-05-11T23:13:01Z,2024-05-12T03:20:54Z,,29.371422,7.1812,membership,Payment by membership account and/or membership card,USCPIE1964521*2
ChargePoint Network,,,13643831,13643831,PEPA / STATION 1,23036511,247,3066309911,2024-05-01T18:14:01Z,2024-05-01T18:26:52Z,,21.868799,109.088,membership,Payment by membership account and/or membership card,USCPIE13643831*1
ChargePoint Network,,,5380331,5380331,CULLMAN PB / STATION 1,8970961,3,3131728161,2024-05-30T16:06:58Z,2024-05-30T17:18:14Z,,6.636382,6.0593,membership,Payment by membership account and/or membership card,USCPIE5380331*2
ChargePoint Network,,,5354011,5354011,7SPC / GREENEVILLE TA,8936791,207,3067535441,2024-05-02T03:23:31Z,2024-05-02T03:53:20Z,,24.456600,51.255,credit_card_terminal,Payment via credit card or debit card terminal,USCPIE5354011*1
ChargePoint Network,,,14097801,14097801,SCOTTSBORO EPB / SEPB DCFC (L),23570921,100011,3066718501,2024-05-01T21:12:31Z,2024-05-01T21:23:51Z,,4.469900,52.051,membership,Payment by membership account and/or membership card,USCPIE14097801*1
ChargePoint Network,,,5122191,5122191,CULLMANELECTRIC / STATION1-L,8482151,247,3113905851,2024-05-22T14:56:06Z,2024-05-22T15:27:00Z,,32.857101,74.447,membership,Payment by membership account and/or membership card,USCPIE5122191*1
ChargePoint Network,,,12406491,12406491,FPIA / LEFT STATION,21527781,247,3108744921,2024-05-20T14:12:56Z,2024-05-20T14:13:39Z,,0.000000,0.0,credit_card_terminal,Payment via credit card or debit card terminal,USCPIE12406491*1
ChargePoint Network,,,12406491,12406491,FPIA / LEFT STATION,,,3089597611,2024-05-11T20:53:53Z,2024-05-11T20:55:53Z,,0.000000,,phone_online,"Payment through mobile app, website, automated phone number or messaging system",USCPIE12406491*0
ChargePoint Network,,,7505851,7505851,JEFFERSON AVE. / OXFORD STA1(L),12955471,247,3103826871,2024-05-17T22:01:38Z,2024-05-17T22:50:03Z,,29.576799,88.753,membership,Payment by membership account and/or membership card,USCPIE7505851*1
ChargePoint Network,,,5346231,5346231,CULLMANELECTRIC / STATION2-R,8926271,247,3066251281,2024-05-01T17:44:35Z,2024-05-01T18:20:44Z,,39.956200,76.428,credit_card_terminal,Payment via credit card or debit card terminal,USCPIE5346231*1
ChargePoint Network,,,13861891,13861891,BRMEMC / STATION 2,23296321,247,3102527971,2024-05-17T12:16:25Z,2024-05-17T12:53:09Z,,37.665798,91.341,credit_card_terminal,Payment via credit card or debit card terminal,USCPIE13861891*1
ChargePoint Network,,,5122191,5122191,CULLMANELECTRIC / STATION1-L,8482151,247,3130251351,2024-05-29T23:44:07Z,2024-05-30T00:03:51Z,,0.000000,0.0,credit_card_terminal,Payment via credit card or debit card terminal,USCPIE5122191*1
ChargePoint Network,,,13803581,13803581,FPU / STATION 1 (L),23227201,100011,3088884871,2024-05-11T13:52:20Z,2024-05-11T13:53:39Z,,0.000000,0.0,membership,Payment by membership account and/or membership card,USCPIE13803581*1
ChargePoint Network,,,15548181,15548181,DECATURDOWNTWN / STATION 2 (L),25119551,247,3100601181,2024-05-16T16:39:02Z,2024-05-16T16:50:39Z,,6.688500,47.863,membership,Payment by membership account and/or membership card,USCPIE15548181*1
ChargePoint Network,,,5346231,5346231,CULLMANELECTRIC / STATION2-R,8926271,247,3106997081,2024-05-19T17:05:30Z,2024-05-19T17:50:26Z,,52.487598,75.438,membership,Payment by membership account and/or membership card,USCPIE5346231*1
ChargePoint Network,,,5466441,5466441,7SPC / NASA USSRC R,9079361,3,3117554751,2024-05-23T21:53:13Z,2024-05-23T23:54:30Z,,12.519005,6.2588,membership,Payment by membership account and/or membership card,USCPIE5466441*1
ChargePoint Network,,,15742641,15742641,GEA-1 / STATION 2 (R),25349301,247,3078747491,2024-05-07T12:20:34Z,2024-05-07T12:22:51Z,,0.000000,0.0,membership,Payment by membership account and/or membership card,USCPIE15742641*1
ChargePoint Network,,,1988141,1988141,7SPC / SCES DREAM MORE,2355561,3,3106085701,2024-05-18T23:55:05Z,2024-05-19T13:24:30Z,,43.995396,7.0834,membership,Payment by membership account and/or membership card,USCPIE1988141*1
ChargePoint Network,,,12754021,12754021,WCMES / CITYHALL1-L,22015241,247,3090915751,2024-05-12T16:25:44Z,2024-05-12T17:07:21Z,,47.469101,77.811,credit_card_terminal,Payment via credit card or debit card terminal,USCPIE12754021*1
ChargePoint Network,,,5619801,5619801,7SPC / WARREN RECC BG,9274261,3,3089766991,2024-05-11T22:28:01Z,2024-05-11T22:35:13Z,,0.656280,6.1153,credit_card_terminal,Payment via credit card or debit card terminal,USCPIE5619801*2
ChargePoint Network,,,5350831,5350831,CULLMANELECTRIC / CEC MAIN OFFICE,8932501,3,3103485061,2024-05-17T19:31:07Z,2024-05-18T12:43:23Z,,38.074276,6.1026,membership,Payment by membership account and/or membership card,USCPIE5350831*2
ChargePoint Network,,,1988061,1988061,7SPC / SCES DOLLYWOOD,25235451,3,3073463951,2024-05-04T17:37:11Z,2024-05-04T17:39:12Z,,0.000000,0.0,membership,Payment by membership account and/or membership card,USCPIE1988061*2
ChargePoint Network,,,12989161,12989161,BTES / CITY HALL,22285821,3,3121115571,2024-05-25T12:55:03Z,2024-05-25T14:58:24Z,,14.355629,7.09,membership,Payment by membership account and/or membership card,USCPIE12989161*2
ChargePoint Network,,,15250771,15250771,SES-TN / STATION 1,24772691,100011,3128873481,2024-05-29T14:23:56Z,2024-05-29T14:37:11Z,,6.965200,45.84,membership,Payment by membership account and/or membership card,USCPIE15250771*1
ChargePoint Network,,,5354011,5354011,7SPC / GREENEVILLE TA,8936791,207,3130314981,2024-05-30T00:13:06Z,2024-05-30T01:04:29Z,,29.096500,56.088,credit_card_terminal,Payment via credit card or debit card terminal,USCPIE5354011*1
ChargePoint Network,,,13966051,13966051,BEA / STATION 3 (RM),23419981,247,3123298701,2024-05-26T19:12:50Z,2024-05-26T20:13:27Z,,42.475498,53.872,membership,Payment by membership account and/or membership card,USCPIE13966051*1
ChargePoint Network,,,15815141,15815141,GEA-1 / STATION 1 (L),25435121,247,3122810141,2024-05-26T12:17:04Z,2024-05-26T12:18:55Z,,0.000000,0.0,membership,Payment by membership account and/or membership card,USCPIE15815141*1
ChargePoint Network,,,14355271,14355271,HARTSELLE 1 / STATION 1 (L),23865711,247,3070323371,2024-05-03T02:45:37Z,2024-05-03T02:47:41Z,,0.000000,0.0,credit_card_terminal,Payment via credit card or debit card terminal,USCPIE14355271*1
ChargePoint Network,,,12406491,12406491,FPIA / LEFT STATION,21527781,247,3103079871,2024-05-17T16:23:01Z,2024-05-17T16:58:12Z,,19.954500,56.209,membership,Payment by membership account and/or membership card,USCPIE12406491*1
ChargePoint Network,,,13966031,13966031,BEA / STATION 4 (RR),23419961,247,3103429561,2024-05-17T19:06:03Z,2024-05-17T19:30:39Z,,25.201900,66.192,membership,Payment by membership account and/or membership card,USCPIE13966031*1
ChargePoint Network,,,5397731,5397731,EEDEV / MILLIGAN UNIV,9010261,3,3074815011,2024-05-05T14:34:49Z,2024-05-05T16:15:25Z,,11.979572,7.1909,membership,Payment by membership account and/or membership card,USCPIE5397731*2
ChargePoint Network,,,1988141,1988141,7SPC / SCES DREAM MORE,2355561,3,3129780351,2024-05-29T20:26:35Z,2024-05-29T21:07:42Z,,1.655544,7.0261,membership,Payment by membership account and/or membership card,USCPIE1988141*1
ChargePoint Network,,,13966851,13966851,BEA / STATION 1 (LL),23420911,247,3068512471,2024-05-02T14:48:17Z,2024-05-02T15:38:23Z,,46.915699,74.294,membership,Payment by membership account and/or membership card,USCPIE13966851*1
ChargePoint Network,,,14359491,14359491,EBOFG / STATION 1 (L),,,3069762461,2024-05-02T22:25:36Z,2024-05-02T22:26:34Z,,0.000000,,membership,Payment by membership account and/or membership card,USCPIE14359491*0
ChargePoint Network,,,5122191,5122191,CULLMANELECTRIC / STATION1-L,8482151,247,3116938231,2024-05-23T17:29:11Z,2024-05-23T17:44:47Z,,16.467300,0.0,membership,Payment by membership account and/or membership card,USCPIE5122191*1
ChargePoint Network,,,14025691,14025691,PARIS BPU / STATION 1(L),,,3126918081,2024-05-28T18:05:56Z,2024-05-28T18:07:57Z,,0.000000,,membership,Payment by membership account and/or membership card,USCPIE14025691*0
ChargePoint Network,,,1932851,1932851,BRIGHTRIDGE EV / BR-JC LIBRARY,23319821,3,3090307921,2024-05-12T03:38:06Z,2024-05-12T05:58:39Z,,4.717137,,membership,Payment by membership account and/or membership card,USCPIE1932851*2
ChargePoint Network,,,13664401,13664401,BTES / STATION 1 (LL),23060421,247,3087849331,2024-05-10T23:05:22Z,2024-05-10T23:14:11Z,,7.712600,0.0,membership,Payment by membership account and/or membership card,USCPIE13664401*1
ChargePoint Network,,,13606061,13606061,I24 EXIT11 / STATION 4 (RR),22992511,100011,3074156591,2024-05-05T00:32:04Z,2024-05-05T00:56:16Z,,9.640200,25.549,membership,Payment by membership account and/or membership card,USCPIE13606061*1
ChargePoint Network,,,1844191,1844191,CLW / MAIN ST,23050431,3,3132495401,2024-05-30T21:35:25Z,2024-05-31T01:03:22Z,,25.010088,7.3105,credit_card_terminal,Payment via credit card or debit card terminal,USCPIE1844191*1
ChargePoint Network,,,13290491,13290491,7SPC / NASA USSRC L,22634931,3,3076866281,2024-05-06T15:44:25Z,2024-05-06T16:47:44Z,,5.665828,5.9383,credit_card_terminal,Payment via credit card or debit card terminal,USCPIE13290491*1
ChargePoint Network,,,12406491,12406491,FPIA / LEFT STATION,21527781,247,3085783721,2024-05-10T01:51:12Z,2024-05-10T02:26:39Z,,36.566002,71.838,membership,Payment by membership account and/or membership card,USCPIE12406491*1
ChargePoint Network,,,1932851,1932851,BRIGHTRIDGE EV / BR-JC LIBRARY,23319811,3,3122804441,2024-05-26T12:07:02Z,2024-05-26T13:26:18Z,,9.658998,7.4154,membership,Payment by membership account and/or membership card,USCPIE1932851*1
ChargePoint Network,,,15332351,15332351,TUA NW ATLANTIC / STATION 2 (R),24867891,247,3098256291,2024-05-15T18:23:18Z,2024-05-15T18:24:55Z,,0.760700,0.0,membership,Payment by membership account and/or membership card,USCPIE15332351*1
ChargePoint Network,,,15742641,15742641,GEA-1 / STATION 2 (R),25349301,247,3124445961,2024-05-27T13:45:49Z,2024-05-27T14:54:41Z,,29.267500,61.74,membership,Payment by membership account and/or membership card,USCPIE15742641*1
ChargePoint Network,,,13026471,13026471,WCMES / CITYHALL2-R,22328331,247,3079220761,2024-05-07T15:39:50Z,2024-05-07T17:13:22Z,,54.696800,54.02,credit_card_terminal,Payment via credit card or debit card terminal,USCPIE13026471*1
ChargePoint Network,,,14047321,14047321,JEFFERSON AVE. / OXFORD STA2(R),23514081,247,3127430181,2024-05-28T21:45:24Z,2024-05-28T22:24:48Z,,38.964100,66.192,membership,Payment by membership account and/or membership card,USCPIE14047321*1
ChargePoint Network,,,14097801,14097801,SCOTTSBORO EPB / SEPB DCFC (L),23570921,247,3126299971,2024-05-28T14:13:23Z,2024-05-28T14:28:41Z,,16.568501,70.884,credit_card_terminal,Payment via credit card or debit card terminal,USCPIE14097801*1
ChargePoint Network,,,7505851,7505851,JEFFERSON AVE. / OXFORD STA1(L),12955471,247,3081080351,2024-05-08T09:16:22Z,2024-05-08T09:18:59Z,,0.000000,0.0,phone_online,"Payment through mobile app, website, automated phone number or messaging system",USCPIE7505851*1
ChargePoint Network,,,13803581,13803581,FPU / STATION 1 (L),23227201,247,3129169271,2024-05-29T16:04:11Z,2024-05-29T16:47:28Z,,30.853901,61.368,membership,Payment by membership account and/or membership card,USCPIE13803581*1
ChargePoint Network,,,1844191,1844191,CLW / MAIN ST,23050431,3,3096300511,2024-05-14T22:24:29Z,2024-05-14T22:26:29Z,,0.000000,,credit_card_terminal,Payment via credit card or debit card terminal,USCPIE1844191*1
ChargePoint Network,,,7505851,7505851,JEFFERSON AVE. / OXFORD STA1(L),12955471,247,3081171361,2024-05-08T11:33:06Z,2024-05-08T12:03:47Z,,35.420399,73.232,credit_card_terminal,Payment via credit card or debit card terminal,USCPIE7505851*1
ChargePoint Network,,,12720861,12720861,WRECC / STATION 2,21977121,247,3065537651,2024-05-01T13:04:33Z,2024-05-01T13:51:02Z,,29.761700,54.008,membership,Payment by membership account and/or membership card,USCPIE12720861*1
ChargePoint Network,,,14359491,14359491,EBOFG / STATION 1 (L),23870291,247,3121417051,2024-05-25T16:51:31Z,2024-05-25T16:53:10Z,,0.000000,0.0,membership,Payment by membership account and/or membership card,USCPIE14359491*1
ChargePoint Network,,,1988141,1988141,7SPC / SCES DREAM MORE,2355571,3,3110976891,2024-05-21T12:12:05Z,2024-05-21T15:13:06Z,,18.408440,7.0626,membership,Payment by membership account and/or membership card,USCPIE1988141*2
ChargePoint Network,,,13606121,13606121,I24 EXIT11 / STATION 2 (LM),22992591,247,3123423521,2024-05-26T20:33:45Z,2024-05-26T21:15:06Z,,47.145100,73.458,membership,Payment by membership account and/or membership card,USCPIE13606121*1
ChargePoint Network,,,1844191,1844191,CLW / MAIN ST,23050431,3,3077825361,2024-05-06T22:57:37Z,2024-05-07T02:35:07Z,,26.480133,7.3746,credit_card_terminal,Payment via credit card or debit card terminal,USCPIE1844191*1
ChargePoint Network,,,14097711,14097711,SCOTTSBORO EPB / SEPB DCFC (R),23570811,247,3069328011,2024-05-02T19:21:36Z,2024-05-02T19:26:03Z,,1.703200,0.0,membership,Payment by membership account and/or membership card,USCPIE14097711*1
ChargePoint Network,,,15332351,15332351,TUA NW ATLANTIC / STATION 2 (R),24867891,247,3090017781,2024-05-12T00:42:22Z,2024-05-12T01:05:06Z,,24.957300,77.419,membership,Payment by membership account and/or membership card,USCPIE15332351*1
ChargePoint Network,,,9745721,9745721,CRMC / CRMC-1 - L2LEFT,17301471,3,3129585711,2024-05-29T19:04:59Z,2024-05-29T19:30:31Z,,2.894539,7.3319,credit_card_terminal,Payment via credit card or debit card terminal,USCPIE9745721*1
ChargePoint Network,,,13292801,13292801,LODGE CAST IRON / STORE & MUSEUM,22637561,3,3114371221,2024-05-22T17:47:37Z,2024-05-22T19:21:34Z,,10.485139,6.7883,credit_card_terminal,Payment via credit card or debit card terminal,USCPIE13292801*2
ChargePoint Network,,,12720861,12720861,WRECC / STATION 2,21977121,247,3065358471,2024-05-01T11:18:48Z,2024-05-01T11:19:14Z,,0.000000,0.0,membership,Payment by membership account and/or membership card,USCPIE12720861*1
ChargePoint Network,,,15694081,15694081,BRIGHTRIDGE EV / STATION 1 (L),25291921,247,3087648871,2024-05-10T21:33:07Z,2024-05-10T22:35:37Z,,22.715300,67.685,membership,Payment by membership account and/or membership card,USCPIE15694081*1
ChargePoint Network,,,14097711,14097711,SCOTTSBORO EPB / SEPB DCFC (R),23570811,247,3091453651,2024-05-12T21:53:38Z,2024-05-12T21:56:12Z,,0.000000,0.0,membership,Payment by membership account and/or membership card,USCPIE14097711*1
ChargePoint Network,,,5122191,5122191,CULLMANELECTRIC / STATION1-L,8482151,247,3122888581,2024-05-26T14:05:41Z,2024-05-26T14:14:54Z,,16.587900,0.0,other,Any other payment method not specified above. Additional description should be provided in Payment Method Description.,USCPIE5122191*1
ChargePoint Network,,,13659871,13659871,LAWRENCEBURG / STATION 2 (R),,,3109325661,2024-05-20T17:58:32Z,2024-05-20T18:00:33Z,,0.000000,,membership,Payment by membership account and/or membership card,USCPIE13659871*0
ChargePoint Network,,,12720861,12720861,WRECC / STATION 2,21977121,247,3090902651,2024-05-12T16:16:07Z,2024-05-12T19:34:38Z,,54.118301,72.56,membership,Payment by membership account and/or membership card,USCPIE12720861*1
ChargePoint Network,,,5346231,5346231,CULLMANELECTRIC / STATION2-R,8926271,247,3111265161,2024-05-21T14:29:29Z,2024-05-21T15:05:52Z,,23.097700,76.823,membership,Payment by membership account and/or membership card,USCPIE5346231*1
ChargePoint Network,,,5466441,5466441,7SPC / NASA USSRC R,9079361,3,3120205701,2024-05-24T23:14:45Z,2024-05-24T23:41:25Z,,2.635904,6.038,membership,Payment by membership account and/or membership card,USCPIE5466441*1
ChargePoint Network,,,13861861,13861861,BRMEMC / STATION 1,23296281,247,3100188541,2024-05-16T14:15:14Z,2024-05-16T14:50:35Z,,59.103100,122.583,membership,Payment by membership account and/or membership card,USCPIE13861861*1
ChargePoint Network,,,5122191,5122191,CULLMANELECTRIC / STATION1-L,8482151,247,3121481781,2024-05-25T17:30:24Z,2024-05-25T17:56:29Z,,21.777300,52.687,membership,Payment by membership account and/or membership card,USCPIE5122191*1
ChargePoint Network,,,5466441,5466441,7SPC / NASA USSRC R,9079371,3,3076600001,2024-05-06T14:04:18Z,2024-05-06T18:04:36Z,,25.052099,6.3914,membership,Payment by membership account and/or membership card,USCPIE5466441*2
ChargePoint Network,,,1964521,1964521,EBOFG / GUNTERSVILLE PD,8374211,3,3084529161,2024-05-09T16:58:06Z,2024-05-09T21:48:08Z,,11.872741,3.6845,membership,Payment by membership account and/or membership card,USCPIE1964521*2
ChargePoint Network,,,14025691,14025691,PARIS BPU / STATION 1(L),23489541,247,3093014821,2024-05-13T16:17:51Z,2024-05-13T16:36:56Z,,18.066500,72.071,membership,Payment by membership account and/or membership card,USCPIE14025691*1
ChargePoint Network,,,13659871,13659871,LAWRENCEBURG / STATION 2 (R),23054921,247,3088188151,2024-05-11T01:51:16Z,2024-05-11T02:34:42Z,,48.248798,70.919,membership,Payment by membership account and/or membership card,USCPIE13659871*1
ChargePoint Network,,,1932851,1932851,BRIGHTRIDGE EV / BR-JC LIBRARY,23319811,3,3124545971,2024-05-27T15:23:54Z,2024-05-27T18:29:40Z,,22.611853,7.4251,membership,Payment by membership account and/or membership card,USCPIE1932851*1
ChargePoint Network,,,14047321,14047321,JEFFERSON AVE. / OXFORD STA2(R),,,3069021911,2024-05-02T16:59:02Z,2024-05-02T16:59:06Z,,0.000000,,membership,Payment by membership account and/or membership card,USCPIE14047321*0
ChargePoint Network,,,13803581,13803581,FPU / STATION 1 (L),23227201,247,3130406311,2024-05-30T00:56:51Z,2024-05-30T01:22:20Z,,22.908199,56.264,membership,Payment by membership account and/or membership card,USCPIE13803581*1
ChargePoint Network,,,14359491,14359491,EBOFG / STATION 1 (L),23870291,247,3121605681,2024-05-25T18:44:54Z,2024-05-25T18:45:51Z,,0.000000,0.0,membership,Payment by membership account and/or membership card,USCPIE14359491*1
ChargePoint Network,,,13664501,13664501,BTES / STATION 4 (RR),23060561,247,3122167061,2024-05-26T00:10:13Z,2024-05-26T00:45:09Z,,48.584599,122.276,roaming,Payment via roaming partners,USCPIE13664501*1
ChargePoint Network,,,13606091,13606091,I24 EXIT11 / STATION 3 (RM),22992551,247,3077263831,2024-05-06T18:45:11Z,2024-05-06T19:13:58Z,,24.883101,53.789,membership,Payment by membership account and/or membership card,USCPIE13606091*1
ChargePoint Network,,,13861861,13861861,BRMEMC / STATION 1,23296281,247,3085367641,2024-05-09T22:50:30Z,2024-05-09T23:46:12Z,,29.968700,73.108,membership,Payment by membership account and/or membership card,USCPIE13861861*1
ChargePoint Network,,,5466441,5466441,7SPC / NASA USSRC R,9079371,3,3088464911,2024-05-11T04:14:22Z,2024-05-11T04:28:14Z,,1.268379,6.1216,membership,Payment by membership account and/or membership card,USCPIE5466441*2
ChargePoint Network,,,13966811,13966811,BEA / STATION 2 (LM),23420881,247,3083576081,2024-05-09T06:48:25Z,2024-05-09T07:34:21Z,,43.266201,74.099,membership,Payment by membership account and/or membership card,USCPIE13966811*1
ChargePoint Network,,,15640171,15640171,NECDC / STATION 2 (R),25228711,247,3129386831,2024-05-29T17:33:08Z,2024-05-29T17:35:55Z,,1.276300,0.0,membership,Payment by membership account and/or membership card,USCPIE15640171*1
ChargePoint Network,,,5346231,5346231,CULLMANELECTRIC / STATION2-R,8926271,247,3085897971,2024-05-10T02:56:26Z,2024-05-10T03:14:50Z,,20.463400,68.508,membership,Payment by membership account and/or membership card,USCPIE5346231*1
ChargePoint Network,,,15640031,15640031,NECDC / STATION 1 (L),25228511,247,3075141431,2024-05-05T18:29:36Z,2024-05-05T19:23:05Z,,39.864899,46.661,credit_card_terminal,Payment via credit card or debit card terminal,USCPIE15640031*1
ChargePoint Network,,,15280471,15280471,SPRFLD ELECTRIC / STATION 1 (L),24807681,247,3077606581,2024-05-06T21:19:56Z,2024-05-06T22:10:54Z,,38.186699,62.963,membership,Payment by membership account and/or membership card,USCPIE15280471*1
ChargePoint Network,,,15694081,15694081,BRIGHTRIDGE EV / STATION 1 (L),25291921,247,3087989851,2024-05-11T00:13:24Z,2024-05-11T00:14:52Z,,0.000000,0.0,membership,Payment by membership account and/or membership card,USCPIE15694081*1
ChargePoint Network,,,1988061,1988061,7SPC / SCES DOLLYWOOD,25235441,3,3100788261,2024-05-16T18:06:01Z,2024-05-16T22:02:39Z,,27.499357,7.0876,membership,Payment by membership account and/or membership card,USCPIE1988061*1
ChargePoint Network,,,1921531,1921531,STARKVILLE UTIL / STARKVILLE REC,2268561,3,3072581681,2024-05-04T02:13:30Z,2024-05-04T18:10:56Z,,50.228539,7.2166,credit_card_terminal,Payment via credit card or debit card terminal,USCPIE1921531*2
ChargePoint Network,,,682921,682921,7SPC / TVPPA OFFICE,9117261,3,3086537251,2024-05-10T13:29:02Z,2024-05-10T17:31:43Z,,24.173180,6.0459,credit_card_terminal,Payment via credit card or debit card terminal,USCPIE682921*2
ChargePoint Network,,,5414151,5414151,7SPC / UC - CARTHAGE,9014651,3,3105117051,2024-05-18T15:32:59Z,2024-05-18T20:31:18Z,,34.842007,7.1164,credit_card_terminal,Payment via credit card or debit card terminal,USCPIE5414151*2
ChargePoint Network,,,1921531,1921531,STARKVILLE UTIL / STARKVILLE REC,2268551,3,3075184941,2024-05-05T18:56:45Z,2024-05-05T20:17:09Z,,9.233682,7.0144,credit_card_terminal,Payment via credit card or debit card terminal,USCPIE1921531*1
ChargePoint Network,,,1988061,1988061,7SPC / SCES DOLLYWOOD,25499831,3,3122937261,2024-05-26T14:56:08Z,2024-05-26T22:08:51Z,,44.863819,7.2624,credit_card_terminal,Payment via credit card or debit card terminal,USCPIE1988061*1
ChargePoint Network,,,14097711,14097711,SCOTTSBORO EPB / SEPB DCFC (R),23570811,247,3109666481,2024-05-20T20:35:11Z,2024-05-20T20:36:01Z,,0.000000,0.0,membership,Payment by membership account and/or membership card,USCPIE14097711*1
ChargePoint Network,,,12989161,12989161,BTES / CITY HALL,22285811,3,3106652611,2024-05-19T12:01:01Z,2024-05-19T12:06:48Z,,0.577771,7.1237,membership,Payment by membership account and/or membership card,USCPIE12989161*1
ChargePoint Network,,,1932851,1932851,BRIGHTRIDGE EV / BR-JC LIBRARY,23319811,3,3074543141,2024-05-05T05:03:13Z,2024-05-05T05:05:13Z,,0.000000,,membership,Payment by membership account and/or membership card,USCPIE1932851*1
ChargePoint Network,,,13803581,13803581,FPU / STATION 1 (L),,,3088884751,2024-05-11T13:50:12Z,2024-05-11T13:52:14Z,,0.000000,,membership,Payment by membership account and/or membership card,USCPIE13803581*0
ChargePoint Network,,,12720881,12720881,WRECC / STATION 1,21977141,247,3120920311,2024-05-24T20:36:37Z,2024-05-24T20:37:14Z,,0.000000,0.0,membership,Payment by membership account and/or membership card,USCPIE12720881*1
ChargePoint Network,,,13861891,13861891,BRMEMC / STATION 2,,,3076106731,2024-05-06T04:34:38Z,2024-05-06T04:36:38Z,,0.000000,,membership,Payment by membership account and/or membership card,USCPIE13861891*0
ChargePoint Network,,,15260241,15260241,STEMC / STATION 1 (L) A,24784071,247,3117651061,2024-05-23T22:31:48Z,2024-05-23T22:33:41Z,,0.000000,0.0,membership,Payment by membership account and/or membership card,USCPIE15260241*1
ChargePoint Network,,,7505851,7505851,JEFFERSON AVE. / OXFORD STA1(L),,,3105735591,2024-05-18T21:39:56Z,2024-05-18T21:41:57Z,,0.000000,,other,Any other payment method not specified above. Additional description should be provided in Payment Method Description.,USCPIE7505851*0
ChargePoint Network,,,7173851,7173851,SCOTTSBORO EPB / MAIN OFFICE,12310861,3,3068105911,2024-05-02T13:19:04Z,2024-05-02T13:21:04Z,,0.000000,0.0,membership,Payment by membership account and/or membership card,USCPIE7173851*1
ChargePoint Network,,,682921,682921,7SPC / TVPPA OFFICE,9117261,3,3077260041,2024-05-06T18:42:55Z,2024-05-06T18:48:26Z,,0.539990,6.1499,credit_card_terminal,Payment via credit card or debit card terminal,USCPIE682921*2
ChargePoint Network,,,5619801,5619801,7SPC / WARREN RECC BG,9274251,3,3088403201,2024-05-11T03:46:27Z,2024-05-11T05:07:58Z,,8.496828,6.3526,membership,Payment by membership account and/or membership card,USCPIE5619801*1
ChargePoint Network,,,15694171,15694171,BRIGHTRIDGE EV / STATION 2 (R),25292041,247,3096169351,2024-05-14T21:30:17Z,2024-05-14T22:55:27Z,,45.455700,77.385,credit_card_terminal,Payment via credit card or debit card terminal,USCPIE15694171*1
ChargePoint Network,,,15694171,15694171,BRIGHTRIDGE EV / STATION 2 (R),25292041,247,3106673891,2024-05-19T12:34:28Z,2024-05-19T12:59:54Z,,24.955500,75.041,membership,Payment by membership account and/or membership card,USCPIE15694171*1
ChargePoint Network,,,14097711,14097711,SCOTTSBORO EPB / SEPB DCFC (R),23570811,247,3090785391,2024-05-12T14:42:46Z,2024-05-12T14:45:31Z,,0.534100,23.214,membership,Payment by membership account and/or membership card,USCPIE14097711*1
ChargePoint Network,,,5619801,5619801,7SPC / WARREN RECC BG,9274251,3,3096441331,2024-05-14T23:25:30Z,2024-05-15T02:09:14Z,,17.128607,6.3631,membership,Payment by membership account and/or membership card,USCPIE5619801*1
ChargePoint Network,,,15548151,15548151,DECATURDOWNTWN / STATION 1 (R),25119511,247,3121944351,2024-05-25T22:02:46Z,2024-05-25T22:12:04Z,,9.036100,0.0,membership,Payment by membership account and/or membership card,USCPIE15548151*1
ChargePoint Network,,,5122191,5122191,CULLMANELECTRIC / STATION1-L,8482151,247,3121548111,2024-05-25T18:10:05Z,2024-05-25T18:11:16Z,,0.000000,0.0,credit_card_terminal,Payment via credit card or debit card terminal,USCPIE5122191*1
ChargePoint Network,,,1988061,1988061,7SPC / SCES DOLLYWOOD,25499831,3,3095062611,2024-05-14T13:52:51Z,2024-05-14T16:03:07Z,,12.319112,,membership,Payment by membership account and/or membership card,USCPIE1988061*1
ChargePoint Network,,,1933211,1933211,BRIGHTRIDGE EV / BR-JONESBOROUGH,2283631,3,3122039811,2024-05-25T22:59:31Z,2024-05-26T08:49:25Z,,49.645390,6.3364,credit_card_terminal,Payment via credit card or debit card terminal,USCPIE1933211*1
ChargePoint Network,,,14359531,14359531,EBOFG / STATION 2 (R),23870331,247,3100890231,2024-05-16T18:55:39Z,2024-05-16T19:15:27Z,,23.750500,83.199,membership,Payment by membership account and/or membership card,USCPIE14359531*1
ChargePoint Network,,,13803581,13803581,FPU / STATION 1 (L),23227201,247,3072268651,2024-05-03T23:33:37Z,2024-05-04T00:01:38Z,,20.670601,52.448,membership,Payment by membership account and/or membership card,USCPIE13803581*1
ChargePoint Network,,,1964521,1964521,EBOFG / GUNTERSVILLE PD,8374211,3,3121409291,2024-05-25T16:46:41Z,2024-05-25T18:19:18Z,,11.044362,7.3072,membership,Payment by membership account and/or membership card,USCPIE1964521*2
ChargePoint Network,,,15548181,15548181,DECATURDOWNTWN / STATION 2 (L),25119551,247,3128922971,2024-05-29T14:44:17Z,2024-05-29T15:21:01Z,,58.116699,100.367,credit_card_terminal,Payment via credit card or debit card terminal,USCPIE15548181*1
ChargePoint Network,,,15623231,15623231,CLW / 5TH ST 1 (L),25208301,247,3066460721,2024-05-01T19:23:53Z,2024-05-01T19:30:34Z,,7.426000,75.66,membership,Payment by membership account and/or membership card,USCPIE15623231*1
ChargePoint Network,,,15623211,15623211,CLW / 5TH ST 2 (R),25208281,247,3087291391,2024-05-10T18:57:00Z,2024-05-10T19:43:52Z,,27.974100,89.676,membership,Payment by membership account and/or membership card,USCPIE15623211*1
ChargePoint Network,,,8851921,8851921,7SPC / SEVIERVILLE DC1,15571271,207,3072514821,2024-05-04T01:38:12Z,2024-05-04T02:22:51Z,,38.526001,55.594,membership,Payment by membership account and/or membership card,USCPIE8851921*1
ChargePoint Network,,,5346231,5346231,CULLMANELECTRIC / STATION2-R,8926271,100011,3073377671,2024-05-04T16:43:41Z,2024-05-04T17:24:27Z,,27.850300,52.715,membership,Payment by membership account and/or membership card,USCPIE5346231*1
ChargePoint Network,,,12406491,12406491,FPIA / LEFT STATION,21527781,247,3084583111,2024-05-09T17:21:34Z,2024-05-09T17:43:26Z,,23.985100,76.8,credit_card_terminal,Payment via credit card or debit card terminal,USCPIE12406491*1
ChargePoint Network,,,13659831,13659831,LAWRENCEBURG / STATION 1 (L),23054881,247,3070875091,2024-05-03T12:51:32Z,2024-05-03T13:07:03Z,,17.385201,71.116,membership,Payment by membership account and/or membership card,USCPIE13659831*1
ChargePoint Network,,,13290491,13290491,7SPC / NASA USSRC L,22634931,3,3114554351,2024-05-22T19:13:43Z,2024-05-22T19:49:57Z,,1.922895,3.2605,credit_card_terminal,Payment via credit card or debit card terminal,USCPIE13290491*1
ChargePoint Network,,,9777021,9777021,CRMC / CRMC-2- L2RIGHT,17361751,3,3077890551,2024-05-06T23:27:07Z,2024-05-07T00:10:00Z,,5.086489,7.245,membership,Payment by membership account and/or membership card,USCPIE9777021*2
ChargePoint Network,,,12720861,12720861,WRECC / STATION 2,21977121,247,3103838511,2024-05-17T22:07:09Z,2024-05-17T22:57:25Z,,46.405602,75.62,phone_online,"Payment through mobile app, website, automated phone number or messaging system",USCPIE12720861*1
ChargePoint Network,,,5122191,5122191,CULLMANELECTRIC / STATION1-L,8482151,247,3116709331,2024-05-23T15:57:23Z,2024-05-23T16:12:22Z,,16.394800,70.329,membership,Payment by membership account and/or membership card,USCPIE5122191*1
ChargePoint Network,,,12720881,12720881,WRECC / STATION 1,21977141,247,3107082871,2024-05-19T17:54:14Z,2024-05-19T19:05:43Z,,46.733898,54.087,membership,Payment by membership account and/or membership card,USCPIE12720881*1
ChargePoint Network,,,12720861,12720861,WRECC / STATION 2,,,3120014131,2024-05-24T21:41:29Z,2024-05-24T21:43:30Z,,0.000000,,membership,Payment by membership account and/or membership card,USCPIE12720861*0
ChargePoint Network,,,13966851,13966851,BEA / STATION 1 (LL),23420911,247,3119820511,2024-05-24T20:15:25Z,2024-05-24T20:55:34Z,,48.137001,76.041,membership,Payment by membership account and/or membership card,USCPIE13966851*1
ChargePoint Network,,,15684341,15684341,MLEC / STATION 2 (R) W,25280201,247,3071380221,2024-05-03T16:35:59Z,2024-05-03T17:38:18Z,,55.880699,62.088,membership,Payment by membership account and/or membership card,USCPIE15684341*1
ChargePoint Network,,,12406491,12406491,FPIA / LEFT STATION,21527781,247,3115353951,2024-05-23T00:53:17Z,2024-05-23T01:38:37Z,,50.935902,72.071,membership,Payment by membership account and/or membership card,USCPIE12406491*1
ChargePoint Network,,,13966031,13966031,BEA / STATION 4 (RR),23419961,247,3102979491,2024-05-17T15:46:26Z,2024-05-17T16:16:54Z,,32.244701,73.875,credit_card_terminal,Payment via credit card or debit card terminal,USCPIE13966031*1
ChargePoint Network,,,1844191,1844191,CLW / MAIN ST,23050431,3,3120476331,2024-05-25T01:28:07Z,2024-05-25T05:13:57Z,,11.731182,3.3588,membership,Payment by membership account and/or membership card,USCPIE1844191*1
ChargePoint Network,,,13606141,13606141,I24 EXIT11 / STATION 1 (LL),22992611,247,3076180291,2024-05-06T06:19:04Z,2024-05-06T06:19:55Z,,0.000000,0.0,membership,Payment by membership account and/or membership card,USCPIE13606141*1
ChargePoint Network,,,1844191,1844191,CLW / MAIN ST,23050431,3,3125047021,2024-05-27T21:05:27Z,2024-05-28T01:14:50Z,,27.896904,7.3045,credit_card_terminal,Payment via credit card or debit card terminal,USCPIE1844191*1
ChargePoint Network,,,13651611,13651611,MLEC / STATION 1 (L) H,23045791,247,3072083991,2024-05-03T22:04:27Z,2024-05-03T22:13:31Z,,11.248200,0.0,membership,Payment by membership account and/or membership card,USCPIE13651611*1
ChargePoint Network,,,15623211,15623211,CLW / 5TH ST 2 (R),,,3082371901,2024-05-08T20:03:56Z,2024-05-08T20:05:36Z,,0.000000,,membership,Payment by membership account and/or membership card,USCPIE15623211*0
ChargePoint Network,,,5122191,5122191,CULLMANELECTRIC / STATION1-L,8482151,247,3117466891,2024-05-23T21:16:16Z,2024-05-23T21:37:58Z,,34.263599,113.805,membership,Payment by membership account and/or membership card,USCPIE5122191*1
ChargePoint Network,,,14359491,14359491,EBOFG / STATION 1 (L),23870291,247,3120153931,2024-05-24T22:49:41Z,2024-05-24T22:50:22Z,,0.000000,0.0,membership,Payment by membership account and/or membership card,USCPIE14359491*1
ChargePoint Network,,,13606061,13606061,I24 EXIT11 / STATION 4 (RR),22992511,247,3118869131,2024-05-24T13:07:55Z,2024-05-24T13:57:51Z,,50.863400,83.555,membership,Payment by membership account and/or membership card,USCPIE13606061*1
ChargePoint Network,,,14097711,14097711,SCOTTSBORO EPB / SEPB DCFC (R),23570811,247,3120145981,2024-05-24T22:45:53Z,2024-05-24T23:02:09Z,,12.477900,52.54,membership,Payment by membership account and/or membership card,USCPIE14097711*1
ChargePoint Network,,,5346231,5346231,CULLMANELECTRIC / STATION2-R,8926271,247,3124570411,2024-05-27T15:44:59Z,2024-05-27T16:15:38Z,,35.535801,74.676,membership,Payment by membership account and/or membership card,USCPIE5346231*1
ChargePoint Network,,,12754021,12754021,WCMES / CITYHALL1-L,22015241,247,3097294811,2024-05-15T11:08:13Z,2024-05-15T11:17:59Z,,7.962400,61.418,membership,Payment by membership account and/or membership card,USCPIE12754021*1
ChargePoint Network,,,15684341,15684341,MLEC / STATION 2 (R) W,25280201,247,3073428111,2024-05-04T17:15:42Z,2024-05-04T17:56:45Z,,36.194698,55.055,credit_card_terminal,Payment via credit card or debit card terminal,USCPIE15684341*1
ChargePoint Network,,,1988061,1988061,7SPC / SCES DOLLYWOOD,25235451,3,3085466121,2024-05-09T23:31:05Z,2024-05-10T00:10:29Z,,4.589155,7.1131,membership,Payment by membership account and/or membership card,USCPIE1988061*2
ChargePoint Network,,,14097801,14097801,SCOTTSBORO EPB / SEPB DCFC (L),,,3090890491,2024-05-12T16:05:51Z,2024-05-12T16:07:52Z,,0.000000,,other,Any other payment method not specified above. Additional description should be provided in Payment Method Description.,USCPIE14097801*0
ChargePoint Network,,,13659871,13659871,LAWRENCEBURG / STATION 2 (R),23054921,247,3076512871,2024-05-06T13:23:50Z,2024-05-06T13:34:45Z,,11.902500,71.314,membership,Payment by membership account and/or membership card,USCPIE13659871*1
ChargePoint Network,,,12720881,12720881,WRECC / STATION 1,21977141,247,3118303341,2024-05-24T03:19:21Z,2024-05-24T03:20:26Z,,0.000000,0.0,phone_online,"Payment through mobile app, website, automated phone number or messaging system",USCPIE12720881*1
ChargePoint Network,,,5565191,5565191,7SPC / DOLLYWOOD EMPL,9205031,3,3106732541,2024-05-19T13:48:28Z,2024-05-19T18:55:32Z,,29.861338,7.0797,membership,Payment by membership account and/or membership card,USCPIE5565191*1
ChargePoint Network,,,14097801,14097801,SCOTTSBORO EPB / SEPB DCFC (L),23570921,247,3111620841,2024-05-21T16:27:55Z,2024-05-21T16:35:26Z,,2.874100,33.798,membership,Payment by membership account and/or membership card,USCPIE14097801*1
ChargePoint Network,,,14047321,14047321,JEFFERSON AVE. / OXFORD STA2(R),23514081,247,3090984511,2024-05-12T17:11:37Z,2024-05-12T17:29:54Z,,12.257400,124.643,membership,Payment by membership account and/or membership card,USCPIE14047321*1
ChargePoint Network,,,5122191,5122191,CULLMANELECTRIC / STATION1-L,8482151,247,3070507051,2024-05-03T04:33:42Z,2024-05-03T04:56:30Z,,25.904301,69.893,membership,Payment by membership account and/or membership card,USCPIE5122191*1
ChargePoint Network,,,13606121,13606121,I24 EXIT11 / STATION 2 (LM),22992591,100011,3087109981,2024-05-10T17:28:34Z,2024-05-10T17:29:39Z,,0.000000,0.0,credit_card_terminal,Payment via credit card or debit card terminal,USCPIE13606121*1
ChargePoint Network,,,1964521,1964521,EBOFG / GUNTERSVILLE PD,8374201,3,3069431561,2024-05-02T20:04:28Z,2024-05-02T21:13:56Z,,6.036616,7.3337,membership,Payment by membership account and/or membership card,USCPIE1964521*1
ChargePoint Network,,,1988141,1988141,7SPC / SCES DREAM MORE,2355561,3,3091329861,2024-05-12T20:41:09Z,2024-05-12T21:58:09Z,,7.417780,7.0913,membership,Payment by membership account and/or membership card,USCPIE1988141*1
ChargePoint Network,,,1964521,1964521,EBOFG / GUNTERSVILLE PD,8374211,3,3069042381,2024-05-02T17:07:58Z,2024-05-02T21:44:08Z,,7.476063,3.6865,membership,Payment by membership account and/or membership card,USCPIE1964521*2
ChargePoint Network,,,5619801,5619801,7SPC / WARREN RECC BG,9274251,3,3068805861,2024-05-02T15:47:53Z,2024-05-02T17:40:35Z,,10.610194,6.5762,membership,Payment by membership account and/or membership card,USCPIE5619801*1
ChargePoint Network,,,1988061,1988061,7SPC / SCES DOLLYWOOD,25235451,3,3073483701,2024-05-04T17:49:46Z,2024-05-04T17:51:45Z,,0.000000,0.0,membership,Payment by membership account and/or membership card,USCPIE1988061*2
ChargePoint Network,,,15815141,15815141,GEA-1 / STATION 1 (L),25435121,247,3105898981,2024-05-18T23:35:56Z,2024-05-19T01:14:41Z,,94.371300,61.56,credit_card_terminal,Payment via credit card or debit card terminal,USCPIE15815141*1
ChargePoint Network,,,13423691,13423691,AEC / STATION #1 (L),22787121,247,3077298671,2024-05-06T19:02:01Z,2024-05-06T19:24:12Z,,19.002300,54.087,membership,Payment by membership account and/or membership card,USCPIE13423691*1provider_id,station_id,site_id,charger_id,evse_id,evse_name,port_id,connector_id,session_id,session_start,session_end,session_error,energy_kwh,peak_power_kw,payment_method,payment_other,eMI3 Port id
ChargePoint Network,,,15694171,15694171,BRIGHTRIDGE EV / STATION 1 (L),25292041,247,3126120501,2024-05-28T12:49:00Z,2024-05-28T12:50:14Z,,0.000000,0.0,membership,Payment by membership account and/or membership card,USCPIE15694171*1
ChargePoint Network,,,15694081,15694081,BRIGHTRIDGE EV / STATION 1 (L),25291921,247,3107400621,2024-05-19T20:53:06Z,2024-05-19T20:56:05Z,,0.000000,0.0,membership,Payment by membership account and/or membership card,USCPIE15694081*1
ChargePoint Network,,,5565191,5565191,7SPC / DOLLYWOOD EMPL,9205031,3,3084669281,2024-05-09T18:02:02Z,2024-05-09T21:42:15Z,,24.368637,7.0567,membership,Payment by membership account and/or membership card,USCPIE5565191*1
ChargePoint Network,,,15260241,15260241,STEMC / STATION 1 (L) A,24784071,247,3098145551,2024-05-15T17:29:07Z,2024-05-15T17:57:56Z,,34.173100,72.693,membership,Payment by membership account and/or membership card,USCPIE15260241*1
ChargePoint Network,,,15729991,15729991,AEC / AEC03,25334181,3,3064681701,2024-05-01T00:36:34Z,2024-05-01T00:50:14Z,,1.126414,5.7571,credit_card_terminal,Payment via credit card or debit card terminal,USCPIE15729991*2
ChargePoint Network,,,1988061,1988061,7SPC / SCES DOLLYWOOD,25235451,3,3088948591,2024-05-11T14:42:10Z,2024-05-11T14:42:22Z,,0.000000,,membership,Payment by membership account and/or membership card,USCPIE1988061*2
ChargePoint Network,,,12406491,12406491,FPIA / LEFT STATION,21527781,247,3121135921,2024-05-25T13:17:49Z,2024-05-25T13:43:39Z,,25.081600,76.416,credit_card_terminal,Payment via credit card or debit card terminal,USCPIE12406491*1
ChargePoint Network,,,15694081,15694081,BRIGHTRIDGE EV / STATION 2 (R),25291921,100011,3123358261,2024-05-26T19:51:36Z,2024-05-26T20:03:34Z,,2.745000,39.7,membership,Payment by membership account and/or membership card,USCPIE15694081*1
ChargePoint Network,,,14355271,14355271,HARTSELLE 1 / STATION 1 (L),23865711,247,3123125811,2024-05-26T17:17:12Z,2024-05-26T18:07:04Z,,43.636700,69.147,membership,Payment by membership account and/or membership card,USCPIE14355271*1
ChargePoint Network,,,682921,682921,7SPC / TVPPA OFFICE,9117261,3,3102698081,2024-05-17T13:53:18Z,2024-05-17T18:54:35Z,,23.210455,6.2016,membership,Payment by membership account and/or membership card,USCPIE682921*2
ChargePoint Network,,,14337501,14337501,HOLSTONELECTRIC / CHURCH HILL-2,23845091,100011,3091607341,2024-05-12T23:18:17Z,2024-05-13T00:05:23Z,,31.869499,52.958,credit_card_terminal,Payment via credit card or debit card terminal,USCPIE14337501*1
ChargePoint Network,,,14355271,14355271,HARTSELLE 1 / STATION 1 (L),,,3095508741,2024-05-14T16:29:59Z,2024-05-14T16:32:00Z,,0.000000,,membership,Payment by membership account and/or membership card,USCPIE14355271*0
ChargePoint Network,,,8851921,8851921,7SPC / SEVIERVILLE DC1,15571271,207,3113317841,2024-05-22T06:51:29Z,2024-05-22T07:21:42Z,,25.966400,53.639,membership,Payment by membership account and/or membership card,USCPIE8851921*1
ChargePoint Network,,,13606061,13606061,I24 EXIT11 / STATION 4 (RR),22992511,247,3099073591,2024-05-16T00:07:01Z,2024-05-16T01:45:37Z,,92.393402,75.62,membership,Payment by membership account and/or membership card,USCPIE13606061*1
ChargePoint Network,,,14355251,14355251,HARTSELLE 1 / STATION 2 (R),23865691,247,3095508161,2024-05-14T16:31:21Z,2024-05-14T17:21:56Z,,27.527399,53.144,credit_card_terminal,Payment via credit card or debit card terminal,USCPIE14355251*1
ChargePoint Network,,,15332351,15332351,TUA NW ATLANTIC / STATION 2 (R),24867891,247,3122363741,2024-05-26T02:08:41Z,2024-05-26T02:09:27Z,,0.000000,0.0,membership,Payment by membership account and/or membership card,USCPIE15332351*1
ChargePoint Network,,,14359491,14359491,EBOFG / STATION 1 (L),23870291,247,3089622351,2024-05-11T21:08:59Z,2024-05-11T21:09:55Z,,0.000000,0.0,other,Any other payment method not specified above. Additional description should be provided in Payment Method Description.,USCPIE14359491*1
ChargePoint Network,,,8851921,8851921,7SPC / SEVIERVILLE DC1,15571271,207,3124482891,2024-05-27T14:25:58Z,2024-05-27T14:29:48Z,,0.000000,0.0,membership,Payment by membership account and/or membership card,USCPIE8851921*1
ChargePoint Network,,,5619801,5619801,7SPC / WARREN RECC BG,9274251,3,3117732331,2024-05-23T23:05:58Z,2024-05-24T07:22:25Z,,35.508514,6.3638,membership,Payment by membership account and/or membership card,USCPIE5619801*1
ChargePoint Network,,,9677521,9677521,UT PARKING / S7 STATION 1,17169331,3,3104946771,2024-05-18T13:13:18Z,2024-05-18T17:14:04Z,,28.840033,7.3351,membership,Payment by membership account and/or membership card,USCPIE9677521*1
ChargePoint Network,,,9677521,9677521,UT PARKING / S7 STATION 1,17169341,3,3082528211,2024-05-08T21:10:19Z,2024-05-08T21:49:35Z,,4.590466,7.1914,other,Any other payment method not specified above. Additional description should be provided in Payment Method Description.,USCPIE9677521*2
ChargePoint Network,,,14047321,14047321,JEFFERSON AVE. / OXFORD STA2(R),,,3109314701,2024-05-20T17:55:01Z,2024-05-20T17:55:04Z,,0.000000,,membership,Payment by membership account and/or membership card,USCPIE14047321*0
ChargePoint Network,,,14097711,14097711,SCOTTSBORO EPB / SEPB DCFC (R),23570811,247,3086761401,2024-05-10T15:12:41Z,2024-05-10T15:37:13Z,,19.663799,53.069,membership,Payment by membership account and/or membership card,USCPIE14097711*1
ChargePoint Network,,,8851921,8851921,7SPC / SEVIERVILLE DC1,15571271,207,3123318911,2024-05-26T19:25:58Z,2024-05-26T19:26:46Z,,0.000000,0.0,credit_card_terminal,Payment via credit card or debit card terminal,USCPIE8851921*1
ChargePoint Network,,,13606121,13606121,I24 EXIT11 / STATION 2 (LM),22992591,247,3112527661,2024-05-21T22:59:25Z,2024-05-21T23:10:52Z,,11.467500,0.0,credit_card_terminal,Payment via credit card or debit card terminal,USCPIE13606121*1
ChargePoint Network,,,13606091,13606091,I24 EXIT11 / STATION 3 (RM),22992551,247,3112251311,2024-05-21T21:05:48Z,2024-05-21T21:34:05Z,,24.424801,74.226,membership,Payment by membership account and/or membership card,USCPIE13606091*1
ChargePoint Network,,,1964521,1964521,EBOFG / GUNTERSVILLE PD,8374211,3,3118243581,2024-05-24T02:59:36Z,2024-05-24T03:30:10Z,,1.760073,3.7808,credit_card_terminal,Payment via credit card or debit card terminal,USCPIE1964521*2
ChargePoint Network,,,15640031,15640031,NECDC / STATION 1 (L),25228511,247,3124517551,2024-05-27T14:59:58Z,2024-05-27T15:01:07Z,,0.000000,0.0,membership,Payment by membership account and/or membership card,USCPIE15640031*1
ChargePoint Network,,,12406491,12406491,FPIA / LEFT STATION,21527781,247,3099335791,2024-05-16T02:03:40Z,2024-05-16T02:17:22Z,,15.058000,70.884,membership,Payment by membership account and/or membership card,USCPIE12406491*1
ChargePoint Network,,,5122191,5122191,CULLMANELECTRIC / STATION1-L,8482151,247,3103624531,2024-05-17T20:30:58Z,2024-05-17T21:02:18Z,,42.445801,91.639,credit_card_terminal,Payment via credit card or debit card terminal,USCPIE5122191*1
ChargePoint Network,,,1964521,1964521,EBOFG / GUNTERSVILLE PD,8374211,3,3072430871,2024-05-04T00:58:46Z,2024-05-04T02:21:28Z,,10.171103,7.4703,credit_card_terminal,Payment via credit card or debit card terminal,USCPIE1964521*2
ChargePoint Network,,,14097711,14097711,SCOTTSBORO EPB / SEPB DCFC (R),23570811,247,3076781881,2024-05-06T15:18:46Z,2024-05-06T15:38:42Z,,22.853100,73.086,membership,Payment by membership account and/or membership card,USCPIE14097711*1
ChargePoint Network,,,5346231,5346231,CULLMANELECTRIC / STATION2-R,8926271,247,3102900711,2024-05-17T15:19:21Z,2024-05-17T15:36:21Z,,13.872300,75.096,membership,Payment by membership account and/or membership card,USCPIE5346231*1
ChargePoint Network,,,8851921,8851921,7SPC / SEVIERVILLE DC1,15571271,207,3086294301,2024-05-10T10:36:49Z,2024-05-10T11:39:38Z,,31.744301,52.984,membership,Payment by membership account and/or membership card,USCPIE8851921*1
ChargePoint Network,,,12406491,12406491,FPIA / LEFT STATION,21527781,247,3082876051,2024-05-08T23:36:03Z,2024-05-09T01:03:55Z,,41.251801,53.193,membership,Payment by membership account and/or membership card,USCPIE12406491*1
ChargePoint Network,,,1988061,1988061,7SPC / SCES DOLLYWOOD,25499831,3,3121504721,2024-05-25T17:44:38Z,2024-05-26T00:15:19Z,,44.599148,7.1308,membership,Payment by membership account and/or membership card,USCPIE1988061*1
ChargePoint Network,,,1921531,1921531,STARKVILLE UTIL / STARKVILLE REC,2268551,3,3086916371,2024-05-10T16:05:00Z,2024-05-10T16:30:26Z,,2.976209,7.1938,credit_card_terminal,Payment via credit card or debit card terminal,USCPIE1921531*1
ChargePoint Network,,,13606121,13606121,I24 EXIT11 / STATION 2 (LM),22992591,100011,3087112351,2024-05-10T17:29:54Z,2024-05-10T17:31:18Z,,0.000000,0.0,credit_card_terminal,Payment via credit card or debit card terminal,USCPIE13606121*1
ChargePoint Network,,,14359491,14359491,EBOFG / STATION 1 (L),23870291,247,3116910071,2024-05-23T17:15:54Z,2024-05-23T17:17:13Z,,0.000000,0.0,other,Any other payment method not specified above. Additional description should be provided in Payment Method Description.,USCPIE14359491*1
ChargePoint Network,,,15280441,15280441,SPRFLD ELECTRIC / STATION 2 (R),24807641,247,3123040731,2024-05-26T16:18:09Z,2024-05-26T16:53:50Z,,31.624001,57.069,membership,Payment by membership account and/or membership card,USCPIE15280441*1
ChargePoint Network,,,5363211,5363211,HARTSELLE 1 / HARTSELLE 1,23427571,3,3122314731,2024-05-26T01:40:14Z,2024-05-26T01:48:32Z,,0.874675,7.3742,membership,Payment by membership account and/or membership card,USCPIE5363211*1
ChargePoint Network,,,13290491,13290491,7SPC / NASA USSRC L,22634941,3,3129159021,2024-05-29T15:59:21Z,2024-05-29T18:20:28Z,,12.924979,5.8442,membership,Payment by membership account and/or membership card,USCPIE13290491*2
ChargePoint Network,,,7505851,7505851,JEFFERSON AVE. / OXFORD STA1(L),,,3071470931,2024-05-03T17:15:57Z,2024-05-03T17:17:58Z,,0.000000,,membership,Payment by membership account and/or membership card,USCPIE7505851*0
ChargePoint Network,,,13861891,13861891,BRMEMC / STATION 2,23296321,100011,3071474581,2024-05-03T17:19:53Z,2024-05-03T17:37:36Z,,13.020000,52.196,membership,Payment by membership account and/or membership card,USCPIE13861891*1
ChargePoint Network,,,14337501,14337501,HOLSTONELECTRIC / CHURCH HILL-2,23845091,100011,3132532111,2024-05-30T21:50:43Z,2024-05-30T22:48:59Z,,41.855499,53.2,credit_card_terminal,Payment via credit card or debit card terminal,USCPIE14337501*1
ChargePoint Network,,,13606121,13606121,I24 EXIT11 / STATION 2 (LM),22992591,247,3107357651,2024-05-19T20:28:56Z,2024-05-19T21:11:36Z,,53.947701,81.557,membership,Payment by membership account and/or membership card,USCPIE13606121*1
ChargePoint Network,,,14359491,14359491,EBOFG / STATION 1 (L),23870291,247,3073610751,2024-05-04T19:06:50Z,2024-05-04T19:08:03Z,,0.000000,0.0,membership,Payment by membership account and/or membership card,USCPIE14359491*1
ChargePoint Network,,,5414151,5414151,7SPC / UC - CARTHAGE,9014641,3,3101037191,2024-05-16T19:55:43Z,2024-05-16T20:04:39Z,,0.971062,7.3593,membership,Payment by membership account and/or membership card,USCPIE5414151*1
ChargePoint Network,,,12720881,12720881,WRECC / STATION 1,21977141,247,3107652011,2024-05-19T23:06:07Z,2024-05-19T23:12:01Z,,4.876300,0.0,membership,Payment by membership account and/or membership card,USCPIE12720881*1
ChargePoint Network,,,13606061,13606061,I24 EXIT11 / STATION 4 (RR),22992511,247,3122644581,2024-05-26T05:59:00Z,2024-05-26T08:37:46Z,,71.376602,75.636,membership,Payment by membership account and/or membership card,USCPIE13606061*1
ChargePoint Network,,,15694081,15694081,BRIGHTRIDGE EV / STATION 2 (R),25291921,247,3122567021,2024-05-26T04:36:50Z,2024-05-26T04:37:28Z,,0.000000,0.0,credit_card_terminal,Payment via credit card or debit card terminal,USCPIE15694081*1
ChargePoint Network,,,5384781,5384781,7SPC / TRI-COUNTY EMC,9273691,3,3085220741,2024-05-09T21:51:25Z,2024-05-10T01:49:34Z,,29.920679,7.6218,membership,Payment by membership account and/or membership card,USCPIE5384781*1
ChargePoint Network,,,1932851,1932851,BRIGHTRIDGE EV / BR-JC LIBRARY,23319821,3,3065576481,2024-05-01T13:23:34Z,2024-05-01T15:20:39Z,,9.719275,7.1622,membership,Payment by membership account and/or membership card,USCPIE1932851*2
ChargePoint Network,,,12720881,12720881,WRECC / STATION 1,21977141,100011,3088548931,2024-05-11T05:14:24Z,2024-05-11T05:42:47Z,,19.240801,43.173,membership,Payment by membership account and/or membership card,USCPIE12720881*1
ChargePoint Network,,,5466441,5466441,7SPC / NASA USSRC R,9079361,3,3122958771,2024-05-26T15:13:33Z,2024-05-26T15:15:32Z,,0.000000,0.0,membership,Payment by membership account and/or membership card,USCPIE5466441*1
ChargePoint Network,,,5466441,5466441,7SPC / NASA USSRC R,9079371,3,3089511741,2024-05-11T20:09:58Z,2024-05-11T20:57:55Z,,4.936205,6.2907,membership,Payment by membership account and/or membership card,USCPIE5466441*2
ChargePoint Network,,,13423581,13423581,AEC / STATION #2 (R),22787011,247,3090957951,2024-05-12T16:54:25Z,2024-05-12T17:40:19Z,,40.471199,88.505,credit_card_terminal,Payment via credit card or debit card terminal,USCPIE13423581*1
ChargePoint Network,,,15332321,15332321,TUA NW ATLANTIC / STATION 1 (L),24867861,247,3105099781,2024-05-18T15:20:38Z,2024-05-18T15:51:29Z,,8.467200,43.091,credit_card_terminal,Payment via credit card or debit card terminal,USCPIE15332321*1
ChargePoint Network,,,5363211,5363211,HARTSELLE 1 / HARTSELLE 1,23427581,3,3098913851,2024-05-15T22:59:45Z,2024-05-16T02:54:36Z,,28.069929,7.3663,membership,Payment by membership account and/or membership card,USCPIE5363211*2
ChargePoint Network,,,5346231,5346231,CULLMANELECTRIC / STATION2-R,8926271,247,3107504701,2024-05-19T21:49:38Z,2024-05-19T22:34:00Z,,9.491600,19.702,membership,Payment by membership account and/or membership card,USCPIE5346231*1
ChargePoint Network,,,15548151,15548151,DECATURDOWNTWN / STATION 1 (R),25119511,247,3066331311,2024-05-01T18:24:20Z,2024-05-01T19:03:04Z,,35.290401,58.812,membership,Payment by membership account and/or membership card,USCPIE15548151*1
ChargePoint Network,,,9677521,9677521,UT PARKING / S7 STATION 1,17169331,3,3068191571,2024-05-02T14:00:00Z,2024-05-02T17:10:31Z,,13.231151,6.6396,membership,Payment by membership account and/or membership card,USCPIE9677521*1
ChargePoint Network,,,15640171,15640171,NECDC / STATION 2 (R),,,3118962771,2024-05-24T14:00:03Z,2024-05-24T14:02:04Z,,0.000000,0.0,membership,Payment by membership account and/or membership card,USCPIE15640171*0
ChargePoint Network,,,13861861,13861861,BRMEMC / STATION 1,23296281,247,3076109611,2024-05-06T04:40:14Z,2024-05-06T05:01:42Z,,22.885500,68.403,membership,Payment by membership account and/or membership card,USCPIE13861861*1
ChargePoint Network,,,13606061,13606061,I24 EXIT11 / STATION 4 (RR),22992511,247,3121983281,2024-05-25T22:25:14Z,2024-05-25T22:46:40Z,,17.986099,53.723,membership,Payment by membership account and/or membership card,USCPIE13606061*1
ChargePoint Network,,,14355271,14355271,HARTSELLE 1 / STATION 1 (L),23865711,247,3070327031,2024-05-03T02:47:54Z,2024-05-03T02:48:53Z,,0.000000,0.0,credit_card_terminal,Payment via credit card or debit card terminal,USCPIE14355271*1
ChargePoint Network,,,13606091,13606091,I24 EXIT11 / STATION 3 (RM),22992551,247,3081506161,2024-05-08T14:25:59Z,2024-05-08T15:02:11Z,,42.155201,83.16,membership,Payment by membership account and/or membership card,USCPIE13606091*1
ChargePoint Network,,,15280471,15280471,SPRFLD ELECTRIC / STATION 1 (L),24807681,247,3085019571,2024-05-09T20:30:10Z,2024-05-09T21:02:58Z,,29.085501,63.363,membership,Payment by membership account and/or membership card,USCPIE15280471*1
ChargePoint Network,,,682921,682921,7SPC / TVPPA OFFICE,9117261,3,3073890041,2024-05-04T21:51:46Z,2024-05-04T23:12:02Z,,7.862994,6.1505,membership,Payment by membership account and/or membership card,USCPIE682921*2
ChargePoint Network,,,13664401,13664401,BTES / STATION 1 (LL),23060421,247,3087381441,2024-05-10T19:36:12Z,2024-05-10T20:06:56Z,,25.127899,51.459,membership,Payment by membership account and/or membership card,USCPIE13664401*1
ChargePoint Network,,,5603971,5603971,7SPC / VEC BYRDSTOWN,9254231,3,3105372221,2024-05-18T18:09:06Z,2024-05-18T21:42:28Z,,13.788075,3.9104,membership,Payment by membership account and/or membership card,USCPIE5603971*2
ChargePoint Network,,,15555831,15555831,FPU / STATION 2 (R),25128511,247,3092008811,2024-05-13T03:16:27Z,2024-05-13T04:00:38Z,,45.986401,75.851,credit_card_terminal,Payment via credit card or debit card terminal,USCPIE15555831*1
ChargePoint Network,,,1988061,1988061,7SPC / SCES DOLLYWOOD,25235441,3,3100544801,2024-05-16T16:16:12Z,2024-05-16T16:16:20Z,,0.000000,,credit_card_terminal,Payment via credit card or debit card terminal,USCPIE1988061*1
ChargePoint Network,,,8851921,8851921,7SPC / SEVIERVILLE DC1,15571271,207,3115182091,2024-05-22T23:38:27Z,2024-05-23T00:16:47Z,,34.407001,58.212,membership,Payment by membership account and/or membership card,USCPIE8851921*1
ChargePoint Network,,,5397731,5397731,EEDEV / MILLIGAN UNIV,9010251,3,3065685201,2024-05-01T14:13:32Z,2024-05-01T16:18:23Z,,15.507554,7.5179,membership,Payment by membership account and/or membership card,USCPIE5397731*1
ChargePoint Network,,,12720881,12720881,WRECC / STATION 1,21977141,247,3128974851,2024-05-29T15:02:53Z,2024-05-29T15:04:09Z,,0.000000,0.0,membership,Payment by membership account and/or membership card,USCPIE12720881*1
ChargePoint Network,,,1964521,1964521,EBOFG / GUNTERSVILLE PD,8374201,3,3129315891,2024-05-29T16:59:49Z,2024-05-29T21:37:01Z,,9.732023,3.6907,membership,Payment by membership account and/or membership card,USCPIE1964521*1
ChargePoint Network,,,5466441,5466441,7SPC / NASA USSRC R,9079371,3,3100145041,2024-05-16T13:55:26Z,2024-05-16T16:41:40Z,,16.755503,6.3415,membership,Payment by membership account and/or membership card,USCPIE5466441*2
ChargePoint Network,,,1844191,1844191,CLW / MAIN ST,23050431,3,3080058041,2024-05-07T21:41:28Z,2024-05-08T01:45:48Z,,29.481285,7.3059,credit_card_terminal,Payment via credit card or debit card terminal,USCPIE1844191*1
ChargePoint Network,,,5565251,5565251,7SPC / SCES LECONTE 3,9205131,3,3080153111,2024-05-07T22:20:52Z,2024-05-08T00:12:59Z,,10.641616,6.8187,membership,Payment by membership account and/or membership card,USCPIE5565251*2
ChargePoint Network,,,5122191,5122191,CULLMANELECTRIC / STATION1-L,8482151,247,3123749941,2024-05-27T00:00:09Z,2024-05-27T01:02:00Z,,56.556198,72.192,membership,Payment by membership account and/or membership card,USCPIE5122191*1
ChargePoint Network,,,13026471,13026471,WCMES / CITYHALL2-R,22328331,247,3083109391,2024-05-09T01:16:49Z,2024-05-09T01:18:59Z,,0.020900,0.0,membership,Payment by membership account and/or membership card,USCPIE13026471*1
ChargePoint Network,,,13664501,13664501,BTES / STATION 4 (RR),23060561,247,3123391731,2024-05-26T20:12:31Z,2024-05-26T20:59:02Z,,21.797800,54.167,membership,Payment by membership account and/or membership card,USCPIE13664501*1
ChargePoint Network,,,1988061,1988061,7SPC / SCES DOLLYWOOD,25499831,3,3116394891,2024-05-23T14:13:27Z,2024-05-23T18:20:05Z,,19.264412,7.2057,membership,Payment by membership account and/or membership card,USCPIE1988061*1
ChargePoint Network,,,7505851,7505851,JEFFERSON AVE. / OXFORD STA1(L),12955471,247,3097310321,2024-05-15T11:23:46Z,2024-05-15T12:09:59Z,,47.180901,75.222,credit_card_terminal,Payment via credit card or debit card terminal,USCPIE7505851*1
ChargePoint Network,,,12460751,12460751,PES / LEFT STATION,22360171,215,3085005481,2024-05-09T20:24:39Z,2024-05-09T20:29:16Z,,0.491400,7.588,membership,Payment by membership account and/or membership card,USCPIE12460751*1
ChargePoint Network,,,9745721,9745721,CRMC / CRMC-1 - L2LEFT,17301481,3,3105409611,2024-05-18T18:29:54Z,2024-05-18T22:11:32Z,,26.809425,7.3317,membership,Payment by membership account and/or membership card,USCPIE9745721*2
ChargePoint Network,,,1932851,1932851,BRIGHTRIDGE EV / BR-JC LIBRARY,23319821,3,3112764221,2024-05-22T00:40:18Z,2024-05-22T02:35:20Z,,7.965567,6.6392,membership,Payment by membership account and/or membership card,USCPIE1932851*2
ChargePoint Network,,,15548181,15548181,DECATURDOWNTWN / STATION 2 (L),25119551,247,3105681351,2024-05-18T21:02:41Z,2024-05-18T22:14:39Z,,109.983902,97.888,membership,Payment by membership account and/or membership card,USCPIE15548181*1
ChargePoint Network,,,13290491,13290491,7SPC / NASA USSRC L,22634941,3,3074823631,2024-05-05T14:42:41Z,2024-05-05T19:06:02Z,,14.038157,3.2265,membership,Payment by membership account and/or membership card,USCPIE13290491*2
ChargePoint Network,,,12406491,12406491,FPIA / LEFT STATION,21527781,247,3087863571,2024-05-10T23:12:14Z,2024-05-10T23:40:49Z,,32.284000,74.426,membership,Payment by membership account and/or membership card,USCPIE12406491*1
ChargePoint Network,,,15250701,15250701,SES-TN / STATION 2,24772611,247,3083849711,2024-05-09T12:37:22Z,2024-05-09T13:58:05Z,,79.005096,74.663,membership,Payment by membership account and/or membership card,USCPIE15250701*1
ChargePoint Network,,,5354011,5354011,7SPC / GREENEVILLE TA,8936791,207,3085872581,2024-05-10T02:38:50Z,2024-05-10T03:39:00Z,,49.789101,58.824,membership,Payment by membership account and/or membership card,USCPIE5354011*1
ChargePoint Network,,,13664501,13664501,BTES / STATION 4 (RR),23060561,247,3125021401,2024-05-27T20:49:49Z,2024-05-27T21:18:30Z,,32.592201,75.056,membership,Payment by membership account and/or membership card,USCPIE13664501*1
ChargePoint Network,,,13290491,13290491,7SPC / NASA USSRC L,22634931,3,3124913061,2024-05-27T19:39:09Z,2024-05-27T21:43:09Z,,11.882663,5.8159,credit_card_terminal,Payment via credit card or debit card terminal,USCPIE13290491*1
ChargePoint Network,,,15332351,15332351,TUA NW ATLANTIC / STATION 2 (R),24867891,247,3125296661,2024-05-27T23:48:26Z,2024-05-28T00:02:13Z,,15.162400,72.15,membership,Payment by membership account and/or membership card,USCPIE15332351*1
ChargePoint Network,,,5346231,5346231,CULLMANELECTRIC / STATION2-R,8926271,247,3070913081,2024-05-03T13:11:58Z,2024-05-03T13:23:15Z,,13.964900,79.199,membership,Payment by membership account and/or membership card,USCPIE5346231*1
ChargePoint Network,,,13659831,13659831,LAWRENCEBURG / STATION 1 (L),23054881,247,3130177051,2024-05-29T23:12:35Z,2024-05-29T23:29:24Z,,17.592899,69.143,membership,Payment by membership account and/or membership card,USCPIE13659831*1
ChargePoint Network,,,14083171,14083171,STEMC / STATION 1 (L) H,23554721,247,3089227841,2024-05-11T17:34:46Z,2024-05-11T18:08:57Z,,59.655602,120.125,membership,Payment by membership account and/or membership card,USCPIE14083171*1
ChargePoint Network,,,13606121,13606121,I24 EXIT11 / STATION 2 (LM),22992591,247,3121863321,2024-05-25T21:15:09Z,2024-05-25T21:58:17Z,,49.097401,75.023,membership,Payment by membership account and/or membership card,USCPIE13606121*1
ChargePoint Network,,,12720861,12720861,WRECC / STATION 2,21977121,247,3119998851,2024-05-24T21:36:18Z,2024-05-24T21:37:47Z,,0.000000,0.0,membership,Payment by membership account and/or membership card,USCPIE12720861*1
ChargePoint Network,,,15260241,15260241,STEMC / STATION 1 (L) A,24784071,247,3117655341,2024-05-23T22:34:04Z,2024-05-23T22:37:34Z,,0.000000,0.0,membership,Payment by membership account and/or membership card,USCPIE15260241*1
ChargePoint Network,,,14047321,14047321,JEFFERSON AVE. / OXFORD STA2(R),23514081,247,3069812241,2024-05-02T22:47:15Z,2024-05-03T00:05:15Z,,45.222301,82.983,membership,Payment by membership account and/or membership card,USCPIE14047321*1
ChargePoint Network,,,13606141,13606141,I24 EXIT11 / STATION 1 (LL),22992611,247,3129939381,2024-05-29T21:35:14Z,2024-05-29T21:36:07Z,,0.000000,0.0,credit_card_terminal,Payment via credit card or debit card terminal,USCPIE13606141*1
ChargePoint Network,,,12406401,12406401,FPIA / RIGHT STATION,21527671,247,3123929521,2024-05-27T01:57:43Z,2024-05-27T02:05:30Z,,7.787100,65.403,membership,Payment by membership account and/or membership card,USCPIE12406401*1
ChargePoint Network,,,12720861,12720861,WRECC / STATION 2,21977121,247,3118219801,2024-05-24T02:43:32Z,2024-05-24T02:53:05Z,,0.000000,0.0,phone_online,"Payment through mobile app, website, automated phone number or messaging system",USCPIE12720861*1
ChargePoint Network,,,1964521,1964521,EBOFG / GUNTERSVILLE PD,8374211,3,3098892811,2024-05-15T22:50:32Z,2024-05-16T02:11:58Z,,23.889954,7.1772,membership,Payment by membership account and/or membership card,USCPIE1964521*2
ChargePoint Network,,,1988141,1988141,7SPC / SCES DREAM MORE,2355561,3,3107671741,2024-05-19T23:16:38Z,2024-05-19T23:18:20Z,,0.000000,0.0,membership,Payment by membership account and/or membership card,USCPIE1988141*1
ChargePoint Network,,,5619801,5619801,7SPC / WARREN RECC BG,9274251,3,3127221821,2024-05-28T20:16:48Z,2024-05-29T00:39:29Z,,27.152422,6.4064,membership,Payment by membership account and/or membership card,USCPIE5619801*1
ChargePoint Network,,,5363211,5363211,HARTSELLE 1 / HARTSELLE 1,23427581,3,3123891721,2024-05-27T01:29:50Z,2024-05-27T03:05:23Z,,11.319967,7.2398,membership,Payment by membership account and/or membership card,USCPIE5363211*2
ChargePoint Network,,,15640171,15640171,NECDC / STATION 2 (R),25228711,247,3077761261,2024-05-06T22:29:16Z,2024-05-06T23:09:56Z,,37.563599,57.408,other,Any other payment method not specified above. Additional description should be provided in Payment Method Description.,USCPIE15640171*1
ChargePoint Network,,,13966051,13966051,BEA / STATION 3 (RM),23419981,247,3128561641,2024-05-29T11:45:24Z,2024-05-29T12:27:29Z,,38.100300,71.54,membership,Payment by membership account and/or membership card,USCPIE13966051*1
ChargePoint Network,,,15640171,15640171,NECDC / STATION 2 (R),25228711,247,3091236721,2024-05-12T19:47:17Z,2024-05-12T20:22:45Z,,33.082298,58.5,membership,Payment by membership account and/or membership card,USCPIE15640171*1
ChargePoint Network,,,12406401,12406401,FPIA / RIGHT STATION,21527671,247,3066936131,2024-05-01T22:44:15Z,2024-05-01T23:08:45Z,,21.430401,57.349,other,Any other payment method not specified above. Additional description should be provided in Payment Method Description.,USCPIE12406401*1
ChargePoint Network,,,13643801,13643801,PEPA / STATION 2,23036481,247,3073279471,2024-05-04T15:36:45Z,2024-05-04T16:20:12Z,,46.535099,75.239,membership,Payment by membership account and/or membership card,USCPIE13643801*1
ChargePoint Network,,,1844191,1844191,CLW / MAIN ST,23050441,3,3109945651,2024-05-20T22:34:44Z,2024-05-21T01:45:14Z,,22.589575,7.31,credit_card_terminal,Payment via credit card or debit card terminal,USCPIE1844191*2
ChargePoint Network,,,13880891,13880891,MU / MUC MAIN OFFICE,23319011,3,3066653741,2024-05-01T20:42:48Z,2024-05-01T22:01:20Z,,9.392608,7.2896,membership,Payment by membership account and/or membership card,USCPIE13880891*1
ChargePoint Network,,,5466441,5466441,7SPC / NASA USSRC R,9079371,3,3107162411,2024-05-19T18:40:06Z,2024-05-19T20:55:50Z,,12.397164,5.5275,membership,Payment by membership account and/or membership card,USCPIE5466441*2
ChargePoint Network,,,14097801,14097801,SCOTTSBORO EPB / SEPB DCFC (L),23570921,247,3087152131,2024-05-10T17:50:26Z,2024-05-10T17:50:57Z,,0.000000,0.0,membership,Payment by membership account and/or membership card,USCPIE14097801*1
ChargePoint Network,,,13606061,13606061,I24 EXIT11 / STATION 4 (RR),22992511,247,3125306451,2024-05-27T23:54:24Z,2024-05-28T00:12:32Z,,20.392300,70.29,membership,Payment by membership account and/or membership card,USCPIE13606061*1
ChargePoint Network,,,5346231,5346231,CULLMANELECTRIC / STATION2-R,8926271,247,3068143821,2024-05-02T13:37:30Z,2024-05-02T14:23:17Z,,37.339901,58.212,other,Any other payment method not specified above. Additional description should be provided in Payment Method Description.,USCPIE5346231*1
ChargePoint Network,,,1988141,1988141,7SPC / SCES DREAM MORE,2355571,3,3120348411,2024-05-25T00:26:09Z,2024-05-25T23:33:59Z,,73.554855,6.9818,membership,Payment by membership account and/or membership card,USCPIE1988141*2
ChargePoint Network,,,15555831,15555831,FPU / STATION 2 (R),25128511,247,3105264091,2024-05-18T17:05:24Z,2024-05-18T17:35:36Z,,34.666901,72.693,credit_card_terminal,Payment via credit card or debit card terminal,USCPIE15555831*1
ChargePoint Network,,,13606141,13606141,I24 EXIT11 / STATION 1 (LL),22992611,247,3089371641,2024-05-11T18:53:29Z,2024-05-11T19:21:58Z,,32.008598,70.29,membership,Payment by membership account and/or membership card,USCPIE13606141*1
ChargePoint Network,,,9777021,9777021,CRMC / CRMC-2- L2RIGHT,17361741,3,3111258311,2024-05-21T14:26:08Z,2024-05-21T19:49:48Z,,24.590799,7.1978,membership,Payment by membership account and/or membership card,USCPIE9777021*1
ChargePoint Network,,,13292801,13292801,LODGE CAST IRON / STORE & MUSEUM,22637561,3,3109516011,2024-05-20T19:29:30Z,2024-05-20T20:55:34Z,,9.535310,6.8587,membership,Payment by membership account and/or membership card,USCPIE13292801*2
ChargePoint Network,,,14359491,14359491,EBOFG / STATION 1 (L),23870291,247,3090737391,2024-05-12T13:55:10Z,2024-05-12T13:55:55Z,,0.000000,0.0,membership,Payment by membership account and/or membership card,USCPIE14359491*1
ChargePoint Network,,,15694171,15694171,BRIGHTRIDGE EV / STATION 1 (L),25292041,247,3125280631,2024-05-27T23:37:29Z,2024-05-27T23:46:01Z,,10.064000,75.056,membership,Payment by membership account and/or membership card,USCPIE15694171*1
ChargePoint Network,,,5354011,5354011,7SPC / GREENEVILLE TA,8936791,207,3099484491,2024-05-16T03:21:14Z,2024-05-16T04:09:31Z,,44.204399,56.695,membership,Payment by membership account and/or membership card,USCPIE5354011*1
ChargePoint Network,,,15694081,15694081,BRIGHTRIDGE EV / STATION 1 (L),25291921,247,3087157961,2024-05-10T17:53:08Z,2024-05-10T17:54:01Z,,0.000000,0.0,membership,Payment by membership account and/or membership card,USCPIE15694081*1
ChargePoint Network,,,15332351,15332351,TUA NW ATLANTIC / STATION 2 (R),24867891,247,3122367261,2024-05-26T02:11:29Z,2024-05-26T02:12:06Z,,0.000000,0.0,membership,Payment by membership account and/or membership card,USCPIE15332351*1
ChargePoint Network,,,14359491,14359491,EBOFG / STATION 1 (L),23870291,247,3073576541,2024-05-04T18:46:28Z,2024-05-04T18:47:31Z,,0.000000,0.0,membership,Payment by membership account and/or membership card,USCPIE14359491*1
ChargePoint Network,,,7173851,7173851,SCOTTSBORO EPB / MAIN OFFICE,12310871,3,3073528531,2024-05-04T18:19:00Z,2024-05-04T18:27:25Z,,0.924413,7.0077,membership,Payment by membership account and/or membership card,USCPIE7173851*2
ChargePoint Network,,,5354011,5354011,7SPC / GREENEVILLE TA,8936791,207,3130794411,2024-05-30T04:16:25Z,2024-05-30T04:17:00Z,,0.000000,0.0,membership,Payment by membership account and/or membership card,USCPIE5354011*1
ChargePoint Network,,,15623231,15623231,CLW / 5TH ST 1 (L),25208301,247,3098608301,2024-05-15T20:50:29Z,2024-05-15T21:40:41Z,,1.780200,2.757,credit_card_terminal,Payment via credit card or debit card terminal,USCPIE15623231*1
ChargePoint Network,,,15280471,15280471,SPRFLD ELECTRIC / STATION 1 (L),24807681,247,3121137481,2024-05-25T13:19:28Z,2024-05-25T14:40:13Z,,66.868698,62.963,membership,Payment by membership account and/or membership card,USCPIE15280471*1
ChargePoint Network,,,5346231,5346231,CULLMANELECTRIC / STATION2-R,8926271,247,3123047111,2024-05-26T16:23:15Z,2024-05-26T17:22:41Z,,52.300999,74.283,membership,Payment by membership account and/or membership card,USCPIE5346231*1
ChargePoint Network,,,1964521,1964521,EBOFG / GUNTERSVILLE PD,8374211,3,3105218851,2024-05-18T16:38:23Z,2024-05-18T17:43:14Z,,7.864601,7.3814,membership,Payment by membership account and/or membership card,USCPIE1964521*2
ChargePoint Network,,,12720861,12720861,WRECC / STATION 2,21977121,247,3118280901,2024-05-24T03:03:43Z,2024-05-24T03:05:53Z,,0.000000,0.0,membership,Payment by membership account and/or membership card,USCPIE12720861*1
ChargePoint Network,,,12720861,12720861,WRECC / STATION 2,21977121,247,3093122131,2024-05-13T17:01:44Z,2024-05-13T18:16:54Z,,66.171303,85.371,membership,Payment by membership account and/or membership card,USCPIE12720861*1
ChargePoint Network,,,5565241,5565241,7SPC / SCES LECONTE 4,9205111,3,3124462711,2024-05-27T14:03:27Z,2024-05-27T17:03:50Z,,20.908693,7.2113,membership,Payment by membership account and/or membership card,USCPIE5565241*2
ChargePoint Network,,,14337221,14337221,HOLSTONELECTRIC / CHURCH HILL-1,,,3127432051,2024-05-28T21:44:04Z,2024-05-28T21:46:05Z,,0.000000,,membership,Payment by membership account and/or membership card,USCPIE14337221*0
ChargePoint Network,,,13664401,13664401,BTES / STATION 1 (LL),23060421,247,3097400011,2024-05-15T12:23:42Z,2024-05-15T12:24:33Z,,0.202900,0.0,credit_card_terminal,Payment via credit card or debit card terminal,USCPIE13664401*1
ChargePoint Network,,,5466441,5466441,7SPC / NASA USSRC R,9079361,3,3082985391,2024-05-09T00:24:48Z,2024-05-09T13:46:09Z,,82.074577,6.2183,membership,Payment by membership account and/or membership card,USCPIE5466441*1
ChargePoint Network,,,12406491,12406491,FPIA / LEFT STATION,21527781,247,3089692511,2024-05-11T21:47:03Z,2024-05-11T21:48:05Z,,0.000000,0.0,membership,Payment by membership account and/or membership card,USCPIE12406491*1
ChargePoint Network,,,1932851,1932851,BRIGHTRIDGE EV / BR-JC LIBRARY,23319811,3,3074992951,2024-05-05T16:57:08Z,2024-05-05T17:58:53Z,,7.472966,7.3695,membership,Payment by membership account and/or membership card,USCPIE1932851*1
ChargePoint Network,,,12406491,12406491,FPIA / LEFT STATION,21527781,247,3073359311,2024-05-04T16:31:45Z,2024-05-04T17:19:08Z,,27.508400,48.236,membership,Payment by membership account and/or membership card,USCPIE12406491*1
ChargePoint Network,,,13651631,13651631,MLEC / STATION 2 (R) H,23045821,247,3095876311,2024-05-14T19:25:23Z,2024-05-14T19:46:37Z,,27.206900,82.961,credit_card_terminal,Payment via credit card or debit card terminal,USCPIE13651631*1
ChargePoint Network,,,15260241,15260241,STEMC / STATION 1 (L) A,24784071,247,3088903641,2024-05-11T14:06:53Z,2024-05-11T14:31:50Z,,21.891701,73.26,membership,Payment by membership account and/or membership card,USCPIE15260241*1
ChargePoint Network,,,15684341,15684341,MLEC / STATION 2 (R) W,25280201,247,3101700281,2024-05-17T00:34:32Z,2024-05-17T00:58:09Z,,19.730301,53.872,credit_card_terminal,Payment via credit card or debit card terminal,USCPIE15684341*1
ChargePoint Network,,,12720861,12720861,WRECC / STATION 2,21977121,247,3122052671,2024-05-25T23:03:57Z,2024-05-25T23:04:39Z,,0.000000,0.0,membership,Payment by membership account and/or membership card,USCPIE12720861*1
ChargePoint Network,,,15548151,15548151,DECATURDOWNTWN / STATION 1 (R),25119511,247,3123417361,2024-05-26T20:29:48Z,2024-05-26T21:05:15Z,,41.317299,74.25,credit_card_terminal,Payment via credit card or debit card terminal,USCPIE15548151*1
ChargePoint Network,,,13659831,13659831,LAWRENCEBURG / STATION 1 (L),23054881,247,3098518781,2024-05-15T20:13:35Z,2024-05-15T21:11:49Z,,62.958302,68.403,membership,Payment by membership account and/or membership card,USCPIE13659831*1
ChargePoint Network,,,5346231,5346231,CULLMANELECTRIC / STATION2-R,8926271,247,3119739931,2024-05-24T19:40:56Z,2024-05-24T20:21:21Z,,44.186901,77.811,membership,Payment by membership account and/or membership card,USCPIE5346231*1
ChargePoint Network,,,13606061,13606061,I24 EXIT11 / STATION 4 (RR),22992511,100011,3092855521,2024-05-13T15:26:55Z,2024-05-13T16:22:00Z,,24.899000,36.158,credit_card_terminal,Payment via credit card or debit card terminal,USCPIE13606061*1
ChargePoint Network,,,15548151,15548151,DECATURDOWNTWN / STATION 1 (R),25119511,247,3127645011,2024-05-28T23:12:15Z,2024-05-29T00:26:36Z,,33.013802,72.071,membership,Payment by membership account and/or membership card,USCPIE15548151*1
ChargePoint Network,,,5346231,5346231,CULLMANELECTRIC / STATION2-R,,,3129256531,2024-05-29T16:32:55Z,2024-05-29T16:34:56Z,,0.000000,,membership,Payment by membership account and/or membership card,USCPIE5346231*0
ChargePoint Network,,,14047321,14047321,JEFFERSON AVE. / OXFORD STA2(R),,,3098504931,2024-05-15T20:08:35Z,2024-05-15T20:08:38Z,,0.000000,,membership,Payment by membership account and/or membership card,USCPIE14047321*0
ChargePoint Network,,,5466441,5466441,7SPC / NASA USSRC R,9079361,3,3090167171,2024-05-12T02:07:52Z,2024-05-12T12:50:05Z,,59.840069,6.2897,membership,Payment by membership account and/or membership card,USCPIE5466441*1
ChargePoint Network,,,8851921,8851921,7SPC / SEVIERVILLE DC1,15571271,207,3119574011,2024-05-24T18:28:00Z,2024-05-24T18:52:11Z,,21.277399,54.872,membership,Payment by membership account and/or membership card,USCPIE8851921*1
ChargePoint Network,,,14359491,14359491,EBOFG / STATION 1 (L),,,3104990351,2024-05-18T13:54:16Z,2024-05-18T13:55:42Z,,0.000000,,credit_card_terminal,Payment via credit card or debit card terminal,USCPIE14359491*0
ChargePoint Network,,,5346231,5346231,CULLMANELECTRIC / STATION2-R,8926271,247,3081093911,2024-05-08T09:57:59Z,2024-05-08T10:23:11Z,,26.793400,67.62,membership,Payment by membership account and/or membership card,USCPIE5346231*1
ChargePoint Network,,,1988061,1988061,7SPC / SCES DOLLYWOOD,25235451,3,3088949471,2024-05-11T14:42:40Z,2024-05-11T14:42:58Z,,0.000000,,membership,Payment by membership account and/or membership card,USCPIE1988061*2
ChargePoint Network,,,5346231,5346231,CULLMANELECTRIC / STATION2-R,8926271,247,3074863531,2024-05-05T15:19:46Z,2024-05-05T15:55:06Z,,34.408901,76.217,membership,Payment by membership account and/or membership card,USCPIE5346231*1
ChargePoint Network,,,5346231,5346231,CULLMANELECTRIC / STATION2-R,8926271,247,3130127701,2024-05-29T22:53:11Z,2024-05-29T22:54:46Z,,0.000000,0.0,other,Any other payment method not specified above. Additional description should be provided in Payment Method Description.,USCPIE5346231*1
ChargePoint Network,,,15640171,15640171,NECDC / STATION 2 (R),25228711,247,3073709061,2024-05-04T20:05:09Z,2024-05-04T20:14:51Z,,9.126600,0.0,membership,Payment by membership account and/or membership card,USCPIE15640171*1
ChargePoint Network,,,14047321,14047321,JEFFERSON AVE. / OXFORD STA2(R),23514081,247,3095550191,2024-05-14T16:50:03Z,2024-05-14T17:04:14Z,,9.285300,125.128,membership,Payment by membership account and/or membership card,USCPIE14047321*1
ChargePoint Network,,,14097711,14097711,SCOTTSBORO EPB / SEPB DCFC (R),23570811,247,3132228611,2024-05-30T19:43:45Z,2024-05-30T20:17:11Z,,42.139702,81.143,membership,Payment by membership account and/or membership card,USCPIE14097711*1
ChargePoint Network,,,13861861,13861861,BRMEMC / STATION 1,23296281,100011,3074939801,2024-05-05T16:20:08Z,2024-05-05T16:34:44Z,,11.473600,50.386,phone_online,"Payment through mobile app, website, automated phone number or messaging system",USCPIE13861861*1
ChargePoint Network,,,13659831,13659831,LAWRENCEBURG / STATION 1 (L),23054881,247,3091541791,2024-05-12T22:46:07Z,2024-05-12T22:57:57Z,,15.493000,0.0,membership,Payment by membership account and/or membership card,USCPIE13659831*1
ChargePoint Network,,,15548151,15548151,DECATURDOWNTWN / STATION 1 (R),25119511,247,3122500641,2024-05-26T03:48:58Z,2024-05-26T04:03:57Z,,16.953699,74.071,credit_card_terminal,Payment via credit card or debit card terminal,USCPIE15548151*1
ChargePoint Network,,,5380331,5380331,CULLMAN PB / STATION 1,8970961,3,3066634821,2024-05-01T20:33:01Z,2024-05-01T20:35:04Z,,0.000000,0.0,membership,Payment by membership account and/or membership card,USCPIE5380331*2
ChargePoint Network,,,15548181,15548181,DECATURDOWNTWN / STATION 2 (L),25119551,100011,3080036901,2024-05-07T21:32:25Z,2024-05-07T21:57:33Z,,6.595600,19.233,membership,Payment by membership account and/or membership card,USCPIE15548181*1
ChargePoint Network,,,13861861,13861861,BRMEMC / STATION 1,23296281,247,3071505561,2024-05-03T17:34:52Z,2024-05-03T18:15:38Z,,38.184898,73.891,membership,Payment by membership account and/or membership card,USCPIE13861861*1
ChargePoint Network,,,1988061,1988061,7SPC / SCES DOLLYWOOD,25235451,3,3073477381,2024-05-04T17:45:49Z,2024-05-04T17:47:49Z,,0.000000,0.0,membership,Payment by membership account and/or membership card,USCPIE1988061*2
ChargePoint Network,,,5122191,5122191,CULLMANELECTRIC / STATION1-L,8482151,247,3109496491,2024-05-20T19:22:12Z,2024-05-20T19:52:39Z,,21.385500,73.232,membership,Payment by membership account and/or membership card,USCPIE5122191*1
ChargePoint Network,,,14359491,14359491,EBOFG / STATION 1 (L),,,3069763831,2024-05-02T22:26:58Z,2024-05-02T22:27:06Z,,0.000000,,membership,Payment by membership account and/or membership card,USCPIE14359491*0
ChargePoint Network,,,15548151,15548151,DECATURDOWNTWN / STATION 1 (R),25119511,247,3093236661,2024-05-13T17:58:52Z,2024-05-13T18:10:44Z,,3.678900,25.704,membership,Payment by membership account and/or membership card,USCPIE15548151*1
ChargePoint Network,,,15623231,15623231,CLW / 5TH ST 1 (L),25208301,247,3098246561,2024-05-15T18:18:36Z,2024-05-15T20:45:04Z,,46.691200,68.04,credit_card_terminal,Payment via credit card or debit card terminal,USCPIE15623231*1
ChargePoint Network,,,5354011,5354011,7SPC / GREENEVILLE TA,8936791,207,3130785851,2024-05-30T04:08:52Z,2024-05-30T04:09:16Z,,0.012000,0.0,membership,Payment by membership account and/or membership card,USCPIE5354011*1
ChargePoint Network,,,14359491,14359491,EBOFG / STATION 1 (L),23870291,247,3089461331,2024-05-11T19:42:47Z,2024-05-11T19:43:33Z,,0.000000,0.0,membership,Payment by membership account and/or membership card,USCPIE14359491*1
ChargePoint Network,,,14355251,14355251,HARTSELLE 1 / STATION 2 (R),23865691,247,3097828581,2024-05-15T15:29:03Z,2024-05-15T16:28:47Z,,27.721201,52.127,membership,Payment by membership account and/or membership card,USCPIE14355251*1
ChargePoint Network,,,14049761,14049761,PARIS BPU / STATION 2(R),23516951,247,3073534521,2024-05-04T18:22:08Z,2024-05-04T19:15:08Z,,56.898800,74.268,membership,Payment by membership account and/or membership card,USCPIE14049761*1
ChargePoint Network,,,15640031,15640031,NECDC / STATION 1 (L),25228511,247,3091268531,2024-05-12T20:04:36Z,2024-05-12T21:29:25Z,,77.678703,59.674,other,Any other payment method not specified above. Additional description should be provided in Payment Method Description.,USCPIE15640031*1
ChargePoint Network,,,682921,682921,7SPC / TVPPA OFFICE,9117261,3,3116232531,2024-05-23T12:56:01Z,2024-05-23T17:37:27Z,,14.599889,5.9605,credit_card_terminal,Payment via credit card or debit card terminal,USCPIE682921*2
ChargePoint Network,,,13606121,13606121,I24 EXIT11 / STATION 2 (LM),22992591,247,3107563661,2024-05-19T22:22:41Z,2024-05-19T22:32:55Z,,10.412800,78.405,membership,Payment by membership account and/or membership card,USCPIE13606121*1
ChargePoint Network,,,5619801,5619801,7SPC / WARREN RECC BG,9274251,3,3104315051,2024-05-18T01:56:53Z,2024-05-18T04:25:49Z,,15.525571,6.3377,membership,Payment by membership account and/or membership card,USCPIE5619801*1
ChargePoint Network,,,5122191,5122191,CULLMANELECTRIC / STATION1-L,8482151,247,3069044341,2024-05-02T17:08:58Z,2024-05-02T17:44:39Z,,32.172798,57.776,membership,Payment by membership account and/or membership card,USCPIE5122191*1
ChargePoint Network,,,15684341,15684341,MLEC / STATION 2 (R) W,25280201,247,3121979551,2024-05-25T22:23:07Z,2024-05-25T22:56:12Z,,30.545300,58.344,membership,Payment by membership account and/or membership card,USCPIE15684341*1
ChargePoint Network,,,15555831,15555831,FPU / STATION 2 (R),25128511,247,3106558321,2024-05-19T08:25:16Z,2024-05-19T08:29:15Z,,2.602800,0.0,credit_card_terminal,Payment via credit card or debit card terminal,USCPIE15555831*1
ChargePoint Network,,,5565191,5565191,7SPC / DOLLYWOOD EMPL,9205031,3,3102706721,2024-05-17T13:57:32Z,2024-05-17T15:56:58Z,,13.978948,7.0767,membership,Payment by membership account and/or membership card,USCPIE5565191*1
ChargePoint Network,,,15623211,15623211,CLW / 5TH ST 2 (R),25208281,247,3120116991,2024-05-24T22:31:43Z,2024-05-24T23:45:04Z,,81.068100,96.519,membership,Payment by membership account and/or membership card,USCPIE15623211*1
ChargePoint Network,,,13606121,13606121,I24 EXIT11 / STATION 2 (LM),22992591,247,3077920001,2024-05-06T23:41:29Z,2024-05-06T23:42:35Z,,0.000300,0.0,membership,Payment by membership account and/or membership card,USCPIE13606121*1
ChargePoint Network,,,13880891,13880891,MU / MUC MAIN OFFICE,23319021,3,3086323321,2024-05-10T11:02:58Z,2024-05-10T14:43:18Z,,26.378708,7.2439,membership,Payment by membership account and/or membership card,USCPIE13880891*2
ChargePoint Network,,,5354011,5354011,7SPC / GREENEVILLE TA,,,3130793631,2024-05-30T04:15:15Z,2024-05-30T04:15:34Z,,0.000000,,membership,Payment by membership account and/or membership card,USCPIE5354011*0
ChargePoint Network,,,15260241,15260241,STEMC / STATION 1 (L) A,24784071,247,3080356551,2024-05-07T23:47:31Z,2024-05-07T23:56:20Z,,9.419000,0.0,membership,Payment by membership account and/or membership card,USCPIE15260241*1
ChargePoint Network,,,1785631,1785631,HOLSTONELECTRIC / STATION 1,22462981,3,3074119341,2024-05-05T00:08:30Z,2024-05-05T00:26:11Z,,2.128533,7.4732,membership,Payment by membership account and/or membership card,USCPIE1785631*1
ChargePoint Network,,,15815141,15815141,GEA-1 / STATION 1 (L),25435121,247,3097970351,2024-05-15T16:13:23Z,2024-05-15T17:05:54Z,,49.259701,60.894,membership,Payment by membership account and/or membership card,USCPIE15815141*1
ChargePoint Network,,,13659871,13659871,LAWRENCEBURG / STATION 2 (R),23054921,247,3132342891,2024-05-30T20:30:51Z,2024-05-30T20:58:24Z,,24.439100,70.855,membership,Payment by membership account and/or membership card,USCPIE13659871*1
ChargePoint Network,,,14359491,14359491,EBOFG / STATION 1 (L),23870291,247,3123735151,2024-05-26T23:52:03Z,2024-05-26T23:52:45Z,,0.000000,0.0,membership,Payment by membership account and/or membership card,USCPIE14359491*1
ChargePoint Network,,,12676071,12676071,NEMEPA / NEMEPA EMPLOYEE,21923351,3,3103253701,2024-05-17T17:41:22Z,2024-05-20T14:17:40Z,,66.661598,6.2588,membership,Payment by membership account and/or membership card,USCPIE12676071*1
ChargePoint Network,,,5363211,5363211,HARTSELLE 1 / HARTSELLE 1,23427581,3,3096937921,2024-05-15T03:23:09Z,2024-05-15T04:00:47Z,,4.360049,7.0601,membership,Payment by membership account and/or membership card,USCPIE5363211*2
ChargePoint Network,,,13880891,13880891,MU / MUC MAIN OFFICE,23319011,3,3106088781,2024-05-19T00:38:44Z,2024-05-19T01:25:12Z,,5.559400,7.3091,membership,Payment by membership account and/or membership card,USCPIE13880891*1
ChargePoint Network,,,15332351,15332351,TUA NW ATLANTIC / STATION 2 (R),24867891,247,3105126631,2024-05-18T15:40:00Z,2024-05-18T16:06:33Z,,30.267300,76.625,membership,Payment by membership account and/or membership card,USCPIE15332351*1
ChargePoint Network,,,5346231,5346231,CULLMANELECTRIC / STATION2-R,8926271,247,3093563581,2024-05-13T20:28:47Z,2024-05-13T20:29:39Z,,0.000000,0.0,membership,Payment by membership account and/or membership card,USCPIE5346231*1
ChargePoint Network,,,15250701,15250701,SES-TN / STATION 2,24772611,247,3083844591,2024-05-09T12:34:34Z,2024-05-09T12:36:09Z,,0.000000,0.0,membership,Payment by membership account and/or membership card,USCPIE15250701*1
ChargePoint Network,,,15728901,15728901,AEC / AEC04,25332891,3,3093004711,2024-05-13T16:14:10Z,2024-05-13T16:40:07Z,,3.094521,7.433,other,Any other payment method not specified above. Additional description should be provided in Payment Method Description.,USCPIE15728901*2
ChargePoint Network,,,15640031,15640031,NECDC / STATION 1 (L),25228511,247,3109859401,2024-05-20T21:58:42Z,2024-05-20T22:36:49Z,,35.049198,58.289,membership,Payment by membership account and/or membership card,USCPIE15640031*1
ChargePoint Network,,,12406401,12406401,FPIA / RIGHT STATION,21527671,100011,3122456401,2024-05-26T03:11:35Z,2024-05-26T03:32:16Z,,16.833900,51.939,membership,Payment by membership account and/or membership card,USCPIE12406401*1
ChargePoint Network,,,12406401,12406401,FPIA / RIGHT STATION,21527671,247,3071225541,2024-05-03T15:38:15Z,2024-05-03T16:24:34Z,,24.168501,53.292,membership,Payment by membership account and/or membership card,USCPIE12406401*1
ChargePoint Network,,,15260241,15260241,STEMC / STATION 1 (L) A,24784071,247,3072068871,2024-05-03T21:57:19Z,2024-05-03T22:29:08Z,,36.514400,70.844,other,Any other payment method not specified above. Additional description should be provided in Payment Method Description.,USCPIE15260241*1
ChargePoint Network,,,14359491,14359491,EBOFG / STATION 1 (L),23870291,247,3089591441,2024-05-11T20:52:16Z,2024-05-11T20:53:31Z,,0.000000,0.0,other,Any other payment method not specified above. Additional description should be provided in Payment Method Description.,USCPIE14359491*1
ChargePoint Network,,,13651611,13651611,MLEC / STATION 1 (L) H,23045791,247,3105524351,2024-05-18T19:35:06Z,2024-05-18T20:04:05Z,,29.263599,122.583,membership,Payment by membership account and/or membership card,USCPIE13651611*1
ChargePoint Network,,,14047321,14047321,JEFFERSON AVE. / OXFORD STA2(R),23514081,247,3091149861,2024-05-12T18:54:42Z,2024-05-12T19:44:41Z,,19.677299,44.759,membership,Payment by membership account and/or membership card,USCPIE14047321*1
ChargePoint Network,,,15640171,15640171,NECDC / STATION 2 (R),25228711,247,3098795141,2024-05-15T22:09:57Z,2024-05-15T22:18:21Z,,7.444500,62.0,membership,Payment by membership account and/or membership card,USCPIE15640171*1
ChargePoint Network,,,15640171,15640171,NECDC / STATION 2 (R),25228711,247,3066857981,2024-05-01T22:11:54Z,2024-05-01T23:07:45Z,,26.239599,54.832,membership,Payment by membership account and/or membership card,USCPIE15640171*1
ChargePoint Network,,,14097711,14097711,SCOTTSBORO EPB / SEPB DCFC (R),23570811,247,3109669511,2024-05-20T20:36:34Z,2024-05-20T21:15:46Z,,27.953300,73.152,membership,Payment by membership account and/or membership card,USCPIE14097711*1
ChargePoint Network,,,13606141,13606141,I24 EXIT11 / STATION 1 (LL),22992611,247,3124874391,2024-05-27T19:15:29Z,2024-05-27T19:46:45Z,,27.597500,74.942,membership,Payment by membership account and/or membership card,USCPIE13606141*1
ChargePoint Network,,,7173851,7173851,SCOTTSBORO EPB / MAIN OFFICE,12310871,3,3073513801,2024-05-04T18:10:36Z,2024-05-04T18:12:00Z,,0.119503,6.953,membership,Payment by membership account and/or membership card,USCPIE7173851*2
ChargePoint Network,,,5397731,5397731,EEDEV / MILLIGAN UNIV,9010261,3,3068817361,2024-05-02T15:51:01Z,2024-05-02T20:55:49Z,,35.813984,7.188,membership,Payment by membership account and/or membership card,USCPIE5397731*2
ChargePoint Network,,,13803581,13803581,FPU / STATION 1 (L),23227201,247,3068803741,2024-05-02T15:43:54Z,2024-05-02T15:44:46Z,,0.000000,0.0,membership,Payment by membership account and/or membership card,USCPIE13803581*1
ChargePoint Network,,,14097801,14097801,SCOTTSBORO EPB / SEPB DCFC (L),23570921,247,3115178661,2024-05-22T23:37:04Z,2024-05-22T23:44:29Z,,10.543700,0.0,credit_card_terminal,Payment via credit card or debit card terminal,USCPIE14097801*1
ChargePoint Network,,,1932851,1932851,BRIGHTRIDGE EV / BR-JC LIBRARY,23319811,3,3074520421,2024-05-05T04:54:03Z,2024-05-05T04:56:03Z,,0.000000,0.0,membership,Payment by membership account and/or membership card,USCPIE1932851*1
ChargePoint Network,,,13659871,13659871,LAWRENCEBURG / STATION 2 (R),23054921,247,3095600401,2024-05-14T17:12:41Z,2024-05-14T17:41:58Z,,21.813999,52.006,membership,Payment by membership account and/or membership card,USCPIE13659871*1
ChargePoint Network,,,13290491,13290491,7SPC / NASA USSRC L,22634941,3,3073334341,2024-05-04T16:14:25Z,2024-05-04T16:35:23Z,,1.045752,3.1737,credit_card_terminal,Payment via credit card or debit card terminal,USCPIE13290491*2
ChargePoint Network,,,12406491,12406491,FPIA / LEFT STATION,21527781,247,3112429601,2024-05-21T22:19:34Z,2024-05-21T22:40:56Z,,15.320300,47.616,membership,Payment by membership account and/or membership card,USCPIE12406491*1
ChargePoint Network,,,12406401,12406401,FPIA / RIGHT STATION,21527671,247,3118208571,2024-05-24T02:35:44Z,2024-05-24T04:33:07Z,,49.697701,83.527,membership,Payment by membership account and/or membership card,USCPIE12406401*1
ChargePoint Network,,,13606121,13606121,I24 EXIT11 / STATION 2 (LM),22992591,100011,3074471191,2024-05-05T04:02:34Z,2024-05-05T04:03:06Z,,0.000000,0.0,membership,Payment by membership account and/or membership card,USCPIE13606121*1
ChargePoint Network,,,13880891,13880891,MU / MUC MAIN OFFICE,23319021,3,3100569941,2024-05-16T16:25:53Z,2024-05-16T21:00:00Z,,12.645697,7.203,membership,Payment by membership account and/or membership card,USCPIE13880891*2
ChargePoint Network,,,5363211,5363211,HARTSELLE 1 / HARTSELLE 1,23427571,3,3120011601,2024-05-24T21:41:55Z,2024-05-24T22:48:40Z,,8.011139,7.3237,membership,Payment by membership account and/or membership card,USCPIE5363211*1
ChargePoint Network,,,5397731,5397731,EEDEV / MILLIGAN UNIV,9010261,3,3082639281,2024-05-08T21:56:40Z,2024-05-09T02:03:56Z,,29.422392,7.1815,membership,Payment by membership account and/or membership card,USCPIE5397731*2
ChargePoint Network,,,9745721,9745721,CRMC / CRMC-1 - L2LEFT,17301471,3,3079324771,2024-05-07T16:13:17Z,2024-05-07T16:38:33Z,,2.959647,7.3163,credit_card_terminal,Payment via credit card or debit card terminal,USCPIE9745721*1
ChargePoint Network,,,8851921,8851921,7SPC / SEVIERVILLE DC1,15571271,207,3065925161,2024-05-01T15:37:48Z,2024-05-01T15:56:00Z,,15.009800,53.437,membership,Payment by membership account and/or membership card,USCPIE8851921*1
ChargePoint Network,,,5565251,5565251,7SPC / SCES LECONTE 3,9205131,3,3085204551,2024-05-09T21:45:08Z,2024-05-09T23:21:59Z,,9.161481,6.9219,membership,Payment by membership account and/or membership card,USCPIE5565251*2
ChargePoint Network,,,8851921,8851921,7SPC / SEVIERVILLE DC1,15571271,207,3118737201,2024-05-24T11:42:29Z,2024-05-24T12:22:09Z,,30.836100,53.131,membership,Payment by membership account and/or membership card,USCPIE8851921*1
ChargePoint Network,,,15694171,15694171,BRIGHTRIDGE EV / STATION 2 (R),25292041,100011,3109098231,2024-05-20T16:19:14Z,2024-05-20T17:30:56Z,,18.296400,52.819,other,Any other payment method not specified above. Additional description should be provided in Payment Method Description.,USCPIE15694171*1
ChargePoint Network,,,12989161,12989161,BTES / CITY HALL,22285811,3,3074166531,2024-05-05T00:38:26Z,2024-05-05T01:23:29Z,,5.385674,7.3341,membership,Payment by membership account and/or membership card,USCPIE12989161*1
ChargePoint Network,,,1844191,1844191,CLW / MAIN ST,23050431,3,3085110851,2024-05-09T21:06:43Z,2024-05-09T21:24:49Z,,1.961996,6.9555,membership,Payment by membership account and/or membership card,USCPIE1844191*1
ChargePoint Network,,,14355251,14355251,HARTSELLE 1 / STATION 2 (R),23865691,247,3129099311,2024-05-29T15:42:30Z,2024-05-29T17:08:00Z,,71.378304,67.914,membership,Payment by membership account and/or membership card,USCPIE14355251*1
ChargePoint Network,,,15260241,15260241,STEMC / STATION 1 (L) A,24784071,247,3129090881,2024-05-29T15:39:48Z,2024-05-29T16:29:48Z,,53.245399,78.606,membership,Payment by membership account and/or membership card,USCPIE15260241*1
ChargePoint Network,,,13606141,13606141,I24 EXIT11 / STATION 1 (LL),22992611,247,3098944191,2024-05-15T23:12:29Z,2024-05-15T23:13:28Z,,0.074000,0.0,membership,Payment by membership account and/or membership card,USCPIE13606141*1
ChargePoint Network,,,15548151,15548151,DECATURDOWNTWN / STATION 1 (R),25119511,100011,3071515361,2024-05-03T17:39:50Z,2024-05-03T18:01:12Z,,14.433000,48.125,membership,Payment by membership account and/or membership card,USCPIE15548151*1
ChargePoint Network,,,13966051,13966051,BEA / STATION 3 (RM),23419981,247,3121465941,2024-05-25T17:20:59Z,2024-05-25T18:24:13Z,,82.211700,83.692,membership,Payment by membership account and/or membership card,USCPIE13966051*1
ChargePoint Network,,,13966031,13966031,BEA / STATION 4 (RR),23419961,247,3107727271,2024-05-19T23:47:21Z,2024-05-19T23:57:46Z,,8.172700,0.0,credit_card_terminal,Payment via credit card or debit card terminal,USCPIE13966031*1
ChargePoint Network,,,13606061,13606061,I24 EXIT11 / STATION 4 (RR),22992511,247,3107415451,2024-05-19T21:00:40Z,2024-05-19T21:22:56Z,,24.508101,70.349,membership,Payment by membership account and/or membership card,USCPIE13606061*1
ChargePoint Network,,,13861861,13861861,BRMEMC / STATION 1,23296281,247,3090234921,2024-05-12T02:51:24Z,2024-05-12T03:13:00Z,,38.347698,111.111,membership,Payment by membership account and/or membership card,USCPIE13861861*1
ChargePoint Network,,,13664401,13664401,BTES / STATION 1 (LL),23060421,247,3097401591,2024-05-15T12:23:58Z,2024-05-15T12:54:57Z,,26.903700,62.034,membership,Payment by membership account and/or membership card,USCPIE13664401*1
ChargePoint Network,,,15742641,15742641,GEA-1 / STATION 2 (R),25349301,247,3107052561,2024-05-19T17:37:16Z,2024-05-19T18:51:23Z,,8.544300,46.051,credit_card_terminal,Payment via credit card or debit card terminal,USCPIE15742641*1
ChargePoint Network,,,13606091,13606091,I24 EXIT11 / STATION 3 (RM),22992551,247,3098141811,2024-05-15T17:27:18Z,2024-05-15T17:42:35Z,,9.280400,47.243,membership,Payment by membership account and/or membership card,USCPIE13606091*1
ChargePoint Network,,,13606061,13606061,I24 EXIT11 / STATION 4 (RR),22992511,247,3085188091,2024-05-09T21:38:37Z,2024-05-09T22:40:13Z,,39.853001,77.42,membership,Payment by membership account and/or membership card,USCPIE13606061*1
ChargePoint Network,,,13606061,13606061,I24 EXIT11 / STATION 4 (RR),22992511,247,3066685061,2024-05-01T20:57:32Z,2024-05-01T21:09:49Z,,13.870700,76.435,membership,Payment by membership account and/or membership card,USCPIE13606061*1
ChargePoint Network,,,13606141,13606141,I24 EXIT11 / STATION 1 (LL),22992611,247,3124971191,2024-05-27T20:17:09Z,2024-05-27T20:33:15Z,,19.827101,80.19,membership,Payment by membership account and/or membership card,USCPIE13606141*1
ChargePoint Network,,,1964521,1964521,EBOFG / GUNTERSVILLE PD,8374211,3,3111688431,2024-05-21T16:56:31Z,2024-05-21T21:30:35Z,,11.222513,3.7144,membership,Payment by membership account and/or membership card,USCPIE1964521*2
ChargePoint Network,,,14337501,14337501,HOLSTONELECTRIC / CHURCH HILL-2,23845091,100011,3085686681,2024-05-10T01:04:53Z,2024-05-10T01:44:29Z,,27.983000,53.34,membership,Payment by membership account and/or membership card,USCPIE14337501*1
ChargePoint Network,,,13664471,13664471,BTES / STATION 3 (RM),23060511,247,3081914681,2024-05-08T16:43:56Z,2024-05-08T18:20:56Z,,51.625702,54.167,membership,Payment by membership account and/or membership card,USCPIE13664471*1
ChargePoint Network,,,12720861,12720861,WRECC / STATION 2,21977121,247,3075303281,2024-05-05T20:07:56Z,2024-05-05T21:00:20Z,,24.186501,53.949,membership,Payment by membership account and/or membership card,USCPIE12720861*1
ChargePoint Network,,,14355251,14355251,HARTSELLE 1 / STATION 2 (R),23865691,247,3100650431,2024-05-16T16:59:40Z,2024-05-16T17:50:43Z,,41.826599,70.755,credit_card_terminal,Payment via credit card or debit card terminal,USCPIE14355251*1
ChargePoint Network,,,5354011,5354011,7SPC / GREENEVILLE TA,8936791,100011,3114886551,2024-05-22T21:33:20Z,2024-05-22T22:28:32Z,,35.808201,52.06,credit_card_terminal,Payment via credit card or debit card terminal,USCPIE5354011*1
ChargePoint Network,,,1932851,1932851,BRIGHTRIDGE EV / BR-JC LIBRARY,23319821,3,3120582101,2024-05-25T02:24:15Z,2024-05-25T05:53:44Z,,25.480089,7.3972,membership,Payment by membership account and/or membership card,USCPIE1932851*2
ChargePoint Network,,,13026471,13026471,WCMES / CITYHALL2-R,22328331,247,3120190291,2024-05-24T23:06:56Z,2024-05-24T23:34:46Z,,32.438202,73.532,membership,Payment by membership account and/or membership card,USCPIE13026471*1
ChargePoint Network,,,5122191,5122191,CULLMANELECTRIC / STATION1-L,8482151,247,3071201121,2024-05-03T15:29:32Z,2024-05-03T16:33:52Z,,66.618202,81.575,membership,Payment by membership account and/or membership card,USCPIE5122191*1
ChargePoint Network,,,1988141,1988141,7SPC / SCES DREAM MORE,2355561,3,3131476901,2024-05-30T14:48:31Z,2024-05-30T17:21:31Z,,15.141949,7.0731,membership,Payment by membership account and/or membership card,USCPIE1988141*1
ChargePoint Network,,,15623211,15623211,CLW / 5TH ST 2 (R),25208281,247,3121932621,2024-05-25T21:55:59Z,2024-05-25T22:22:29Z,,34.215801,86.239,other,Any other payment method not specified above. Additional description should be provided in Payment Method Description.,USCPIE15623211*1
ChargePoint Network,,,5346231,5346231,CULLMANELECTRIC / STATION2-R,8926271,247,3130141421,2024-05-29T22:58:53Z,2024-05-29T22:59:48Z,,0.000000,0.0,membership,Payment by membership account and/or membership card,USCPIE5346231*1
ChargePoint Network,,,5565191,5565191,7SPC / DOLLYWOOD EMPL,9205041,3,3097654491,2024-05-15T14:27:52Z,2024-05-15T16:27:45Z,,9.550063,6.7928,membership,Payment by membership account and/or membership card,USCPIE5565191*2
ChargePoint Network,,,13861861,13861861,BRMEMC / STATION 1,23296281,247,3081319191,2024-05-08T12:58:50Z,2024-05-08T13:08:07Z,,0.000000,0.0,membership,Payment by membership account and/or membership card,USCPIE13861861*1
ChargePoint Network,,,1988061,1988061,7SPC / SCES DOLLYWOOD,25235441,3,3066209001,2024-05-01T17:21:33Z,2024-05-01T17:23:33Z,,0.000000,0.0,membership,Payment by membership account and/or membership card,USCPIE1988061*1
ChargePoint Network,,,9677521,9677521,UT PARKING / S7 STATION 1,17169331,3,3076405601,2024-05-06T12:25:33Z,2024-05-06T14:37:59Z,,8.872926,4.0725,credit_card_terminal,Payment via credit card or debit card terminal,USCPIE9677521*1
ChargePoint Network,,,5122191,5122191,CULLMANELECTRIC / STATION1-L,8482151,247,3101125001,2024-05-16T20:30:25Z,2024-05-16T20:45:15Z,,15.010600,69.053,membership,Payment by membership account and/or membership card,USCPIE5122191*1
ChargePoint Network,,,1844191,1844191,CLW / MAIN ST,23050441,3,3098873341,2024-05-15T22:42:38Z,2024-05-16T00:19:03Z,,11.238028,7.0682,membership,Payment by membership account and/or membership card,USCPIE1844191*2
ChargePoint Network,,,15640031,15640031,NECDC / STATION 1 (L),25228511,247,3089264041,2024-05-11T17:54:00Z,2024-05-11T18:03:50Z,,8.537700,59.903,membership,Payment by membership account and/or membership card,USCPIE15640031*1
ChargePoint Network,,,13606121,13606121,I24 EXIT11 / STATION 2 (LM),22992591,247,3125621121,2024-05-28T03:11:14Z,2024-05-28T03:28:54Z,,19.431101,70.953,membership,Payment by membership account and/or membership card,USCPIE13606121*1
ChargePoint Network,,,1932851,1932851,BRIGHTRIDGE EV / BR-JC LIBRARY,23319821,3,3105903141,2024-05-18T23:39:27Z,2024-05-19T00:44:40Z,,7.770206,7.3569,credit_card_terminal,Payment via credit card or debit card terminal,USCPIE1932851*2
ChargePoint Network,,,13966031,13966031,BEA / STATION 4 (RR),23419961,247,3123173201,2024-05-26T17:49:57Z,2024-05-26T17:59:47Z,,9.936900,0.0,membership,Payment by membership account and/or membership card,USCPIE13966031*1
ChargePoint Network,,,7505851,7505851,JEFFERSON AVE. / OXFORD STA1(L),12955471,100011,3069140981,2024-05-02T17:56:19Z,2024-05-02T18:35:25Z,,23.733601,47.625,membership,Payment by membership account and/or membership card,USCPIE7505851*1
ChargePoint Network,,,13423691,13423691,AEC / STATION #1 (L),22787121,247,3104073581,2024-05-17T23:58:16Z,2024-05-18T00:47:58Z,,35.172100,53.131,membership,Payment by membership account and/or membership card,USCPIE13423691*1
ChargePoint Network,,,12448521,12448521,7SPC / WARREN RECC LF,21576921,3,3068106671,2024-05-02T13:21:13Z,2024-05-02T14:18:51Z,,5.813908,6.3323,membership,Payment by membership account and/or membership card,USCPIE12448521*2
ChargePoint Network,,,13659831,13659831,LAWRENCEBURG / STATION 1 (L),23054881,247,3076336091,2024-05-06T11:41:12Z,2024-05-06T11:56:36Z,,20.786800,82.936,credit_card_terminal,Payment via credit card or debit card terminal,USCPIE13659831*1
ChargePoint Network,,,14047321,14047321,JEFFERSON AVE. / OXFORD STA2(R),23514081,247,3109317471,2024-05-20T17:56:08Z,2024-05-20T18:37:43Z,,47.702000,85.569,membership,Payment by membership account and/or membership card,USCPIE14047321*1
ChargePoint Network,,,14097711,14097711,SCOTTSBORO EPB / SEPB DCFC (R),23570811,247,3120027841,2024-05-24T21:49:18Z,2024-05-24T22:06:15Z,,18.618999,70.919,membership,Payment by membership account and/or membership card,USCPIE14097711*1
ChargePoint Network,,,15548151,15548151,DECATURDOWNTWN / STATION 1 (R),25119511,247,3080381161,2024-05-07T23:58:30Z,2024-05-07T23:59:19Z,,0.000000,0.0,membership,Payment by membership account and/or membership card,USCPIE15548151*1
ChargePoint Network,,,14097711,14097711,SCOTTSBORO EPB / SEPB DCFC (R),23570811,247,3112822981,2024-05-22T01:02:39Z,2024-05-22T01:40:10Z,,36.627102,72.912,membership,Payment by membership account and/or membership card,USCPIE14097711*1
ChargePoint Network,,,1964521,1964521,EBOFG / GUNTERSVILLE PD,8374211,3,3067163361,2024-05-02T00:23:01Z,2024-05-02T01:21:07Z,,6.934935,7.3027,membership,Payment by membership account and/or membership card,USCPIE1964521*2
ChargePoint Network,,,13861861,13861861,BRMEMC / STATION 1,23296281,247,3089986441,2024-05-12T00:26:04Z,2024-05-12T00:26:43Z,,0.000000,0.0,membership,Payment by membership account and/or membership card,USCPIE13861861*1
ChargePoint Network,,,14097711,14097711,SCOTTSBORO EPB / SEPB DCFC (R),23570811,247,3091051251,2024-05-12T17:54:44Z,2024-05-12T18:17:02Z,,25.744900,76.629,membership,Payment by membership account and/or membership card,USCPIE14097711*1
ChargePoint Network,,,14097801,14097801,SCOTTSBORO EPB / SEPB DCFC (L),23570921,247,3069312201,2024-05-02T19:15:12Z,2024-05-02T19:25:17Z,,7.309900,0.0,membership,Payment by membership account and/or membership card,USCPIE14097801*1
ChargePoint Network,,,12406491,12406491,FPIA / LEFT STATION,21527781,247,3098862431,2024-05-15T22:38:05Z,2024-05-16T00:07:55Z,,59.554001,84.119,membership,Payment by membership account and/or membership card,USCPIE12406491*1
ChargePoint Network,,,5122191,5122191,CULLMANELECTRIC / STATION1-L,8482151,247,3080356041,2024-05-07T23:47:15Z,2024-05-08T00:17:15Z,,32.625500,77.615,membership,Payment by membership account and/or membership card,USCPIE5122191*1
ChargePoint Network,,,13966811,13966811,BEA / STATION 2 (LM),23420881,247,3109417911,2024-05-20T18:45:12Z,2024-05-20T19:07:48Z,,0.000000,0.0,membership,Payment by membership account and/or membership card,USCPIE13966811*1
ChargePoint Network,,,12720861,12720861,WRECC / STATION 2,21977121,247,3091290291,2024-05-12T20:17:59Z,2024-05-12T21:02:12Z,,46.977798,75.636,membership,Payment by membership account and/or membership card,USCPIE12720861*1
ChargePoint Network,,,15694081,15694081,BRIGHTRIDGE EV / STATION 1 (L),25291921,247,3082791641,2024-05-08T22:59:12Z,2024-05-08T23:05:25Z,,5.517300,0.0,membership,Payment by membership account and/or membership card,USCPIE15694081*1
ChargePoint Network,,,1964521,1964521,EBOFG / GUNTERSVILLE PD,8374211,3,3093032221,2024-05-13T16:24:10Z,2024-05-13T21:34:37Z,,9.601894,3.6925,membership,Payment by membership account and/or membership card,USCPIE1964521*2
ChargePoint Network,,,5346231,5346231,CULLMANELECTRIC / STATION2-R,8926271,247,3112144101,2024-05-21T20:19:33Z,2024-05-21T20:30:49Z,,12.348900,70.884,other,Any other payment method not specified above. Additional description should be provided in Payment Method Description.,USCPIE5346231*1
ChargePoint Network,,,13606091,13606091,I24 EXIT11 / STATION 3 (RM),22992551,247,3070304551,2024-05-03T02:32:09Z,2024-05-03T02:33:14Z,,0.000000,0.0,membership,Payment by membership account and/or membership card,USCPIE13606091*1
ChargePoint Network,,,14097711,14097711,SCOTTSBORO EPB / SEPB DCFC (R),23570811,247,3087166781,2024-05-10T17:57:19Z,2024-05-10T18:23:28Z,,39.360901,122.477,membership,Payment by membership account and/or membership card,USCPIE14097711*1
ChargePoint Network,,,5346231,5346231,CULLMANELECTRIC / STATION2-R,8926271,247,3112471351,2024-05-21T22:37:10Z,2024-05-21T22:39:54Z,,0.722600,0.0,membership,Payment by membership account and/or membership card,USCPIE5346231*1
ChargePoint Network,,,15640031,15640031,NECDC / STATION 1 (L),,,3070017901,2024-05-03T00:13:36Z,2024-05-03T00:15:37Z,,0.000000,,other,Any other payment method not specified above. Additional description should be provided in Payment Method Description.,USCPIE15640031*0
ChargePoint Network,,,9677521,9677521,UT PARKING / S7 STATION 1,17169341,3,3073237301,2024-05-03T16:22:48Z,2024-05-03T19:32:13Z,,8.943569,7.307,membership,Payment by membership account and/or membership card,USCPIE9677521*2
ChargePoint Network,,,13664471,13664471,BTES / STATION 3 (RM),23060511,247,3103230231,2024-05-17T17:30:05Z,2024-05-17T18:26:54Z,,62.439499,71.082,membership,Payment by membership account and/or membership card,USCPIE13664471*1
ChargePoint Network,,,1921351,1921351,STARKVILLE UTIL / STARKVILLE DWTN,23682571,3,3107045251,2024-05-19T17:33:03Z,2024-05-19T18:18:47Z,,5.522766,7.3944,membership,Payment by membership account and/or membership card,USCPIE1921351*1
ChargePoint Network,,,5346231,5346231,CULLMANELECTRIC / STATION2-R,8926271,247,3073450751,2024-05-04T17:30:41Z,2024-05-04T18:27:51Z,,54.040901,61.611,membership,Payment by membership account and/or membership card,USCPIE5346231*1
ChargePoint Network,,,1921531,1921531,STARKVILLE UTIL / STARKVILLE REC,2268551,3,3125221001,2024-05-27T22:58:03Z,2024-05-27T23:27:28Z,,3.484777,7.2605,membership,Payment by membership account and/or membership card,USCPIE1921531*1
ChargePoint Network,,,12406491,12406491,FPIA / LEFT STATION,21527781,247,3126726511,2024-05-28T16:38:17Z,2024-05-28T17:29:56Z,,68.406601,124.154,membership,Payment by membership account and/or membership card,USCPIE12406491*1
ChargePoint Network,,,13606141,13606141,I24 EXIT11 / STATION 1 (LL),22992611,247,3092661171,2024-05-13T14:14:32Z,2024-05-13T15:15:41Z,,43.111900,82.367,membership,Payment by membership account and/or membership card,USCPIE13606141*1
ChargePoint Network,,,5122191,5122191,CULLMANELECTRIC / STATION1-L,8482151,247,3089104761,2024-05-11T16:25:23Z,2024-05-11T17:24:39Z,,71.018303,75.42,other,Any other payment method not specified above. Additional description should be provided in Payment Method Description.,USCPIE5122191*1
ChargePoint Network,,,13861891,13861891,BRMEMC / STATION 2,23296321,247,3087243731,2024-05-10T18:35:27Z,2024-05-10T18:41:28Z,,6.249800,0.0,membership,Payment by membership account and/or membership card,USCPIE13861891*1
ChargePoint Network,,,12720861,12720861,WRECC / STATION 2,21977121,247,3088214161,2024-05-11T02:00:59Z,2024-05-11T02:56:25Z,,50.254398,94.164,membership,Payment by membership account and/or membership card,USCPIE12720861*1
ChargePoint Network,,,5122191,5122191,CULLMANELECTRIC / STATION1-L,8482151,247,3130244411,2024-05-29T23:41:41Z,2024-05-29T23:43:21Z,,0.000000,0.0,credit_card_terminal,Payment via credit card or debit card terminal,USCPIE5122191*1
ChargePoint Network,,,1964521,1964521,EBOFG / GUNTERSVILLE PD,8374211,3,3113828511,2024-05-22T14:26:27Z,2024-05-22T15:26:10Z,,7.215924,7.389,membership,Payment by membership account and/or membership card,USCPIE1964521*2
ChargePoint Network,,,12406491,12406491,FPIA / LEFT STATION,21527781,247,3091054421,2024-05-12T17:56:36Z,2024-05-12T18:50:49Z,,67.553596,83.977,membership,Payment by membership account and/or membership card,USCPIE12406491*1
ChargePoint Network,,,1932851,1932851,BRIGHTRIDGE EV / BR-JC LIBRARY,23319821,3,3095440401,2024-05-14T16:05:39Z,2024-05-14T18:21:35Z,,16.574438,7.4618,other,Any other payment method not specified above. Additional description should be provided in Payment Method Description.,USCPIE1932851*2
ChargePoint Network,,,1964521,1964521,EBOFG / GUNTERSVILLE PD,8374201,3,3106533691,2024-05-18T22:32:40Z,2024-05-19T01:11:18Z,,18.657774,7.2129,membership,Payment by membership account and/or membership card,USCPIE1964521*1
ChargePoint Network,,,5122191,5122191,CULLMANELECTRIC / STATION1-L,8482151,247,3077504651,2024-05-06T20:33:34Z,2024-05-06T21:00:09Z,,34.056499,81.8,membership,Payment by membership account and/or membership card,USCPIE5122191*1
ChargePoint Network,,,13659871,13659871,LAWRENCEBURG / STATION 2 (R),23054921,247,3065506221,2024-05-01T12:50:38Z,2024-05-01T12:58:36Z,,8.426600,0.0,membership,Payment by membership account and/or membership card,USCPIE13659871*1
ChargePoint Network,,,15684301,15684301,MLEC / STATION 1 (L) W,25280151,247,3089057731,2024-05-11T15:55:55Z,2024-05-11T16:27:34Z,,19.102400,61.845,membership,Payment by membership account and/or membership card,USCPIE15684301*1
ChargePoint Network,,,13966031,13966031,BEA / STATION 4 (RR),23419961,247,3097364771,2024-05-15T12:03:07Z,2024-05-15T12:33:15Z,,25.540501,73.5,membership,Payment by membership account and/or membership card,USCPIE13966031*1
ChargePoint Network,,,5346231,5346231,CULLMANELECTRIC / STATION2-R,8926271,247,3070911291,2024-05-03T13:10:42Z,2024-05-03T13:11:31Z,,0.000000,0.0,membership,Payment by membership account and/or membership card,USCPIE5346231*1
ChargePoint Network,,,13606061,13606061,I24 EXIT11 / STATION 4 (RR),22992511,247,3109426791,2024-05-20T18:50:22Z,2024-05-20T19:38:10Z,,54.688999,78.008,credit_card_terminal,Payment via credit card or debit card terminal,USCPIE13606061*1
ChargePoint Network,,,1964521,1964521,EBOFG / GUNTERSVILLE PD,8374211,3,3090742551,2024-05-12T14:00:02Z,2024-05-12T17:08:23Z,,21.876396,7.1451,membership,Payment by membership account and/or membership card,USCPIE1964521*2
ChargePoint Network,,,9677521,9677521,UT PARKING / S7 STATION 1,17169331,3,3065462511,2024-05-01T12:27:59Z,2024-05-01T19:03:30Z,,44.997242,6.9022,membership,Payment by membership account and/or membership card,USCPIE9677521*1
ChargePoint Network,,,5346231,5346231,CULLMANELECTRIC / STATION2-R,8926271,247,3109494551,2024-05-20T19:21:09Z,2024-05-20T19:39:28Z,,13.744800,60.513,membership,Payment by membership account and/or membership card,USCPIE5346231*1
ChargePoint Network,,,15623231,15623231,CLW / 5TH ST 1 (L),25208301,247,3097504661,2024-05-15T13:15:23Z,2024-05-15T13:38:02Z,,38.726101,118.115,membership,Payment by membership account and/or membership card,USCPIE15623231*1
ChargePoint Network,,,14097801,14097801,SCOTTSBORO EPB / SEPB DCFC (L),23570921,247,3111468811,2024-05-21T15:38:16Z,2024-05-21T16:27:26Z,,27.792700,54.62,membership,Payment by membership account and/or membership card,USCPIE14097801*1
ChargePoint Network,,,5466441,5466441,7SPC / NASA USSRC R,9079371,3,3081238141,2024-05-08T12:17:34Z,2024-05-08T15:45:10Z,,21.138943,6.1702,membership,Payment by membership account and/or membership card,USCPIE5466441*2
ChargePoint Network,,,15332321,15332321,TUA NW ATLANTIC / STATION 1 (L),24867861,247,3105857851,2024-05-18T23:06:55Z,2024-05-18T23:39:09Z,,30.473101,86.828,membership,Payment by membership account and/or membership card,USCPIE15332321*1
ChargePoint Network,,,15548181,15548181,DECATURDOWNTWN / STATION 2 (L),25119551,247,3118225451,2024-05-24T02:47:20Z,2024-05-24T03:33:27Z,,52.418400,103.23,credit_card_terminal,Payment via credit card or debit card terminal,USCPIE15548181*1
ChargePoint Network,,,1964521,1964521,EBOFG / GUNTERSVILLE PD,8374201,3,3122863381,2024-05-26T13:37:20Z,2024-05-26T21:12:35Z,,53.432064,7.1164,membership,Payment by membership account and/or membership card,USCPIE1964521*1
ChargePoint Network,,,8851921,8851921,7SPC / SEVIERVILLE DC1,15571271,207,3113687581,2024-05-22T13:21:02Z,2024-05-22T13:21:22Z,,0.000000,0.0,phone_online,"Payment through mobile app, website, automated phone number or messaging system",USCPIE8851921*1
ChargePoint Network,,,15332351,15332351,TUA NW ATLANTIC / STATION 2 (R),,,3073982671,2024-05-04T22:45:11Z,2024-05-04T22:47:12Z,,0.000000,,membership,Payment by membership account and/or membership card,USCPIE15332351*0
ChargePoint Network,,,15332351,15332351,TUA NW ATLANTIC / STATION 2 (R),24867891,247,3122366501,2024-05-26T02:10:53Z,2024-05-26T02:11:19Z,,0.000000,0.0,membership,Payment by membership account and/or membership card,USCPIE15332351*1
ChargePoint Network,,,14097801,14097801,SCOTTSBORO EPB / SEPB DCFC (L),23570921,247,3120363721,2024-05-25T00:33:55Z,2024-05-25T00:59:55Z,,28.749201,73.875,membership,Payment by membership account and/or membership card,USCPIE14097801*1
ChargePoint Network,,,12720881,12720881,WRECC / STATION 1,21977141,247,3115063581,2024-05-22T22:47:32Z,2024-05-22T22:48:08Z,,0.000000,0.0,membership,Payment by membership account and/or membership card,USCPIE12720881*1
ChargePoint Network,,,5346231,5346231,CULLMANELECTRIC / STATION2-R,8926271,247,3101296481,2024-05-16T21:43:22Z,2024-05-16T22:10:29Z,,31.109400,71.082,membership,Payment by membership account and/or membership card,USCPIE5346231*1
ChargePoint Network,,,1921351,1921351,STARKVILLE UTIL / STARKVILLE DWTN,23682581,3,3093283031,2024-05-13T18:22:46Z,2024-05-13T19:38:20Z,,9.222977,7.4253,membership,Payment by membership account and/or membership card,USCPIE1921351*2
ChargePoint Network,,,7173851,7173851,SCOTTSBORO EPB / MAIN OFFICE,12310871,3,3073556341,2024-05-04T18:34:03Z,2024-05-04T18:44:21Z,,1.180213,7.0513,membership,Payment by membership account and/or membership card,USCPIE7173851*2
ChargePoint Network,,,15640031,15640031,NECDC / STATION 1 (L),25228511,247,3124520771,2024-05-27T15:02:00Z,2024-05-27T15:02:54Z,,0.000000,0.0,membership,Payment by membership account and/or membership card,USCPIE15640031*1
ChargePoint Network,,,15250771,15250771,SES-TN / STATION 1,24772691,247,3068990921,2024-05-02T16:45:27Z,2024-05-02T16:57:32Z,,16.167900,0.0,membership,Payment by membership account and/or membership card,USCPIE15250771*1
ChargePoint Network,,,12406491,12406491,FPIA / LEFT STATION,21527781,247,3075308441,2024-05-05T20:10:31Z,2024-05-05T20:46:19Z,,35.974998,75.041,membership,Payment by membership account and/or membership card,USCPIE12406491*1
ChargePoint Network,,,13606061,13606061,I24 EXIT11 / STATION 4 (RR),22992511,247,3105881381,2024-05-18T23:24:18Z,2024-05-19T00:15:05Z,,41.703098,54.316,membership,Payment by membership account and/or membership card,USCPIE13606061*1
ChargePoint Network,,,8851921,8851921,7SPC / SEVIERVILLE DC1,15571271,207,3124440661,2024-05-27T13:38:51Z,2024-05-27T14:10:46Z,,22.590799,54.208,membership,Payment by membership account and/or membership card,USCPIE8851921*1
ChargePoint Network,,,5619801,5619801,7SPC / WARREN RECC BG,9274251,3,3070506651,2024-05-03T04:33:05Z,2024-05-03T05:40:08Z,,6.920901,6.3334,membership,Payment by membership account and/or membership card,USCPIE5619801*1
ChargePoint Network,,,13606061,13606061,I24 EXIT11 / STATION 4 (RR),22992511,247,3127331411,2024-05-28T21:03:59Z,2024-05-28T21:24:47Z,,23.607100,78.012,membership,Payment by membership account and/or membership card,USCPIE13606061*1
ChargePoint Network,,,13966851,13966851,BEA / STATION 1 (LL),23420911,247,3076385021,2024-05-06T12:12:48Z,2024-05-06T12:35:04Z,,23.140699,73.695,membership,Payment by membership account and/or membership card,USCPIE13966851*1
ChargePoint Network,,,5346231,5346231,CULLMANELECTRIC / STATION2-R,8926271,247,3109543711,2024-05-20T19:42:55Z,2024-05-20T19:57:04Z,,10.256500,30.184,membership,Payment by membership account and/or membership card,USCPIE5346231*1
ChargePoint Network,,,7505851,7505851,JEFFERSON AVE. / OXFORD STA1(L),12955471,247,3089241861,2024-05-11T17:42:47Z,2024-05-11T17:56:44Z,,11.434100,51.636,credit_card_terminal,Payment via credit card or debit card terminal,USCPIE7505851*1
ChargePoint Network,,,13664501,13664501,BTES / STATION 4 (RR),23060561,247,3125204271,2024-05-27T22:47:21Z,2024-05-27T23:54:27Z,,37.617699,53.067,membership,Payment by membership account and/or membership card,USCPIE13664501*1
ChargePoint Network,,,13880891,13880891,MU / MUC MAIN OFFICE,23319011,3,3105114921,2024-05-18T15:31:25Z,2024-05-18T16:18:25Z,,5.672182,7.3428,membership,Payment by membership account and/or membership card,USCPIE13880891*1
ChargePoint Network,,,13606061,13606061,I24 EXIT11 / STATION 4 (RR),22992511,247,3132706221,2024-05-30T23:01:47Z,2024-05-31T00:05:33Z,,47.513302,55.049,credit_card_terminal,Payment via credit card or debit card terminal,USCPIE13606061*1
ChargePoint Network,,,14047321,14047321,JEFFERSON AVE. / OXFORD STA2(R),23514081,247,3069805501,2024-05-02T22:44:24Z,2024-05-02T22:46:59Z,,0.000000,0.0,membership,Payment by membership account and/or membership card,USCPIE14047321*1
ChargePoint Network,,,1988061,1988061,7SPC / SCES DOLLYWOOD,25235451,3,3095232011,2024-05-14T15:00:52Z,2024-05-14T15:01:30Z,,0.000000,,membership,Payment by membership account and/or membership card,USCPIE1988061*2
ChargePoint Network,,,1932851,1932851,BRIGHTRIDGE EV / BR-JC LIBRARY,23319821,3,3072964131,2024-05-04T07:09:02Z,2024-05-04T07:10:10Z,,0.000000,,phone_online,"Payment through mobile app, website, automated phone number or messaging system",USCPIE1932851*2
ChargePoint Network,,,1988061,1988061,7SPC / SCES DOLLYWOOD,25499841,3,3109934811,2024-05-20T22:30:14Z,2024-05-20T22:45:17Z,,1.677454,6.9149,phone_online,"Payment through mobile app, website, automated phone number or messaging system",USCPIE1988061*2
ChargePoint Network,,,5397731,5397731,EEDEV / MILLIGAN UNIV,9010251,3,3084237631,2024-05-09T15:21:25Z,2024-05-09T18:07:35Z,,18.480242,7.5291,membership,Payment by membership account and/or membership card,USCPIE5397731*1
ChargePoint Network,,,12754021,12754021,WCMES / CITYHALL1-L,22015241,247,3124614821,2024-05-27T16:19:37Z,2024-05-27T17:22:12Z,,45.733601,53.949,membership,Payment by membership account and/or membership card,USCPIE12754021*1
ChargePoint Network,,,7173851,7173851,SCOTTSBORO EPB / MAIN OFFICE,12310871,3,3082547561,2024-05-08T21:17:11Z,2024-05-08T21:19:11Z,,0.000000,0.0,membership,Payment by membership account and/or membership card,USCPIE7173851*2
ChargePoint Network,,,5619801,5619801,7SPC / WARREN RECC BG,9274261,3,3097054551,2024-05-15T04:50:21Z,2024-05-15T05:10:37Z,,1.544885,6.0655,credit_card_terminal,Payment via credit card or debit card terminal,USCPIE5619801*2
ChargePoint Network,,,5466441,5466441,7SPC / NASA USSRC R,9079361,3,3097297761,2024-05-15T11:11:37Z,2024-05-15T15:58:21Z,,25.192759,5.9223,membership,Payment by membership account and/or membership card,USCPIE5466441*1
ChargePoint Network,,,13290491,13290491,7SPC / NASA USSRC L,22634941,3,3082703311,2024-05-08T22:22:48Z,2024-05-08T22:50:20Z,,2.580687,5.9741,membership,Payment by membership account and/or membership card,USCPIE13290491*2
ChargePoint Network,,,5380331,5380331,CULLMAN PB / STATION 1,8970951,3,3084608801,2024-05-09T17:33:04Z,2024-05-09T17:35:20Z,,0.090776,7.3186,membership,Payment by membership account and/or membership card,USCPIE5380331*1
ChargePoint Network,,,5346231,5346231,CULLMANELECTRIC / STATION2-R,8926271,247,3074275621,2024-05-05T01:47:20Z,2024-05-05T01:57:13Z,,9.866400,0.0,membership,Payment by membership account and/or membership card,USCPIE5346231*1
ChargePoint Network,,,12406491,12406491,FPIA / LEFT STATION,21527781,247,3084777371,2024-05-09T18:53:07Z,2024-05-09T19:10:43Z,,29.816401,118.872,credit_card_terminal,Payment via credit card or debit card terminal,USCPIE12406491*1
ChargePoint Network,,,13606121,13606121,I24 EXIT11 / STATION 2 (LM),22992591,247,3123763231,2024-05-27T00:08:33Z,2024-05-27T00:09:09Z,,0.000000,0.0,credit_card_terminal,Payment via credit card or debit card terminal,USCPIE13606121*1
ChargePoint Network,,,5466441,5466441,7SPC / NASA USSRC R,9079361,3,3076523421,2024-05-06T13:29:01Z,2024-05-06T20:29:32Z,,43.096237,6.2775,membership,Payment by membership account and/or membership card,USCPIE5466441*1
ChargePoint Network,,,5445161,5445161,7SPC / UC - LIVINGSTON,9052341,3,3119003861,2024-05-24T14:23:57Z,2024-05-24T18:38:14Z,,30.149584,7.2072,membership,Payment by membership account and/or membership card,USCPIE5445161*1
ChargePoint Network,,,5122191,5122191,CULLMANELECTRIC / STATION1-L,8482151,247,3112339511,2024-05-21T21:41:51Z,2024-05-21T22:48:42Z,,26.462999,29.704,membership,Payment by membership account and/or membership card,USCPIE5122191*1
ChargePoint Network,,,5619801,5619801,7SPC / WARREN RECC BG,9274261,3,3065111361,2024-05-01T04:35:11Z,2024-05-01T11:12:15Z,,32.683613,6.3285,membership,Payment by membership account and/or membership card,USCPIE5619801*2
ChargePoint Network,,,13290491,13290491,7SPC / NASA USSRC L,22634941,3,3081223241,2024-05-08T12:08:15Z,2024-05-08T12:15:23Z,,0.173674,5.122,membership,Payment by membership account and/or membership card,USCPIE13290491*2
ChargePoint Network,,,13659871,13659871,LAWRENCEBURG / STATION 2 (R),,,3074436221,2024-05-05T03:39:59Z,2024-05-05T03:42:00Z,,0.000000,,other,Any other payment method not specified above. Additional description should be provided in Payment Method Description.,USCPIE13659871*0
ChargePoint Network,,,9677521,9677521,UT PARKING / S7 STATION 1,17169341,3,3122971371,2024-05-26T15:26:25Z,2024-05-26T17:44:21Z,,15.363731,6.9999,membership,Payment by membership account and/or membership card,USCPIE9677521*2
ChargePoint Network,,,13606061,13606061,I24 EXIT11 / STATION 4 (RR),22992511,247,3076578751,2024-05-06T13:58:24Z,2024-05-06T14:31:58Z,,61.362202,122.122,membership,Payment by membership account and/or membership card,USCPIE13606061*1
ChargePoint Network,,,13966851,13966851,BEA / STATION 1 (LL),23420911,247,3104333191,2024-05-18T02:03:14Z,2024-05-18T02:18:57Z,,16.826401,69.776,credit_card_terminal,Payment via credit card or debit card terminal,USCPIE13966851*1
ChargePoint Network,,,13290491,13290491,7SPC / NASA USSRC L,22634931,3,3089405841,2024-05-11T19:10:33Z,2024-05-11T19:12:32Z,,0.000000,0.0,membership,Payment by membership account and/or membership card,USCPIE13290491*1
ChargePoint Network,,,8851921,8851921,7SPC / SEVIERVILLE DC1,15571271,207,3112903811,2024-05-22T01:39:43Z,2024-05-22T02:26:04Z,,31.232401,59.645,membership,Payment by membership account and/or membership card,USCPIE8851921*1
ChargePoint Network,,,13290491,13290491,7SPC / NASA USSRC L,22634941,3,3119984261,2024-05-24T21:29:32Z,2024-05-28T16:36:49Z,,5.384578,0.0,membership,Payment by membership account and/or membership card,USCPIE13290491*2
ChargePoint Network,,,5466441,5466441,7SPC / NASA USSRC R,9079371,3,3089854341,2024-05-11T23:12:49Z,2024-05-12T01:05:16Z,,11.500664,,membership,Payment by membership account and/or membership card,USCPIE5466441*2
ChargePoint Network,,,14337221,14337221,HOLSTONELECTRIC / CHURCH HILL-1,23844801,247,3091365261,2024-05-12T21:02:45Z,2024-05-12T21:48:25Z,,67.555099,95.79,membership,Payment by membership account and/or membership card,USCPIE14337221*1
ChargePoint Network,,,13606061,13606061,I24 EXIT11 / STATION 4 (RR),22992511,247,3109424321,2024-05-20T18:49:17Z,2024-05-20T18:50:03Z,,0.000000,0.0,credit_card_terminal,Payment via credit card or debit card terminal,USCPIE13606061*1
ChargePoint Network,,,13290491,13290491,7SPC / NASA USSRC L,22634931,3,3111837851,2024-05-21T18:05:48Z,2024-05-21T18:07:47Z,,0.000000,0.0,membership,Payment by membership account and/or membership card,USCPIE13290491*1
ChargePoint Network,,,1988061,1988061,7SPC / SCES DOLLYWOOD,25235441,3,3095058911,2024-05-14T13:51:18Z,2024-05-14T13:51:33Z,,0.000000,,membership,Payment by membership account and/or membership card,USCPIE1988061*1
ChargePoint Network,,,13606061,13606061,I24 EXIT11 / STATION 4 (RR),22992511,247,3076182031,2024-05-06T06:24:33Z,2024-05-06T06:25:30Z,,0.000000,0.0,membership,Payment by membership account and/or membership card,USCPIE13606061*1
ChargePoint Network,,,14355251,14355251,HARTSELLE 1 / STATION 2 (R),23865691,247,3116871431,2024-05-23T16:58:22Z,2024-05-23T17:27:58Z,,21.235800,63.245,credit_card_terminal,Payment via credit card or debit card terminal,USCPIE14355251*1
ChargePoint Network,,,14359491,14359491,EBOFG / STATION 1 (L),23870291,247,3107503341,2024-05-19T21:48:17Z,2024-05-19T21:49:51Z,,0.000000,0.0,credit_card_terminal,Payment via credit card or debit card terminal,USCPIE14359491*1
ChargePoint Network,,,13664401,13664401,BTES / STATION 1 (LL),23060421,247,3091252581,2024-05-12T19:55:31Z,2024-05-12T21:00:32Z,,53.638302,61.599,credit_card_terminal,Payment via credit card or debit card terminal,USCPIE13664401*1
ChargePoint Network,,,5354011,5354011,7SPC / GREENEVILLE TA,8936791,207,3130784891,2024-05-30T04:07:51Z,2024-05-30T04:08:23Z,,0.000000,0.0,membership,Payment by membership account and/or membership card,USCPIE5354011*1
ChargePoint Network,,,5346231,5346231,CULLMANELECTRIC / STATION2-R,8926271,247,3093757851,2024-05-13T21:56:31Z,2024-05-13T22:41:02Z,,49.875702,92.568,membership,Payment by membership account and/or membership card,USCPIE5346231*1
ChargePoint Network,,,13606091,13606091,I24 EXIT11 / STATION 3 (RM),22992551,247,3122892401,2024-05-26T14:10:06Z,2024-05-26T14:23:24Z,,6.420300,39.636,membership,Payment by membership account and/or membership card,USCPIE13606091*1
ChargePoint Network,,,7173851,7173851,SCOTTSBORO EPB / MAIN OFFICE,12310871,3,3107423571,2024-05-19T21:03:35Z,2024-05-19T21:05:37Z,,0.000000,0.0,membership,Payment by membership account and/or membership card,USCPIE7173851*2
ChargePoint Network,,,12720861,12720861,WRECC / STATION 2,21977121,247,3071159781,2024-05-03T15:15:15Z,2024-05-03T15:15:29Z,,0.000000,0.0,membership,Payment by membership account and/or membership card,USCPIE12720861*1
ChargePoint Network,,,12406491,12406491,FPIA / LEFT STATION,21527781,247,3103076961,2024-05-17T16:21:59Z,2024-05-17T16:22:39Z,,0.000000,0.0,membership,Payment by membership account and/or membership card,USCPIE12406491*1
ChargePoint Network,,,1933211,1933211,BRIGHTRIDGE EV / BR-JONESBOROUGH,2283631,3,3105066341,2024-05-18T14:55:35Z,2024-05-18T16:20:29Z,,8.307594,6.1561,membership,Payment by membership account and/or membership card,USCPIE1933211*1
ChargePoint Network,,,5122191,5122191,CULLMANELECTRIC / STATION1-L,8482151,247,3103070481,2024-05-17T16:19:01Z,2024-05-17T17:15:39Z,,39.736599,53.341,membership,Payment by membership account and/or membership card,USCPIE5122191*1
ChargePoint Network,,,13966051,13966051,BEA / STATION 3 (RM),23419981,247,3097305911,2024-05-15T11:19:22Z,2024-05-15T11:34:16Z,,11.874900,76.781,membership,Payment by membership account and/or membership card,USCPIE13966051*1
ChargePoint Network,,,1988061,1988061,7SPC / SCES DOLLYWOOD,25235441,3,3088913661,2024-05-11T14:15:28Z,2024-05-12T00:00:20Z,,52.129692,7.424,credit_card_terminal,Payment via credit card or debit card terminal,USCPIE1988061*1
ChargePoint Network,,,13659831,13659831,LAWRENCEBURG / STATION 1 (L),23054881,247,3088942291,2024-05-11T14:37:37Z,2024-05-11T15:31:54Z,,56.693699,83.3,membership,Payment by membership account and/or membership card,USCPIE13659831*1
ChargePoint Network,,,12720861,12720861,WRECC / STATION 2,21977121,247,3131441041,2024-05-30T14:34:34Z,2024-05-30T14:35:47Z,,0.000000,0.0,membership,Payment by membership account and/or membership card,USCPIE12720861*1
ChargePoint Network,,,14359491,14359491,EBOFG / STATION 1 (L),23870291,247,3073765721,2024-05-04T20:38:31Z,2024-05-04T20:44:13Z,,0.000000,0.0,membership,Payment by membership account and/or membership card,USCPIE14359491*1
ChargePoint Network,,,15623211,15623211,CLW / 5TH ST 2 (R),25208281,247,3083019221,2024-05-09T00:40:20Z,2024-05-09T00:55:36Z,,20.391399,87.933,membership,Payment by membership account and/or membership card,USCPIE15623211*1
ChargePoint Network,,,13606061,13606061,I24 EXIT11 / STATION 4 (RR),22992511,247,3097480711,2024-05-15T13:03:39Z,2024-05-15T14:43:07Z,,47.861000,81.39,membership,Payment by membership account and/or membership card,USCPIE13606061*1
ChargePoint Network,,,13423691,13423691,AEC / STATION #1 (L),22787121,247,3081068841,2024-05-08T08:32:21Z,2024-05-08T09:09:36Z,,31.287300,54.534,membership,Payment by membership account and/or membership card,USCPIE13423691*1
ChargePoint Network,,,12720861,12720861,WRECC / STATION 2,21977121,247,3119993881,2024-05-24T21:33:43Z,2024-05-24T21:36:06Z,,0.000000,0.0,membership,Payment by membership account and/or membership card,USCPIE12720861*1
ChargePoint Network,,,15623231,15623231,CLW / 5TH ST 1 (L),25208301,247,3097411291,2024-05-15T12:30:09Z,2024-05-15T13:01:00Z,,35.896702,74.294,membership,Payment by membership account and/or membership card,USCPIE15623231*1
ChargePoint Network,,,1932851,1932851,BRIGHTRIDGE EV / BR-JC LIBRARY,23319821,3,3074639201,2024-05-05T07:34:03Z,2024-05-05T13:04:08Z,,26.368835,7.4604,membership,Payment by membership account and/or membership card,USCPIE1932851*2
ChargePoint Network,,,14097801,14097801,SCOTTSBORO EPB / SEPB DCFC (L),23570921,247,3112111241,2024-05-21T20:05:47Z,2024-05-21T21:14:44Z,,39.778999,52.185,credit_card_terminal,Payment via credit card or debit card terminal,USCPIE14097801*1
ChargePoint Network,,,12720861,12720861,WRECC / STATION 2,21977121,247,3127328321,2024-05-28T21:02:26Z,2024-05-28T21:15:08Z,,10.902500,55.334,membership,Payment by membership account and/or membership card,USCPIE12720861*1
ChargePoint Network,,,1964521,1964521,EBOFG / GUNTERSVILLE PD,8374211,3,3124125801,2024-05-27T04:20:49Z,2024-05-27T15:42:19Z,,45.761650,7.4696,membership,Payment by membership account and/or membership card,USCPIE1964521*2
ChargePoint Network,,,5354011,5354011,7SPC / GREENEVILLE TA,8936791,207,3098652641,2024-05-15T21:10:03Z,2024-05-15T21:27:04Z,,7.028000,57.599,membership,Payment by membership account and/or membership card,USCPIE5354011*1
ChargePoint Network,,,5346231,5346231,CULLMANELECTRIC / STATION2-R,8926271,247,3066591171,2024-05-01T20:16:32Z,2024-05-01T20:17:23Z,,0.000000,0.0,credit_card_terminal,Payment via credit card or debit card terminal,USCPIE5346231*1
ChargePoint Network,,,13880891,13880891,MU / MUC MAIN OFFICE,23319021,3,3129503471,2024-05-29T18:29:04Z,2024-05-30T11:54:22Z,,51.856285,7.229,membership,Payment by membership account and/or membership card,USCPIE13880891*2
ChargePoint Network,,,14097801,14097801,SCOTTSBORO EPB / SEPB DCFC (L),23570921,247,3121357231,2024-05-25T16:11:59Z,2024-05-25T17:57:39Z,,55.603802,73.319,credit_card_terminal,Payment via credit card or debit card terminal,USCPIE14097801*1
ChargePoint Network,,,14047321,14047321,JEFFERSON AVE. / OXFORD STA2(R),23514081,247,3080060101,2024-05-07T21:42:28Z,2024-05-07T21:42:57Z,,0.000000,0.0,membership,Payment by membership account and/or membership card,USCPIE14047321*1
ChargePoint Network,,,5466441,5466441,7SPC / NASA USSRC R,9079361,3,3121866611,2024-05-25T21:17:42Z,2024-05-25T22:41:14Z,,8.574351,6.2425,membership,Payment by membership account and/or membership card,USCPIE5466441*1
ChargePoint Network,,,12720881,12720881,WRECC / STATION 1,21977141,247,3111972371,2024-05-21T19:09:02Z,2024-05-21T19:15:30Z,,5.904700,60.297,membership,Payment by membership account and/or membership card,USCPIE12720881*1
ChargePoint Network,,,15623211,15623211,CLW / 5TH ST 2 (R),25208281,247,3101201951,2024-05-16T21:04:41Z,2024-05-16T21:37:09Z,,46.064800,88.892,membership,Payment by membership account and/or membership card,USCPIE15623211*1
ChargePoint Network,,,13423581,13423581,AEC / STATION #2 (R),22787011,247,3066934241,2024-05-01T22:44:07Z,2024-05-02T00:07:28Z,,103.413101,87.073,membership,Payment by membership account and/or membership card,USCPIE13423581*1
ChargePoint Network,,,14049761,14049761,PARIS BPU / STATION 2(R),,,3121909551,2024-05-25T21:40:34Z,2024-05-25T21:42:46Z,,0.000000,,credit_card_terminal,Payment via credit card or debit card terminal,USCPIE14049761*0
ChargePoint Network,,,13290491,13290491,7SPC / NASA USSRC L,22634931,3,3124596961,2024-05-27T16:05:36Z,2024-05-27T16:20:53Z,,1.386590,5.9094,membership,Payment by membership account and/or membership card,USCPIE13290491*1
ChargePoint Network,,,8851921,8851921,7SPC / SEVIERVILLE DC1,15571271,207,3077103781,2024-05-06T17:22:15Z,2024-05-06T18:11:29Z,,39.827702,58.366,membership,Payment by membership account and/or membership card,USCPIE8851921*1
ChargePoint Network,,,14359491,14359491,EBOFG / STATION 1 (L),23870291,247,3074060101,2024-05-04T23:31:56Z,2024-05-04T23:41:53Z,,0.000000,0.0,membership,Payment by membership account and/or membership card,USCPIE14359491*1
ChargePoint Network,,,14359491,14359491,EBOFG / STATION 1 (L),23870291,247,3124645221,2024-05-27T16:41:54Z,2024-05-27T16:42:21Z,,0.000000,0.0,membership,Payment by membership account and/or membership card,USCPIE14359491*1
ChargePoint Network,,,14097711,14097711,SCOTTSBORO EPB / SEPB DCFC (R),23570811,247,3090788911,2024-05-12T14:46:17Z,2024-05-12T15:14:01Z,,9.486100,24.892,membership,Payment by membership account and/or membership card,USCPIE14097711*1
ChargePoint Network,,,12460751,12460751,PES / LEFT STATION,22360171,215,3127296171,2024-05-28T20:48:41Z,2024-05-29T17:13:37Z,,30.017401,7.6561,membership,Payment by membership account and/or membership card,USCPIE12460751*1
ChargePoint Network,,,5363211,5363211,HARTSELLE 1 / HARTSELLE 1,23427571,3,3069707611,2024-05-02T22:02:28Z,2024-05-02T22:50:37Z,,5.436022,7.1195,membership,Payment by membership account and/or membership card,USCPIE5363211*1
ChargePoint Network,,,5346231,5346231,CULLMANELECTRIC / STATION2-R,8926271,247,3117427351,2024-05-23T20:59:17Z,2024-05-23T21:22:35Z,,22.350401,114.421,membership,Payment by membership account and/or membership card,USCPIE5346231*1
ChargePoint Network,,,12720861,12720861,WRECC / STATION 2,21977121,247,3080741681,2024-05-08T02:58:03Z,2024-05-08T03:28:09Z,,34.791901,89.0,membership,Payment by membership account and/or membership card,USCPIE12720861*1
ChargePoint Network,,,12720861,12720861,WRECC / STATION 2,21977121,247,3089699921,2024-05-11T21:50:46Z,2024-05-11T22:43:18Z,,62.975201,75.648,credit_card_terminal,Payment via credit card or debit card terminal,USCPIE12720861*1
ChargePoint Network,,,1844191,1844191,CLW / MAIN ST,23050441,3,3077970741,2024-05-07T00:05:14Z,2024-05-07T12:28:43Z,,63.478691,7.1754,membership,Payment by membership account and/or membership card,USCPIE1844191*2
ChargePoint Network,,,15640171,15640171,NECDC / STATION 2 (R),25228711,247,3112511151,2024-05-21T22:52:46Z,2024-05-21T23:21:23Z,,23.584400,62.02,membership,Payment by membership account and/or membership card,USCPIE15640171*1
ChargePoint Network,,,13606121,13606121,I24 EXIT11 / STATION 2 (LM),22992591,100011,3069226751,2024-05-02T18:37:59Z,2024-05-02T19:54:03Z,,23.058201,24.288,credit_card_terminal,Payment via credit card or debit card terminal,USCPIE13606121*1
ChargePoint Network,,,13292801,13292801,LODGE CAST IRON / STORE & MUSEUM,22637551,3,3102986201,2024-05-17T15:48:55Z,2024-05-17T16:22:11Z,,3.778527,7.0274,membership,Payment by membership account and/or membership card,USCPIE13292801*1
ChargePoint Network,,,13966851,13966851,BEA / STATION 1 (LL),23420911,247,3085179401,2024-05-09T21:34:45Z,2024-05-09T21:59:55Z,,28.160299,72.15,membership,Payment by membership account and/or membership card,USCPIE13966851*1
ChargePoint Network,,,1921531,1921531,STARKVILLE UTIL / STARKVILLE REC,2268551,3,3074500861,2024-05-05T04:31:15Z,2024-05-05T08:29:54Z,,28.121115,7.1408,credit_card_terminal,Payment via credit card or debit card terminal,USCPIE1921531*1
ChargePoint Network,,,13606121,13606121,I24 EXIT11 / STATION 2 (LM),22992591,100011,3072630641,2024-05-04T02:45:01Z,2024-05-04T03:51:41Z,,16.042801,14.883,membership,Payment by membership account and/or membership card,USCPIE13606121*1
ChargePoint Network,,,1988141,1988141,7SPC / SCES DREAM MORE,2355571,3,3087732521,2024-05-10T22:10:50Z,2024-05-10T22:26:30Z,,1.709409,6.9455,credit_card_terminal,Payment via credit card or debit card terminal,USCPIE1988141*2
ChargePoint Network,,,1964521,1964521,EBOFG / GUNTERSVILLE PD,8374201,3,3087254441,2024-05-10T18:40:13Z,2024-05-10T20:02:09Z,,9.885839,7.3231,membership,Payment by membership account and/or membership card,USCPIE1964521*1
ChargePoint Network,,,1921531,1921531,STARKVILLE UTIL / STARKVILLE REC,2268551,3,3077636481,2024-05-06T21:33:14Z,2024-05-07T00:20:20Z,,19.934238,7.2355,credit_card_terminal,Payment via credit card or debit card terminal,USCPIE1921531*1
ChargePoint Network,,,5380331,5380331,CULLMAN PB / STATION 1,8970951,3,3084503541,2024-05-09T16:46:26Z,2024-05-09T17:30:56Z,,5.187376,7.3207,membership,Payment by membership account and/or membership card,USCPIE5380331*1
ChargePoint Network,,,13606061,13606061,I24 EXIT11 / STATION 4 (RR),22992511,247,3092570081,2024-05-13T13:30:18Z,2024-05-13T14:06:55Z,,62.643200,120.736,membership,Payment by membership account and/or membership card,USCPIE13606061*1
ChargePoint Network,,,9677521,9677521,UT PARKING / S7 STATION 1,17169341,3,3084669911,2024-05-09T18:02:01Z,2024-05-09T18:46:30Z,,5.071417,6.9855,membership,Payment by membership account and/or membership card,USCPIE9677521*2
ChargePoint Network,,,5346231,5346231,CULLMANELECTRIC / STATION2-R,8926271,247,3105770201,2024-05-18T22:07:49Z,2024-05-18T22:59:35Z,,33.138500,27.489,membership,Payment by membership account and/or membership card,USCPIE5346231*1
ChargePoint Network,,,5525971,5525971,7SPC / SPARTA TN,9154691,3,3096312091,2024-05-14T22:31:16Z,2024-05-15T00:03:22Z,,11.201206,7.366,credit_card_terminal,Payment via credit card or debit card terminal,USCPIE5525971*2
ChargePoint Network,,,8851921,8851921,7SPC / SEVIERVILLE DC1,15571271,207,3087973231,2024-05-11T00:05:27Z,2024-05-11T00:32:08Z,,19.825300,52.984,membership,Payment by membership account and/or membership card,USCPIE8851921*1
ChargePoint Network,,,14047321,14047321,JEFFERSON AVE. / OXFORD STA2(R),23514081,247,3127204831,2024-05-28T20:09:42Z,2024-05-28T20:45:18Z,,38.285400,69.45,membership,Payment by membership account and/or membership card,USCPIE14047321*1
ChargePoint Network,,,1933211,1933211,BRIGHTRIDGE EV / BR-JONESBOROUGH,2283641,3,3100433361,2024-05-16T15:40:29Z,2024-05-16T21:06:24Z,,33.081459,6.1578,membership,Payment by membership account and/or membership card,USCPIE1933211*2
ChargePoint Network,,,15332351,15332351,TUA NW ATLANTIC / STATION 2 (R),24867891,100011,3088722911,2024-05-11T09:46:17Z,2024-05-11T10:50:35Z,,6.288200,29.639,membership,Payment by membership account and/or membership card,USCPIE15332351*1
ChargePoint Network,,,13861891,13861891,BRMEMC / STATION 2,23296321,247,3074132461,2024-05-05T00:16:39Z,2024-05-05T00:27:59Z,,12.612300,0.0,membership,Payment by membership account and/or membership card,USCPIE13861891*1
ChargePoint Network,,,13664501,13664501,BTES / STATION 4 (RR),23060561,247,3072975741,2024-05-04T07:44:26Z,2024-05-04T08:17:05Z,,36.382500,69.737,credit_card_terminal,Payment via credit card or debit card terminal,USCPIE13664501*1
ChargePoint Network,,,15684341,15684341,MLEC / STATION 2 (R) W,25280201,247,3088861771,2024-05-11T13:30:02Z,2024-05-11T14:16:52Z,,38.251900,60.984,credit_card_terminal,Payment via credit card or debit card terminal,USCPIE15684341*1
ChargePoint Network,,,15332321,15332321,TUA NW ATLANTIC / STATION 1 (L),24867861,247,3071623331,2024-05-03T18:34:49Z,2024-05-03T19:12:57Z,,32.257301,71.708,membership,Payment by membership account and/or membership card,USCPIE15332321*1
ChargePoint Network,,,15548151,15548151,DECATURDOWNTWN / STATION 1 (R),25119511,247,3122219411,2024-05-26T00:42:11Z,2024-05-26T01:07:03Z,,25.511299,123.69,membership,Payment by membership account and/or membership card,USCPIE15548151*1
ChargePoint Network,,,5466441,5466441,7SPC / NASA USSRC R,9079371,3,3086294451,2024-05-10T10:37:24Z,2024-05-10T17:05:08Z,,26.313953,5.9464,membership,Payment by membership account and/or membership card,USCPIE5466441*2
ChargePoint Network,,,1933211,1933211,BRIGHTRIDGE EV / BR-JONESBOROUGH,2283631,3,3100790231,2024-05-16T18:07:11Z,2024-05-17T01:07:48Z,,41.484695,6.3652,credit_card_terminal,Payment via credit card or debit card terminal,USCPIE1933211*1
ChargePoint Network,,,15815141,15815141,GEA-1 / STATION 1 (L),25435121,247,3107904071,2024-05-20T01:21:26Z,2024-05-20T01:41:02Z,,17.508200,60.06,credit_card_terminal,Payment via credit card or debit card terminal,USCPIE15815141*1
ChargePoint Network,,,5122191,5122191,CULLMANELECTRIC / STATION1-L,8482151,247,3107578931,2024-05-19T22:30:47Z,2024-05-19T23:03:36Z,,27.333700,70.638,membership,Payment by membership account and/or membership card,USCPIE5122191*1
ChargePoint Network,,,1844191,1844191,CLW / MAIN ST,23050431,3,3079401331,2024-05-07T16:44:37Z,2024-05-07T17:29:16Z,,5.158998,7.0613,membership,Payment by membership account and/or membership card,USCPIE1844191*1
ChargePoint Network,,,15742641,15742641,GEA-1 / STATION 2 (R),25349301,247,3118332501,2024-05-24T03:42:06Z,2024-05-24T04:26:16Z,,41.849499,59.516,membership,Payment by membership account and/or membership card,USCPIE15742641*1
ChargePoint Network,,,13423581,13423581,AEC / STATION #2 (R),22787011,247,3130139041,2024-05-29T22:57:52Z,2024-05-30T00:14:04Z,,94.998299,87.318,membership,Payment by membership account and/or membership card,USCPIE13423581*1
ChargePoint Network,,,5466441,5466441,7SPC / NASA USSRC R,9079371,3,3082088171,2024-05-08T18:03:57Z,2024-05-09T02:42:17Z,,51.560024,6.1111,membership,Payment by membership account and/or membership card,USCPIE5466441*2
ChargePoint Network,,,5346231,5346231,CULLMANELECTRIC / STATION2-R,8926271,247,3103873421,2024-05-17T22:23:00Z,2024-05-17T22:50:45Z,,28.081600,71.708,membership,Payment by membership account and/or membership card,USCPIE5346231*1
ChargePoint Network,,,8851921,8851921,7SPC / SEVIERVILLE DC1,15571271,207,3091200991,2024-05-12T19:25:06Z,2024-05-12T20:56:28Z,,62.471401,61.599,membership,Payment by membership account and/or membership card,USCPIE8851921*1
ChargePoint Network,,,12720881,12720881,WRECC / STATION 1,,,3105228451,2024-05-18T16:42:05Z,2024-05-18T16:44:19Z,,0.000000,,credit_card_terminal,Payment via credit card or debit card terminal,USCPIE12720881*0
ChargePoint Network,,,5122191,5122191,CULLMANELECTRIC / STATION1-L,8482151,247,3112779701,2024-05-22T00:47:46Z,2024-05-22T02:00:11Z,,67.385300,72.833,membership,Payment by membership account and/or membership card,USCPIE5122191*1
ChargePoint Network,,,1988141,1988141,7SPC / SCES DREAM MORE,2355561,3,3105647001,2024-05-18T20:42:01Z,2024-05-18T21:38:30Z,,6.444758,6.9849,membership,Payment by membership account and/or membership card,USCPIE1988141*1
ChargePoint Network,,,15260241,15260241,STEMC / STATION 1 (L) A,,,3064679111,2024-05-01T00:33:58Z,2024-05-01T00:35:24Z,,0.000000,,other,Any other payment method not specified above. Additional description should be provided in Payment Method Description.,USCPIE15260241*0
ChargePoint Network,,,15694081,15694081,BRIGHTRIDGE EV / STATION 1 (L),25291921,247,3112506331,2024-05-21T22:50:49Z,2024-05-21T22:52:09Z,,0.000000,0.0,credit_card_terminal,Payment via credit card or debit card terminal,USCPIE15694081*1
ChargePoint Network,,,14097801,14097801,SCOTTSBORO EPB / SEPB DCFC (L),23570921,247,3068108391,2024-05-02T13:22:11Z,2024-05-02T14:22:55Z,,37.684101,64.25,membership,Payment by membership account and/or membership card,USCPIE14097801*1
ChargePoint Network,,,5350831,5350831,CULLMANELECTRIC / CEC MAIN OFFICE,8932491,3,3102178461,2024-05-17T04:40:01Z,2024-05-17T04:42:02Z,,0.000000,0.0,other,Any other payment method not specified above. Additional description should be provided in Payment Method Description.,USCPIE5350831*1
ChargePoint Network,,,12406491,12406491,FPIA / LEFT STATION,21527781,247,3096096071,2024-05-14T20:58:46Z,2024-05-14T21:05:02Z,,4.220600,50.827,membership,Payment by membership account and/or membership card,USCPIE12406491*1
ChargePoint Network,,,1988061,1988061,7SPC / SCES DOLLYWOOD,25499841,3,3122864021,2024-05-26T13:38:08Z,2024-05-26T19:19:18Z,,39.652977,7.2589,membership,Payment by membership account and/or membership card,USCPIE1988061*2
ChargePoint Network,,,13292801,13292801,LODGE CAST IRON / STORE & MUSEUM,22637551,3,3100890171,2024-05-16T18:55:40Z,2024-05-16T18:57:02Z,,0.087498,6.9416,credit_card_terminal,Payment via credit card or debit card terminal,USCPIE13292801*1
ChargePoint Network,,,14047321,14047321,JEFFERSON AVE. / OXFORD STA2(R),23514081,100011,3087592661,2024-05-10T21:07:58Z,2024-05-10T21:33:02Z,,18.669500,53.097,membership,Payment by membership account and/or membership card,USCPIE14047321*1
ChargePoint Network,,,1964521,1964521,EBOFG / GUNTERSVILLE PD,8374201,3,3087956651,2024-05-10T23:57:24Z,2024-05-10T23:58:34Z,,0.000000,,membership,Payment by membership account and/or membership card,USCPIE1964521*1
ChargePoint Network,,,13861861,13861861,BRMEMC / STATION 1,23296281,247,3075195911,2024-05-05T19:03:38Z,2024-05-05T19:33:39Z,,20.523500,45.879,membership,Payment by membership account and/or membership card,USCPIE13861861*1
ChargePoint Network,,,5354011,5354011,7SPC / GREENEVILLE TA,8936791,100011,3077970791,2024-05-07T00:05:15Z,2024-05-07T01:06:33Z,,39.728199,52.196,credit_card_terminal,Payment via credit card or debit card terminal,USCPIE5354011*1
ChargePoint Network,,,15694081,15694081,BRIGHTRIDGE EV / STATION 1 (L),25291921,247,3104680171,2024-05-18T05:33:57Z,2024-05-18T05:42:06Z,,0.000000,0.0,credit_card_terminal,Payment via credit card or debit card terminal,USCPIE15694081*1
ChargePoint Network,,,15548181,15548181,DECATURDOWNTWN / STATION 2 (L),25119551,247,3110306531,2024-05-21T01:14:50Z,2024-05-21T02:15:18Z,,93.744598,100.827,credit_card_terminal,Payment via credit card or debit card terminal,USCPIE15548181*1
ChargePoint Network,,,5424051,5424051,EEDEV / ELIZ DOWNTOWN,9026991,3,3121245471,2024-05-25T14:54:40Z,2024-05-25T15:44:18Z,,6.050945,7.4261,membership,Payment by membership account and/or membership card,USCPIE5424051*1
ChargePoint Network,,,13966031,13966031,BEA / STATION 4 (RR),23419961,247,3103114931,2024-05-17T16:37:44Z,2024-05-17T17:35:23Z,,40.387402,53.723,other,Any other payment method not specified above. Additional description should be provided in Payment Method Description.,USCPIE13966031*1
ChargePoint Network,,,15694081,15694081,BRIGHTRIDGE EV / STATION 1 (L),25291921,247,3082127901,2024-05-08T18:22:04Z,2024-05-08T19:40:51Z,,41.322102,53.453,membership,Payment by membership account and/or membership card,USCPIE15694081*1
ChargePoint Network,,,12406491,12406491,FPIA / LEFT STATION,,,3112321431,2024-05-21T21:33:09Z,2024-05-21T21:35:18Z,,0.000000,,credit_card_terminal,Payment via credit card or debit card terminal,USCPIE12406491*0
ChargePoint Network,,,1988061,1988061,7SPC / SCES DOLLYWOOD,25235441,3,3100513411,2024-05-16T16:04:14Z,2024-05-16T16:05:10Z,,0.000000,,credit_card_terminal,Payment via credit card or debit card terminal,USCPIE1988061*1
ChargePoint Network,,,13606061,13606061,I24 EXIT11 / STATION 4 (RR),22992511,247,3071443691,2024-05-03T17:04:15Z,2024-05-03T17:05:38Z,,0.000000,0.0,membership,Payment by membership account and/or membership card,USCPIE13606061*1
ChargePoint Network,,,13606091,13606091,I24 EXIT11 / STATION 3 (RM),,,3070743281,2024-05-03T11:13:26Z,2024-05-03T11:15:27Z,,0.000000,,membership,Payment by membership account and/or membership card,USCPIE13606091*0
ChargePoint Network,,,12720881,12720881,WRECC / STATION 1,21977141,247,3118238141,2024-05-24T02:55:58Z,2024-05-24T02:57:43Z,,0.000000,0.0,phone_online,"Payment through mobile app, website, automated phone number or messaging system",USCPIE12720881*1
ChargePoint Network,,,13966851,13966851,BEA / STATION 1 (LL),23420911,247,3098556841,2024-05-15T20:28:12Z,2024-05-15T20:55:30Z,,22.844500,73.678,credit_card_terminal,Payment via credit card or debit card terminal,USCPIE13966851*1
ChargePoint Network,,,12406491,12406491,FPIA / LEFT STATION,21527781,247,3093895901,2024-05-13T22:56:32Z,2024-05-13T23:17:15Z,,9.098700,47.151,membership,Payment by membership account and/or membership card,USCPIE12406491*1
ChargePoint Network,,,8851921,8851921,7SPC / SEVIERVILLE DC1,15571271,207,3123731961,2024-05-26T23:49:52Z,2024-05-27T00:44:30Z,,47.071602,53.855,credit_card_terminal,Payment via credit card or debit card terminal,USCPIE8851921*1
ChargePoint Network,,,13659831,13659831,LAWRENCEBURG / STATION 1 (L),23054881,247,3122826721,2024-05-26T12:46:57Z,2024-05-26T13:26:32Z,,35.532600,81.754,membership,Payment by membership account and/or membership card,USCPIE13659831*1
ChargePoint Network,,,9745721,9745721,CRMC / CRMC-1 - L2LEFT,17301471,3,3093009761,2024-05-13T16:15:56Z,2024-05-13T17:39:39Z,,10.011117,7.283,membership,Payment by membership account and/or membership card,USCPIE9745721*1
ChargePoint Network,,,13606091,13606091,I24 EXIT11 / STATION 3 (RM),22992551,247,3100100391,2024-05-16T13:34:14Z,2024-05-16T14:20:45Z,,37.609001,54.534,membership,Payment by membership account and/or membership card,USCPIE13606091*1
ChargePoint Network,,,14337501,14337501,HOLSTONELECTRIC / CHURCH HILL-2,23845091,100011,3069835691,2024-05-02T22:56:56Z,2024-05-02T23:49:15Z,,39.576500,52.5,membership,Payment by membership account and/or membership card,USCPIE14337501*1
ChargePoint Network,,,13423581,13423581,AEC / STATION #2 (R),22787011,247,3122123511,2024-05-25T23:45:17Z,2024-05-26T00:36:21Z,,49.725601,77.027,membership,Payment by membership account and/or membership card,USCPIE13423581*1
ChargePoint Network,,,5346231,5346231,CULLMANELECTRIC / STATION2-R,8926271,247,3130169751,2024-05-29T23:09:58Z,2024-05-29T23:22:23Z,,13.372600,68.752,other,Any other payment method not specified above. Additional description should be provided in Payment Method Description.,USCPIE5346231*1
ChargePoint Network,,,15623211,15623211,CLW / 5TH ST 2 (R),25208281,247,3131967831,2024-05-30T17:47:44Z,2024-05-30T18:00:32Z,,14.255600,70.167,membership,Payment by membership account and/or membership card,USCPIE15623211*1
ChargePoint Network,,,13606121,13606121,I24 EXIT11 / STATION 2 (LM),22992591,247,3103065761,2024-05-17T16:17:10Z,2024-05-17T16:22:28Z,,4.389000,0.0,membership,Payment by membership account and/or membership card,USCPIE13606121*1
ChargePoint Network,,,13606061,13606061,I24 EXIT11 / STATION 4 (RR),,,3130324711,2024-05-30T00:15:53Z,2024-05-30T00:17:56Z,,0.000000,,membership,Payment by membership account and/or membership card,USCPIE13606061*0
ChargePoint Network,,,13880891,13880891,MU / MUC MAIN OFFICE,23319011,3,3120324481,2024-05-25T00:14:02Z,2024-05-25T00:22:55Z,,1.015461,7.3117,membership,Payment by membership account and/or membership card,USCPIE13880891*1
ChargePoint Network,,,15694081,15694081,BRIGHTRIDGE EV / STATION 2 (R),25291921,247,3131392611,2024-05-30T14:13:49Z,2024-05-30T16:21:59Z,,25.376801,32.751,membership,Payment by membership account and/or membership card,USCPIE15694081*1
ChargePoint Network,,,14047321,14047321,JEFFERSON AVE. / OXFORD STA2(R),23514081,247,3082486071,2024-05-08T20:52:11Z,2024-05-08T21:23:35Z,,31.651699,71.441,membership,Payment by membership account and/or membership card,USCPIE14047321*1
ChargePoint Network,,,13606061,13606061,I24 EXIT11 / STATION 4 (RR),22992511,247,3087481301,2024-05-10T20:19:13Z,2024-05-10T21:06:30Z,,29.832399,53.341,credit_card_terminal,Payment via credit card or debit card terminal,USCPIE13606061*1
ChargePoint Network,,,13292801,13292801,LODGE CAST IRON / STORE & MUSEUM,22637551,3,3073412001,2024-05-04T17:05:18Z,2024-05-04T18:29:24Z,,9.553893,7.1178,membership,Payment by membership account and/or membership card,USCPIE13292801*1
ChargePoint Network,,,1988141,1988141,7SPC / SCES DREAM MORE,2355561,3,3108441281,2024-05-20T11:20:26Z,2024-05-20T13:20:36Z,,7.187909,3.81,membership,Payment by membership account and/or membership card,USCPIE1988141*1
ChargePoint Network,,,15548181,15548181,DECATURDOWNTWN / STATION 2 (L),25119551,100011,3066321101,2024-05-01T18:19:13Z,2024-05-01T18:21:17Z,,0.417300,0.0,membership,Payment by membership account and/or membership card,USCPIE15548181*1
ChargePoint Network,,,12720861,12720861,WRECC / STATION 2,21977121,247,3122264081,2024-05-26T01:08:18Z,2024-05-26T01:16:22Z,,0.000000,0.0,membership,Payment by membership account and/or membership card,USCPIE12720861*1
ChargePoint Network,,,682921,682921,7SPC / TVPPA OFFICE,9117261,3,3096382971,2024-05-14T23:00:08Z,2024-05-15T02:02:16Z,,18.135353,6.0047,membership,Payment by membership account and/or membership card,USCPIE682921*2
ChargePoint Network,,,14049761,14049761,PARIS BPU / STATION 2(R),23516951,247,3107853041,2024-05-20T00:53:54Z,2024-05-20T00:54:36Z,,0.000000,0.0,membership,Payment by membership account and/or membership card,USCPIE14049761*1
ChargePoint Network,,,12406491,12406491,FPIA / LEFT STATION,21527781,247,3123623691,2024-05-26T22:43:09Z,2024-05-26T23:00:29Z,,31.650700,117.644,membership,Payment by membership account and/or membership card,USCPIE12406491*1
ChargePoint Network,,,13966031,13966031,BEA / STATION 4 (RR),23419961,247,3098467591,2024-05-15T19:54:50Z,2024-05-15T20:11:18Z,,28.906200,111.078,membership,Payment by membership account and/or membership card,USCPIE13966031*1
ChargePoint Network,,,14359491,14359491,EBOFG / STATION 1 (L),23870291,247,3090740601,2024-05-12T13:58:32Z,2024-05-12T13:59:24Z,,0.000000,0.0,membership,Payment by membership account and/or membership card,USCPIE14359491*1
ChargePoint Network,,,12406491,12406491,FPIA / LEFT STATION,21527781,247,3087351671,2024-05-10T19:23:39Z,2024-05-10T19:57:44Z,,38.512402,106.487,membership,Payment by membership account and/or membership card,USCPIE12406491*1
ChargePoint Network,,,15548151,15548151,DECATURDOWNTWN / STATION 1 (R),25119511,247,3122114011,2024-05-25T23:39:20Z,2024-05-25T23:48:07Z,,0.000000,0.0,credit_card_terminal,Payment via credit card or debit card terminal,USCPIE15548151*1
ChargePoint Network,,,13290491,13290491,7SPC / NASA USSRC L,22634941,3,3119292371,2024-05-24T16:16:43Z,2024-05-24T16:21:17Z,,0.391627,5.8618,membership,Payment by membership account and/or membership card,USCPIE13290491*2
ChargePoint Network,,,14097711,14097711,SCOTTSBORO EPB / SEPB DCFC (R),23570811,247,3075608721,2024-05-05T23:00:49Z,2024-05-05T23:18:52Z,,14.957900,53.36,membership,Payment by membership account and/or membership card,USCPIE14097711*1
ChargePoint Network,,,14359491,14359491,EBOFG / STATION 1 (L),23870291,247,3074076901,2024-05-04T23:42:07Z,2024-05-04T23:43:23Z,,0.000000,0.0,membership,Payment by membership account and/or membership card,USCPIE14359491*1
ChargePoint Network,,,12720861,12720861,WRECC / STATION 2,21977121,247,3083979221,2024-05-09T13:40:45Z,2024-05-09T14:05:55Z,,29.038099,71.838,membership,Payment by membership account and/or membership card,USCPIE12720861*1
ChargePoint Network,,,12460751,12460751,PES / LEFT STATION,22360171,215,3085126901,2024-05-09T21:13:28Z,2024-05-10T12:12:40Z,,31.625999,7.652,membership,Payment by membership account and/or membership card,USCPIE12460751*1
ChargePoint Network,,,14097711,14097711,SCOTTSBORO EPB / SEPB DCFC (R),23570811,247,3073541331,2024-05-04T18:25:39Z,2024-05-04T18:53:05Z,,26.646900,73.43,membership,Payment by membership account and/or membership card,USCPIE14097711*1
ChargePoint Network,,,5619801,5619801,7SPC / WARREN RECC BG,9274251,3,3080886271,2024-05-08T04:13:21Z,2024-05-08T04:23:53Z,,1.049612,6.3286,membership,Payment by membership account and/or membership card,USCPIE5619801*1
ChargePoint Network,,,15623231,15623231,CLW / 5TH ST 1 (L),25208301,247,3087113921,2024-05-10T17:30:24Z,2024-05-10T18:07:44Z,,37.732800,121.941,credit_card_terminal,Payment via credit card or debit card terminal,USCPIE15623231*1
ChargePoint Network,,,13026471,13026471,WCMES / CITYHALL2-R,22328331,247,3082092431,2024-05-08T18:05:37Z,2024-05-08T18:30:19Z,,14.602200,37.919,membership,Payment by membership account and/or membership card,USCPIE13026471*1
ChargePoint Network,,,5346231,5346231,CULLMANELECTRIC / STATION2-R,8926271,247,3125361341,2024-05-28T00:28:33Z,2024-05-28T00:44:16Z,,16.985500,68.359,membership,Payment by membership account and/or membership card,USCPIE5346231*1
ChargePoint Network,,,13606061,13606061,I24 EXIT11 / STATION 4 (RR),22992511,247,3104141901,2024-05-18T00:30:34Z,2024-05-18T01:16:13Z,,35.764301,54.167,membership,Payment by membership account and/or membership card,USCPIE13606061*1
ChargePoint Network,,,15694171,15694171,BRIGHTRIDGE EV / STATION 1 (L),25292041,247,3124545131,2024-05-27T15:23:40Z,2024-05-27T15:44:31Z,,23.317200,70.132,membership,Payment by membership account and/or membership card,USCPIE15694171*1
ChargePoint Network,,,8851921,8851921,7SPC / SEVIERVILLE DC1,15571271,207,3117528131,2024-05-23T21:42:12Z,2024-05-23T21:44:18Z,,0.000000,0.0,membership,Payment by membership account and/or membership card,USCPIE8851921*1
ChargePoint Network,,,5619801,5619801,7SPC / WARREN RECC BG,9274251,3,3078002541,2024-05-07T00:20:38Z,2024-05-07T00:33:20Z,,1.292307,6.3557,membership,Payment by membership account and/or membership card,USCPIE5619801*1
ChargePoint Network,,,14097711,14097711,SCOTTSBORO EPB / SEPB DCFC (R),23570811,247,3111231651,2024-05-21T14:14:35Z,2024-05-21T14:52:35Z,,35.877399,75.648,membership,Payment by membership account and/or membership card,USCPIE14097711*1
ChargePoint Network,,,8851921,8851921,7SPC / SEVIERVILLE DC1,15571271,207,3092584471,2024-05-13T13:38:20Z,2024-05-13T14:44:07Z,,52.466900,58.057,membership,Payment by membership account and/or membership card,USCPIE8851921*1
ChargePoint Network,,,5122191,5122191,CULLMANELECTRIC / STATION1-L,8482151,247,3076434551,2024-05-06T12:42:35Z,2024-05-06T13:06:39Z,,27.297100,92.335,membership,Payment by membership account and/or membership card,USCPIE5122191*1
ChargePoint Network,,,14047321,14047321,JEFFERSON AVE. / OXFORD STA2(R),23514081,247,3074758631,2024-05-05T13:25:18Z,2024-05-05T14:25:36Z,,69.570702,83.778,membership,Payment by membership account and/or membership card,USCPIE14047321*1
ChargePoint Network,,,14359491,14359491,EBOFG / STATION 1 (L),23870291,247,3073756631,2024-05-04T20:32:59Z,2024-05-04T20:33:27Z,,0.000000,0.0,membership,Payment by membership account and/or membership card,USCPIE14359491*1
ChargePoint Network,,,9777021,9777021,CRMC / CRMC-2- L2RIGHT,17361741,3,3078883011,2024-05-07T13:28:19Z,2024-05-07T19:40:27Z,,38.271358,,membership,Payment by membership account and/or membership card,USCPIE9777021*1
ChargePoint Network,,,1988141,1988141,7SPC / SCES DREAM MORE,2355561,3,3129937601,2024-05-29T21:34:18Z,2024-05-29T23:47:31Z,,15.583044,7.1039,membership,Payment by membership account and/or membership card,USCPIE1988141*1
ChargePoint Network,,,15250771,15250771,SES-TN / STATION 1,24772691,247,3085785561,2024-05-10T01:52:07Z,2024-05-10T02:35:39Z,,50.509899,77.223,membership,Payment by membership account and/or membership card,USCPIE15250771*1
ChargePoint Network,,,5466441,5466441,7SPC / NASA USSRC R,9079361,3,3105256161,2024-05-18T16:58:48Z,2024-05-18T17:00:48Z,,0.000000,0.0,membership,Payment by membership account and/or membership card,USCPIE5466441*1
ChargePoint Network,,,14359491,14359491,EBOFG / STATION 1 (L),23870291,247,3131873521,2024-05-30T17:03:47Z,2024-05-30T17:04:11Z,,0.000000,0.0,membership,Payment by membership account and/or membership card,USCPIE14359491*1
ChargePoint Network,,,14097711,14097711,SCOTTSBORO EPB / SEPB DCFC (R),23570811,247,3073778601,2024-05-04T20:45:49Z,2024-05-04T20:46:48Z,,0.000000,0.0,membership,Payment by membership account and/or membership card,USCPIE14097711*1
ChargePoint Network,,,14355271,14355271,HARTSELLE 1 / STATION 1 (L),23865711,247,3069041651,2024-05-02T17:07:14Z,2024-05-02T17:50:48Z,,27.101000,59.903,membership,Payment by membership account and/or membership card,USCPIE14355271*1
ChargePoint Network,,,13861891,13861891,BRMEMC / STATION 2,23296321,247,3089361881,2024-05-11T18:48:00Z,2024-05-11T19:15:35Z,,31.227400,72.323,membership,Payment by membership account and/or membership card,USCPIE13861891*1
ChargePoint Network,,,13659871,13659871,LAWRENCEBURG / STATION 2 (R),23054921,247,3077707191,2024-05-06T22:05:37Z,2024-05-06T22:29:10Z,,12.280100,47.25,membership,Payment by membership account and/or membership card,USCPIE13659871*1
ChargePoint Network,,,5354011,5354011,7SPC / GREENEVILLE TA,8936791,207,3109919181,2024-05-20T22:23:44Z,2024-05-20T22:29:35Z,,0.000000,0.0,membership,Payment by membership account and/or membership card,USCPIE5354011*1
ChargePoint Network,,,1988061,1988061,7SPC / SCES DOLLYWOOD,25235441,3,3100507941,2024-05-16T16:02:47Z,2024-05-16T16:03:08Z,,0.000000,,credit_card_terminal,Payment via credit card or debit card terminal,USCPIE1988061*1
ChargePoint Network,,,12720861,12720861,WRECC / STATION 2,21977121,247,3095505821,2024-05-14T16:30:50Z,2024-05-14T17:29:59Z,,59.048000,93.456,membership,Payment by membership account and/or membership card,USCPIE12720861*1
ChargePoint Network,,,15548151,15548151,DECATURDOWNTWN / STATION 1 (R),25119511,247,3122970451,2024-05-26T15:25:32Z,2024-05-26T15:26:50Z,,0.000000,0.0,membership,Payment by membership account and/or membership card,USCPIE15548151*1
ChargePoint Network,,,13606061,13606061,I24 EXIT11 / STATION 4 (RR),22992511,247,3077867211,2024-05-06T23:16:09Z,2024-05-06T23:50:41Z,,38.377399,78.208,credit_card_terminal,Payment via credit card or debit card terminal,USCPIE13606061*1
ChargePoint Network,,,8851921,8851921,7SPC / SEVIERVILLE DC1,15571271,207,3070931411,2024-05-03T13:22:41Z,2024-05-03T14:41:27Z,,63.380100,60.495,membership,Payment by membership account and/or membership card,USCPIE8851921*1
ChargePoint Network,,,12406491,12406491,FPIA / LEFT STATION,21527781,247,3103650351,2024-05-17T20:42:49Z,2024-05-17T21:35:48Z,,60.291100,75.42,membership,Payment by membership account and/or membership card,USCPIE12406491*1
ChargePoint Network,,,1921351,1921351,STARKVILLE UTIL / STARKVILLE DWTN,23682581,3,3095758651,2024-05-14T18:32:31Z,2024-05-14T19:38:40Z,,8.023611,7.4123,membership,Payment by membership account and/or membership card,USCPIE1921351*2
ChargePoint Network,,,5619801,5619801,7SPC / WARREN RECC BG,9274251,3,3128287311,2024-05-29T04:46:26Z,2024-05-29T09:20:33Z,,27.007488,6.34,membership,Payment by membership account and/or membership card,USCPIE5619801*1
ChargePoint Network,,,15280441,15280441,SPRFLD ELECTRIC / STATION 2 (R),24807641,247,3080658481,2024-05-08T02:02:25Z,2024-05-08T02:27:00Z,,20.990700,54.467,other,Any other payment method not specified above. Additional description should be provided in Payment Method Description.,USCPIE15280441*1
ChargePoint Network,,,15694171,15694171,BRIGHTRIDGE EV / STATION 2 (R),,,3105988031,2024-05-19T00:36:35Z,2024-05-19T00:38:43Z,,0.000000,,credit_card_terminal,Payment via credit card or debit card terminal,USCPIE15694171*0
ChargePoint Network,,,1844191,1844191,CLW / MAIN ST,23050431,3,3103436611,2024-05-17T19:09:34Z,2024-05-18T03:05:04Z,,56.870956,7.3444,membership,Payment by membership account and/or membership card,USCPIE1844191*1
ChargePoint Network,,,13861861,13861861,BRMEMC / STATION 1,23296281,247,3074791391,2024-05-05T14:06:58Z,2024-05-05T14:37:20Z,,36.681599,84.671,membership,Payment by membership account and/or membership card,USCPIE13861861*1
ChargePoint Network,,,5363211,5363211,HARTSELLE 1 / HARTSELLE 1,23427581,3,3118907901,2024-05-24T13:31:01Z,2024-05-24T16:16:54Z,,19.691380,7.1895,membership,Payment by membership account and/or membership card,USCPIE5363211*2
ChargePoint Network,,,5122191,5122191,CULLMANELECTRIC / STATION1-L,8482151,247,3130239241,2024-05-29T23:39:07Z,2024-05-29T23:40:26Z,,0.000000,0.0,credit_card_terminal,Payment via credit card or debit card terminal,USCPIE5122191*1
ChargePoint Network,,,5619801,5619801,7SPC / WARREN RECC BG,9274251,3,3076032551,2024-05-06T03:32:59Z,2024-05-06T04:19:54Z,,4.865937,6.3571,membership,Payment by membership account and/or membership card,USCPIE5619801*1
ChargePoint Network,,,15332351,15332351,TUA NW ATLANTIC / STATION 2 (R),24867891,247,3105957071,2024-05-19T00:14:41Z,2024-05-19T00:43:10Z,,15.937600,67.596,membership,Payment by membership account and/or membership card,USCPIE15332351*1
ChargePoint Network,,,15694171,15694171,BRIGHTRIDGE EV / STATION 1 (L),25292041,247,3126153631,2024-05-28T13:04:12Z,2024-05-28T13:08:29Z,,0.000000,0.0,membership,Payment by membership account and/or membership card,USCPIE15694171*1
ChargePoint Network,,,1964521,1964521,EBOFG / GUNTERSVILLE PD,8374211,3,3087400231,2024-05-10T19:44:33Z,2024-05-10T20:00:17Z,,1.819221,7.2971,membership,Payment by membership account and/or membership card,USCPIE1964521*2
ChargePoint Network,,,15694171,15694171,BRIGHTRIDGE EV / STATION 2 (R),25292041,100011,3103241721,2024-05-17T17:35:48Z,2024-05-17T18:20:55Z,,17.504499,25.2,credit_card_terminal,Payment via credit card or debit card terminal,USCPIE15694171*1
ChargePoint Network,,,5565201,5565201,7SPC / SCES LECONTE 2,9205061,3,3073050321,2024-05-04T11:35:22Z,2024-05-04T18:22:06Z,,47.939198,7.2679,credit_card_terminal,Payment via credit card or debit card terminal,USCPIE5565201*2
ChargePoint Network,,,8851921,8851921,7SPC / SEVIERVILLE DC1,15571271,207,3085655101,2024-05-10T00:55:35Z,2024-05-10T01:01:14Z,,4.232400,61.534,membership,Payment by membership account and/or membership card,USCPIE8851921*1
ChargePoint Network,,,14097711,14097711,SCOTTSBORO EPB / SEPB DCFC (R),23570811,247,3104862701,2024-05-18T11:13:19Z,2024-05-18T11:21:02Z,,7.525600,73.364,other,Any other payment method not specified above. Additional description should be provided in Payment Method Description.,USCPIE14097711*1
ChargePoint Network,,,13606061,13606061,I24 EXIT11 / STATION 4 (RR),22992511,247,3064984661,2024-05-01T03:01:23Z,2024-05-01T03:02:16Z,,0.000000,0.0,membership,Payment by membership account and/or membership card,USCPIE13606061*1
ChargePoint Network,,,13966051,13966051,BEA / STATION 3 (RM),23419981,247,3121413871,2024-05-25T16:49:33Z,2024-05-25T17:10:48Z,,18.610399,75.42,membership,Payment by membership account and/or membership card,USCPIE13966051*1
ChargePoint Network,,,8851921,8851921,7SPC / SEVIERVILLE DC1,15571271,207,3093475321,2024-05-13T19:50:48Z,2024-05-13T20:39:33Z,,32.039902,52.835,membership,Payment by membership account and/or membership card,USCPIE8851921*1
ChargePoint Network,,,15332351,15332351,TUA NW ATLANTIC / STATION 2 (R),24867891,247,3125029101,2024-05-27T20:54:30Z,2024-05-27T21:43:50Z,,64.611298,121.751,membership,Payment by membership account and/or membership card,USCPIE15332351*1
ChargePoint Network,,,14047321,14047321,JEFFERSON AVE. / OXFORD STA2(R),,,3069803061,2024-05-02T22:43:10Z,2024-05-02T22:43:28Z,,0.000000,,membership,Payment by membership account and/or membership card,USCPIE14047321*0
ChargePoint Network,,,13606061,13606061,I24 EXIT11 / STATION 4 (RR),22992511,247,3110932491,2024-05-21T11:44:54Z,2024-05-21T12:07:59Z,,27.401300,74.071,credit_card_terminal,Payment via credit card or debit card terminal,USCPIE13606061*1
ChargePoint Network,,,15640171,15640171,NECDC / STATION 2 (R),25228711,247,3105655341,2024-05-18T20:46:59Z,2024-05-18T21:25:41Z,,35.553200,58.344,membership,Payment by membership account and/or membership card,USCPIE15640171*1
ChargePoint Network,,,5466441,5466441,7SPC / NASA USSRC R,9079361,3,3088882781,2024-05-11T13:50:13Z,2024-05-11T16:45:47Z,,14.156605,6.0689,membership,Payment by membership account and/or membership card,USCPIE5466441*1
ChargePoint Network,,,6867451,6867451,AEC / CORP OFFICE,11708151,3,3111824371,2024-05-21T18:01:09Z,2024-05-21T19:31:30Z,,10.982965,7.4024,membership,Payment by membership account and/or membership card,USCPIE6867451*2
ChargePoint Network,,,5122191,5122191,CULLMANELECTRIC / STATION1-L,8482151,247,3068995881,2024-05-02T16:47:32Z,2024-05-02T16:48:49Z,,0.000000,0.0,membership,Payment by membership account and/or membership card,USCPIE5122191*1
ChargePoint Network,,,5414151,5414151,7SPC / UC - CARTHAGE,9014651,3,3078223781,2024-05-07T02:13:16Z,2024-05-07T13:14:51Z,,44.947838,7.1603,credit_card_terminal,Payment via credit card or debit card terminal,USCPIE5414151*2
ChargePoint Network,,,13606141,13606141,I24 EXIT11 / STATION 1 (LL),22992611,247,3071471051,2024-05-03T17:17:41Z,2024-05-03T17:32:22Z,,14.796800,70.046,membership,Payment by membership account and/or membership card,USCPIE13606141*1
ChargePoint Network,,,15332351,15332351,TUA NW ATLANTIC / STATION 2 (R),24867891,247,3072379681,2024-05-04T00:30:53Z,2024-05-04T01:36:06Z,,21.327600,43.091,credit_card_terminal,Payment via credit card or debit card terminal,USCPIE15332351*1
ChargePoint Network,,,15694171,15694171,BRIGHTRIDGE EV / STATION 2 (R),25292041,247,3111386771,2024-05-21T15:13:08Z,2024-05-21T16:05:24Z,,56.146702,75.819,membership,Payment by membership account and/or membership card,USCPIE15694171*1
ChargePoint Network,,,15548181,15548181,DECATURDOWNTWN / STATION 2 (L),25119551,247,3130598451,2024-05-30T02:27:57Z,2024-05-30T03:53:58Z,,127.920998,101.898,credit_card_terminal,Payment via credit card or debit card terminal,USCPIE15548181*1
ChargePoint Network,,,5619801,5619801,7SPC / WARREN RECC BG,9274251,3,3065046661,2024-05-01T03:54:48Z,2024-05-01T05:33:28Z,,10.204290,6.3046,membership,Payment by membership account and/or membership card,USCPIE5619801*1
ChargePoint Network,,,8851921,8851921,7SPC / SEVIERVILLE DC1,15571271,207,3085036071,2024-05-09T20:37:32Z,2024-05-09T21:17:40Z,,35.675900,59.751,roaming,Payment via roaming partners,USCPIE8851921*1
ChargePoint Network,,,12406491,12406491,FPIA / LEFT STATION,21527781,247,3086826311,2024-05-10T15:33:33Z,2024-05-10T15:59:22Z,,26.669500,66.33,credit_card_terminal,Payment via credit card or debit card terminal,USCPIE12406491*1
ChargePoint Network,,,13606091,13606091,I24 EXIT11 / STATION 3 (RM),22992551,247,3117104831,2024-05-23T18:46:09Z,2024-05-23T19:07:12Z,,9.273400,47.616,membership,Payment by membership account and/or membership card,USCPIE13606091*1
ChargePoint Network,,,15548151,15548151,DECATURDOWNTWN / STATION 1 (R),25119511,247,3115076271,2024-05-22T22:52:36Z,2024-05-22T23:53:01Z,,63.881001,74.86,other,Any other payment method not specified above. Additional description should be provided in Payment Method Description.,USCPIE15548151*1
ChargePoint Network,,,12460751,12460751,PES / LEFT STATION,22360171,215,3132346181,2024-05-30T20:32:25Z,2024-05-31T12:27:53Z,,29.083099,7.6573,membership,Payment by membership account and/or membership card,USCPIE12460751*1
ChargePoint Network,,,15623211,15623211,CLW / 5TH ST 2 (R),25208281,247,3130193011,2024-05-29T23:18:54Z,2024-05-29T23:59:45Z,,55.617901,93.328,membership,Payment by membership account and/or membership card,USCPIE15623211*1
ChargePoint Network,,,12720861,12720861,WRECC / STATION 2,21977121,247,3105773241,2024-05-18T22:09:49Z,2024-05-18T22:33:15Z,,14.212200,48.06,phone_online,"Payment through mobile app, website, automated phone number or messaging system",USCPIE12720861*1
ChargePoint Network,,,5380331,5380331,CULLMAN PB / STATION 1,8970961,3,3123514951,2024-05-26T21:32:56Z,2024-05-26T21:59:30Z,,3.158511,7.3377,membership,Payment by membership account and/or membership card,USCPIE5380331*2
ChargePoint Network,,,14355251,14355251,HARTSELLE 1 / STATION 2 (R),23865691,247,3079450531,2024-05-07T17:06:09Z,2024-05-07T17:50:48Z,,24.962500,63.292,credit_card_terminal,Payment via credit card or debit card terminal,USCPIE14355251*1
ChargePoint Network,,,5619801,5619801,7SPC / WARREN RECC BG,9274251,3,3073587611,2024-05-04T18:53:26Z,2024-05-04T18:55:31Z,,0.172328,6.2632,membership,Payment by membership account and/or membership card,USCPIE5619801*1
ChargePoint Network,,,14047321,14047321,JEFFERSON AVE. / OXFORD STA2(R),23514081,247,3071435321,2024-05-03T17:00:52Z,2024-05-03T17:39:11Z,,52.499699,87.361,membership,Payment by membership account and/or membership card,USCPIE14047321*1
ChargePoint Network,,,1988061,1988061,7SPC / SCES DOLLYWOOD,25499831,3,3118952541,2024-05-24T13:56:42Z,2024-05-24T21:50:25Z,,24.090622,7.2279,membership,Payment by membership account and/or membership card,USCPIE1988061*1
ChargePoint Network,,,12460751,12460751,PES / LEFT STATION,22360171,215,3112200561,2024-05-21T20:43:54Z,2024-05-22T16:22:06Z,,43.443600,7.6471,membership,Payment by membership account and/or membership card,USCPIE12460751*1
ChargePoint Network,,,15280441,15280441,SPRFLD ELECTRIC / STATION 2 (R),,,3078529251,2024-05-07T06:47:59Z,2024-05-07T06:50:00Z,,0.000000,,membership,Payment by membership account and/or membership card,USCPIE15280441*0
ChargePoint Network,,,13966031,13966031,BEA / STATION 4 (RR),23419961,247,3102525291,2024-05-17T12:14:52Z,2024-05-17T12:40:15Z,,24.611799,73.695,membership,Payment by membership account and/or membership card,USCPIE13966031*1
ChargePoint Network,,,14359491,14359491,EBOFG / STATION 1 (L),23870291,247,3074911241,2024-05-05T15:59:15Z,2024-05-05T16:00:20Z,,0.000000,0.0,membership,Payment by membership account and/or membership card,USCPIE14359491*1
ChargePoint Network,,,15694081,15694081,BRIGHTRIDGE EV / STATION 1 (L),25291921,247,3107391631,2024-05-19T20:47:41Z,2024-05-19T20:51:31Z,,0.000000,0.0,membership,Payment by membership account and/or membership card,USCPIE15694081*1
ChargePoint Network,,,9777021,9777021,CRMC / CRMC-2- L2RIGHT,17361741,3,3081360431,2024-05-08T13:18:24Z,2024-05-08T18:53:53Z,,40.152351,,membership,Payment by membership account and/or membership card,USCPIE9777021*1
ChargePoint Network,,,7505851,7505851,JEFFERSON AVE. / OXFORD STA1(L),12955471,247,3102630481,2024-05-17T13:15:25Z,2024-05-17T13:57:26Z,,46.132099,75.819,membership,Payment by membership account and/or membership card,USCPIE7505851*1
ChargePoint Network,,,12720861,12720861,WRECC / STATION 2,21977121,247,3123975111,2024-05-27T02:29:26Z,2024-05-27T02:30:39Z,,0.000000,0.0,membership,Payment by membership account and/or membership card,USCPIE12720861*1
ChargePoint Network,,,13290491,13290491,7SPC / NASA USSRC L,22634941,3,3077024231,2024-05-06T16:43:31Z,2024-05-06T17:48:26Z,,3.442422,5.9747,membership,Payment by membership account and/or membership card,USCPIE13290491*2
ChargePoint Network,,,13803581,13803581,FPU / STATION 1 (L),23227201,247,3068803701,2024-05-02T15:45:05Z,2024-05-02T16:46:22Z,,46.051102,54.464,membership,Payment by membership account and/or membership card,USCPIE13803581*1
ChargePoint Network,,,13651631,13651631,MLEC / STATION 2 (R) H,23045821,247,3091485491,2024-05-12T22:13:02Z,2024-05-12T22:38:35Z,,24.912800,56.055,membership,Payment by membership account and/or membership card,USCPIE13651631*1
ChargePoint Network,,,12754021,12754021,WCMES / CITYHALL1-L,22015241,247,3083118361,2024-05-09T01:21:09Z,2024-05-09T01:21:57Z,,0.056300,0.0,membership,Payment by membership account and/or membership card,USCPIE12754021*1
ChargePoint Network,,,7505851,7505851,JEFFERSON AVE. / OXFORD STA1(L),12955471,247,3088819051,2024-05-11T12:44:35Z,2024-05-11T13:43:24Z,,47.522900,78.4,membership,Payment by membership account and/or membership card,USCPIE7505851*1
ChargePoint Network,,,15815141,15815141,GEA-1 / STATION 1 (L),25435121,247,3122811461,2024-05-26T12:19:18Z,2024-05-26T13:05:49Z,,37.726501,58.673,membership,Payment by membership account and/or membership card,USCPIE15815141*1
ChargePoint Network,,,15640171,15640171,NECDC / STATION 2 (R),25228711,247,3116577831,2024-05-23T15:19:04Z,2024-05-23T16:08:08Z,,38.856300,54.236,membership,Payment by membership account and/or membership card,USCPIE15640171*1
ChargePoint Network,,,12720861,12720861,WRECC / STATION 2,21977121,247,3115523111,2024-05-23T02:05:58Z,2024-05-23T02:07:30Z,,0.000000,0.0,membership,Payment by membership account and/or membership card,USCPIE12720861*1
ChargePoint Network,,,15332351,15332351,TUA NW ATLANTIC / STATION 2 (R),24867891,247,3129215451,2024-05-29T16:19:12Z,2024-05-29T16:40:54Z,,33.833801,97.583,membership,Payment by membership account and/or membership card,USCPIE15332351*1
ChargePoint Network,,,14097801,14097801,SCOTTSBORO EPB / SEPB DCFC (L),23570921,247,3098222441,2024-05-15T18:06:43Z,2024-05-15T18:21:27Z,,11.896900,75.851,membership,Payment by membership account and/or membership card,USCPIE14097801*1
ChargePoint Network,,,15623211,15623211,CLW / 5TH ST 2 (R),25208281,247,3073231091,2024-05-04T14:59:51Z,2024-05-04T15:26:16Z,,30.159700,70.755,membership,Payment by membership account and/or membership card,USCPIE15623211*1
ChargePoint Network,,,12720861,12720861,WRECC / STATION 2,21977121,247,3127122291,2024-05-28T19:38:21Z,2024-05-28T20:19:17Z,,38.188499,58.596,membership,Payment by membership account and/or membership card,USCPIE12720861*1
ChargePoint Network,,,15332321,15332321,TUA NW ATLANTIC / STATION 1 (L),24867861,247,3071716361,2024-05-03T19:19:34Z,2024-05-03T20:11:06Z,,44.978699,59.597,credit_card_terminal,Payment via credit card or debit card terminal,USCPIE15332321*1
ChargePoint Network,,,15332351,15332351,TUA NW ATLANTIC / STATION 2 (R),,,3067174461,2024-05-02T00:25:59Z,2024-05-02T00:28:09Z,,0.000000,,credit_card_terminal,Payment via credit card or debit card terminal,USCPIE15332351*0
ChargePoint Network,,,14097801,14097801,SCOTTSBORO EPB / SEPB DCFC (L),23570921,247,3069344181,2024-05-02T19:27:56Z,2024-05-02T20:11:34Z,,18.140600,57.035,membership,Payment by membership account and/or membership card,USCPIE14097801*1
ChargePoint Network,,,13292801,13292801,LODGE CAST IRON / STORE & MUSEUM,22637561,3,3098174281,2024-05-15T17:43:17Z,2024-05-15T18:01:59Z,,2.037916,6.8963,membership,Payment by membership account and/or membership card,USCPIE13292801*2
ChargePoint Network,,,13290491,13290491,7SPC / NASA USSRC L,22634931,3,3112386401,2024-05-21T22:01:51Z,2024-05-22T00:02:39Z,,6.096747,3.0543,credit_card_terminal,Payment via credit card or debit card terminal,USCPIE13290491*1
ChargePoint Network,,,15694081,15694081,BRIGHTRIDGE EV / STATION 2 (R),25291921,247,3128209631,2024-05-29T03:52:17Z,2024-05-29T05:04:16Z,,55.198799,75.199,membership,Payment by membership account and/or membership card,USCPIE15694081*1
ChargePoint Network,,,13861891,13861891,BRMEMC / STATION 2,23296321,247,3103915271,2024-05-17T22:41:59Z,2024-05-17T23:53:08Z,,92.894897,86.828,membership,Payment by membership account and/or membership card,USCPIE13861891*1
ChargePoint Network,,,12720861,12720861,WRECC / STATION 2,21977121,247,3113542011,2024-05-22T12:08:11Z,2024-05-22T12:29:02Z,,20.711000,63.299,membership,Payment by membership account and/or membership card,USCPIE12720861*1
ChargePoint Network,,,14337221,14337221,HOLSTONELECTRIC / CHURCH HILL-1,23844801,247,3089956041,2024-05-12T00:07:58Z,2024-05-12T00:08:29Z,,0.000000,0.0,membership,Payment by membership account and/or membership card,USCPIE14337221*1
ChargePoint Network,,,13861861,13861861,BRMEMC / STATION 1,23296281,247,3105037361,2024-05-18T14:34:05Z,2024-05-18T14:53:51Z,,18.248501,87.165,membership,Payment by membership account and/or membership card,USCPIE13861861*1
ChargePoint Network,,,13606061,13606061,I24 EXIT11 / STATION 4 (RR),22992511,247,3072919041,2024-05-04T06:15:25Z,2024-05-04T07:54:07Z,,85.966003,77.617,credit_card_terminal,Payment via credit card or debit card terminal,USCPIE13606061*1
ChargePoint Network,,,13606061,13606061,I24 EXIT11 / STATION 4 (RR),22992511,247,3096029031,2024-05-14T20:28:44Z,2024-05-14T20:49:13Z,,15.364300,52.984,membership,Payment by membership account and/or membership card,USCPIE13606061*1
ChargePoint Network,,,8851921,8851921,7SPC / SEVIERVILLE DC1,15571271,100011,3098074671,2024-05-15T16:55:37Z,2024-05-15T17:47:09Z,,1.506600,7.39,membership,Payment by membership account and/or membership card,USCPIE8851921*1
ChargePoint Network,,,15623231,15623231,CLW / 5TH ST 1 (L),25208301,247,3095162931,2024-05-14T14:36:41Z,2024-05-14T14:48:11Z,,12.919700,70.004,membership,Payment by membership account and/or membership card,USCPIE15623231*1
ChargePoint Network,,,15260241,15260241,STEMC / STATION 1 (L) A,24784071,247,3117812991,2024-05-23T23:41:11Z,2024-05-24T00:04:56Z,,27.416401,73.8,membership,Payment by membership account and/or membership card,USCPIE15260241*1
ChargePoint Network,,,15260241,15260241,STEMC / STATION 1 (L) A,,,3088971161,2024-05-11T14:56:59Z,2024-05-11T14:59:00Z,,0.000000,,membership,Payment by membership account and/or membership card,USCPIE15260241*0
ChargePoint Network,,,14337501,14337501,HOLSTONELECTRIC / CHURCH HILL-2,23845091,100011,3073940541,2024-05-04T22:21:27Z,2024-05-04T22:56:33Z,,25.278700,53.34,credit_card_terminal,Payment via credit card or debit card terminal,USCPIE14337501*1
ChargePoint Network,,,15623231,15623231,CLW / 5TH ST 1 (L),25208301,247,3071137591,2024-05-03T15:06:49Z,2024-05-03T16:07:06Z,,60.387100,123.045,phone_online,"Payment through mobile app, website, automated phone number or messaging system",USCPIE15623231*1
ChargePoint Network,,,13423691,13423691,AEC / STATION #1 (L),22787121,247,3070740541,2024-05-03T11:11:19Z,2024-05-03T11:58:26Z,,37.298500,73.4,membership,Payment by membership account and/or membership card,USCPIE13423691*1
ChargePoint Network,,,1988061,1988061,7SPC / SCES DOLLYWOOD,25235441,3,3074780741,2024-05-05T13:54:48Z,2024-05-05T14:09:45Z,,1.683105,7.246,membership,Payment by membership account and/or membership card,USCPIE1988061*1
ChargePoint Network,,,5525971,5525971,7SPC / SPARTA TN,9154691,3,3124835681,2024-05-27T18:50:12Z,2024-05-27T19:11:12Z,,2.230124,6.4798,membership,Payment by membership account and/or membership card,USCPIE5525971*2
ChargePoint Network,,,13423691,13423691,AEC / STATION #1 (L),22787121,247,3129342241,2024-05-29T17:10:54Z,2024-05-29T17:22:58Z,,14.971900,83.16,membership,Payment by membership account and/or membership card,USCPIE13423691*1
ChargePoint Network,,,13966811,13966811,BEA / STATION 2 (LM),23420881,247,3116062521,2024-05-23T11:18:17Z,2024-05-23T11:34:49Z,,17.129601,66.105,membership,Payment by membership account and/or membership card,USCPIE13966811*1
ChargePoint Network,,,14097711,14097711,SCOTTSBORO EPB / SEPB DCFC (R),23570811,247,3075148941,2024-05-05T18:34:24Z,2024-05-05T19:24:06Z,,35.521400,58.134,membership,Payment by membership account and/or membership card,USCPIE14097711*1
ChargePoint Network,,,15694081,15694081,BRIGHTRIDGE EV / STATION 1 (L),25291921,247,3103741691,2024-05-17T21:23:08Z,2024-05-17T22:37:48Z,,18.374800,67.816,membership,Payment by membership account and/or membership card,USCPIE15694081*1
ChargePoint Network,,,7505851,7505851,JEFFERSON AVE. / OXFORD STA1(L),12955471,247,3073710421,2024-05-04T20:05:32Z,2024-05-04T20:35:30Z,,24.263901,55.2,membership,Payment by membership account and/or membership card,USCPIE7505851*1
ChargePoint Network,,,13651631,13651631,MLEC / STATION 2 (R) H,23045821,247,3120261051,2024-05-24T23:42:30Z,2024-05-24T23:46:41Z,,3.939700,72.863,credit_card_terminal,Payment via credit card or debit card terminal,USCPIE13651631*1
ChargePoint Network,,,13606091,13606091,I24 EXIT11 / STATION 3 (RM),22992551,247,3101332201,2024-05-16T21:58:06Z,2024-05-16T22:17:40Z,,16.656200,53.7,membership,Payment by membership account and/or membership card,USCPIE13606091*1
ChargePoint Network,,,5350831,5350831,CULLMANELECTRIC / CEC MAIN OFFICE,8932491,3,3102180541,2024-05-17T04:42:08Z,2024-05-17T04:44:08Z,,0.000000,0.0,other,Any other payment method not specified above. Additional description should be provided in Payment Method Description.,USCPIE5350831*1
ChargePoint Network,,,15548181,15548181,DECATURDOWNTWN / STATION 2 (L),25119551,100011,3066328871,2024-05-01T18:23:14Z,2024-05-01T19:14:53Z,,14.916000,17.836,membership,Payment by membership account and/or membership card,USCPIE15548181*1
ChargePoint Network,,,15548181,15548181,DECATURDOWNTWN / STATION 2 (L),25119551,247,3114989521,2024-05-22T22:15:38Z,2024-05-22T22:21:05Z,,8.565200,0.0,membership,Payment by membership account and/or membership card,USCPIE15548181*1
ChargePoint Network,,,13606061,13606061,I24 EXIT11 / STATION 4 (RR),22992511,100011,3082187211,2024-05-08T18:49:31Z,2024-05-08T18:50:33Z,,0.000000,0.0,membership,Payment by membership account and/or membership card,USCPIE13606061*1
ChargePoint Network,,,14359491,14359491,EBOFG / STATION 1 (L),23870291,247,3074080801,2024-05-04T23:45:19Z,2024-05-04T23:45:40Z,,0.000000,0.0,membership,Payment by membership account and/or membership card,USCPIE14359491*1
ChargePoint Network,,,15623211,15623211,CLW / 5TH ST 2 (R),25208281,247,3114517761,2024-05-22T18:58:07Z,2024-05-22T19:27:21Z,,28.642099,72.889,membership,Payment by membership account and/or membership card,USCPIE15623211*1
ChargePoint Network,,,7505851,7505851,JEFFERSON AVE. / OXFORD STA1(L),12955471,247,3081083161,2024-05-08T09:27:11Z,2024-05-08T10:23:26Z,,43.751400,53.7,membership,Payment by membership account and/or membership card,USCPIE7505851*1
ChargePoint Network,,,1988061,1988061,7SPC / SCES DOLLYWOOD,25499831,3,3131942631,2024-05-30T17:35:27Z,2024-05-30T23:02:51Z,,21.009335,5.2801,credit_card_terminal,Payment via credit card or debit card terminal,USCPIE1988061*1
ChargePoint Network,,,15623211,15623211,CLW / 5TH ST 2 (R),25208281,247,3088807391,2024-05-11T12:29:43Z,2024-05-11T13:22:54Z,,65.852097,122.583,credit_card_terminal,Payment via credit card or debit card terminal,USCPIE15623211*1
ChargePoint Network,,,12720881,12720881,WRECC / STATION 1,21977141,247,3089617791,2024-05-11T21:06:13Z,2024-05-11T21:43:24Z,,42.362900,70.884,credit_card_terminal,Payment via credit card or debit card terminal,USCPIE12720881*1
ChargePoint Network,,,15293211,15293211,TRNG CENTER / TRAININGCENTER1,24823111,3,3133509281,2024-05-29T21:52:28Z,2024-05-29T21:56:45Z,,0.410281,6.0291,membership,Payment by membership account and/or membership card,USCPIE15293211*2
ChargePoint Network,,,14355251,14355251,HARTSELLE 1 / STATION 2 (R),23865691,247,3087483811,2024-05-10T20:20:18Z,2024-05-10T20:39:14Z,,19.039101,67.177,membership,Payment by membership account and/or membership card,USCPIE14355251*1
ChargePoint Network,,,15694171,15694171,BRIGHTRIDGE EV / STATION 2 (R),25292041,247,3095348401,2024-05-14T15:37:37Z,2024-05-14T16:10:32Z,,44.908798,122.276,membership,Payment by membership account and/or membership card,USCPIE15694171*1
ChargePoint Network,,,14047321,14047321,JEFFERSON AVE. / OXFORD STA2(R),23514081,247,3092684241,2024-05-13T14:25:25Z,2024-05-13T14:41:16Z,,10.214100,52.139,membership,Payment by membership account and/or membership card,USCPIE14047321*1
ChargePoint Network,,,5397731,5397731,EEDEV / MILLIGAN UNIV,9010251,3,3117244081,2024-05-23T19:44:36Z,2024-05-24T10:17:04Z,,77.012535,6.1606,credit_card_terminal,Payment via credit card or debit card terminal,USCPIE5397731*1
ChargePoint Network,,,1932851,1932851,BRIGHTRIDGE EV / BR-JC LIBRARY,23319821,3,3072965711,2024-05-04T07:11:59Z,2024-05-04T07:13:58Z,,0.000000,,phone_online,"Payment through mobile app, website, automated phone number or messaging system",USCPIE1932851*2
ChargePoint Network,,,15280441,15280441,SPRFLD ELECTRIC / STATION 2 (R),24807641,247,3130438781,2024-05-30T01:05:50Z,2024-05-30T02:15:37Z,,60.583500,58.057,other,Any other payment method not specified above. Additional description should be provided in Payment Method Description.,USCPIE15280441*1
ChargePoint Network,,,5346231,5346231,CULLMANELECTRIC / STATION2-R,8926271,247,3125107221,2024-05-27T21:44:13Z,2024-05-27T22:42:20Z,,44.644199,73.481,membership,Payment by membership account and/or membership card,USCPIE5346231*1
ChargePoint Network,,,13966031,13966031,BEA / STATION 4 (RR),23419961,247,3086489071,2024-05-10T13:02:41Z,2024-05-10T13:38:01Z,,37.323799,75.851,credit_card_terminal,Payment via credit card or debit card terminal,USCPIE13966031*1
ChargePoint Network,,,5354011,5354011,7SPC / GREENEVILLE TA,8936791,100011,3122902481,2024-05-26T14:21:18Z,2024-05-26T15:06:54Z,,31.421700,52.196,credit_card_terminal,Payment via credit card or debit card terminal,USCPIE5354011*1
ChargePoint Network,,,1933211,1933211,BRIGHTRIDGE EV / BR-JONESBOROUGH,2283631,3,3131041361,2024-05-30T10:52:25Z,2024-05-30T19:42:28Z,,43.292107,6.2979,credit_card_terminal,Payment via credit card or debit card terminal,USCPIE1933211*1
ChargePoint Network,,,7505851,7505851,JEFFERSON AVE. / OXFORD STA1(L),,,3119533661,2024-05-24T18:05:50Z,2024-05-24T18:07:51Z,,0.000000,,other,Any other payment method not specified above. Additional description should be provided in Payment Method Description.,USCPIE7505851*0
ChargePoint Network,,,5354011,5354011,7SPC / GREENEVILLE TA,,,3109906201,2024-05-20T22:16:15Z,2024-05-20T22:18:17Z,,0.000000,,membership,Payment by membership account and/or membership card,USCPIE5354011*0
ChargePoint Network,,,1964521,1964521,EBOFG / GUNTERSVILLE PD,8374211,3,3115299071,2024-05-23T00:29:35Z,2024-05-23T01:52:10Z,,4.818889,3.7914,credit_card_terminal,Payment via credit card or debit card terminal,USCPIE1964521*2
ChargePoint Network,,,13664401,13664401,BTES / STATION 1 (LL),23060421,247,3086543551,2024-05-10T13:32:19Z,2024-05-10T14:21:42Z,,30.980400,53.789,membership,Payment by membership account and/or membership card,USCPIE13664401*1
ChargePoint Network,,,1988141,1988141,7SPC / SCES DREAM MORE,2355561,3,3122797261,2024-05-26T11:53:11Z,2024-05-26T16:26:21Z,,30.834890,7.1423,membership,Payment by membership account and/or membership card,USCPIE1988141*1
ChargePoint Network,,,15640031,15640031,NECDC / STATION 1 (L),25228511,247,3071972201,2024-05-03T21:13:03Z,2024-05-03T21:20:15Z,,5.553300,57.596,membership,Payment by membership account and/or membership card,USCPIE15640031*1
ChargePoint Network,,,15548151,15548151,DECATURDOWNTWN / STATION 1 (R),,,3105392091,2024-05-18T18:18:43Z,2024-05-18T18:20:44Z,,0.000000,,membership,Payment by membership account and/or membership card,USCPIE15548151*0
ChargePoint Network,,,682921,682921,7SPC / TVPPA OFFICE,9117261,3,3103867091,2024-05-17T22:20:05Z,2024-05-18T11:53:18Z,,49.578770,6.1133,credit_card_terminal,Payment via credit card or debit card terminal,USCPIE682921*2
ChargePoint Network,,,15623231,15623231,CLW / 5TH ST 1 (L),25208301,247,3103748901,2024-05-17T21:26:14Z,2024-05-17T21:30:49Z,,4.365300,68.991,membership,Payment by membership account and/or membership card,USCPIE15623231*1
ChargePoint Network,,,5445161,5445161,7SPC / UC - LIVINGSTON,9052341,3,3126931931,2024-05-28T18:14:47Z,2024-05-28T19:17:10Z,,7.360338,7.1923,membership,Payment by membership account and/or membership card,USCPIE5445161*1
ChargePoint Network,,,5354011,5354011,7SPC / GREENEVILLE TA,8936791,207,3130796051,2024-05-30T04:17:34Z,2024-05-30T04:56:39Z,,26.819799,52.984,membership,Payment by membership account and/or membership card,USCPIE5354011*1
ChargePoint Network,,,14097711,14097711,SCOTTSBORO EPB / SEPB DCFC (R),23570811,247,3077094501,2024-05-06T17:17:29Z,2024-05-06T17:43:54Z,,21.321100,76.4,credit_card_terminal,Payment via credit card or debit card terminal,USCPIE14097711*1
ChargePoint Network,,,1964521,1964521,EBOFG / GUNTERSVILLE PD,8374211,3,3112325871,2024-05-21T21:35:14Z,2024-05-22T02:11:59Z,,34.057060,7.489,credit_card_terminal,Payment via credit card or debit card terminal,USCPIE1964521*2
ChargePoint Network,,,14047321,14047321,JEFFERSON AVE. / OXFORD STA2(R),23514081,247,3094553161,2024-05-14T04:56:00Z,2024-05-14T05:56:09Z,,46.653301,54.534,membership,Payment by membership account and/or membership card,USCPIE14047321*1
ChargePoint Network,,,5354011,5354011,7SPC / GREENEVILLE TA,8936791,207,3099206191,2024-05-16T01:02:35Z,2024-05-16T01:30:26Z,,26.886600,61.445,credit_card_terminal,Payment via credit card or debit card terminal,USCPIE5354011*1
ChargePoint Network,,,14047321,14047321,JEFFERSON AVE. / OXFORD STA2(R),,,3087001081,2024-05-10T16:39:47Z,2024-05-10T16:39:51Z,,0.000000,,membership,Payment by membership account and/or membership card,USCPIE14047321*0
ChargePoint Network,,,13423691,13423691,AEC / STATION #1 (L),22787121,247,3089421441,2024-05-11T19:21:00Z,2024-05-11T19:59:47Z,,51.501099,82.367,membership,Payment by membership account and/or membership card,USCPIE13423691*1
ChargePoint Network,,,12406491,12406491,FPIA / LEFT STATION,21527781,247,3093774851,2024-05-13T22:03:55Z,2024-05-13T22:18:58Z,,8.894300,37.599,membership,Payment by membership account and/or membership card,USCPIE12406491*1
ChargePoint Network,,,1964521,1964521,EBOFG / GUNTERSVILLE PD,8374211,3,3071436381,2024-05-03T17:01:19Z,2024-05-03T19:26:37Z,,8.860249,3.6924,membership,Payment by membership account and/or membership card,USCPIE1964521*2
ChargePoint Network,,,1988141,1988141,7SPC / SCES DREAM MORE,2355571,3,3099873441,2024-05-16T11:31:05Z,2024-05-16T14:52:34Z,,17.133566,7.2114,membership,Payment by membership account and/or membership card,USCPIE1988141*2
ChargePoint Network,,,15694171,15694171,BRIGHTRIDGE EV / STATION 2 (R),25292041,247,3091753341,2024-05-13T00:38:00Z,2024-05-13T00:59:50Z,,39.013199,114.389,membership,Payment by membership account and/or membership card,USCPIE15694171*1
ChargePoint Network,,,13664401,13664401,BTES / STATION 1 (LL),23060421,247,3120216831,2024-05-24T23:19:03Z,2024-05-24T23:28:16Z,,6.806600,0.0,credit_card_terminal,Payment via credit card or debit card terminal,USCPIE13664401*1
ChargePoint Network,,,15694081,15694081,BRIGHTRIDGE EV / STATION 1 (L),25291921,247,3104687871,2024-05-18T05:44:58Z,2024-05-18T05:45:55Z,,0.000000,0.0,credit_card_terminal,Payment via credit card or debit card terminal,USCPIE15694081*1
ChargePoint Network,,,15548151,15548151,DECATURDOWNTWN / STATION 1 (R),25119511,247,3100732691,2024-05-16T17:38:58Z,2024-05-16T17:56:14Z,,21.888500,80.783,credit_card_terminal,Payment via credit card or debit card terminal,USCPIE15548151*1
ChargePoint Network,,,5619801,5619801,7SPC / WARREN RECC BG,9274251,3,3129336411,2024-05-29T17:08:40Z,2024-05-29T17:08:55Z,,0.000000,,membership,Payment by membership account and/or membership card,USCPIE5619801*1
ChargePoint Network,,,15694171,15694171,BRIGHTRIDGE EV / STATION 1 (L),25292041,247,3128573821,2024-05-29T11:53:26Z,2024-05-29T11:53:38Z,,0.000000,0.0,membership,Payment by membership account and/or membership card,USCPIE15694171*1
ChargePoint Network,,,5445161,5445161,7SPC / UC - LIVINGSTON,9052351,3,3116664171,2024-05-23T15:44:18Z,2024-05-23T19:19:46Z,,25.077484,7.0868,membership,Payment by membership account and/or membership card,USCPIE5445161*2
ChargePoint Network,,,9677521,9677521,UT PARKING / S7 STATION 1,17169341,3,3124878771,2024-05-27T19:18:20Z,2024-05-27T19:30:41Z,,1.373590,6.886,membership,Payment by membership account and/or membership card,USCPIE9677521*2
ChargePoint Network,,,15250771,15250771,SES-TN / STATION 1,24772691,247,3101624751,2024-05-17T00:02:11Z,2024-05-17T00:49:36Z,,47.487801,75.45,membership,Payment by membership account and/or membership card,USCPIE15250771*1
ChargePoint Network,,,14355251,14355251,HARTSELLE 1 / STATION 2 (R),23865691,247,3084542941,2024-05-09T17:03:33Z,2024-05-09T17:50:44Z,,32.644199,70.847,credit_card_terminal,Payment via credit card or debit card terminal,USCPIE14355251*1
ChargePoint Network,,,7505851,7505851,JEFFERSON AVE. / OXFORD STA1(L),,,3105730451,2024-05-18T21:36:17Z,2024-05-18T21:38:18Z,,0.000000,,other,Any other payment method not specified above. Additional description should be provided in Payment Method Description.,USCPIE7505851*0
ChargePoint Network,,,9777021,9777021,CRMC / CRMC-2- L2RIGHT,17361741,3,3083973531,2024-05-09T13:38:02Z,2024-05-09T20:47:54Z,,51.473526,,membership,Payment by membership account and/or membership card,USCPIE9777021*1
ChargePoint Network,,,8851921,8851921,7SPC / SEVIERVILLE DC1,15571271,207,3116190101,2024-05-23T12:35:07Z,2024-05-23T12:46:21Z,,0.000000,0.0,membership,Payment by membership account and/or membership card,USCPIE8851921*1
ChargePoint Network,,,13606061,13606061,I24 EXIT11 / STATION 4 (RR),22992511,247,3101700011,2024-05-17T00:33:09Z,2024-05-17T00:42:42Z,,12.106800,0.0,membership,Payment by membership account and/or membership card,USCPIE13606061*1
ChargePoint Network,,,13606091,13606091,I24 EXIT11 / STATION 3 (RM),22992551,247,3107534411,2024-05-19T22:06:19Z,2024-05-19T22:09:21Z,,3.170100,0.0,membership,Payment by membership account and/or membership card,USCPIE13606091*1
ChargePoint Network,,,7505851,7505851,JEFFERSON AVE. / OXFORD STA1(L),12955471,247,3078680601,2024-05-07T11:36:36Z,2024-05-07T12:15:27Z,,32.634899,75.375,credit_card_terminal,Payment via credit card or debit card terminal,USCPIE7505851*1
ChargePoint Network,,,1964521,1964521,EBOFG / GUNTERSVILLE PD,8374201,3,3121443291,2024-05-25T17:07:05Z,2024-05-25T18:43:44Z,,11.410761,7.2104,credit_card_terminal,Payment via credit card or debit card terminal,USCPIE1964521*1
ChargePoint Network,,,5565191,5565191,7SPC / DOLLYWOOD EMPL,9205031,3,3071480811,2024-05-03T17:22:42Z,2024-05-03T19:41:06Z,,11.080626,7.352,membership,Payment by membership account and/or membership card,USCPIE5565191*1
ChargePoint Network,,,14337501,14337501,HOLSTONELECTRIC / CHURCH HILL-2,23845091,100011,3088088611,2024-05-11T01:00:20Z,2024-05-11T01:48:30Z,,33.632301,52.958,membership,Payment by membership account and/or membership card,USCPIE14337501*1
ChargePoint Network,,,5346231,5346231,CULLMANELECTRIC / STATION2-R,8926271,247,3065666461,2024-05-01T14:04:44Z,2024-05-01T14:55:32Z,,53.333099,76.625,credit_card_terminal,Payment via credit card or debit card terminal,USCPIE5346231*1
ChargePoint Network,,,13606091,13606091,I24 EXIT11 / STATION 3 (RM),22992551,247,3097488581,2024-05-15T13:07:14Z,2024-05-15T13:36:02Z,,26.333401,58.561,credit_card_terminal,Payment via credit card or debit card terminal,USCPIE13606091*1
ChargePoint Network,,,13606091,13606091,I24 EXIT11 / STATION 3 (RM),22992551,247,3118934931,2024-05-24T13:47:41Z,2024-05-24T14:20:52Z,,26.909000,54.534,membership,Payment by membership account and/or membership card,USCPIE13606091*1
ChargePoint Network,,,1988061,1988061,7SPC / SCES DOLLYWOOD,25235441,3,3071065921,2024-05-03T14:35:01Z,2024-05-03T14:37:00Z,,0.000000,0.0,credit_card_terminal,Payment via credit card or debit card terminal,USCPIE1988061*1
ChargePoint Network,,,12406491,12406491,FPIA / LEFT STATION,21527781,247,3105748221,2024-05-18T21:51:01Z,2024-05-18T22:02:50Z,,12.766900,71.838,membership,Payment by membership account and/or membership card,USCPIE12406491*1
ChargePoint Network,,,5619801,5619801,7SPC / WARREN RECC BG,9274251,3,3064650101,2024-05-01T00:21:44Z,2024-05-01T00:57:45Z,,3.730380,6.353,membership,Payment by membership account and/or membership card,USCPIE5619801*1
ChargePoint Network,,,12676411,12676411,NEMEPA / NEMEPA CUSTOMER,21923891,3,3091277091,2024-05-12T20:10:17Z,2024-05-13T12:20:21Z,,45.769772,6.2292,membership,Payment by membership account and/or membership card,USCPIE12676411*1
ChargePoint Network,,,14047321,14047321,JEFFERSON AVE. / OXFORD STA2(R),,,3089223221,2024-05-11T17:32:14Z,2024-05-11T17:32:18Z,,0.000000,,membership,Payment by membership account and/or membership card,USCPIE14047321*0
ChargePoint Network,,,1933211,1933211,BRIGHTRIDGE EV / BR-JONESBOROUGH,2283641,3,3105075071,2024-05-18T15:02:58Z,2024-05-18T16:52:45Z,,3.014926,3.3403,membership,Payment by membership account and/or membership card,USCPIE1933211*2
ChargePoint Network,,,15280471,15280471,SPRFLD ELECTRIC / STATION 1 (L),24807681,247,3089987501,2024-05-12T00:26:29Z,2024-05-12T02:09:20Z,,22.921600,62.409,membership,Payment by membership account and/or membership card,USCPIE15280471*1
ChargePoint Network,,,5122191,5122191,CULLMANELECTRIC / STATION1-L,8482151,247,3131250301,2024-05-30T13:03:55Z,2024-05-30T13:49:46Z,,40.938499,73.629,membership,Payment by membership account and/or membership card,USCPIE5122191*1
ChargePoint Network,,,5565191,5565191,7SPC / DOLLYWOOD EMPL,9205041,3,3083814251,2024-05-09T12:17:08Z,2024-05-09T15:29:54Z,,11.245778,3.5377,membership,Payment by membership account and/or membership card,USCPIE5565191*2
ChargePoint Network,,,13664471,13664471,BTES / STATION 3 (RM),23060511,247,3121256061,2024-05-25T15:02:05Z,2024-05-25T15:39:24Z,,20.254700,54.416,membership,Payment by membership account and/or membership card,USCPIE13664471*1
ChargePoint Network,,,1932851,1932851,BRIGHTRIDGE EV / BR-JC LIBRARY,23319821,3,3077383151,2024-05-06T19:40:13Z,2024-05-06T21:32:12Z,,13.306733,7.3888,credit_card_terminal,Payment via credit card or debit card terminal,USCPIE1932851*2
ChargePoint Network,,,5466441,5466441,7SPC / NASA USSRC R,9079361,3,3100185741,2024-05-16T14:13:59Z,2024-05-16T20:08:06Z,,10.948272,3.346,membership,Payment by membership account and/or membership card,USCPIE5466441*1
ChargePoint Network,,,682921,682921,7SPC / TVPPA OFFICE,9117251,3,3075074331,2024-05-05T17:47:02Z,2024-05-05T18:14:25Z,,2.636162,5.9199,credit_card_terminal,Payment via credit card or debit card terminal,USCPIE682921*1
ChargePoint Network,,,5380331,5380331,CULLMAN PB / STATION 1,8970951,3,3073766271,2024-05-04T20:36:48Z,2024-05-04T20:38:48Z,,0.000000,0.0,membership,Payment by membership account and/or membership card,USCPIE5380331*1
ChargePoint Network,,,15623231,15623231,CLW / 5TH ST 1 (L),,,3098244861,2024-05-15T18:16:19Z,2024-05-15T18:18:05Z,,0.000000,,credit_card_terminal,Payment via credit card or debit card terminal,USCPIE15623231*0
ChargePoint Network,,,14047321,14047321,JEFFERSON AVE. / OXFORD STA2(R),,,3067369361,2024-05-02T01:57:23Z,2024-05-02T01:57:28Z,,0.000000,,membership,Payment by membership account and/or membership card,USCPIE14047321*0
ChargePoint Network,,,12720861,12720861,WRECC / STATION 2,21977121,247,3124594351,2024-05-27T16:03:50Z,2024-05-27T16:05:59Z,,0.000000,0.0,membership,Payment by membership account and/or membership card,USCPIE12720861*1
ChargePoint Network,,,13026471,13026471,WCMES / CITYHALL2-R,22328331,247,3127711521,2024-05-28T23:40:49Z,2024-05-29T00:02:56Z,,18.415300,66.324,membership,Payment by membership account and/or membership card,USCPIE13026471*1
ChargePoint Network,,,13606121,13606121,I24 EXIT11 / STATION 2 (LM),22992591,247,3098321091,2024-05-15T18:52:53Z,2024-05-15T19:20:33Z,,26.327400,61.599,membership,Payment by membership account and/or membership card,USCPIE13606121*1
ChargePoint Network,,,1988141,1988141,7SPC / SCES DREAM MORE,2355571,3,3097379241,2024-05-15T12:11:38Z,2024-05-15T15:46:46Z,,20.920242,7.1347,membership,Payment by membership account and/or membership card,USCPIE1988141*2
ChargePoint Network,,,13606091,13606091,I24 EXIT11 / STATION 3 (RM),22992551,247,3088770421,2024-05-11T11:35:20Z,2024-05-11T12:18:24Z,,13.788000,35.581,credit_card_terminal,Payment via credit card or debit card terminal,USCPIE13606091*1
ChargePoint Network,,,14097801,14097801,SCOTTSBORO EPB / SEPB DCFC (L),23570921,247,3073375431,2024-05-04T16:42:00Z,2024-05-04T17:16:40Z,,32.462399,71.779,membership,Payment by membership account and/or membership card,USCPIE14097801*1
ChargePoint Network,,,14047321,14047321,JEFFERSON AVE. / OXFORD STA2(R),23514081,247,3117298901,2024-05-23T20:05:56Z,2024-05-23T20:28:29Z,,26.806700,72.635,membership,Payment by membership account and/or membership card,USCPIE14047321*1
ChargePoint Network,,,8851921,8851921,7SPC / SEVIERVILLE DC1,15571271,207,3109763041,2024-05-20T21:17:59Z,2024-05-20T21:47:00Z,,14.550700,40.456,membership,Payment by membership account and/or membership card,USCPIE8851921*1
ChargePoint Network,,,15694171,15694171,BRIGHTRIDGE EV / STATION 1 (L),25292041,247,3121274421,2024-05-25T15:16:02Z,2024-05-25T15:50:13Z,,39.868000,78.208,membership,Payment by membership account and/or membership card,USCPIE15694171*1
ChargePoint Network,,,14337221,14337221,HOLSTONELECTRIC / CHURCH HILL-1,,,3069839771,2024-05-02T22:56:42Z,2024-05-02T22:58:42Z,,0.000000,,membership,Payment by membership account and/or membership card,USCPIE14337221*0
ChargePoint Network,,,5466441,5466441,7SPC / NASA USSRC R,9079371,3,3101401671,2024-05-16T22:26:21Z,2024-05-16T22:31:09Z,,0.471858,6.3638,credit_card_terminal,Payment via credit card or debit card terminal,USCPIE5466441*2
ChargePoint Network,,,5354011,5354011,7SPC / GREENEVILLE TA,8936791,207,3104913561,2024-05-18T12:36:06Z,2024-05-18T13:34:31Z,,41.173801,53.279,membership,Payment by membership account and/or membership card,USCPIE5354011*1
ChargePoint Network,,,5122191,5122191,CULLMANELECTRIC / STATION1-L,8482151,247,3130235181,2024-05-29T23:37:42Z,2024-05-29T23:38:56Z,,0.000000,0.0,credit_card_terminal,Payment via credit card or debit card terminal,USCPIE5122191*1
ChargePoint Network,,,12720881,12720881,WRECC / STATION 1,21977141,247,3131460781,2024-05-30T14:42:09Z,2024-05-30T15:05:09Z,,21.320000,57.932,membership,Payment by membership account and/or membership card,USCPIE12720881*1
ChargePoint Network,,,13292801,13292801,LODGE CAST IRON / STORE & MUSEUM,22637561,3,3100873491,2024-05-16T18:47:54Z,2024-05-16T18:55:12Z,,0.782750,6.9094,credit_card_terminal,Payment via credit card or debit card terminal,USCPIE13292801*2
ChargePoint Network,,,15332321,15332321,TUA NW ATLANTIC / STATION 1 (L),24867861,247,3086639061,2024-05-10T14:23:03Z,2024-05-10T15:00:51Z,,15.568700,50.827,credit_card_terminal,Payment via credit card or debit card terminal,USCPIE15332321*1
ChargePoint Network,,,13659831,13659831,LAWRENCEBURG / STATION 1 (L),23054881,247,3099117061,2024-05-16T00:25:50Z,2024-05-16T00:54:00Z,,31.702999,72.912,credit_card_terminal,Payment via credit card or debit card terminal,USCPIE13659831*1
ChargePoint Network,,,5619801,5619801,7SPC / WARREN RECC BG,9274251,3,3067513281,2024-05-02T03:06:04Z,2024-05-02T04:04:51Z,,6.135119,6.3626,membership,Payment by membership account and/or membership card,USCPIE5619801*1
ChargePoint Network,,,8851921,8851921,7SPC / SEVIERVILLE DC1,15571271,207,3089717721,2024-05-11T22:00:26Z,2024-05-11T22:02:15Z,,0.000000,0.0,credit_card_terminal,Payment via credit card or debit card terminal,USCPIE8851921*1
ChargePoint Network,,,5354011,5354011,7SPC / GREENEVILLE TA,8936791,207,3074341981,2024-05-05T02:31:04Z,2024-05-05T03:21:24Z,,42.593300,52.895,credit_card_terminal,Payment via credit card or debit card terminal,USCPIE5354011*1
ChargePoint Network,,,15694081,15694081,BRIGHTRIDGE EV / STATION 1 (L),,,3105893601,2024-05-18T23:30:40Z,2024-05-18T23:32:53Z,,0.000000,,credit_card_terminal,Payment via credit card or debit card terminal,USCPIE15694081*0
ChargePoint Network,,,15694171,15694171,BRIGHTRIDGE EV / STATION 1 (L),25292041,247,3122123921,2024-05-25T23:45:03Z,2024-05-25T23:49:47Z,,2.777700,0.0,membership,Payment by membership account and/or membership card,USCPIE15694171*1
ChargePoint Network,,,1988061,1988061,7SPC / SCES DOLLYWOOD,25235451,3,3073460261,2024-05-04T17:35:00Z,2024-05-04T17:36:59Z,,0.000000,0.0,membership,Payment by membership account and/or membership card,USCPIE1988061*2
ChargePoint Network,,,9745721,9745721,CRMC / CRMC-1 - L2LEFT,17301481,3,3097290171,2024-05-15T11:03:16Z,2024-05-15T16:52:05Z,,40.612434,7.074,membership,Payment by membership account and/or membership card,USCPIE9745721*2
ChargePoint Network,,,13966051,13966051,BEA / STATION 3 (RM),23419981,247,3075305851,2024-05-05T20:08:57Z,2024-05-05T20:49:09Z,,40.116901,74.663,credit_card_terminal,Payment via credit card or debit card terminal,USCPIE13966051*1
ChargePoint Network,,,13606091,13606091,I24 EXIT11 / STATION 3 (RM),22992551,247,3070937181,2024-05-03T13:26:08Z,2024-05-03T14:09:28Z,,28.517700,53.131,membership,Payment by membership account and/or membership card,USCPIE13606091*1
ChargePoint Network,,,12406491,12406491,FPIA / LEFT STATION,21527781,247,3119605531,2024-05-24T18:42:44Z,2024-05-24T20:23:39Z,,54.067902,74.052,membership,Payment by membership account and/or membership card,USCPIE12406491*1
ChargePoint Network,,,15548181,15548181,DECATURDOWNTWN / STATION 2 (L),25119551,247,3122974491,2024-05-26T15:29:27Z,2024-05-26T15:33:50Z,,0.000000,0.0,membership,Payment by membership account and/or membership card,USCPIE15548181*1
ChargePoint Network,,,5122191,5122191,CULLMANELECTRIC / STATION1-L,8482151,247,3089951211,2024-05-12T00:04:49Z,2024-05-12T01:08:50Z,,70.860497,70.76,credit_card_terminal,Payment via credit card or debit card terminal,USCPIE5122191*1
ChargePoint Network,,,5380331,5380331,CULLMAN PB / STATION 1,8970961,3,3122884171,2024-05-26T14:01:01Z,2024-05-26T16:50:34Z,,19.962606,7.17,membership,Payment by membership account and/or membership card,USCPIE5380331*2
ChargePoint Network,,,14049761,14049761,PARIS BPU / STATION 2(R),23516951,247,3121445011,2024-05-25T17:08:07Z,2024-05-25T17:23:36Z,,14.095500,58.59,membership,Payment by membership account and/or membership card,USCPIE14049761*1
ChargePoint Network,,,15548181,15548181,DECATURDOWNTWN / STATION 2 (L),25119551,247,3120220371,2024-05-24T23:22:10Z,2024-05-25T00:43:32Z,,41.640301,53.428,credit_card_terminal,Payment via credit card or debit card terminal,USCPIE15548181*1
ChargePoint Network,,,1933211,1933211,BRIGHTRIDGE EV / BR-JONESBOROUGH,2283631,3,3103381051,2024-05-17T18:43:53Z,2024-05-18T01:46:29Z,,42.740097,6.1249,membership,Payment by membership account and/or membership card,USCPIE1933211*1
ChargePoint Network,,,5122191,5122191,CULLMANELECTRIC / STATION1-L,8482151,247,3126743301,2024-05-28T16:45:21Z,2024-05-28T17:34:36Z,,53.422199,71.116,membership,Payment by membership account and/or membership card,USCPIE5122191*1
ChargePoint Network,,,1988061,1988061,7SPC / SCES DOLLYWOOD,25235441,3,3066225431,2024-05-01T17:31:30Z,2024-05-01T17:32:02Z,,0.000000,,membership,Payment by membership account and/or membership card,USCPIE1988061*1
ChargePoint Network,,,15623211,15623211,CLW / 5TH ST 2 (R),25208281,247,3069152631,2024-05-02T18:01:59Z,2024-05-02T18:14:40Z,,10.124700,0.0,membership,Payment by membership account and/or membership card,USCPIE15623211*1
ChargePoint Network,,,14359491,14359491,EBOFG / STATION 1 (L),23870291,247,3073566441,2024-05-04T18:40:22Z,2024-05-04T18:40:50Z,,0.000000,0.0,membership,Payment by membership account and/or membership card,USCPIE14359491*1
ChargePoint Network,,,5122191,5122191,CULLMANELECTRIC / STATION1-L,8482151,247,3090972571,2024-05-12T17:03:27Z,2024-05-12T17:45:14Z,,47.736198,75.62,membership,Payment by membership account and/or membership card,USCPIE5122191*1
ChargePoint Network,,,15623211,15623211,CLW / 5TH ST 2 (R),25208281,247,3114031471,2024-05-22T15:35:23Z,2024-05-22T15:59:27Z,,13.811300,69.63,credit_card_terminal,Payment via credit card or debit card terminal,USCPIE15623211*1
ChargePoint Network,,,12406491,12406491,FPIA / LEFT STATION,21527781,247,3106935161,2024-05-19T16:26:17Z,2024-05-19T16:37:55Z,,13.166800,73.232,membership,Payment by membership account and/or membership card,USCPIE12406491*1
ChargePoint Network,,,15250771,15250771,SES-TN / STATION 1,24772691,247,3073737881,2024-05-04T20:22:21Z,2024-05-04T21:18:52Z,,34.237900,50.25,membership,Payment by membership account and/or membership card,USCPIE15250771*1
ChargePoint Network,,,15640171,15640171,NECDC / STATION 2 (R),25228711,247,3103708901,2024-05-17T21:08:46Z,2024-05-17T21:55:17Z,,43.830101,59.201,membership,Payment by membership account and/or membership card,USCPIE15640171*1
ChargePoint Network,,,13966051,13966051,BEA / STATION 3 (RM),23419981,247,3106948381,2024-05-19T16:35:32Z,2024-05-19T17:12:51Z,,44.157799,72.323,membership,Payment by membership account and/or membership card,USCPIE13966051*1
ChargePoint Network,,,13664501,13664501,BTES / STATION 4 (RR),23060561,247,3067170211,2024-05-02T00:25:23Z,2024-05-02T01:11:43Z,,52.824299,72.323,credit_card_terminal,Payment via credit card or debit card terminal,USCPIE13664501*1
ChargePoint Network,,,12989161,12989161,BTES / CITY HALL,22285821,3,3122878051,2024-05-26T13:54:37Z,2024-05-26T14:22:45Z,,3.287580,7.2554,membership,Payment by membership account and/or membership card,USCPIE12989161*2
ChargePoint Network,,,1964521,1964521,EBOFG / GUNTERSVILLE PD,8374201,3,3066289231,2024-05-01T18:03:24Z,2024-05-01T19:04:03Z,,7.263076,7.3156,membership,Payment by membership account and/or membership card,USCPIE1964521*1
ChargePoint Network,,,1988141,1988141,7SPC / SCES DREAM MORE,2355561,3,3121938021,2024-05-25T21:59:14Z,2024-05-25T22:26:19Z,,3.050839,6.9289,membership,Payment by membership account and/or membership card,USCPIE1988141*1
ChargePoint Network,,,13423691,13423691,AEC / STATION #1 (L),22787121,247,3116864511,2024-05-23T16:55:51Z,2024-05-23T18:03:31Z,,86.928902,87.073,other,Any other payment method not specified above. Additional description should be provided in Payment Method Description.,USCPIE13423691*1
ChargePoint Network,,,13606121,13606121,I24 EXIT11 / STATION 2 (LM),22992591,100011,3071943801,2024-05-03T21:00:01Z,2024-05-03T21:43:20Z,,22.000401,38.412,membership,Payment by membership account and/or membership card,USCPIE13606121*1
ChargePoint Network,,,13606091,13606091,I24 EXIT11 / STATION 3 (RM),22992551,247,3102914351,2024-05-17T15:24:04Z,2024-05-17T15:49:33Z,,27.752701,75.45,membership,Payment by membership account and/or membership card,USCPIE13606091*1
ChargePoint Network,,,5424051,5424051,EEDEV / ELIZ DOWNTOWN,9027001,3,3117654201,2024-05-23T22:33:20Z,2024-05-23T23:57:35Z,,2.796134,6.5351,membership,Payment by membership account and/or membership card,USCPIE5424051*2
ChargePoint Network,,,7173851,7173851,SCOTTSBORO EPB / MAIN OFFICE,12310861,3,3085331211,2024-05-09T22:36:26Z,2024-05-10T14:11:46Z,,36.404850,7.3499,membership,Payment by membership account and/or membership card,USCPIE7173851*1
ChargePoint Network,,,15623211,15623211,CLW / 5TH ST 2 (R),25208281,247,3090489861,2024-05-12T06:10:12Z,2024-05-12T06:24:10Z,,17.806200,82.926,membership,Payment by membership account and/or membership card,USCPIE15623211*1
ChargePoint Network,,,1932851,1932851,BRIGHTRIDGE EV / BR-JC LIBRARY,23319821,3,3064841411,2024-05-01T01:49:48Z,2024-05-01T04:04:19Z,,15.764571,7.2418,credit_card_terminal,Payment via credit card or debit card terminal,USCPIE1932851*2
ChargePoint Network,,,13664401,13664401,BTES / STATION 1 (LL),23060421,247,3090946081,2024-05-12T16:47:06Z,2024-05-12T17:46:37Z,,23.722300,50.874,membership,Payment by membership account and/or membership card,USCPIE13664401*1
ChargePoint Network,,,14337221,14337221,HOLSTONELECTRIC / CHURCH HILL-1,23844801,247,3089954601,2024-05-12T00:06:53Z,2024-05-12T00:07:19Z,,0.000000,0.0,credit_card_terminal,Payment via credit card or debit card terminal,USCPIE14337221*1
ChargePoint Network,,,14355251,14355251,HARTSELLE 1 / STATION 2 (R),23865691,247,3070301001,2024-05-03T02:30:12Z,2024-05-03T02:30:50Z,,0.000000,0.0,phone_online,"Payment through mobile app, website, automated phone number or messaging system",USCPIE14355251*1
ChargePoint Network,,,5354011,5354011,7SPC / GREENEVILLE TA,8936791,207,3108624551,2024-05-20T13:11:41Z,2024-05-20T13:48:20Z,,26.824800,53.341,other,Any other payment method not specified above. Additional description should be provided in Payment Method Description.,USCPIE5354011*1
ChargePoint Network,,,13292801,13292801,LODGE CAST IRON / STORE & MUSEUM,22637561,3,3108293171,2024-05-20T06:58:00Z,2024-05-20T07:00:54Z,,0.250031,7.0278,membership,Payment by membership account and/or membership card,USCPIE13292801*2
ChargePoint Network,,,15694171,15694171,BRIGHTRIDGE EV / STATION 2 (R),25292041,247,3093613561,2024-05-13T20:51:17Z,2024-05-13T21:39:33Z,,49.498100,73.26,membership,Payment by membership account and/or membership card,USCPIE15694171*1
ChargePoint Network,,,14047321,14047321,JEFFERSON AVE. / OXFORD STA2(R),23514081,247,3109967001,2024-05-20T22:44:08Z,2024-05-20T23:14:24Z,,32.569099,65.995,membership,Payment by membership account and/or membership card,USCPIE14047321*1
ChargePoint Network,,,5346231,5346231,CULLMANELECTRIC / STATION2-R,8926271,247,3087556221,2024-05-10T20:52:16Z,2024-05-10T23:59:44Z,,153.810501,70.884,membership,Payment by membership account and/or membership card,USCPIE5346231*1
ChargePoint Network,,,15815141,15815141,GEA-1 / STATION 1 (L),,,3105776301,2024-05-18T22:09:55Z,2024-05-18T22:11:56Z,,0.000000,,membership,Payment by membership account and/or membership card,USCPIE15815141*0
ChargePoint Network,,,7505851,7505851,JEFFERSON AVE. / OXFORD STA1(L),12955471,247,3089563721,2024-05-11T20:37:25Z,2024-05-11T20:50:03Z,,19.460199,122.459,membership,Payment by membership account and/or membership card,USCPIE7505851*1
ChargePoint Network,,,1988061,1988061,7SPC / SCES DOLLYWOOD,25499831,3,3106711521,2024-05-19T13:24:33Z,2024-05-19T17:03:21Z,,25.772173,7.1338,membership,Payment by membership account and/or membership card,USCPIE1988061*1
ChargePoint Network,,,14097711,14097711,SCOTTSBORO EPB / SEPB DCFC (R),,,3101232171,2024-05-16T21:17:09Z,2024-05-16T21:17:39Z,,0.000000,,credit_card_terminal,Payment via credit card or debit card terminal,USCPIE14097711*0
ChargePoint Network,,,12720861,12720861,WRECC / STATION 2,21977121,247,3123980381,2024-05-27T02:33:23Z,2024-05-27T02:33:33Z,,0.000000,0.0,membership,Payment by membership account and/or membership card,USCPIE12720861*1
ChargePoint Network,,,15640171,15640171,NECDC / STATION 2 (R),25228711,247,3075193121,2024-05-05T19:02:14Z,2024-05-05T20:20:23Z,,48.203999,55.049,membership,Payment by membership account and/or membership card,USCPIE15640171*1
ChargePoint Network,,,9745721,9745721,CRMC / CRMC-1 - L2LEFT,17301481,3,3129294001,2024-05-29T16:50:53Z,2024-05-29T17:57:03Z,,7.820649,7.1952,membership,Payment by membership account and/or membership card,USCPIE9745721*2
ChargePoint Network,,,8851921,8851921,7SPC / SEVIERVILLE DC1,15571271,207,3093818021,2024-05-13T22:22:24Z,2024-05-13T22:57:11Z,,11.174500,29.413,membership,Payment by membership account and/or membership card,USCPIE8851921*1
ChargePoint Network,,,5346231,5346231,CULLMANELECTRIC / STATION2-R,8926271,247,3066646371,2024-05-01T20:39:53Z,2024-05-01T21:47:29Z,,65.628601,70.919,membership,Payment by membership account and/or membership card,USCPIE5346231*1
ChargePoint Network,,,12406401,12406401,FPIA / RIGHT STATION,21527671,247,3129866291,2024-05-29T21:03:04Z,2024-05-29T21:35:42Z,,37.445499,72.666,membership,Payment by membership account and/or membership card,USCPIE12406401*1
ChargePoint Network,,,13664471,13664471,BTES / STATION 3 (RM),23060511,247,3073673371,2024-05-04T19:43:16Z,2024-05-04T19:59:18Z,,28.459600,112.608,membership,Payment by membership account and/or membership card,USCPIE13664471*1
ChargePoint Network,,,1988061,1988061,7SPC / SCES DOLLYWOOD,25235451,3,3088961441,2024-05-11T14:49:56Z,2024-05-11T14:51:56Z,,0.000000,0.0,membership,Payment by membership account and/or membership card,USCPIE1988061*2
ChargePoint Network,,,5565201,5565201,7SPC / SCES LECONTE 2,9205061,3,3074696381,2024-05-05T11:22:50Z,2024-05-05T15:47:52Z,,16.315121,6.9913,membership,Payment by membership account and/or membership card,USCPIE5565201*2
ChargePoint Network,,,13606061,13606061,I24 EXIT11 / STATION 4 (RR),22992511,247,3093459701,2024-05-13T19:44:36Z,2024-05-13T20:33:46Z,,38.365501,82.566,membership,Payment by membership account and/or membership card,USCPIE13606061*1
ChargePoint Network,,,5565241,5565241,7SPC / SCES LECONTE 4,9205111,3,3122234561,2024-05-26T00:51:41Z,2024-05-26T02:38:04Z,,12.267944,7.0876,credit_card_terminal,Payment via credit card or debit card terminal,USCPIE5565241*2
ChargePoint Network,,,15548181,15548181,DECATURDOWNTWN / STATION 2 (L),,,3118224981,2024-05-24T02:44:56Z,2024-05-24T02:47:06Z,,0.000000,,credit_card_terminal,Payment via credit card or debit card terminal,USCPIE15548181*0
ChargePoint Network,,,15548181,15548181,DECATURDOWNTWN / STATION 2 (L),,,3086608611,2024-05-10T14:05:04Z,2024-05-10T14:07:05Z,,0.000000,0.0,membership,Payment by membership account and/or membership card,USCPIE15548181*0
ChargePoint Network,,,13880891,13880891,MU / MUC MAIN OFFICE,23319011,3,3077557771,2024-05-06T20:57:22Z,2024-05-06T22:59:10Z,,14.593652,7.2453,membership,Payment by membership account and/or membership card,USCPIE13880891*1
ChargePoint Network,,,13026471,13026471,WCMES / CITYHALL2-R,22328331,247,3108640171,2024-05-20T13:20:08Z,2024-05-20T13:20:28Z,,0.000000,0.0,membership,Payment by membership account and/or membership card,USCPIE13026471*1
ChargePoint Network,,,1844191,1844191,CLW / MAIN ST,23050441,3,3086536151,2024-05-10T13:28:27Z,2024-05-10T16:00:04Z,,17.750517,7.0958,membership,Payment by membership account and/or membership card,USCPIE1844191*2
ChargePoint Network,,,14359491,14359491,EBOFG / STATION 1 (L),23870291,247,3077222421,2024-05-06T18:23:13Z,2024-05-06T18:24:02Z,,0.000000,0.0,membership,Payment by membership account and/or membership card,USCPIE14359491*1
ChargePoint Network,,,5466441,5466441,7SPC / NASA USSRC R,9079371,3,3100660701,2024-05-16T17:04:25Z,2024-05-16T17:27:47Z,,1.393312,3.6245,membership,Payment by membership account and/or membership card,USCPIE5466441*2
ChargePoint Network,,,1932851,1932851,BRIGHTRIDGE EV / BR-JC LIBRARY,23319821,3,3100997391,2024-05-16T19:39:22Z,2024-05-16T21:32:41Z,,13.877375,7.4295,membership,Payment by membership account and/or membership card,USCPIE1932851*2
ChargePoint Network,,,13606061,13606061,I24 EXIT11 / STATION 4 (RR),22992511,100011,3089871621,2024-05-11T23:21:19Z,2024-05-12T03:19:58Z,,22.649700,28.593,membership,Payment by membership account and/or membership card,USCPIE13606061*1
ChargePoint Network,,,13861891,13861891,BRMEMC / STATION 2,23296321,247,3074806151,2024-05-05T14:24:39Z,2024-05-05T14:58:16Z,,35.181999,71.565,credit_card_terminal,Payment via credit card or debit card terminal,USCPIE13861891*1
ChargePoint Network,,,5346231,5346231,CULLMANELECTRIC / STATION2-R,8926271,247,3104932891,2024-05-18T12:58:11Z,2024-05-18T13:12:42Z,,17.041100,72.071,membership,Payment by membership account and/or membership card,USCPIE5346231*1
ChargePoint Network,,,1844191,1844191,CLW / MAIN ST,23050431,3,3131513271,2024-05-30T15:00:16Z,2024-05-30T18:02:52Z,,21.159458,7.0573,membership,Payment by membership account and/or membership card,USCPIE1844191*1
ChargePoint Network,,,13651631,13651631,MLEC / STATION 2 (R) H,23045821,247,3089460511,2024-05-11T19:42:06Z,2024-05-11T20:26:58Z,,39.780701,105.169,membership,Payment by membership account and/or membership card,USCPIE13651631*1
ChargePoint Network,,,13606121,13606121,I24 EXIT11 / STATION 2 (LM),22992591,247,3095668831,2024-05-14T17:45:20Z,2024-05-14T17:47:52Z,,0.000000,0.0,membership,Payment by membership account and/or membership card,USCPIE13606121*1
ChargePoint Network,,,15548151,15548151,DECATURDOWNTWN / STATION 1 (R),25119511,247,3116771881,2024-05-23T16:18:02Z,2024-05-23T17:00:34Z,,42.720200,78.606,membership,Payment by membership account and/or membership card,USCPIE15548151*1
ChargePoint Network,,,12406491,12406491,FPIA / LEFT STATION,21527781,247,3091330491,2024-05-12T20:41:44Z,2024-05-12T21:29:25Z,,31.256901,77.211,roaming,Payment via roaming partners,USCPIE12406491*1
ChargePoint Network,,,13664501,13664501,BTES / STATION 4 (RR),23060561,247,3073424841,2024-05-04T17:13:32Z,2024-05-04T18:04:06Z,,44.784801,71.904,credit_card_terminal,Payment via credit card or debit card terminal,USCPIE13664501*1
ChargePoint Network,,,5565241,5565241,7SPC / SCES LECONTE 4,9205111,3,3120051411,2024-05-24T22:00:50Z,2024-05-25T00:20:53Z,,14.710000,6.8768,credit_card_terminal,Payment via credit card or debit card terminal,USCPIE5565241*2
ChargePoint Network,,,9677521,9677521,UT PARKING / S7 STATION 1,17169331,3,3073237031,2024-05-03T17:05:52Z,2024-05-03T17:09:12Z,,0.336971,6.9859,membership,Payment by membership account and/or membership card,USCPIE9677521*1
ChargePoint Network,,,1844191,1844191,CLW / MAIN ST,23050431,3,3112340591,2024-05-21T21:42:29Z,2024-05-22T02:10:32Z,,32.344994,7.3282,credit_card_terminal,Payment via credit card or debit card terminal,USCPIE1844191*1
ChargePoint Network,,,12720881,12720881,WRECC / STATION 1,21977141,247,3069447791,2024-05-02T20:10:58Z,2024-05-02T20:23:31Z,,13.801100,70.551,membership,Payment by membership account and/or membership card,USCPIE12720881*1
ChargePoint Network,,,13664471,13664471,BTES / STATION 3 (RM),23060511,247,3076342371,2024-05-06T11:46:34Z,2024-05-06T12:22:02Z,,49.160301,124.0,membership,Payment by membership account and/or membership card,USCPIE13664471*1
ChargePoint Network,,,1932851,1932851,BRIGHTRIDGE EV / BR-JC LIBRARY,23319811,3,3103915901,2024-05-17T22:42:11Z,2024-05-17T23:24:27Z,,1.999323,7.0054,membership,Payment by membership account and/or membership card,USCPIE1932851*1
ChargePoint Network,,,14097801,14097801,SCOTTSBORO EPB / SEPB DCFC (L),23570921,247,3114489621,2024-05-22T18:44:49Z,2024-05-22T19:31:12Z,,44.947300,73.709,credit_card_terminal,Payment via credit card or debit card terminal,USCPIE14097801*1
ChargePoint Network,,,5346231,5346231,CULLMANELECTRIC / STATION2-R,8926271,247,3117358051,2024-05-23T20:30:13Z,2024-05-23T20:57:28Z,,29.632999,86.68,membership,Payment by membership account and/or membership card,USCPIE5346231*1
ChargePoint Network,,,1988061,1988061,7SPC / SCES DOLLYWOOD,25499831,3,3126136471,2024-05-28T12:56:11Z,2024-05-28T20:59:52Z,,53.035690,7.2798,membership,Payment by membership account and/or membership card,USCPIE1988061*1
ChargePoint Network,,,13606061,13606061,I24 EXIT11 / STATION 4 (RR),22992511,247,3071901051,2024-05-03T20:40:51Z,2024-05-03T20:58:30Z,,15.299700,52.895,membership,Payment by membership account and/or membership card,USCPIE13606061*1
ChargePoint Network,,,15742641,15742641,GEA-1 / STATION 2 (R),25349301,247,3078753801,2024-05-07T12:24:18Z,2024-05-07T12:39:11Z,,13.965100,59.444,membership,Payment by membership account and/or membership card,USCPIE15742641*1
ChargePoint Network,,,5354011,5354011,7SPC / GREENEVILLE TA,8936791,207,3110482101,2024-05-21T02:59:03Z,2024-05-21T04:59:57Z,,66.846802,51.504,membership,Payment by membership account and/or membership card,USCPIE5354011*1
ChargePoint Network,,,1964521,1964521,EBOFG / GUNTERSVILLE PD,8374201,3,3122224101,2024-05-26T00:45:14Z,2024-05-26T01:51:29Z,,7.781935,7.1588,membership,Payment by membership account and/or membership card,USCPIE1964521*1
ChargePoint Network,,,1932851,1932851,BRIGHTRIDGE EV / BR-JC LIBRARY,23319811,3,3096253151,2024-05-14T22:06:53Z,2024-05-15T00:18:59Z,,16.421473,7.5349,other,Any other payment method not specified above. Additional description should be provided in Payment Method Description.,USCPIE1932851*1
ChargePoint Network,,,14359491,14359491,EBOFG / STATION 1 (L),23870291,247,3074918881,2024-05-05T16:04:30Z,2024-05-05T16:05:15Z,,0.000000,0.0,membership,Payment by membership account and/or membership card,USCPIE14359491*1
ChargePoint Network,,,12448521,12448521,7SPC / WARREN RECC LF,21576921,3,3112887341,2024-05-22T01:32:37Z,2024-05-22T02:38:26Z,,6.569142,6.0648,membership,Payment by membership account and/or membership card,USCPIE12448521*2
ChargePoint Network,,,5424051,5424051,EEDEV / ELIZ DOWNTOWN,9027001,3,3094550321,2024-05-14T04:50:35Z,2024-05-14T06:02:10Z,,8.636041,7.4887,credit_card_terminal,Payment via credit card or debit card terminal,USCPIE5424051*2
ChargePoint Network,,,14047321,14047321,JEFFERSON AVE. / OXFORD STA2(R),23514081,247,3067369731,2024-05-02T01:57:41Z,2024-05-02T02:36:38Z,,46.945400,76.23,membership,Payment by membership account and/or membership card,USCPIE14047321*1
ChargePoint Network,,,14337501,14337501,HOLSTONELECTRIC / CHURCH HILL-2,23845091,247,3087853051,2024-05-10T23:07:11Z,2024-05-10T23:39:27Z,,60.046902,118.248,membership,Payment by membership account and/or membership card,USCPIE14337501*1
ChargePoint Network,,,5346231,5346231,CULLMANELECTRIC / STATION2-R,,,3101696691,2024-05-17T00:31:04Z,2024-05-17T00:33:05Z,,0.000000,0.0,membership,Payment by membership account and/or membership card,USCPIE5346231*0
ChargePoint Network,,,13861861,13861861,BRMEMC / STATION 1,23296281,247,3100487721,2024-05-16T15:56:59Z,2024-05-16T16:39:42Z,,28.788799,55.694,membership,Payment by membership account and/or membership card,USCPIE13861861*1
ChargePoint Network,,,13606061,13606061,I24 EXIT11 / STATION 4 (RR),22992511,247,3125541571,2024-05-28T02:26:52Z,2024-05-28T03:18:40Z,,53.735699,75.42,membership,Payment by membership account and/or membership card,USCPIE13606061*1
ChargePoint Network,,,1964521,1964521,EBOFG / GUNTERSVILLE PD,8374211,3,3114260421,2024-05-22T16:56:13Z,2024-05-22T21:44:49Z,,6.793808,3.6921,membership,Payment by membership account and/or membership card,USCPIE1964521*2
ChargePoint Network,,,13606091,13606091,I24 EXIT11 / STATION 3 (RM),22992551,247,3075542791,2024-05-05T22:27:47Z,2024-05-05T23:05:48Z,,43.834202,78.008,membership,Payment by membership account and/or membership card,USCPIE13606091*1
ChargePoint Network,,,14097711,14097711,SCOTTSBORO EPB / SEPB DCFC (R),23570811,247,3069340681,2024-05-02T19:26:31Z,2024-05-02T19:56:00Z,,28.233700,72.735,membership,Payment by membership account and/or membership card,USCPIE14097711*1
ChargePoint Network,,,1964521,1964521,EBOFG / GUNTERSVILLE PD,8374211,3,3072100051,2024-05-03T22:11:11Z,2024-05-03T23:06:50Z,,6.773697,7.4667,credit_card_terminal,Payment via credit card or debit card terminal,USCPIE1964521*2
ChargePoint Network,,,15280471,15280471,SPRFLD ELECTRIC / STATION 1 (L),24807681,247,3111975631,2024-05-21T19:10:11Z,2024-05-21T21:22:20Z,,62.896599,62.166,membership,Payment by membership account and/or membership card,USCPIE15280471*1
ChargePoint Network,,,14359491,14359491,EBOFG / STATION 1 (L),23870291,247,3073581011,2024-05-04T18:49:18Z,2024-05-04T18:51:19Z,,0.000000,0.0,membership,Payment by membership account and/or membership card,USCPIE14359491*1
ChargePoint Network,,,14047321,14047321,JEFFERSON AVE. / OXFORD STA2(R),23514081,247,3120317361,2024-05-25T00:10:27Z,2024-05-25T00:27:51Z,,19.780001,68.903,membership,Payment by membership account and/or membership card,USCPIE14047321*1
ChargePoint Network,,,13803581,13803581,FPU / STATION 1 (L),23227201,247,3106560831,2024-05-19T08:32:00Z,2024-05-19T08:42:29Z,,18.357401,0.0,credit_card_terminal,Payment via credit card or debit card terminal,USCPIE13803581*1
ChargePoint Network,,,5397731,5397731,EEDEV / MILLIGAN UNIV,9010261,3,3118653821,2024-05-24T10:17:51Z,2024-05-24T10:19:51Z,,0.000000,0.0,credit_card_terminal,Payment via credit card or debit card terminal,USCPIE5397731*2
ChargePoint Network,,,12460751,12460751,PES / LEFT STATION,22360171,215,3069499261,2024-05-02T20:32:45Z,2024-05-03T15:26:39Z,,38.363098,7.6556,membership,Payment by membership account and/or membership card,USCPIE12460751*1
ChargePoint Network,,,15694171,15694171,BRIGHTRIDGE EV / STATION 2 (R),25292041,100011,3107601331,2024-05-19T22:43:14Z,2024-05-19T23:07:03Z,,16.262600,53.097,other,Any other payment method not specified above. Additional description should be provided in Payment Method Description.,USCPIE15694171*1
ChargePoint Network,,,1932851,1932851,BRIGHTRIDGE EV / BR-JC LIBRARY,23319821,3,3088562751,2024-05-11T05:29:22Z,2024-05-11T07:22:20Z,,11.134000,,membership,Payment by membership account and/or membership card,USCPIE1932851*2
ChargePoint Network,,,5354011,5354011,7SPC / GREENEVILLE TA,8936791,207,3066293561,2024-05-01T18:05:36Z,2024-05-01T18:54:16Z,,44.309700,56.088,membership,Payment by membership account and/or membership card,USCPIE5354011*1
ChargePoint Network,,,5414151,5414151,7SPC / UC - CARTHAGE,9014641,3,3102090071,2024-05-17T03:45:27Z,2024-05-17T10:36:22Z,,48.904148,7.1789,credit_card_terminal,Payment via credit card or debit card terminal,USCPIE5414151*1
ChargePoint Network,,,6867451,6867451,AEC / CORP OFFICE,11708141,3,3111637341,2024-05-21T16:34:26Z,2024-05-21T16:39:21Z,,0.524631,7.2068,phone_online,"Payment through mobile app, website, automated phone number or messaging system",USCPIE6867451*1
ChargePoint Network,,,13659831,13659831,LAWRENCEBURG / STATION 1 (L),23054881,247,3112825331,2024-05-22T01:03:43Z,2024-05-22T01:28:31Z,,29.052700,76.047,membership,Payment by membership account and/or membership card,USCPIE13659831*1
ChargePoint Network,,,14359491,14359491,EBOFG / STATION 1 (L),23870291,247,3073588721,2024-05-04T18:54:17Z,2024-05-04T18:54:41Z,,0.000000,0.0,membership,Payment by membership account and/or membership card,USCPIE14359491*1
ChargePoint Network,,,7505851,7505851,JEFFERSON AVE. / OXFORD STA1(L),12955471,247,3080008191,2024-05-07T21:20:11Z,2024-05-07T21:43:57Z,,18.079599,88.8,membership,Payment by membership account and/or membership card,USCPIE7505851*1
ChargePoint Network,,,7505851,7505851,JEFFERSON AVE. / OXFORD STA1(L),12955471,247,3065579941,2024-05-01T13:25:21Z,2024-05-01T13:58:21Z,,29.757900,73.364,membership,Payment by membership account and/or membership card,USCPIE7505851*1
ChargePoint Network,,,12406491,12406491,FPIA / LEFT STATION,21527781,247,3091146251,2024-05-12T18:52:37Z,2024-05-12T19:14:39Z,,36.104900,116.87,membership,Payment by membership account and/or membership card,USCPIE12406491*1
ChargePoint Network,,,13861891,13861891,BRMEMC / STATION 2,23296321,247,3085818511,2024-05-10T02:05:55Z,2024-05-10T02:44:50Z,,42.124599,72.519,membership,Payment by membership account and/or membership card,USCPIE13861891*1
ChargePoint Network,,,13606061,13606061,I24 EXIT11 / STATION 4 (RR),22992511,100011,3074473561,2024-05-05T04:04:45Z,2024-05-05T04:38:52Z,,11.554000,21.239,membership,Payment by membership account and/or membership card,USCPIE13606061*1
ChargePoint Network,,,5525971,5525971,7SPC / SPARTA TN,9154691,3,3097524311,2024-05-15T13:26:05Z,2024-05-15T15:49:42Z,,17.407936,7.3475,credit_card_terminal,Payment via credit card or debit card terminal,USCPIE5525971*2
ChargePoint Network,,,15555831,15555831,FPU / STATION 2 (R),25128511,100011,3088888941,2024-05-11T13:53:54Z,2024-05-11T14:10:06Z,,3.034000,29.549,membership,Payment by membership account and/or membership card,USCPIE15555831*1
ChargePoint Network,,,12720861,12720861,WRECC / STATION 2,21977121,247,3074066041,2024-05-04T23:36:00Z,2024-05-04T23:43:39Z,,10.163300,0.0,other,Any other payment method not specified above. Additional description should be provided in Payment Method Description.,USCPIE12720861*1
ChargePoint Network,,,13966811,13966811,BEA / STATION 2 (LM),23420881,247,3093836581,2024-05-13T22:30:15Z,2024-05-13T22:48:07Z,,16.466999,57.812,credit_card_terminal,Payment via credit card or debit card terminal,USCPIE13966811*1
ChargePoint Network,,,13803581,13803581,FPU / STATION 1 (L),23227201,247,3132014261,2024-05-30T18:09:22Z,2024-05-30T20:49:19Z,,111.776802,70.919,roaming,Payment via roaming partners,USCPIE13803581*1
ChargePoint Network,,,13966051,13966051,BEA / STATION 3 (RM),23419981,247,3110900591,2024-05-21T11:20:51Z,2024-05-21T11:39:47Z,,20.001400,74.86,membership,Payment by membership account and/or membership card,USCPIE13966051*1
ChargePoint Network,,,13606091,13606091,I24 EXIT11 / STATION 3 (RM),22992551,247,3105476331,2024-05-18T19:08:29Z,2024-05-18T19:24:47Z,,21.408800,84.972,membership,Payment by membership account and/or membership card,USCPIE13606091*1
ChargePoint Network,,,13664501,13664501,BTES / STATION 4 (RR),23060561,100011,3124405121,2024-05-27T12:53:22Z,2024-05-27T13:40:26Z,,11.417500,38.2,credit_card_terminal,Payment via credit card or debit card terminal,USCPIE13664501*1
ChargePoint Network,,,1921351,1921351,STARKVILLE UTIL / STARKVILLE DWTN,23682581,3,3126784441,2024-05-28T17:03:19Z,2024-05-28T21:16:42Z,,30.367792,7.2527,membership,Payment by membership account and/or membership card,USCPIE1921351*2
ChargePoint Network,,,14097711,14097711,SCOTTSBORO EPB / SEPB DCFC (R),23570811,247,3122825071,2024-05-26T12:44:21Z,2024-05-26T13:12:27Z,,32.706299,73.086,membership,Payment by membership account and/or membership card,USCPIE14097711*1
ChargePoint Network,,,1932851,1932851,BRIGHTRIDGE EV / BR-JC LIBRARY,23319821,3,3105055451,2024-05-18T14:48:44Z,2024-05-18T15:26:43Z,,4.216767,7.0842,credit_card_terminal,Payment via credit card or debit card terminal,USCPIE1932851*2
ChargePoint Network,,,13664401,13664401,BTES / STATION 1 (LL),23060421,247,3068209351,2024-05-02T14:05:57Z,2024-05-02T14:27:21Z,,36.864700,119.339,membership,Payment by membership account and/or membership card,USCPIE13664401*1
ChargePoint Network,,,14355251,14355251,HARTSELLE 1 / STATION 2 (R),23865691,247,3069028741,2024-05-02T17:01:48Z,2024-05-02T17:28:48Z,,26.054600,62.645,membership,Payment by membership account and/or membership card,USCPIE14355251*1
ChargePoint Network,,,15548181,15548181,DECATURDOWNTWN / STATION 2 (L),25119551,247,3119390171,2024-05-24T16:58:55Z,2024-05-24T17:56:11Z,,53.571701,75.041,membership,Payment by membership account and/or membership card,USCPIE15548181*1
ChargePoint Network,,,9677521,9677521,UT PARKING / S7 STATION 1,17169341,3,3068158081,2024-05-02T13:44:54Z,2024-05-02T15:50:17Z,,14.816463,7.2441,membership,Payment by membership account and/or membership card,USCPIE9677521*2
ChargePoint Network,,,5363211,5363211,HARTSELLE 1 / HARTSELLE 1,23427581,3,3095312131,2024-05-14T15:26:53Z,2024-05-14T16:00:08Z,,3.889403,7.1539,credit_card_terminal,Payment via credit card or debit card terminal,USCPIE5363211*2
ChargePoint Network,,,5363211,5363211,HARTSELLE 1 / HARTSELLE 1,23427581,3,3123067421,2024-05-26T16:38:11Z,2024-05-26T17:24:17Z,,5.409102,7.1118,membership,Payment by membership account and/or membership card,USCPIE5363211*2
ChargePoint Network,,,15548151,15548151,DECATURDOWNTWN / STATION 1 (R),25119511,247,3122280401,2024-05-26T01:18:37Z,2024-05-26T01:46:16Z,,20.931900,47.817,membership,Payment by membership account and/or membership card,USCPIE15548151*1
ChargePoint Network,,,5354011,5354011,7SPC / GREENEVILLE TA,8936791,207,3087985191,2024-05-11T00:11:42Z,2024-05-11T00:46:50Z,,32.652500,56.884,other,Any other payment method not specified above. Additional description should be provided in Payment Method Description.,USCPIE5354011*1
ChargePoint Network,,,12406401,12406401,FPIA / RIGHT STATION,21527671,247,3118900161,2024-05-24T13:26:20Z,2024-05-24T14:20:57Z,,42.115700,77.027,membership,Payment by membership account and/or membership card,USCPIE12406401*1
ChargePoint Network,,,1988141,1988141,7SPC / SCES DREAM MORE,2355561,3,3124496911,2024-05-27T14:40:02Z,2024-05-27T15:48:35Z,,8.011063,7.1021,membership,Payment by membership account and/or membership card,USCPIE1988141*1
ChargePoint Network,,,13606061,13606061,I24 EXIT11 / STATION 4 (RR),22992511,247,3071447051,2024-05-03T17:06:00Z,2024-05-03T17:16:43Z,,10.841700,74.071,membership,Payment by membership account and/or membership card,USCPIE13606061*1
ChargePoint Network,,,15332321,15332321,TUA NW ATLANTIC / STATION 1 (L),24867861,247,3080375951,2024-05-07T23:56:12Z,2024-05-08T00:50:59Z,,69.612503,86.632,membership,Payment by membership account and/or membership card,USCPIE15332321*1
ChargePoint Network,,,5122191,5122191,CULLMANELECTRIC / STATION1-L,8482151,100011,3088107181,2024-05-11T01:08:49Z,2024-05-11T01:50:16Z,,7.680500,49.228,membership,Payment by membership account and/or membership card,USCPIE5122191*1
ChargePoint Network,,,15640031,15640031,NECDC / STATION 1 (L),25228511,247,3094078651,2024-05-14T00:19:21Z,2024-05-14T00:39:38Z,,20.309401,62.349,membership,Payment by membership account and/or membership card,USCPIE15640031*1
ChargePoint Network,,,14359491,14359491,EBOFG / STATION 1 (L),23870291,247,3073571661,2024-05-04T18:43:26Z,2024-05-04T18:44:33Z,,0.000000,0.0,membership,Payment by membership account and/or membership card,USCPIE14359491*1
ChargePoint Network,,,5363211,5363211,HARTSELLE 1 / HARTSELLE 1,23427581,3,3126784791,2024-05-28T17:03:29Z,2024-05-28T18:27:09Z,,8.644115,6.2698,membership,Payment by membership account and/or membership card,USCPIE5363211*2
ChargePoint Network,,,5122191,5122191,CULLMANELECTRIC / STATION1-L,8482151,247,3117181921,2024-05-23T19:18:50Z,2024-05-23T19:43:43Z,,28.653000,71.148,membership,Payment by membership account and/or membership card,USCPIE5122191*1
ChargePoint Network,,,5363211,5363211,HARTSELLE 1 / HARTSELLE 1,23427571,3,3126398321,2024-05-28T14:53:02Z,2024-05-28T23:59:07Z,,65.653587,7.3677,credit_card_terminal,Payment via credit card or debit card terminal,USCPIE5363211*1
ChargePoint Network,,,13861891,13861891,BRMEMC / STATION 2,23296321,247,3082418841,2024-05-08T20:24:15Z,2024-05-08T20:41:06Z,,18.892300,70.363,membership,Payment by membership account and/or membership card,USCPIE13861891*1
ChargePoint Network,,,12720861,12720861,WRECC / STATION 2,21977121,247,3114956511,2024-05-22T22:02:56Z,2024-05-22T22:44:21Z,,41.373901,62.243,membership,Payment by membership account and/or membership card,USCPIE12720861*1
ChargePoint Network,,,14359491,14359491,EBOFG / STATION 1 (L),23870291,247,3124646201,2024-05-27T16:42:25Z,2024-05-27T16:42:59Z,,0.000000,0.0,membership,Payment by membership account and/or membership card,USCPIE14359491*1
ChargePoint Network,,,15640031,15640031,NECDC / STATION 1 (L),,,3098023581,2024-05-15T16:32:28Z,2024-05-15T16:34:28Z,,0.000000,,membership,Payment by membership account and/or membership card,USCPIE15640031*0
ChargePoint Network,,,1988141,1988141,7SPC / SCES DREAM MORE,2355561,3,3126447881,2024-05-28T15:08:37Z,2024-05-28T18:33:33Z,,23.934462,7.0942,membership,Payment by membership account and/or membership card,USCPIE1988141*1
ChargePoint Network,,,5346231,5346231,CULLMANELECTRIC / STATION2-R,8926271,247,3067154371,2024-05-02T00:18:52Z,2024-05-02T00:41:10Z,,19.143101,71.314,membership,Payment by membership account and/or membership card,USCPIE5346231*1
ChargePoint Network,,,13966031,13966031,BEA / STATION 4 (RR),23419961,247,3098530611,2024-05-15T20:17:56Z,2024-05-15T20:46:26Z,,32.797901,75.62,membership,Payment by membership account and/or membership card,USCPIE13966031*1
ChargePoint Network,,,5414151,5414151,7SPC / UC - CARTHAGE,9014651,3,3119547181,2024-05-24T18:14:23Z,2024-05-24T18:49:01Z,,2.100304,3.6798,membership,Payment by membership account and/or membership card,USCPIE5414151*2
ChargePoint Network,,,5445161,5445161,7SPC / UC - LIVINGSTON,9052351,3,3121169131,2024-05-25T13:50:54Z,2024-05-26T01:07:18Z,,25.971205,7.087,membership,Payment by membership account and/or membership card,USCPIE5445161*2
ChargePoint Network,,,1921351,1921351,STARKVILLE UTIL / STARKVILLE DWTN,23682581,3,3106092451,2024-05-19T01:42:47Z,2024-05-19T15:53:13Z,,94.131798,7.262,membership,Payment by membership account and/or membership card,USCPIE1921351*2
ChargePoint Network,,,13966811,13966811,BEA / STATION 2 (LM),23420881,247,3119449941,2024-05-24T17:27:12Z,2024-05-24T18:19:42Z,,48.107899,71.76,membership,Payment by membership account and/or membership card,USCPIE13966811*1
ChargePoint Network,,,15250771,15250771,SES-TN / STATION 1,24772691,247,3113897481,2024-05-22T14:52:58Z,2024-05-22T16:07:27Z,,43.616402,54.236,membership,Payment by membership account and/or membership card,USCPIE15250771*1
ChargePoint Network,,,5384781,5384781,7SPC / TRI-COUNTY EMC,9273701,3,3084446921,2024-05-09T16:24:23Z,2024-05-09T17:43:56Z,,9.486451,7.3248,membership,Payment by membership account and/or membership card,USCPIE5384781*2
ChargePoint Network,,,682921,682921,7SPC / TVPPA OFFICE,9117251,3,3090848011,2024-05-12T15:10:33Z,2024-05-12T17:44:43Z,,14.973333,5.982,membership,Payment by membership account and/or membership card,USCPIE682921*1
ChargePoint Network,,,5346231,5346231,CULLMANELECTRIC / STATION2-R,8926271,247,3099212721,2024-05-16T01:05:23Z,2024-05-16T01:31:32Z,,29.986099,72.269,membership,Payment by membership account and/or membership card,USCPIE5346231*1
ChargePoint Network,,,12720861,12720861,WRECC / STATION 2,21977121,247,3075063141,2024-05-05T17:39:46Z,2024-05-05T18:32:17Z,,38.532398,53.7,membership,Payment by membership account and/or membership card,USCPIE12720861*1
ChargePoint Network,,,5565201,5565201,7SPC / SCES LECONTE 2,9205051,3,3090037721,2024-05-12T00:55:36Z,2024-05-12T10:22:04Z,,49.449497,7.1109,membership,Payment by membership account and/or membership card,USCPIE5565201*1
ChargePoint Network,,,15640031,15640031,NECDC / STATION 1 (L),25228511,247,3066863051,2024-05-01T22:13:58Z,2024-05-01T22:33:18Z,,16.811600,56.209,membership,Payment by membership account and/or membership card,USCPIE15640031*1
ChargePoint Network,,,15694171,15694171,BRIGHTRIDGE EV / STATION 1 (L),25292041,247,3126125801,2024-05-28T12:51:29Z,2024-05-28T12:53:41Z,,0.000000,0.0,membership,Payment by membership account and/or membership card,USCPIE15694171*1
ChargePoint Network,,,13966811,13966811,BEA / STATION 2 (LM),23420881,247,3067599171,2024-05-02T04:00:57Z,2024-05-02T05:01:36Z,,47.102200,53.949,membership,Payment by membership account and/or membership card,USCPIE13966811*1
ChargePoint Network,,,5625391,5625391,7SPC / VEC JAMESTOWN,9280961,3,3073398321,2024-05-04T16:56:22Z,2024-05-04T17:19:56Z,,2.816137,7.5126,membership,Payment by membership account and/or membership card,USCPIE5625391*1
ChargePoint Network,,,14359491,14359491,EBOFG / STATION 1 (L),,,3131869481,2024-05-30T17:02:02Z,2024-05-30T17:02:08Z,,0.000000,,membership,Payment by membership account and/or membership card,USCPIE14359491*0
ChargePoint Network,,,5350831,5350831,CULLMANELECTRIC / CEC MAIN OFFICE,8932491,3,3102183091,2024-05-17T04:44:34Z,2024-05-17T04:46:34Z,,0.000000,0.0,other,Any other payment method not specified above. Additional description should be provided in Payment Method Description.,USCPIE5350831*1
ChargePoint Network,,,15332321,15332321,TUA NW ATLANTIC / STATION 1 (L),24867861,247,3067460631,2024-05-02T02:50:41Z,2024-05-02T02:51:22Z,,0.000000,0.0,credit_card_terminal,Payment via credit card or debit card terminal,USCPIE15332321*1
ChargePoint Network,,,5346231,5346231,CULLMANELECTRIC / STATION2-R,8926271,247,3099962601,2024-05-16T12:25:37Z,2024-05-16T12:41:29Z,,17.485201,68.903,membership,Payment by membership account and/or membership card,USCPIE5346231*1
ChargePoint Network,,,1988061,1988061,7SPC / SCES DOLLYWOOD,25235441,3,3066216721,2024-05-01T17:25:24Z,2024-05-01T17:27:23Z,,0.000000,0.0,membership,Payment by membership account and/or membership card,USCPIE1988061*1
ChargePoint Network,,,12406491,12406491,FPIA / LEFT STATION,21527781,247,3073313741,2024-05-04T16:00:59Z,2024-05-04T16:27:34Z,,25.577000,76.599,membership,Payment by membership account and/or membership card,USCPIE12406491*1
ChargePoint Network,,,1921351,1921351,STARKVILLE UTIL / STARKVILLE DWTN,23682571,3,3093442391,2024-05-13T19:36:41Z,2024-05-13T23:39:55Z,,29.984247,7.435,membership,Payment by membership account and/or membership card,USCPIE1921351*1
ChargePoint Network,,,13292801,13292801,LODGE CAST IRON / STORE & MUSEUM,22637561,3,3105509921,2024-05-18T19:26:45Z,2024-05-18T19:42:30Z,,1.734284,6.9417,membership,Payment by membership account and/or membership card,USCPIE13292801*2
ChargePoint Network,,,12720861,12720861,WRECC / STATION 2,21977121,247,3078261321,2024-05-07T02:39:54Z,2024-05-07T02:58:33Z,,21.042500,70.8,membership,Payment by membership account and/or membership card,USCPIE12720861*1
ChargePoint Network,,,5346231,5346231,CULLMANELECTRIC / STATION2-R,8926271,247,3098662731,2024-05-15T21:14:16Z,2024-05-15T21:33:12Z,,23.761801,85.968,membership,Payment by membership account and/or membership card,USCPIE5346231*1
ChargePoint Network,,,1988061,1988061,7SPC / SCES DOLLYWOOD,25499841,3,3118961971,2024-05-24T14:01:37Z,2024-05-24T21:36:20Z,,52.962688,7.251,membership,Payment by membership account and/or membership card,USCPIE1988061*2
ChargePoint Network,,,13606091,13606091,I24 EXIT11 / STATION 3 (RM),22992551,247,3070315321,2024-05-03T02:40:19Z,2024-05-03T03:00:45Z,,24.296200,75.263,membership,Payment by membership account and/or membership card,USCPIE13606091*1
ChargePoint Network,,,12720861,12720861,WRECC / STATION 2,21977121,247,3132187881,2024-05-30T19:27:23Z,2024-05-30T19:34:33Z,,0.000000,0.0,membership,Payment by membership account and/or membership card,USCPIE12720861*1
ChargePoint Network,,,13606061,13606061,I24 EXIT11 / STATION 4 (RR),22992511,247,3069678711,2024-05-02T21:52:00Z,2024-05-02T22:49:10Z,,39.134399,54.464,membership,Payment by membership account and/or membership card,USCPIE13606061*1
ChargePoint Network,,,15640171,15640171,NECDC / STATION 2 (R),25228711,247,3107228721,2024-05-19T19:16:55Z,2024-05-19T20:55:26Z,,91.503700,59.674,membership,Payment by membership account and/or membership card,USCPIE15640171*1
ChargePoint Network,,,12406491,12406491,FPIA / LEFT STATION,21527781,247,3069658691,2024-05-02T21:42:58Z,2024-05-02T22:26:27Z,,19.160500,59.127,membership,Payment by membership account and/or membership card,USCPIE12406491*1
ChargePoint Network,,,14025691,14025691,PARIS BPU / STATION 1(L),23489541,247,3101228701,2024-05-16T21:16:02Z,2024-05-16T21:41:46Z,,28.680099,69.498,membership,Payment by membership account and/or membership card,USCPIE14025691*1
ChargePoint Network,,,15694081,15694081,BRIGHTRIDGE EV / STATION 1 (L),25291921,247,3084292391,2024-05-09T15:37:13Z,2024-05-09T16:17:04Z,,45.232399,122.737,membership,Payment by membership account and/or membership card,USCPIE15694081*1
ChargePoint Network,,,5122191,5122191,CULLMANELECTRIC / STATION1-L,8482151,247,3085357351,2024-05-09T22:46:46Z,2024-05-09T23:31:24Z,,48.262699,78.012,membership,Payment by membership account and/or membership card,USCPIE5122191*1
ChargePoint Network,,,14025691,14025691,PARIS BPU / STATION 1(L),23489541,247,3079600541,2024-05-07T18:21:20Z,2024-05-07T19:03:54Z,,40.404900,77.585,membership,Payment by membership account and/or membership card,USCPIE14025691*1
ChargePoint Network,,,14359491,14359491,EBOFG / STATION 1 (L),23870291,247,3077218541,2024-05-06T18:21:09Z,2024-05-06T18:22:09Z,,0.000000,0.0,membership,Payment by membership account and/or membership card,USCPIE14359491*1
ChargePoint Network,,,5346231,5346231,CULLMANELECTRIC / STATION2-R,8926271,247,3108762031,2024-05-20T14:21:15Z,2024-05-20T14:49:40Z,,27.764500,72.236,membership,Payment by membership account and/or membership card,USCPIE5346231*1
ChargePoint Network,,,5346231,5346231,CULLMANELECTRIC / STATION2-R,8926271,247,3104824221,2024-05-18T09:49:09Z,2024-05-18T10:00:43Z,,11.767100,67.735,membership,Payment by membership account and/or membership card,USCPIE5346231*1
ChargePoint Network,,,13164881,13164881,BTES / STATION 2 (LM),22491051,247,3066588951,2024-05-01T20:15:46Z,2024-05-01T20:25:23Z,,12.208000,0.0,membership,Payment by membership account and/or membership card,USCPIE13164881*1
ChargePoint Network,,,15548181,15548181,DECATURDOWNTWN / STATION 2 (L),25119551,247,3100996161,2024-05-16T19:39:09Z,2024-05-16T19:58:52Z,,5.075600,48.462,membership,Payment by membership account and/or membership card,USCPIE15548181*1
ChargePoint Network,,,13664501,13664501,BTES / STATION 4 (RR),23060561,247,3069114701,2024-05-02T17:43:26Z,2024-05-02T18:26:06Z,,47.827099,70.167,credit_card_terminal,Payment via credit card or debit card terminal,USCPIE13664501*1
ChargePoint Network,,,5346231,5346231,CULLMANELECTRIC / STATION2-R,8926271,247,3120685011,2024-05-25T03:14:20Z,2024-05-25T03:43:08Z,,50.860802,114.267,membership,Payment by membership account and/or membership card,USCPIE5346231*1
ChargePoint Network,,,14097711,14097711,SCOTTSBORO EPB / SEPB DCFC (R),23570811,247,3087161381,2024-05-10T17:54:41Z,2024-05-10T17:55:10Z,,0.000000,0.0,membership,Payment by membership account and/or membership card,USCPIE14097711*1
ChargePoint Network,,,5565191,5565191,7SPC / DOLLYWOOD EMPL,9205031,3,3081299731,2024-05-08T12:49:57Z,2024-05-08T14:48:20Z,,9.418039,6.838,membership,Payment by membership account and/or membership card,USCPIE5565191*1
ChargePoint Network,,,5346231,5346231,CULLMANELECTRIC / STATION2-R,8926271,247,3124562251,2024-05-27T15:38:31Z,2024-05-27T15:44:37Z,,0.000000,0.0,membership,Payment by membership account and/or membership card,USCPIE5346231*1
ChargePoint Network,,,5565191,5565191,7SPC / DOLLYWOOD EMPL,9205031,3,3070961681,2024-05-03T13:40:09Z,2024-05-03T16:33:18Z,,20.841200,7.3309,membership,Payment by membership account and/or membership card,USCPIE5565191*1
ChargePoint Network,,,14355271,14355271,HARTSELLE 1 / STATION 1 (L),23865711,247,3095573621,2024-05-14T16:59:42Z,2024-05-14T17:51:18Z,,25.485001,38.905,membership,Payment by membership account and/or membership card,USCPIE14355271*1
ChargePoint Network,,,7505851,7505851,JEFFERSON AVE. / OXFORD STA1(L),12955471,247,3127427031,2024-05-28T21:44:03Z,2024-05-28T21:58:01Z,,13.871200,81.192,membership,Payment by membership account and/or membership card,USCPIE7505851*1
ChargePoint Network,,,13606061,13606061,I24 EXIT11 / STATION 4 (RR),22992511,247,3112478561,2024-05-21T22:39:55Z,2024-05-21T23:08:32Z,,33.142700,76.832,membership,Payment by membership account and/or membership card,USCPIE13606061*1
ChargePoint Network,,,5346231,5346231,CULLMANELECTRIC / STATION2-R,,,3130140441,2024-05-29T22:56:24Z,2024-05-29T22:58:25Z,,0.000000,,membership,Payment by membership account and/or membership card,USCPIE5346231*0
ChargePoint Network,,,15623211,15623211,CLW / 5TH ST 2 (R),25208281,247,3120314641,2024-05-25T00:08:56Z,2024-05-25T00:23:31Z,,26.432600,117.503,membership,Payment by membership account and/or membership card,USCPIE15623211*1
ChargePoint Network,,,8851921,8851921,7SPC / SEVIERVILLE DC1,15571271,207,3122624541,2024-05-26T05:28:45Z,2024-05-26T05:43:38Z,,12.184100,52.096,membership,Payment by membership account and/or membership card,USCPIE8851921*1
ChargePoint Network,,,13606061,13606061,I24 EXIT11 / STATION 4 (RR),22992511,247,3064986721,2024-05-01T03:03:07Z,2024-05-01T03:34:13Z,,36.733898,77.027,membership,Payment by membership account and/or membership card,USCPIE13606061*1
ChargePoint Network,,,15694171,15694171,BRIGHTRIDGE EV / STATION 2 (R),,,3107098021,2024-05-19T18:01:31Z,2024-05-19T18:03:32Z,,0.000000,,membership,Payment by membership account and/or membership card,USCPIE15694171*0
ChargePoint Network,,,8851921,8851921,7SPC / SEVIERVILLE DC1,15571271,207,3089734851,2024-05-11T22:09:53Z,2024-05-11T22:43:44Z,,33.545700,62.062,membership,Payment by membership account and/or membership card,USCPIE8851921*1
ChargePoint Network,,,5619801,5619801,7SPC / WARREN RECC BG,9274251,3,3113075961,2024-05-22T03:02:50Z,2024-05-22T03:57:02Z,,5.625229,6.3403,membership,Payment by membership account and/or membership card,USCPIE5619801*1
ChargePoint Network,,,13659831,13659831,LAWRENCEBURG / STATION 1 (L),23054881,247,3069302881,2024-05-02T19:11:24Z,2024-05-02T19:34:43Z,,29.653000,80.179,credit_card_terminal,Payment via credit card or debit card terminal,USCPIE13659831*1
ChargePoint Network,,,14359491,14359491,EBOFG / STATION 1 (L),23870291,247,3105134181,2024-05-18T15:44:38Z,2024-05-18T15:45:34Z,,0.000000,0.0,credit_card_terminal,Payment via credit card or debit card terminal,USCPIE14359491*1
ChargePoint Network,,,15694171,15694171,BRIGHTRIDGE EV / STATION 1 (L),,,3116561171,2024-05-23T15:11:52Z,2024-05-23T15:13:53Z,,0.000000,,membership,Payment by membership account and/or membership card,USCPIE15694171*0
ChargePoint Network,,,5346231,5346231,CULLMANELECTRIC / STATION2-R,8926271,247,3075377331,2024-05-05T20:50:42Z,2024-05-05T21:13:47Z,,32.701698,87.695,membership,Payment by membership account and/or membership card,USCPIE5346231*1
ChargePoint Network,,,13966851,13966851,BEA / STATION 1 (LL),23420911,247,3085415181,2024-05-09T23:10:05Z,2024-05-10T00:05:30Z,,48.324799,70.98,membership,Payment by membership account and/or membership card,USCPIE13966851*1
ChargePoint Network,,,12720861,12720861,WRECC / STATION 2,21977121,247,3092535851,2024-05-13T13:11:50Z,2024-05-13T14:09:16Z,,41.496700,84.219,membership,Payment by membership account and/or membership card,USCPIE12720861*1
ChargePoint Network,,,15694171,15694171,BRIGHTRIDGE EV / STATION 2 (R),25292041,247,3083107451,2024-05-09T01:15:43Z,2024-05-09T01:18:50Z,,2.743700,0.0,membership,Payment by membership account and/or membership card,USCPIE15694171*1
ChargePoint Network,,,15694171,15694171,BRIGHTRIDGE EV / STATION 1 (L),25292041,247,3119714581,2024-05-24T19:30:38Z,2024-05-24T19:54:01Z,,36.121601,121.505,membership,Payment by membership account and/or membership card,USCPIE15694171*1
ChargePoint Network,,,5414151,5414151,7SPC / UC - CARTHAGE,9014641,3,3093564681,2024-05-13T20:29:19Z,2024-05-14T11:50:45Z,,64.465828,6.8555,credit_card_terminal,Payment via credit card or debit card terminal,USCPIE5414151*1
ChargePoint Network,,,13026471,13026471,WCMES / CITYHALL2-R,22328331,247,3073840931,2024-05-04T21:22:41Z,2024-05-04T21:45:54Z,,26.789900,72.565,membership,Payment by membership account and/or membership card,USCPIE13026471*1
ChargePoint Network,,,13861891,13861891,BRMEMC / STATION 2,23296321,247,3095705261,2024-05-14T18:05:03Z,2024-05-14T18:16:32Z,,14.244600,83.599,credit_card_terminal,Payment via credit card or debit card terminal,USCPIE13861891*1
ChargePoint Network,,,13966051,13966051,BEA / STATION 3 (RM),23419981,247,3109811191,2024-05-20T21:38:57Z,2024-05-20T21:59:30Z,,23.566601,71.904,membership,Payment by membership account and/or membership card,USCPIE13966051*1
ChargePoint Network,,,12720861,12720861,WRECC / STATION 2,21977121,247,3132206391,2024-05-30T19:34:52Z,2024-05-30T20:25:32Z,,34.834301,57.659,membership,Payment by membership account and/or membership card,USCPIE12720861*1
ChargePoint Network,,,13966851,13966851,BEA / STATION 1 (LL),23420911,247,3064694841,2024-05-01T00:42:52Z,2024-05-01T01:43:30Z,,58.319599,71.175,membership,Payment by membership account and/or membership card,USCPIE13966851*1
ChargePoint Network,,,13606091,13606091,I24 EXIT11 / STATION 3 (RM),22992551,247,3070307331,2024-05-03T02:34:29Z,2024-05-03T02:35:29Z,,0.000000,0.0,membership,Payment by membership account and/or membership card,USCPIE13606091*1
ChargePoint Network,,,5466441,5466441,7SPC / NASA USSRC R,9079361,3,3080476091,2024-05-08T00:40:07Z,2024-05-08T03:08:26Z,,15.020191,6.1558,membership,Payment by membership account and/or membership card,USCPIE5466441*1
ChargePoint Network,,,1844191,1844191,CLW / MAIN ST,23050441,3,3130115531,2024-05-29T22:47:31Z,2024-05-30T00:42:11Z,,13.301781,7.0325,membership,Payment by membership account and/or membership card,USCPIE1844191*2
ChargePoint Network,,,1844191,1844191,CLW / MAIN ST,23050441,3,3067563721,2024-05-02T03:47:06Z,2024-05-02T07:05:03Z,,23.972172,7.3471,membership,Payment by membership account and/or membership card,USCPIE1844191*2
ChargePoint Network,,,14337221,14337221,HOLSTONELECTRIC / CHURCH HILL-1,23844801,247,3123280601,2024-05-26T19:01:14Z,2024-05-26T19:15:38Z,,18.888399,84.4,membership,Payment by membership account and/or membership card,USCPIE14337221*1
ChargePoint Network,,,5619801,5619801,7SPC / WARREN RECC BG,9274251,3,3079378891,2024-05-07T16:34:28Z,2024-05-07T17:01:37Z,,2.783561,6.3059,membership,Payment by membership account and/or membership card,USCPIE5619801*1
ChargePoint Network,,,1964521,1964521,EBOFG / GUNTERSVILLE PD,8374201,3,3113779251,2024-05-22T14:04:17Z,2024-05-22T14:43:11Z,,4.431785,7.315,membership,Payment by membership account and/or membership card,USCPIE1964521*1
ChargePoint Network,,,13966031,13966031,BEA / STATION 4 (RR),23419961,247,3116084881,2024-05-23T11:35:42Z,2024-05-23T11:55:17Z,,22.532600,71.708,membership,Payment by membership account and/or membership card,USCPIE13966031*1
ChargePoint Network,,,5619801,5619801,7SPC / WARREN RECC BG,9274251,3,3132003041,2024-05-30T18:02:02Z,2024-05-30T18:04:01Z,,0.000000,0.0,membership,Payment by membership account and/or membership card,USCPIE5619801*1
ChargePoint Network,,,12676411,12676411,NEMEPA / NEMEPA CUSTOMER,21923901,3,3088972671,2024-05-11T14:59:42Z,2024-05-11T15:36:33Z,,3.575161,5.9242,credit_card_terminal,Payment via credit card or debit card terminal,USCPIE12676411*2
ChargePoint Network,,,5354011,5354011,7SPC / GREENEVILLE TA,8936791,207,3091062041,2024-05-12T18:01:31Z,2024-05-12T18:03:42Z,,0.000000,0.0,membership,Payment by membership account and/or membership card,USCPIE5354011*1
ChargePoint Network,,,13290491,13290491,7SPC / NASA USSRC L,22634931,3,3121352411,2024-05-25T16:09:11Z,2024-05-25T19:24:39Z,,8.237573,3.0531,membership,Payment by membership account and/or membership card,USCPIE13290491*1
ChargePoint Network,,,13966851,13966851,BEA / STATION 1 (LL),23420911,247,3077662691,2024-05-06T21:45:03Z,2024-05-06T22:15:02Z,,34.134899,74.294,membership,Payment by membership account and/or membership card,USCPIE13966851*1
ChargePoint Network,,,13966851,13966851,BEA / STATION 1 (LL),23420911,247,3088107231,2024-05-11T01:08:34Z,2024-05-11T01:24:19Z,,19.552299,82.095,membership,Payment by membership account and/or membership card,USCPIE13966851*1
ChargePoint Network,,,13664501,13664501,BTES / STATION 4 (RR),23060561,247,3123692111,2024-05-26T23:23:49Z,2024-05-27T00:22:42Z,,42.375301,53.949,membership,Payment by membership account and/or membership card,USCPIE13664501*1
ChargePoint Network,,,1988061,1988061,7SPC / SCES DOLLYWOOD,25235441,3,3090767871,2024-05-12T14:25:43Z,2024-05-12T14:25:53Z,,0.000000,,membership,Payment by membership account and/or membership card,USCPIE1988061*1
ChargePoint Network,,,13664401,13664401,BTES / STATION 1 (LL),23060421,247,3098998461,2024-05-15T23:36:16Z,2024-05-16T00:29:49Z,,44.313301,61.599,credit_card_terminal,Payment via credit card or debit card terminal,USCPIE13664401*1
ChargePoint Network,,,12720861,12720861,WRECC / STATION 2,21977121,247,3114919821,2024-05-22T21:47:32Z,2024-05-22T21:49:21Z,,0.000000,0.0,membership,Payment by membership account and/or membership card,USCPIE12720861*1
ChargePoint Network,,,13606061,13606061,I24 EXIT11 / STATION 4 (RR),22992511,247,3075774261,2024-05-06T00:37:03Z,2024-05-06T00:49:55Z,,12.302100,63.36,credit_card_terminal,Payment via credit card or debit card terminal,USCPIE13606061*1
ChargePoint Network,,,15694171,15694171,BRIGHTRIDGE EV / STATION 1 (L),25292041,247,3127042791,2024-05-28T19:05:30Z,2024-05-28T19:24:39Z,,15.463100,54.515,membership,Payment by membership account and/or membership card,USCPIE15694171*1
ChargePoint Network,,,13861891,13861891,BRMEMC / STATION 2,,,3073064661,2024-05-04T11:59:10Z,2024-05-04T12:01:28Z,,0.000000,,credit_card_terminal,Payment via credit card or debit card terminal,USCPIE13861891*0
ChargePoint Network,,,13659831,13659831,LAWRENCEBURG / STATION 1 (L),23054881,247,3101444981,2024-05-16T22:45:03Z,2024-05-16T22:45:45Z,,0.000000,0.0,membership,Payment by membership account and/or membership card,USCPIE13659831*1
ChargePoint Network,,,13966031,13966031,BEA / STATION 4 (RR),23419961,247,3103741631,2024-05-17T21:23:07Z,2024-05-17T21:56:29Z,,38.576698,72.716,membership,Payment by membership account and/or membership card,USCPIE13966031*1
ChargePoint Network,,,5122191,5122191,CULLMANELECTRIC / STATION1-L,8482151,247,3130028501,2024-05-29T22:12:15Z,2024-05-29T22:43:42Z,,29.527000,63.04,membership,Payment by membership account and/or membership card,USCPIE5122191*1
ChargePoint Network,,,15548151,15548151,DECATURDOWNTWN / STATION 1 (R),25119511,247,3123786381,2024-05-27T00:23:18Z,2024-05-27T00:50:48Z,,42.435501,97.766,membership,Payment by membership account and/or membership card,USCPIE15548151*1
ChargePoint Network,,,13880891,13880891,MU / MUC MAIN OFFICE,23319011,3,3131087711,2024-05-30T11:29:40Z,2024-05-30T12:39:02Z,,8.289015,7.3071,credit_card_terminal,Payment via credit card or debit card terminal,USCPIE13880891*1
ChargePoint Network,,,13423581,13423581,AEC / STATION #2 (R),22787011,247,3085123851,2024-05-09T21:10:42Z,2024-05-09T21:20:58Z,,9.254500,71.477,credit_card_terminal,Payment via credit card or debit card terminal,USCPIE13423581*1
ChargePoint Network,,,15640171,15640171,NECDC / STATION 2 (R),25228711,247,3114782821,2024-05-22T20:48:51Z,2024-05-22T21:16:47Z,,23.424400,53.507,credit_card_terminal,Payment via credit card or debit card terminal,USCPIE15640171*1
ChargePoint Network,,,12720861,12720861,WRECC / STATION 2,21977121,247,3122036701,2024-05-25T22:57:30Z,2024-05-25T23:03:29Z,,0.000000,0.0,membership,Payment by membership account and/or membership card,USCPIE12720861*1
ChargePoint Network,,,15694171,15694171,BRIGHTRIDGE EV / STATION 2 (R),,,3090791691,2024-05-12T14:48:11Z,2024-05-12T14:48:54Z,,0.000000,,membership,Payment by membership account and/or membership card,USCPIE15694171*0
ChargePoint Network,,,5565251,5565251,7SPC / SCES LECONTE 3,9205131,3,3077964441,2024-05-07T00:02:15Z,2024-05-07T02:24:04Z,,14.804173,7.001,membership,Payment by membership account and/or membership card,USCPIE5565251*2
ChargePoint Network,,,13861891,13861891,BRMEMC / STATION 2,23296321,247,3100307651,2024-05-16T15:01:17Z,2024-05-16T15:39:56Z,,51.975201,84.906,credit_card_terminal,Payment via credit card or debit card terminal,USCPIE13861891*1
ChargePoint Network,,,13606091,13606091,I24 EXIT11 / STATION 3 (RM),22992551,247,3104310631,2024-05-18T01:54:30Z,2024-05-18T02:18:32Z,,28.139299,77.42,membership,Payment by membership account and/or membership card,USCPIE13606091*1
ChargePoint Network,,,12720861,12720861,WRECC / STATION 2,21977121,247,3089818881,2024-05-11T22:57:27Z,2024-05-11T23:42:13Z,,34.228298,53.428,membership,Payment by membership account and/or membership card,USCPIE12720861*1
ChargePoint Network,,,15640171,15640171,NECDC / STATION 2 (R),25228711,247,3105653641,2024-05-18T20:45:58Z,2024-05-18T20:46:41Z,,0.000000,0.0,membership,Payment by membership account and/or membership card,USCPIE15640171*1
ChargePoint Network,,,13861891,13861891,BRMEMC / STATION 2,23296321,247,3091349021,2024-05-12T20:52:54Z,2024-05-12T20:54:27Z,,0.000000,0.0,membership,Payment by membership account and/or membership card,USCPIE13861891*1
ChargePoint Network,,,1932851,1932851,BRIGHTRIDGE EV / BR-JC LIBRARY,23319821,3,3081564761,2024-05-08T14:47:10Z,2024-05-08T17:55:45Z,,13.372215,7.1974,membership,Payment by membership account and/or membership card,USCPIE1932851*2
ChargePoint Network,,,5122191,5122191,CULLMANELECTRIC / STATION1-L,8482151,247,3073704781,2024-05-04T20:02:29Z,2024-05-04T20:24:45Z,,38.667000,120.125,membership,Payment by membership account and/or membership card,USCPIE5122191*1
ChargePoint Network,,,14097801,14097801,SCOTTSBORO EPB / SEPB DCFC (L),,,3087147491,2024-05-10T17:46:00Z,2024-05-10T17:48:01Z,,0.000000,0.0,membership,Payment by membership account and/or membership card,USCPIE14097801*0
ChargePoint Network,,,5346231,5346231,CULLMANELECTRIC / STATION2-R,8926271,247,3068715091,2024-05-02T15:20:08Z,2024-05-02T15:23:37Z,,0.922900,0.0,other,Any other payment method not specified above. Additional description should be provided in Payment Method Description.,USCPIE5346231*1
ChargePoint Network,,,13861861,13861861,BRMEMC / STATION 1,23296281,247,3105462191,2024-05-18T19:00:17Z,2024-05-18T19:00:35Z,,0.000000,0.0,membership,Payment by membership account and/or membership card,USCPIE13861861*1provider_id,station_id,site_id,charger_id,evse_id,evse_name,port_id,connector_id,session_id,session_start,session_end,session_error,energy_kwh,peak_power_kw,payment_method,payment_other,eMI3 Port id
ChargePoint Network,,,12406401,12406401,FPIA / RIGHT STATION,21527671,247,3071718581,2024-05-03T19:20:55Z,2024-05-03T19:37:01Z,,18.167400,73.458,membership,Payment by membership account and/or membership card,USCPIE12406401*1
ChargePoint Network,,,14047321,14047321,JEFFERSON AVE. / OXFORD STA2(R),23514081,247,3089224271,2024-05-11T17:32:52Z,2024-05-11T18:44:25Z,,42.812401,,membership,Payment by membership account and/or membership card,USCPIE14047321*1
ChargePoint Network,,,12720861,12720861,WRECC / STATION 2,21977121,247,3077649841,2024-05-06T21:39:10Z,2024-05-06T22:31:14Z,,69.931602,85.337,membership,Payment by membership account and/or membership card,USCPIE12720861*1
ChargePoint Network,,,7173851,7173851,SCOTTSBORO EPB / MAIN OFFICE,12310861,3,3074943561,2024-05-05T16:22:48Z,2024-05-09T12:47:05Z,,104.882523,7.3553,membership,Payment by membership account and/or membership card,USCPIE7173851*1
ChargePoint Network,,,13026471,13026471,WCMES / CITYHALL2-R,22328331,247,3108641441,2024-05-20T13:20:53Z,2024-05-20T14:36:10Z,,70.413300,77.027,membership,Payment by membership account and/or membership card,USCPIE13026471*1
ChargePoint Network,,,14359491,14359491,EBOFG / STATION 1 (L),23870291,247,3074928031,2024-05-05T16:11:21Z,2024-05-05T16:11:38Z,,0.000000,0.0,membership,Payment by membership account and/or membership card,USCPIE14359491*1
ChargePoint Network,,,13966811,13966811,BEA / STATION 2 (LM),23420881,247,3087497481,2024-05-10T20:26:45Z,2024-05-10T20:55:07Z,,51.408699,114.608,membership,Payment by membership account and/or membership card,USCPIE13966811*1
ChargePoint Network,,,15640171,15640171,NECDC / STATION 2 (R),25228711,247,3111285751,2024-05-21T14:37:45Z,2024-05-21T15:29:52Z,,43.578098,59.365,membership,Payment by membership account and/or membership card,USCPIE15640171*1
ChargePoint Network,,,15623231,15623231,CLW / 5TH ST 1 (L),25208301,247,3075517771,2024-05-05T22:12:57Z,2024-05-05T22:31:51Z,,22.357401,76.635,membership,Payment by membership account and/or membership card,USCPIE15623231*1
ChargePoint Network,,,5346231,5346231,CULLMANELECTRIC / STATION2-R,8926271,247,3121985631,2024-05-25T22:26:44Z,2024-05-25T23:07:43Z,,46.014801,74.86,membership,Payment by membership account and/or membership card,USCPIE5346231*1
ChargePoint Network,,,13292801,13292801,LODGE CAST IRON / STORE & MUSEUM,22637561,3,3121235821,2024-05-25T14:47:04Z,2024-05-25T17:26:14Z,,12.507712,7.1535,membership,Payment by membership account and/or membership card,USCPIE13292801*2
ChargePoint Network,,,5619801,5619801,7SPC / WARREN RECC BG,9274251,3,3086363981,2024-05-10T11:44:45Z,2024-05-10T17:01:38Z,,33.060192,6.3343,membership,Payment by membership account and/or membership card,USCPIE5619801*1
ChargePoint Network,,,5346231,5346231,CULLMANELECTRIC / STATION2-R,8926271,247,3107319131,2024-05-19T20:06:38Z,2024-05-19T20:54:32Z,,44.283798,74.447,membership,Payment by membership account and/or membership card,USCPIE5346231*1
ChargePoint Network,,,15694171,15694171,BRIGHTRIDGE EV / STATION 1 (L),25292041,247,3125277761,2024-05-27T23:35:36Z,2024-05-27T23:37:06Z,,0.000000,0.0,membership,Payment by membership account and/or membership card,USCPIE15694171*1
ChargePoint Network,,,5363211,5363211,HARTSELLE 1 / HARTSELLE 1,23427581,3,3089898451,2024-05-11T23:35:59Z,2024-05-12T00:36:06Z,,7.286675,7.3658,credit_card_terminal,Payment via credit card or debit card terminal,USCPIE5363211*2
ChargePoint Network,,,13606091,13606091,I24 EXIT11 / STATION 3 (RM),22992551,247,3064706621,2024-05-01T00:48:29Z,2024-05-01T01:03:15Z,,16.646099,70.722,credit_card_terminal,Payment via credit card or debit card terminal,USCPIE13606091*1
ChargePoint Network,,,13606141,13606141,I24 EXIT11 / STATION 1 (LL),22992611,247,3085068571,2024-05-09T20:50:22Z,2024-05-09T21:00:24Z,,10.917600,74.268,membership,Payment by membership account and/or membership card,USCPIE13606141*1
ChargePoint Network,,,15694171,15694171,BRIGHTRIDGE EV / STATION 2 (R),25292041,247,3083025061,2024-05-09T00:43:14Z,2024-05-09T01:07:12Z,,18.655100,105.839,membership,Payment by membership account and/or membership card,USCPIE15694171*1
ChargePoint Network,,,15548181,15548181,DECATURDOWNTWN / STATION 2 (L),25119551,247,3123295981,2024-05-26T19:11:07Z,2024-05-26T19:40:00Z,,13.050900,45.018,membership,Payment by membership account and/or membership card,USCPIE15548181*1
ChargePoint Network,,,5525971,5525971,7SPC / SPARTA TN,9154681,3,3121597191,2024-05-25T18:39:32Z,2024-05-25T19:56:32Z,,9.257420,7.3354,membership,Payment by membership account and/or membership card,USCPIE5525971*1
ChargePoint Network,,,12720861,12720861,WRECC / STATION 2,21977121,247,3122062911,2024-05-25T23:10:36Z,2024-05-25T23:43:00Z,,31.996000,62.43,membership,Payment by membership account and/or membership card,USCPIE12720861*1
ChargePoint Network,,,15332351,15332351,TUA NW ATLANTIC / STATION 2 (R),,,3073977191,2024-05-04T22:41:41Z,2024-05-04T22:43:42Z,,0.000000,,membership,Payment by membership account and/or membership card,USCPIE15332351*0
ChargePoint Network,,,13606121,13606121,I24 EXIT11 / STATION 2 (LM),,,3077918691,2024-05-06T23:40:44Z,2024-05-06T23:40:54Z,,0.000000,,membership,Payment by membership account and/or membership card,USCPIE13606121*0
ChargePoint Network,,,9677521,9677521,UT PARKING / S7 STATION 1,17169341,3,3120350601,2024-05-25T00:27:29Z,2024-05-25T00:57:14Z,,1.568150,3.3271,membership,Payment by membership account and/or membership card,USCPIE9677521*2
ChargePoint Network,,,8851921,8851921,7SPC / SEVIERVILLE DC1,15571271,207,3065243321,2024-05-01T07:17:37Z,2024-05-01T07:55:56Z,,29.424000,52.984,membership,Payment by membership account and/or membership card,USCPIE8851921*1
ChargePoint Network,,,15332351,15332351,TUA NW ATLANTIC / STATION 2 (R),24867891,247,3076477891,2024-05-06T13:04:25Z,2024-05-06T13:32:55Z,,17.217800,52.766,credit_card_terminal,Payment via credit card or debit card terminal,USCPIE15332351*1
ChargePoint Network,,,8851921,8851921,7SPC / SEVIERVILLE DC1,15571271,207,3132156161,2024-05-30T19:14:26Z,2024-05-30T19:16:05Z,,0.000000,0.0,membership,Payment by membership account and/or membership card,USCPIE8851921*1
ChargePoint Network,,,13423691,13423691,AEC / STATION #1 (L),,,3119041821,2024-05-24T14:42:02Z,2024-05-24T14:42:42Z,,0.000000,,membership,Payment by membership account and/or membership card,USCPIE13423691*0
ChargePoint Network,,,5354011,5354011,7SPC / GREENEVILLE TA,8936791,207,3081857721,2024-05-08T16:21:38Z,2024-05-08T17:01:39Z,,21.825701,42.768,membership,Payment by membership account and/or membership card,USCPIE5354011*1
ChargePoint Network,,,5122191,5122191,CULLMANELECTRIC / STATION1-L,8482151,247,3069211401,2024-05-02T18:30:41Z,2024-05-02T20:35:25Z,,45.366501,74.844,membership,Payment by membership account and/or membership card,USCPIE5122191*1
ChargePoint Network,,,13423581,13423581,AEC / STATION #2 (R),22787011,247,3098488711,2024-05-15T20:02:39Z,2024-05-15T20:36:40Z,,38.278198,70.29,credit_card_terminal,Payment via credit card or debit card terminal,USCPIE13423581*1
ChargePoint Network,,,7505851,7505851,JEFFERSON AVE. / OXFORD STA1(L),12955471,247,3073894851,2024-05-04T21:54:17Z,2024-05-04T22:10:49Z,,16.786200,72.666,membership,Payment by membership account and/or membership card,USCPIE7505851*1
ChargePoint Network,,,1932851,1932851,BRIGHTRIDGE EV / BR-JC LIBRARY,23319821,3,3090805981,2024-05-12T15:01:02Z,2024-05-12T15:43:32Z,,4.585475,6.5207,membership,Payment by membership account and/or membership card,USCPIE1932851*2
ChargePoint Network,,,12406491,12406491,FPIA / LEFT STATION,21527781,247,3101600281,2024-05-16T23:52:18Z,2024-05-17T00:43:43Z,,47.832901,78.405,membership,Payment by membership account and/or membership card,USCPIE12406491*1
ChargePoint Network,,,5363211,5363211,HARTSELLE 1 / HARTSELLE 1,23427581,3,3111804241,2024-05-21T17:51:45Z,2024-05-21T19:05:02Z,,5.806560,6.5877,membership,Payment by membership account and/or membership card,USCPIE5363211*2
ChargePoint Network,,,5466441,5466441,7SPC / NASA USSRC R,9079371,3,3126399921,2024-05-28T14:53:45Z,2024-05-28T22:41:50Z,,47.386166,6.1461,membership,Payment by membership account and/or membership card,USCPIE5466441*2
ChargePoint Network,,,15640171,15640171,NECDC / STATION 2 (R),25228711,247,3108356151,2024-05-20T09:00:06Z,2024-05-20T10:26:13Z,,55.348598,54.534,membership,Payment by membership account and/or membership card,USCPIE15640171*1
ChargePoint Network,,,1988061,1988061,7SPC / SCES DOLLYWOOD,25235441,3,3071032211,2024-05-03T14:18:49Z,2024-05-03T14:19:25Z,,0.000000,,credit_card_terminal,Payment via credit card or debit card terminal,USCPIE1988061*1
ChargePoint Network,,,15694081,15694081,BRIGHTRIDGE EV / STATION 1 (L),,,3109090161,2024-05-20T16:14:24Z,2024-05-20T16:16:25Z,,0.000000,,other,Any other payment method not specified above. Additional description should be provided in Payment Method Description.,USCPIE15694081*0
ChargePoint Network,,,12720861,12720861,WRECC / STATION 2,21977121,247,3121927891,2024-05-25T21:53:16Z,2024-05-25T22:36:12Z,,35.066399,54.167,membership,Payment by membership account and/or membership card,USCPIE12720861*1
ChargePoint Network,,,13966811,13966811,BEA / STATION 2 (LM),23420881,100011,3085720011,2024-05-10T01:19:02Z,2024-05-10T01:45:38Z,,11.107600,39.0,membership,Payment by membership account and/or membership card,USCPIE13966811*1
ChargePoint Network,,,15694081,15694081,BRIGHTRIDGE EV / STATION 2 (R),25291921,247,3122565671,2024-05-26T04:35:08Z,2024-05-26T04:36:26Z,,0.000200,0.0,credit_card_terminal,Payment via credit card or debit card terminal,USCPIE15694081*1
ChargePoint Network,,,14337501,14337501,HOLSTONELECTRIC / CHURCH HILL-2,23845091,247,3072918471,2024-05-04T06:14:34Z,2024-05-04T06:39:53Z,,28.183100,69.545,credit_card_terminal,Payment via credit card or debit card terminal,USCPIE14337501*1
ChargePoint Network,,,14049761,14049761,PARIS BPU / STATION 2(R),23516951,247,3107854721,2024-05-20T00:54:44Z,2024-05-20T01:27:06Z,,38.498199,75.041,membership,Payment by membership account and/or membership card,USCPIE14049761*1
ChargePoint Network,,,5466441,5466441,7SPC / NASA USSRC R,9079371,3,3102704601,2024-05-17T13:56:40Z,2024-05-17T15:22:16Z,,8.792781,6.3095,membership,Payment by membership account and/or membership card,USCPIE5466441*2
ChargePoint Network,,,12406401,12406401,FPIA / RIGHT STATION,21527671,247,3118197261,2024-05-24T02:29:18Z,2024-05-24T02:30:35Z,,0.000000,0.0,membership,Payment by membership account and/or membership card,USCPIE12406401*1
ChargePoint Network,,,1932851,1932851,BRIGHTRIDGE EV / BR-JC LIBRARY,23319821,3,3116580511,2024-05-23T15:19:58Z,2024-05-23T17:35:29Z,,16.611320,7.4618,membership,Payment by membership account and/or membership card,USCPIE1932851*2
ChargePoint Network,,,12720881,12720881,WRECC / STATION 1,21977141,247,3118299941,2024-05-24T03:17:00Z,2024-05-24T03:18:12Z,,0.000000,0.0,phone_online,"Payment through mobile app, website, automated phone number or messaging system",USCPIE12720881*1
ChargePoint Network,,,12720861,12720861,WRECC / STATION 2,21977121,247,3123979171,2024-05-27T02:32:29Z,2024-05-27T02:32:56Z,,0.000000,0.0,membership,Payment by membership account and/or membership card,USCPIE12720861*1
ChargePoint Network,,,8851921,8851921,7SPC / SEVIERVILLE DC1,15571271,207,3078441901,2024-05-07T04:45:54Z,2024-05-07T05:31:43Z,,34.765499,53.067,membership,Payment by membership account and/or membership card,USCPIE8851921*1
ChargePoint Network,,,5424051,5424051,EEDEV / ELIZ DOWNTOWN,9026991,3,3129928811,2024-05-29T21:30:33Z,2024-05-30T01:48:48Z,,31.667749,7.4261,membership,Payment by membership account and/or membership card,USCPIE5424051*1
ChargePoint Network,,,15332321,15332321,TUA NW ATLANTIC / STATION 1 (L),24867861,247,3089609181,2024-05-11T21:01:45Z,2024-05-11T21:03:01Z,,0.000000,0.0,credit_card_terminal,Payment via credit card or debit card terminal,USCPIE15332321*1
ChargePoint Network,,,12720881,12720881,WRECC / STATION 1,21977141,247,3120920361,2024-05-24T21:39:24Z,2024-05-24T21:42:00Z,,0.000000,0.0,membership,Payment by membership account and/or membership card,USCPIE12720881*1
ChargePoint Network,,,13861861,13861861,BRMEMC / STATION 1,,,3090227271,2024-05-12T02:44:11Z,2024-05-12T02:46:12Z,,0.000000,,membership,Payment by membership account and/or membership card,USCPIE13861861*0
ChargePoint Network,,,13606061,13606061,I24 EXIT11 / STATION 4 (RR),22992511,247,3067358781,2024-05-02T01:51:22Z,2024-05-02T01:51:56Z,,0.000000,0.0,credit_card_terminal,Payment via credit card or debit card terminal,USCPIE13606061*1
ChargePoint Network,,,13606091,13606091,I24 EXIT11 / STATION 3 (RM),22992551,247,3076412061,2024-05-06T12:29:30Z,2024-05-06T13:28:53Z,,39.960201,53.728,membership,Payment by membership account and/or membership card,USCPIE13606091*1
ChargePoint Network,,,15548181,15548181,DECATURDOWNTWN / STATION 2 (L),25119551,247,3103294011,2024-05-17T18:00:39Z,2024-05-17T19:20:39Z,,63.906101,77.013,membership,Payment by membership account and/or membership card,USCPIE15548181*1
ChargePoint Network,,,15280441,15280441,SPRFLD ELECTRIC / STATION 2 (R),24807641,247,3069709821,2024-05-02T22:04:52Z,2024-05-02T22:06:49Z,,0.000000,0.0,credit_card_terminal,Payment via credit card or debit card terminal,USCPIE15280441*1
ChargePoint Network,,,12406491,12406491,FPIA / LEFT STATION,21527781,247,3106968651,2024-05-19T16:48:39Z,2024-05-19T16:59:31Z,,13.183000,0.0,membership,Payment by membership account and/or membership card,USCPIE12406491*1
ChargePoint Network,,,1964521,1964521,EBOFG / GUNTERSVILLE PD,8374201,3,3074094961,2024-05-04T23:54:16Z,2024-05-05T01:10:51Z,,9.362627,7.4825,membership,Payment by membership account and/or membership card,USCPIE1964521*1
ChargePoint Network,,,13606091,13606091,I24 EXIT11 / STATION 3 (RM),22992551,247,3073043241,2024-05-04T11:18:32Z,2024-05-04T11:59:14Z,,12.201700,36.827,credit_card_terminal,Payment via credit card or debit card terminal,USCPIE13606091*1
ChargePoint Network,,,12720861,12720861,WRECC / STATION 2,21977121,247,3120016861,2024-05-24T21:44:34Z,2024-05-24T23:01:12Z,,63.953602,61.445,membership,Payment by membership account and/or membership card,USCPIE12720861*1
ChargePoint Network,,,15623211,15623211,CLW / 5TH ST 2 (R),25208281,247,3087720141,2024-05-10T22:05:08Z,2024-05-10T22:38:23Z,,16.441999,49.594,membership,Payment by membership account and/or membership card,USCPIE15623211*1
ChargePoint Network,,,15623211,15623211,CLW / 5TH ST 2 (R),25208281,247,3095043961,2024-05-14T13:44:25Z,2024-05-14T15:08:03Z,,49.457199,122.737,phone_online,"Payment through mobile app, website, automated phone number or messaging system",USCPIE15623211*1
ChargePoint Network,,,5122191,5122191,CULLMANELECTRIC / STATION1-L,8482151,247,3072322611,2024-05-04T00:00:28Z,2024-05-04T00:47:52Z,,26.025299,53.849,membership,Payment by membership account and/or membership card,USCPIE5122191*1
ChargePoint Network,,,14025691,14025691,PARIS BPU / STATION 1(L),23489541,247,3095667481,2024-05-14T17:45:53Z,2024-05-14T18:07:22Z,,22.689100,76.435,credit_card_terminal,Payment via credit card or debit card terminal,USCPIE14025691*1
ChargePoint Network,,,13423581,13423581,AEC / STATION #2 (R),22787011,247,3131714571,2024-05-30T16:02:25Z,2024-05-30T17:02:17Z,,66.856697,87.515,membership,Payment by membership account and/or membership card,USCPIE13423581*1
ChargePoint Network,,,13290491,13290491,7SPC / NASA USSRC L,22634941,3,3076277281,2024-05-06T10:44:27Z,2024-05-06T15:51:19Z,,13.729556,2.9903,membership,Payment by membership account and/or membership card,USCPIE13290491*2
ChargePoint Network,,,12720881,12720881,WRECC / STATION 1,21977141,247,3083736261,2024-05-09T11:27:36Z,2024-05-09T11:54:54Z,,27.769501,86.275,membership,Payment by membership account and/or membership card,USCPIE12720881*1
ChargePoint Network,,,1988061,1988061,7SPC / SCES DOLLYWOOD,25235441,3,3084834561,2024-05-09T19:16:56Z,2024-05-09T19:17:10Z,,0.000000,,membership,Payment by membership account and/or membership card,USCPIE1988061*1
ChargePoint Network,,,14359491,14359491,EBOFG / STATION 1 (L),23870291,247,3105131321,2024-05-18T15:42:38Z,2024-05-18T15:43:45Z,,0.000000,0.0,credit_card_terminal,Payment via credit card or debit card terminal,USCPIE14359491*1
ChargePoint Network,,,13861861,13861861,BRMEMC / STATION 1,23296281,247,3093662211,2024-05-13T21:13:29Z,2024-05-13T21:48:16Z,,56.201698,121.482,membership,Payment by membership account and/or membership card,USCPIE13861861*1
ChargePoint Network,,,15623211,15623211,CLW / 5TH ST 2 (R),25208281,247,3091351521,2024-05-12T20:54:13Z,2024-05-12T21:55:13Z,,59.518101,62.009,credit_card_terminal,Payment via credit card or debit card terminal,USCPIE15623211*1
ChargePoint Network,,,13643801,13643801,PEPA / STATION 2,23036481,247,3073669151,2024-05-04T19:40:36Z,2024-05-04T20:51:47Z,,106.586700,95.625,membership,Payment by membership account and/or membership card,USCPIE13643801*1
ChargePoint Network,,,5122191,5122191,CULLMANELECTRIC / STATION1-L,8482151,247,3065935811,2024-05-01T15:41:26Z,2024-05-01T15:50:26Z,,7.085200,53.341,membership,Payment by membership account and/or membership card,USCPIE5122191*1
ChargePoint Network,,,14047321,14047321,JEFFERSON AVE. / OXFORD STA2(R),23514081,247,3105009901,2024-05-18T14:12:04Z,2024-05-18T14:55:41Z,,30.650700,53.549,membership,Payment by membership account and/or membership card,USCPIE14047321*1
ChargePoint Network,,,13606121,13606121,I24 EXIT11 / STATION 2 (LM),22992591,100011,3085330551,2024-05-09T22:36:09Z,2024-05-09T22:50:43Z,,5.663900,25.843,membership,Payment by membership account and/or membership card,USCPIE13606121*1
ChargePoint Network,,,12406491,12406491,FPIA / LEFT STATION,21527781,247,3069603481,2024-05-02T21:18:21Z,2024-05-02T21:40:57Z,,26.293400,73.086,membership,Payment by membership account and/or membership card,USCPIE12406491*1
ChargePoint Network,,,1844191,1844191,CLW / MAIN ST,23050431,3,3106398091,2024-05-19T04:58:30Z,2024-05-19T08:05:24Z,,7.683124,3.3517,membership,Payment by membership account and/or membership card,USCPIE1844191*1
ChargePoint Network,,,12720861,12720861,WRECC / STATION 2,21977121,247,3090632411,2024-05-12T11:23:48Z,2024-05-12T11:50:24Z,,17.458799,53.053,membership,Payment by membership account and/or membership card,USCPIE12720861*1
ChargePoint Network,,,9777021,9777021,CRMC / CRMC-2- L2RIGHT,17361741,3,3103044691,2024-05-17T16:09:27Z,2024-05-17T21:49:09Z,,25.032354,7.24,membership,Payment by membership account and/or membership card,USCPIE9777021*1
ChargePoint Network,,,8851921,8851921,7SPC / SEVIERVILLE DC1,15571271,207,3121647261,2024-05-25T19:09:11Z,2024-05-25T20:39:42Z,,25.687201,42.549,membership,Payment by membership account and/or membership card,USCPIE8851921*1
ChargePoint Network,,,7505851,7505851,JEFFERSON AVE. / OXFORD STA1(L),12955471,247,3090903431,2024-05-12T16:17:04Z,2024-05-12T17:31:37Z,,24.230200,124.487,membership,Payment by membership account and/or membership card,USCPIE7505851*1
ChargePoint Network,,,7505851,7505851,JEFFERSON AVE. / OXFORD STA1(L),12955471,247,3132680551,2024-05-30T22:52:03Z,2024-05-30T23:14:38Z,,25.576000,74.199,membership,Payment by membership account and/or membership card,USCPIE7505851*1
ChargePoint Network,,,15332351,15332351,TUA NW ATLANTIC / STATION 2 (R),24867891,100011,3103123451,2024-05-17T16:41:23Z,2024-05-17T18:09:56Z,,6.948800,33.625,membership,Payment by membership account and/or membership card,USCPIE15332351*1
ChargePoint Network,,,5363211,5363211,HARTSELLE 1 / HARTSELLE 1,23427581,3,3104978071,2024-05-18T13:44:43Z,2024-05-18T16:13:20Z,,17.496901,7.1325,membership,Payment by membership account and/or membership card,USCPIE5363211*2
ChargePoint Network,,,5619801,5619801,7SPC / WARREN RECC BG,9274251,3,3112989191,2024-05-22T02:23:01Z,2024-05-22T02:41:31Z,,1.890442,6.345,membership,Payment by membership account and/or membership card,USCPIE5619801*1
ChargePoint Network,,,5466441,5466441,7SPC / NASA USSRC R,9079361,3,3073320831,2024-05-04T16:05:33Z,2024-05-04T21:49:23Z,,24.785757,6.233,membership,Payment by membership account and/or membership card,USCPIE5466441*1
ChargePoint Network,,,1932851,1932851,BRIGHTRIDGE EV / BR-JC LIBRARY,23319811,3,3087187121,2024-05-10T18:05:20Z,2024-05-10T18:07:19Z,,0.000000,0.0,membership,Payment by membership account and/or membership card,USCPIE1932851*1
ChargePoint Network,,,13606061,13606061,I24 EXIT11 / STATION 4 (RR),22992511,247,3080490691,2024-05-08T00:47:17Z,2024-05-08T01:11:00Z,,25.929300,82.566,membership,Payment by membership account and/or membership card,USCPIE13606061*1
ChargePoint Network,,,1988141,1988141,7SPC / SCES DREAM MORE,2355571,3,3091564031,2024-05-12T22:58:58Z,2024-05-12T23:33:29Z,,4.093500,7.295,membership,Payment by membership account and/or membership card,USCPIE1988141*2
ChargePoint Network,,,5619801,5619801,7SPC / WARREN RECC BG,9274251,3,3125776511,2024-05-28T05:24:26Z,2024-05-28T09:49:26Z,,27.362783,6.3645,membership,Payment by membership account and/or membership card,USCPIE5619801*1
ChargePoint Network,,,5619801,5619801,7SPC / WARREN RECC BG,9274251,3,3074516011,2024-05-05T04:49:43Z,2024-05-05T15:40:19Z,,43.224483,6.3788,membership,Payment by membership account and/or membership card,USCPIE5619801*1
ChargePoint Network,,,13966031,13966031,BEA / STATION 4 (RR),23419961,247,3071373371,2024-05-03T16:33:02Z,2024-05-03T17:10:36Z,,49.727100,85.064,credit_card_terminal,Payment via credit card or debit card terminal,USCPIE13966031*1
ChargePoint Network,,,12720881,12720881,WRECC / STATION 1,21977141,247,3120920291,2024-05-24T20:33:26Z,2024-05-24T20:35:56Z,,0.000000,0.0,other,Any other payment method not specified above. Additional description should be provided in Payment Method Description.,USCPIE12720881*1
ChargePoint Network,,,1988061,1988061,7SPC / SCES DOLLYWOOD,25235441,3,3084663371,2024-05-09T17:57:17Z,2024-05-09T17:59:17Z,,0.000000,0.0,membership,Payment by membership account and/or membership card,USCPIE1988061*1
ChargePoint Network,,,13651631,13651631,MLEC / STATION 2 (R) H,23045821,247,3109053561,2024-05-20T16:02:51Z,2024-05-20T17:05:15Z,,21.735100,59.152,membership,Payment by membership account and/or membership card,USCPIE13651631*1
ChargePoint Network,,,12720861,12720861,WRECC / STATION 2,21977121,247,3125390881,2024-05-28T00:49:32Z,2024-05-28T01:35:49Z,,41.650002,61.215,membership,Payment by membership account and/or membership card,USCPIE12720861*1
ChargePoint Network,,,5122191,5122191,CULLMANELECTRIC / STATION1-L,8482151,247,3073449941,2024-05-04T17:30:11Z,2024-05-04T18:22:50Z,,48.012699,68.654,membership,Payment by membership account and/or membership card,USCPIE5122191*1
ChargePoint Network,,,5466441,5466441,7SPC / NASA USSRC R,9079371,3,3122888931,2024-05-26T14:05:45Z,2024-05-26T18:02:38Z,,24.001434,6.1798,credit_card_terminal,Payment via credit card or debit card terminal,USCPIE5466441*2
ChargePoint Network,,,8851921,8851921,7SPC / SEVIERVILLE DC1,15571271,207,3117155291,2024-05-23T19:07:42Z,2024-05-23T19:26:01Z,,14.519100,56.763,membership,Payment by membership account and/or membership card,USCPIE8851921*1
ChargePoint Network,,,13606061,13606061,I24 EXIT11 / STATION 4 (RR),22992511,247,3082119151,2024-05-08T18:18:11Z,2024-05-08T18:33:49Z,,17.487700,71.676,credit_card_terminal,Payment via credit card or debit card terminal,USCPIE13606061*1
ChargePoint Network,,,12406491,12406491,FPIA / LEFT STATION,21527781,247,3097565641,2024-05-15T13:47:01Z,2024-05-15T14:10:17Z,,26.191401,72.199,credit_card_terminal,Payment via credit card or debit card terminal,USCPIE12406491*1
ChargePoint Network,,,12754021,12754021,WCMES / CITYHALL1-L,22015241,247,3085591251,2024-05-10T00:25:16Z,2024-05-10T01:00:52Z,,37.412201,68.949,membership,Payment by membership account and/or membership card,USCPIE12754021*1
ChargePoint Network,,,5466441,5466441,7SPC / NASA USSRC R,9079371,3,3071760411,2024-05-03T19:39:39Z,2024-05-03T21:26:29Z,,10.970741,6.2605,membership,Payment by membership account and/or membership card,USCPIE5466441*2
ChargePoint Network,,,5346231,5346231,CULLMANELECTRIC / STATION2-R,,,3077231191,2024-05-06T18:25:59Z,2024-05-06T18:28:00Z,,0.000000,,membership,Payment by membership account and/or membership card,USCPIE5346231*0
ChargePoint Network,,,15694081,15694081,BRIGHTRIDGE EV / STATION 1 (L),,,3091022741,2024-05-12T17:34:13Z,2024-05-12T17:36:29Z,,0.000000,,credit_card_terminal,Payment via credit card or debit card terminal,USCPIE15694081*0
ChargePoint Network,,,14359491,14359491,EBOFG / STATION 1 (L),23870291,247,3121402341,2024-05-25T16:42:06Z,2024-05-25T16:43:03Z,,0.000000,0.0,membership,Payment by membership account and/or membership card,USCPIE14359491*1
ChargePoint Network,,,7505851,7505851,JEFFERSON AVE. / OXFORD STA1(L),12955471,100011,3098250441,2024-05-15T18:20:16Z,2024-05-15T19:03:23Z,,7.212000,23.459,membership,Payment by membership account and/or membership card,USCPIE7505851*1
ChargePoint Network,,,1844191,1844191,CLW / MAIN ST,23050431,3,3068102891,2024-05-02T13:19:36Z,2024-05-02T16:30:47Z,,22.078362,7.0764,membership,Payment by membership account and/or membership card,USCPIE1844191*1
ChargePoint Network,,,15548181,15548181,DECATURDOWNTWN / STATION 2 (L),25119551,247,3098426921,2024-05-15T19:38:18Z,2024-05-15T20:01:06Z,,6.937500,28.12,membership,Payment by membership account and/or membership card,USCPIE15548181*1
ChargePoint Network,,,14359491,14359491,EBOFG / STATION 1 (L),23870291,247,3120148911,2024-05-24T22:47:19Z,2024-05-24T22:48:38Z,,0.000000,0.0,membership,Payment by membership account and/or membership card,USCPIE14359491*1
ChargePoint Network,,,9677521,9677521,UT PARKING / S7 STATION 1,17169341,3,3073237451,2024-05-03T22:27:34Z,2024-05-04T00:11:01Z,,12.186996,7.1878,membership,Payment by membership account and/or membership card,USCPIE9677521*2
ChargePoint Network,,,15684341,15684341,MLEC / STATION 2 (R) W,,,3098625911,2024-05-15T20:57:56Z,2024-05-15T20:58:41Z,,0.000000,,membership,Payment by membership account and/or membership card,USCPIE15684341*0
ChargePoint Network,,,1988061,1988061,7SPC / SCES DOLLYWOOD,25235441,3,3066199931,2024-05-01T17:18:40Z,2024-05-01T17:18:58Z,,0.000000,,membership,Payment by membership account and/or membership card,USCPIE1988061*1
ChargePoint Network,,,14049761,14049761,PARIS BPU / STATION 2(R),23516951,247,3087569091,2024-05-10T20:57:10Z,2024-05-11T01:29:00Z,,57.138100,,membership,Payment by membership account and/or membership card,USCPIE14049761*1
ChargePoint Network,,,5424051,5424051,EEDEV / ELIZ DOWNTOWN,9026991,3,3072932791,2024-05-04T06:45:16Z,2024-05-04T08:17:41Z,,11.312581,7.4405,credit_card_terminal,Payment via credit card or debit card terminal,USCPIE5424051*1
ChargePoint Network,,,5350831,5350831,CULLMANELECTRIC / CEC MAIN OFFICE,8932501,3,3073360571,2024-05-04T16:32:18Z,2024-05-04T17:14:31Z,,2.203382,5.6784,other,Any other payment method not specified above. Additional description should be provided in Payment Method Description.,USCPIE5350831*2
ChargePoint Network,,,9677521,9677521,UT PARKING / S7 STATION 1,17169341,3,3128962901,2024-05-29T14:59:13Z,2024-05-29T18:22:54Z,,23.270901,6.9048,membership,Payment by membership account and/or membership card,USCPIE9677521*2
ChargePoint Network,,,13606061,13606061,I24 EXIT11 / STATION 4 (RR),22992511,100011,3082184451,2024-05-08T18:48:10Z,2024-05-08T18:49:01Z,,0.000000,0.0,membership,Payment by membership account and/or membership card,USCPIE13606061*1
ChargePoint Network,,,13606121,13606121,I24 EXIT11 / STATION 2 (LM),22992591,247,3089875291,2024-05-11T23:23:11Z,2024-05-11T23:57:36Z,,39.575699,77.223,membership,Payment by membership account and/or membership card,USCPIE13606121*1
ChargePoint Network,,,12720861,12720861,WRECC / STATION 2,21977121,247,3087053291,2024-05-10T17:02:02Z,2024-05-10T17:23:37Z,,18.500900,71.433,membership,Payment by membership account and/or membership card,USCPIE12720861*1
ChargePoint Network,,,12720861,12720861,WRECC / STATION 2,21977121,247,3125377171,2024-05-28T00:39:34Z,2024-05-28T00:43:09Z,,0.000000,0.0,membership,Payment by membership account and/or membership card,USCPIE12720861*1
ChargePoint Network,,,13606141,13606141,I24 EXIT11 / STATION 1 (LL),22992611,247,3104584841,2024-05-18T04:18:23Z,2024-05-18T05:01:52Z,,45.439499,70.599,membership,Payment by membership account and/or membership card,USCPIE13606141*1
ChargePoint Network,,,15623231,15623231,CLW / 5TH ST 1 (L),25208301,247,3075509061,2024-05-05T22:07:41Z,2024-05-05T22:11:11Z,,0.000000,0.0,membership,Payment by membership account and/or membership card,USCPIE15623231*1
ChargePoint Network,,,15694171,15694171,BRIGHTRIDGE EV / STATION 2 (R),25292041,247,3087165661,2024-05-10T17:56:49Z,2024-05-10T18:40:42Z,,36.524101,71.0,membership,Payment by membership account and/or membership card,USCPIE15694171*1
ChargePoint Network,,,13026471,13026471,WCMES / CITYHALL2-R,22328331,247,3119056021,2024-05-24T14:49:02Z,2024-05-24T15:12:31Z,,14.371500,37.715,membership,Payment by membership account and/or membership card,USCPIE13026471*1
ChargePoint Network,,,5346231,5346231,CULLMANELECTRIC / STATION2-R,8926271,247,3073938121,2024-05-04T22:20:02Z,2024-05-04T22:21:12Z,,0.000000,0.0,membership,Payment by membership account and/or membership card,USCPIE5346231*1
ChargePoint Network,,,15332351,15332351,TUA NW ATLANTIC / STATION 2 (R),24867891,247,3124387241,2024-05-27T12:25:35Z,2024-05-27T13:31:34Z,,101.889297,99.509,membership,Payment by membership account and/or membership card,USCPIE15332351*1
ChargePoint Network,,,15623231,15623231,CLW / 5TH ST 1 (L),25208301,247,3087728411,2024-05-10T22:09:12Z,2024-05-10T22:10:01Z,,0.008300,0.0,other,Any other payment method not specified above. Additional description should be provided in Payment Method Description.,USCPIE15623231*1
ChargePoint Network,,,14025691,14025691,PARIS BPU / STATION 1(L),23489541,247,3123116631,2024-05-26T17:11:08Z,2024-05-26T17:28:10Z,,20.646200,78.606,credit_card_terminal,Payment via credit card or debit card terminal,USCPIE14025691*1
ChargePoint Network,,,13659831,13659831,LAWRENCEBURG / STATION 1 (L),23054881,247,3088938871,2024-05-11T14:35:06Z,2024-05-11T14:36:53Z,,0.000000,0.0,membership,Payment by membership account and/or membership card,USCPIE13659831*1
ChargePoint Network,,,5619801,5619801,7SPC / WARREN RECC BG,9274251,3,3080816801,2024-05-08T03:31:10Z,2024-05-08T03:37:48Z,,0.641889,6.3347,membership,Payment by membership account and/or membership card,USCPIE5619801*1
ChargePoint Network,,,15332351,15332351,TUA NW ATLANTIC / STATION 2 (R),24867891,100011,3080376731,2024-05-07T23:56:30Z,2024-05-08T00:48:17Z,,7.937200,48.462,membership,Payment by membership account and/or membership card,USCPIE15332351*1
ChargePoint Network,,,14359491,14359491,EBOFG / STATION 1 (L),23870291,247,3074913851,2024-05-05T16:01:00Z,2024-05-05T16:01:38Z,,0.000000,0.0,membership,Payment by membership account and/or membership card,USCPIE14359491*1
ChargePoint Network,,,13966051,13966051,BEA / STATION 3 (RM),23419981,247,3127283831,2024-05-28T20:43:25Z,2024-05-28T21:21:28Z,,44.022301,74.087,membership,Payment by membership account and/or membership card,USCPIE13966051*1
ChargePoint Network,,,1921351,1921351,STARKVILLE UTIL / STARKVILLE DWTN,23682581,3,3103800371,2024-05-17T21:49:53Z,2024-05-17T21:57:16Z,,0.876642,7.4783,credit_card_terminal,Payment via credit card or debit card terminal,USCPIE1921351*2
ChargePoint Network,,,12720881,12720881,WRECC / STATION 1,21977141,247,3065361351,2024-05-01T11:21:41Z,2024-05-01T11:22:23Z,,0.005800,0.0,membership,Payment by membership account and/or membership card,USCPIE12720881*1
ChargePoint Network,,,13664401,13664401,BTES / STATION 1 (LL),23060421,247,3089340191,2024-05-11T18:35:41Z,2024-05-11T18:44:57Z,,8.091700,0.0,membership,Payment by membership account and/or membership card,USCPIE13664401*1
ChargePoint Network,,,13290491,13290491,7SPC / NASA USSRC L,22634941,3,3129870271,2024-05-29T21:04:57Z,2024-05-29T22:35:59Z,,8.972570,6.0109,membership,Payment by membership account and/or membership card,USCPIE13290491*2
ChargePoint Network,,,14097711,14097711,SCOTTSBORO EPB / SEPB DCFC (R),23570811,247,3073530451,2024-05-04T18:19:45Z,2024-05-04T18:23:14Z,,1.929500,0.0,membership,Payment by membership account and/or membership card,USCPIE14097711*1
ChargePoint Network,,,12406491,12406491,FPIA / LEFT STATION,21527781,247,3089697171,2024-05-11T21:49:36Z,2024-05-11T22:09:21Z,,15.489800,54.9,membership,Payment by membership account and/or membership card,USCPIE12406491*1
ChargePoint Network,,,12720861,12720861,WRECC / STATION 2,21977121,247,3109758171,2024-05-20T21:15:41Z,2024-05-20T22:44:19Z,,61.650902,70.952,membership,Payment by membership account and/or membership card,USCPIE12720861*1
ChargePoint Network,,,5603971,5603971,7SPC / VEC BYRDSTOWN,9254231,3,3086618381,2024-05-10T14:12:07Z,2024-05-11T01:12:44Z,,38.018875,7.5188,credit_card_terminal,Payment via credit card or debit card terminal,USCPIE5603971*2
ChargePoint Network,,,12720881,12720881,WRECC / STATION 1,21977141,247,3112124891,2024-05-21T20:11:31Z,2024-05-21T20:21:18Z,,0.000000,0.0,membership,Payment by membership account and/or membership card,USCPIE12720881*1
ChargePoint Network,,,14337501,14337501,HOLSTONELECTRIC / CHURCH HILL-2,23845091,100011,3124468391,2024-05-27T14:09:28Z,2024-05-27T14:59:30Z,,34.814800,53.2,credit_card_terminal,Payment via credit card or debit card terminal,USCPIE14337501*1
ChargePoint Network,,,13643831,13643831,PEPA / STATION 1,23036511,247,3066407081,2024-05-01T19:00:30Z,2024-05-01T19:21:15Z,,21.548100,72.468,membership,Payment by membership account and/or membership card,USCPIE13643831*1
ChargePoint Network,,,15694171,15694171,BRIGHTRIDGE EV / STATION 1 (L),25292041,247,3124543191,2024-05-27T15:21:55Z,2024-05-27T15:22:35Z,,0.000000,0.0,membership,Payment by membership account and/or membership card,USCPIE15694171*1
ChargePoint Network,,,5565241,5565241,7SPC / SCES LECONTE 4,9205101,3,3131821701,2024-05-30T16:41:43Z,2024-05-30T17:47:45Z,,7.547038,6.9298,membership,Payment by membership account and/or membership card,USCPIE5565241*1
ChargePoint Network,,,5122191,5122191,CULLMANELECTRIC / STATION1-L,8482151,247,3117952791,2024-05-24T00:39:54Z,2024-05-24T01:16:25Z,,33.665901,61.445,membership,Payment by membership account and/or membership card,USCPIE5122191*1
ChargePoint Network,,,12720861,12720861,WRECC / STATION 2,21977121,247,3100384801,2024-05-16T15:26:01Z,2024-05-16T15:35:25Z,,5.219300,36.562,membership,Payment by membership account and/or membership card,USCPIE12720861*1
ChargePoint Network,,,5565201,5565201,7SPC / SCES LECONTE 2,9205051,3,3126221091,2024-05-28T13:39:00Z,2024-05-28T14:56:45Z,,4.570275,3.7711,membership,Payment by membership account and/or membership card,USCPIE5565201*1